[2025-01-18T06:44:34.600+0000] {processor.py:161} INFO - Started process (PID=330) to work on /home/airflow/.local/lib/python3.12/site-packages/airflow/example_dags/example_branch_labels.py
[2025-01-18T06:44:34.601+0000] {processor.py:830} INFO - Processing file /home/airflow/.local/lib/python3.12/site-packages/airflow/example_dags/example_branch_labels.py for tasks to queue
[2025-01-18T06:44:34.602+0000] {logging_mixin.py:188} INFO - [2025-01-18T06:44:34.602+0000] {dagbag.py:545} INFO - Filling up the DagBag from /home/airflow/.local/lib/python3.12/site-packages/airflow/example_dags/example_branch_labels.py
[2025-01-18T06:44:34.610+0000] {processor.py:840} INFO - DAG(s) 'example_branch_labels' retrieved from /home/airflow/.local/lib/python3.12/site-packages/airflow/example_dags/example_branch_labels.py
[2025-01-18T06:44:34.619+0000] {logging_mixin.py:188} INFO - [2025-01-18T06:44:34.619+0000] {dag.py:3089} INFO - Sync 1 DAGs
[2025-01-18T06:44:34.632+0000] {logging_mixin.py:188} INFO - [2025-01-18T06:44:34.632+0000] {dag.py:3947} INFO - Setting next_dagrun for example_branch_labels to 2025-01-17 00:00:00+00:00, run_after=2025-01-18 00:00:00+00:00
[2025-01-18T06:44:34.644+0000] {processor.py:183} INFO - Processing /home/airflow/.local/lib/python3.12/site-packages/airflow/example_dags/example_branch_labels.py took 0.048 seconds
[2025-01-18T06:45:05.788+0000] {processor.py:161} INFO - Started process (PID=606) to work on /home/airflow/.local/lib/python3.12/site-packages/airflow/example_dags/example_branch_labels.py
[2025-01-18T06:45:05.788+0000] {processor.py:830} INFO - Processing file /home/airflow/.local/lib/python3.12/site-packages/airflow/example_dags/example_branch_labels.py for tasks to queue
[2025-01-18T06:45:05.791+0000] {logging_mixin.py:188} INFO - [2025-01-18T06:45:05.790+0000] {dagbag.py:545} INFO - Filling up the DagBag from /home/airflow/.local/lib/python3.12/site-packages/airflow/example_dags/example_branch_labels.py
[2025-01-18T06:45:05.795+0000] {processor.py:840} INFO - DAG(s) 'example_branch_labels' retrieved from /home/airflow/.local/lib/python3.12/site-packages/airflow/example_dags/example_branch_labels.py
[2025-01-18T06:45:05.854+0000] {logging_mixin.py:188} INFO - [2025-01-18T06:45:05.854+0000] {dag.py:3089} INFO - Sync 1 DAGs
[2025-01-18T06:45:05.866+0000] {logging_mixin.py:188} INFO - [2025-01-18T06:45:05.866+0000] {dag.py:3947} INFO - Setting next_dagrun for example_branch_labels to 2025-01-17 00:00:00+00:00, run_after=2025-01-18 00:00:00+00:00
[2025-01-18T06:45:05.878+0000] {processor.py:183} INFO - Processing /home/airflow/.local/lib/python3.12/site-packages/airflow/example_dags/example_branch_labels.py took 0.094 seconds
[2025-01-18T06:45:36.822+0000] {processor.py:161} INFO - Started process (PID=883) to work on /home/airflow/.local/lib/python3.12/site-packages/airflow/example_dags/example_branch_labels.py
[2025-01-18T06:45:36.823+0000] {processor.py:830} INFO - Processing file /home/airflow/.local/lib/python3.12/site-packages/airflow/example_dags/example_branch_labels.py for tasks to queue
[2025-01-18T06:45:36.826+0000] {logging_mixin.py:188} INFO - [2025-01-18T06:45:36.825+0000] {dagbag.py:545} INFO - Filling up the DagBag from /home/airflow/.local/lib/python3.12/site-packages/airflow/example_dags/example_branch_labels.py
[2025-01-18T06:45:36.830+0000] {processor.py:840} INFO - DAG(s) 'example_branch_labels' retrieved from /home/airflow/.local/lib/python3.12/site-packages/airflow/example_dags/example_branch_labels.py
[2025-01-18T06:45:36.846+0000] {logging_mixin.py:188} INFO - [2025-01-18T06:45:36.846+0000] {dag.py:3089} INFO - Sync 1 DAGs
[2025-01-18T06:45:36.859+0000] {logging_mixin.py:188} INFO - [2025-01-18T06:45:36.859+0000] {dag.py:3947} INFO - Setting next_dagrun for example_branch_labels to 2025-01-17 00:00:00+00:00, run_after=2025-01-18 00:00:00+00:00
[2025-01-18T06:45:36.867+0000] {processor.py:183} INFO - Processing /home/airflow/.local/lib/python3.12/site-packages/airflow/example_dags/example_branch_labels.py took 0.052 seconds
[2025-01-18T06:46:07.258+0000] {processor.py:161} INFO - Started process (PID=1154) to work on /home/airflow/.local/lib/python3.12/site-packages/airflow/example_dags/example_branch_labels.py
[2025-01-18T06:46:07.260+0000] {processor.py:830} INFO - Processing file /home/airflow/.local/lib/python3.12/site-packages/airflow/example_dags/example_branch_labels.py for tasks to queue
[2025-01-18T06:46:07.261+0000] {logging_mixin.py:188} INFO - [2025-01-18T06:46:07.261+0000] {dagbag.py:545} INFO - Filling up the DagBag from /home/airflow/.local/lib/python3.12/site-packages/airflow/example_dags/example_branch_labels.py
[2025-01-18T06:46:07.266+0000] {processor.py:840} INFO - DAG(s) 'example_branch_labels' retrieved from /home/airflow/.local/lib/python3.12/site-packages/airflow/example_dags/example_branch_labels.py
[2025-01-18T06:46:07.279+0000] {logging_mixin.py:188} INFO - [2025-01-18T06:46:07.279+0000] {dag.py:3089} INFO - Sync 1 DAGs
[2025-01-18T06:46:07.291+0000] {logging_mixin.py:188} INFO - [2025-01-18T06:46:07.291+0000] {dag.py:3947} INFO - Setting next_dagrun for example_branch_labels to 2025-01-17 00:00:00+00:00, run_after=2025-01-18 00:00:00+00:00
[2025-01-18T06:46:07.300+0000] {processor.py:183} INFO - Processing /home/airflow/.local/lib/python3.12/site-packages/airflow/example_dags/example_branch_labels.py took 0.046 seconds
[2025-01-18T06:46:37.587+0000] {processor.py:161} INFO - Started process (PID=1431) to work on /home/airflow/.local/lib/python3.12/site-packages/airflow/example_dags/example_branch_labels.py
[2025-01-18T06:46:37.588+0000] {processor.py:830} INFO - Processing file /home/airflow/.local/lib/python3.12/site-packages/airflow/example_dags/example_branch_labels.py for tasks to queue
[2025-01-18T06:46:37.589+0000] {logging_mixin.py:188} INFO - [2025-01-18T06:46:37.589+0000] {dagbag.py:545} INFO - Filling up the DagBag from /home/airflow/.local/lib/python3.12/site-packages/airflow/example_dags/example_branch_labels.py
[2025-01-18T06:46:37.595+0000] {processor.py:840} INFO - DAG(s) 'example_branch_labels' retrieved from /home/airflow/.local/lib/python3.12/site-packages/airflow/example_dags/example_branch_labels.py
[2025-01-18T06:46:37.608+0000] {logging_mixin.py:188} INFO - [2025-01-18T06:46:37.608+0000] {dag.py:3089} INFO - Sync 1 DAGs
[2025-01-18T06:46:37.622+0000] {logging_mixin.py:188} INFO - [2025-01-18T06:46:37.622+0000] {dag.py:3947} INFO - Setting next_dagrun for example_branch_labels to 2025-01-17 00:00:00+00:00, run_after=2025-01-18 00:00:00+00:00
[2025-01-18T06:46:37.633+0000] {processor.py:183} INFO - Processing /home/airflow/.local/lib/python3.12/site-packages/airflow/example_dags/example_branch_labels.py took 0.049 seconds
[2025-01-18T06:47:20.327+0000] {processor.py:161} INFO - Started process (PID=1835) to work on /home/airflow/.local/lib/python3.12/site-packages/airflow/example_dags/example_branch_labels.py
[2025-01-18T06:47:20.328+0000] {processor.py:830} INFO - Processing file /home/airflow/.local/lib/python3.12/site-packages/airflow/example_dags/example_branch_labels.py for tasks to queue
[2025-01-18T06:47:20.330+0000] {logging_mixin.py:188} INFO - [2025-01-18T06:47:20.330+0000] {dagbag.py:545} INFO - Filling up the DagBag from /home/airflow/.local/lib/python3.12/site-packages/airflow/example_dags/example_branch_labels.py
[2025-01-18T06:47:20.338+0000] {processor.py:840} INFO - DAG(s) 'example_branch_labels' retrieved from /home/airflow/.local/lib/python3.12/site-packages/airflow/example_dags/example_branch_labels.py
[2025-01-18T06:47:20.360+0000] {logging_mixin.py:188} INFO - [2025-01-18T06:47:20.360+0000] {dag.py:3089} INFO - Sync 1 DAGs
[2025-01-18T06:47:20.385+0000] {logging_mixin.py:188} INFO - [2025-01-18T06:47:20.385+0000] {dag.py:3947} INFO - Setting next_dagrun for example_branch_labels to 2025-01-17 00:00:00+00:00, run_after=2025-01-18 00:00:00+00:00
[2025-01-18T06:47:20.406+0000] {processor.py:183} INFO - Processing /home/airflow/.local/lib/python3.12/site-packages/airflow/example_dags/example_branch_labels.py took 0.086 seconds
[2025-01-18T06:47:51.142+0000] {processor.py:161} INFO - Started process (PID=2704) to work on /home/airflow/.local/lib/python3.12/site-packages/airflow/example_dags/example_branch_labels.py
[2025-01-18T06:47:51.144+0000] {processor.py:830} INFO - Processing file /home/airflow/.local/lib/python3.12/site-packages/airflow/example_dags/example_branch_labels.py for tasks to queue
[2025-01-18T06:47:51.148+0000] {logging_mixin.py:188} INFO - [2025-01-18T06:47:51.148+0000] {dagbag.py:545} INFO - Filling up the DagBag from /home/airflow/.local/lib/python3.12/site-packages/airflow/example_dags/example_branch_labels.py
[2025-01-18T06:47:51.158+0000] {processor.py:840} INFO - DAG(s) 'example_branch_labels' retrieved from /home/airflow/.local/lib/python3.12/site-packages/airflow/example_dags/example_branch_labels.py
[2025-01-18T06:47:51.219+0000] {logging_mixin.py:188} INFO - [2025-01-18T06:47:51.218+0000] {dag.py:3089} INFO - Sync 1 DAGs
[2025-01-18T06:47:51.253+0000] {logging_mixin.py:188} INFO - [2025-01-18T06:47:51.253+0000] {dag.py:3947} INFO - Setting next_dagrun for example_branch_labels to 2025-01-17 00:00:00+00:00, run_after=2025-01-18 00:00:00+00:00
[2025-01-18T06:47:51.309+0000] {processor.py:183} INFO - Processing /home/airflow/.local/lib/python3.12/site-packages/airflow/example_dags/example_branch_labels.py took 0.175 seconds
[2025-01-18T06:48:22.086+0000] {processor.py:161} INFO - Started process (PID=3663) to work on /home/airflow/.local/lib/python3.12/site-packages/airflow/example_dags/example_branch_labels.py
[2025-01-18T06:48:22.087+0000] {processor.py:830} INFO - Processing file /home/airflow/.local/lib/python3.12/site-packages/airflow/example_dags/example_branch_labels.py for tasks to queue
[2025-01-18T06:48:22.089+0000] {logging_mixin.py:188} INFO - [2025-01-18T06:48:22.088+0000] {dagbag.py:545} INFO - Filling up the DagBag from /home/airflow/.local/lib/python3.12/site-packages/airflow/example_dags/example_branch_labels.py
[2025-01-18T06:48:22.099+0000] {processor.py:840} INFO - DAG(s) 'example_branch_labels' retrieved from /home/airflow/.local/lib/python3.12/site-packages/airflow/example_dags/example_branch_labels.py
[2025-01-18T06:48:22.120+0000] {logging_mixin.py:188} INFO - [2025-01-18T06:48:22.120+0000] {dag.py:3089} INFO - Sync 1 DAGs
[2025-01-18T06:48:22.148+0000] {logging_mixin.py:188} INFO - [2025-01-18T06:48:22.148+0000] {dag.py:3947} INFO - Setting next_dagrun for example_branch_labels to 2025-01-17 00:00:00+00:00, run_after=2025-01-18 00:00:00+00:00
[2025-01-18T06:48:22.165+0000] {processor.py:183} INFO - Processing /home/airflow/.local/lib/python3.12/site-packages/airflow/example_dags/example_branch_labels.py took 0.085 seconds
[2025-01-18T06:48:53.166+0000] {processor.py:161} INFO - Started process (PID=3981) to work on /home/airflow/.local/lib/python3.12/site-packages/airflow/example_dags/example_branch_labels.py
[2025-01-18T06:48:53.168+0000] {processor.py:830} INFO - Processing file /home/airflow/.local/lib/python3.12/site-packages/airflow/example_dags/example_branch_labels.py for tasks to queue
[2025-01-18T06:48:53.170+0000] {logging_mixin.py:188} INFO - [2025-01-18T06:48:53.170+0000] {dagbag.py:545} INFO - Filling up the DagBag from /home/airflow/.local/lib/python3.12/site-packages/airflow/example_dags/example_branch_labels.py
[2025-01-18T06:48:53.179+0000] {processor.py:840} INFO - DAG(s) 'example_branch_labels' retrieved from /home/airflow/.local/lib/python3.12/site-packages/airflow/example_dags/example_branch_labels.py
[2025-01-18T06:48:53.196+0000] {logging_mixin.py:188} INFO - [2025-01-18T06:48:53.196+0000] {dag.py:3089} INFO - Sync 1 DAGs
[2025-01-18T06:48:53.211+0000] {logging_mixin.py:188} INFO - [2025-01-18T06:48:53.210+0000] {dag.py:3947} INFO - Setting next_dagrun for example_branch_labels to 2025-01-17 00:00:00+00:00, run_after=2025-01-18 00:00:00+00:00
[2025-01-18T06:48:53.222+0000] {processor.py:183} INFO - Processing /home/airflow/.local/lib/python3.12/site-packages/airflow/example_dags/example_branch_labels.py took 0.062 seconds
[2025-01-18T06:49:23.690+0000] {processor.py:161} INFO - Started process (PID=4258) to work on /home/airflow/.local/lib/python3.12/site-packages/airflow/example_dags/example_branch_labels.py
[2025-01-18T06:49:23.692+0000] {processor.py:830} INFO - Processing file /home/airflow/.local/lib/python3.12/site-packages/airflow/example_dags/example_branch_labels.py for tasks to queue
[2025-01-18T06:49:23.695+0000] {logging_mixin.py:188} INFO - [2025-01-18T06:49:23.694+0000] {dagbag.py:545} INFO - Filling up the DagBag from /home/airflow/.local/lib/python3.12/site-packages/airflow/example_dags/example_branch_labels.py
[2025-01-18T06:49:23.701+0000] {processor.py:840} INFO - DAG(s) 'example_branch_labels' retrieved from /home/airflow/.local/lib/python3.12/site-packages/airflow/example_dags/example_branch_labels.py
[2025-01-18T06:49:23.718+0000] {logging_mixin.py:188} INFO - [2025-01-18T06:49:23.717+0000] {dag.py:3089} INFO - Sync 1 DAGs
[2025-01-18T06:49:23.731+0000] {logging_mixin.py:188} INFO - [2025-01-18T06:49:23.731+0000] {dag.py:3947} INFO - Setting next_dagrun for example_branch_labels to 2025-01-17 00:00:00+00:00, run_after=2025-01-18 00:00:00+00:00
[2025-01-18T06:49:23.742+0000] {processor.py:183} INFO - Processing /home/airflow/.local/lib/python3.12/site-packages/airflow/example_dags/example_branch_labels.py took 0.059 seconds
[2025-01-18T06:49:54.629+0000] {processor.py:161} INFO - Started process (PID=4535) to work on /home/airflow/.local/lib/python3.12/site-packages/airflow/example_dags/example_branch_labels.py
[2025-01-18T06:49:54.630+0000] {processor.py:830} INFO - Processing file /home/airflow/.local/lib/python3.12/site-packages/airflow/example_dags/example_branch_labels.py for tasks to queue
[2025-01-18T06:49:54.633+0000] {logging_mixin.py:188} INFO - [2025-01-18T06:49:54.632+0000] {dagbag.py:545} INFO - Filling up the DagBag from /home/airflow/.local/lib/python3.12/site-packages/airflow/example_dags/example_branch_labels.py
[2025-01-18T06:49:54.639+0000] {processor.py:840} INFO - DAG(s) 'example_branch_labels' retrieved from /home/airflow/.local/lib/python3.12/site-packages/airflow/example_dags/example_branch_labels.py
[2025-01-18T06:49:54.655+0000] {logging_mixin.py:188} INFO - [2025-01-18T06:49:54.655+0000] {dag.py:3089} INFO - Sync 1 DAGs
[2025-01-18T06:49:54.669+0000] {logging_mixin.py:188} INFO - [2025-01-18T06:49:54.669+0000] {dag.py:3947} INFO - Setting next_dagrun for example_branch_labels to 2025-01-17 00:00:00+00:00, run_after=2025-01-18 00:00:00+00:00
[2025-01-18T06:49:54.680+0000] {processor.py:183} INFO - Processing /home/airflow/.local/lib/python3.12/site-packages/airflow/example_dags/example_branch_labels.py took 0.055 seconds
[2025-01-18T06:50:25.355+0000] {processor.py:161} INFO - Started process (PID=4812) to work on /home/airflow/.local/lib/python3.12/site-packages/airflow/example_dags/example_branch_labels.py
[2025-01-18T06:50:25.358+0000] {processor.py:830} INFO - Processing file /home/airflow/.local/lib/python3.12/site-packages/airflow/example_dags/example_branch_labels.py for tasks to queue
[2025-01-18T06:50:25.361+0000] {logging_mixin.py:188} INFO - [2025-01-18T06:50:25.360+0000] {dagbag.py:545} INFO - Filling up the DagBag from /home/airflow/.local/lib/python3.12/site-packages/airflow/example_dags/example_branch_labels.py
[2025-01-18T06:50:25.372+0000] {processor.py:840} INFO - DAG(s) 'example_branch_labels' retrieved from /home/airflow/.local/lib/python3.12/site-packages/airflow/example_dags/example_branch_labels.py
[2025-01-18T06:50:25.392+0000] {logging_mixin.py:188} INFO - [2025-01-18T06:50:25.392+0000] {dag.py:3089} INFO - Sync 1 DAGs
[2025-01-18T06:50:25.415+0000] {logging_mixin.py:188} INFO - [2025-01-18T06:50:25.415+0000] {dag.py:3947} INFO - Setting next_dagrun for example_branch_labels to 2025-01-17 00:00:00+00:00, run_after=2025-01-18 00:00:00+00:00
[2025-01-18T06:50:25.428+0000] {processor.py:183} INFO - Processing /home/airflow/.local/lib/python3.12/site-packages/airflow/example_dags/example_branch_labels.py took 0.086 seconds
[2025-01-18T06:50:56.228+0000] {processor.py:161} INFO - Started process (PID=5089) to work on /home/airflow/.local/lib/python3.12/site-packages/airflow/example_dags/example_branch_labels.py
[2025-01-18T06:50:56.229+0000] {processor.py:830} INFO - Processing file /home/airflow/.local/lib/python3.12/site-packages/airflow/example_dags/example_branch_labels.py for tasks to queue
[2025-01-18T06:50:56.231+0000] {logging_mixin.py:188} INFO - [2025-01-18T06:50:56.231+0000] {dagbag.py:545} INFO - Filling up the DagBag from /home/airflow/.local/lib/python3.12/site-packages/airflow/example_dags/example_branch_labels.py
[2025-01-18T06:50:56.235+0000] {processor.py:840} INFO - DAG(s) 'example_branch_labels' retrieved from /home/airflow/.local/lib/python3.12/site-packages/airflow/example_dags/example_branch_labels.py
[2025-01-18T06:50:56.253+0000] {logging_mixin.py:188} INFO - [2025-01-18T06:50:56.252+0000] {dag.py:3089} INFO - Sync 1 DAGs
[2025-01-18T06:50:56.265+0000] {logging_mixin.py:188} INFO - [2025-01-18T06:50:56.265+0000] {dag.py:3947} INFO - Setting next_dagrun for example_branch_labels to 2025-01-17 00:00:00+00:00, run_after=2025-01-18 00:00:00+00:00
[2025-01-18T06:50:56.276+0000] {processor.py:183} INFO - Processing /home/airflow/.local/lib/python3.12/site-packages/airflow/example_dags/example_branch_labels.py took 0.053 seconds
[2025-01-18T06:51:26.603+0000] {processor.py:161} INFO - Started process (PID=5366) to work on /home/airflow/.local/lib/python3.12/site-packages/airflow/example_dags/example_branch_labels.py
[2025-01-18T06:51:26.604+0000] {processor.py:830} INFO - Processing file /home/airflow/.local/lib/python3.12/site-packages/airflow/example_dags/example_branch_labels.py for tasks to queue
[2025-01-18T06:51:26.607+0000] {logging_mixin.py:188} INFO - [2025-01-18T06:51:26.606+0000] {dagbag.py:545} INFO - Filling up the DagBag from /home/airflow/.local/lib/python3.12/site-packages/airflow/example_dags/example_branch_labels.py
[2025-01-18T06:51:26.613+0000] {processor.py:840} INFO - DAG(s) 'example_branch_labels' retrieved from /home/airflow/.local/lib/python3.12/site-packages/airflow/example_dags/example_branch_labels.py
[2025-01-18T06:51:26.634+0000] {logging_mixin.py:188} INFO - [2025-01-18T06:51:26.634+0000] {dag.py:3089} INFO - Sync 1 DAGs
[2025-01-18T06:51:26.650+0000] {logging_mixin.py:188} INFO - [2025-01-18T06:51:26.650+0000] {dag.py:3947} INFO - Setting next_dagrun for example_branch_labels to 2025-01-17 00:00:00+00:00, run_after=2025-01-18 00:00:00+00:00
[2025-01-18T06:51:26.664+0000] {processor.py:183} INFO - Processing /home/airflow/.local/lib/python3.12/site-packages/airflow/example_dags/example_branch_labels.py took 0.066 seconds
[2025-01-18T06:51:57.110+0000] {processor.py:161} INFO - Started process (PID=5643) to work on /home/airflow/.local/lib/python3.12/site-packages/airflow/example_dags/example_branch_labels.py
[2025-01-18T06:51:57.111+0000] {processor.py:830} INFO - Processing file /home/airflow/.local/lib/python3.12/site-packages/airflow/example_dags/example_branch_labels.py for tasks to queue
[2025-01-18T06:51:57.113+0000] {logging_mixin.py:188} INFO - [2025-01-18T06:51:57.113+0000] {dagbag.py:545} INFO - Filling up the DagBag from /home/airflow/.local/lib/python3.12/site-packages/airflow/example_dags/example_branch_labels.py
[2025-01-18T06:51:57.120+0000] {processor.py:840} INFO - DAG(s) 'example_branch_labels' retrieved from /home/airflow/.local/lib/python3.12/site-packages/airflow/example_dags/example_branch_labels.py
[2025-01-18T06:51:57.137+0000] {logging_mixin.py:188} INFO - [2025-01-18T06:51:57.137+0000] {dag.py:3089} INFO - Sync 1 DAGs
[2025-01-18T06:51:57.150+0000] {logging_mixin.py:188} INFO - [2025-01-18T06:51:57.150+0000] {dag.py:3947} INFO - Setting next_dagrun for example_branch_labels to 2025-01-17 00:00:00+00:00, run_after=2025-01-18 00:00:00+00:00
[2025-01-18T06:51:57.164+0000] {processor.py:183} INFO - Processing /home/airflow/.local/lib/python3.12/site-packages/airflow/example_dags/example_branch_labels.py took 0.061 seconds
[2025-01-18T06:52:27.660+0000] {processor.py:161} INFO - Started process (PID=5920) to work on /home/airflow/.local/lib/python3.12/site-packages/airflow/example_dags/example_branch_labels.py
[2025-01-18T06:52:27.661+0000] {processor.py:830} INFO - Processing file /home/airflow/.local/lib/python3.12/site-packages/airflow/example_dags/example_branch_labels.py for tasks to queue
[2025-01-18T06:52:27.664+0000] {logging_mixin.py:188} INFO - [2025-01-18T06:52:27.664+0000] {dagbag.py:545} INFO - Filling up the DagBag from /home/airflow/.local/lib/python3.12/site-packages/airflow/example_dags/example_branch_labels.py
[2025-01-18T06:52:27.671+0000] {processor.py:840} INFO - DAG(s) 'example_branch_labels' retrieved from /home/airflow/.local/lib/python3.12/site-packages/airflow/example_dags/example_branch_labels.py
[2025-01-18T06:52:27.687+0000] {logging_mixin.py:188} INFO - [2025-01-18T06:52:27.687+0000] {dag.py:3089} INFO - Sync 1 DAGs
[2025-01-18T06:52:27.703+0000] {logging_mixin.py:188} INFO - [2025-01-18T06:52:27.703+0000] {dag.py:3947} INFO - Setting next_dagrun for example_branch_labels to 2025-01-17 00:00:00+00:00, run_after=2025-01-18 00:00:00+00:00
[2025-01-18T06:52:27.713+0000] {processor.py:183} INFO - Processing /home/airflow/.local/lib/python3.12/site-packages/airflow/example_dags/example_branch_labels.py took 0.059 seconds
[2025-01-18T06:52:58.390+0000] {processor.py:161} INFO - Started process (PID=6197) to work on /home/airflow/.local/lib/python3.12/site-packages/airflow/example_dags/example_branch_labels.py
[2025-01-18T06:52:58.391+0000] {processor.py:830} INFO - Processing file /home/airflow/.local/lib/python3.12/site-packages/airflow/example_dags/example_branch_labels.py for tasks to queue
[2025-01-18T06:52:58.393+0000] {logging_mixin.py:188} INFO - [2025-01-18T06:52:58.392+0000] {dagbag.py:545} INFO - Filling up the DagBag from /home/airflow/.local/lib/python3.12/site-packages/airflow/example_dags/example_branch_labels.py
[2025-01-18T06:52:58.399+0000] {processor.py:840} INFO - DAG(s) 'example_branch_labels' retrieved from /home/airflow/.local/lib/python3.12/site-packages/airflow/example_dags/example_branch_labels.py
[2025-01-18T06:52:58.424+0000] {logging_mixin.py:188} INFO - [2025-01-18T06:52:58.423+0000] {dag.py:3089} INFO - Sync 1 DAGs
[2025-01-18T06:52:58.437+0000] {logging_mixin.py:188} INFO - [2025-01-18T06:52:58.437+0000] {dag.py:3947} INFO - Setting next_dagrun for example_branch_labels to 2025-01-17 00:00:00+00:00, run_after=2025-01-18 00:00:00+00:00
[2025-01-18T06:52:58.449+0000] {processor.py:183} INFO - Processing /home/airflow/.local/lib/python3.12/site-packages/airflow/example_dags/example_branch_labels.py took 0.066 seconds
[2025-01-18T06:53:29.374+0000] {processor.py:161} INFO - Started process (PID=6474) to work on /home/airflow/.local/lib/python3.12/site-packages/airflow/example_dags/example_branch_labels.py
[2025-01-18T06:53:29.375+0000] {processor.py:830} INFO - Processing file /home/airflow/.local/lib/python3.12/site-packages/airflow/example_dags/example_branch_labels.py for tasks to queue
[2025-01-18T06:53:29.377+0000] {logging_mixin.py:188} INFO - [2025-01-18T06:53:29.376+0000] {dagbag.py:545} INFO - Filling up the DagBag from /home/airflow/.local/lib/python3.12/site-packages/airflow/example_dags/example_branch_labels.py
[2025-01-18T06:53:29.385+0000] {processor.py:840} INFO - DAG(s) 'example_branch_labels' retrieved from /home/airflow/.local/lib/python3.12/site-packages/airflow/example_dags/example_branch_labels.py
[2025-01-18T06:53:29.398+0000] {logging_mixin.py:188} INFO - [2025-01-18T06:53:29.398+0000] {dag.py:3089} INFO - Sync 1 DAGs
[2025-01-18T06:53:29.411+0000] {logging_mixin.py:188} INFO - [2025-01-18T06:53:29.411+0000] {dag.py:3947} INFO - Setting next_dagrun for example_branch_labels to 2025-01-17 00:00:00+00:00, run_after=2025-01-18 00:00:00+00:00
[2025-01-18T06:53:29.426+0000] {processor.py:183} INFO - Processing /home/airflow/.local/lib/python3.12/site-packages/airflow/example_dags/example_branch_labels.py took 0.058 seconds
[2025-01-18T06:54:00.197+0000] {processor.py:161} INFO - Started process (PID=6745) to work on /home/airflow/.local/lib/python3.12/site-packages/airflow/example_dags/example_branch_labels.py
[2025-01-18T06:54:00.198+0000] {processor.py:830} INFO - Processing file /home/airflow/.local/lib/python3.12/site-packages/airflow/example_dags/example_branch_labels.py for tasks to queue
[2025-01-18T06:54:00.199+0000] {logging_mixin.py:188} INFO - [2025-01-18T06:54:00.199+0000] {dagbag.py:545} INFO - Filling up the DagBag from /home/airflow/.local/lib/python3.12/site-packages/airflow/example_dags/example_branch_labels.py
[2025-01-18T06:54:00.204+0000] {processor.py:840} INFO - DAG(s) 'example_branch_labels' retrieved from /home/airflow/.local/lib/python3.12/site-packages/airflow/example_dags/example_branch_labels.py
[2025-01-18T06:54:00.222+0000] {logging_mixin.py:188} INFO - [2025-01-18T06:54:00.222+0000] {dag.py:3089} INFO - Sync 1 DAGs
[2025-01-18T06:54:00.235+0000] {logging_mixin.py:188} INFO - [2025-01-18T06:54:00.235+0000] {dag.py:3947} INFO - Setting next_dagrun for example_branch_labels to 2025-01-17 00:00:00+00:00, run_after=2025-01-18 00:00:00+00:00
[2025-01-18T06:54:00.247+0000] {processor.py:183} INFO - Processing /home/airflow/.local/lib/python3.12/site-packages/airflow/example_dags/example_branch_labels.py took 0.056 seconds
[2025-01-18T06:54:30.730+0000] {processor.py:161} INFO - Started process (PID=7022) to work on /home/airflow/.local/lib/python3.12/site-packages/airflow/example_dags/example_branch_labels.py
[2025-01-18T06:54:30.731+0000] {processor.py:830} INFO - Processing file /home/airflow/.local/lib/python3.12/site-packages/airflow/example_dags/example_branch_labels.py for tasks to queue
[2025-01-18T06:54:30.733+0000] {logging_mixin.py:188} INFO - [2025-01-18T06:54:30.733+0000] {dagbag.py:545} INFO - Filling up the DagBag from /home/airflow/.local/lib/python3.12/site-packages/airflow/example_dags/example_branch_labels.py
[2025-01-18T06:54:30.740+0000] {processor.py:840} INFO - DAG(s) 'example_branch_labels' retrieved from /home/airflow/.local/lib/python3.12/site-packages/airflow/example_dags/example_branch_labels.py
[2025-01-18T06:54:30.757+0000] {logging_mixin.py:188} INFO - [2025-01-18T06:54:30.757+0000] {dag.py:3089} INFO - Sync 1 DAGs
[2025-01-18T06:54:30.773+0000] {logging_mixin.py:188} INFO - [2025-01-18T06:54:30.773+0000] {dag.py:3947} INFO - Setting next_dagrun for example_branch_labels to 2025-01-17 00:00:00+00:00, run_after=2025-01-18 00:00:00+00:00
[2025-01-18T06:54:30.784+0000] {processor.py:183} INFO - Processing /home/airflow/.local/lib/python3.12/site-packages/airflow/example_dags/example_branch_labels.py took 0.060 seconds
[2025-01-18T06:55:01.713+0000] {processor.py:161} INFO - Started process (PID=7299) to work on /home/airflow/.local/lib/python3.12/site-packages/airflow/example_dags/example_branch_labels.py
[2025-01-18T06:55:01.715+0000] {processor.py:830} INFO - Processing file /home/airflow/.local/lib/python3.12/site-packages/airflow/example_dags/example_branch_labels.py for tasks to queue
[2025-01-18T06:55:01.718+0000] {logging_mixin.py:188} INFO - [2025-01-18T06:55:01.718+0000] {dagbag.py:545} INFO - Filling up the DagBag from /home/airflow/.local/lib/python3.12/site-packages/airflow/example_dags/example_branch_labels.py
[2025-01-18T06:55:01.726+0000] {processor.py:840} INFO - DAG(s) 'example_branch_labels' retrieved from /home/airflow/.local/lib/python3.12/site-packages/airflow/example_dags/example_branch_labels.py
[2025-01-18T06:55:01.743+0000] {logging_mixin.py:188} INFO - [2025-01-18T06:55:01.742+0000] {dag.py:3089} INFO - Sync 1 DAGs
[2025-01-18T06:55:01.757+0000] {logging_mixin.py:188} INFO - [2025-01-18T06:55:01.757+0000] {dag.py:3947} INFO - Setting next_dagrun for example_branch_labels to 2025-01-17 00:00:00+00:00, run_after=2025-01-18 00:00:00+00:00
[2025-01-18T06:55:01.771+0000] {processor.py:183} INFO - Processing /home/airflow/.local/lib/python3.12/site-packages/airflow/example_dags/example_branch_labels.py took 0.067 seconds
[2025-01-18T06:55:31.851+0000] {processor.py:161} INFO - Started process (PID=7576) to work on /home/airflow/.local/lib/python3.12/site-packages/airflow/example_dags/example_branch_labels.py
[2025-01-18T06:55:31.852+0000] {processor.py:830} INFO - Processing file /home/airflow/.local/lib/python3.12/site-packages/airflow/example_dags/example_branch_labels.py for tasks to queue
[2025-01-18T06:55:31.853+0000] {logging_mixin.py:188} INFO - [2025-01-18T06:55:31.853+0000] {dagbag.py:545} INFO - Filling up the DagBag from /home/airflow/.local/lib/python3.12/site-packages/airflow/example_dags/example_branch_labels.py
[2025-01-18T06:55:31.858+0000] {processor.py:840} INFO - DAG(s) 'example_branch_labels' retrieved from /home/airflow/.local/lib/python3.12/site-packages/airflow/example_dags/example_branch_labels.py
[2025-01-18T06:55:31.873+0000] {logging_mixin.py:188} INFO - [2025-01-18T06:55:31.873+0000] {dag.py:3089} INFO - Sync 1 DAGs
[2025-01-18T06:55:31.886+0000] {logging_mixin.py:188} INFO - [2025-01-18T06:55:31.886+0000] {dag.py:3947} INFO - Setting next_dagrun for example_branch_labels to 2025-01-17 00:00:00+00:00, run_after=2025-01-18 00:00:00+00:00
[2025-01-18T06:55:31.896+0000] {processor.py:183} INFO - Processing /home/airflow/.local/lib/python3.12/site-packages/airflow/example_dags/example_branch_labels.py took 0.051 seconds
[2025-01-18T06:56:02.392+0000] {processor.py:161} INFO - Started process (PID=7853) to work on /home/airflow/.local/lib/python3.12/site-packages/airflow/example_dags/example_branch_labels.py
[2025-01-18T06:56:02.393+0000] {processor.py:830} INFO - Processing file /home/airflow/.local/lib/python3.12/site-packages/airflow/example_dags/example_branch_labels.py for tasks to queue
[2025-01-18T06:56:02.395+0000] {logging_mixin.py:188} INFO - [2025-01-18T06:56:02.395+0000] {dagbag.py:545} INFO - Filling up the DagBag from /home/airflow/.local/lib/python3.12/site-packages/airflow/example_dags/example_branch_labels.py
[2025-01-18T06:56:02.403+0000] {processor.py:840} INFO - DAG(s) 'example_branch_labels' retrieved from /home/airflow/.local/lib/python3.12/site-packages/airflow/example_dags/example_branch_labels.py
[2025-01-18T06:56:02.422+0000] {logging_mixin.py:188} INFO - [2025-01-18T06:56:02.422+0000] {dag.py:3089} INFO - Sync 1 DAGs
[2025-01-18T06:56:02.436+0000] {logging_mixin.py:188} INFO - [2025-01-18T06:56:02.436+0000] {dag.py:3947} INFO - Setting next_dagrun for example_branch_labels to 2025-01-17 00:00:00+00:00, run_after=2025-01-18 00:00:00+00:00
[2025-01-18T06:56:02.449+0000] {processor.py:183} INFO - Processing /home/airflow/.local/lib/python3.12/site-packages/airflow/example_dags/example_branch_labels.py took 0.067 seconds
[2025-01-18T06:56:32.812+0000] {processor.py:161} INFO - Started process (PID=8130) to work on /home/airflow/.local/lib/python3.12/site-packages/airflow/example_dags/example_branch_labels.py
[2025-01-18T06:56:32.813+0000] {processor.py:830} INFO - Processing file /home/airflow/.local/lib/python3.12/site-packages/airflow/example_dags/example_branch_labels.py for tasks to queue
[2025-01-18T06:56:32.815+0000] {logging_mixin.py:188} INFO - [2025-01-18T06:56:32.815+0000] {dagbag.py:545} INFO - Filling up the DagBag from /home/airflow/.local/lib/python3.12/site-packages/airflow/example_dags/example_branch_labels.py
[2025-01-18T06:56:32.820+0000] {processor.py:840} INFO - DAG(s) 'example_branch_labels' retrieved from /home/airflow/.local/lib/python3.12/site-packages/airflow/example_dags/example_branch_labels.py
[2025-01-18T06:56:32.835+0000] {logging_mixin.py:188} INFO - [2025-01-18T06:56:32.835+0000] {dag.py:3089} INFO - Sync 1 DAGs
[2025-01-18T06:56:32.849+0000] {logging_mixin.py:188} INFO - [2025-01-18T06:56:32.849+0000] {dag.py:3947} INFO - Setting next_dagrun for example_branch_labels to 2025-01-17 00:00:00+00:00, run_after=2025-01-18 00:00:00+00:00
[2025-01-18T06:56:32.863+0000] {processor.py:183} INFO - Processing /home/airflow/.local/lib/python3.12/site-packages/airflow/example_dags/example_branch_labels.py took 0.059 seconds
[2025-01-18T06:57:03.144+0000] {processor.py:161} INFO - Started process (PID=8407) to work on /home/airflow/.local/lib/python3.12/site-packages/airflow/example_dags/example_branch_labels.py
[2025-01-18T06:57:03.145+0000] {processor.py:830} INFO - Processing file /home/airflow/.local/lib/python3.12/site-packages/airflow/example_dags/example_branch_labels.py for tasks to queue
[2025-01-18T06:57:03.147+0000] {logging_mixin.py:188} INFO - [2025-01-18T06:57:03.147+0000] {dagbag.py:545} INFO - Filling up the DagBag from /home/airflow/.local/lib/python3.12/site-packages/airflow/example_dags/example_branch_labels.py
[2025-01-18T06:57:03.155+0000] {processor.py:840} INFO - DAG(s) 'example_branch_labels' retrieved from /home/airflow/.local/lib/python3.12/site-packages/airflow/example_dags/example_branch_labels.py
[2025-01-18T06:57:03.174+0000] {logging_mixin.py:188} INFO - [2025-01-18T06:57:03.174+0000] {dag.py:3089} INFO - Sync 1 DAGs
[2025-01-18T06:57:03.187+0000] {logging_mixin.py:188} INFO - [2025-01-18T06:57:03.187+0000] {dag.py:3947} INFO - Setting next_dagrun for example_branch_labels to 2025-01-17 00:00:00+00:00, run_after=2025-01-18 00:00:00+00:00
[2025-01-18T06:57:03.199+0000] {processor.py:183} INFO - Processing /home/airflow/.local/lib/python3.12/site-packages/airflow/example_dags/example_branch_labels.py took 0.065 seconds
[2025-01-18T06:57:33.390+0000] {processor.py:161} INFO - Started process (PID=8684) to work on /home/airflow/.local/lib/python3.12/site-packages/airflow/example_dags/example_branch_labels.py
[2025-01-18T06:57:33.392+0000] {processor.py:830} INFO - Processing file /home/airflow/.local/lib/python3.12/site-packages/airflow/example_dags/example_branch_labels.py for tasks to queue
[2025-01-18T06:57:33.394+0000] {logging_mixin.py:188} INFO - [2025-01-18T06:57:33.394+0000] {dagbag.py:545} INFO - Filling up the DagBag from /home/airflow/.local/lib/python3.12/site-packages/airflow/example_dags/example_branch_labels.py
[2025-01-18T06:57:33.404+0000] {processor.py:840} INFO - DAG(s) 'example_branch_labels' retrieved from /home/airflow/.local/lib/python3.12/site-packages/airflow/example_dags/example_branch_labels.py
[2025-01-18T06:57:33.421+0000] {logging_mixin.py:188} INFO - [2025-01-18T06:57:33.421+0000] {dag.py:3089} INFO - Sync 1 DAGs
[2025-01-18T06:57:33.437+0000] {logging_mixin.py:188} INFO - [2025-01-18T06:57:33.437+0000] {dag.py:3947} INFO - Setting next_dagrun for example_branch_labels to 2025-01-17 00:00:00+00:00, run_after=2025-01-18 00:00:00+00:00
[2025-01-18T06:57:33.447+0000] {processor.py:183} INFO - Processing /home/airflow/.local/lib/python3.12/site-packages/airflow/example_dags/example_branch_labels.py took 0.064 seconds
[2025-01-18T06:58:03.668+0000] {processor.py:161} INFO - Started process (PID=8961) to work on /home/airflow/.local/lib/python3.12/site-packages/airflow/example_dags/example_branch_labels.py
[2025-01-18T06:58:03.669+0000] {processor.py:830} INFO - Processing file /home/airflow/.local/lib/python3.12/site-packages/airflow/example_dags/example_branch_labels.py for tasks to queue
[2025-01-18T06:58:03.671+0000] {logging_mixin.py:188} INFO - [2025-01-18T06:58:03.671+0000] {dagbag.py:545} INFO - Filling up the DagBag from /home/airflow/.local/lib/python3.12/site-packages/airflow/example_dags/example_branch_labels.py
[2025-01-18T06:58:03.677+0000] {processor.py:840} INFO - DAG(s) 'example_branch_labels' retrieved from /home/airflow/.local/lib/python3.12/site-packages/airflow/example_dags/example_branch_labels.py
[2025-01-18T06:58:03.694+0000] {logging_mixin.py:188} INFO - [2025-01-18T06:58:03.694+0000] {dag.py:3089} INFO - Sync 1 DAGs
[2025-01-18T06:58:03.709+0000] {logging_mixin.py:188} INFO - [2025-01-18T06:58:03.709+0000] {dag.py:3947} INFO - Setting next_dagrun for example_branch_labels to 2025-01-17 00:00:00+00:00, run_after=2025-01-18 00:00:00+00:00
[2025-01-18T06:58:03.720+0000] {processor.py:183} INFO - Processing /home/airflow/.local/lib/python3.12/site-packages/airflow/example_dags/example_branch_labels.py took 0.063 seconds
[2025-01-18T06:58:33.827+0000] {processor.py:161} INFO - Started process (PID=9238) to work on /home/airflow/.local/lib/python3.12/site-packages/airflow/example_dags/example_branch_labels.py
[2025-01-18T06:58:33.828+0000] {processor.py:830} INFO - Processing file /home/airflow/.local/lib/python3.12/site-packages/airflow/example_dags/example_branch_labels.py for tasks to queue
[2025-01-18T06:58:33.829+0000] {logging_mixin.py:188} INFO - [2025-01-18T06:58:33.829+0000] {dagbag.py:545} INFO - Filling up the DagBag from /home/airflow/.local/lib/python3.12/site-packages/airflow/example_dags/example_branch_labels.py
[2025-01-18T06:58:33.838+0000] {processor.py:840} INFO - DAG(s) 'example_branch_labels' retrieved from /home/airflow/.local/lib/python3.12/site-packages/airflow/example_dags/example_branch_labels.py
[2025-01-18T06:58:33.856+0000] {logging_mixin.py:188} INFO - [2025-01-18T06:58:33.856+0000] {dag.py:3089} INFO - Sync 1 DAGs
[2025-01-18T06:58:33.869+0000] {logging_mixin.py:188} INFO - [2025-01-18T06:58:33.869+0000] {dag.py:3947} INFO - Setting next_dagrun for example_branch_labels to 2025-01-17 00:00:00+00:00, run_after=2025-01-18 00:00:00+00:00
[2025-01-18T06:58:33.880+0000] {processor.py:183} INFO - Processing /home/airflow/.local/lib/python3.12/site-packages/airflow/example_dags/example_branch_labels.py took 0.059 seconds
[2025-01-18T06:59:04.124+0000] {processor.py:161} INFO - Started process (PID=9515) to work on /home/airflow/.local/lib/python3.12/site-packages/airflow/example_dags/example_branch_labels.py
[2025-01-18T06:59:04.126+0000] {processor.py:830} INFO - Processing file /home/airflow/.local/lib/python3.12/site-packages/airflow/example_dags/example_branch_labels.py for tasks to queue
[2025-01-18T06:59:04.127+0000] {logging_mixin.py:188} INFO - [2025-01-18T06:59:04.127+0000] {dagbag.py:545} INFO - Filling up the DagBag from /home/airflow/.local/lib/python3.12/site-packages/airflow/example_dags/example_branch_labels.py
[2025-01-18T06:59:04.133+0000] {processor.py:840} INFO - DAG(s) 'example_branch_labels' retrieved from /home/airflow/.local/lib/python3.12/site-packages/airflow/example_dags/example_branch_labels.py
[2025-01-18T06:59:04.151+0000] {logging_mixin.py:188} INFO - [2025-01-18T06:59:04.150+0000] {dag.py:3089} INFO - Sync 1 DAGs
[2025-01-18T06:59:04.167+0000] {logging_mixin.py:188} INFO - [2025-01-18T06:59:04.167+0000] {dag.py:3947} INFO - Setting next_dagrun for example_branch_labels to 2025-01-17 00:00:00+00:00, run_after=2025-01-18 00:00:00+00:00
[2025-01-18T06:59:04.179+0000] {processor.py:183} INFO - Processing /home/airflow/.local/lib/python3.12/site-packages/airflow/example_dags/example_branch_labels.py took 0.061 seconds
[2025-01-18T06:59:48.160+0000] {processor.py:161} INFO - Started process (PID=9795) to work on /home/airflow/.local/lib/python3.12/site-packages/airflow/example_dags/example_branch_labels.py
[2025-01-18T06:59:48.162+0000] {processor.py:830} INFO - Processing file /home/airflow/.local/lib/python3.12/site-packages/airflow/example_dags/example_branch_labels.py for tasks to queue
[2025-01-18T06:59:48.163+0000] {logging_mixin.py:188} INFO - [2025-01-18T06:59:48.163+0000] {dagbag.py:545} INFO - Filling up the DagBag from /home/airflow/.local/lib/python3.12/site-packages/airflow/example_dags/example_branch_labels.py
[2025-01-18T06:59:48.169+0000] {processor.py:840} INFO - DAG(s) 'example_branch_labels' retrieved from /home/airflow/.local/lib/python3.12/site-packages/airflow/example_dags/example_branch_labels.py
[2025-01-18T06:59:48.190+0000] {logging_mixin.py:188} INFO - [2025-01-18T06:59:48.190+0000] {dag.py:3089} INFO - Sync 1 DAGs
[2025-01-18T06:59:48.204+0000] {logging_mixin.py:188} INFO - [2025-01-18T06:59:48.204+0000] {dag.py:3947} INFO - Setting next_dagrun for example_branch_labels to 2025-01-17 00:00:00+00:00, run_after=2025-01-18 00:00:00+00:00
[2025-01-18T06:59:48.215+0000] {processor.py:183} INFO - Processing /home/airflow/.local/lib/python3.12/site-packages/airflow/example_dags/example_branch_labels.py took 0.059 seconds
[2025-01-18T07:00:18.293+0000] {processor.py:161} INFO - Started process (PID=10072) to work on /home/airflow/.local/lib/python3.12/site-packages/airflow/example_dags/example_branch_labels.py
[2025-01-18T07:00:18.294+0000] {processor.py:830} INFO - Processing file /home/airflow/.local/lib/python3.12/site-packages/airflow/example_dags/example_branch_labels.py for tasks to queue
[2025-01-18T07:00:18.295+0000] {logging_mixin.py:188} INFO - [2025-01-18T07:00:18.295+0000] {dagbag.py:545} INFO - Filling up the DagBag from /home/airflow/.local/lib/python3.12/site-packages/airflow/example_dags/example_branch_labels.py
[2025-01-18T07:00:18.301+0000] {processor.py:840} INFO - DAG(s) 'example_branch_labels' retrieved from /home/airflow/.local/lib/python3.12/site-packages/airflow/example_dags/example_branch_labels.py
[2025-01-18T07:00:18.314+0000] {logging_mixin.py:188} INFO - [2025-01-18T07:00:18.314+0000] {dag.py:3089} INFO - Sync 1 DAGs
[2025-01-18T07:00:18.327+0000] {logging_mixin.py:188} INFO - [2025-01-18T07:00:18.327+0000] {dag.py:3947} INFO - Setting next_dagrun for example_branch_labels to 2025-01-17 00:00:00+00:00, run_after=2025-01-18 00:00:00+00:00
[2025-01-18T07:00:18.338+0000] {processor.py:183} INFO - Processing /home/airflow/.local/lib/python3.12/site-packages/airflow/example_dags/example_branch_labels.py took 0.049 seconds
[2025-01-18T07:00:48.857+0000] {processor.py:161} INFO - Started process (PID=10351) to work on /home/airflow/.local/lib/python3.12/site-packages/airflow/example_dags/example_branch_labels.py
[2025-01-18T07:00:48.858+0000] {processor.py:830} INFO - Processing file /home/airflow/.local/lib/python3.12/site-packages/airflow/example_dags/example_branch_labels.py for tasks to queue
[2025-01-18T07:00:48.859+0000] {logging_mixin.py:188} INFO - [2025-01-18T07:00:48.859+0000] {dagbag.py:545} INFO - Filling up the DagBag from /home/airflow/.local/lib/python3.12/site-packages/airflow/example_dags/example_branch_labels.py
[2025-01-18T07:00:48.864+0000] {processor.py:840} INFO - DAG(s) 'example_branch_labels' retrieved from /home/airflow/.local/lib/python3.12/site-packages/airflow/example_dags/example_branch_labels.py
[2025-01-18T07:00:48.882+0000] {logging_mixin.py:188} INFO - [2025-01-18T07:00:48.882+0000] {dag.py:3089} INFO - Sync 1 DAGs
[2025-01-18T07:00:48.899+0000] {logging_mixin.py:188} INFO - [2025-01-18T07:00:48.898+0000] {dag.py:3947} INFO - Setting next_dagrun for example_branch_labels to 2025-01-17 00:00:00+00:00, run_after=2025-01-18 00:00:00+00:00
[2025-01-18T07:00:48.913+0000] {processor.py:183} INFO - Processing /home/airflow/.local/lib/python3.12/site-packages/airflow/example_dags/example_branch_labels.py took 0.061 seconds
[2025-01-18T07:01:19.024+0000] {processor.py:161} INFO - Started process (PID=10626) to work on /home/airflow/.local/lib/python3.12/site-packages/airflow/example_dags/example_branch_labels.py
[2025-01-18T07:01:19.025+0000] {processor.py:830} INFO - Processing file /home/airflow/.local/lib/python3.12/site-packages/airflow/example_dags/example_branch_labels.py for tasks to queue
[2025-01-18T07:01:19.026+0000] {logging_mixin.py:188} INFO - [2025-01-18T07:01:19.026+0000] {dagbag.py:545} INFO - Filling up the DagBag from /home/airflow/.local/lib/python3.12/site-packages/airflow/example_dags/example_branch_labels.py
[2025-01-18T07:01:19.031+0000] {processor.py:840} INFO - DAG(s) 'example_branch_labels' retrieved from /home/airflow/.local/lib/python3.12/site-packages/airflow/example_dags/example_branch_labels.py
[2025-01-18T07:01:19.046+0000] {logging_mixin.py:188} INFO - [2025-01-18T07:01:19.046+0000] {dag.py:3089} INFO - Sync 1 DAGs
[2025-01-18T07:01:19.059+0000] {logging_mixin.py:188} INFO - [2025-01-18T07:01:19.059+0000] {dag.py:3947} INFO - Setting next_dagrun for example_branch_labels to 2025-01-17 00:00:00+00:00, run_after=2025-01-18 00:00:00+00:00
[2025-01-18T07:01:19.072+0000] {processor.py:183} INFO - Processing /home/airflow/.local/lib/python3.12/site-packages/airflow/example_dags/example_branch_labels.py took 0.052 seconds
[2025-01-18T07:01:49.463+0000] {processor.py:161} INFO - Started process (PID=10903) to work on /home/airflow/.local/lib/python3.12/site-packages/airflow/example_dags/example_branch_labels.py
[2025-01-18T07:01:49.463+0000] {processor.py:830} INFO - Processing file /home/airflow/.local/lib/python3.12/site-packages/airflow/example_dags/example_branch_labels.py for tasks to queue
[2025-01-18T07:01:49.465+0000] {logging_mixin.py:188} INFO - [2025-01-18T07:01:49.465+0000] {dagbag.py:545} INFO - Filling up the DagBag from /home/airflow/.local/lib/python3.12/site-packages/airflow/example_dags/example_branch_labels.py
[2025-01-18T07:01:49.471+0000] {processor.py:840} INFO - DAG(s) 'example_branch_labels' retrieved from /home/airflow/.local/lib/python3.12/site-packages/airflow/example_dags/example_branch_labels.py
[2025-01-18T07:01:49.491+0000] {logging_mixin.py:188} INFO - [2025-01-18T07:01:49.491+0000] {dag.py:3089} INFO - Sync 1 DAGs
[2025-01-18T07:01:49.505+0000] {logging_mixin.py:188} INFO - [2025-01-18T07:01:49.505+0000] {dag.py:3947} INFO - Setting next_dagrun for example_branch_labels to 2025-01-17 00:00:00+00:00, run_after=2025-01-18 00:00:00+00:00
[2025-01-18T07:01:49.517+0000] {processor.py:183} INFO - Processing /home/airflow/.local/lib/python3.12/site-packages/airflow/example_dags/example_branch_labels.py took 0.059 seconds
[2025-01-18T07:02:19.723+0000] {processor.py:161} INFO - Started process (PID=11182) to work on /home/airflow/.local/lib/python3.12/site-packages/airflow/example_dags/example_branch_labels.py
[2025-01-18T07:02:19.725+0000] {processor.py:830} INFO - Processing file /home/airflow/.local/lib/python3.12/site-packages/airflow/example_dags/example_branch_labels.py for tasks to queue
[2025-01-18T07:02:19.726+0000] {logging_mixin.py:188} INFO - [2025-01-18T07:02:19.726+0000] {dagbag.py:545} INFO - Filling up the DagBag from /home/airflow/.local/lib/python3.12/site-packages/airflow/example_dags/example_branch_labels.py
[2025-01-18T07:02:19.732+0000] {processor.py:840} INFO - DAG(s) 'example_branch_labels' retrieved from /home/airflow/.local/lib/python3.12/site-packages/airflow/example_dags/example_branch_labels.py
[2025-01-18T07:02:19.746+0000] {logging_mixin.py:188} INFO - [2025-01-18T07:02:19.746+0000] {dag.py:3089} INFO - Sync 1 DAGs
[2025-01-18T07:02:19.758+0000] {logging_mixin.py:188} INFO - [2025-01-18T07:02:19.758+0000] {dag.py:3947} INFO - Setting next_dagrun for example_branch_labels to 2025-01-17 00:00:00+00:00, run_after=2025-01-18 00:00:00+00:00
[2025-01-18T07:02:19.769+0000] {processor.py:183} INFO - Processing /home/airflow/.local/lib/python3.12/site-packages/airflow/example_dags/example_branch_labels.py took 0.050 seconds
[2025-01-18T07:02:50.249+0000] {processor.py:161} INFO - Started process (PID=11458) to work on /home/airflow/.local/lib/python3.12/site-packages/airflow/example_dags/example_branch_labels.py
[2025-01-18T07:02:50.250+0000] {processor.py:830} INFO - Processing file /home/airflow/.local/lib/python3.12/site-packages/airflow/example_dags/example_branch_labels.py for tasks to queue
[2025-01-18T07:02:50.252+0000] {logging_mixin.py:188} INFO - [2025-01-18T07:02:50.251+0000] {dagbag.py:545} INFO - Filling up the DagBag from /home/airflow/.local/lib/python3.12/site-packages/airflow/example_dags/example_branch_labels.py
[2025-01-18T07:02:50.257+0000] {processor.py:840} INFO - DAG(s) 'example_branch_labels' retrieved from /home/airflow/.local/lib/python3.12/site-packages/airflow/example_dags/example_branch_labels.py
[2025-01-18T07:02:50.272+0000] {logging_mixin.py:188} INFO - [2025-01-18T07:02:50.272+0000] {dag.py:3089} INFO - Sync 1 DAGs
[2025-01-18T07:02:50.289+0000] {logging_mixin.py:188} INFO - [2025-01-18T07:02:50.289+0000] {dag.py:3947} INFO - Setting next_dagrun for example_branch_labels to 2025-01-17 00:00:00+00:00, run_after=2025-01-18 00:00:00+00:00
[2025-01-18T07:02:50.301+0000] {processor.py:183} INFO - Processing /home/airflow/.local/lib/python3.12/site-packages/airflow/example_dags/example_branch_labels.py took 0.057 seconds
[2025-01-18T07:03:21.332+0000] {processor.py:161} INFO - Started process (PID=11737) to work on /home/airflow/.local/lib/python3.12/site-packages/airflow/example_dags/example_branch_labels.py
[2025-01-18T07:03:21.333+0000] {processor.py:830} INFO - Processing file /home/airflow/.local/lib/python3.12/site-packages/airflow/example_dags/example_branch_labels.py for tasks to queue
[2025-01-18T07:03:21.334+0000] {logging_mixin.py:188} INFO - [2025-01-18T07:03:21.334+0000] {dagbag.py:545} INFO - Filling up the DagBag from /home/airflow/.local/lib/python3.12/site-packages/airflow/example_dags/example_branch_labels.py
[2025-01-18T07:03:21.339+0000] {processor.py:840} INFO - DAG(s) 'example_branch_labels' retrieved from /home/airflow/.local/lib/python3.12/site-packages/airflow/example_dags/example_branch_labels.py
[2025-01-18T07:03:21.353+0000] {logging_mixin.py:188} INFO - [2025-01-18T07:03:21.353+0000] {dag.py:3089} INFO - Sync 1 DAGs
[2025-01-18T07:03:21.367+0000] {logging_mixin.py:188} INFO - [2025-01-18T07:03:21.367+0000] {dag.py:3947} INFO - Setting next_dagrun for example_branch_labels to 2025-01-17 00:00:00+00:00, run_after=2025-01-18 00:00:00+00:00
[2025-01-18T07:03:21.377+0000] {processor.py:183} INFO - Processing /home/airflow/.local/lib/python3.12/site-packages/airflow/example_dags/example_branch_labels.py took 0.049 seconds
[2025-01-18T07:03:52.367+0000] {processor.py:161} INFO - Started process (PID=12013) to work on /home/airflow/.local/lib/python3.12/site-packages/airflow/example_dags/example_branch_labels.py
[2025-01-18T07:03:52.368+0000] {processor.py:830} INFO - Processing file /home/airflow/.local/lib/python3.12/site-packages/airflow/example_dags/example_branch_labels.py for tasks to queue
[2025-01-18T07:03:52.369+0000] {logging_mixin.py:188} INFO - [2025-01-18T07:03:52.369+0000] {dagbag.py:545} INFO - Filling up the DagBag from /home/airflow/.local/lib/python3.12/site-packages/airflow/example_dags/example_branch_labels.py
[2025-01-18T07:03:52.374+0000] {processor.py:840} INFO - DAG(s) 'example_branch_labels' retrieved from /home/airflow/.local/lib/python3.12/site-packages/airflow/example_dags/example_branch_labels.py
[2025-01-18T07:03:52.388+0000] {logging_mixin.py:188} INFO - [2025-01-18T07:03:52.387+0000] {dag.py:3089} INFO - Sync 1 DAGs
[2025-01-18T07:03:52.401+0000] {logging_mixin.py:188} INFO - [2025-01-18T07:03:52.401+0000] {dag.py:3947} INFO - Setting next_dagrun for example_branch_labels to 2025-01-17 00:00:00+00:00, run_after=2025-01-18 00:00:00+00:00
[2025-01-18T07:03:52.411+0000] {processor.py:183} INFO - Processing /home/airflow/.local/lib/python3.12/site-packages/airflow/example_dags/example_branch_labels.py took 0.049 seconds
[2025-01-18T07:04:22.931+0000] {processor.py:161} INFO - Started process (PID=12290) to work on /home/airflow/.local/lib/python3.12/site-packages/airflow/example_dags/example_branch_labels.py
[2025-01-18T07:04:22.932+0000] {processor.py:830} INFO - Processing file /home/airflow/.local/lib/python3.12/site-packages/airflow/example_dags/example_branch_labels.py for tasks to queue
[2025-01-18T07:04:22.933+0000] {logging_mixin.py:188} INFO - [2025-01-18T07:04:22.933+0000] {dagbag.py:545} INFO - Filling up the DagBag from /home/airflow/.local/lib/python3.12/site-packages/airflow/example_dags/example_branch_labels.py
[2025-01-18T07:04:22.939+0000] {processor.py:840} INFO - DAG(s) 'example_branch_labels' retrieved from /home/airflow/.local/lib/python3.12/site-packages/airflow/example_dags/example_branch_labels.py
[2025-01-18T07:04:22.953+0000] {logging_mixin.py:188} INFO - [2025-01-18T07:04:22.952+0000] {dag.py:3089} INFO - Sync 1 DAGs
[2025-01-18T07:04:22.966+0000] {logging_mixin.py:188} INFO - [2025-01-18T07:04:22.966+0000] {dag.py:3947} INFO - Setting next_dagrun for example_branch_labels to 2025-01-17 00:00:00+00:00, run_after=2025-01-18 00:00:00+00:00
[2025-01-18T07:04:22.976+0000] {processor.py:183} INFO - Processing /home/airflow/.local/lib/python3.12/site-packages/airflow/example_dags/example_branch_labels.py took 0.049 seconds
[2025-01-18T07:04:53.418+0000] {processor.py:161} INFO - Started process (PID=12569) to work on /home/airflow/.local/lib/python3.12/site-packages/airflow/example_dags/example_branch_labels.py
[2025-01-18T07:04:53.420+0000] {processor.py:830} INFO - Processing file /home/airflow/.local/lib/python3.12/site-packages/airflow/example_dags/example_branch_labels.py for tasks to queue
[2025-01-18T07:04:53.421+0000] {logging_mixin.py:188} INFO - [2025-01-18T07:04:53.421+0000] {dagbag.py:545} INFO - Filling up the DagBag from /home/airflow/.local/lib/python3.12/site-packages/airflow/example_dags/example_branch_labels.py
[2025-01-18T07:04:53.426+0000] {processor.py:840} INFO - DAG(s) 'example_branch_labels' retrieved from /home/airflow/.local/lib/python3.12/site-packages/airflow/example_dags/example_branch_labels.py
[2025-01-18T07:04:53.441+0000] {logging_mixin.py:188} INFO - [2025-01-18T07:04:53.440+0000] {dag.py:3089} INFO - Sync 1 DAGs
[2025-01-18T07:04:53.453+0000] {logging_mixin.py:188} INFO - [2025-01-18T07:04:53.453+0000] {dag.py:3947} INFO - Setting next_dagrun for example_branch_labels to 2025-01-17 00:00:00+00:00, run_after=2025-01-18 00:00:00+00:00
[2025-01-18T07:04:53.465+0000] {processor.py:183} INFO - Processing /home/airflow/.local/lib/python3.12/site-packages/airflow/example_dags/example_branch_labels.py took 0.051 seconds
[2025-01-18T07:05:24.526+0000] {processor.py:161} INFO - Started process (PID=12844) to work on /home/airflow/.local/lib/python3.12/site-packages/airflow/example_dags/example_branch_labels.py
[2025-01-18T07:05:24.527+0000] {processor.py:830} INFO - Processing file /home/airflow/.local/lib/python3.12/site-packages/airflow/example_dags/example_branch_labels.py for tasks to queue
[2025-01-18T07:05:24.529+0000] {logging_mixin.py:188} INFO - [2025-01-18T07:05:24.529+0000] {dagbag.py:545} INFO - Filling up the DagBag from /home/airflow/.local/lib/python3.12/site-packages/airflow/example_dags/example_branch_labels.py
[2025-01-18T07:05:24.533+0000] {processor.py:840} INFO - DAG(s) 'example_branch_labels' retrieved from /home/airflow/.local/lib/python3.12/site-packages/airflow/example_dags/example_branch_labels.py
[2025-01-18T07:05:24.547+0000] {logging_mixin.py:188} INFO - [2025-01-18T07:05:24.547+0000] {dag.py:3089} INFO - Sync 1 DAGs
[2025-01-18T07:05:24.559+0000] {logging_mixin.py:188} INFO - [2025-01-18T07:05:24.559+0000] {dag.py:3947} INFO - Setting next_dagrun for example_branch_labels to 2025-01-17 00:00:00+00:00, run_after=2025-01-18 00:00:00+00:00
[2025-01-18T07:05:24.569+0000] {processor.py:183} INFO - Processing /home/airflow/.local/lib/python3.12/site-packages/airflow/example_dags/example_branch_labels.py took 0.047 seconds
[2025-01-18T07:05:54.794+0000] {processor.py:161} INFO - Started process (PID=13115) to work on /home/airflow/.local/lib/python3.12/site-packages/airflow/example_dags/example_branch_labels.py
[2025-01-18T07:05:54.795+0000] {processor.py:830} INFO - Processing file /home/airflow/.local/lib/python3.12/site-packages/airflow/example_dags/example_branch_labels.py for tasks to queue
[2025-01-18T07:05:54.796+0000] {logging_mixin.py:188} INFO - [2025-01-18T07:05:54.796+0000] {dagbag.py:545} INFO - Filling up the DagBag from /home/airflow/.local/lib/python3.12/site-packages/airflow/example_dags/example_branch_labels.py
[2025-01-18T07:05:54.801+0000] {processor.py:840} INFO - DAG(s) 'example_branch_labels' retrieved from /home/airflow/.local/lib/python3.12/site-packages/airflow/example_dags/example_branch_labels.py
[2025-01-18T07:05:54.817+0000] {logging_mixin.py:188} INFO - [2025-01-18T07:05:54.817+0000] {dag.py:3089} INFO - Sync 1 DAGs
[2025-01-18T07:05:54.834+0000] {logging_mixin.py:188} INFO - [2025-01-18T07:05:54.833+0000] {dag.py:3947} INFO - Setting next_dagrun for example_branch_labels to 2025-01-17 00:00:00+00:00, run_after=2025-01-18 00:00:00+00:00
[2025-01-18T07:05:54.847+0000] {processor.py:183} INFO - Processing /home/airflow/.local/lib/python3.12/site-packages/airflow/example_dags/example_branch_labels.py took 0.057 seconds
[2025-01-18T07:06:25.041+0000] {processor.py:161} INFO - Started process (PID=13394) to work on /home/airflow/.local/lib/python3.12/site-packages/airflow/example_dags/example_branch_labels.py
[2025-01-18T07:06:25.041+0000] {processor.py:830} INFO - Processing file /home/airflow/.local/lib/python3.12/site-packages/airflow/example_dags/example_branch_labels.py for tasks to queue
[2025-01-18T07:06:25.043+0000] {logging_mixin.py:188} INFO - [2025-01-18T07:06:25.042+0000] {dagbag.py:545} INFO - Filling up the DagBag from /home/airflow/.local/lib/python3.12/site-packages/airflow/example_dags/example_branch_labels.py
[2025-01-18T07:06:25.047+0000] {processor.py:840} INFO - DAG(s) 'example_branch_labels' retrieved from /home/airflow/.local/lib/python3.12/site-packages/airflow/example_dags/example_branch_labels.py
[2025-01-18T07:06:25.063+0000] {logging_mixin.py:188} INFO - [2025-01-18T07:06:25.062+0000] {dag.py:3089} INFO - Sync 1 DAGs
[2025-01-18T07:06:25.078+0000] {logging_mixin.py:188} INFO - [2025-01-18T07:06:25.077+0000] {dag.py:3947} INFO - Setting next_dagrun for example_branch_labels to 2025-01-17 00:00:00+00:00, run_after=2025-01-18 00:00:00+00:00
[2025-01-18T07:06:25.089+0000] {processor.py:183} INFO - Processing /home/airflow/.local/lib/python3.12/site-packages/airflow/example_dags/example_branch_labels.py took 0.053 seconds
[2025-01-18T07:06:55.752+0000] {processor.py:161} INFO - Started process (PID=13669) to work on /home/airflow/.local/lib/python3.12/site-packages/airflow/example_dags/example_branch_labels.py
[2025-01-18T07:06:55.753+0000] {processor.py:830} INFO - Processing file /home/airflow/.local/lib/python3.12/site-packages/airflow/example_dags/example_branch_labels.py for tasks to queue
[2025-01-18T07:06:55.755+0000] {logging_mixin.py:188} INFO - [2025-01-18T07:06:55.754+0000] {dagbag.py:545} INFO - Filling up the DagBag from /home/airflow/.local/lib/python3.12/site-packages/airflow/example_dags/example_branch_labels.py
[2025-01-18T07:06:55.759+0000] {processor.py:840} INFO - DAG(s) 'example_branch_labels' retrieved from /home/airflow/.local/lib/python3.12/site-packages/airflow/example_dags/example_branch_labels.py
[2025-01-18T07:06:55.773+0000] {logging_mixin.py:188} INFO - [2025-01-18T07:06:55.773+0000] {dag.py:3089} INFO - Sync 1 DAGs
[2025-01-18T07:06:55.902+0000] {logging_mixin.py:188} INFO - [2025-01-18T07:06:55.902+0000] {dag.py:3947} INFO - Setting next_dagrun for example_branch_labels to 2025-01-17 00:00:00+00:00, run_after=2025-01-18 00:00:00+00:00
[2025-01-18T07:06:55.919+0000] {processor.py:183} INFO - Processing /home/airflow/.local/lib/python3.12/site-packages/airflow/example_dags/example_branch_labels.py took 0.171 seconds
[2025-01-18T07:07:26.750+0000] {processor.py:161} INFO - Started process (PID=13946) to work on /home/airflow/.local/lib/python3.12/site-packages/airflow/example_dags/example_branch_labels.py
[2025-01-18T07:07:26.751+0000] {processor.py:830} INFO - Processing file /home/airflow/.local/lib/python3.12/site-packages/airflow/example_dags/example_branch_labels.py for tasks to queue
[2025-01-18T07:07:26.752+0000] {logging_mixin.py:188} INFO - [2025-01-18T07:07:26.752+0000] {dagbag.py:545} INFO - Filling up the DagBag from /home/airflow/.local/lib/python3.12/site-packages/airflow/example_dags/example_branch_labels.py
[2025-01-18T07:07:26.757+0000] {processor.py:840} INFO - DAG(s) 'example_branch_labels' retrieved from /home/airflow/.local/lib/python3.12/site-packages/airflow/example_dags/example_branch_labels.py
[2025-01-18T07:07:26.772+0000] {logging_mixin.py:188} INFO - [2025-01-18T07:07:26.771+0000] {dag.py:3089} INFO - Sync 1 DAGs
[2025-01-18T07:07:26.786+0000] {logging_mixin.py:188} INFO - [2025-01-18T07:07:26.785+0000] {dag.py:3947} INFO - Setting next_dagrun for example_branch_labels to 2025-01-17 00:00:00+00:00, run_after=2025-01-18 00:00:00+00:00
[2025-01-18T07:07:26.915+0000] {processor.py:183} INFO - Processing /home/airflow/.local/lib/python3.12/site-packages/airflow/example_dags/example_branch_labels.py took 0.170 seconds
[2025-01-18T07:07:57.092+0000] {processor.py:161} INFO - Started process (PID=14225) to work on /home/airflow/.local/lib/python3.12/site-packages/airflow/example_dags/example_branch_labels.py
[2025-01-18T07:07:57.093+0000] {processor.py:830} INFO - Processing file /home/airflow/.local/lib/python3.12/site-packages/airflow/example_dags/example_branch_labels.py for tasks to queue
[2025-01-18T07:07:57.094+0000] {logging_mixin.py:188} INFO - [2025-01-18T07:07:57.094+0000] {dagbag.py:545} INFO - Filling up the DagBag from /home/airflow/.local/lib/python3.12/site-packages/airflow/example_dags/example_branch_labels.py
[2025-01-18T07:07:57.098+0000] {processor.py:840} INFO - DAG(s) 'example_branch_labels' retrieved from /home/airflow/.local/lib/python3.12/site-packages/airflow/example_dags/example_branch_labels.py
[2025-01-18T07:07:57.113+0000] {logging_mixin.py:188} INFO - [2025-01-18T07:07:57.113+0000] {dag.py:3089} INFO - Sync 1 DAGs
[2025-01-18T07:07:57.125+0000] {logging_mixin.py:188} INFO - [2025-01-18T07:07:57.125+0000] {dag.py:3947} INFO - Setting next_dagrun for example_branch_labels to 2025-01-17 00:00:00+00:00, run_after=2025-01-18 00:00:00+00:00
[2025-01-18T07:07:57.135+0000] {processor.py:183} INFO - Processing /home/airflow/.local/lib/python3.12/site-packages/airflow/example_dags/example_branch_labels.py took 0.047 seconds
[2025-01-18T07:08:27.247+0000] {processor.py:161} INFO - Started process (PID=14503) to work on /home/airflow/.local/lib/python3.12/site-packages/airflow/example_dags/example_branch_labels.py
[2025-01-18T07:08:27.248+0000] {processor.py:830} INFO - Processing file /home/airflow/.local/lib/python3.12/site-packages/airflow/example_dags/example_branch_labels.py for tasks to queue
[2025-01-18T07:08:27.249+0000] {logging_mixin.py:188} INFO - [2025-01-18T07:08:27.248+0000] {dagbag.py:545} INFO - Filling up the DagBag from /home/airflow/.local/lib/python3.12/site-packages/airflow/example_dags/example_branch_labels.py
[2025-01-18T07:08:27.253+0000] {processor.py:840} INFO - DAG(s) 'example_branch_labels' retrieved from /home/airflow/.local/lib/python3.12/site-packages/airflow/example_dags/example_branch_labels.py
[2025-01-18T07:08:27.267+0000] {logging_mixin.py:188} INFO - [2025-01-18T07:08:27.267+0000] {dag.py:3089} INFO - Sync 1 DAGs
[2025-01-18T07:08:27.278+0000] {logging_mixin.py:188} INFO - [2025-01-18T07:08:27.278+0000] {dag.py:3947} INFO - Setting next_dagrun for example_branch_labels to 2025-01-17 00:00:00+00:00, run_after=2025-01-18 00:00:00+00:00
[2025-01-18T07:08:27.288+0000] {processor.py:183} INFO - Processing /home/airflow/.local/lib/python3.12/site-packages/airflow/example_dags/example_branch_labels.py took 0.046 seconds
[2025-01-18T07:08:57.329+0000] {processor.py:161} INFO - Started process (PID=14778) to work on /home/airflow/.local/lib/python3.12/site-packages/airflow/example_dags/example_branch_labels.py
[2025-01-18T07:08:57.331+0000] {processor.py:830} INFO - Processing file /home/airflow/.local/lib/python3.12/site-packages/airflow/example_dags/example_branch_labels.py for tasks to queue
[2025-01-18T07:08:57.333+0000] {logging_mixin.py:188} INFO - [2025-01-18T07:08:57.332+0000] {dagbag.py:545} INFO - Filling up the DagBag from /home/airflow/.local/lib/python3.12/site-packages/airflow/example_dags/example_branch_labels.py
[2025-01-18T07:08:57.355+0000] {processor.py:840} INFO - DAG(s) 'example_branch_labels' retrieved from /home/airflow/.local/lib/python3.12/site-packages/airflow/example_dags/example_branch_labels.py
[2025-01-18T07:08:57.371+0000] {logging_mixin.py:188} INFO - [2025-01-18T07:08:57.371+0000] {dag.py:3089} INFO - Sync 1 DAGs
[2025-01-18T07:08:57.383+0000] {logging_mixin.py:188} INFO - [2025-01-18T07:08:57.383+0000] {dag.py:3947} INFO - Setting next_dagrun for example_branch_labels to 2025-01-17 00:00:00+00:00, run_after=2025-01-18 00:00:00+00:00
[2025-01-18T07:08:57.393+0000] {processor.py:183} INFO - Processing /home/airflow/.local/lib/python3.12/site-packages/airflow/example_dags/example_branch_labels.py took 0.069 seconds
[2025-01-18T07:09:28.072+0000] {processor.py:161} INFO - Started process (PID=15055) to work on /home/airflow/.local/lib/python3.12/site-packages/airflow/example_dags/example_branch_labels.py
[2025-01-18T07:09:28.072+0000] {processor.py:830} INFO - Processing file /home/airflow/.local/lib/python3.12/site-packages/airflow/example_dags/example_branch_labels.py for tasks to queue
[2025-01-18T07:09:28.074+0000] {logging_mixin.py:188} INFO - [2025-01-18T07:09:28.074+0000] {dagbag.py:545} INFO - Filling up the DagBag from /home/airflow/.local/lib/python3.12/site-packages/airflow/example_dags/example_branch_labels.py
[2025-01-18T07:09:28.078+0000] {processor.py:840} INFO - DAG(s) 'example_branch_labels' retrieved from /home/airflow/.local/lib/python3.12/site-packages/airflow/example_dags/example_branch_labels.py
[2025-01-18T07:09:28.092+0000] {logging_mixin.py:188} INFO - [2025-01-18T07:09:28.092+0000] {dag.py:3089} INFO - Sync 1 DAGs
[2025-01-18T07:09:28.105+0000] {logging_mixin.py:188} INFO - [2025-01-18T07:09:28.105+0000] {dag.py:3947} INFO - Setting next_dagrun for example_branch_labels to 2025-01-17 00:00:00+00:00, run_after=2025-01-18 00:00:00+00:00
[2025-01-18T07:09:28.116+0000] {processor.py:183} INFO - Processing /home/airflow/.local/lib/python3.12/site-packages/airflow/example_dags/example_branch_labels.py took 0.049 seconds
[2025-01-18T07:09:58.945+0000] {processor.py:161} INFO - Started process (PID=15338) to work on /home/airflow/.local/lib/python3.12/site-packages/airflow/example_dags/example_branch_labels.py
[2025-01-18T07:09:58.946+0000] {processor.py:830} INFO - Processing file /home/airflow/.local/lib/python3.12/site-packages/airflow/example_dags/example_branch_labels.py for tasks to queue
[2025-01-18T07:09:58.947+0000] {logging_mixin.py:188} INFO - [2025-01-18T07:09:58.947+0000] {dagbag.py:545} INFO - Filling up the DagBag from /home/airflow/.local/lib/python3.12/site-packages/airflow/example_dags/example_branch_labels.py
[2025-01-18T07:09:58.952+0000] {processor.py:840} INFO - DAG(s) 'example_branch_labels' retrieved from /home/airflow/.local/lib/python3.12/site-packages/airflow/example_dags/example_branch_labels.py
[2025-01-18T07:09:58.968+0000] {logging_mixin.py:188} INFO - [2025-01-18T07:09:58.967+0000] {dag.py:3089} INFO - Sync 1 DAGs
[2025-01-18T07:09:58.980+0000] {logging_mixin.py:188} INFO - [2025-01-18T07:09:58.980+0000] {dag.py:3947} INFO - Setting next_dagrun for example_branch_labels to 2025-01-17 00:00:00+00:00, run_after=2025-01-18 00:00:00+00:00
[2025-01-18T07:09:58.991+0000] {processor.py:183} INFO - Processing /home/airflow/.local/lib/python3.12/site-packages/airflow/example_dags/example_branch_labels.py took 0.050 seconds
[2025-01-18T07:10:29.359+0000] {processor.py:161} INFO - Started process (PID=15620) to work on /home/airflow/.local/lib/python3.12/site-packages/airflow/example_dags/example_branch_labels.py
[2025-01-18T07:10:29.360+0000] {processor.py:830} INFO - Processing file /home/airflow/.local/lib/python3.12/site-packages/airflow/example_dags/example_branch_labels.py for tasks to queue
[2025-01-18T07:10:29.361+0000] {logging_mixin.py:188} INFO - [2025-01-18T07:10:29.360+0000] {dagbag.py:545} INFO - Filling up the DagBag from /home/airflow/.local/lib/python3.12/site-packages/airflow/example_dags/example_branch_labels.py
[2025-01-18T07:10:29.365+0000] {processor.py:840} INFO - DAG(s) 'example_branch_labels' retrieved from /home/airflow/.local/lib/python3.12/site-packages/airflow/example_dags/example_branch_labels.py
[2025-01-18T07:10:29.379+0000] {logging_mixin.py:188} INFO - [2025-01-18T07:10:29.379+0000] {dag.py:3089} INFO - Sync 1 DAGs
[2025-01-18T07:10:29.391+0000] {logging_mixin.py:188} INFO - [2025-01-18T07:10:29.391+0000] {dag.py:3947} INFO - Setting next_dagrun for example_branch_labels to 2025-01-17 00:00:00+00:00, run_after=2025-01-18 00:00:00+00:00
[2025-01-18T07:10:29.401+0000] {processor.py:183} INFO - Processing /home/airflow/.local/lib/python3.12/site-packages/airflow/example_dags/example_branch_labels.py took 0.047 seconds
[2025-01-18T07:10:59.547+0000] {processor.py:161} INFO - Started process (PID=15902) to work on /home/airflow/.local/lib/python3.12/site-packages/airflow/example_dags/example_branch_labels.py
[2025-01-18T07:10:59.548+0000] {processor.py:830} INFO - Processing file /home/airflow/.local/lib/python3.12/site-packages/airflow/example_dags/example_branch_labels.py for tasks to queue
[2025-01-18T07:10:59.550+0000] {logging_mixin.py:188} INFO - [2025-01-18T07:10:59.549+0000] {dagbag.py:545} INFO - Filling up the DagBag from /home/airflow/.local/lib/python3.12/site-packages/airflow/example_dags/example_branch_labels.py
[2025-01-18T07:10:59.555+0000] {processor.py:840} INFO - DAG(s) 'example_branch_labels' retrieved from /home/airflow/.local/lib/python3.12/site-packages/airflow/example_dags/example_branch_labels.py
[2025-01-18T07:10:59.570+0000] {logging_mixin.py:188} INFO - [2025-01-18T07:10:59.570+0000] {dag.py:3089} INFO - Sync 1 DAGs
[2025-01-18T07:10:59.582+0000] {logging_mixin.py:188} INFO - [2025-01-18T07:10:59.582+0000] {dag.py:3947} INFO - Setting next_dagrun for example_branch_labels to 2025-01-17 00:00:00+00:00, run_after=2025-01-18 00:00:00+00:00
[2025-01-18T07:10:59.597+0000] {processor.py:183} INFO - Processing /home/airflow/.local/lib/python3.12/site-packages/airflow/example_dags/example_branch_labels.py took 0.053 seconds
[2025-01-18T07:12:33.471+0000] {processor.py:161} INFO - Started process (PID=16295) to work on /home/airflow/.local/lib/python3.12/site-packages/airflow/example_dags/example_branch_labels.py
[2025-01-18T07:12:33.472+0000] {processor.py:830} INFO - Processing file /home/airflow/.local/lib/python3.12/site-packages/airflow/example_dags/example_branch_labels.py for tasks to queue
[2025-01-18T07:12:33.474+0000] {logging_mixin.py:188} INFO - [2025-01-18T07:12:33.474+0000] {dagbag.py:545} INFO - Filling up the DagBag from /home/airflow/.local/lib/python3.12/site-packages/airflow/example_dags/example_branch_labels.py
[2025-01-18T07:12:33.480+0000] {processor.py:840} INFO - DAG(s) 'example_branch_labels' retrieved from /home/airflow/.local/lib/python3.12/site-packages/airflow/example_dags/example_branch_labels.py
[2025-01-18T07:12:33.497+0000] {logging_mixin.py:188} INFO - [2025-01-18T07:12:33.496+0000] {dag.py:3089} INFO - Sync 1 DAGs
[2025-01-18T07:12:33.523+0000] {logging_mixin.py:188} INFO - [2025-01-18T07:12:33.523+0000] {dag.py:3947} INFO - Setting next_dagrun for example_branch_labels to 2025-01-17 00:00:00+00:00, run_after=2025-01-18 00:00:00+00:00
[2025-01-18T07:12:33.543+0000] {processor.py:183} INFO - Processing /home/airflow/.local/lib/python3.12/site-packages/airflow/example_dags/example_branch_labels.py took 0.077 seconds
[2025-01-18T07:13:03.875+0000] {processor.py:161} INFO - Started process (PID=16577) to work on /home/airflow/.local/lib/python3.12/site-packages/airflow/example_dags/example_branch_labels.py
[2025-01-18T07:13:03.876+0000] {processor.py:830} INFO - Processing file /home/airflow/.local/lib/python3.12/site-packages/airflow/example_dags/example_branch_labels.py for tasks to queue
[2025-01-18T07:13:03.877+0000] {logging_mixin.py:188} INFO - [2025-01-18T07:13:03.877+0000] {dagbag.py:545} INFO - Filling up the DagBag from /home/airflow/.local/lib/python3.12/site-packages/airflow/example_dags/example_branch_labels.py
[2025-01-18T07:13:03.882+0000] {processor.py:840} INFO - DAG(s) 'example_branch_labels' retrieved from /home/airflow/.local/lib/python3.12/site-packages/airflow/example_dags/example_branch_labels.py
[2025-01-18T07:13:03.898+0000] {logging_mixin.py:188} INFO - [2025-01-18T07:13:03.898+0000] {dag.py:3089} INFO - Sync 1 DAGs
[2025-01-18T07:13:03.912+0000] {logging_mixin.py:188} INFO - [2025-01-18T07:13:03.911+0000] {dag.py:3947} INFO - Setting next_dagrun for example_branch_labels to 2025-01-17 00:00:00+00:00, run_after=2025-01-18 00:00:00+00:00
[2025-01-18T07:13:03.922+0000] {processor.py:183} INFO - Processing /home/airflow/.local/lib/python3.12/site-packages/airflow/example_dags/example_branch_labels.py took 0.051 seconds
[2025-01-18T07:13:34.784+0000] {processor.py:161} INFO - Started process (PID=16859) to work on /home/airflow/.local/lib/python3.12/site-packages/airflow/example_dags/example_branch_labels.py
[2025-01-18T07:13:34.785+0000] {processor.py:830} INFO - Processing file /home/airflow/.local/lib/python3.12/site-packages/airflow/example_dags/example_branch_labels.py for tasks to queue
[2025-01-18T07:13:34.786+0000] {logging_mixin.py:188} INFO - [2025-01-18T07:13:34.786+0000] {dagbag.py:545} INFO - Filling up the DagBag from /home/airflow/.local/lib/python3.12/site-packages/airflow/example_dags/example_branch_labels.py
[2025-01-18T07:13:34.792+0000] {processor.py:840} INFO - DAG(s) 'example_branch_labels' retrieved from /home/airflow/.local/lib/python3.12/site-packages/airflow/example_dags/example_branch_labels.py
[2025-01-18T07:13:34.809+0000] {logging_mixin.py:188} INFO - [2025-01-18T07:13:34.809+0000] {dag.py:3089} INFO - Sync 1 DAGs
[2025-01-18T07:13:34.823+0000] {logging_mixin.py:188} INFO - [2025-01-18T07:13:34.823+0000] {dag.py:3947} INFO - Setting next_dagrun for example_branch_labels to 2025-01-17 00:00:00+00:00, run_after=2025-01-18 00:00:00+00:00
[2025-01-18T07:13:34.835+0000] {processor.py:183} INFO - Processing /home/airflow/.local/lib/python3.12/site-packages/airflow/example_dags/example_branch_labels.py took 0.056 seconds
[2025-01-18T07:14:05.268+0000] {processor.py:161} INFO - Started process (PID=17143) to work on /home/airflow/.local/lib/python3.12/site-packages/airflow/example_dags/example_branch_labels.py
[2025-01-18T07:14:05.269+0000] {processor.py:830} INFO - Processing file /home/airflow/.local/lib/python3.12/site-packages/airflow/example_dags/example_branch_labels.py for tasks to queue
[2025-01-18T07:14:05.270+0000] {logging_mixin.py:188} INFO - [2025-01-18T07:14:05.270+0000] {dagbag.py:545} INFO - Filling up the DagBag from /home/airflow/.local/lib/python3.12/site-packages/airflow/example_dags/example_branch_labels.py
[2025-01-18T07:14:05.275+0000] {processor.py:840} INFO - DAG(s) 'example_branch_labels' retrieved from /home/airflow/.local/lib/python3.12/site-packages/airflow/example_dags/example_branch_labels.py
[2025-01-18T07:14:05.291+0000] {logging_mixin.py:188} INFO - [2025-01-18T07:14:05.291+0000] {dag.py:3089} INFO - Sync 1 DAGs
[2025-01-18T07:14:05.303+0000] {logging_mixin.py:188} INFO - [2025-01-18T07:14:05.303+0000] {dag.py:3947} INFO - Setting next_dagrun for example_branch_labels to 2025-01-17 00:00:00+00:00, run_after=2025-01-18 00:00:00+00:00
[2025-01-18T07:14:05.315+0000] {processor.py:183} INFO - Processing /home/airflow/.local/lib/python3.12/site-packages/airflow/example_dags/example_branch_labels.py took 0.052 seconds
[2025-01-18T07:14:36.267+0000] {processor.py:161} INFO - Started process (PID=17426) to work on /home/airflow/.local/lib/python3.12/site-packages/airflow/example_dags/example_branch_labels.py
[2025-01-18T07:14:36.268+0000] {processor.py:830} INFO - Processing file /home/airflow/.local/lib/python3.12/site-packages/airflow/example_dags/example_branch_labels.py for tasks to queue
[2025-01-18T07:14:36.270+0000] {logging_mixin.py:188} INFO - [2025-01-18T07:14:36.269+0000] {dagbag.py:545} INFO - Filling up the DagBag from /home/airflow/.local/lib/python3.12/site-packages/airflow/example_dags/example_branch_labels.py
[2025-01-18T07:14:36.274+0000] {processor.py:840} INFO - DAG(s) 'example_branch_labels' retrieved from /home/airflow/.local/lib/python3.12/site-packages/airflow/example_dags/example_branch_labels.py
[2025-01-18T07:14:36.289+0000] {logging_mixin.py:188} INFO - [2025-01-18T07:14:36.289+0000] {dag.py:3089} INFO - Sync 1 DAGs
[2025-01-18T07:14:36.301+0000] {logging_mixin.py:188} INFO - [2025-01-18T07:14:36.301+0000] {dag.py:3947} INFO - Setting next_dagrun for example_branch_labels to 2025-01-17 00:00:00+00:00, run_after=2025-01-18 00:00:00+00:00
[2025-01-18T07:14:36.311+0000] {processor.py:183} INFO - Processing /home/airflow/.local/lib/python3.12/site-packages/airflow/example_dags/example_branch_labels.py took 0.049 seconds
[2025-01-18T07:15:07.195+0000] {processor.py:161} INFO - Started process (PID=17707) to work on /home/airflow/.local/lib/python3.12/site-packages/airflow/example_dags/example_branch_labels.py
[2025-01-18T07:15:07.196+0000] {processor.py:830} INFO - Processing file /home/airflow/.local/lib/python3.12/site-packages/airflow/example_dags/example_branch_labels.py for tasks to queue
[2025-01-18T07:15:07.197+0000] {logging_mixin.py:188} INFO - [2025-01-18T07:15:07.197+0000] {dagbag.py:545} INFO - Filling up the DagBag from /home/airflow/.local/lib/python3.12/site-packages/airflow/example_dags/example_branch_labels.py
[2025-01-18T07:15:07.203+0000] {processor.py:840} INFO - DAG(s) 'example_branch_labels' retrieved from /home/airflow/.local/lib/python3.12/site-packages/airflow/example_dags/example_branch_labels.py
[2025-01-18T07:15:07.219+0000] {logging_mixin.py:188} INFO - [2025-01-18T07:15:07.219+0000] {dag.py:3089} INFO - Sync 1 DAGs
[2025-01-18T07:15:07.232+0000] {logging_mixin.py:188} INFO - [2025-01-18T07:15:07.232+0000] {dag.py:3947} INFO - Setting next_dagrun for example_branch_labels to 2025-01-17 00:00:00+00:00, run_after=2025-01-18 00:00:00+00:00
[2025-01-18T07:15:07.243+0000] {processor.py:183} INFO - Processing /home/airflow/.local/lib/python3.12/site-packages/airflow/example_dags/example_branch_labels.py took 0.052 seconds
[2025-01-18T07:15:37.914+0000] {processor.py:161} INFO - Started process (PID=17991) to work on /home/airflow/.local/lib/python3.12/site-packages/airflow/example_dags/example_branch_labels.py
[2025-01-18T07:15:37.915+0000] {processor.py:830} INFO - Processing file /home/airflow/.local/lib/python3.12/site-packages/airflow/example_dags/example_branch_labels.py for tasks to queue
[2025-01-18T07:15:37.917+0000] {logging_mixin.py:188} INFO - [2025-01-18T07:15:37.917+0000] {dagbag.py:545} INFO - Filling up the DagBag from /home/airflow/.local/lib/python3.12/site-packages/airflow/example_dags/example_branch_labels.py
[2025-01-18T07:15:37.922+0000] {processor.py:840} INFO - DAG(s) 'example_branch_labels' retrieved from /home/airflow/.local/lib/python3.12/site-packages/airflow/example_dags/example_branch_labels.py
[2025-01-18T07:15:37.938+0000] {logging_mixin.py:188} INFO - [2025-01-18T07:15:37.938+0000] {dag.py:3089} INFO - Sync 1 DAGs
[2025-01-18T07:15:37.953+0000] {logging_mixin.py:188} INFO - [2025-01-18T07:15:37.952+0000] {dag.py:3947} INFO - Setting next_dagrun for example_branch_labels to 2025-01-17 00:00:00+00:00, run_after=2025-01-18 00:00:00+00:00
[2025-01-18T07:15:37.963+0000] {processor.py:183} INFO - Processing /home/airflow/.local/lib/python3.12/site-packages/airflow/example_dags/example_branch_labels.py took 0.054 seconds
[2025-01-18T07:16:08.382+0000] {processor.py:161} INFO - Started process (PID=18271) to work on /home/airflow/.local/lib/python3.12/site-packages/airflow/example_dags/example_branch_labels.py
[2025-01-18T07:16:08.383+0000] {processor.py:830} INFO - Processing file /home/airflow/.local/lib/python3.12/site-packages/airflow/example_dags/example_branch_labels.py for tasks to queue
[2025-01-18T07:16:08.384+0000] {logging_mixin.py:188} INFO - [2025-01-18T07:16:08.384+0000] {dagbag.py:545} INFO - Filling up the DagBag from /home/airflow/.local/lib/python3.12/site-packages/airflow/example_dags/example_branch_labels.py
[2025-01-18T07:16:08.389+0000] {processor.py:840} INFO - DAG(s) 'example_branch_labels' retrieved from /home/airflow/.local/lib/python3.12/site-packages/airflow/example_dags/example_branch_labels.py
[2025-01-18T07:16:08.403+0000] {logging_mixin.py:188} INFO - [2025-01-18T07:16:08.403+0000] {dag.py:3089} INFO - Sync 1 DAGs
[2025-01-18T07:16:08.415+0000] {logging_mixin.py:188} INFO - [2025-01-18T07:16:08.415+0000] {dag.py:3947} INFO - Setting next_dagrun for example_branch_labels to 2025-01-17 00:00:00+00:00, run_after=2025-01-18 00:00:00+00:00
[2025-01-18T07:16:08.427+0000] {processor.py:183} INFO - Processing /home/airflow/.local/lib/python3.12/site-packages/airflow/example_dags/example_branch_labels.py took 0.049 seconds
[2025-01-18T07:16:39.358+0000] {processor.py:161} INFO - Started process (PID=18553) to work on /home/airflow/.local/lib/python3.12/site-packages/airflow/example_dags/example_branch_labels.py
[2025-01-18T07:16:39.359+0000] {processor.py:830} INFO - Processing file /home/airflow/.local/lib/python3.12/site-packages/airflow/example_dags/example_branch_labels.py for tasks to queue
[2025-01-18T07:16:39.360+0000] {logging_mixin.py:188} INFO - [2025-01-18T07:16:39.360+0000] {dagbag.py:545} INFO - Filling up the DagBag from /home/airflow/.local/lib/python3.12/site-packages/airflow/example_dags/example_branch_labels.py
[2025-01-18T07:16:39.365+0000] {processor.py:840} INFO - DAG(s) 'example_branch_labels' retrieved from /home/airflow/.local/lib/python3.12/site-packages/airflow/example_dags/example_branch_labels.py
[2025-01-18T07:16:39.380+0000] {logging_mixin.py:188} INFO - [2025-01-18T07:16:39.380+0000] {dag.py:3089} INFO - Sync 1 DAGs
[2025-01-18T07:16:39.397+0000] {logging_mixin.py:188} INFO - [2025-01-18T07:16:39.397+0000] {dag.py:3947} INFO - Setting next_dagrun for example_branch_labels to 2025-01-17 00:00:00+00:00, run_after=2025-01-18 00:00:00+00:00
[2025-01-18T07:16:39.414+0000] {processor.py:183} INFO - Processing /home/airflow/.local/lib/python3.12/site-packages/airflow/example_dags/example_branch_labels.py took 0.061 seconds
[2025-01-18T07:17:10.274+0000] {processor.py:161} INFO - Started process (PID=18837) to work on /home/airflow/.local/lib/python3.12/site-packages/airflow/example_dags/example_branch_labels.py
[2025-01-18T07:17:10.275+0000] {processor.py:830} INFO - Processing file /home/airflow/.local/lib/python3.12/site-packages/airflow/example_dags/example_branch_labels.py for tasks to queue
[2025-01-18T07:17:10.277+0000] {logging_mixin.py:188} INFO - [2025-01-18T07:17:10.276+0000] {dagbag.py:545} INFO - Filling up the DagBag from /home/airflow/.local/lib/python3.12/site-packages/airflow/example_dags/example_branch_labels.py
[2025-01-18T07:17:10.281+0000] {processor.py:840} INFO - DAG(s) 'example_branch_labels' retrieved from /home/airflow/.local/lib/python3.12/site-packages/airflow/example_dags/example_branch_labels.py
[2025-01-18T07:17:10.295+0000] {logging_mixin.py:188} INFO - [2025-01-18T07:17:10.295+0000] {dag.py:3089} INFO - Sync 1 DAGs
[2025-01-18T07:17:10.306+0000] {logging_mixin.py:188} INFO - [2025-01-18T07:17:10.306+0000] {dag.py:3947} INFO - Setting next_dagrun for example_branch_labels to 2025-01-17 00:00:00+00:00, run_after=2025-01-18 00:00:00+00:00
[2025-01-18T07:17:10.317+0000] {processor.py:183} INFO - Processing /home/airflow/.local/lib/python3.12/site-packages/airflow/example_dags/example_branch_labels.py took 0.047 seconds
[2025-01-18T07:17:41.005+0000] {processor.py:161} INFO - Started process (PID=19120) to work on /home/airflow/.local/lib/python3.12/site-packages/airflow/example_dags/example_branch_labels.py
[2025-01-18T07:17:41.006+0000] {processor.py:830} INFO - Processing file /home/airflow/.local/lib/python3.12/site-packages/airflow/example_dags/example_branch_labels.py for tasks to queue
[2025-01-18T07:17:41.007+0000] {logging_mixin.py:188} INFO - [2025-01-18T07:17:41.007+0000] {dagbag.py:545} INFO - Filling up the DagBag from /home/airflow/.local/lib/python3.12/site-packages/airflow/example_dags/example_branch_labels.py
[2025-01-18T07:17:41.013+0000] {processor.py:840} INFO - DAG(s) 'example_branch_labels' retrieved from /home/airflow/.local/lib/python3.12/site-packages/airflow/example_dags/example_branch_labels.py
[2025-01-18T07:17:41.027+0000] {logging_mixin.py:188} INFO - [2025-01-18T07:17:41.027+0000] {dag.py:3089} INFO - Sync 1 DAGs
[2025-01-18T07:17:41.040+0000] {logging_mixin.py:188} INFO - [2025-01-18T07:17:41.040+0000] {dag.py:3947} INFO - Setting next_dagrun for example_branch_labels to 2025-01-17 00:00:00+00:00, run_after=2025-01-18 00:00:00+00:00
[2025-01-18T07:17:41.053+0000] {processor.py:183} INFO - Processing /home/airflow/.local/lib/python3.12/site-packages/airflow/example_dags/example_branch_labels.py took 0.053 seconds
[2025-01-18T07:18:11.314+0000] {processor.py:161} INFO - Started process (PID=19402) to work on /home/airflow/.local/lib/python3.12/site-packages/airflow/example_dags/example_branch_labels.py
[2025-01-18T07:18:11.315+0000] {processor.py:830} INFO - Processing file /home/airflow/.local/lib/python3.12/site-packages/airflow/example_dags/example_branch_labels.py for tasks to queue
[2025-01-18T07:18:11.316+0000] {logging_mixin.py:188} INFO - [2025-01-18T07:18:11.316+0000] {dagbag.py:545} INFO - Filling up the DagBag from /home/airflow/.local/lib/python3.12/site-packages/airflow/example_dags/example_branch_labels.py
[2025-01-18T07:18:11.321+0000] {processor.py:840} INFO - DAG(s) 'example_branch_labels' retrieved from /home/airflow/.local/lib/python3.12/site-packages/airflow/example_dags/example_branch_labels.py
[2025-01-18T07:18:11.336+0000] {logging_mixin.py:188} INFO - [2025-01-18T07:18:11.335+0000] {dag.py:3089} INFO - Sync 1 DAGs
[2025-01-18T07:18:11.348+0000] {logging_mixin.py:188} INFO - [2025-01-18T07:18:11.348+0000] {dag.py:3947} INFO - Setting next_dagrun for example_branch_labels to 2025-01-17 00:00:00+00:00, run_after=2025-01-18 00:00:00+00:00
[2025-01-18T07:18:11.358+0000] {processor.py:183} INFO - Processing /home/airflow/.local/lib/python3.12/site-packages/airflow/example_dags/example_branch_labels.py took 0.048 seconds
[2025-01-18T07:18:41.498+0000] {processor.py:161} INFO - Started process (PID=19684) to work on /home/airflow/.local/lib/python3.12/site-packages/airflow/example_dags/example_branch_labels.py
[2025-01-18T07:18:41.499+0000] {processor.py:830} INFO - Processing file /home/airflow/.local/lib/python3.12/site-packages/airflow/example_dags/example_branch_labels.py for tasks to queue
[2025-01-18T07:18:41.500+0000] {logging_mixin.py:188} INFO - [2025-01-18T07:18:41.500+0000] {dagbag.py:545} INFO - Filling up the DagBag from /home/airflow/.local/lib/python3.12/site-packages/airflow/example_dags/example_branch_labels.py
[2025-01-18T07:18:41.504+0000] {processor.py:840} INFO - DAG(s) 'example_branch_labels' retrieved from /home/airflow/.local/lib/python3.12/site-packages/airflow/example_dags/example_branch_labels.py
[2025-01-18T07:18:41.517+0000] {logging_mixin.py:188} INFO - [2025-01-18T07:18:41.517+0000] {dag.py:3089} INFO - Sync 1 DAGs
[2025-01-18T07:18:41.527+0000] {logging_mixin.py:188} INFO - [2025-01-18T07:18:41.527+0000] {dag.py:3947} INFO - Setting next_dagrun for example_branch_labels to 2025-01-17 00:00:00+00:00, run_after=2025-01-18 00:00:00+00:00
[2025-01-18T07:18:41.536+0000] {processor.py:183} INFO - Processing /home/airflow/.local/lib/python3.12/site-packages/airflow/example_dags/example_branch_labels.py took 0.043 seconds
[2025-01-18T07:19:12.024+0000] {processor.py:161} INFO - Started process (PID=19964) to work on /home/airflow/.local/lib/python3.12/site-packages/airflow/example_dags/example_branch_labels.py
[2025-01-18T07:19:12.025+0000] {processor.py:830} INFO - Processing file /home/airflow/.local/lib/python3.12/site-packages/airflow/example_dags/example_branch_labels.py for tasks to queue
[2025-01-18T07:19:12.027+0000] {logging_mixin.py:188} INFO - [2025-01-18T07:19:12.027+0000] {dagbag.py:545} INFO - Filling up the DagBag from /home/airflow/.local/lib/python3.12/site-packages/airflow/example_dags/example_branch_labels.py
[2025-01-18T07:19:12.032+0000] {processor.py:840} INFO - DAG(s) 'example_branch_labels' retrieved from /home/airflow/.local/lib/python3.12/site-packages/airflow/example_dags/example_branch_labels.py
[2025-01-18T07:19:12.050+0000] {logging_mixin.py:188} INFO - [2025-01-18T07:19:12.049+0000] {dag.py:3089} INFO - Sync 1 DAGs
[2025-01-18T07:19:12.070+0000] {logging_mixin.py:188} INFO - [2025-01-18T07:19:12.070+0000] {dag.py:3947} INFO - Setting next_dagrun for example_branch_labels to 2025-01-17 00:00:00+00:00, run_after=2025-01-18 00:00:00+00:00
[2025-01-18T07:19:12.083+0000] {processor.py:183} INFO - Processing /home/airflow/.local/lib/python3.12/site-packages/airflow/example_dags/example_branch_labels.py took 0.064 seconds
[2025-01-18T07:19:42.648+0000] {processor.py:161} INFO - Started process (PID=20249) to work on /home/airflow/.local/lib/python3.12/site-packages/airflow/example_dags/example_branch_labels.py
[2025-01-18T07:19:42.649+0000] {processor.py:830} INFO - Processing file /home/airflow/.local/lib/python3.12/site-packages/airflow/example_dags/example_branch_labels.py for tasks to queue
[2025-01-18T07:19:42.652+0000] {logging_mixin.py:188} INFO - [2025-01-18T07:19:42.651+0000] {dagbag.py:545} INFO - Filling up the DagBag from /home/airflow/.local/lib/python3.12/site-packages/airflow/example_dags/example_branch_labels.py
[2025-01-18T07:19:42.657+0000] {processor.py:840} INFO - DAG(s) 'example_branch_labels' retrieved from /home/airflow/.local/lib/python3.12/site-packages/airflow/example_dags/example_branch_labels.py
[2025-01-18T07:19:42.671+0000] {logging_mixin.py:188} INFO - [2025-01-18T07:19:42.671+0000] {dag.py:3089} INFO - Sync 1 DAGs
[2025-01-18T07:19:42.685+0000] {logging_mixin.py:188} INFO - [2025-01-18T07:19:42.685+0000] {dag.py:3947} INFO - Setting next_dagrun for example_branch_labels to 2025-01-17 00:00:00+00:00, run_after=2025-01-18 00:00:00+00:00
[2025-01-18T07:19:42.695+0000] {processor.py:183} INFO - Processing /home/airflow/.local/lib/python3.12/site-packages/airflow/example_dags/example_branch_labels.py took 0.052 seconds
[2025-01-18T07:20:13.063+0000] {processor.py:161} INFO - Started process (PID=20531) to work on /home/airflow/.local/lib/python3.12/site-packages/airflow/example_dags/example_branch_labels.py
[2025-01-18T07:20:13.066+0000] {processor.py:830} INFO - Processing file /home/airflow/.local/lib/python3.12/site-packages/airflow/example_dags/example_branch_labels.py for tasks to queue
[2025-01-18T07:20:13.070+0000] {logging_mixin.py:188} INFO - [2025-01-18T07:20:13.069+0000] {dagbag.py:545} INFO - Filling up the DagBag from /home/airflow/.local/lib/python3.12/site-packages/airflow/example_dags/example_branch_labels.py
[2025-01-18T07:20:13.076+0000] {processor.py:840} INFO - DAG(s) 'example_branch_labels' retrieved from /home/airflow/.local/lib/python3.12/site-packages/airflow/example_dags/example_branch_labels.py
[2025-01-18T07:20:13.093+0000] {logging_mixin.py:188} INFO - [2025-01-18T07:20:13.093+0000] {dag.py:3089} INFO - Sync 1 DAGs
[2025-01-18T07:20:13.115+0000] {logging_mixin.py:188} INFO - [2025-01-18T07:20:13.114+0000] {dag.py:3947} INFO - Setting next_dagrun for example_branch_labels to 2025-01-17 00:00:00+00:00, run_after=2025-01-18 00:00:00+00:00
[2025-01-18T07:20:13.127+0000] {processor.py:183} INFO - Processing /home/airflow/.local/lib/python3.12/site-packages/airflow/example_dags/example_branch_labels.py took 0.069 seconds
[2025-01-18T07:20:43.386+0000] {processor.py:161} INFO - Started process (PID=20813) to work on /home/airflow/.local/lib/python3.12/site-packages/airflow/example_dags/example_branch_labels.py
[2025-01-18T07:20:43.386+0000] {processor.py:830} INFO - Processing file /home/airflow/.local/lib/python3.12/site-packages/airflow/example_dags/example_branch_labels.py for tasks to queue
[2025-01-18T07:20:43.388+0000] {logging_mixin.py:188} INFO - [2025-01-18T07:20:43.388+0000] {dagbag.py:545} INFO - Filling up the DagBag from /home/airflow/.local/lib/python3.12/site-packages/airflow/example_dags/example_branch_labels.py
[2025-01-18T07:20:43.396+0000] {processor.py:840} INFO - DAG(s) 'example_branch_labels' retrieved from /home/airflow/.local/lib/python3.12/site-packages/airflow/example_dags/example_branch_labels.py
[2025-01-18T07:20:43.410+0000] {logging_mixin.py:188} INFO - [2025-01-18T07:20:43.410+0000] {dag.py:3089} INFO - Sync 1 DAGs
[2025-01-18T07:20:43.423+0000] {logging_mixin.py:188} INFO - [2025-01-18T07:20:43.423+0000] {dag.py:3947} INFO - Setting next_dagrun for example_branch_labels to 2025-01-17 00:00:00+00:00, run_after=2025-01-18 00:00:00+00:00
[2025-01-18T07:20:43.431+0000] {processor.py:183} INFO - Processing /home/airflow/.local/lib/python3.12/site-packages/airflow/example_dags/example_branch_labels.py took 0.050 seconds
[2025-01-18T07:21:15.064+0000] {processor.py:161} INFO - Started process (PID=21095) to work on /home/airflow/.local/lib/python3.12/site-packages/airflow/example_dags/example_branch_labels.py
[2025-01-18T07:21:15.065+0000] {processor.py:830} INFO - Processing file /home/airflow/.local/lib/python3.12/site-packages/airflow/example_dags/example_branch_labels.py for tasks to queue
[2025-01-18T07:21:15.066+0000] {logging_mixin.py:188} INFO - [2025-01-18T07:21:15.066+0000] {dagbag.py:545} INFO - Filling up the DagBag from /home/airflow/.local/lib/python3.12/site-packages/airflow/example_dags/example_branch_labels.py
[2025-01-18T07:21:15.070+0000] {processor.py:840} INFO - DAG(s) 'example_branch_labels' retrieved from /home/airflow/.local/lib/python3.12/site-packages/airflow/example_dags/example_branch_labels.py
[2025-01-18T07:21:15.085+0000] {logging_mixin.py:188} INFO - [2025-01-18T07:21:15.085+0000] {dag.py:3089} INFO - Sync 1 DAGs
[2025-01-18T07:21:15.099+0000] {logging_mixin.py:188} INFO - [2025-01-18T07:21:15.099+0000] {dag.py:3947} INFO - Setting next_dagrun for example_branch_labels to 2025-01-17 00:00:00+00:00, run_after=2025-01-18 00:00:00+00:00
[2025-01-18T07:21:15.111+0000] {processor.py:183} INFO - Processing /home/airflow/.local/lib/python3.12/site-packages/airflow/example_dags/example_branch_labels.py took 0.051 seconds
[2025-01-18T07:21:47.715+0000] {processor.py:161} INFO - Started process (PID=21377) to work on /home/airflow/.local/lib/python3.12/site-packages/airflow/example_dags/example_branch_labels.py
[2025-01-18T07:21:47.715+0000] {processor.py:830} INFO - Processing file /home/airflow/.local/lib/python3.12/site-packages/airflow/example_dags/example_branch_labels.py for tasks to queue
[2025-01-18T07:21:47.716+0000] {logging_mixin.py:188} INFO - [2025-01-18T07:21:47.716+0000] {dagbag.py:545} INFO - Filling up the DagBag from /home/airflow/.local/lib/python3.12/site-packages/airflow/example_dags/example_branch_labels.py
[2025-01-18T07:21:47.720+0000] {processor.py:840} INFO - DAG(s) 'example_branch_labels' retrieved from /home/airflow/.local/lib/python3.12/site-packages/airflow/example_dags/example_branch_labels.py
[2025-01-18T07:21:47.733+0000] {logging_mixin.py:188} INFO - [2025-01-18T07:21:47.733+0000] {dag.py:3089} INFO - Sync 1 DAGs
[2025-01-18T07:21:47.743+0000] {logging_mixin.py:188} INFO - [2025-01-18T07:21:47.743+0000] {dag.py:3947} INFO - Setting next_dagrun for example_branch_labels to 2025-01-17 00:00:00+00:00, run_after=2025-01-18 00:00:00+00:00
[2025-01-18T07:21:47.752+0000] {processor.py:183} INFO - Processing /home/airflow/.local/lib/python3.12/site-packages/airflow/example_dags/example_branch_labels.py took 0.041 seconds
[2025-01-18T07:42:05.376+0000] {processor.py:161} INFO - Started process (PID=317) to work on /home/airflow/.local/lib/python3.12/site-packages/airflow/example_dags/example_branch_labels.py
[2025-01-18T07:42:05.378+0000] {processor.py:830} INFO - Processing file /home/airflow/.local/lib/python3.12/site-packages/airflow/example_dags/example_branch_labels.py for tasks to queue
[2025-01-18T07:42:05.380+0000] {logging_mixin.py:188} INFO - [2025-01-18T07:42:05.380+0000] {dagbag.py:545} INFO - Filling up the DagBag from /home/airflow/.local/lib/python3.12/site-packages/airflow/example_dags/example_branch_labels.py
[2025-01-18T07:42:05.389+0000] {processor.py:840} INFO - DAG(s) 'example_branch_labels' retrieved from /home/airflow/.local/lib/python3.12/site-packages/airflow/example_dags/example_branch_labels.py
[2025-01-18T07:42:05.405+0000] {logging_mixin.py:188} INFO - [2025-01-18T07:42:05.405+0000] {dag.py:3089} INFO - Sync 1 DAGs
[2025-01-18T07:42:05.423+0000] {logging_mixin.py:188} INFO - [2025-01-18T07:42:05.423+0000] {dag.py:3947} INFO - Setting next_dagrun for example_branch_labels to 2025-01-17 00:00:00+00:00, run_after=2025-01-18 00:00:00+00:00
[2025-01-18T07:42:05.437+0000] {processor.py:183} INFO - Processing /home/airflow/.local/lib/python3.12/site-packages/airflow/example_dags/example_branch_labels.py took 0.065 seconds
[2025-01-18T07:42:37.033+0000] {processor.py:161} INFO - Started process (PID=582) to work on /home/airflow/.local/lib/python3.12/site-packages/airflow/example_dags/example_branch_labels.py
[2025-01-18T07:42:37.036+0000] {processor.py:830} INFO - Processing file /home/airflow/.local/lib/python3.12/site-packages/airflow/example_dags/example_branch_labels.py for tasks to queue
[2025-01-18T07:42:37.037+0000] {logging_mixin.py:188} INFO - [2025-01-18T07:42:37.037+0000] {dagbag.py:545} INFO - Filling up the DagBag from /home/airflow/.local/lib/python3.12/site-packages/airflow/example_dags/example_branch_labels.py
[2025-01-18T07:42:37.044+0000] {processor.py:840} INFO - DAG(s) 'example_branch_labels' retrieved from /home/airflow/.local/lib/python3.12/site-packages/airflow/example_dags/example_branch_labels.py
[2025-01-18T07:42:37.115+0000] {logging_mixin.py:188} INFO - [2025-01-18T07:42:37.115+0000] {dag.py:3089} INFO - Sync 1 DAGs
[2025-01-18T07:42:37.132+0000] {logging_mixin.py:188} INFO - [2025-01-18T07:42:37.132+0000] {dag.py:3947} INFO - Setting next_dagrun for example_branch_labels to 2025-01-17 00:00:00+00:00, run_after=2025-01-18 00:00:00+00:00
[2025-01-18T07:42:37.146+0000] {processor.py:183} INFO - Processing /home/airflow/.local/lib/python3.12/site-packages/airflow/example_dags/example_branch_labels.py took 0.117 seconds
[2025-01-18T07:43:07.303+0000] {processor.py:161} INFO - Started process (PID=851) to work on /home/airflow/.local/lib/python3.12/site-packages/airflow/example_dags/example_branch_labels.py
[2025-01-18T07:43:07.304+0000] {processor.py:830} INFO - Processing file /home/airflow/.local/lib/python3.12/site-packages/airflow/example_dags/example_branch_labels.py for tasks to queue
[2025-01-18T07:43:07.306+0000] {logging_mixin.py:188} INFO - [2025-01-18T07:43:07.306+0000] {dagbag.py:545} INFO - Filling up the DagBag from /home/airflow/.local/lib/python3.12/site-packages/airflow/example_dags/example_branch_labels.py
[2025-01-18T07:43:07.310+0000] {processor.py:840} INFO - DAG(s) 'example_branch_labels' retrieved from /home/airflow/.local/lib/python3.12/site-packages/airflow/example_dags/example_branch_labels.py
[2025-01-18T07:43:07.325+0000] {logging_mixin.py:188} INFO - [2025-01-18T07:43:07.325+0000] {dag.py:3089} INFO - Sync 1 DAGs
[2025-01-18T07:43:07.336+0000] {logging_mixin.py:188} INFO - [2025-01-18T07:43:07.336+0000] {dag.py:3947} INFO - Setting next_dagrun for example_branch_labels to 2025-01-17 00:00:00+00:00, run_after=2025-01-18 00:00:00+00:00
[2025-01-18T07:43:07.346+0000] {processor.py:183} INFO - Processing /home/airflow/.local/lib/python3.12/site-packages/airflow/example_dags/example_branch_labels.py took 0.046 seconds
[2025-01-18T07:43:38.282+0000] {processor.py:161} INFO - Started process (PID=1116) to work on /home/airflow/.local/lib/python3.12/site-packages/airflow/example_dags/example_branch_labels.py
[2025-01-18T07:43:38.282+0000] {processor.py:830} INFO - Processing file /home/airflow/.local/lib/python3.12/site-packages/airflow/example_dags/example_branch_labels.py for tasks to queue
[2025-01-18T07:43:38.283+0000] {logging_mixin.py:188} INFO - [2025-01-18T07:43:38.283+0000] {dagbag.py:545} INFO - Filling up the DagBag from /home/airflow/.local/lib/python3.12/site-packages/airflow/example_dags/example_branch_labels.py
[2025-01-18T07:43:38.287+0000] {processor.py:840} INFO - DAG(s) 'example_branch_labels' retrieved from /home/airflow/.local/lib/python3.12/site-packages/airflow/example_dags/example_branch_labels.py
[2025-01-18T07:43:38.301+0000] {logging_mixin.py:188} INFO - [2025-01-18T07:43:38.301+0000] {dag.py:3089} INFO - Sync 1 DAGs
[2025-01-18T07:43:38.315+0000] {logging_mixin.py:188} INFO - [2025-01-18T07:43:38.315+0000] {dag.py:3947} INFO - Setting next_dagrun for example_branch_labels to 2025-01-17 00:00:00+00:00, run_after=2025-01-18 00:00:00+00:00
[2025-01-18T07:43:38.325+0000] {processor.py:183} INFO - Processing /home/airflow/.local/lib/python3.12/site-packages/airflow/example_dags/example_branch_labels.py took 0.047 seconds
[2025-01-18T07:44:08.570+0000] {processor.py:161} INFO - Started process (PID=1383) to work on /home/airflow/.local/lib/python3.12/site-packages/airflow/example_dags/example_branch_labels.py
[2025-01-18T07:44:08.571+0000] {processor.py:830} INFO - Processing file /home/airflow/.local/lib/python3.12/site-packages/airflow/example_dags/example_branch_labels.py for tasks to queue
[2025-01-18T07:44:08.572+0000] {logging_mixin.py:188} INFO - [2025-01-18T07:44:08.571+0000] {dagbag.py:545} INFO - Filling up the DagBag from /home/airflow/.local/lib/python3.12/site-packages/airflow/example_dags/example_branch_labels.py
[2025-01-18T07:44:08.577+0000] {processor.py:840} INFO - DAG(s) 'example_branch_labels' retrieved from /home/airflow/.local/lib/python3.12/site-packages/airflow/example_dags/example_branch_labels.py
[2025-01-18T07:44:08.595+0000] {logging_mixin.py:188} INFO - [2025-01-18T07:44:08.594+0000] {dag.py:3089} INFO - Sync 1 DAGs
[2025-01-18T07:44:08.608+0000] {logging_mixin.py:188} INFO - [2025-01-18T07:44:08.608+0000] {dag.py:3947} INFO - Setting next_dagrun for example_branch_labels to 2025-01-17 00:00:00+00:00, run_after=2025-01-18 00:00:00+00:00
[2025-01-18T07:44:08.619+0000] {processor.py:183} INFO - Processing /home/airflow/.local/lib/python3.12/site-packages/airflow/example_dags/example_branch_labels.py took 0.053 seconds
[2025-01-18T07:44:39.363+0000] {processor.py:161} INFO - Started process (PID=1650) to work on /home/airflow/.local/lib/python3.12/site-packages/airflow/example_dags/example_branch_labels.py
[2025-01-18T07:44:39.364+0000] {processor.py:830} INFO - Processing file /home/airflow/.local/lib/python3.12/site-packages/airflow/example_dags/example_branch_labels.py for tasks to queue
[2025-01-18T07:44:39.365+0000] {logging_mixin.py:188} INFO - [2025-01-18T07:44:39.365+0000] {dagbag.py:545} INFO - Filling up the DagBag from /home/airflow/.local/lib/python3.12/site-packages/airflow/example_dags/example_branch_labels.py
[2025-01-18T07:44:39.371+0000] {processor.py:840} INFO - DAG(s) 'example_branch_labels' retrieved from /home/airflow/.local/lib/python3.12/site-packages/airflow/example_dags/example_branch_labels.py
[2025-01-18T07:44:39.386+0000] {logging_mixin.py:188} INFO - [2025-01-18T07:44:39.386+0000] {dag.py:3089} INFO - Sync 1 DAGs
[2025-01-18T07:44:39.399+0000] {logging_mixin.py:188} INFO - [2025-01-18T07:44:39.399+0000] {dag.py:3947} INFO - Setting next_dagrun for example_branch_labels to 2025-01-17 00:00:00+00:00, run_after=2025-01-18 00:00:00+00:00
[2025-01-18T07:44:39.411+0000] {processor.py:183} INFO - Processing /home/airflow/.local/lib/python3.12/site-packages/airflow/example_dags/example_branch_labels.py took 0.056 seconds
[2025-01-18T07:45:09.585+0000] {processor.py:161} INFO - Started process (PID=1918) to work on /home/airflow/.local/lib/python3.12/site-packages/airflow/example_dags/example_branch_labels.py
[2025-01-18T07:45:09.586+0000] {processor.py:830} INFO - Processing file /home/airflow/.local/lib/python3.12/site-packages/airflow/example_dags/example_branch_labels.py for tasks to queue
[2025-01-18T07:45:09.587+0000] {logging_mixin.py:188} INFO - [2025-01-18T07:45:09.587+0000] {dagbag.py:545} INFO - Filling up the DagBag from /home/airflow/.local/lib/python3.12/site-packages/airflow/example_dags/example_branch_labels.py
[2025-01-18T07:45:09.593+0000] {processor.py:840} INFO - DAG(s) 'example_branch_labels' retrieved from /home/airflow/.local/lib/python3.12/site-packages/airflow/example_dags/example_branch_labels.py
[2025-01-18T07:45:09.609+0000] {logging_mixin.py:188} INFO - [2025-01-18T07:45:09.608+0000] {dag.py:3089} INFO - Sync 1 DAGs
[2025-01-18T07:45:09.622+0000] {logging_mixin.py:188} INFO - [2025-01-18T07:45:09.622+0000] {dag.py:3947} INFO - Setting next_dagrun for example_branch_labels to 2025-01-17 00:00:00+00:00, run_after=2025-01-18 00:00:00+00:00
[2025-01-18T07:45:09.633+0000] {processor.py:183} INFO - Processing /home/airflow/.local/lib/python3.12/site-packages/airflow/example_dags/example_branch_labels.py took 0.051 seconds
[2025-01-18T07:45:40.231+0000] {processor.py:161} INFO - Started process (PID=2187) to work on /home/airflow/.local/lib/python3.12/site-packages/airflow/example_dags/example_branch_labels.py
[2025-01-18T07:45:40.232+0000] {processor.py:830} INFO - Processing file /home/airflow/.local/lib/python3.12/site-packages/airflow/example_dags/example_branch_labels.py for tasks to queue
[2025-01-18T07:45:40.233+0000] {logging_mixin.py:188} INFO - [2025-01-18T07:45:40.233+0000] {dagbag.py:545} INFO - Filling up the DagBag from /home/airflow/.local/lib/python3.12/site-packages/airflow/example_dags/example_branch_labels.py
[2025-01-18T07:45:40.238+0000] {processor.py:840} INFO - DAG(s) 'example_branch_labels' retrieved from /home/airflow/.local/lib/python3.12/site-packages/airflow/example_dags/example_branch_labels.py
[2025-01-18T07:45:40.252+0000] {logging_mixin.py:188} INFO - [2025-01-18T07:45:40.252+0000] {dag.py:3089} INFO - Sync 1 DAGs
[2025-01-18T07:45:40.265+0000] {logging_mixin.py:188} INFO - [2025-01-18T07:45:40.265+0000] {dag.py:3947} INFO - Setting next_dagrun for example_branch_labels to 2025-01-17 00:00:00+00:00, run_after=2025-01-18 00:00:00+00:00
[2025-01-18T07:45:40.274+0000] {processor.py:183} INFO - Processing /home/airflow/.local/lib/python3.12/site-packages/airflow/example_dags/example_branch_labels.py took 0.047 seconds
[2025-01-18T07:46:11.192+0000] {processor.py:161} INFO - Started process (PID=2452) to work on /home/airflow/.local/lib/python3.12/site-packages/airflow/example_dags/example_branch_labels.py
[2025-01-18T07:46:11.193+0000] {processor.py:830} INFO - Processing file /home/airflow/.local/lib/python3.12/site-packages/airflow/example_dags/example_branch_labels.py for tasks to queue
[2025-01-18T07:46:11.195+0000] {logging_mixin.py:188} INFO - [2025-01-18T07:46:11.195+0000] {dagbag.py:545} INFO - Filling up the DagBag from /home/airflow/.local/lib/python3.12/site-packages/airflow/example_dags/example_branch_labels.py
[2025-01-18T07:46:11.201+0000] {processor.py:840} INFO - DAG(s) 'example_branch_labels' retrieved from /home/airflow/.local/lib/python3.12/site-packages/airflow/example_dags/example_branch_labels.py
[2025-01-18T07:46:11.215+0000] {logging_mixin.py:188} INFO - [2025-01-18T07:46:11.215+0000] {dag.py:3089} INFO - Sync 1 DAGs
[2025-01-18T07:46:11.228+0000] {logging_mixin.py:188} INFO - [2025-01-18T07:46:11.228+0000] {dag.py:3947} INFO - Setting next_dagrun for example_branch_labels to 2025-01-17 00:00:00+00:00, run_after=2025-01-18 00:00:00+00:00
[2025-01-18T07:46:11.239+0000] {processor.py:183} INFO - Processing /home/airflow/.local/lib/python3.12/site-packages/airflow/example_dags/example_branch_labels.py took 0.051 seconds
[2025-01-18T07:46:41.566+0000] {processor.py:161} INFO - Started process (PID=2721) to work on /home/airflow/.local/lib/python3.12/site-packages/airflow/example_dags/example_branch_labels.py
[2025-01-18T07:46:41.567+0000] {processor.py:830} INFO - Processing file /home/airflow/.local/lib/python3.12/site-packages/airflow/example_dags/example_branch_labels.py for tasks to queue
[2025-01-18T07:46:41.568+0000] {logging_mixin.py:188} INFO - [2025-01-18T07:46:41.568+0000] {dagbag.py:545} INFO - Filling up the DagBag from /home/airflow/.local/lib/python3.12/site-packages/airflow/example_dags/example_branch_labels.py
[2025-01-18T07:46:41.573+0000] {processor.py:840} INFO - DAG(s) 'example_branch_labels' retrieved from /home/airflow/.local/lib/python3.12/site-packages/airflow/example_dags/example_branch_labels.py
[2025-01-18T07:46:41.588+0000] {logging_mixin.py:188} INFO - [2025-01-18T07:46:41.588+0000] {dag.py:3089} INFO - Sync 1 DAGs
[2025-01-18T07:46:41.601+0000] {logging_mixin.py:188} INFO - [2025-01-18T07:46:41.601+0000] {dag.py:3947} INFO - Setting next_dagrun for example_branch_labels to 2025-01-17 00:00:00+00:00, run_after=2025-01-18 00:00:00+00:00
[2025-01-18T07:46:41.611+0000] {processor.py:183} INFO - Processing /home/airflow/.local/lib/python3.12/site-packages/airflow/example_dags/example_branch_labels.py took 0.048 seconds
[2025-01-18T07:47:12.136+0000] {processor.py:161} INFO - Started process (PID=2989) to work on /home/airflow/.local/lib/python3.12/site-packages/airflow/example_dags/example_branch_labels.py
[2025-01-18T07:47:12.137+0000] {processor.py:830} INFO - Processing file /home/airflow/.local/lib/python3.12/site-packages/airflow/example_dags/example_branch_labels.py for tasks to queue
[2025-01-18T07:47:12.138+0000] {logging_mixin.py:188} INFO - [2025-01-18T07:47:12.138+0000] {dagbag.py:545} INFO - Filling up the DagBag from /home/airflow/.local/lib/python3.12/site-packages/airflow/example_dags/example_branch_labels.py
[2025-01-18T07:47:12.144+0000] {processor.py:840} INFO - DAG(s) 'example_branch_labels' retrieved from /home/airflow/.local/lib/python3.12/site-packages/airflow/example_dags/example_branch_labels.py
[2025-01-18T07:47:12.159+0000] {logging_mixin.py:188} INFO - [2025-01-18T07:47:12.159+0000] {dag.py:3089} INFO - Sync 1 DAGs
[2025-01-18T07:47:12.170+0000] {logging_mixin.py:188} INFO - [2025-01-18T07:47:12.170+0000] {dag.py:3947} INFO - Setting next_dagrun for example_branch_labels to 2025-01-17 00:00:00+00:00, run_after=2025-01-18 00:00:00+00:00
[2025-01-18T07:47:12.179+0000] {processor.py:183} INFO - Processing /home/airflow/.local/lib/python3.12/site-packages/airflow/example_dags/example_branch_labels.py took 0.047 seconds
[2025-01-18T07:47:42.477+0000] {processor.py:161} INFO - Started process (PID=3256) to work on /home/airflow/.local/lib/python3.12/site-packages/airflow/example_dags/example_branch_labels.py
[2025-01-18T07:47:42.477+0000] {processor.py:830} INFO - Processing file /home/airflow/.local/lib/python3.12/site-packages/airflow/example_dags/example_branch_labels.py for tasks to queue
[2025-01-18T07:47:42.478+0000] {logging_mixin.py:188} INFO - [2025-01-18T07:47:42.478+0000] {dagbag.py:545} INFO - Filling up the DagBag from /home/airflow/.local/lib/python3.12/site-packages/airflow/example_dags/example_branch_labels.py
[2025-01-18T07:47:42.484+0000] {processor.py:840} INFO - DAG(s) 'example_branch_labels' retrieved from /home/airflow/.local/lib/python3.12/site-packages/airflow/example_dags/example_branch_labels.py
[2025-01-18T07:47:42.500+0000] {logging_mixin.py:188} INFO - [2025-01-18T07:47:42.500+0000] {dag.py:3089} INFO - Sync 1 DAGs
[2025-01-18T07:47:42.512+0000] {logging_mixin.py:188} INFO - [2025-01-18T07:47:42.512+0000] {dag.py:3947} INFO - Setting next_dagrun for example_branch_labels to 2025-01-17 00:00:00+00:00, run_after=2025-01-18 00:00:00+00:00
[2025-01-18T07:47:42.524+0000] {processor.py:183} INFO - Processing /home/airflow/.local/lib/python3.12/site-packages/airflow/example_dags/example_branch_labels.py took 0.052 seconds
[2025-01-18T08:02:11.791+0000] {processor.py:161} INFO - Started process (PID=320) to work on /home/airflow/.local/lib/python3.12/site-packages/airflow/example_dags/example_branch_labels.py
[2025-01-18T08:02:11.792+0000] {processor.py:830} INFO - Processing file /home/airflow/.local/lib/python3.12/site-packages/airflow/example_dags/example_branch_labels.py for tasks to queue
[2025-01-18T08:02:11.794+0000] {logging_mixin.py:188} INFO - [2025-01-18T08:02:11.794+0000] {dagbag.py:545} INFO - Filling up the DagBag from /home/airflow/.local/lib/python3.12/site-packages/airflow/example_dags/example_branch_labels.py
[2025-01-18T08:02:11.804+0000] {processor.py:840} INFO - DAG(s) 'example_branch_labels' retrieved from /home/airflow/.local/lib/python3.12/site-packages/airflow/example_dags/example_branch_labels.py
[2025-01-18T08:02:11.817+0000] {logging_mixin.py:188} INFO - [2025-01-18T08:02:11.816+0000] {dag.py:3089} INFO - Sync 1 DAGs
[2025-01-18T08:02:11.831+0000] {logging_mixin.py:188} INFO - [2025-01-18T08:02:11.831+0000] {dag.py:3947} INFO - Setting next_dagrun for example_branch_labels to 2025-01-17 00:00:00+00:00, run_after=2025-01-18 00:00:00+00:00
[2025-01-18T08:02:11.846+0000] {processor.py:183} INFO - Processing /home/airflow/.local/lib/python3.12/site-packages/airflow/example_dags/example_branch_labels.py took 0.060 seconds
[2025-01-18T08:02:42.828+0000] {processor.py:161} INFO - Started process (PID=587) to work on /home/airflow/.local/lib/python3.12/site-packages/airflow/example_dags/example_branch_labels.py
[2025-01-18T08:02:42.829+0000] {processor.py:830} INFO - Processing file /home/airflow/.local/lib/python3.12/site-packages/airflow/example_dags/example_branch_labels.py for tasks to queue
[2025-01-18T08:02:42.830+0000] {logging_mixin.py:188} INFO - [2025-01-18T08:02:42.830+0000] {dagbag.py:545} INFO - Filling up the DagBag from /home/airflow/.local/lib/python3.12/site-packages/airflow/example_dags/example_branch_labels.py
[2025-01-18T08:02:42.835+0000] {processor.py:840} INFO - DAG(s) 'example_branch_labels' retrieved from /home/airflow/.local/lib/python3.12/site-packages/airflow/example_dags/example_branch_labels.py
[2025-01-18T08:02:42.903+0000] {logging_mixin.py:188} INFO - [2025-01-18T08:02:42.903+0000] {dag.py:3089} INFO - Sync 1 DAGs
[2025-01-18T08:02:42.915+0000] {logging_mixin.py:188} INFO - [2025-01-18T08:02:42.915+0000] {dag.py:3947} INFO - Setting next_dagrun for example_branch_labels to 2025-01-17 00:00:00+00:00, run_after=2025-01-18 00:00:00+00:00
[2025-01-18T08:02:42.927+0000] {processor.py:183} INFO - Processing /home/airflow/.local/lib/python3.12/site-packages/airflow/example_dags/example_branch_labels.py took 0.104 seconds
[2025-01-18T08:03:13.306+0000] {processor.py:161} INFO - Started process (PID=856) to work on /home/airflow/.local/lib/python3.12/site-packages/airflow/example_dags/example_branch_labels.py
[2025-01-18T08:03:13.307+0000] {processor.py:830} INFO - Processing file /home/airflow/.local/lib/python3.12/site-packages/airflow/example_dags/example_branch_labels.py for tasks to queue
[2025-01-18T08:03:13.308+0000] {logging_mixin.py:188} INFO - [2025-01-18T08:03:13.308+0000] {dagbag.py:545} INFO - Filling up the DagBag from /home/airflow/.local/lib/python3.12/site-packages/airflow/example_dags/example_branch_labels.py
[2025-01-18T08:03:13.312+0000] {processor.py:840} INFO - DAG(s) 'example_branch_labels' retrieved from /home/airflow/.local/lib/python3.12/site-packages/airflow/example_dags/example_branch_labels.py
[2025-01-18T08:03:13.327+0000] {logging_mixin.py:188} INFO - [2025-01-18T08:03:13.327+0000] {dag.py:3089} INFO - Sync 1 DAGs
[2025-01-18T08:03:13.338+0000] {logging_mixin.py:188} INFO - [2025-01-18T08:03:13.338+0000] {dag.py:3947} INFO - Setting next_dagrun for example_branch_labels to 2025-01-17 00:00:00+00:00, run_after=2025-01-18 00:00:00+00:00
[2025-01-18T08:03:13.346+0000] {processor.py:183} INFO - Processing /home/airflow/.local/lib/python3.12/site-packages/airflow/example_dags/example_branch_labels.py took 0.044 seconds
[2025-01-18T08:03:44.074+0000] {processor.py:161} INFO - Started process (PID=1123) to work on /home/airflow/.local/lib/python3.12/site-packages/airflow/example_dags/example_branch_labels.py
[2025-01-18T08:03:44.075+0000] {processor.py:830} INFO - Processing file /home/airflow/.local/lib/python3.12/site-packages/airflow/example_dags/example_branch_labels.py for tasks to queue
[2025-01-18T08:03:44.077+0000] {logging_mixin.py:188} INFO - [2025-01-18T08:03:44.076+0000] {dagbag.py:545} INFO - Filling up the DagBag from /home/airflow/.local/lib/python3.12/site-packages/airflow/example_dags/example_branch_labels.py
[2025-01-18T08:03:44.083+0000] {processor.py:840} INFO - DAG(s) 'example_branch_labels' retrieved from /home/airflow/.local/lib/python3.12/site-packages/airflow/example_dags/example_branch_labels.py
[2025-01-18T08:03:44.100+0000] {logging_mixin.py:188} INFO - [2025-01-18T08:03:44.100+0000] {dag.py:3089} INFO - Sync 1 DAGs
[2025-01-18T08:03:44.115+0000] {logging_mixin.py:188} INFO - [2025-01-18T08:03:44.115+0000] {dag.py:3947} INFO - Setting next_dagrun for example_branch_labels to 2025-01-17 00:00:00+00:00, run_after=2025-01-18 00:00:00+00:00
[2025-01-18T08:03:44.127+0000] {processor.py:183} INFO - Processing /home/airflow/.local/lib/python3.12/site-packages/airflow/example_dags/example_branch_labels.py took 0.056 seconds
[2025-01-18T08:04:14.309+0000] {processor.py:161} INFO - Started process (PID=1384) to work on /home/airflow/.local/lib/python3.12/site-packages/airflow/example_dags/example_branch_labels.py
[2025-01-18T08:04:14.309+0000] {processor.py:830} INFO - Processing file /home/airflow/.local/lib/python3.12/site-packages/airflow/example_dags/example_branch_labels.py for tasks to queue
[2025-01-18T08:04:14.311+0000] {logging_mixin.py:188} INFO - [2025-01-18T08:04:14.311+0000] {dagbag.py:545} INFO - Filling up the DagBag from /home/airflow/.local/lib/python3.12/site-packages/airflow/example_dags/example_branch_labels.py
[2025-01-18T08:04:14.317+0000] {processor.py:840} INFO - DAG(s) 'example_branch_labels' retrieved from /home/airflow/.local/lib/python3.12/site-packages/airflow/example_dags/example_branch_labels.py
[2025-01-18T08:04:14.333+0000] {logging_mixin.py:188} INFO - [2025-01-18T08:04:14.333+0000] {dag.py:3089} INFO - Sync 1 DAGs
[2025-01-18T08:04:14.348+0000] {logging_mixin.py:188} INFO - [2025-01-18T08:04:14.347+0000] {dag.py:3947} INFO - Setting next_dagrun for example_branch_labels to 2025-01-17 00:00:00+00:00, run_after=2025-01-18 00:00:00+00:00
[2025-01-18T08:04:14.359+0000] {processor.py:183} INFO - Processing /home/airflow/.local/lib/python3.12/site-packages/airflow/example_dags/example_branch_labels.py took 0.056 seconds
[2025-01-18T08:05:56.896+0000] {processor.py:161} INFO - Started process (PID=313) to work on /home/airflow/.local/lib/python3.12/site-packages/airflow/example_dags/example_branch_labels.py
[2025-01-18T08:05:56.897+0000] {processor.py:830} INFO - Processing file /home/airflow/.local/lib/python3.12/site-packages/airflow/example_dags/example_branch_labels.py for tasks to queue
[2025-01-18T08:05:56.899+0000] {logging_mixin.py:188} INFO - [2025-01-18T08:05:56.898+0000] {dagbag.py:545} INFO - Filling up the DagBag from /home/airflow/.local/lib/python3.12/site-packages/airflow/example_dags/example_branch_labels.py
[2025-01-18T08:05:56.906+0000] {processor.py:840} INFO - DAG(s) 'example_branch_labels' retrieved from /home/airflow/.local/lib/python3.12/site-packages/airflow/example_dags/example_branch_labels.py
[2025-01-18T08:05:56.923+0000] {logging_mixin.py:188} INFO - [2025-01-18T08:05:56.923+0000] {dag.py:3089} INFO - Sync 1 DAGs
[2025-01-18T08:05:56.952+0000] {logging_mixin.py:188} INFO - [2025-01-18T08:05:56.951+0000] {dag.py:3947} INFO - Setting next_dagrun for example_branch_labels to 2025-01-17 00:00:00+00:00, run_after=2025-01-18 00:00:00+00:00
[2025-01-18T08:05:56.969+0000] {processor.py:183} INFO - Processing /home/airflow/.local/lib/python3.12/site-packages/airflow/example_dags/example_branch_labels.py took 0.078 seconds
[2025-01-18T08:06:27.359+0000] {processor.py:161} INFO - Started process (PID=582) to work on /home/airflow/.local/lib/python3.12/site-packages/airflow/example_dags/example_branch_labels.py
[2025-01-18T08:06:27.359+0000] {processor.py:830} INFO - Processing file /home/airflow/.local/lib/python3.12/site-packages/airflow/example_dags/example_branch_labels.py for tasks to queue
[2025-01-18T08:06:27.360+0000] {logging_mixin.py:188} INFO - [2025-01-18T08:06:27.360+0000] {dagbag.py:545} INFO - Filling up the DagBag from /home/airflow/.local/lib/python3.12/site-packages/airflow/example_dags/example_branch_labels.py
[2025-01-18T08:06:27.364+0000] {processor.py:840} INFO - DAG(s) 'example_branch_labels' retrieved from /home/airflow/.local/lib/python3.12/site-packages/airflow/example_dags/example_branch_labels.py
[2025-01-18T08:06:27.373+0000] {logging_mixin.py:188} INFO - [2025-01-18T08:06:27.373+0000] {dag.py:3089} INFO - Sync 1 DAGs
[2025-01-18T08:06:27.384+0000] {logging_mixin.py:188} INFO - [2025-01-18T08:06:27.384+0000] {dag.py:3947} INFO - Setting next_dagrun for example_branch_labels to 2025-01-17 00:00:00+00:00, run_after=2025-01-18 00:00:00+00:00
[2025-01-18T08:06:27.394+0000] {processor.py:183} INFO - Processing /home/airflow/.local/lib/python3.12/site-packages/airflow/example_dags/example_branch_labels.py took 0.039 seconds
[2025-01-18T08:06:58.246+0000] {processor.py:161} INFO - Started process (PID=849) to work on /home/airflow/.local/lib/python3.12/site-packages/airflow/example_dags/example_branch_labels.py
[2025-01-18T08:06:58.247+0000] {processor.py:830} INFO - Processing file /home/airflow/.local/lib/python3.12/site-packages/airflow/example_dags/example_branch_labels.py for tasks to queue
[2025-01-18T08:06:58.248+0000] {logging_mixin.py:188} INFO - [2025-01-18T08:06:58.248+0000] {dagbag.py:545} INFO - Filling up the DagBag from /home/airflow/.local/lib/python3.12/site-packages/airflow/example_dags/example_branch_labels.py
[2025-01-18T08:06:58.252+0000] {processor.py:840} INFO - DAG(s) 'example_branch_labels' retrieved from /home/airflow/.local/lib/python3.12/site-packages/airflow/example_dags/example_branch_labels.py
[2025-01-18T08:06:58.261+0000] {logging_mixin.py:188} INFO - [2025-01-18T08:06:58.261+0000] {dag.py:3089} INFO - Sync 1 DAGs
[2025-01-18T08:06:58.272+0000] {logging_mixin.py:188} INFO - [2025-01-18T08:06:58.272+0000] {dag.py:3947} INFO - Setting next_dagrun for example_branch_labels to 2025-01-17 00:00:00+00:00, run_after=2025-01-18 00:00:00+00:00
[2025-01-18T08:06:58.282+0000] {processor.py:183} INFO - Processing /home/airflow/.local/lib/python3.12/site-packages/airflow/example_dags/example_branch_labels.py took 0.040 seconds
[2025-01-18T08:07:28.620+0000] {processor.py:161} INFO - Started process (PID=1116) to work on /home/airflow/.local/lib/python3.12/site-packages/airflow/example_dags/example_branch_labels.py
[2025-01-18T08:07:28.621+0000] {processor.py:830} INFO - Processing file /home/airflow/.local/lib/python3.12/site-packages/airflow/example_dags/example_branch_labels.py for tasks to queue
[2025-01-18T08:07:28.622+0000] {logging_mixin.py:188} INFO - [2025-01-18T08:07:28.622+0000] {dagbag.py:545} INFO - Filling up the DagBag from /home/airflow/.local/lib/python3.12/site-packages/airflow/example_dags/example_branch_labels.py
[2025-01-18T08:07:28.626+0000] {processor.py:840} INFO - DAG(s) 'example_branch_labels' retrieved from /home/airflow/.local/lib/python3.12/site-packages/airflow/example_dags/example_branch_labels.py
[2025-01-18T08:07:28.635+0000] {logging_mixin.py:188} INFO - [2025-01-18T08:07:28.635+0000] {dag.py:3089} INFO - Sync 1 DAGs
[2025-01-18T08:07:28.647+0000] {logging_mixin.py:188} INFO - [2025-01-18T08:07:28.646+0000] {dag.py:3947} INFO - Setting next_dagrun for example_branch_labels to 2025-01-17 00:00:00+00:00, run_after=2025-01-18 00:00:00+00:00
[2025-01-18T08:07:28.657+0000] {processor.py:183} INFO - Processing /home/airflow/.local/lib/python3.12/site-packages/airflow/example_dags/example_branch_labels.py took 0.041 seconds
[2025-01-18T08:07:59.565+0000] {processor.py:161} INFO - Started process (PID=1380) to work on /home/airflow/.local/lib/python3.12/site-packages/airflow/example_dags/example_branch_labels.py
[2025-01-18T08:07:59.566+0000] {processor.py:830} INFO - Processing file /home/airflow/.local/lib/python3.12/site-packages/airflow/example_dags/example_branch_labels.py for tasks to queue
[2025-01-18T08:07:59.567+0000] {logging_mixin.py:188} INFO - [2025-01-18T08:07:59.567+0000] {dagbag.py:545} INFO - Filling up the DagBag from /home/airflow/.local/lib/python3.12/site-packages/airflow/example_dags/example_branch_labels.py
[2025-01-18T08:07:59.572+0000] {processor.py:840} INFO - DAG(s) 'example_branch_labels' retrieved from /home/airflow/.local/lib/python3.12/site-packages/airflow/example_dags/example_branch_labels.py
[2025-01-18T08:07:59.626+0000] {logging_mixin.py:188} INFO - [2025-01-18T08:07:59.626+0000] {dag.py:3089} INFO - Sync 1 DAGs
[2025-01-18T08:07:59.638+0000] {logging_mixin.py:188} INFO - [2025-01-18T08:07:59.638+0000] {dag.py:3947} INFO - Setting next_dagrun for example_branch_labels to 2025-01-17 00:00:00+00:00, run_after=2025-01-18 00:00:00+00:00
[2025-01-18T08:07:59.648+0000] {processor.py:183} INFO - Processing /home/airflow/.local/lib/python3.12/site-packages/airflow/example_dags/example_branch_labels.py took 0.086 seconds
[2025-01-18T08:08:30.518+0000] {processor.py:161} INFO - Started process (PID=1647) to work on /home/airflow/.local/lib/python3.12/site-packages/airflow/example_dags/example_branch_labels.py
[2025-01-18T08:08:30.519+0000] {processor.py:830} INFO - Processing file /home/airflow/.local/lib/python3.12/site-packages/airflow/example_dags/example_branch_labels.py for tasks to queue
[2025-01-18T08:08:30.520+0000] {logging_mixin.py:188} INFO - [2025-01-18T08:08:30.520+0000] {dagbag.py:545} INFO - Filling up the DagBag from /home/airflow/.local/lib/python3.12/site-packages/airflow/example_dags/example_branch_labels.py
[2025-01-18T08:08:30.524+0000] {processor.py:840} INFO - DAG(s) 'example_branch_labels' retrieved from /home/airflow/.local/lib/python3.12/site-packages/airflow/example_dags/example_branch_labels.py
[2025-01-18T08:08:30.538+0000] {logging_mixin.py:188} INFO - [2025-01-18T08:08:30.538+0000] {dag.py:3089} INFO - Sync 1 DAGs
[2025-01-18T08:08:30.549+0000] {logging_mixin.py:188} INFO - [2025-01-18T08:08:30.549+0000] {dag.py:3947} INFO - Setting next_dagrun for example_branch_labels to 2025-01-17 00:00:00+00:00, run_after=2025-01-18 00:00:00+00:00
[2025-01-18T08:08:30.558+0000] {processor.py:183} INFO - Processing /home/airflow/.local/lib/python3.12/site-packages/airflow/example_dags/example_branch_labels.py took 0.044 seconds
[2025-01-18T08:09:00.669+0000] {processor.py:161} INFO - Started process (PID=1914) to work on /home/airflow/.local/lib/python3.12/site-packages/airflow/example_dags/example_branch_labels.py
[2025-01-18T08:09:00.670+0000] {processor.py:830} INFO - Processing file /home/airflow/.local/lib/python3.12/site-packages/airflow/example_dags/example_branch_labels.py for tasks to queue
[2025-01-18T08:09:00.672+0000] {logging_mixin.py:188} INFO - [2025-01-18T08:09:00.671+0000] {dagbag.py:545} INFO - Filling up the DagBag from /home/airflow/.local/lib/python3.12/site-packages/airflow/example_dags/example_branch_labels.py
[2025-01-18T08:09:00.676+0000] {processor.py:840} INFO - DAG(s) 'example_branch_labels' retrieved from /home/airflow/.local/lib/python3.12/site-packages/airflow/example_dags/example_branch_labels.py
[2025-01-18T08:09:00.689+0000] {logging_mixin.py:188} INFO - [2025-01-18T08:09:00.689+0000] {dag.py:3089} INFO - Sync 1 DAGs
[2025-01-18T08:09:00.701+0000] {logging_mixin.py:188} INFO - [2025-01-18T08:09:00.701+0000] {dag.py:3947} INFO - Setting next_dagrun for example_branch_labels to 2025-01-17 00:00:00+00:00, run_after=2025-01-18 00:00:00+00:00
[2025-01-18T08:09:00.710+0000] {processor.py:183} INFO - Processing /home/airflow/.local/lib/python3.12/site-packages/airflow/example_dags/example_branch_labels.py took 0.044 seconds
