[2025-01-18T06:44:33.418+0000] {processor.py:161} INFO - Started process (PID=224) to work on /home/airflow/.local/lib/python3.12/site-packages/airflow/example_dags/example_time_delta_sensor_async.py
[2025-01-18T06:44:33.419+0000] {processor.py:830} INFO - Processing file /home/airflow/.local/lib/python3.12/site-packages/airflow/example_dags/example_time_delta_sensor_async.py for tasks to queue
[2025-01-18T06:44:33.420+0000] {logging_mixin.py:188} INFO - [2025-01-18T06:44:33.420+0000] {dagbag.py:545} INFO - Filling up the DagBag from /home/airflow/.local/lib/python3.12/site-packages/airflow/example_dags/example_time_delta_sensor_async.py
[2025-01-18T06:44:33.426+0000] {processor.py:840} INFO - DAG(s) 'example_time_delta_sensor_async' retrieved from /home/airflow/.local/lib/python3.12/site-packages/airflow/example_dags/example_time_delta_sensor_async.py
[2025-01-18T06:44:33.436+0000] {logging_mixin.py:188} INFO - [2025-01-18T06:44:33.436+0000] {dag.py:3089} INFO - Sync 1 DAGs
[2025-01-18T06:44:33.443+0000] {logging_mixin.py:188} INFO - [2025-01-18T06:44:33.443+0000] {dag.py:3947} INFO - Setting next_dagrun for example_time_delta_sensor_async to None, run_after=None
[2025-01-18T06:44:33.455+0000] {processor.py:183} INFO - Processing /home/airflow/.local/lib/python3.12/site-packages/airflow/example_dags/example_time_delta_sensor_async.py took 0.040 seconds
[2025-01-18T06:45:04.283+0000] {processor.py:161} INFO - Started process (PID=501) to work on /home/airflow/.local/lib/python3.12/site-packages/airflow/example_dags/example_time_delta_sensor_async.py
[2025-01-18T06:45:04.284+0000] {processor.py:830} INFO - Processing file /home/airflow/.local/lib/python3.12/site-packages/airflow/example_dags/example_time_delta_sensor_async.py for tasks to queue
[2025-01-18T06:45:04.285+0000] {logging_mixin.py:188} INFO - [2025-01-18T06:45:04.285+0000] {dagbag.py:545} INFO - Filling up the DagBag from /home/airflow/.local/lib/python3.12/site-packages/airflow/example_dags/example_time_delta_sensor_async.py
[2025-01-18T06:45:04.289+0000] {processor.py:840} INFO - DAG(s) 'example_time_delta_sensor_async' retrieved from /home/airflow/.local/lib/python3.12/site-packages/airflow/example_dags/example_time_delta_sensor_async.py
[2025-01-18T06:45:04.344+0000] {logging_mixin.py:188} INFO - [2025-01-18T06:45:04.344+0000] {dag.py:3089} INFO - Sync 1 DAGs
[2025-01-18T06:45:04.350+0000] {logging_mixin.py:188} INFO - [2025-01-18T06:45:04.349+0000] {dag.py:3947} INFO - Setting next_dagrun for example_time_delta_sensor_async to None, run_after=None
[2025-01-18T06:45:04.363+0000] {processor.py:183} INFO - Processing /home/airflow/.local/lib/python3.12/site-packages/airflow/example_dags/example_time_delta_sensor_async.py took 0.085 seconds
[2025-01-18T06:45:34.989+0000] {processor.py:161} INFO - Started process (PID=777) to work on /home/airflow/.local/lib/python3.12/site-packages/airflow/example_dags/example_time_delta_sensor_async.py
[2025-01-18T06:45:34.990+0000] {processor.py:830} INFO - Processing file /home/airflow/.local/lib/python3.12/site-packages/airflow/example_dags/example_time_delta_sensor_async.py for tasks to queue
[2025-01-18T06:45:34.992+0000] {logging_mixin.py:188} INFO - [2025-01-18T06:45:34.991+0000] {dagbag.py:545} INFO - Filling up the DagBag from /home/airflow/.local/lib/python3.12/site-packages/airflow/example_dags/example_time_delta_sensor_async.py
[2025-01-18T06:45:34.994+0000] {processor.py:840} INFO - DAG(s) 'example_time_delta_sensor_async' retrieved from /home/airflow/.local/lib/python3.12/site-packages/airflow/example_dags/example_time_delta_sensor_async.py
[2025-01-18T06:45:35.007+0000] {logging_mixin.py:188} INFO - [2025-01-18T06:45:35.007+0000] {dag.py:3089} INFO - Sync 1 DAGs
[2025-01-18T06:45:35.014+0000] {logging_mixin.py:188} INFO - [2025-01-18T06:45:35.014+0000] {dag.py:3947} INFO - Setting next_dagrun for example_time_delta_sensor_async to None, run_after=None
[2025-01-18T06:45:35.024+0000] {processor.py:183} INFO - Processing /home/airflow/.local/lib/python3.12/site-packages/airflow/example_dags/example_time_delta_sensor_async.py took 0.039 seconds
[2025-01-18T06:46:05.355+0000] {processor.py:161} INFO - Started process (PID=1054) to work on /home/airflow/.local/lib/python3.12/site-packages/airflow/example_dags/example_time_delta_sensor_async.py
[2025-01-18T06:46:05.356+0000] {processor.py:830} INFO - Processing file /home/airflow/.local/lib/python3.12/site-packages/airflow/example_dags/example_time_delta_sensor_async.py for tasks to queue
[2025-01-18T06:46:05.358+0000] {logging_mixin.py:188} INFO - [2025-01-18T06:46:05.357+0000] {dagbag.py:545} INFO - Filling up the DagBag from /home/airflow/.local/lib/python3.12/site-packages/airflow/example_dags/example_time_delta_sensor_async.py
[2025-01-18T06:46:05.361+0000] {processor.py:840} INFO - DAG(s) 'example_time_delta_sensor_async' retrieved from /home/airflow/.local/lib/python3.12/site-packages/airflow/example_dags/example_time_delta_sensor_async.py
[2025-01-18T06:46:05.375+0000] {logging_mixin.py:188} INFO - [2025-01-18T06:46:05.375+0000] {dag.py:3089} INFO - Sync 1 DAGs
[2025-01-18T06:46:05.382+0000] {logging_mixin.py:188} INFO - [2025-01-18T06:46:05.382+0000] {dag.py:3947} INFO - Setting next_dagrun for example_time_delta_sensor_async to None, run_after=None
[2025-01-18T06:46:05.394+0000] {processor.py:183} INFO - Processing /home/airflow/.local/lib/python3.12/site-packages/airflow/example_dags/example_time_delta_sensor_async.py took 0.043 seconds
[2025-01-18T06:46:35.686+0000] {processor.py:161} INFO - Started process (PID=1331) to work on /home/airflow/.local/lib/python3.12/site-packages/airflow/example_dags/example_time_delta_sensor_async.py
[2025-01-18T06:46:35.687+0000] {processor.py:830} INFO - Processing file /home/airflow/.local/lib/python3.12/site-packages/airflow/example_dags/example_time_delta_sensor_async.py for tasks to queue
[2025-01-18T06:46:35.688+0000] {logging_mixin.py:188} INFO - [2025-01-18T06:46:35.688+0000] {dagbag.py:545} INFO - Filling up the DagBag from /home/airflow/.local/lib/python3.12/site-packages/airflow/example_dags/example_time_delta_sensor_async.py
[2025-01-18T06:46:35.691+0000] {processor.py:840} INFO - DAG(s) 'example_time_delta_sensor_async' retrieved from /home/airflow/.local/lib/python3.12/site-packages/airflow/example_dags/example_time_delta_sensor_async.py
[2025-01-18T06:46:35.706+0000] {logging_mixin.py:188} INFO - [2025-01-18T06:46:35.705+0000] {dag.py:3089} INFO - Sync 1 DAGs
[2025-01-18T06:46:35.713+0000] {logging_mixin.py:188} INFO - [2025-01-18T06:46:35.713+0000] {dag.py:3947} INFO - Setting next_dagrun for example_time_delta_sensor_async to None, run_after=None
[2025-01-18T06:46:35.724+0000] {processor.py:183} INFO - Processing /home/airflow/.local/lib/python3.12/site-packages/airflow/example_dags/example_time_delta_sensor_async.py took 0.041 seconds
[2025-01-18T06:47:16.113+0000] {processor.py:161} INFO - Started process (PID=1660) to work on /home/airflow/.local/lib/python3.12/site-packages/airflow/example_dags/example_time_delta_sensor_async.py
[2025-01-18T06:47:16.119+0000] {processor.py:830} INFO - Processing file /home/airflow/.local/lib/python3.12/site-packages/airflow/example_dags/example_time_delta_sensor_async.py for tasks to queue
[2025-01-18T06:47:16.129+0000] {logging_mixin.py:188} INFO - [2025-01-18T06:47:16.128+0000] {dagbag.py:545} INFO - Filling up the DagBag from /home/airflow/.local/lib/python3.12/site-packages/airflow/example_dags/example_time_delta_sensor_async.py
[2025-01-18T06:47:16.164+0000] {processor.py:840} INFO - DAG(s) 'example_time_delta_sensor_async' retrieved from /home/airflow/.local/lib/python3.12/site-packages/airflow/example_dags/example_time_delta_sensor_async.py
[2025-01-18T06:47:16.296+0000] {logging_mixin.py:188} INFO - [2025-01-18T06:47:16.296+0000] {dag.py:3089} INFO - Sync 1 DAGs
[2025-01-18T06:47:16.371+0000] {logging_mixin.py:188} INFO - [2025-01-18T06:47:16.371+0000] {dag.py:3947} INFO - Setting next_dagrun for example_time_delta_sensor_async to None, run_after=None
[2025-01-18T06:47:16.447+0000] {processor.py:183} INFO - Processing /home/airflow/.local/lib/python3.12/site-packages/airflow/example_dags/example_time_delta_sensor_async.py took 0.375 seconds
[2025-01-18T06:47:47.207+0000] {processor.py:161} INFO - Started process (PID=2521) to work on /home/airflow/.local/lib/python3.12/site-packages/airflow/example_dags/example_time_delta_sensor_async.py
[2025-01-18T06:47:47.208+0000] {processor.py:830} INFO - Processing file /home/airflow/.local/lib/python3.12/site-packages/airflow/example_dags/example_time_delta_sensor_async.py for tasks to queue
[2025-01-18T06:47:47.210+0000] {logging_mixin.py:188} INFO - [2025-01-18T06:47:47.210+0000] {dagbag.py:545} INFO - Filling up the DagBag from /home/airflow/.local/lib/python3.12/site-packages/airflow/example_dags/example_time_delta_sensor_async.py
[2025-01-18T06:47:47.217+0000] {processor.py:840} INFO - DAG(s) 'example_time_delta_sensor_async' retrieved from /home/airflow/.local/lib/python3.12/site-packages/airflow/example_dags/example_time_delta_sensor_async.py
[2025-01-18T06:47:47.237+0000] {logging_mixin.py:188} INFO - [2025-01-18T06:47:47.237+0000] {dag.py:3089} INFO - Sync 1 DAGs
[2025-01-18T06:47:47.249+0000] {logging_mixin.py:188} INFO - [2025-01-18T06:47:47.249+0000] {dag.py:3947} INFO - Setting next_dagrun for example_time_delta_sensor_async to None, run_after=None
[2025-01-18T06:47:47.266+0000] {processor.py:183} INFO - Processing /home/airflow/.local/lib/python3.12/site-packages/airflow/example_dags/example_time_delta_sensor_async.py took 0.067 seconds
[2025-01-18T06:48:17.768+0000] {processor.py:161} INFO - Started process (PID=3450) to work on /home/airflow/.local/lib/python3.12/site-packages/airflow/example_dags/example_time_delta_sensor_async.py
[2025-01-18T06:48:17.769+0000] {processor.py:830} INFO - Processing file /home/airflow/.local/lib/python3.12/site-packages/airflow/example_dags/example_time_delta_sensor_async.py for tasks to queue
[2025-01-18T06:48:17.771+0000] {logging_mixin.py:188} INFO - [2025-01-18T06:48:17.771+0000] {dagbag.py:545} INFO - Filling up the DagBag from /home/airflow/.local/lib/python3.12/site-packages/airflow/example_dags/example_time_delta_sensor_async.py
[2025-01-18T06:48:17.774+0000] {processor.py:840} INFO - DAG(s) 'example_time_delta_sensor_async' retrieved from /home/airflow/.local/lib/python3.12/site-packages/airflow/example_dags/example_time_delta_sensor_async.py
[2025-01-18T06:48:17.794+0000] {logging_mixin.py:188} INFO - [2025-01-18T06:48:17.794+0000] {dag.py:3089} INFO - Sync 1 DAGs
[2025-01-18T06:48:17.802+0000] {logging_mixin.py:188} INFO - [2025-01-18T06:48:17.802+0000] {dag.py:3947} INFO - Setting next_dagrun for example_time_delta_sensor_async to None, run_after=None
[2025-01-18T06:48:17.818+0000] {processor.py:183} INFO - Processing /home/airflow/.local/lib/python3.12/site-packages/airflow/example_dags/example_time_delta_sensor_async.py took 0.056 seconds
[2025-01-18T06:48:48.038+0000] {processor.py:161} INFO - Started process (PID=3873) to work on /home/airflow/.local/lib/python3.12/site-packages/airflow/example_dags/example_time_delta_sensor_async.py
[2025-01-18T06:48:48.038+0000] {processor.py:830} INFO - Processing file /home/airflow/.local/lib/python3.12/site-packages/airflow/example_dags/example_time_delta_sensor_async.py for tasks to queue
[2025-01-18T06:48:48.040+0000] {logging_mixin.py:188} INFO - [2025-01-18T06:48:48.040+0000] {dagbag.py:545} INFO - Filling up the DagBag from /home/airflow/.local/lib/python3.12/site-packages/airflow/example_dags/example_time_delta_sensor_async.py
[2025-01-18T06:48:48.044+0000] {processor.py:840} INFO - DAG(s) 'example_time_delta_sensor_async' retrieved from /home/airflow/.local/lib/python3.12/site-packages/airflow/example_dags/example_time_delta_sensor_async.py
[2025-01-18T06:48:48.058+0000] {logging_mixin.py:188} INFO - [2025-01-18T06:48:48.058+0000] {dag.py:3089} INFO - Sync 1 DAGs
[2025-01-18T06:48:48.066+0000] {logging_mixin.py:188} INFO - [2025-01-18T06:48:48.066+0000] {dag.py:3947} INFO - Setting next_dagrun for example_time_delta_sensor_async to None, run_after=None
[2025-01-18T06:48:48.078+0000] {processor.py:183} INFO - Processing /home/airflow/.local/lib/python3.12/site-packages/airflow/example_dags/example_time_delta_sensor_async.py took 0.045 seconds
[2025-01-18T06:49:18.624+0000] {processor.py:161} INFO - Started process (PID=4150) to work on /home/airflow/.local/lib/python3.12/site-packages/airflow/example_dags/example_time_delta_sensor_async.py
[2025-01-18T06:49:18.624+0000] {processor.py:830} INFO - Processing file /home/airflow/.local/lib/python3.12/site-packages/airflow/example_dags/example_time_delta_sensor_async.py for tasks to queue
[2025-01-18T06:49:18.628+0000] {logging_mixin.py:188} INFO - [2025-01-18T06:49:18.627+0000] {dagbag.py:545} INFO - Filling up the DagBag from /home/airflow/.local/lib/python3.12/site-packages/airflow/example_dags/example_time_delta_sensor_async.py
[2025-01-18T06:49:18.634+0000] {processor.py:840} INFO - DAG(s) 'example_time_delta_sensor_async' retrieved from /home/airflow/.local/lib/python3.12/site-packages/airflow/example_dags/example_time_delta_sensor_async.py
[2025-01-18T06:49:18.657+0000] {logging_mixin.py:188} INFO - [2025-01-18T06:49:18.656+0000] {dag.py:3089} INFO - Sync 1 DAGs
[2025-01-18T06:49:18.667+0000] {logging_mixin.py:188} INFO - [2025-01-18T06:49:18.667+0000] {dag.py:3947} INFO - Setting next_dagrun for example_time_delta_sensor_async to None, run_after=None
[2025-01-18T06:49:18.680+0000] {processor.py:183} INFO - Processing /home/airflow/.local/lib/python3.12/site-packages/airflow/example_dags/example_time_delta_sensor_async.py took 0.063 seconds
[2025-01-18T06:49:49.577+0000] {processor.py:161} INFO - Started process (PID=4427) to work on /home/airflow/.local/lib/python3.12/site-packages/airflow/example_dags/example_time_delta_sensor_async.py
[2025-01-18T06:49:49.578+0000] {processor.py:830} INFO - Processing file /home/airflow/.local/lib/python3.12/site-packages/airflow/example_dags/example_time_delta_sensor_async.py for tasks to queue
[2025-01-18T06:49:49.580+0000] {logging_mixin.py:188} INFO - [2025-01-18T06:49:49.580+0000] {dagbag.py:545} INFO - Filling up the DagBag from /home/airflow/.local/lib/python3.12/site-packages/airflow/example_dags/example_time_delta_sensor_async.py
[2025-01-18T06:49:49.585+0000] {processor.py:840} INFO - DAG(s) 'example_time_delta_sensor_async' retrieved from /home/airflow/.local/lib/python3.12/site-packages/airflow/example_dags/example_time_delta_sensor_async.py
[2025-01-18T06:49:49.603+0000] {logging_mixin.py:188} INFO - [2025-01-18T06:49:49.602+0000] {dag.py:3089} INFO - Sync 1 DAGs
[2025-01-18T06:49:49.610+0000] {logging_mixin.py:188} INFO - [2025-01-18T06:49:49.610+0000] {dag.py:3947} INFO - Setting next_dagrun for example_time_delta_sensor_async to None, run_after=None
[2025-01-18T06:49:49.622+0000] {processor.py:183} INFO - Processing /home/airflow/.local/lib/python3.12/site-packages/airflow/example_dags/example_time_delta_sensor_async.py took 0.051 seconds
[2025-01-18T06:50:20.224+0000] {processor.py:161} INFO - Started process (PID=4704) to work on /home/airflow/.local/lib/python3.12/site-packages/airflow/example_dags/example_time_delta_sensor_async.py
[2025-01-18T06:50:20.225+0000] {processor.py:830} INFO - Processing file /home/airflow/.local/lib/python3.12/site-packages/airflow/example_dags/example_time_delta_sensor_async.py for tasks to queue
[2025-01-18T06:50:20.227+0000] {logging_mixin.py:188} INFO - [2025-01-18T06:50:20.227+0000] {dagbag.py:545} INFO - Filling up the DagBag from /home/airflow/.local/lib/python3.12/site-packages/airflow/example_dags/example_time_delta_sensor_async.py
[2025-01-18T06:50:20.232+0000] {processor.py:840} INFO - DAG(s) 'example_time_delta_sensor_async' retrieved from /home/airflow/.local/lib/python3.12/site-packages/airflow/example_dags/example_time_delta_sensor_async.py
[2025-01-18T06:50:20.249+0000] {logging_mixin.py:188} INFO - [2025-01-18T06:50:20.249+0000] {dag.py:3089} INFO - Sync 1 DAGs
[2025-01-18T06:50:20.257+0000] {logging_mixin.py:188} INFO - [2025-01-18T06:50:20.257+0000] {dag.py:3947} INFO - Setting next_dagrun for example_time_delta_sensor_async to None, run_after=None
[2025-01-18T06:50:20.271+0000] {processor.py:183} INFO - Processing /home/airflow/.local/lib/python3.12/site-packages/airflow/example_dags/example_time_delta_sensor_async.py took 0.053 seconds
[2025-01-18T06:50:51.166+0000] {processor.py:161} INFO - Started process (PID=4981) to work on /home/airflow/.local/lib/python3.12/site-packages/airflow/example_dags/example_time_delta_sensor_async.py
[2025-01-18T06:50:51.167+0000] {processor.py:830} INFO - Processing file /home/airflow/.local/lib/python3.12/site-packages/airflow/example_dags/example_time_delta_sensor_async.py for tasks to queue
[2025-01-18T06:50:51.171+0000] {logging_mixin.py:188} INFO - [2025-01-18T06:50:51.170+0000] {dagbag.py:545} INFO - Filling up the DagBag from /home/airflow/.local/lib/python3.12/site-packages/airflow/example_dags/example_time_delta_sensor_async.py
[2025-01-18T06:50:51.176+0000] {processor.py:840} INFO - DAG(s) 'example_time_delta_sensor_async' retrieved from /home/airflow/.local/lib/python3.12/site-packages/airflow/example_dags/example_time_delta_sensor_async.py
[2025-01-18T06:50:51.198+0000] {logging_mixin.py:188} INFO - [2025-01-18T06:50:51.198+0000] {dag.py:3089} INFO - Sync 1 DAGs
[2025-01-18T06:50:51.207+0000] {logging_mixin.py:188} INFO - [2025-01-18T06:50:51.206+0000] {dag.py:3947} INFO - Setting next_dagrun for example_time_delta_sensor_async to None, run_after=None
[2025-01-18T06:50:51.218+0000] {processor.py:183} INFO - Processing /home/airflow/.local/lib/python3.12/site-packages/airflow/example_dags/example_time_delta_sensor_async.py took 0.061 seconds
[2025-01-18T06:51:22.229+0000] {processor.py:161} INFO - Started process (PID=5258) to work on /home/airflow/.local/lib/python3.12/site-packages/airflow/example_dags/example_time_delta_sensor_async.py
[2025-01-18T06:51:22.231+0000] {processor.py:830} INFO - Processing file /home/airflow/.local/lib/python3.12/site-packages/airflow/example_dags/example_time_delta_sensor_async.py for tasks to queue
[2025-01-18T06:51:22.234+0000] {logging_mixin.py:188} INFO - [2025-01-18T06:51:22.233+0000] {dagbag.py:545} INFO - Filling up the DagBag from /home/airflow/.local/lib/python3.12/site-packages/airflow/example_dags/example_time_delta_sensor_async.py
[2025-01-18T06:51:22.240+0000] {processor.py:840} INFO - DAG(s) 'example_time_delta_sensor_async' retrieved from /home/airflow/.local/lib/python3.12/site-packages/airflow/example_dags/example_time_delta_sensor_async.py
[2025-01-18T06:51:22.258+0000] {logging_mixin.py:188} INFO - [2025-01-18T06:51:22.258+0000] {dag.py:3089} INFO - Sync 1 DAGs
[2025-01-18T06:51:22.269+0000] {logging_mixin.py:188} INFO - [2025-01-18T06:51:22.269+0000] {dag.py:3947} INFO - Setting next_dagrun for example_time_delta_sensor_async to None, run_after=None
[2025-01-18T06:51:22.307+0000] {processor.py:183} INFO - Processing /home/airflow/.local/lib/python3.12/site-packages/airflow/example_dags/example_time_delta_sensor_async.py took 0.085 seconds
[2025-01-18T06:51:53.047+0000] {processor.py:161} INFO - Started process (PID=5535) to work on /home/airflow/.local/lib/python3.12/site-packages/airflow/example_dags/example_time_delta_sensor_async.py
[2025-01-18T06:51:53.048+0000] {processor.py:830} INFO - Processing file /home/airflow/.local/lib/python3.12/site-packages/airflow/example_dags/example_time_delta_sensor_async.py for tasks to queue
[2025-01-18T06:51:53.051+0000] {logging_mixin.py:188} INFO - [2025-01-18T06:51:53.050+0000] {dagbag.py:545} INFO - Filling up the DagBag from /home/airflow/.local/lib/python3.12/site-packages/airflow/example_dags/example_time_delta_sensor_async.py
[2025-01-18T06:51:53.055+0000] {processor.py:840} INFO - DAG(s) 'example_time_delta_sensor_async' retrieved from /home/airflow/.local/lib/python3.12/site-packages/airflow/example_dags/example_time_delta_sensor_async.py
[2025-01-18T06:51:53.071+0000] {logging_mixin.py:188} INFO - [2025-01-18T06:51:53.071+0000] {dag.py:3089} INFO - Sync 1 DAGs
[2025-01-18T06:51:53.080+0000] {logging_mixin.py:188} INFO - [2025-01-18T06:51:53.080+0000] {dag.py:3947} INFO - Setting next_dagrun for example_time_delta_sensor_async to None, run_after=None
[2025-01-18T06:51:53.092+0000] {processor.py:183} INFO - Processing /home/airflow/.local/lib/python3.12/site-packages/airflow/example_dags/example_time_delta_sensor_async.py took 0.051 seconds
[2025-01-18T06:52:23.394+0000] {processor.py:161} INFO - Started process (PID=5812) to work on /home/airflow/.local/lib/python3.12/site-packages/airflow/example_dags/example_time_delta_sensor_async.py
[2025-01-18T06:52:23.395+0000] {processor.py:830} INFO - Processing file /home/airflow/.local/lib/python3.12/site-packages/airflow/example_dags/example_time_delta_sensor_async.py for tasks to queue
[2025-01-18T06:52:23.397+0000] {logging_mixin.py:188} INFO - [2025-01-18T06:52:23.396+0000] {dagbag.py:545} INFO - Filling up the DagBag from /home/airflow/.local/lib/python3.12/site-packages/airflow/example_dags/example_time_delta_sensor_async.py
[2025-01-18T06:52:23.400+0000] {processor.py:840} INFO - DAG(s) 'example_time_delta_sensor_async' retrieved from /home/airflow/.local/lib/python3.12/site-packages/airflow/example_dags/example_time_delta_sensor_async.py
[2025-01-18T06:52:23.414+0000] {logging_mixin.py:188} INFO - [2025-01-18T06:52:23.414+0000] {dag.py:3089} INFO - Sync 1 DAGs
[2025-01-18T06:52:23.425+0000] {logging_mixin.py:188} INFO - [2025-01-18T06:52:23.425+0000] {dag.py:3947} INFO - Setting next_dagrun for example_time_delta_sensor_async to None, run_after=None
[2025-01-18T06:52:23.439+0000] {processor.py:183} INFO - Processing /home/airflow/.local/lib/python3.12/site-packages/airflow/example_dags/example_time_delta_sensor_async.py took 0.049 seconds
[2025-01-18T06:52:54.322+0000] {processor.py:161} INFO - Started process (PID=6089) to work on /home/airflow/.local/lib/python3.12/site-packages/airflow/example_dags/example_time_delta_sensor_async.py
[2025-01-18T06:52:54.323+0000] {processor.py:830} INFO - Processing file /home/airflow/.local/lib/python3.12/site-packages/airflow/example_dags/example_time_delta_sensor_async.py for tasks to queue
[2025-01-18T06:52:54.325+0000] {logging_mixin.py:188} INFO - [2025-01-18T06:52:54.325+0000] {dagbag.py:545} INFO - Filling up the DagBag from /home/airflow/.local/lib/python3.12/site-packages/airflow/example_dags/example_time_delta_sensor_async.py
[2025-01-18T06:52:54.329+0000] {processor.py:840} INFO - DAG(s) 'example_time_delta_sensor_async' retrieved from /home/airflow/.local/lib/python3.12/site-packages/airflow/example_dags/example_time_delta_sensor_async.py
[2025-01-18T06:52:54.345+0000] {logging_mixin.py:188} INFO - [2025-01-18T06:52:54.345+0000] {dag.py:3089} INFO - Sync 1 DAGs
[2025-01-18T06:52:54.356+0000] {logging_mixin.py:188} INFO - [2025-01-18T06:52:54.355+0000] {dag.py:3947} INFO - Setting next_dagrun for example_time_delta_sensor_async to None, run_after=None
[2025-01-18T06:52:54.372+0000] {processor.py:183} INFO - Processing /home/airflow/.local/lib/python3.12/site-packages/airflow/example_dags/example_time_delta_sensor_async.py took 0.055 seconds
[2025-01-18T06:53:25.294+0000] {processor.py:161} INFO - Started process (PID=6366) to work on /home/airflow/.local/lib/python3.12/site-packages/airflow/example_dags/example_time_delta_sensor_async.py
[2025-01-18T06:53:25.295+0000] {processor.py:830} INFO - Processing file /home/airflow/.local/lib/python3.12/site-packages/airflow/example_dags/example_time_delta_sensor_async.py for tasks to queue
[2025-01-18T06:53:25.297+0000] {logging_mixin.py:188} INFO - [2025-01-18T06:53:25.297+0000] {dagbag.py:545} INFO - Filling up the DagBag from /home/airflow/.local/lib/python3.12/site-packages/airflow/example_dags/example_time_delta_sensor_async.py
[2025-01-18T06:53:25.303+0000] {processor.py:840} INFO - DAG(s) 'example_time_delta_sensor_async' retrieved from /home/airflow/.local/lib/python3.12/site-packages/airflow/example_dags/example_time_delta_sensor_async.py
[2025-01-18T06:53:25.318+0000] {logging_mixin.py:188} INFO - [2025-01-18T06:53:25.318+0000] {dag.py:3089} INFO - Sync 1 DAGs
[2025-01-18T06:53:25.326+0000] {logging_mixin.py:188} INFO - [2025-01-18T06:53:25.326+0000] {dag.py:3947} INFO - Setting next_dagrun for example_time_delta_sensor_async to None, run_after=None
[2025-01-18T06:53:25.338+0000] {processor.py:183} INFO - Processing /home/airflow/.local/lib/python3.12/site-packages/airflow/example_dags/example_time_delta_sensor_async.py took 0.049 seconds
[2025-01-18T06:53:56.167+0000] {processor.py:161} INFO - Started process (PID=6643) to work on /home/airflow/.local/lib/python3.12/site-packages/airflow/example_dags/example_time_delta_sensor_async.py
[2025-01-18T06:53:56.168+0000] {processor.py:830} INFO - Processing file /home/airflow/.local/lib/python3.12/site-packages/airflow/example_dags/example_time_delta_sensor_async.py for tasks to queue
[2025-01-18T06:53:56.173+0000] {logging_mixin.py:188} INFO - [2025-01-18T06:53:56.173+0000] {dagbag.py:545} INFO - Filling up the DagBag from /home/airflow/.local/lib/python3.12/site-packages/airflow/example_dags/example_time_delta_sensor_async.py
[2025-01-18T06:53:56.177+0000] {processor.py:840} INFO - DAG(s) 'example_time_delta_sensor_async' retrieved from /home/airflow/.local/lib/python3.12/site-packages/airflow/example_dags/example_time_delta_sensor_async.py
[2025-01-18T06:53:56.203+0000] {logging_mixin.py:188} INFO - [2025-01-18T06:53:56.203+0000] {dag.py:3089} INFO - Sync 1 DAGs
[2025-01-18T06:53:56.214+0000] {logging_mixin.py:188} INFO - [2025-01-18T06:53:56.213+0000] {dag.py:3947} INFO - Setting next_dagrun for example_time_delta_sensor_async to None, run_after=None
[2025-01-18T06:53:56.226+0000] {processor.py:183} INFO - Processing /home/airflow/.local/lib/python3.12/site-packages/airflow/example_dags/example_time_delta_sensor_async.py took 0.067 seconds
[2025-01-18T06:54:26.605+0000] {processor.py:161} INFO - Started process (PID=6920) to work on /home/airflow/.local/lib/python3.12/site-packages/airflow/example_dags/example_time_delta_sensor_async.py
[2025-01-18T06:54:26.606+0000] {processor.py:830} INFO - Processing file /home/airflow/.local/lib/python3.12/site-packages/airflow/example_dags/example_time_delta_sensor_async.py for tasks to queue
[2025-01-18T06:54:26.608+0000] {logging_mixin.py:188} INFO - [2025-01-18T06:54:26.608+0000] {dagbag.py:545} INFO - Filling up the DagBag from /home/airflow/.local/lib/python3.12/site-packages/airflow/example_dags/example_time_delta_sensor_async.py
[2025-01-18T06:54:26.611+0000] {processor.py:840} INFO - DAG(s) 'example_time_delta_sensor_async' retrieved from /home/airflow/.local/lib/python3.12/site-packages/airflow/example_dags/example_time_delta_sensor_async.py
[2025-01-18T06:54:26.626+0000] {logging_mixin.py:188} INFO - [2025-01-18T06:54:26.626+0000] {dag.py:3089} INFO - Sync 1 DAGs
[2025-01-18T06:54:26.635+0000] {logging_mixin.py:188} INFO - [2025-01-18T06:54:26.635+0000] {dag.py:3947} INFO - Setting next_dagrun for example_time_delta_sensor_async to None, run_after=None
[2025-01-18T06:54:26.648+0000] {processor.py:183} INFO - Processing /home/airflow/.local/lib/python3.12/site-packages/airflow/example_dags/example_time_delta_sensor_async.py took 0.048 seconds
[2025-01-18T06:54:57.531+0000] {processor.py:161} INFO - Started process (PID=7197) to work on /home/airflow/.local/lib/python3.12/site-packages/airflow/example_dags/example_time_delta_sensor_async.py
[2025-01-18T06:54:57.532+0000] {processor.py:830} INFO - Processing file /home/airflow/.local/lib/python3.12/site-packages/airflow/example_dags/example_time_delta_sensor_async.py for tasks to queue
[2025-01-18T06:54:57.537+0000] {logging_mixin.py:188} INFO - [2025-01-18T06:54:57.537+0000] {dagbag.py:545} INFO - Filling up the DagBag from /home/airflow/.local/lib/python3.12/site-packages/airflow/example_dags/example_time_delta_sensor_async.py
[2025-01-18T06:54:57.542+0000] {processor.py:840} INFO - DAG(s) 'example_time_delta_sensor_async' retrieved from /home/airflow/.local/lib/python3.12/site-packages/airflow/example_dags/example_time_delta_sensor_async.py
[2025-01-18T06:54:57.564+0000] {logging_mixin.py:188} INFO - [2025-01-18T06:54:57.564+0000] {dag.py:3089} INFO - Sync 1 DAGs
[2025-01-18T06:54:57.574+0000] {logging_mixin.py:188} INFO - [2025-01-18T06:54:57.573+0000] {dag.py:3947} INFO - Setting next_dagrun for example_time_delta_sensor_async to None, run_after=None
[2025-01-18T06:54:57.591+0000] {processor.py:183} INFO - Processing /home/airflow/.local/lib/python3.12/site-packages/airflow/example_dags/example_time_delta_sensor_async.py took 0.067 seconds
[2025-01-18T06:55:27.719+0000] {processor.py:161} INFO - Started process (PID=7476) to work on /home/airflow/.local/lib/python3.12/site-packages/airflow/example_dags/example_time_delta_sensor_async.py
[2025-01-18T06:55:27.720+0000] {processor.py:830} INFO - Processing file /home/airflow/.local/lib/python3.12/site-packages/airflow/example_dags/example_time_delta_sensor_async.py for tasks to queue
[2025-01-18T06:55:27.721+0000] {logging_mixin.py:188} INFO - [2025-01-18T06:55:27.721+0000] {dagbag.py:545} INFO - Filling up the DagBag from /home/airflow/.local/lib/python3.12/site-packages/airflow/example_dags/example_time_delta_sensor_async.py
[2025-01-18T06:55:27.724+0000] {processor.py:840} INFO - DAG(s) 'example_time_delta_sensor_async' retrieved from /home/airflow/.local/lib/python3.12/site-packages/airflow/example_dags/example_time_delta_sensor_async.py
[2025-01-18T06:55:27.750+0000] {logging_mixin.py:188} INFO - [2025-01-18T06:55:27.750+0000] {dag.py:3089} INFO - Sync 1 DAGs
[2025-01-18T06:55:27.758+0000] {logging_mixin.py:188} INFO - [2025-01-18T06:55:27.758+0000] {dag.py:3947} INFO - Setting next_dagrun for example_time_delta_sensor_async to None, run_after=None
[2025-01-18T06:55:27.775+0000] {processor.py:183} INFO - Processing /home/airflow/.local/lib/python3.12/site-packages/airflow/example_dags/example_time_delta_sensor_async.py took 0.061 seconds
[2025-01-18T06:55:58.413+0000] {processor.py:161} INFO - Started process (PID=7753) to work on /home/airflow/.local/lib/python3.12/site-packages/airflow/example_dags/example_time_delta_sensor_async.py
[2025-01-18T06:55:58.414+0000] {processor.py:830} INFO - Processing file /home/airflow/.local/lib/python3.12/site-packages/airflow/example_dags/example_time_delta_sensor_async.py for tasks to queue
[2025-01-18T06:55:58.416+0000] {logging_mixin.py:188} INFO - [2025-01-18T06:55:58.416+0000] {dagbag.py:545} INFO - Filling up the DagBag from /home/airflow/.local/lib/python3.12/site-packages/airflow/example_dags/example_time_delta_sensor_async.py
[2025-01-18T06:55:58.420+0000] {processor.py:840} INFO - DAG(s) 'example_time_delta_sensor_async' retrieved from /home/airflow/.local/lib/python3.12/site-packages/airflow/example_dags/example_time_delta_sensor_async.py
[2025-01-18T06:55:58.433+0000] {logging_mixin.py:188} INFO - [2025-01-18T06:55:58.433+0000] {dag.py:3089} INFO - Sync 1 DAGs
[2025-01-18T06:55:58.440+0000] {logging_mixin.py:188} INFO - [2025-01-18T06:55:58.440+0000] {dag.py:3947} INFO - Setting next_dagrun for example_time_delta_sensor_async to None, run_after=None
[2025-01-18T06:55:58.450+0000] {processor.py:183} INFO - Processing /home/airflow/.local/lib/python3.12/site-packages/airflow/example_dags/example_time_delta_sensor_async.py took 0.041 seconds
[2025-01-18T06:56:28.723+0000] {processor.py:161} INFO - Started process (PID=8028) to work on /home/airflow/.local/lib/python3.12/site-packages/airflow/example_dags/example_time_delta_sensor_async.py
[2025-01-18T06:56:28.723+0000] {processor.py:830} INFO - Processing file /home/airflow/.local/lib/python3.12/site-packages/airflow/example_dags/example_time_delta_sensor_async.py for tasks to queue
[2025-01-18T06:56:28.725+0000] {logging_mixin.py:188} INFO - [2025-01-18T06:56:28.725+0000] {dagbag.py:545} INFO - Filling up the DagBag from /home/airflow/.local/lib/python3.12/site-packages/airflow/example_dags/example_time_delta_sensor_async.py
[2025-01-18T06:56:28.729+0000] {processor.py:840} INFO - DAG(s) 'example_time_delta_sensor_async' retrieved from /home/airflow/.local/lib/python3.12/site-packages/airflow/example_dags/example_time_delta_sensor_async.py
[2025-01-18T06:56:28.744+0000] {logging_mixin.py:188} INFO - [2025-01-18T06:56:28.744+0000] {dag.py:3089} INFO - Sync 1 DAGs
[2025-01-18T06:56:28.751+0000] {logging_mixin.py:188} INFO - [2025-01-18T06:56:28.751+0000] {dag.py:3947} INFO - Setting next_dagrun for example_time_delta_sensor_async to None, run_after=None
[2025-01-18T06:56:28.764+0000] {processor.py:183} INFO - Processing /home/airflow/.local/lib/python3.12/site-packages/airflow/example_dags/example_time_delta_sensor_async.py took 0.047 seconds
[2025-01-18T06:56:58.971+0000] {processor.py:161} INFO - Started process (PID=8307) to work on /home/airflow/.local/lib/python3.12/site-packages/airflow/example_dags/example_time_delta_sensor_async.py
[2025-01-18T06:56:58.972+0000] {processor.py:830} INFO - Processing file /home/airflow/.local/lib/python3.12/site-packages/airflow/example_dags/example_time_delta_sensor_async.py for tasks to queue
[2025-01-18T06:56:58.974+0000] {logging_mixin.py:188} INFO - [2025-01-18T06:56:58.974+0000] {dagbag.py:545} INFO - Filling up the DagBag from /home/airflow/.local/lib/python3.12/site-packages/airflow/example_dags/example_time_delta_sensor_async.py
[2025-01-18T06:56:58.977+0000] {processor.py:840} INFO - DAG(s) 'example_time_delta_sensor_async' retrieved from /home/airflow/.local/lib/python3.12/site-packages/airflow/example_dags/example_time_delta_sensor_async.py
[2025-01-18T06:56:58.992+0000] {logging_mixin.py:188} INFO - [2025-01-18T06:56:58.992+0000] {dag.py:3089} INFO - Sync 1 DAGs
[2025-01-18T06:56:58.999+0000] {logging_mixin.py:188} INFO - [2025-01-18T06:56:58.998+0000] {dag.py:3947} INFO - Setting next_dagrun for example_time_delta_sensor_async to None, run_after=None
[2025-01-18T06:56:59.012+0000] {processor.py:183} INFO - Processing /home/airflow/.local/lib/python3.12/site-packages/airflow/example_dags/example_time_delta_sensor_async.py took 0.045 seconds
[2025-01-18T06:57:29.090+0000] {processor.py:161} INFO - Started process (PID=8584) to work on /home/airflow/.local/lib/python3.12/site-packages/airflow/example_dags/example_time_delta_sensor_async.py
[2025-01-18T06:57:29.091+0000] {processor.py:830} INFO - Processing file /home/airflow/.local/lib/python3.12/site-packages/airflow/example_dags/example_time_delta_sensor_async.py for tasks to queue
[2025-01-18T06:57:29.092+0000] {logging_mixin.py:188} INFO - [2025-01-18T06:57:29.092+0000] {dagbag.py:545} INFO - Filling up the DagBag from /home/airflow/.local/lib/python3.12/site-packages/airflow/example_dags/example_time_delta_sensor_async.py
[2025-01-18T06:57:29.096+0000] {processor.py:840} INFO - DAG(s) 'example_time_delta_sensor_async' retrieved from /home/airflow/.local/lib/python3.12/site-packages/airflow/example_dags/example_time_delta_sensor_async.py
[2025-01-18T06:57:29.110+0000] {logging_mixin.py:188} INFO - [2025-01-18T06:57:29.110+0000] {dag.py:3089} INFO - Sync 1 DAGs
[2025-01-18T06:57:29.117+0000] {logging_mixin.py:188} INFO - [2025-01-18T06:57:29.117+0000] {dag.py:3947} INFO - Setting next_dagrun for example_time_delta_sensor_async to None, run_after=None
[2025-01-18T06:57:29.130+0000] {processor.py:183} INFO - Processing /home/airflow/.local/lib/python3.12/site-packages/airflow/example_dags/example_time_delta_sensor_async.py took 0.045 seconds
[2025-01-18T06:57:59.322+0000] {processor.py:161} INFO - Started process (PID=8859) to work on /home/airflow/.local/lib/python3.12/site-packages/airflow/example_dags/example_time_delta_sensor_async.py
[2025-01-18T06:57:59.323+0000] {processor.py:830} INFO - Processing file /home/airflow/.local/lib/python3.12/site-packages/airflow/example_dags/example_time_delta_sensor_async.py for tasks to queue
[2025-01-18T06:57:59.325+0000] {logging_mixin.py:188} INFO - [2025-01-18T06:57:59.325+0000] {dagbag.py:545} INFO - Filling up the DagBag from /home/airflow/.local/lib/python3.12/site-packages/airflow/example_dags/example_time_delta_sensor_async.py
[2025-01-18T06:57:59.328+0000] {processor.py:840} INFO - DAG(s) 'example_time_delta_sensor_async' retrieved from /home/airflow/.local/lib/python3.12/site-packages/airflow/example_dags/example_time_delta_sensor_async.py
[2025-01-18T06:57:59.342+0000] {logging_mixin.py:188} INFO - [2025-01-18T06:57:59.342+0000] {dag.py:3089} INFO - Sync 1 DAGs
[2025-01-18T06:57:59.350+0000] {logging_mixin.py:188} INFO - [2025-01-18T06:57:59.350+0000] {dag.py:3947} INFO - Setting next_dagrun for example_time_delta_sensor_async to None, run_after=None
[2025-01-18T06:57:59.361+0000] {processor.py:183} INFO - Processing /home/airflow/.local/lib/python3.12/site-packages/airflow/example_dags/example_time_delta_sensor_async.py took 0.043 seconds
[2025-01-18T06:58:29.815+0000] {processor.py:161} INFO - Started process (PID=9136) to work on /home/airflow/.local/lib/python3.12/site-packages/airflow/example_dags/example_time_delta_sensor_async.py
[2025-01-18T06:58:29.816+0000] {processor.py:830} INFO - Processing file /home/airflow/.local/lib/python3.12/site-packages/airflow/example_dags/example_time_delta_sensor_async.py for tasks to queue
[2025-01-18T06:58:29.818+0000] {logging_mixin.py:188} INFO - [2025-01-18T06:58:29.818+0000] {dagbag.py:545} INFO - Filling up the DagBag from /home/airflow/.local/lib/python3.12/site-packages/airflow/example_dags/example_time_delta_sensor_async.py
[2025-01-18T06:58:29.821+0000] {processor.py:840} INFO - DAG(s) 'example_time_delta_sensor_async' retrieved from /home/airflow/.local/lib/python3.12/site-packages/airflow/example_dags/example_time_delta_sensor_async.py
[2025-01-18T06:58:29.837+0000] {logging_mixin.py:188} INFO - [2025-01-18T06:58:29.837+0000] {dag.py:3089} INFO - Sync 1 DAGs
[2025-01-18T06:58:29.848+0000] {logging_mixin.py:188} INFO - [2025-01-18T06:58:29.848+0000] {dag.py:3947} INFO - Setting next_dagrun for example_time_delta_sensor_async to None, run_after=None
[2025-01-18T06:58:29.863+0000] {processor.py:183} INFO - Processing /home/airflow/.local/lib/python3.12/site-packages/airflow/example_dags/example_time_delta_sensor_async.py took 0.053 seconds
[2025-01-18T06:59:01.253+0000] {processor.py:161} INFO - Started process (PID=9413) to work on /home/airflow/.local/lib/python3.12/site-packages/airflow/example_dags/example_time_delta_sensor_async.py
[2025-01-18T06:59:01.254+0000] {processor.py:830} INFO - Processing file /home/airflow/.local/lib/python3.12/site-packages/airflow/example_dags/example_time_delta_sensor_async.py for tasks to queue
[2025-01-18T06:59:01.256+0000] {logging_mixin.py:188} INFO - [2025-01-18T06:59:01.256+0000] {dagbag.py:545} INFO - Filling up the DagBag from /home/airflow/.local/lib/python3.12/site-packages/airflow/example_dags/example_time_delta_sensor_async.py
[2025-01-18T06:59:01.260+0000] {processor.py:840} INFO - DAG(s) 'example_time_delta_sensor_async' retrieved from /home/airflow/.local/lib/python3.12/site-packages/airflow/example_dags/example_time_delta_sensor_async.py
[2025-01-18T06:59:01.275+0000] {logging_mixin.py:188} INFO - [2025-01-18T06:59:01.275+0000] {dag.py:3089} INFO - Sync 1 DAGs
[2025-01-18T06:59:01.283+0000] {logging_mixin.py:188} INFO - [2025-01-18T06:59:01.283+0000] {dag.py:3947} INFO - Setting next_dagrun for example_time_delta_sensor_async to None, run_after=None
[2025-01-18T06:59:01.296+0000] {processor.py:183} INFO - Processing /home/airflow/.local/lib/python3.12/site-packages/airflow/example_dags/example_time_delta_sensor_async.py took 0.048 seconds
[2025-01-18T06:59:47.019+0000] {processor.py:161} INFO - Started process (PID=9697) to work on /home/airflow/.local/lib/python3.12/site-packages/airflow/example_dags/example_time_delta_sensor_async.py
[2025-01-18T06:59:47.020+0000] {processor.py:830} INFO - Processing file /home/airflow/.local/lib/python3.12/site-packages/airflow/example_dags/example_time_delta_sensor_async.py for tasks to queue
[2025-01-18T06:59:47.021+0000] {logging_mixin.py:188} INFO - [2025-01-18T06:59:47.021+0000] {dagbag.py:545} INFO - Filling up the DagBag from /home/airflow/.local/lib/python3.12/site-packages/airflow/example_dags/example_time_delta_sensor_async.py
[2025-01-18T06:59:47.025+0000] {processor.py:840} INFO - DAG(s) 'example_time_delta_sensor_async' retrieved from /home/airflow/.local/lib/python3.12/site-packages/airflow/example_dags/example_time_delta_sensor_async.py
[2025-01-18T06:59:47.041+0000] {logging_mixin.py:188} INFO - [2025-01-18T06:59:47.041+0000] {dag.py:3089} INFO - Sync 1 DAGs
[2025-01-18T06:59:47.053+0000] {logging_mixin.py:188} INFO - [2025-01-18T06:59:47.053+0000] {dag.py:3947} INFO - Setting next_dagrun for example_time_delta_sensor_async to None, run_after=None
[2025-01-18T06:59:47.065+0000] {processor.py:183} INFO - Processing /home/airflow/.local/lib/python3.12/site-packages/airflow/example_dags/example_time_delta_sensor_async.py took 0.050 seconds
[2025-01-18T07:00:17.260+0000] {processor.py:161} INFO - Started process (PID=9974) to work on /home/airflow/.local/lib/python3.12/site-packages/airflow/example_dags/example_time_delta_sensor_async.py
[2025-01-18T07:00:17.261+0000] {processor.py:830} INFO - Processing file /home/airflow/.local/lib/python3.12/site-packages/airflow/example_dags/example_time_delta_sensor_async.py for tasks to queue
[2025-01-18T07:00:17.262+0000] {logging_mixin.py:188} INFO - [2025-01-18T07:00:17.262+0000] {dagbag.py:545} INFO - Filling up the DagBag from /home/airflow/.local/lib/python3.12/site-packages/airflow/example_dags/example_time_delta_sensor_async.py
[2025-01-18T07:00:17.266+0000] {processor.py:840} INFO - DAG(s) 'example_time_delta_sensor_async' retrieved from /home/airflow/.local/lib/python3.12/site-packages/airflow/example_dags/example_time_delta_sensor_async.py
[2025-01-18T07:00:17.280+0000] {logging_mixin.py:188} INFO - [2025-01-18T07:00:17.279+0000] {dag.py:3089} INFO - Sync 1 DAGs
[2025-01-18T07:00:17.287+0000] {logging_mixin.py:188} INFO - [2025-01-18T07:00:17.287+0000] {dag.py:3947} INFO - Setting next_dagrun for example_time_delta_sensor_async to None, run_after=None
[2025-01-18T07:00:17.298+0000] {processor.py:183} INFO - Processing /home/airflow/.local/lib/python3.12/site-packages/airflow/example_dags/example_time_delta_sensor_async.py took 0.041 seconds
[2025-01-18T07:00:47.658+0000] {processor.py:161} INFO - Started process (PID=10251) to work on /home/airflow/.local/lib/python3.12/site-packages/airflow/example_dags/example_time_delta_sensor_async.py
[2025-01-18T07:00:47.659+0000] {processor.py:830} INFO - Processing file /home/airflow/.local/lib/python3.12/site-packages/airflow/example_dags/example_time_delta_sensor_async.py for tasks to queue
[2025-01-18T07:00:47.661+0000] {logging_mixin.py:188} INFO - [2025-01-18T07:00:47.661+0000] {dagbag.py:545} INFO - Filling up the DagBag from /home/airflow/.local/lib/python3.12/site-packages/airflow/example_dags/example_time_delta_sensor_async.py
[2025-01-18T07:00:47.667+0000] {processor.py:840} INFO - DAG(s) 'example_time_delta_sensor_async' retrieved from /home/airflow/.local/lib/python3.12/site-packages/airflow/example_dags/example_time_delta_sensor_async.py
[2025-01-18T07:00:47.684+0000] {logging_mixin.py:188} INFO - [2025-01-18T07:00:47.684+0000] {dag.py:3089} INFO - Sync 1 DAGs
[2025-01-18T07:00:47.708+0000] {logging_mixin.py:188} INFO - [2025-01-18T07:00:47.707+0000] {dag.py:3947} INFO - Setting next_dagrun for example_time_delta_sensor_async to None, run_after=None
[2025-01-18T07:00:47.723+0000] {processor.py:183} INFO - Processing /home/airflow/.local/lib/python3.12/site-packages/airflow/example_dags/example_time_delta_sensor_async.py took 0.069 seconds
[2025-01-18T07:01:17.912+0000] {processor.py:161} INFO - Started process (PID=10526) to work on /home/airflow/.local/lib/python3.12/site-packages/airflow/example_dags/example_time_delta_sensor_async.py
[2025-01-18T07:01:17.912+0000] {processor.py:830} INFO - Processing file /home/airflow/.local/lib/python3.12/site-packages/airflow/example_dags/example_time_delta_sensor_async.py for tasks to queue
[2025-01-18T07:01:17.914+0000] {logging_mixin.py:188} INFO - [2025-01-18T07:01:17.914+0000] {dagbag.py:545} INFO - Filling up the DagBag from /home/airflow/.local/lib/python3.12/site-packages/airflow/example_dags/example_time_delta_sensor_async.py
[2025-01-18T07:01:17.918+0000] {processor.py:840} INFO - DAG(s) 'example_time_delta_sensor_async' retrieved from /home/airflow/.local/lib/python3.12/site-packages/airflow/example_dags/example_time_delta_sensor_async.py
[2025-01-18T07:01:17.932+0000] {logging_mixin.py:188} INFO - [2025-01-18T07:01:17.932+0000] {dag.py:3089} INFO - Sync 1 DAGs
[2025-01-18T07:01:17.939+0000] {logging_mixin.py:188} INFO - [2025-01-18T07:01:17.939+0000] {dag.py:3947} INFO - Setting next_dagrun for example_time_delta_sensor_async to None, run_after=None
[2025-01-18T07:01:17.950+0000] {processor.py:183} INFO - Processing /home/airflow/.local/lib/python3.12/site-packages/airflow/example_dags/example_time_delta_sensor_async.py took 0.043 seconds
[2025-01-18T07:01:48.287+0000] {processor.py:161} INFO - Started process (PID=10805) to work on /home/airflow/.local/lib/python3.12/site-packages/airflow/example_dags/example_time_delta_sensor_async.py
[2025-01-18T07:01:48.288+0000] {processor.py:830} INFO - Processing file /home/airflow/.local/lib/python3.12/site-packages/airflow/example_dags/example_time_delta_sensor_async.py for tasks to queue
[2025-01-18T07:01:48.290+0000] {logging_mixin.py:188} INFO - [2025-01-18T07:01:48.289+0000] {dagbag.py:545} INFO - Filling up the DagBag from /home/airflow/.local/lib/python3.12/site-packages/airflow/example_dags/example_time_delta_sensor_async.py
[2025-01-18T07:01:48.292+0000] {processor.py:840} INFO - DAG(s) 'example_time_delta_sensor_async' retrieved from /home/airflow/.local/lib/python3.12/site-packages/airflow/example_dags/example_time_delta_sensor_async.py
[2025-01-18T07:01:48.306+0000] {logging_mixin.py:188} INFO - [2025-01-18T07:01:48.306+0000] {dag.py:3089} INFO - Sync 1 DAGs
[2025-01-18T07:01:48.313+0000] {logging_mixin.py:188} INFO - [2025-01-18T07:01:48.312+0000] {dag.py:3947} INFO - Setting next_dagrun for example_time_delta_sensor_async to None, run_after=None
[2025-01-18T07:01:48.323+0000] {processor.py:183} INFO - Processing /home/airflow/.local/lib/python3.12/site-packages/airflow/example_dags/example_time_delta_sensor_async.py took 0.040 seconds
[2025-01-18T07:02:18.547+0000] {processor.py:161} INFO - Started process (PID=11080) to work on /home/airflow/.local/lib/python3.12/site-packages/airflow/example_dags/example_time_delta_sensor_async.py
[2025-01-18T07:02:18.547+0000] {processor.py:830} INFO - Processing file /home/airflow/.local/lib/python3.12/site-packages/airflow/example_dags/example_time_delta_sensor_async.py for tasks to queue
[2025-01-18T07:02:18.550+0000] {logging_mixin.py:188} INFO - [2025-01-18T07:02:18.549+0000] {dagbag.py:545} INFO - Filling up the DagBag from /home/airflow/.local/lib/python3.12/site-packages/airflow/example_dags/example_time_delta_sensor_async.py
[2025-01-18T07:02:18.553+0000] {processor.py:840} INFO - DAG(s) 'example_time_delta_sensor_async' retrieved from /home/airflow/.local/lib/python3.12/site-packages/airflow/example_dags/example_time_delta_sensor_async.py
[2025-01-18T07:02:18.567+0000] {logging_mixin.py:188} INFO - [2025-01-18T07:02:18.567+0000] {dag.py:3089} INFO - Sync 1 DAGs
[2025-01-18T07:02:18.585+0000] {logging_mixin.py:188} INFO - [2025-01-18T07:02:18.584+0000] {dag.py:3947} INFO - Setting next_dagrun for example_time_delta_sensor_async to None, run_after=None
[2025-01-18T07:02:18.597+0000] {processor.py:183} INFO - Processing /home/airflow/.local/lib/python3.12/site-packages/airflow/example_dags/example_time_delta_sensor_async.py took 0.055 seconds
[2025-01-18T07:02:48.920+0000] {processor.py:161} INFO - Started process (PID=11359) to work on /home/airflow/.local/lib/python3.12/site-packages/airflow/example_dags/example_time_delta_sensor_async.py
[2025-01-18T07:02:48.920+0000] {processor.py:830} INFO - Processing file /home/airflow/.local/lib/python3.12/site-packages/airflow/example_dags/example_time_delta_sensor_async.py for tasks to queue
[2025-01-18T07:02:48.922+0000] {logging_mixin.py:188} INFO - [2025-01-18T07:02:48.922+0000] {dagbag.py:545} INFO - Filling up the DagBag from /home/airflow/.local/lib/python3.12/site-packages/airflow/example_dags/example_time_delta_sensor_async.py
[2025-01-18T07:02:48.925+0000] {processor.py:840} INFO - DAG(s) 'example_time_delta_sensor_async' retrieved from /home/airflow/.local/lib/python3.12/site-packages/airflow/example_dags/example_time_delta_sensor_async.py
[2025-01-18T07:02:48.939+0000] {logging_mixin.py:188} INFO - [2025-01-18T07:02:48.939+0000] {dag.py:3089} INFO - Sync 1 DAGs
[2025-01-18T07:02:48.947+0000] {logging_mixin.py:188} INFO - [2025-01-18T07:02:48.947+0000] {dag.py:3947} INFO - Setting next_dagrun for example_time_delta_sensor_async to None, run_after=None
[2025-01-18T07:02:48.957+0000] {processor.py:183} INFO - Processing /home/airflow/.local/lib/python3.12/site-packages/airflow/example_dags/example_time_delta_sensor_async.py took 0.041 seconds
[2025-01-18T07:03:19.139+0000] {processor.py:161} INFO - Started process (PID=11637) to work on /home/airflow/.local/lib/python3.12/site-packages/airflow/example_dags/example_time_delta_sensor_async.py
[2025-01-18T07:03:19.140+0000] {processor.py:830} INFO - Processing file /home/airflow/.local/lib/python3.12/site-packages/airflow/example_dags/example_time_delta_sensor_async.py for tasks to queue
[2025-01-18T07:03:19.142+0000] {logging_mixin.py:188} INFO - [2025-01-18T07:03:19.141+0000] {dagbag.py:545} INFO - Filling up the DagBag from /home/airflow/.local/lib/python3.12/site-packages/airflow/example_dags/example_time_delta_sensor_async.py
[2025-01-18T07:03:19.144+0000] {processor.py:840} INFO - DAG(s) 'example_time_delta_sensor_async' retrieved from /home/airflow/.local/lib/python3.12/site-packages/airflow/example_dags/example_time_delta_sensor_async.py
[2025-01-18T07:03:19.157+0000] {logging_mixin.py:188} INFO - [2025-01-18T07:03:19.157+0000] {dag.py:3089} INFO - Sync 1 DAGs
[2025-01-18T07:03:19.165+0000] {logging_mixin.py:188} INFO - [2025-01-18T07:03:19.164+0000] {dag.py:3947} INFO - Setting next_dagrun for example_time_delta_sensor_async to None, run_after=None
[2025-01-18T07:03:19.175+0000] {processor.py:183} INFO - Processing /home/airflow/.local/lib/python3.12/site-packages/airflow/example_dags/example_time_delta_sensor_async.py took 0.040 seconds
[2025-01-18T07:03:49.315+0000] {processor.py:161} INFO - Started process (PID=11915) to work on /home/airflow/.local/lib/python3.12/site-packages/airflow/example_dags/example_time_delta_sensor_async.py
[2025-01-18T07:03:49.316+0000] {processor.py:830} INFO - Processing file /home/airflow/.local/lib/python3.12/site-packages/airflow/example_dags/example_time_delta_sensor_async.py for tasks to queue
[2025-01-18T07:03:49.318+0000] {logging_mixin.py:188} INFO - [2025-01-18T07:03:49.317+0000] {dagbag.py:545} INFO - Filling up the DagBag from /home/airflow/.local/lib/python3.12/site-packages/airflow/example_dags/example_time_delta_sensor_async.py
[2025-01-18T07:03:49.321+0000] {processor.py:840} INFO - DAG(s) 'example_time_delta_sensor_async' retrieved from /home/airflow/.local/lib/python3.12/site-packages/airflow/example_dags/example_time_delta_sensor_async.py
[2025-01-18T07:03:49.336+0000] {logging_mixin.py:188} INFO - [2025-01-18T07:03:49.336+0000] {dag.py:3089} INFO - Sync 1 DAGs
[2025-01-18T07:03:49.344+0000] {logging_mixin.py:188} INFO - [2025-01-18T07:03:49.344+0000] {dag.py:3947} INFO - Setting next_dagrun for example_time_delta_sensor_async to None, run_after=None
[2025-01-18T07:03:49.356+0000] {processor.py:183} INFO - Processing /home/airflow/.local/lib/python3.12/site-packages/airflow/example_dags/example_time_delta_sensor_async.py took 0.045 seconds
[2025-01-18T07:04:19.752+0000] {processor.py:161} INFO - Started process (PID=12186) to work on /home/airflow/.local/lib/python3.12/site-packages/airflow/example_dags/example_time_delta_sensor_async.py
[2025-01-18T07:04:19.753+0000] {processor.py:830} INFO - Processing file /home/airflow/.local/lib/python3.12/site-packages/airflow/example_dags/example_time_delta_sensor_async.py for tasks to queue
[2025-01-18T07:04:19.755+0000] {logging_mixin.py:188} INFO - [2025-01-18T07:04:19.754+0000] {dagbag.py:545} INFO - Filling up the DagBag from /home/airflow/.local/lib/python3.12/site-packages/airflow/example_dags/example_time_delta_sensor_async.py
[2025-01-18T07:04:19.759+0000] {processor.py:840} INFO - DAG(s) 'example_time_delta_sensor_async' retrieved from /home/airflow/.local/lib/python3.12/site-packages/airflow/example_dags/example_time_delta_sensor_async.py
[2025-01-18T07:04:19.776+0000] {logging_mixin.py:188} INFO - [2025-01-18T07:04:19.776+0000] {dag.py:3089} INFO - Sync 1 DAGs
[2025-01-18T07:04:19.784+0000] {logging_mixin.py:188} INFO - [2025-01-18T07:04:19.784+0000] {dag.py:3947} INFO - Setting next_dagrun for example_time_delta_sensor_async to None, run_after=None
[2025-01-18T07:04:19.797+0000] {processor.py:183} INFO - Processing /home/airflow/.local/lib/python3.12/site-packages/airflow/example_dags/example_time_delta_sensor_async.py took 0.049 seconds
[2025-01-18T07:04:49.981+0000] {processor.py:161} INFO - Started process (PID=12461) to work on /home/airflow/.local/lib/python3.12/site-packages/airflow/example_dags/example_time_delta_sensor_async.py
[2025-01-18T07:04:49.982+0000] {processor.py:830} INFO - Processing file /home/airflow/.local/lib/python3.12/site-packages/airflow/example_dags/example_time_delta_sensor_async.py for tasks to queue
[2025-01-18T07:04:49.985+0000] {logging_mixin.py:188} INFO - [2025-01-18T07:04:49.984+0000] {dagbag.py:545} INFO - Filling up the DagBag from /home/airflow/.local/lib/python3.12/site-packages/airflow/example_dags/example_time_delta_sensor_async.py
[2025-01-18T07:04:49.989+0000] {processor.py:840} INFO - DAG(s) 'example_time_delta_sensor_async' retrieved from /home/airflow/.local/lib/python3.12/site-packages/airflow/example_dags/example_time_delta_sensor_async.py
[2025-01-18T07:04:50.005+0000] {logging_mixin.py:188} INFO - [2025-01-18T07:04:50.005+0000] {dag.py:3089} INFO - Sync 1 DAGs
[2025-01-18T07:04:50.013+0000] {logging_mixin.py:188} INFO - [2025-01-18T07:04:50.013+0000] {dag.py:3947} INFO - Setting next_dagrun for example_time_delta_sensor_async to None, run_after=None
[2025-01-18T07:04:50.026+0000] {processor.py:183} INFO - Processing /home/airflow/.local/lib/python3.12/site-packages/airflow/example_dags/example_time_delta_sensor_async.py took 0.050 seconds
[2025-01-18T07:05:20.210+0000] {processor.py:161} INFO - Started process (PID=12740) to work on /home/airflow/.local/lib/python3.12/site-packages/airflow/example_dags/example_time_delta_sensor_async.py
[2025-01-18T07:05:20.211+0000] {processor.py:830} INFO - Processing file /home/airflow/.local/lib/python3.12/site-packages/airflow/example_dags/example_time_delta_sensor_async.py for tasks to queue
[2025-01-18T07:05:20.213+0000] {logging_mixin.py:188} INFO - [2025-01-18T07:05:20.213+0000] {dagbag.py:545} INFO - Filling up the DagBag from /home/airflow/.local/lib/python3.12/site-packages/airflow/example_dags/example_time_delta_sensor_async.py
[2025-01-18T07:05:20.216+0000] {processor.py:840} INFO - DAG(s) 'example_time_delta_sensor_async' retrieved from /home/airflow/.local/lib/python3.12/site-packages/airflow/example_dags/example_time_delta_sensor_async.py
[2025-01-18T07:05:20.232+0000] {logging_mixin.py:188} INFO - [2025-01-18T07:05:20.232+0000] {dag.py:3089} INFO - Sync 1 DAGs
[2025-01-18T07:05:20.239+0000] {logging_mixin.py:188} INFO - [2025-01-18T07:05:20.239+0000] {dag.py:3947} INFO - Setting next_dagrun for example_time_delta_sensor_async to None, run_after=None
[2025-01-18T07:05:20.251+0000] {processor.py:183} INFO - Processing /home/airflow/.local/lib/python3.12/site-packages/airflow/example_dags/example_time_delta_sensor_async.py took 0.045 seconds
[2025-01-18T07:05:50.557+0000] {processor.py:161} INFO - Started process (PID=13017) to work on /home/airflow/.local/lib/python3.12/site-packages/airflow/example_dags/example_time_delta_sensor_async.py
[2025-01-18T07:05:50.557+0000] {processor.py:830} INFO - Processing file /home/airflow/.local/lib/python3.12/site-packages/airflow/example_dags/example_time_delta_sensor_async.py for tasks to queue
[2025-01-18T07:05:50.558+0000] {logging_mixin.py:188} INFO - [2025-01-18T07:05:50.558+0000] {dagbag.py:545} INFO - Filling up the DagBag from /home/airflow/.local/lib/python3.12/site-packages/airflow/example_dags/example_time_delta_sensor_async.py
[2025-01-18T07:05:50.561+0000] {processor.py:840} INFO - DAG(s) 'example_time_delta_sensor_async' retrieved from /home/airflow/.local/lib/python3.12/site-packages/airflow/example_dags/example_time_delta_sensor_async.py
[2025-01-18T07:05:50.575+0000] {logging_mixin.py:188} INFO - [2025-01-18T07:05:50.575+0000] {dag.py:3089} INFO - Sync 1 DAGs
[2025-01-18T07:05:50.582+0000] {logging_mixin.py:188} INFO - [2025-01-18T07:05:50.582+0000] {dag.py:3947} INFO - Setting next_dagrun for example_time_delta_sensor_async to None, run_after=None
[2025-01-18T07:05:50.593+0000] {processor.py:183} INFO - Processing /home/airflow/.local/lib/python3.12/site-packages/airflow/example_dags/example_time_delta_sensor_async.py took 0.040 seconds
[2025-01-18T07:06:20.851+0000] {processor.py:161} INFO - Started process (PID=13292) to work on /home/airflow/.local/lib/python3.12/site-packages/airflow/example_dags/example_time_delta_sensor_async.py
[2025-01-18T07:06:20.852+0000] {processor.py:830} INFO - Processing file /home/airflow/.local/lib/python3.12/site-packages/airflow/example_dags/example_time_delta_sensor_async.py for tasks to queue
[2025-01-18T07:06:20.853+0000] {logging_mixin.py:188} INFO - [2025-01-18T07:06:20.853+0000] {dagbag.py:545} INFO - Filling up the DagBag from /home/airflow/.local/lib/python3.12/site-packages/airflow/example_dags/example_time_delta_sensor_async.py
[2025-01-18T07:06:20.856+0000] {processor.py:840} INFO - DAG(s) 'example_time_delta_sensor_async' retrieved from /home/airflow/.local/lib/python3.12/site-packages/airflow/example_dags/example_time_delta_sensor_async.py
[2025-01-18T07:06:20.871+0000] {logging_mixin.py:188} INFO - [2025-01-18T07:06:20.870+0000] {dag.py:3089} INFO - Sync 1 DAGs
[2025-01-18T07:06:20.878+0000] {logging_mixin.py:188} INFO - [2025-01-18T07:06:20.877+0000] {dag.py:3947} INFO - Setting next_dagrun for example_time_delta_sensor_async to None, run_after=None
[2025-01-18T07:06:20.888+0000] {processor.py:183} INFO - Processing /home/airflow/.local/lib/python3.12/site-packages/airflow/example_dags/example_time_delta_sensor_async.py took 0.041 seconds
[2025-01-18T07:06:51.562+0000] {processor.py:161} INFO - Started process (PID=13569) to work on /home/airflow/.local/lib/python3.12/site-packages/airflow/example_dags/example_time_delta_sensor_async.py
[2025-01-18T07:06:51.563+0000] {processor.py:830} INFO - Processing file /home/airflow/.local/lib/python3.12/site-packages/airflow/example_dags/example_time_delta_sensor_async.py for tasks to queue
[2025-01-18T07:06:51.565+0000] {logging_mixin.py:188} INFO - [2025-01-18T07:06:51.564+0000] {dagbag.py:545} INFO - Filling up the DagBag from /home/airflow/.local/lib/python3.12/site-packages/airflow/example_dags/example_time_delta_sensor_async.py
[2025-01-18T07:06:51.568+0000] {processor.py:840} INFO - DAG(s) 'example_time_delta_sensor_async' retrieved from /home/airflow/.local/lib/python3.12/site-packages/airflow/example_dags/example_time_delta_sensor_async.py
[2025-01-18T07:06:51.582+0000] {logging_mixin.py:188} INFO - [2025-01-18T07:06:51.582+0000] {dag.py:3089} INFO - Sync 1 DAGs
[2025-01-18T07:06:51.589+0000] {logging_mixin.py:188} INFO - [2025-01-18T07:06:51.589+0000] {dag.py:3947} INFO - Setting next_dagrun for example_time_delta_sensor_async to None, run_after=None
[2025-01-18T07:06:51.602+0000] {processor.py:183} INFO - Processing /home/airflow/.local/lib/python3.12/site-packages/airflow/example_dags/example_time_delta_sensor_async.py took 0.044 seconds
[2025-01-18T07:07:22.602+0000] {processor.py:161} INFO - Started process (PID=13848) to work on /home/airflow/.local/lib/python3.12/site-packages/airflow/example_dags/example_time_delta_sensor_async.py
[2025-01-18T07:07:22.603+0000] {processor.py:830} INFO - Processing file /home/airflow/.local/lib/python3.12/site-packages/airflow/example_dags/example_time_delta_sensor_async.py for tasks to queue
[2025-01-18T07:07:22.604+0000] {logging_mixin.py:188} INFO - [2025-01-18T07:07:22.604+0000] {dagbag.py:545} INFO - Filling up the DagBag from /home/airflow/.local/lib/python3.12/site-packages/airflow/example_dags/example_time_delta_sensor_async.py
[2025-01-18T07:07:22.607+0000] {processor.py:840} INFO - DAG(s) 'example_time_delta_sensor_async' retrieved from /home/airflow/.local/lib/python3.12/site-packages/airflow/example_dags/example_time_delta_sensor_async.py
[2025-01-18T07:07:22.621+0000] {logging_mixin.py:188} INFO - [2025-01-18T07:07:22.620+0000] {dag.py:3089} INFO - Sync 1 DAGs
[2025-01-18T07:07:22.627+0000] {logging_mixin.py:188} INFO - [2025-01-18T07:07:22.627+0000] {dag.py:3947} INFO - Setting next_dagrun for example_time_delta_sensor_async to None, run_after=None
[2025-01-18T07:07:22.637+0000] {processor.py:183} INFO - Processing /home/airflow/.local/lib/python3.12/site-packages/airflow/example_dags/example_time_delta_sensor_async.py took 0.040 seconds
[2025-01-18T07:07:52.749+0000] {processor.py:161} INFO - Started process (PID=14125) to work on /home/airflow/.local/lib/python3.12/site-packages/airflow/example_dags/example_time_delta_sensor_async.py
[2025-01-18T07:07:52.749+0000] {processor.py:830} INFO - Processing file /home/airflow/.local/lib/python3.12/site-packages/airflow/example_dags/example_time_delta_sensor_async.py for tasks to queue
[2025-01-18T07:07:52.750+0000] {logging_mixin.py:188} INFO - [2025-01-18T07:07:52.750+0000] {dagbag.py:545} INFO - Filling up the DagBag from /home/airflow/.local/lib/python3.12/site-packages/airflow/example_dags/example_time_delta_sensor_async.py
[2025-01-18T07:07:52.753+0000] {processor.py:840} INFO - DAG(s) 'example_time_delta_sensor_async' retrieved from /home/airflow/.local/lib/python3.12/site-packages/airflow/example_dags/example_time_delta_sensor_async.py
[2025-01-18T07:07:52.765+0000] {logging_mixin.py:188} INFO - [2025-01-18T07:07:52.765+0000] {dag.py:3089} INFO - Sync 1 DAGs
[2025-01-18T07:07:52.772+0000] {logging_mixin.py:188} INFO - [2025-01-18T07:07:52.772+0000] {dag.py:3947} INFO - Setting next_dagrun for example_time_delta_sensor_async to None, run_after=None
[2025-01-18T07:07:52.783+0000] {processor.py:183} INFO - Processing /home/airflow/.local/lib/python3.12/site-packages/airflow/example_dags/example_time_delta_sensor_async.py took 0.038 seconds
[2025-01-18T07:08:23.799+0000] {processor.py:161} INFO - Started process (PID=14403) to work on /home/airflow/.local/lib/python3.12/site-packages/airflow/example_dags/example_time_delta_sensor_async.py
[2025-01-18T07:08:23.800+0000] {processor.py:830} INFO - Processing file /home/airflow/.local/lib/python3.12/site-packages/airflow/example_dags/example_time_delta_sensor_async.py for tasks to queue
[2025-01-18T07:08:23.802+0000] {logging_mixin.py:188} INFO - [2025-01-18T07:08:23.802+0000] {dagbag.py:545} INFO - Filling up the DagBag from /home/airflow/.local/lib/python3.12/site-packages/airflow/example_dags/example_time_delta_sensor_async.py
[2025-01-18T07:08:23.807+0000] {processor.py:840} INFO - DAG(s) 'example_time_delta_sensor_async' retrieved from /home/airflow/.local/lib/python3.12/site-packages/airflow/example_dags/example_time_delta_sensor_async.py
[2025-01-18T07:08:23.961+0000] {logging_mixin.py:188} INFO - [2025-01-18T07:08:23.961+0000] {dag.py:3089} INFO - Sync 1 DAGs
[2025-01-18T07:08:23.967+0000] {logging_mixin.py:188} INFO - [2025-01-18T07:08:23.967+0000] {dag.py:3947} INFO - Setting next_dagrun for example_time_delta_sensor_async to None, run_after=None
[2025-01-18T07:08:23.978+0000] {processor.py:183} INFO - Processing /home/airflow/.local/lib/python3.12/site-packages/airflow/example_dags/example_time_delta_sensor_async.py took 0.193 seconds
[2025-01-18T07:08:54.343+0000] {processor.py:161} INFO - Started process (PID=14680) to work on /home/airflow/.local/lib/python3.12/site-packages/airflow/example_dags/example_time_delta_sensor_async.py
[2025-01-18T07:08:54.344+0000] {processor.py:830} INFO - Processing file /home/airflow/.local/lib/python3.12/site-packages/airflow/example_dags/example_time_delta_sensor_async.py for tasks to queue
[2025-01-18T07:08:54.345+0000] {logging_mixin.py:188} INFO - [2025-01-18T07:08:54.345+0000] {dagbag.py:545} INFO - Filling up the DagBag from /home/airflow/.local/lib/python3.12/site-packages/airflow/example_dags/example_time_delta_sensor_async.py
[2025-01-18T07:08:54.348+0000] {processor.py:840} INFO - DAG(s) 'example_time_delta_sensor_async' retrieved from /home/airflow/.local/lib/python3.12/site-packages/airflow/example_dags/example_time_delta_sensor_async.py
[2025-01-18T07:08:54.362+0000] {logging_mixin.py:188} INFO - [2025-01-18T07:08:54.362+0000] {dag.py:3089} INFO - Sync 1 DAGs
[2025-01-18T07:08:54.370+0000] {logging_mixin.py:188} INFO - [2025-01-18T07:08:54.370+0000] {dag.py:3947} INFO - Setting next_dagrun for example_time_delta_sensor_async to None, run_after=None
[2025-01-18T07:08:54.379+0000] {processor.py:183} INFO - Processing /home/airflow/.local/lib/python3.12/site-packages/airflow/example_dags/example_time_delta_sensor_async.py took 0.041 seconds
[2025-01-18T07:09:25.110+0000] {processor.py:161} INFO - Started process (PID=14957) to work on /home/airflow/.local/lib/python3.12/site-packages/airflow/example_dags/example_time_delta_sensor_async.py
[2025-01-18T07:09:25.111+0000] {processor.py:830} INFO - Processing file /home/airflow/.local/lib/python3.12/site-packages/airflow/example_dags/example_time_delta_sensor_async.py for tasks to queue
[2025-01-18T07:09:25.114+0000] {logging_mixin.py:188} INFO - [2025-01-18T07:09:25.113+0000] {dagbag.py:545} INFO - Filling up the DagBag from /home/airflow/.local/lib/python3.12/site-packages/airflow/example_dags/example_time_delta_sensor_async.py
[2025-01-18T07:09:25.117+0000] {processor.py:840} INFO - DAG(s) 'example_time_delta_sensor_async' retrieved from /home/airflow/.local/lib/python3.12/site-packages/airflow/example_dags/example_time_delta_sensor_async.py
[2025-01-18T07:09:25.133+0000] {logging_mixin.py:188} INFO - [2025-01-18T07:09:25.133+0000] {dag.py:3089} INFO - Sync 1 DAGs
[2025-01-18T07:09:25.142+0000] {logging_mixin.py:188} INFO - [2025-01-18T07:09:25.142+0000] {dag.py:3947} INFO - Setting next_dagrun for example_time_delta_sensor_async to None, run_after=None
[2025-01-18T07:09:25.158+0000] {processor.py:183} INFO - Processing /home/airflow/.local/lib/python3.12/site-packages/airflow/example_dags/example_time_delta_sensor_async.py took 0.052 seconds
[2025-01-18T07:09:56.014+0000] {processor.py:161} INFO - Started process (PID=15240) to work on /home/airflow/.local/lib/python3.12/site-packages/airflow/example_dags/example_time_delta_sensor_async.py
[2025-01-18T07:09:56.015+0000] {processor.py:830} INFO - Processing file /home/airflow/.local/lib/python3.12/site-packages/airflow/example_dags/example_time_delta_sensor_async.py for tasks to queue
[2025-01-18T07:09:56.016+0000] {logging_mixin.py:188} INFO - [2025-01-18T07:09:56.016+0000] {dagbag.py:545} INFO - Filling up the DagBag from /home/airflow/.local/lib/python3.12/site-packages/airflow/example_dags/example_time_delta_sensor_async.py
[2025-01-18T07:09:56.019+0000] {processor.py:840} INFO - DAG(s) 'example_time_delta_sensor_async' retrieved from /home/airflow/.local/lib/python3.12/site-packages/airflow/example_dags/example_time_delta_sensor_async.py
[2025-01-18T07:09:56.032+0000] {logging_mixin.py:188} INFO - [2025-01-18T07:09:56.032+0000] {dag.py:3089} INFO - Sync 1 DAGs
[2025-01-18T07:09:56.038+0000] {logging_mixin.py:188} INFO - [2025-01-18T07:09:56.038+0000] {dag.py:3947} INFO - Setting next_dagrun for example_time_delta_sensor_async to None, run_after=None
[2025-01-18T07:09:56.047+0000] {processor.py:183} INFO - Processing /home/airflow/.local/lib/python3.12/site-packages/airflow/example_dags/example_time_delta_sensor_async.py took 0.039 seconds
[2025-01-18T07:10:26.200+0000] {processor.py:161} INFO - Started process (PID=15522) to work on /home/airflow/.local/lib/python3.12/site-packages/airflow/example_dags/example_time_delta_sensor_async.py
[2025-01-18T07:10:26.202+0000] {processor.py:830} INFO - Processing file /home/airflow/.local/lib/python3.12/site-packages/airflow/example_dags/example_time_delta_sensor_async.py for tasks to queue
[2025-01-18T07:10:26.204+0000] {logging_mixin.py:188} INFO - [2025-01-18T07:10:26.203+0000] {dagbag.py:545} INFO - Filling up the DagBag from /home/airflow/.local/lib/python3.12/site-packages/airflow/example_dags/example_time_delta_sensor_async.py
[2025-01-18T07:10:26.207+0000] {processor.py:840} INFO - DAG(s) 'example_time_delta_sensor_async' retrieved from /home/airflow/.local/lib/python3.12/site-packages/airflow/example_dags/example_time_delta_sensor_async.py
[2025-01-18T07:10:26.224+0000] {logging_mixin.py:188} INFO - [2025-01-18T07:10:26.224+0000] {dag.py:3089} INFO - Sync 1 DAGs
[2025-01-18T07:10:26.233+0000] {logging_mixin.py:188} INFO - [2025-01-18T07:10:26.232+0000] {dag.py:3947} INFO - Setting next_dagrun for example_time_delta_sensor_async to None, run_after=None
[2025-01-18T07:10:26.246+0000] {processor.py:183} INFO - Processing /home/airflow/.local/lib/python3.12/site-packages/airflow/example_dags/example_time_delta_sensor_async.py took 0.051 seconds
[2025-01-18T07:10:56.460+0000] {processor.py:161} INFO - Started process (PID=15804) to work on /home/airflow/.local/lib/python3.12/site-packages/airflow/example_dags/example_time_delta_sensor_async.py
[2025-01-18T07:10:56.461+0000] {processor.py:830} INFO - Processing file /home/airflow/.local/lib/python3.12/site-packages/airflow/example_dags/example_time_delta_sensor_async.py for tasks to queue
[2025-01-18T07:10:56.462+0000] {logging_mixin.py:188} INFO - [2025-01-18T07:10:56.462+0000] {dagbag.py:545} INFO - Filling up the DagBag from /home/airflow/.local/lib/python3.12/site-packages/airflow/example_dags/example_time_delta_sensor_async.py
[2025-01-18T07:10:56.469+0000] {processor.py:840} INFO - DAG(s) 'example_time_delta_sensor_async' retrieved from /home/airflow/.local/lib/python3.12/site-packages/airflow/example_dags/example_time_delta_sensor_async.py
[2025-01-18T07:10:56.482+0000] {logging_mixin.py:188} INFO - [2025-01-18T07:10:56.482+0000] {dag.py:3089} INFO - Sync 1 DAGs
[2025-01-18T07:10:56.489+0000] {logging_mixin.py:188} INFO - [2025-01-18T07:10:56.489+0000] {dag.py:3947} INFO - Setting next_dagrun for example_time_delta_sensor_async to None, run_after=None
[2025-01-18T07:10:56.500+0000] {processor.py:183} INFO - Processing /home/airflow/.local/lib/python3.12/site-packages/airflow/example_dags/example_time_delta_sensor_async.py took 0.044 seconds
[2025-01-18T07:11:29.589+0000] {processor.py:161} INFO - Started process (PID=16085) to work on /home/airflow/.local/lib/python3.12/site-packages/airflow/example_dags/example_time_delta_sensor_async.py
[2025-01-18T07:11:29.590+0000] {processor.py:830} INFO - Processing file /home/airflow/.local/lib/python3.12/site-packages/airflow/example_dags/example_time_delta_sensor_async.py for tasks to queue
[2025-01-18T07:11:29.591+0000] {logging_mixin.py:188} INFO - [2025-01-18T07:11:29.591+0000] {dagbag.py:545} INFO - Filling up the DagBag from /home/airflow/.local/lib/python3.12/site-packages/airflow/example_dags/example_time_delta_sensor_async.py
[2025-01-18T07:11:29.595+0000] {processor.py:840} INFO - DAG(s) 'example_time_delta_sensor_async' retrieved from /home/airflow/.local/lib/python3.12/site-packages/airflow/example_dags/example_time_delta_sensor_async.py
[2025-01-18T07:11:29.609+0000] {logging_mixin.py:188} INFO - [2025-01-18T07:11:29.609+0000] {dag.py:3089} INFO - Sync 1 DAGs
[2025-01-18T07:11:29.616+0000] {logging_mixin.py:188} INFO - [2025-01-18T07:11:29.616+0000] {dag.py:3947} INFO - Setting next_dagrun for example_time_delta_sensor_async to None, run_after=None
[2025-01-18T07:11:29.628+0000] {processor.py:183} INFO - Processing /home/airflow/.local/lib/python3.12/site-packages/airflow/example_dags/example_time_delta_sensor_async.py took 0.042 seconds
[2025-01-18T07:12:32.601+0000] {processor.py:161} INFO - Started process (PID=16227) to work on /home/airflow/.local/lib/python3.12/site-packages/airflow/example_dags/example_time_delta_sensor_async.py
[2025-01-18T07:12:32.602+0000] {processor.py:830} INFO - Processing file /home/airflow/.local/lib/python3.12/site-packages/airflow/example_dags/example_time_delta_sensor_async.py for tasks to queue
[2025-01-18T07:12:32.604+0000] {logging_mixin.py:188} INFO - [2025-01-18T07:12:32.604+0000] {dagbag.py:545} INFO - Filling up the DagBag from /home/airflow/.local/lib/python3.12/site-packages/airflow/example_dags/example_time_delta_sensor_async.py
[2025-01-18T07:12:32.609+0000] {processor.py:840} INFO - DAG(s) 'example_time_delta_sensor_async' retrieved from /home/airflow/.local/lib/python3.12/site-packages/airflow/example_dags/example_time_delta_sensor_async.py
[2025-01-18T07:12:32.627+0000] {logging_mixin.py:188} INFO - [2025-01-18T07:12:32.627+0000] {dag.py:3089} INFO - Sync 1 DAGs
[2025-01-18T07:12:32.636+0000] {logging_mixin.py:188} INFO - [2025-01-18T07:12:32.636+0000] {dag.py:3947} INFO - Setting next_dagrun for example_time_delta_sensor_async to None, run_after=None
[2025-01-18T07:12:32.652+0000] {processor.py:183} INFO - Processing /home/airflow/.local/lib/python3.12/site-packages/airflow/example_dags/example_time_delta_sensor_async.py took 0.056 seconds
[2025-01-18T07:13:03.237+0000] {processor.py:161} INFO - Started process (PID=16507) to work on /home/airflow/.local/lib/python3.12/site-packages/airflow/example_dags/example_time_delta_sensor_async.py
[2025-01-18T07:13:03.237+0000] {processor.py:830} INFO - Processing file /home/airflow/.local/lib/python3.12/site-packages/airflow/example_dags/example_time_delta_sensor_async.py for tasks to queue
[2025-01-18T07:13:03.239+0000] {logging_mixin.py:188} INFO - [2025-01-18T07:13:03.238+0000] {dagbag.py:545} INFO - Filling up the DagBag from /home/airflow/.local/lib/python3.12/site-packages/airflow/example_dags/example_time_delta_sensor_async.py
[2025-01-18T07:13:03.242+0000] {processor.py:840} INFO - DAG(s) 'example_time_delta_sensor_async' retrieved from /home/airflow/.local/lib/python3.12/site-packages/airflow/example_dags/example_time_delta_sensor_async.py
[2025-01-18T07:13:03.257+0000] {logging_mixin.py:188} INFO - [2025-01-18T07:13:03.257+0000] {dag.py:3089} INFO - Sync 1 DAGs
[2025-01-18T07:13:03.265+0000] {logging_mixin.py:188} INFO - [2025-01-18T07:13:03.264+0000] {dag.py:3947} INFO - Setting next_dagrun for example_time_delta_sensor_async to None, run_after=None
[2025-01-18T07:13:03.276+0000] {processor.py:183} INFO - Processing /home/airflow/.local/lib/python3.12/site-packages/airflow/example_dags/example_time_delta_sensor_async.py took 0.044 seconds
[2025-01-18T07:13:33.929+0000] {processor.py:161} INFO - Started process (PID=16791) to work on /home/airflow/.local/lib/python3.12/site-packages/airflow/example_dags/example_time_delta_sensor_async.py
[2025-01-18T07:13:33.930+0000] {processor.py:830} INFO - Processing file /home/airflow/.local/lib/python3.12/site-packages/airflow/example_dags/example_time_delta_sensor_async.py for tasks to queue
[2025-01-18T07:13:33.932+0000] {logging_mixin.py:188} INFO - [2025-01-18T07:13:33.932+0000] {dagbag.py:545} INFO - Filling up the DagBag from /home/airflow/.local/lib/python3.12/site-packages/airflow/example_dags/example_time_delta_sensor_async.py
[2025-01-18T07:13:33.936+0000] {processor.py:840} INFO - DAG(s) 'example_time_delta_sensor_async' retrieved from /home/airflow/.local/lib/python3.12/site-packages/airflow/example_dags/example_time_delta_sensor_async.py
[2025-01-18T07:13:33.954+0000] {logging_mixin.py:188} INFO - [2025-01-18T07:13:33.954+0000] {dag.py:3089} INFO - Sync 1 DAGs
[2025-01-18T07:13:33.963+0000] {logging_mixin.py:188} INFO - [2025-01-18T07:13:33.963+0000] {dag.py:3947} INFO - Setting next_dagrun for example_time_delta_sensor_async to None, run_after=None
[2025-01-18T07:13:33.978+0000] {processor.py:183} INFO - Processing /home/airflow/.local/lib/python3.12/site-packages/airflow/example_dags/example_time_delta_sensor_async.py took 0.053 seconds
[2025-01-18T07:14:04.301+0000] {processor.py:161} INFO - Started process (PID=17073) to work on /home/airflow/.local/lib/python3.12/site-packages/airflow/example_dags/example_time_delta_sensor_async.py
[2025-01-18T07:14:04.302+0000] {processor.py:830} INFO - Processing file /home/airflow/.local/lib/python3.12/site-packages/airflow/example_dags/example_time_delta_sensor_async.py for tasks to queue
[2025-01-18T07:14:04.304+0000] {logging_mixin.py:188} INFO - [2025-01-18T07:14:04.304+0000] {dagbag.py:545} INFO - Filling up the DagBag from /home/airflow/.local/lib/python3.12/site-packages/airflow/example_dags/example_time_delta_sensor_async.py
[2025-01-18T07:14:04.308+0000] {processor.py:840} INFO - DAG(s) 'example_time_delta_sensor_async' retrieved from /home/airflow/.local/lib/python3.12/site-packages/airflow/example_dags/example_time_delta_sensor_async.py
[2025-01-18T07:14:04.323+0000] {logging_mixin.py:188} INFO - [2025-01-18T07:14:04.323+0000] {dag.py:3089} INFO - Sync 1 DAGs
[2025-01-18T07:14:04.330+0000] {logging_mixin.py:188} INFO - [2025-01-18T07:14:04.330+0000] {dag.py:3947} INFO - Setting next_dagrun for example_time_delta_sensor_async to None, run_after=None
[2025-01-18T07:14:04.342+0000] {processor.py:183} INFO - Processing /home/airflow/.local/lib/python3.12/site-packages/airflow/example_dags/example_time_delta_sensor_async.py took 0.045 seconds
[2025-01-18T07:14:34.602+0000] {processor.py:161} INFO - Started process (PID=17354) to work on /home/airflow/.local/lib/python3.12/site-packages/airflow/example_dags/example_time_delta_sensor_async.py
[2025-01-18T07:14:34.603+0000] {processor.py:830} INFO - Processing file /home/airflow/.local/lib/python3.12/site-packages/airflow/example_dags/example_time_delta_sensor_async.py for tasks to queue
[2025-01-18T07:14:34.604+0000] {logging_mixin.py:188} INFO - [2025-01-18T07:14:34.604+0000] {dagbag.py:545} INFO - Filling up the DagBag from /home/airflow/.local/lib/python3.12/site-packages/airflow/example_dags/example_time_delta_sensor_async.py
[2025-01-18T07:14:34.608+0000] {processor.py:840} INFO - DAG(s) 'example_time_delta_sensor_async' retrieved from /home/airflow/.local/lib/python3.12/site-packages/airflow/example_dags/example_time_delta_sensor_async.py
[2025-01-18T07:14:34.622+0000] {logging_mixin.py:188} INFO - [2025-01-18T07:14:34.622+0000] {dag.py:3089} INFO - Sync 1 DAGs
[2025-01-18T07:14:34.630+0000] {logging_mixin.py:188} INFO - [2025-01-18T07:14:34.630+0000] {dag.py:3947} INFO - Setting next_dagrun for example_time_delta_sensor_async to None, run_after=None
[2025-01-18T07:14:34.642+0000] {processor.py:183} INFO - Processing /home/airflow/.local/lib/python3.12/site-packages/airflow/example_dags/example_time_delta_sensor_async.py took 0.044 seconds
[2025-01-18T07:15:05.466+0000] {processor.py:161} INFO - Started process (PID=17639) to work on /home/airflow/.local/lib/python3.12/site-packages/airflow/example_dags/example_time_delta_sensor_async.py
[2025-01-18T07:15:05.468+0000] {processor.py:830} INFO - Processing file /home/airflow/.local/lib/python3.12/site-packages/airflow/example_dags/example_time_delta_sensor_async.py for tasks to queue
[2025-01-18T07:15:05.472+0000] {logging_mixin.py:188} INFO - [2025-01-18T07:15:05.472+0000] {dagbag.py:545} INFO - Filling up the DagBag from /home/airflow/.local/lib/python3.12/site-packages/airflow/example_dags/example_time_delta_sensor_async.py
[2025-01-18T07:15:05.475+0000] {processor.py:840} INFO - DAG(s) 'example_time_delta_sensor_async' retrieved from /home/airflow/.local/lib/python3.12/site-packages/airflow/example_dags/example_time_delta_sensor_async.py
[2025-01-18T07:15:05.492+0000] {logging_mixin.py:188} INFO - [2025-01-18T07:15:05.492+0000] {dag.py:3089} INFO - Sync 1 DAGs
[2025-01-18T07:15:05.500+0000] {logging_mixin.py:188} INFO - [2025-01-18T07:15:05.500+0000] {dag.py:3947} INFO - Setting next_dagrun for example_time_delta_sensor_async to None, run_after=None
[2025-01-18T07:15:05.513+0000] {processor.py:183} INFO - Processing /home/airflow/.local/lib/python3.12/site-packages/airflow/example_dags/example_time_delta_sensor_async.py took 0.052 seconds
[2025-01-18T07:15:36.182+0000] {processor.py:161} INFO - Started process (PID=17921) to work on /home/airflow/.local/lib/python3.12/site-packages/airflow/example_dags/example_time_delta_sensor_async.py
[2025-01-18T07:15:36.183+0000] {processor.py:830} INFO - Processing file /home/airflow/.local/lib/python3.12/site-packages/airflow/example_dags/example_time_delta_sensor_async.py for tasks to queue
[2025-01-18T07:15:36.184+0000] {logging_mixin.py:188} INFO - [2025-01-18T07:15:36.184+0000] {dagbag.py:545} INFO - Filling up the DagBag from /home/airflow/.local/lib/python3.12/site-packages/airflow/example_dags/example_time_delta_sensor_async.py
[2025-01-18T07:15:36.187+0000] {processor.py:840} INFO - DAG(s) 'example_time_delta_sensor_async' retrieved from /home/airflow/.local/lib/python3.12/site-packages/airflow/example_dags/example_time_delta_sensor_async.py
[2025-01-18T07:15:36.201+0000] {logging_mixin.py:188} INFO - [2025-01-18T07:15:36.201+0000] {dag.py:3089} INFO - Sync 1 DAGs
[2025-01-18T07:15:36.208+0000] {logging_mixin.py:188} INFO - [2025-01-18T07:15:36.208+0000] {dag.py:3947} INFO - Setting next_dagrun for example_time_delta_sensor_async to None, run_after=None
[2025-01-18T07:15:36.219+0000] {processor.py:183} INFO - Processing /home/airflow/.local/lib/python3.12/site-packages/airflow/example_dags/example_time_delta_sensor_async.py took 0.043 seconds
[2025-01-18T07:16:06.778+0000] {processor.py:161} INFO - Started process (PID=18203) to work on /home/airflow/.local/lib/python3.12/site-packages/airflow/example_dags/example_time_delta_sensor_async.py
[2025-01-18T07:16:06.779+0000] {processor.py:830} INFO - Processing file /home/airflow/.local/lib/python3.12/site-packages/airflow/example_dags/example_time_delta_sensor_async.py for tasks to queue
[2025-01-18T07:16:06.781+0000] {logging_mixin.py:188} INFO - [2025-01-18T07:16:06.781+0000] {dagbag.py:545} INFO - Filling up the DagBag from /home/airflow/.local/lib/python3.12/site-packages/airflow/example_dags/example_time_delta_sensor_async.py
[2025-01-18T07:16:06.784+0000] {processor.py:840} INFO - DAG(s) 'example_time_delta_sensor_async' retrieved from /home/airflow/.local/lib/python3.12/site-packages/airflow/example_dags/example_time_delta_sensor_async.py
[2025-01-18T07:16:06.798+0000] {logging_mixin.py:188} INFO - [2025-01-18T07:16:06.798+0000] {dag.py:3089} INFO - Sync 1 DAGs
[2025-01-18T07:16:06.806+0000] {logging_mixin.py:188} INFO - [2025-01-18T07:16:06.805+0000] {dag.py:3947} INFO - Setting next_dagrun for example_time_delta_sensor_async to None, run_after=None
[2025-01-18T07:16:06.818+0000] {processor.py:183} INFO - Processing /home/airflow/.local/lib/python3.12/site-packages/airflow/example_dags/example_time_delta_sensor_async.py took 0.045 seconds
[2025-01-18T07:16:37.648+0000] {processor.py:161} INFO - Started process (PID=18485) to work on /home/airflow/.local/lib/python3.12/site-packages/airflow/example_dags/example_time_delta_sensor_async.py
[2025-01-18T07:16:37.649+0000] {processor.py:830} INFO - Processing file /home/airflow/.local/lib/python3.12/site-packages/airflow/example_dags/example_time_delta_sensor_async.py for tasks to queue
[2025-01-18T07:16:37.650+0000] {logging_mixin.py:188} INFO - [2025-01-18T07:16:37.650+0000] {dagbag.py:545} INFO - Filling up the DagBag from /home/airflow/.local/lib/python3.12/site-packages/airflow/example_dags/example_time_delta_sensor_async.py
[2025-01-18T07:16:37.653+0000] {processor.py:840} INFO - DAG(s) 'example_time_delta_sensor_async' retrieved from /home/airflow/.local/lib/python3.12/site-packages/airflow/example_dags/example_time_delta_sensor_async.py
[2025-01-18T07:16:37.668+0000] {logging_mixin.py:188} INFO - [2025-01-18T07:16:37.668+0000] {dag.py:3089} INFO - Sync 1 DAGs
[2025-01-18T07:16:37.676+0000] {logging_mixin.py:188} INFO - [2025-01-18T07:16:37.676+0000] {dag.py:3947} INFO - Setting next_dagrun for example_time_delta_sensor_async to None, run_after=None
[2025-01-18T07:16:37.690+0000] {processor.py:183} INFO - Processing /home/airflow/.local/lib/python3.12/site-packages/airflow/example_dags/example_time_delta_sensor_async.py took 0.047 seconds
[2025-01-18T07:17:08.502+0000] {processor.py:161} INFO - Started process (PID=18765) to work on /home/airflow/.local/lib/python3.12/site-packages/airflow/example_dags/example_time_delta_sensor_async.py
[2025-01-18T07:17:08.503+0000] {processor.py:830} INFO - Processing file /home/airflow/.local/lib/python3.12/site-packages/airflow/example_dags/example_time_delta_sensor_async.py for tasks to queue
[2025-01-18T07:17:08.504+0000] {logging_mixin.py:188} INFO - [2025-01-18T07:17:08.504+0000] {dagbag.py:545} INFO - Filling up the DagBag from /home/airflow/.local/lib/python3.12/site-packages/airflow/example_dags/example_time_delta_sensor_async.py
[2025-01-18T07:17:08.507+0000] {processor.py:840} INFO - DAG(s) 'example_time_delta_sensor_async' retrieved from /home/airflow/.local/lib/python3.12/site-packages/airflow/example_dags/example_time_delta_sensor_async.py
[2025-01-18T07:17:08.521+0000] {logging_mixin.py:188} INFO - [2025-01-18T07:17:08.521+0000] {dag.py:3089} INFO - Sync 1 DAGs
[2025-01-18T07:17:08.528+0000] {logging_mixin.py:188} INFO - [2025-01-18T07:17:08.528+0000] {dag.py:3947} INFO - Setting next_dagrun for example_time_delta_sensor_async to None, run_after=None
[2025-01-18T07:17:08.539+0000] {processor.py:183} INFO - Processing /home/airflow/.local/lib/python3.12/site-packages/airflow/example_dags/example_time_delta_sensor_async.py took 0.041 seconds
[2025-01-18T07:17:39.260+0000] {processor.py:161} INFO - Started process (PID=19050) to work on /home/airflow/.local/lib/python3.12/site-packages/airflow/example_dags/example_time_delta_sensor_async.py
[2025-01-18T07:17:39.261+0000] {processor.py:830} INFO - Processing file /home/airflow/.local/lib/python3.12/site-packages/airflow/example_dags/example_time_delta_sensor_async.py for tasks to queue
[2025-01-18T07:17:39.262+0000] {logging_mixin.py:188} INFO - [2025-01-18T07:17:39.262+0000] {dagbag.py:545} INFO - Filling up the DagBag from /home/airflow/.local/lib/python3.12/site-packages/airflow/example_dags/example_time_delta_sensor_async.py
[2025-01-18T07:17:39.265+0000] {processor.py:840} INFO - DAG(s) 'example_time_delta_sensor_async' retrieved from /home/airflow/.local/lib/python3.12/site-packages/airflow/example_dags/example_time_delta_sensor_async.py
[2025-01-18T07:17:39.281+0000] {logging_mixin.py:188} INFO - [2025-01-18T07:17:39.281+0000] {dag.py:3089} INFO - Sync 1 DAGs
[2025-01-18T07:17:39.289+0000] {logging_mixin.py:188} INFO - [2025-01-18T07:17:39.289+0000] {dag.py:3947} INFO - Setting next_dagrun for example_time_delta_sensor_async to None, run_after=None
[2025-01-18T07:17:39.300+0000] {processor.py:183} INFO - Processing /home/airflow/.local/lib/python3.12/site-packages/airflow/example_dags/example_time_delta_sensor_async.py took 0.044 seconds
[2025-01-18T07:18:09.469+0000] {processor.py:161} INFO - Started process (PID=19332) to work on /home/airflow/.local/lib/python3.12/site-packages/airflow/example_dags/example_time_delta_sensor_async.py
[2025-01-18T07:18:09.470+0000] {processor.py:830} INFO - Processing file /home/airflow/.local/lib/python3.12/site-packages/airflow/example_dags/example_time_delta_sensor_async.py for tasks to queue
[2025-01-18T07:18:09.471+0000] {logging_mixin.py:188} INFO - [2025-01-18T07:18:09.471+0000] {dagbag.py:545} INFO - Filling up the DagBag from /home/airflow/.local/lib/python3.12/site-packages/airflow/example_dags/example_time_delta_sensor_async.py
[2025-01-18T07:18:09.474+0000] {processor.py:840} INFO - DAG(s) 'example_time_delta_sensor_async' retrieved from /home/airflow/.local/lib/python3.12/site-packages/airflow/example_dags/example_time_delta_sensor_async.py
[2025-01-18T07:18:09.487+0000] {logging_mixin.py:188} INFO - [2025-01-18T07:18:09.487+0000] {dag.py:3089} INFO - Sync 1 DAGs
[2025-01-18T07:18:09.493+0000] {logging_mixin.py:188} INFO - [2025-01-18T07:18:09.493+0000] {dag.py:3947} INFO - Setting next_dagrun for example_time_delta_sensor_async to None, run_after=None
[2025-01-18T07:18:09.503+0000] {processor.py:183} INFO - Processing /home/airflow/.local/lib/python3.12/site-packages/airflow/example_dags/example_time_delta_sensor_async.py took 0.038 seconds
[2025-01-18T07:18:39.712+0000] {processor.py:161} INFO - Started process (PID=19614) to work on /home/airflow/.local/lib/python3.12/site-packages/airflow/example_dags/example_time_delta_sensor_async.py
[2025-01-18T07:18:39.713+0000] {processor.py:830} INFO - Processing file /home/airflow/.local/lib/python3.12/site-packages/airflow/example_dags/example_time_delta_sensor_async.py for tasks to queue
[2025-01-18T07:18:39.715+0000] {logging_mixin.py:188} INFO - [2025-01-18T07:18:39.714+0000] {dagbag.py:545} INFO - Filling up the DagBag from /home/airflow/.local/lib/python3.12/site-packages/airflow/example_dags/example_time_delta_sensor_async.py
[2025-01-18T07:18:39.718+0000] {processor.py:840} INFO - DAG(s) 'example_time_delta_sensor_async' retrieved from /home/airflow/.local/lib/python3.12/site-packages/airflow/example_dags/example_time_delta_sensor_async.py
[2025-01-18T07:18:39.733+0000] {logging_mixin.py:188} INFO - [2025-01-18T07:18:39.733+0000] {dag.py:3089} INFO - Sync 1 DAGs
[2025-01-18T07:18:39.740+0000] {logging_mixin.py:188} INFO - [2025-01-18T07:18:39.740+0000] {dag.py:3947} INFO - Setting next_dagrun for example_time_delta_sensor_async to None, run_after=None
[2025-01-18T07:18:39.752+0000] {processor.py:183} INFO - Processing /home/airflow/.local/lib/python3.12/site-packages/airflow/example_dags/example_time_delta_sensor_async.py took 0.044 seconds
[2025-01-18T07:19:10.321+0000] {processor.py:161} INFO - Started process (PID=19894) to work on /home/airflow/.local/lib/python3.12/site-packages/airflow/example_dags/example_time_delta_sensor_async.py
[2025-01-18T07:19:10.322+0000] {processor.py:830} INFO - Processing file /home/airflow/.local/lib/python3.12/site-packages/airflow/example_dags/example_time_delta_sensor_async.py for tasks to queue
[2025-01-18T07:19:10.324+0000] {logging_mixin.py:188} INFO - [2025-01-18T07:19:10.323+0000] {dagbag.py:545} INFO - Filling up the DagBag from /home/airflow/.local/lib/python3.12/site-packages/airflow/example_dags/example_time_delta_sensor_async.py
[2025-01-18T07:19:10.327+0000] {processor.py:840} INFO - DAG(s) 'example_time_delta_sensor_async' retrieved from /home/airflow/.local/lib/python3.12/site-packages/airflow/example_dags/example_time_delta_sensor_async.py
[2025-01-18T07:19:10.345+0000] {logging_mixin.py:188} INFO - [2025-01-18T07:19:10.345+0000] {dag.py:3089} INFO - Sync 1 DAGs
[2025-01-18T07:19:10.357+0000] {logging_mixin.py:188} INFO - [2025-01-18T07:19:10.357+0000] {dag.py:3947} INFO - Setting next_dagrun for example_time_delta_sensor_async to None, run_after=None
[2025-01-18T07:19:10.372+0000] {processor.py:183} INFO - Processing /home/airflow/.local/lib/python3.12/site-packages/airflow/example_dags/example_time_delta_sensor_async.py took 0.056 seconds
[2025-01-18T07:19:40.942+0000] {processor.py:161} INFO - Started process (PID=20179) to work on /home/airflow/.local/lib/python3.12/site-packages/airflow/example_dags/example_time_delta_sensor_async.py
[2025-01-18T07:19:40.942+0000] {processor.py:830} INFO - Processing file /home/airflow/.local/lib/python3.12/site-packages/airflow/example_dags/example_time_delta_sensor_async.py for tasks to queue
[2025-01-18T07:19:40.944+0000] {logging_mixin.py:188} INFO - [2025-01-18T07:19:40.943+0000] {dagbag.py:545} INFO - Filling up the DagBag from /home/airflow/.local/lib/python3.12/site-packages/airflow/example_dags/example_time_delta_sensor_async.py
[2025-01-18T07:19:40.950+0000] {processor.py:840} INFO - DAG(s) 'example_time_delta_sensor_async' retrieved from /home/airflow/.local/lib/python3.12/site-packages/airflow/example_dags/example_time_delta_sensor_async.py
[2025-01-18T07:19:40.966+0000] {logging_mixin.py:188} INFO - [2025-01-18T07:19:40.966+0000] {dag.py:3089} INFO - Sync 1 DAGs
[2025-01-18T07:19:40.973+0000] {logging_mixin.py:188} INFO - [2025-01-18T07:19:40.973+0000] {dag.py:3947} INFO - Setting next_dagrun for example_time_delta_sensor_async to None, run_after=None
[2025-01-18T07:19:40.986+0000] {processor.py:183} INFO - Processing /home/airflow/.local/lib/python3.12/site-packages/airflow/example_dags/example_time_delta_sensor_async.py took 0.049 seconds
[2025-01-18T07:20:11.172+0000] {processor.py:161} INFO - Started process (PID=20461) to work on /home/airflow/.local/lib/python3.12/site-packages/airflow/example_dags/example_time_delta_sensor_async.py
[2025-01-18T07:20:11.172+0000] {processor.py:830} INFO - Processing file /home/airflow/.local/lib/python3.12/site-packages/airflow/example_dags/example_time_delta_sensor_async.py for tasks to queue
[2025-01-18T07:20:11.174+0000] {logging_mixin.py:188} INFO - [2025-01-18T07:20:11.173+0000] {dagbag.py:545} INFO - Filling up the DagBag from /home/airflow/.local/lib/python3.12/site-packages/airflow/example_dags/example_time_delta_sensor_async.py
[2025-01-18T07:20:11.177+0000] {processor.py:840} INFO - DAG(s) 'example_time_delta_sensor_async' retrieved from /home/airflow/.local/lib/python3.12/site-packages/airflow/example_dags/example_time_delta_sensor_async.py
[2025-01-18T07:20:11.193+0000] {logging_mixin.py:188} INFO - [2025-01-18T07:20:11.193+0000] {dag.py:3089} INFO - Sync 1 DAGs
[2025-01-18T07:20:11.202+0000] {logging_mixin.py:188} INFO - [2025-01-18T07:20:11.202+0000] {dag.py:3947} INFO - Setting next_dagrun for example_time_delta_sensor_async to None, run_after=None
[2025-01-18T07:20:11.215+0000] {processor.py:183} INFO - Processing /home/airflow/.local/lib/python3.12/site-packages/airflow/example_dags/example_time_delta_sensor_async.py took 0.048 seconds
[2025-01-18T07:20:41.614+0000] {processor.py:161} INFO - Started process (PID=20741) to work on /home/airflow/.local/lib/python3.12/site-packages/airflow/example_dags/example_time_delta_sensor_async.py
[2025-01-18T07:20:41.615+0000] {processor.py:830} INFO - Processing file /home/airflow/.local/lib/python3.12/site-packages/airflow/example_dags/example_time_delta_sensor_async.py for tasks to queue
[2025-01-18T07:20:41.616+0000] {logging_mixin.py:188} INFO - [2025-01-18T07:20:41.616+0000] {dagbag.py:545} INFO - Filling up the DagBag from /home/airflow/.local/lib/python3.12/site-packages/airflow/example_dags/example_time_delta_sensor_async.py
[2025-01-18T07:20:41.618+0000] {processor.py:840} INFO - DAG(s) 'example_time_delta_sensor_async' retrieved from /home/airflow/.local/lib/python3.12/site-packages/airflow/example_dags/example_time_delta_sensor_async.py
[2025-01-18T07:20:41.632+0000] {logging_mixin.py:188} INFO - [2025-01-18T07:20:41.632+0000] {dag.py:3089} INFO - Sync 1 DAGs
[2025-01-18T07:20:41.638+0000] {logging_mixin.py:188} INFO - [2025-01-18T07:20:41.638+0000] {dag.py:3947} INFO - Setting next_dagrun for example_time_delta_sensor_async to None, run_after=None
[2025-01-18T07:20:41.648+0000] {processor.py:183} INFO - Processing /home/airflow/.local/lib/python3.12/site-packages/airflow/example_dags/example_time_delta_sensor_async.py took 0.039 seconds
[2025-01-18T07:21:14.008+0000] {processor.py:161} INFO - Started process (PID=20993) to work on /home/airflow/.local/lib/python3.12/site-packages/airflow/example_dags/example_time_delta_sensor_async.py
[2025-01-18T07:21:14.009+0000] {processor.py:830} INFO - Processing file /home/airflow/.local/lib/python3.12/site-packages/airflow/example_dags/example_time_delta_sensor_async.py for tasks to queue
[2025-01-18T07:21:14.010+0000] {logging_mixin.py:188} INFO - [2025-01-18T07:21:14.010+0000] {dagbag.py:545} INFO - Filling up the DagBag from /home/airflow/.local/lib/python3.12/site-packages/airflow/example_dags/example_time_delta_sensor_async.py
[2025-01-18T07:21:14.014+0000] {processor.py:840} INFO - DAG(s) 'example_time_delta_sensor_async' retrieved from /home/airflow/.local/lib/python3.12/site-packages/airflow/example_dags/example_time_delta_sensor_async.py
[2025-01-18T07:21:14.031+0000] {logging_mixin.py:188} INFO - [2025-01-18T07:21:14.031+0000] {dag.py:3089} INFO - Sync 1 DAGs
[2025-01-18T07:21:14.039+0000] {logging_mixin.py:188} INFO - [2025-01-18T07:21:14.039+0000] {dag.py:3947} INFO - Setting next_dagrun for example_time_delta_sensor_async to None, run_after=None
[2025-01-18T07:21:14.052+0000] {processor.py:183} INFO - Processing /home/airflow/.local/lib/python3.12/site-packages/airflow/example_dags/example_time_delta_sensor_async.py took 0.049 seconds
[2025-01-18T07:21:46.799+0000] {processor.py:161} INFO - Started process (PID=21277) to work on /home/airflow/.local/lib/python3.12/site-packages/airflow/example_dags/example_time_delta_sensor_async.py
[2025-01-18T07:21:46.800+0000] {processor.py:830} INFO - Processing file /home/airflow/.local/lib/python3.12/site-packages/airflow/example_dags/example_time_delta_sensor_async.py for tasks to queue
[2025-01-18T07:21:46.802+0000] {logging_mixin.py:188} INFO - [2025-01-18T07:21:46.801+0000] {dagbag.py:545} INFO - Filling up the DagBag from /home/airflow/.local/lib/python3.12/site-packages/airflow/example_dags/example_time_delta_sensor_async.py
[2025-01-18T07:21:46.805+0000] {processor.py:840} INFO - DAG(s) 'example_time_delta_sensor_async' retrieved from /home/airflow/.local/lib/python3.12/site-packages/airflow/example_dags/example_time_delta_sensor_async.py
[2025-01-18T07:21:46.819+0000] {logging_mixin.py:188} INFO - [2025-01-18T07:21:46.819+0000] {dag.py:3089} INFO - Sync 1 DAGs
[2025-01-18T07:21:46.827+0000] {logging_mixin.py:188} INFO - [2025-01-18T07:21:46.827+0000] {dag.py:3947} INFO - Setting next_dagrun for example_time_delta_sensor_async to None, run_after=None
[2025-01-18T07:21:46.837+0000] {processor.py:183} INFO - Processing /home/airflow/.local/lib/python3.12/site-packages/airflow/example_dags/example_time_delta_sensor_async.py took 0.042 seconds
[2025-01-18T07:42:04.022+0000] {processor.py:161} INFO - Started process (PID=215) to work on /home/airflow/.local/lib/python3.12/site-packages/airflow/example_dags/example_time_delta_sensor_async.py
[2025-01-18T07:42:04.024+0000] {processor.py:830} INFO - Processing file /home/airflow/.local/lib/python3.12/site-packages/airflow/example_dags/example_time_delta_sensor_async.py for tasks to queue
[2025-01-18T07:42:04.026+0000] {logging_mixin.py:188} INFO - [2025-01-18T07:42:04.025+0000] {dagbag.py:545} INFO - Filling up the DagBag from /home/airflow/.local/lib/python3.12/site-packages/airflow/example_dags/example_time_delta_sensor_async.py
[2025-01-18T07:42:04.030+0000] {processor.py:840} INFO - DAG(s) 'example_time_delta_sensor_async' retrieved from /home/airflow/.local/lib/python3.12/site-packages/airflow/example_dags/example_time_delta_sensor_async.py
[2025-01-18T07:42:04.039+0000] {logging_mixin.py:188} INFO - [2025-01-18T07:42:04.039+0000] {dag.py:3089} INFO - Sync 1 DAGs
[2025-01-18T07:42:04.047+0000] {logging_mixin.py:188} INFO - [2025-01-18T07:42:04.046+0000] {dag.py:3947} INFO - Setting next_dagrun for example_time_delta_sensor_async to None, run_after=None
[2025-01-18T07:42:04.059+0000] {processor.py:183} INFO - Processing /home/airflow/.local/lib/python3.12/site-packages/airflow/example_dags/example_time_delta_sensor_async.py took 0.040 seconds
[2025-01-18T07:42:35.170+0000] {processor.py:161} INFO - Started process (PID=484) to work on /home/airflow/.local/lib/python3.12/site-packages/airflow/example_dags/example_time_delta_sensor_async.py
[2025-01-18T07:42:35.173+0000] {processor.py:830} INFO - Processing file /home/airflow/.local/lib/python3.12/site-packages/airflow/example_dags/example_time_delta_sensor_async.py for tasks to queue
[2025-01-18T07:42:35.174+0000] {logging_mixin.py:188} INFO - [2025-01-18T07:42:35.174+0000] {dagbag.py:545} INFO - Filling up the DagBag from /home/airflow/.local/lib/python3.12/site-packages/airflow/example_dags/example_time_delta_sensor_async.py
[2025-01-18T07:42:35.180+0000] {processor.py:840} INFO - DAG(s) 'example_time_delta_sensor_async' retrieved from /home/airflow/.local/lib/python3.12/site-packages/airflow/example_dags/example_time_delta_sensor_async.py
[2025-01-18T07:42:35.270+0000] {logging_mixin.py:188} INFO - [2025-01-18T07:42:35.270+0000] {dag.py:3089} INFO - Sync 1 DAGs
[2025-01-18T07:42:35.281+0000] {logging_mixin.py:188} INFO - [2025-01-18T07:42:35.281+0000] {dag.py:3947} INFO - Setting next_dagrun for example_time_delta_sensor_async to None, run_after=None
[2025-01-18T07:42:35.301+0000] {processor.py:183} INFO - Processing /home/airflow/.local/lib/python3.12/site-packages/airflow/example_dags/example_time_delta_sensor_async.py took 0.136 seconds
[2025-01-18T07:43:06.125+0000] {processor.py:161} INFO - Started process (PID=751) to work on /home/airflow/.local/lib/python3.12/site-packages/airflow/example_dags/example_time_delta_sensor_async.py
[2025-01-18T07:43:06.127+0000] {processor.py:830} INFO - Processing file /home/airflow/.local/lib/python3.12/site-packages/airflow/example_dags/example_time_delta_sensor_async.py for tasks to queue
[2025-01-18T07:43:06.128+0000] {logging_mixin.py:188} INFO - [2025-01-18T07:43:06.128+0000] {dagbag.py:545} INFO - Filling up the DagBag from /home/airflow/.local/lib/python3.12/site-packages/airflow/example_dags/example_time_delta_sensor_async.py
[2025-01-18T07:43:06.132+0000] {processor.py:840} INFO - DAG(s) 'example_time_delta_sensor_async' retrieved from /home/airflow/.local/lib/python3.12/site-packages/airflow/example_dags/example_time_delta_sensor_async.py
[2025-01-18T07:43:06.148+0000] {logging_mixin.py:188} INFO - [2025-01-18T07:43:06.147+0000] {dag.py:3089} INFO - Sync 1 DAGs
[2025-01-18T07:43:06.155+0000] {logging_mixin.py:188} INFO - [2025-01-18T07:43:06.154+0000] {dag.py:3947} INFO - Setting next_dagrun for example_time_delta_sensor_async to None, run_after=None
[2025-01-18T07:43:06.166+0000] {processor.py:183} INFO - Processing /home/airflow/.local/lib/python3.12/site-packages/airflow/example_dags/example_time_delta_sensor_async.py took 0.045 seconds
[2025-01-18T07:43:36.237+0000] {processor.py:161} INFO - Started process (PID=1016) to work on /home/airflow/.local/lib/python3.12/site-packages/airflow/example_dags/example_time_delta_sensor_async.py
[2025-01-18T07:43:36.238+0000] {processor.py:830} INFO - Processing file /home/airflow/.local/lib/python3.12/site-packages/airflow/example_dags/example_time_delta_sensor_async.py for tasks to queue
[2025-01-18T07:43:36.239+0000] {logging_mixin.py:188} INFO - [2025-01-18T07:43:36.239+0000] {dagbag.py:545} INFO - Filling up the DagBag from /home/airflow/.local/lib/python3.12/site-packages/airflow/example_dags/example_time_delta_sensor_async.py
[2025-01-18T07:43:36.242+0000] {processor.py:840} INFO - DAG(s) 'example_time_delta_sensor_async' retrieved from /home/airflow/.local/lib/python3.12/site-packages/airflow/example_dags/example_time_delta_sensor_async.py
[2025-01-18T07:43:36.260+0000] {logging_mixin.py:188} INFO - [2025-01-18T07:43:36.259+0000] {dag.py:3089} INFO - Sync 1 DAGs
[2025-01-18T07:43:36.266+0000] {logging_mixin.py:188} INFO - [2025-01-18T07:43:36.266+0000] {dag.py:3947} INFO - Setting next_dagrun for example_time_delta_sensor_async to None, run_after=None
[2025-01-18T07:43:36.276+0000] {processor.py:183} INFO - Processing /home/airflow/.local/lib/python3.12/site-packages/airflow/example_dags/example_time_delta_sensor_async.py took 0.043 seconds
[2025-01-18T07:44:06.528+0000] {processor.py:161} INFO - Started process (PID=1285) to work on /home/airflow/.local/lib/python3.12/site-packages/airflow/example_dags/example_time_delta_sensor_async.py
[2025-01-18T07:44:06.529+0000] {processor.py:830} INFO - Processing file /home/airflow/.local/lib/python3.12/site-packages/airflow/example_dags/example_time_delta_sensor_async.py for tasks to queue
[2025-01-18T07:44:06.530+0000] {logging_mixin.py:188} INFO - [2025-01-18T07:44:06.530+0000] {dagbag.py:545} INFO - Filling up the DagBag from /home/airflow/.local/lib/python3.12/site-packages/airflow/example_dags/example_time_delta_sensor_async.py
[2025-01-18T07:44:06.534+0000] {processor.py:840} INFO - DAG(s) 'example_time_delta_sensor_async' retrieved from /home/airflow/.local/lib/python3.12/site-packages/airflow/example_dags/example_time_delta_sensor_async.py
[2025-01-18T07:44:06.550+0000] {logging_mixin.py:188} INFO - [2025-01-18T07:44:06.549+0000] {dag.py:3089} INFO - Sync 1 DAGs
[2025-01-18T07:44:06.557+0000] {logging_mixin.py:188} INFO - [2025-01-18T07:44:06.557+0000] {dag.py:3947} INFO - Setting next_dagrun for example_time_delta_sensor_async to None, run_after=None
[2025-01-18T07:44:06.569+0000] {processor.py:183} INFO - Processing /home/airflow/.local/lib/python3.12/site-packages/airflow/example_dags/example_time_delta_sensor_async.py took 0.045 seconds
[2025-01-18T07:44:37.303+0000] {processor.py:161} INFO - Started process (PID=1550) to work on /home/airflow/.local/lib/python3.12/site-packages/airflow/example_dags/example_time_delta_sensor_async.py
[2025-01-18T07:44:37.304+0000] {processor.py:830} INFO - Processing file /home/airflow/.local/lib/python3.12/site-packages/airflow/example_dags/example_time_delta_sensor_async.py for tasks to queue
[2025-01-18T07:44:37.305+0000] {logging_mixin.py:188} INFO - [2025-01-18T07:44:37.305+0000] {dagbag.py:545} INFO - Filling up the DagBag from /home/airflow/.local/lib/python3.12/site-packages/airflow/example_dags/example_time_delta_sensor_async.py
[2025-01-18T07:44:37.309+0000] {processor.py:840} INFO - DAG(s) 'example_time_delta_sensor_async' retrieved from /home/airflow/.local/lib/python3.12/site-packages/airflow/example_dags/example_time_delta_sensor_async.py
[2025-01-18T07:44:37.322+0000] {logging_mixin.py:188} INFO - [2025-01-18T07:44:37.322+0000] {dag.py:3089} INFO - Sync 1 DAGs
[2025-01-18T07:44:37.329+0000] {logging_mixin.py:188} INFO - [2025-01-18T07:44:37.329+0000] {dag.py:3947} INFO - Setting next_dagrun for example_time_delta_sensor_async to None, run_after=None
[2025-01-18T07:44:37.340+0000] {processor.py:183} INFO - Processing /home/airflow/.local/lib/python3.12/site-packages/airflow/example_dags/example_time_delta_sensor_async.py took 0.042 seconds
[2025-01-18T07:45:07.598+0000] {processor.py:161} INFO - Started process (PID=1820) to work on /home/airflow/.local/lib/python3.12/site-packages/airflow/example_dags/example_time_delta_sensor_async.py
[2025-01-18T07:45:07.599+0000] {processor.py:830} INFO - Processing file /home/airflow/.local/lib/python3.12/site-packages/airflow/example_dags/example_time_delta_sensor_async.py for tasks to queue
[2025-01-18T07:45:07.600+0000] {logging_mixin.py:188} INFO - [2025-01-18T07:45:07.600+0000] {dagbag.py:545} INFO - Filling up the DagBag from /home/airflow/.local/lib/python3.12/site-packages/airflow/example_dags/example_time_delta_sensor_async.py
[2025-01-18T07:45:07.603+0000] {processor.py:840} INFO - DAG(s) 'example_time_delta_sensor_async' retrieved from /home/airflow/.local/lib/python3.12/site-packages/airflow/example_dags/example_time_delta_sensor_async.py
[2025-01-18T07:45:07.619+0000] {logging_mixin.py:188} INFO - [2025-01-18T07:45:07.619+0000] {dag.py:3089} INFO - Sync 1 DAGs
[2025-01-18T07:45:07.625+0000] {logging_mixin.py:188} INFO - [2025-01-18T07:45:07.625+0000] {dag.py:3947} INFO - Setting next_dagrun for example_time_delta_sensor_async to None, run_after=None
[2025-01-18T07:45:07.635+0000] {processor.py:183} INFO - Processing /home/airflow/.local/lib/python3.12/site-packages/airflow/example_dags/example_time_delta_sensor_async.py took 0.040 seconds
[2025-01-18T07:45:38.226+0000] {processor.py:161} INFO - Started process (PID=2087) to work on /home/airflow/.local/lib/python3.12/site-packages/airflow/example_dags/example_time_delta_sensor_async.py
[2025-01-18T07:45:38.228+0000] {processor.py:830} INFO - Processing file /home/airflow/.local/lib/python3.12/site-packages/airflow/example_dags/example_time_delta_sensor_async.py for tasks to queue
[2025-01-18T07:45:38.229+0000] {logging_mixin.py:188} INFO - [2025-01-18T07:45:38.228+0000] {dagbag.py:545} INFO - Filling up the DagBag from /home/airflow/.local/lib/python3.12/site-packages/airflow/example_dags/example_time_delta_sensor_async.py
[2025-01-18T07:45:38.231+0000] {processor.py:840} INFO - DAG(s) 'example_time_delta_sensor_async' retrieved from /home/airflow/.local/lib/python3.12/site-packages/airflow/example_dags/example_time_delta_sensor_async.py
[2025-01-18T07:45:38.247+0000] {logging_mixin.py:188} INFO - [2025-01-18T07:45:38.246+0000] {dag.py:3089} INFO - Sync 1 DAGs
[2025-01-18T07:45:38.254+0000] {logging_mixin.py:188} INFO - [2025-01-18T07:45:38.253+0000] {dag.py:3947} INFO - Setting next_dagrun for example_time_delta_sensor_async to None, run_after=None
[2025-01-18T07:45:38.265+0000] {processor.py:183} INFO - Processing /home/airflow/.local/lib/python3.12/site-packages/airflow/example_dags/example_time_delta_sensor_async.py took 0.044 seconds
[2025-01-18T07:46:09.248+0000] {processor.py:161} INFO - Started process (PID=2354) to work on /home/airflow/.local/lib/python3.12/site-packages/airflow/example_dags/example_time_delta_sensor_async.py
[2025-01-18T07:46:09.249+0000] {processor.py:830} INFO - Processing file /home/airflow/.local/lib/python3.12/site-packages/airflow/example_dags/example_time_delta_sensor_async.py for tasks to queue
[2025-01-18T07:46:09.253+0000] {logging_mixin.py:188} INFO - [2025-01-18T07:46:09.253+0000] {dagbag.py:545} INFO - Filling up the DagBag from /home/airflow/.local/lib/python3.12/site-packages/airflow/example_dags/example_time_delta_sensor_async.py
[2025-01-18T07:46:09.256+0000] {processor.py:840} INFO - DAG(s) 'example_time_delta_sensor_async' retrieved from /home/airflow/.local/lib/python3.12/site-packages/airflow/example_dags/example_time_delta_sensor_async.py
[2025-01-18T07:46:09.277+0000] {logging_mixin.py:188} INFO - [2025-01-18T07:46:09.276+0000] {dag.py:3089} INFO - Sync 1 DAGs
[2025-01-18T07:46:09.286+0000] {logging_mixin.py:188} INFO - [2025-01-18T07:46:09.285+0000] {dag.py:3947} INFO - Setting next_dagrun for example_time_delta_sensor_async to None, run_after=None
[2025-01-18T07:46:09.303+0000] {processor.py:183} INFO - Processing /home/airflow/.local/lib/python3.12/site-packages/airflow/example_dags/example_time_delta_sensor_async.py took 0.058 seconds
[2025-01-18T07:46:39.724+0000] {processor.py:161} INFO - Started process (PID=2621) to work on /home/airflow/.local/lib/python3.12/site-packages/airflow/example_dags/example_time_delta_sensor_async.py
[2025-01-18T07:46:39.724+0000] {processor.py:830} INFO - Processing file /home/airflow/.local/lib/python3.12/site-packages/airflow/example_dags/example_time_delta_sensor_async.py for tasks to queue
[2025-01-18T07:46:39.726+0000] {logging_mixin.py:188} INFO - [2025-01-18T07:46:39.726+0000] {dagbag.py:545} INFO - Filling up the DagBag from /home/airflow/.local/lib/python3.12/site-packages/airflow/example_dags/example_time_delta_sensor_async.py
[2025-01-18T07:46:39.729+0000] {processor.py:840} INFO - DAG(s) 'example_time_delta_sensor_async' retrieved from /home/airflow/.local/lib/python3.12/site-packages/airflow/example_dags/example_time_delta_sensor_async.py
[2025-01-18T07:46:39.745+0000] {logging_mixin.py:188} INFO - [2025-01-18T07:46:39.745+0000] {dag.py:3089} INFO - Sync 1 DAGs
[2025-01-18T07:46:39.752+0000] {logging_mixin.py:188} INFO - [2025-01-18T07:46:39.752+0000] {dag.py:3947} INFO - Setting next_dagrun for example_time_delta_sensor_async to None, run_after=None
[2025-01-18T07:46:39.763+0000] {processor.py:183} INFO - Processing /home/airflow/.local/lib/python3.12/site-packages/airflow/example_dags/example_time_delta_sensor_async.py took 0.044 seconds
[2025-01-18T07:47:10.010+0000] {processor.py:161} INFO - Started process (PID=2887) to work on /home/airflow/.local/lib/python3.12/site-packages/airflow/example_dags/example_time_delta_sensor_async.py
[2025-01-18T07:47:10.011+0000] {processor.py:830} INFO - Processing file /home/airflow/.local/lib/python3.12/site-packages/airflow/example_dags/example_time_delta_sensor_async.py for tasks to queue
[2025-01-18T07:47:10.012+0000] {logging_mixin.py:188} INFO - [2025-01-18T07:47:10.012+0000] {dagbag.py:545} INFO - Filling up the DagBag from /home/airflow/.local/lib/python3.12/site-packages/airflow/example_dags/example_time_delta_sensor_async.py
[2025-01-18T07:47:10.015+0000] {processor.py:840} INFO - DAG(s) 'example_time_delta_sensor_async' retrieved from /home/airflow/.local/lib/python3.12/site-packages/airflow/example_dags/example_time_delta_sensor_async.py
[2025-01-18T07:47:10.029+0000] {logging_mixin.py:188} INFO - [2025-01-18T07:47:10.029+0000] {dag.py:3089} INFO - Sync 1 DAGs
[2025-01-18T07:47:10.036+0000] {logging_mixin.py:188} INFO - [2025-01-18T07:47:10.035+0000] {dag.py:3947} INFO - Setting next_dagrun for example_time_delta_sensor_async to None, run_after=None
[2025-01-18T07:47:10.048+0000] {processor.py:183} INFO - Processing /home/airflow/.local/lib/python3.12/site-packages/airflow/example_dags/example_time_delta_sensor_async.py took 0.042 seconds
[2025-01-18T07:47:40.409+0000] {processor.py:161} INFO - Started process (PID=3154) to work on /home/airflow/.local/lib/python3.12/site-packages/airflow/example_dags/example_time_delta_sensor_async.py
[2025-01-18T07:47:40.410+0000] {processor.py:830} INFO - Processing file /home/airflow/.local/lib/python3.12/site-packages/airflow/example_dags/example_time_delta_sensor_async.py for tasks to queue
[2025-01-18T07:47:40.411+0000] {logging_mixin.py:188} INFO - [2025-01-18T07:47:40.411+0000] {dagbag.py:545} INFO - Filling up the DagBag from /home/airflow/.local/lib/python3.12/site-packages/airflow/example_dags/example_time_delta_sensor_async.py
[2025-01-18T07:47:40.414+0000] {processor.py:840} INFO - DAG(s) 'example_time_delta_sensor_async' retrieved from /home/airflow/.local/lib/python3.12/site-packages/airflow/example_dags/example_time_delta_sensor_async.py
[2025-01-18T07:47:40.430+0000] {logging_mixin.py:188} INFO - [2025-01-18T07:47:40.429+0000] {dag.py:3089} INFO - Sync 1 DAGs
[2025-01-18T07:47:40.437+0000] {logging_mixin.py:188} INFO - [2025-01-18T07:47:40.437+0000] {dag.py:3947} INFO - Setting next_dagrun for example_time_delta_sensor_async to None, run_after=None
[2025-01-18T07:47:40.449+0000] {processor.py:183} INFO - Processing /home/airflow/.local/lib/python3.12/site-packages/airflow/example_dags/example_time_delta_sensor_async.py took 0.044 seconds
[2025-01-18T08:02:10.384+0000] {processor.py:161} INFO - Started process (PID=214) to work on /home/airflow/.local/lib/python3.12/site-packages/airflow/example_dags/example_time_delta_sensor_async.py
[2025-01-18T08:02:10.386+0000] {processor.py:830} INFO - Processing file /home/airflow/.local/lib/python3.12/site-packages/airflow/example_dags/example_time_delta_sensor_async.py for tasks to queue
[2025-01-18T08:02:10.388+0000] {logging_mixin.py:188} INFO - [2025-01-18T08:02:10.387+0000] {dagbag.py:545} INFO - Filling up the DagBag from /home/airflow/.local/lib/python3.12/site-packages/airflow/example_dags/example_time_delta_sensor_async.py
[2025-01-18T08:02:10.393+0000] {processor.py:840} INFO - DAG(s) 'example_time_delta_sensor_async' retrieved from /home/airflow/.local/lib/python3.12/site-packages/airflow/example_dags/example_time_delta_sensor_async.py
[2025-01-18T08:02:10.404+0000] {logging_mixin.py:188} INFO - [2025-01-18T08:02:10.403+0000] {dag.py:3089} INFO - Sync 1 DAGs
[2025-01-18T08:02:10.413+0000] {logging_mixin.py:188} INFO - [2025-01-18T08:02:10.413+0000] {dag.py:3947} INFO - Setting next_dagrun for example_time_delta_sensor_async to None, run_after=None
[2025-01-18T08:02:10.426+0000] {processor.py:183} INFO - Processing /home/airflow/.local/lib/python3.12/site-packages/airflow/example_dags/example_time_delta_sensor_async.py took 0.045 seconds
[2025-01-18T08:02:41.296+0000] {processor.py:161} INFO - Started process (PID=483) to work on /home/airflow/.local/lib/python3.12/site-packages/airflow/example_dags/example_time_delta_sensor_async.py
[2025-01-18T08:02:41.297+0000] {processor.py:830} INFO - Processing file /home/airflow/.local/lib/python3.12/site-packages/airflow/example_dags/example_time_delta_sensor_async.py for tasks to queue
[2025-01-18T08:02:41.299+0000] {logging_mixin.py:188} INFO - [2025-01-18T08:02:41.299+0000] {dagbag.py:545} INFO - Filling up the DagBag from /home/airflow/.local/lib/python3.12/site-packages/airflow/example_dags/example_time_delta_sensor_async.py
[2025-01-18T08:02:41.305+0000] {processor.py:840} INFO - DAG(s) 'example_time_delta_sensor_async' retrieved from /home/airflow/.local/lib/python3.12/site-packages/airflow/example_dags/example_time_delta_sensor_async.py
[2025-01-18T08:02:41.370+0000] {logging_mixin.py:188} INFO - [2025-01-18T08:02:41.370+0000] {dag.py:3089} INFO - Sync 1 DAGs
[2025-01-18T08:02:41.376+0000] {logging_mixin.py:188} INFO - [2025-01-18T08:02:41.376+0000] {dag.py:3947} INFO - Setting next_dagrun for example_time_delta_sensor_async to None, run_after=None
[2025-01-18T08:02:41.390+0000] {processor.py:183} INFO - Processing /home/airflow/.local/lib/python3.12/site-packages/airflow/example_dags/example_time_delta_sensor_async.py took 0.098 seconds
[2025-01-18T08:03:12.369+0000] {processor.py:161} INFO - Started process (PID=750) to work on /home/airflow/.local/lib/python3.12/site-packages/airflow/example_dags/example_time_delta_sensor_async.py
[2025-01-18T08:03:12.369+0000] {processor.py:830} INFO - Processing file /home/airflow/.local/lib/python3.12/site-packages/airflow/example_dags/example_time_delta_sensor_async.py for tasks to queue
[2025-01-18T08:03:12.371+0000] {logging_mixin.py:188} INFO - [2025-01-18T08:03:12.370+0000] {dagbag.py:545} INFO - Filling up the DagBag from /home/airflow/.local/lib/python3.12/site-packages/airflow/example_dags/example_time_delta_sensor_async.py
[2025-01-18T08:03:12.373+0000] {processor.py:840} INFO - DAG(s) 'example_time_delta_sensor_async' retrieved from /home/airflow/.local/lib/python3.12/site-packages/airflow/example_dags/example_time_delta_sensor_async.py
[2025-01-18T08:03:12.387+0000] {logging_mixin.py:188} INFO - [2025-01-18T08:03:12.387+0000] {dag.py:3089} INFO - Sync 1 DAGs
[2025-01-18T08:03:12.398+0000] {logging_mixin.py:188} INFO - [2025-01-18T08:03:12.398+0000] {dag.py:3947} INFO - Setting next_dagrun for example_time_delta_sensor_async to None, run_after=None
[2025-01-18T08:03:12.410+0000] {processor.py:183} INFO - Processing /home/airflow/.local/lib/python3.12/site-packages/airflow/example_dags/example_time_delta_sensor_async.py took 0.046 seconds
[2025-01-18T08:03:43.032+0000] {processor.py:161} INFO - Started process (PID=1017) to work on /home/airflow/.local/lib/python3.12/site-packages/airflow/example_dags/example_time_delta_sensor_async.py
[2025-01-18T08:03:43.033+0000] {processor.py:830} INFO - Processing file /home/airflow/.local/lib/python3.12/site-packages/airflow/example_dags/example_time_delta_sensor_async.py for tasks to queue
[2025-01-18T08:03:43.034+0000] {logging_mixin.py:188} INFO - [2025-01-18T08:03:43.034+0000] {dagbag.py:545} INFO - Filling up the DagBag from /home/airflow/.local/lib/python3.12/site-packages/airflow/example_dags/example_time_delta_sensor_async.py
[2025-01-18T08:03:43.038+0000] {processor.py:840} INFO - DAG(s) 'example_time_delta_sensor_async' retrieved from /home/airflow/.local/lib/python3.12/site-packages/airflow/example_dags/example_time_delta_sensor_async.py
[2025-01-18T08:03:43.055+0000] {logging_mixin.py:188} INFO - [2025-01-18T08:03:43.055+0000] {dag.py:3089} INFO - Sync 1 DAGs
[2025-01-18T08:03:43.063+0000] {logging_mixin.py:188} INFO - [2025-01-18T08:03:43.063+0000] {dag.py:3947} INFO - Setting next_dagrun for example_time_delta_sensor_async to None, run_after=None
[2025-01-18T08:03:43.075+0000] {processor.py:183} INFO - Processing /home/airflow/.local/lib/python3.12/site-packages/airflow/example_dags/example_time_delta_sensor_async.py took 0.049 seconds
[2025-01-18T08:04:13.136+0000] {processor.py:161} INFO - Started process (PID=1284) to work on /home/airflow/.local/lib/python3.12/site-packages/airflow/example_dags/example_time_delta_sensor_async.py
[2025-01-18T08:04:13.137+0000] {processor.py:830} INFO - Processing file /home/airflow/.local/lib/python3.12/site-packages/airflow/example_dags/example_time_delta_sensor_async.py for tasks to queue
[2025-01-18T08:04:13.138+0000] {logging_mixin.py:188} INFO - [2025-01-18T08:04:13.138+0000] {dagbag.py:545} INFO - Filling up the DagBag from /home/airflow/.local/lib/python3.12/site-packages/airflow/example_dags/example_time_delta_sensor_async.py
[2025-01-18T08:04:13.141+0000] {processor.py:840} INFO - DAG(s) 'example_time_delta_sensor_async' retrieved from /home/airflow/.local/lib/python3.12/site-packages/airflow/example_dags/example_time_delta_sensor_async.py
[2025-01-18T08:04:13.155+0000] {logging_mixin.py:188} INFO - [2025-01-18T08:04:13.155+0000] {dag.py:3089} INFO - Sync 1 DAGs
[2025-01-18T08:04:13.162+0000] {logging_mixin.py:188} INFO - [2025-01-18T08:04:13.162+0000] {dag.py:3947} INFO - Setting next_dagrun for example_time_delta_sensor_async to None, run_after=None
[2025-01-18T08:04:13.172+0000] {processor.py:183} INFO - Processing /home/airflow/.local/lib/python3.12/site-packages/airflow/example_dags/example_time_delta_sensor_async.py took 0.039 seconds
[2025-01-18T08:05:55.813+0000] {processor.py:161} INFO - Started process (PID=213) to work on /home/airflow/.local/lib/python3.12/site-packages/airflow/example_dags/example_time_delta_sensor_async.py
[2025-01-18T08:05:55.815+0000] {processor.py:830} INFO - Processing file /home/airflow/.local/lib/python3.12/site-packages/airflow/example_dags/example_time_delta_sensor_async.py for tasks to queue
[2025-01-18T08:05:55.817+0000] {logging_mixin.py:188} INFO - [2025-01-18T08:05:55.817+0000] {dagbag.py:545} INFO - Filling up the DagBag from /home/airflow/.local/lib/python3.12/site-packages/airflow/example_dags/example_time_delta_sensor_async.py
[2025-01-18T08:05:55.823+0000] {processor.py:840} INFO - DAG(s) 'example_time_delta_sensor_async' retrieved from /home/airflow/.local/lib/python3.12/site-packages/airflow/example_dags/example_time_delta_sensor_async.py
[2025-01-18T08:05:55.836+0000] {logging_mixin.py:188} INFO - [2025-01-18T08:05:55.836+0000] {dag.py:3089} INFO - Sync 1 DAGs
[2025-01-18T08:05:55.848+0000] {logging_mixin.py:188} INFO - [2025-01-18T08:05:55.847+0000] {dag.py:3947} INFO - Setting next_dagrun for example_time_delta_sensor_async to None, run_after=None
[2025-01-18T08:05:55.864+0000] {processor.py:183} INFO - Processing /home/airflow/.local/lib/python3.12/site-packages/airflow/example_dags/example_time_delta_sensor_async.py took 0.054 seconds
[2025-01-18T08:06:26.537+0000] {processor.py:161} INFO - Started process (PID=480) to work on /home/airflow/.local/lib/python3.12/site-packages/airflow/example_dags/example_time_delta_sensor_async.py
[2025-01-18T08:06:26.538+0000] {processor.py:830} INFO - Processing file /home/airflow/.local/lib/python3.12/site-packages/airflow/example_dags/example_time_delta_sensor_async.py for tasks to queue
[2025-01-18T08:06:26.539+0000] {logging_mixin.py:188} INFO - [2025-01-18T08:06:26.539+0000] {dagbag.py:545} INFO - Filling up the DagBag from /home/airflow/.local/lib/python3.12/site-packages/airflow/example_dags/example_time_delta_sensor_async.py
[2025-01-18T08:06:26.542+0000] {processor.py:840} INFO - DAG(s) 'example_time_delta_sensor_async' retrieved from /home/airflow/.local/lib/python3.12/site-packages/airflow/example_dags/example_time_delta_sensor_async.py
[2025-01-18T08:06:26.551+0000] {logging_mixin.py:188} INFO - [2025-01-18T08:06:26.551+0000] {dag.py:3089} INFO - Sync 1 DAGs
[2025-01-18T08:06:26.562+0000] {logging_mixin.py:188} INFO - [2025-01-18T08:06:26.562+0000] {dag.py:3947} INFO - Setting next_dagrun for example_time_delta_sensor_async to None, run_after=None
[2025-01-18T08:06:26.579+0000] {processor.py:183} INFO - Processing /home/airflow/.local/lib/python3.12/site-packages/airflow/example_dags/example_time_delta_sensor_async.py took 0.046 seconds
[2025-01-18T08:06:57.377+0000] {processor.py:161} INFO - Started process (PID=747) to work on /home/airflow/.local/lib/python3.12/site-packages/airflow/example_dags/example_time_delta_sensor_async.py
[2025-01-18T08:06:57.378+0000] {processor.py:830} INFO - Processing file /home/airflow/.local/lib/python3.12/site-packages/airflow/example_dags/example_time_delta_sensor_async.py for tasks to queue
[2025-01-18T08:06:57.379+0000] {logging_mixin.py:188} INFO - [2025-01-18T08:06:57.379+0000] {dagbag.py:545} INFO - Filling up the DagBag from /home/airflow/.local/lib/python3.12/site-packages/airflow/example_dags/example_time_delta_sensor_async.py
[2025-01-18T08:06:57.383+0000] {processor.py:840} INFO - DAG(s) 'example_time_delta_sensor_async' retrieved from /home/airflow/.local/lib/python3.12/site-packages/airflow/example_dags/example_time_delta_sensor_async.py
[2025-01-18T08:06:57.395+0000] {logging_mixin.py:188} INFO - [2025-01-18T08:06:57.394+0000] {dag.py:3089} INFO - Sync 1 DAGs
[2025-01-18T08:06:57.402+0000] {logging_mixin.py:188} INFO - [2025-01-18T08:06:57.402+0000] {dag.py:3947} INFO - Setting next_dagrun for example_time_delta_sensor_async to None, run_after=None
[2025-01-18T08:06:57.414+0000] {processor.py:183} INFO - Processing /home/airflow/.local/lib/python3.12/site-packages/airflow/example_dags/example_time_delta_sensor_async.py took 0.041 seconds
[2025-01-18T08:07:27.605+0000] {processor.py:161} INFO - Started process (PID=1016) to work on /home/airflow/.local/lib/python3.12/site-packages/airflow/example_dags/example_time_delta_sensor_async.py
[2025-01-18T08:07:27.606+0000] {processor.py:830} INFO - Processing file /home/airflow/.local/lib/python3.12/site-packages/airflow/example_dags/example_time_delta_sensor_async.py for tasks to queue
[2025-01-18T08:07:27.607+0000] {logging_mixin.py:188} INFO - [2025-01-18T08:07:27.607+0000] {dagbag.py:545} INFO - Filling up the DagBag from /home/airflow/.local/lib/python3.12/site-packages/airflow/example_dags/example_time_delta_sensor_async.py
[2025-01-18T08:07:27.611+0000] {processor.py:840} INFO - DAG(s) 'example_time_delta_sensor_async' retrieved from /home/airflow/.local/lib/python3.12/site-packages/airflow/example_dags/example_time_delta_sensor_async.py
[2025-01-18T08:07:27.622+0000] {logging_mixin.py:188} INFO - [2025-01-18T08:07:27.621+0000] {dag.py:3089} INFO - Sync 1 DAGs
[2025-01-18T08:07:27.630+0000] {logging_mixin.py:188} INFO - [2025-01-18T08:07:27.630+0000] {dag.py:3947} INFO - Setting next_dagrun for example_time_delta_sensor_async to None, run_after=None
[2025-01-18T08:07:27.642+0000] {processor.py:183} INFO - Processing /home/airflow/.local/lib/python3.12/site-packages/airflow/example_dags/example_time_delta_sensor_async.py took 0.042 seconds
[2025-01-18T08:07:58.243+0000] {processor.py:161} INFO - Started process (PID=1275) to work on /home/airflow/.local/lib/python3.12/site-packages/airflow/example_dags/example_time_delta_sensor_async.py
[2025-01-18T08:07:58.244+0000] {processor.py:830} INFO - Processing file /home/airflow/.local/lib/python3.12/site-packages/airflow/example_dags/example_time_delta_sensor_async.py for tasks to queue
[2025-01-18T08:07:58.245+0000] {logging_mixin.py:188} INFO - [2025-01-18T08:07:58.245+0000] {dagbag.py:545} INFO - Filling up the DagBag from /home/airflow/.local/lib/python3.12/site-packages/airflow/example_dags/example_time_delta_sensor_async.py
[2025-01-18T08:07:58.248+0000] {processor.py:840} INFO - DAG(s) 'example_time_delta_sensor_async' retrieved from /home/airflow/.local/lib/python3.12/site-packages/airflow/example_dags/example_time_delta_sensor_async.py
[2025-01-18T08:07:58.300+0000] {logging_mixin.py:188} INFO - [2025-01-18T08:07:58.300+0000] {dag.py:3089} INFO - Sync 1 DAGs
[2025-01-18T08:07:58.305+0000] {logging_mixin.py:188} INFO - [2025-01-18T08:07:58.305+0000] {dag.py:3947} INFO - Setting next_dagrun for example_time_delta_sensor_async to None, run_after=None
[2025-01-18T08:07:58.315+0000] {processor.py:183} INFO - Processing /home/airflow/.local/lib/python3.12/site-packages/airflow/example_dags/example_time_delta_sensor_async.py took 0.075 seconds
[2025-01-18T08:08:28.509+0000] {processor.py:161} INFO - Started process (PID=1543) to work on /home/airflow/.local/lib/python3.12/site-packages/airflow/example_dags/example_time_delta_sensor_async.py
[2025-01-18T08:08:28.510+0000] {processor.py:830} INFO - Processing file /home/airflow/.local/lib/python3.12/site-packages/airflow/example_dags/example_time_delta_sensor_async.py for tasks to queue
[2025-01-18T08:08:28.511+0000] {logging_mixin.py:188} INFO - [2025-01-18T08:08:28.511+0000] {dagbag.py:545} INFO - Filling up the DagBag from /home/airflow/.local/lib/python3.12/site-packages/airflow/example_dags/example_time_delta_sensor_async.py
[2025-01-18T08:08:28.514+0000] {processor.py:840} INFO - DAG(s) 'example_time_delta_sensor_async' retrieved from /home/airflow/.local/lib/python3.12/site-packages/airflow/example_dags/example_time_delta_sensor_async.py
[2025-01-18T08:08:28.528+0000] {logging_mixin.py:188} INFO - [2025-01-18T08:08:28.528+0000] {dag.py:3089} INFO - Sync 1 DAGs
[2025-01-18T08:08:28.534+0000] {logging_mixin.py:188} INFO - [2025-01-18T08:08:28.534+0000] {dag.py:3947} INFO - Setting next_dagrun for example_time_delta_sensor_async to None, run_after=None
[2025-01-18T08:08:28.545+0000] {processor.py:183} INFO - Processing /home/airflow/.local/lib/python3.12/site-packages/airflow/example_dags/example_time_delta_sensor_async.py took 0.040 seconds
[2025-01-18T08:08:58.637+0000] {processor.py:161} INFO - Started process (PID=1810) to work on /home/airflow/.local/lib/python3.12/site-packages/airflow/example_dags/example_time_delta_sensor_async.py
[2025-01-18T08:08:58.638+0000] {processor.py:830} INFO - Processing file /home/airflow/.local/lib/python3.12/site-packages/airflow/example_dags/example_time_delta_sensor_async.py for tasks to queue
[2025-01-18T08:08:58.639+0000] {logging_mixin.py:188} INFO - [2025-01-18T08:08:58.639+0000] {dagbag.py:545} INFO - Filling up the DagBag from /home/airflow/.local/lib/python3.12/site-packages/airflow/example_dags/example_time_delta_sensor_async.py
[2025-01-18T08:08:58.642+0000] {processor.py:840} INFO - DAG(s) 'example_time_delta_sensor_async' retrieved from /home/airflow/.local/lib/python3.12/site-packages/airflow/example_dags/example_time_delta_sensor_async.py
[2025-01-18T08:08:58.656+0000] {logging_mixin.py:188} INFO - [2025-01-18T08:08:58.656+0000] {dag.py:3089} INFO - Sync 1 DAGs
[2025-01-18T08:08:58.662+0000] {logging_mixin.py:188} INFO - [2025-01-18T08:08:58.662+0000] {dag.py:3947} INFO - Setting next_dagrun for example_time_delta_sensor_async to None, run_after=None
[2025-01-18T08:08:58.673+0000] {processor.py:183} INFO - Processing /home/airflow/.local/lib/python3.12/site-packages/airflow/example_dags/example_time_delta_sensor_async.py took 0.039 seconds
