[2025-01-18T06:44:33.813+0000] {processor.py:161} INFO - Started process (PID=251) to work on /home/airflow/.local/lib/python3.12/site-packages/airflow/example_dags/example_branch_datetime_operator.py
[2025-01-18T06:44:33.814+0000] {processor.py:830} INFO - Processing file /home/airflow/.local/lib/python3.12/site-packages/airflow/example_dags/example_branch_datetime_operator.py for tasks to queue
[2025-01-18T06:44:33.815+0000] {logging_mixin.py:188} INFO - [2025-01-18T06:44:33.815+0000] {dagbag.py:545} INFO - Filling up the DagBag from /home/airflow/.local/lib/python3.12/site-packages/airflow/example_dags/example_branch_datetime_operator.py
[2025-01-18T06:44:33.825+0000] {processor.py:840} INFO - DAG(s) 'example_branch_datetime_operator', 'example_branch_datetime_operator_3', 'example_branch_datetime_operator_2' retrieved from /home/airflow/.local/lib/python3.12/site-packages/airflow/example_dags/example_branch_datetime_operator.py
[2025-01-18T06:44:33.837+0000] {logging_mixin.py:188} INFO - [2025-01-18T06:44:33.837+0000] {dag.py:3089} INFO - Sync 3 DAGs
[2025-01-18T06:44:33.862+0000] {logging_mixin.py:188} INFO - [2025-01-18T06:44:33.861+0000] {dag.py:3947} INFO - Setting next_dagrun for example_branch_datetime_operator to 2025-01-17 00:00:00+00:00, run_after=2025-01-18 00:00:00+00:00
[2025-01-18T06:44:33.867+0000] {logging_mixin.py:188} INFO - [2025-01-18T06:44:33.867+0000] {dag.py:3947} INFO - Setting next_dagrun for example_branch_datetime_operator_2 to 2025-01-17 00:00:00+00:00, run_after=2025-01-18 00:00:00+00:00
[2025-01-18T06:44:33.869+0000] {logging_mixin.py:188} INFO - [2025-01-18T06:44:33.869+0000] {dag.py:3947} INFO - Setting next_dagrun for example_branch_datetime_operator_3 to 2025-01-17 00:00:00+00:00, run_after=2025-01-18 00:00:00+00:00
[2025-01-18T06:44:33.888+0000] {processor.py:183} INFO - Processing /home/airflow/.local/lib/python3.12/site-packages/airflow/example_dags/example_branch_datetime_operator.py took 0.079 seconds
[2025-01-18T06:45:04.628+0000] {processor.py:161} INFO - Started process (PID=526) to work on /home/airflow/.local/lib/python3.12/site-packages/airflow/example_dags/example_branch_datetime_operator.py
[2025-01-18T06:45:04.629+0000] {processor.py:830} INFO - Processing file /home/airflow/.local/lib/python3.12/site-packages/airflow/example_dags/example_branch_datetime_operator.py for tasks to queue
[2025-01-18T06:45:04.630+0000] {logging_mixin.py:188} INFO - [2025-01-18T06:45:04.629+0000] {dagbag.py:545} INFO - Filling up the DagBag from /home/airflow/.local/lib/python3.12/site-packages/airflow/example_dags/example_branch_datetime_operator.py
[2025-01-18T06:45:04.635+0000] {processor.py:840} INFO - DAG(s) 'example_branch_datetime_operator_2', 'example_branch_datetime_operator', 'example_branch_datetime_operator_3' retrieved from /home/airflow/.local/lib/python3.12/site-packages/airflow/example_dags/example_branch_datetime_operator.py
[2025-01-18T06:45:04.705+0000] {logging_mixin.py:188} INFO - [2025-01-18T06:45:04.704+0000] {dag.py:3089} INFO - Sync 3 DAGs
[2025-01-18T06:45:04.719+0000] {logging_mixin.py:188} INFO - [2025-01-18T06:45:04.719+0000] {dag.py:3947} INFO - Setting next_dagrun for example_branch_datetime_operator to 2025-01-17 00:00:00+00:00, run_after=2025-01-18 00:00:00+00:00
[2025-01-18T06:45:04.721+0000] {logging_mixin.py:188} INFO - [2025-01-18T06:45:04.721+0000] {dag.py:3947} INFO - Setting next_dagrun for example_branch_datetime_operator_2 to 2025-01-17 00:00:00+00:00, run_after=2025-01-18 00:00:00+00:00
[2025-01-18T06:45:04.722+0000] {logging_mixin.py:188} INFO - [2025-01-18T06:45:04.722+0000] {dag.py:3947} INFO - Setting next_dagrun for example_branch_datetime_operator_3 to 2025-01-17 00:00:00+00:00, run_after=2025-01-18 00:00:00+00:00
[2025-01-18T06:45:04.735+0000] {processor.py:183} INFO - Processing /home/airflow/.local/lib/python3.12/site-packages/airflow/example_dags/example_branch_datetime_operator.py took 0.111 seconds
[2025-01-18T06:45:35.148+0000] {processor.py:161} INFO - Started process (PID=802) to work on /home/airflow/.local/lib/python3.12/site-packages/airflow/example_dags/example_branch_datetime_operator.py
[2025-01-18T06:45:35.149+0000] {processor.py:830} INFO - Processing file /home/airflow/.local/lib/python3.12/site-packages/airflow/example_dags/example_branch_datetime_operator.py for tasks to queue
[2025-01-18T06:45:35.150+0000] {logging_mixin.py:188} INFO - [2025-01-18T06:45:35.150+0000] {dagbag.py:545} INFO - Filling up the DagBag from /home/airflow/.local/lib/python3.12/site-packages/airflow/example_dags/example_branch_datetime_operator.py
[2025-01-18T06:45:35.156+0000] {processor.py:840} INFO - DAG(s) 'example_branch_datetime_operator_2', 'example_branch_datetime_operator_3', 'example_branch_datetime_operator' retrieved from /home/airflow/.local/lib/python3.12/site-packages/airflow/example_dags/example_branch_datetime_operator.py
[2025-01-18T06:45:35.173+0000] {logging_mixin.py:188} INFO - [2025-01-18T06:45:35.173+0000] {dag.py:3089} INFO - Sync 3 DAGs
[2025-01-18T06:45:35.185+0000] {logging_mixin.py:188} INFO - [2025-01-18T06:45:35.185+0000] {dag.py:3947} INFO - Setting next_dagrun for example_branch_datetime_operator to 2025-01-17 00:00:00+00:00, run_after=2025-01-18 00:00:00+00:00
[2025-01-18T06:45:35.188+0000] {logging_mixin.py:188} INFO - [2025-01-18T06:45:35.188+0000] {dag.py:3947} INFO - Setting next_dagrun for example_branch_datetime_operator_2 to 2025-01-17 00:00:00+00:00, run_after=2025-01-18 00:00:00+00:00
[2025-01-18T06:45:35.189+0000] {logging_mixin.py:188} INFO - [2025-01-18T06:45:35.189+0000] {dag.py:3947} INFO - Setting next_dagrun for example_branch_datetime_operator_3 to 2025-01-17 00:00:00+00:00, run_after=2025-01-18 00:00:00+00:00
[2025-01-18T06:45:35.198+0000] {processor.py:183} INFO - Processing /home/airflow/.local/lib/python3.12/site-packages/airflow/example_dags/example_branch_datetime_operator.py took 0.053 seconds
[2025-01-18T06:46:05.535+0000] {processor.py:161} INFO - Started process (PID=1079) to work on /home/airflow/.local/lib/python3.12/site-packages/airflow/example_dags/example_branch_datetime_operator.py
[2025-01-18T06:46:05.536+0000] {processor.py:830} INFO - Processing file /home/airflow/.local/lib/python3.12/site-packages/airflow/example_dags/example_branch_datetime_operator.py for tasks to queue
[2025-01-18T06:46:05.538+0000] {logging_mixin.py:188} INFO - [2025-01-18T06:46:05.538+0000] {dagbag.py:545} INFO - Filling up the DagBag from /home/airflow/.local/lib/python3.12/site-packages/airflow/example_dags/example_branch_datetime_operator.py
[2025-01-18T06:46:05.544+0000] {processor.py:840} INFO - DAG(s) 'example_branch_datetime_operator', 'example_branch_datetime_operator_2', 'example_branch_datetime_operator_3' retrieved from /home/airflow/.local/lib/python3.12/site-packages/airflow/example_dags/example_branch_datetime_operator.py
[2025-01-18T06:46:05.562+0000] {logging_mixin.py:188} INFO - [2025-01-18T06:46:05.562+0000] {dag.py:3089} INFO - Sync 3 DAGs
[2025-01-18T06:46:05.576+0000] {logging_mixin.py:188} INFO - [2025-01-18T06:46:05.576+0000] {dag.py:3947} INFO - Setting next_dagrun for example_branch_datetime_operator to 2025-01-17 00:00:00+00:00, run_after=2025-01-18 00:00:00+00:00
[2025-01-18T06:46:05.579+0000] {logging_mixin.py:188} INFO - [2025-01-18T06:46:05.579+0000] {dag.py:3947} INFO - Setting next_dagrun for example_branch_datetime_operator_2 to 2025-01-17 00:00:00+00:00, run_after=2025-01-18 00:00:00+00:00
[2025-01-18T06:46:05.580+0000] {logging_mixin.py:188} INFO - [2025-01-18T06:46:05.580+0000] {dag.py:3947} INFO - Setting next_dagrun for example_branch_datetime_operator_3 to 2025-01-17 00:00:00+00:00, run_after=2025-01-18 00:00:00+00:00
[2025-01-18T06:46:05.590+0000] {processor.py:183} INFO - Processing /home/airflow/.local/lib/python3.12/site-packages/airflow/example_dags/example_branch_datetime_operator.py took 0.061 seconds
[2025-01-18T06:46:35.867+0000] {processor.py:161} INFO - Started process (PID=1356) to work on /home/airflow/.local/lib/python3.12/site-packages/airflow/example_dags/example_branch_datetime_operator.py
[2025-01-18T06:46:35.868+0000] {processor.py:830} INFO - Processing file /home/airflow/.local/lib/python3.12/site-packages/airflow/example_dags/example_branch_datetime_operator.py for tasks to queue
[2025-01-18T06:46:35.869+0000] {logging_mixin.py:188} INFO - [2025-01-18T06:46:35.869+0000] {dagbag.py:545} INFO - Filling up the DagBag from /home/airflow/.local/lib/python3.12/site-packages/airflow/example_dags/example_branch_datetime_operator.py
[2025-01-18T06:46:35.875+0000] {processor.py:840} INFO - DAG(s) 'example_branch_datetime_operator_3', 'example_branch_datetime_operator_2', 'example_branch_datetime_operator' retrieved from /home/airflow/.local/lib/python3.12/site-packages/airflow/example_dags/example_branch_datetime_operator.py
[2025-01-18T06:46:35.893+0000] {logging_mixin.py:188} INFO - [2025-01-18T06:46:35.893+0000] {dag.py:3089} INFO - Sync 3 DAGs
[2025-01-18T06:46:35.907+0000] {logging_mixin.py:188} INFO - [2025-01-18T06:46:35.907+0000] {dag.py:3947} INFO - Setting next_dagrun for example_branch_datetime_operator to 2025-01-17 00:00:00+00:00, run_after=2025-01-18 00:00:00+00:00
[2025-01-18T06:46:35.911+0000] {logging_mixin.py:188} INFO - [2025-01-18T06:46:35.911+0000] {dag.py:3947} INFO - Setting next_dagrun for example_branch_datetime_operator_2 to 2025-01-17 00:00:00+00:00, run_after=2025-01-18 00:00:00+00:00
[2025-01-18T06:46:35.912+0000] {logging_mixin.py:188} INFO - [2025-01-18T06:46:35.912+0000] {dag.py:3947} INFO - Setting next_dagrun for example_branch_datetime_operator_3 to 2025-01-17 00:00:00+00:00, run_after=2025-01-18 00:00:00+00:00
[2025-01-18T06:46:35.924+0000] {processor.py:183} INFO - Processing /home/airflow/.local/lib/python3.12/site-packages/airflow/example_dags/example_branch_datetime_operator.py took 0.061 seconds
[2025-01-18T06:47:17.678+0000] {processor.py:161} INFO - Started process (PID=1707) to work on /home/airflow/.local/lib/python3.12/site-packages/airflow/example_dags/example_branch_datetime_operator.py
[2025-01-18T06:47:17.684+0000] {processor.py:830} INFO - Processing file /home/airflow/.local/lib/python3.12/site-packages/airflow/example_dags/example_branch_datetime_operator.py for tasks to queue
[2025-01-18T06:47:17.690+0000] {logging_mixin.py:188} INFO - [2025-01-18T06:47:17.690+0000] {dagbag.py:545} INFO - Filling up the DagBag from /home/airflow/.local/lib/python3.12/site-packages/airflow/example_dags/example_branch_datetime_operator.py
[2025-01-18T06:47:17.712+0000] {processor.py:840} INFO - DAG(s) 'example_branch_datetime_operator', 'example_branch_datetime_operator_3', 'example_branch_datetime_operator_2' retrieved from /home/airflow/.local/lib/python3.12/site-packages/airflow/example_dags/example_branch_datetime_operator.py
[2025-01-18T06:47:17.759+0000] {logging_mixin.py:188} INFO - [2025-01-18T06:47:17.758+0000] {dag.py:3089} INFO - Sync 3 DAGs
[2025-01-18T06:47:17.809+0000] {logging_mixin.py:188} INFO - [2025-01-18T06:47:17.809+0000] {dag.py:3947} INFO - Setting next_dagrun for example_branch_datetime_operator to 2025-01-17 00:00:00+00:00, run_after=2025-01-18 00:00:00+00:00
[2025-01-18T06:47:17.819+0000] {logging_mixin.py:188} INFO - [2025-01-18T06:47:17.819+0000] {dag.py:3947} INFO - Setting next_dagrun for example_branch_datetime_operator_2 to 2025-01-17 00:00:00+00:00, run_after=2025-01-18 00:00:00+00:00
[2025-01-18T06:47:17.821+0000] {logging_mixin.py:188} INFO - [2025-01-18T06:47:17.821+0000] {dag.py:3947} INFO - Setting next_dagrun for example_branch_datetime_operator_3 to 2025-01-17 00:00:00+00:00, run_after=2025-01-18 00:00:00+00:00
[2025-01-18T06:47:17.842+0000] {processor.py:183} INFO - Processing /home/airflow/.local/lib/python3.12/site-packages/airflow/example_dags/example_branch_datetime_operator.py took 0.190 seconds
[2025-01-18T06:47:48.477+0000] {processor.py:161} INFO - Started process (PID=2558) to work on /home/airflow/.local/lib/python3.12/site-packages/airflow/example_dags/example_branch_datetime_operator.py
[2025-01-18T06:47:48.478+0000] {processor.py:830} INFO - Processing file /home/airflow/.local/lib/python3.12/site-packages/airflow/example_dags/example_branch_datetime_operator.py for tasks to queue
[2025-01-18T06:47:48.479+0000] {logging_mixin.py:188} INFO - [2025-01-18T06:47:48.479+0000] {dagbag.py:545} INFO - Filling up the DagBag from /home/airflow/.local/lib/python3.12/site-packages/airflow/example_dags/example_branch_datetime_operator.py
[2025-01-18T06:47:48.485+0000] {processor.py:840} INFO - DAG(s) 'example_branch_datetime_operator', 'example_branch_datetime_operator_2', 'example_branch_datetime_operator_3' retrieved from /home/airflow/.local/lib/python3.12/site-packages/airflow/example_dags/example_branch_datetime_operator.py
[2025-01-18T06:47:48.507+0000] {logging_mixin.py:188} INFO - [2025-01-18T06:47:48.507+0000] {dag.py:3089} INFO - Sync 3 DAGs
[2025-01-18T06:47:48.525+0000] {logging_mixin.py:188} INFO - [2025-01-18T06:47:48.525+0000] {dag.py:3947} INFO - Setting next_dagrun for example_branch_datetime_operator to 2025-01-17 00:00:00+00:00, run_after=2025-01-18 00:00:00+00:00
[2025-01-18T06:47:48.529+0000] {logging_mixin.py:188} INFO - [2025-01-18T06:47:48.529+0000] {dag.py:3947} INFO - Setting next_dagrun for example_branch_datetime_operator_2 to 2025-01-17 00:00:00+00:00, run_after=2025-01-18 00:00:00+00:00
[2025-01-18T06:47:48.532+0000] {logging_mixin.py:188} INFO - [2025-01-18T06:47:48.532+0000] {dag.py:3947} INFO - Setting next_dagrun for example_branch_datetime_operator_3 to 2025-01-17 00:00:00+00:00, run_after=2025-01-18 00:00:00+00:00
[2025-01-18T06:47:48.545+0000] {processor.py:183} INFO - Processing /home/airflow/.local/lib/python3.12/site-packages/airflow/example_dags/example_branch_datetime_operator.py took 0.074 seconds
[2025-01-18T06:48:19.118+0000] {processor.py:161} INFO - Started process (PID=3493) to work on /home/airflow/.local/lib/python3.12/site-packages/airflow/example_dags/example_branch_datetime_operator.py
[2025-01-18T06:48:19.120+0000] {processor.py:830} INFO - Processing file /home/airflow/.local/lib/python3.12/site-packages/airflow/example_dags/example_branch_datetime_operator.py for tasks to queue
[2025-01-18T06:48:19.122+0000] {logging_mixin.py:188} INFO - [2025-01-18T06:48:19.122+0000] {dagbag.py:545} INFO - Filling up the DagBag from /home/airflow/.local/lib/python3.12/site-packages/airflow/example_dags/example_branch_datetime_operator.py
[2025-01-18T06:48:19.147+0000] {processor.py:840} INFO - DAG(s) 'example_branch_datetime_operator_3', 'example_branch_datetime_operator_2', 'example_branch_datetime_operator' retrieved from /home/airflow/.local/lib/python3.12/site-packages/airflow/example_dags/example_branch_datetime_operator.py
[2025-01-18T06:48:19.190+0000] {logging_mixin.py:188} INFO - [2025-01-18T06:48:19.190+0000] {dag.py:3089} INFO - Sync 3 DAGs
[2025-01-18T06:48:19.214+0000] {logging_mixin.py:188} INFO - [2025-01-18T06:48:19.214+0000] {dag.py:3947} INFO - Setting next_dagrun for example_branch_datetime_operator to 2025-01-17 00:00:00+00:00, run_after=2025-01-18 00:00:00+00:00
[2025-01-18T06:48:19.218+0000] {logging_mixin.py:188} INFO - [2025-01-18T06:48:19.218+0000] {dag.py:3947} INFO - Setting next_dagrun for example_branch_datetime_operator_2 to 2025-01-17 00:00:00+00:00, run_after=2025-01-18 00:00:00+00:00
[2025-01-18T06:48:19.221+0000] {logging_mixin.py:188} INFO - [2025-01-18T06:48:19.221+0000] {dag.py:3947} INFO - Setting next_dagrun for example_branch_datetime_operator_3 to 2025-01-17 00:00:00+00:00, run_after=2025-01-18 00:00:00+00:00
[2025-01-18T06:48:19.239+0000] {processor.py:183} INFO - Processing /home/airflow/.local/lib/python3.12/site-packages/airflow/example_dags/example_branch_datetime_operator.py took 0.127 seconds
[2025-01-18T06:48:49.290+0000] {processor.py:161} INFO - Started process (PID=3906) to work on /home/airflow/.local/lib/python3.12/site-packages/airflow/example_dags/example_branch_datetime_operator.py
[2025-01-18T06:48:49.291+0000] {processor.py:830} INFO - Processing file /home/airflow/.local/lib/python3.12/site-packages/airflow/example_dags/example_branch_datetime_operator.py for tasks to queue
[2025-01-18T06:48:49.292+0000] {logging_mixin.py:188} INFO - [2025-01-18T06:48:49.292+0000] {dagbag.py:545} INFO - Filling up the DagBag from /home/airflow/.local/lib/python3.12/site-packages/airflow/example_dags/example_branch_datetime_operator.py
[2025-01-18T06:48:49.298+0000] {processor.py:840} INFO - DAG(s) 'example_branch_datetime_operator_3', 'example_branch_datetime_operator', 'example_branch_datetime_operator_2' retrieved from /home/airflow/.local/lib/python3.12/site-packages/airflow/example_dags/example_branch_datetime_operator.py
[2025-01-18T06:48:49.315+0000] {logging_mixin.py:188} INFO - [2025-01-18T06:48:49.315+0000] {dag.py:3089} INFO - Sync 3 DAGs
[2025-01-18T06:48:49.328+0000] {logging_mixin.py:188} INFO - [2025-01-18T06:48:49.327+0000] {dag.py:3947} INFO - Setting next_dagrun for example_branch_datetime_operator to 2025-01-17 00:00:00+00:00, run_after=2025-01-18 00:00:00+00:00
[2025-01-18T06:48:49.330+0000] {logging_mixin.py:188} INFO - [2025-01-18T06:48:49.330+0000] {dag.py:3947} INFO - Setting next_dagrun for example_branch_datetime_operator_2 to 2025-01-17 00:00:00+00:00, run_after=2025-01-18 00:00:00+00:00
[2025-01-18T06:48:49.331+0000] {logging_mixin.py:188} INFO - [2025-01-18T06:48:49.331+0000] {dag.py:3947} INFO - Setting next_dagrun for example_branch_datetime_operator_3 to 2025-01-17 00:00:00+00:00, run_after=2025-01-18 00:00:00+00:00
[2025-01-18T06:48:49.340+0000] {processor.py:183} INFO - Processing /home/airflow/.local/lib/python3.12/site-packages/airflow/example_dags/example_branch_datetime_operator.py took 0.053 seconds
[2025-01-18T06:49:19.840+0000] {processor.py:161} INFO - Started process (PID=4181) to work on /home/airflow/.local/lib/python3.12/site-packages/airflow/example_dags/example_branch_datetime_operator.py
[2025-01-18T06:49:19.841+0000] {processor.py:830} INFO - Processing file /home/airflow/.local/lib/python3.12/site-packages/airflow/example_dags/example_branch_datetime_operator.py for tasks to queue
[2025-01-18T06:49:19.842+0000] {logging_mixin.py:188} INFO - [2025-01-18T06:49:19.842+0000] {dagbag.py:545} INFO - Filling up the DagBag from /home/airflow/.local/lib/python3.12/site-packages/airflow/example_dags/example_branch_datetime_operator.py
[2025-01-18T06:49:19.850+0000] {processor.py:840} INFO - DAG(s) 'example_branch_datetime_operator_3', 'example_branch_datetime_operator_2', 'example_branch_datetime_operator' retrieved from /home/airflow/.local/lib/python3.12/site-packages/airflow/example_dags/example_branch_datetime_operator.py
[2025-01-18T06:49:19.872+0000] {logging_mixin.py:188} INFO - [2025-01-18T06:49:19.871+0000] {dag.py:3089} INFO - Sync 3 DAGs
[2025-01-18T06:49:19.886+0000] {logging_mixin.py:188} INFO - [2025-01-18T06:49:19.886+0000] {dag.py:3947} INFO - Setting next_dagrun for example_branch_datetime_operator to 2025-01-17 00:00:00+00:00, run_after=2025-01-18 00:00:00+00:00
[2025-01-18T06:49:19.889+0000] {logging_mixin.py:188} INFO - [2025-01-18T06:49:19.889+0000] {dag.py:3947} INFO - Setting next_dagrun for example_branch_datetime_operator_2 to 2025-01-17 00:00:00+00:00, run_after=2025-01-18 00:00:00+00:00
[2025-01-18T06:49:19.890+0000] {logging_mixin.py:188} INFO - [2025-01-18T06:49:19.890+0000] {dag.py:3947} INFO - Setting next_dagrun for example_branch_datetime_operator_3 to 2025-01-17 00:00:00+00:00, run_after=2025-01-18 00:00:00+00:00
[2025-01-18T06:49:19.902+0000] {processor.py:183} INFO - Processing /home/airflow/.local/lib/python3.12/site-packages/airflow/example_dags/example_branch_datetime_operator.py took 0.067 seconds
[2025-01-18T06:49:50.846+0000] {processor.py:161} INFO - Started process (PID=4454) to work on /home/airflow/.local/lib/python3.12/site-packages/airflow/example_dags/example_branch_datetime_operator.py
[2025-01-18T06:49:50.847+0000] {processor.py:830} INFO - Processing file /home/airflow/.local/lib/python3.12/site-packages/airflow/example_dags/example_branch_datetime_operator.py for tasks to queue
[2025-01-18T06:49:50.850+0000] {logging_mixin.py:188} INFO - [2025-01-18T06:49:50.849+0000] {dagbag.py:545} INFO - Filling up the DagBag from /home/airflow/.local/lib/python3.12/site-packages/airflow/example_dags/example_branch_datetime_operator.py
[2025-01-18T06:49:50.857+0000] {processor.py:840} INFO - DAG(s) 'example_branch_datetime_operator_3', 'example_branch_datetime_operator', 'example_branch_datetime_operator_2' retrieved from /home/airflow/.local/lib/python3.12/site-packages/airflow/example_dags/example_branch_datetime_operator.py
[2025-01-18T06:49:50.879+0000] {logging_mixin.py:188} INFO - [2025-01-18T06:49:50.879+0000] {dag.py:3089} INFO - Sync 3 DAGs
[2025-01-18T06:49:50.893+0000] {logging_mixin.py:188} INFO - [2025-01-18T06:49:50.893+0000] {dag.py:3947} INFO - Setting next_dagrun for example_branch_datetime_operator to 2025-01-17 00:00:00+00:00, run_after=2025-01-18 00:00:00+00:00
[2025-01-18T06:49:50.895+0000] {logging_mixin.py:188} INFO - [2025-01-18T06:49:50.895+0000] {dag.py:3947} INFO - Setting next_dagrun for example_branch_datetime_operator_2 to 2025-01-17 00:00:00+00:00, run_after=2025-01-18 00:00:00+00:00
[2025-01-18T06:49:50.897+0000] {logging_mixin.py:188} INFO - [2025-01-18T06:49:50.897+0000] {dag.py:3947} INFO - Setting next_dagrun for example_branch_datetime_operator_3 to 2025-01-17 00:00:00+00:00, run_after=2025-01-18 00:00:00+00:00
[2025-01-18T06:49:50.908+0000] {processor.py:183} INFO - Processing /home/airflow/.local/lib/python3.12/site-packages/airflow/example_dags/example_branch_datetime_operator.py took 0.066 seconds
[2025-01-18T06:50:21.515+0000] {processor.py:161} INFO - Started process (PID=4731) to work on /home/airflow/.local/lib/python3.12/site-packages/airflow/example_dags/example_branch_datetime_operator.py
[2025-01-18T06:50:21.516+0000] {processor.py:830} INFO - Processing file /home/airflow/.local/lib/python3.12/site-packages/airflow/example_dags/example_branch_datetime_operator.py for tasks to queue
[2025-01-18T06:50:21.518+0000] {logging_mixin.py:188} INFO - [2025-01-18T06:50:21.517+0000] {dagbag.py:545} INFO - Filling up the DagBag from /home/airflow/.local/lib/python3.12/site-packages/airflow/example_dags/example_branch_datetime_operator.py
[2025-01-18T06:50:21.524+0000] {processor.py:840} INFO - DAG(s) 'example_branch_datetime_operator_3', 'example_branch_datetime_operator_2', 'example_branch_datetime_operator' retrieved from /home/airflow/.local/lib/python3.12/site-packages/airflow/example_dags/example_branch_datetime_operator.py
[2025-01-18T06:50:21.543+0000] {logging_mixin.py:188} INFO - [2025-01-18T06:50:21.543+0000] {dag.py:3089} INFO - Sync 3 DAGs
[2025-01-18T06:50:21.555+0000] {logging_mixin.py:188} INFO - [2025-01-18T06:50:21.555+0000] {dag.py:3947} INFO - Setting next_dagrun for example_branch_datetime_operator to 2025-01-17 00:00:00+00:00, run_after=2025-01-18 00:00:00+00:00
[2025-01-18T06:50:21.559+0000] {logging_mixin.py:188} INFO - [2025-01-18T06:50:21.559+0000] {dag.py:3947} INFO - Setting next_dagrun for example_branch_datetime_operator_2 to 2025-01-17 00:00:00+00:00, run_after=2025-01-18 00:00:00+00:00
[2025-01-18T06:50:21.560+0000] {logging_mixin.py:188} INFO - [2025-01-18T06:50:21.560+0000] {dag.py:3947} INFO - Setting next_dagrun for example_branch_datetime_operator_3 to 2025-01-17 00:00:00+00:00, run_after=2025-01-18 00:00:00+00:00
[2025-01-18T06:50:21.571+0000] {processor.py:183} INFO - Processing /home/airflow/.local/lib/python3.12/site-packages/airflow/example_dags/example_branch_datetime_operator.py took 0.061 seconds
[2025-01-18T06:50:52.422+0000] {processor.py:161} INFO - Started process (PID=5008) to work on /home/airflow/.local/lib/python3.12/site-packages/airflow/example_dags/example_branch_datetime_operator.py
[2025-01-18T06:50:52.423+0000] {processor.py:830} INFO - Processing file /home/airflow/.local/lib/python3.12/site-packages/airflow/example_dags/example_branch_datetime_operator.py for tasks to queue
[2025-01-18T06:50:52.424+0000] {logging_mixin.py:188} INFO - [2025-01-18T06:50:52.424+0000] {dagbag.py:545} INFO - Filling up the DagBag from /home/airflow/.local/lib/python3.12/site-packages/airflow/example_dags/example_branch_datetime_operator.py
[2025-01-18T06:50:52.430+0000] {processor.py:840} INFO - DAG(s) 'example_branch_datetime_operator_3', 'example_branch_datetime_operator', 'example_branch_datetime_operator_2' retrieved from /home/airflow/.local/lib/python3.12/site-packages/airflow/example_dags/example_branch_datetime_operator.py
[2025-01-18T06:50:52.450+0000] {logging_mixin.py:188} INFO - [2025-01-18T06:50:52.450+0000] {dag.py:3089} INFO - Sync 3 DAGs
[2025-01-18T06:50:52.463+0000] {logging_mixin.py:188} INFO - [2025-01-18T06:50:52.463+0000] {dag.py:3947} INFO - Setting next_dagrun for example_branch_datetime_operator to 2025-01-17 00:00:00+00:00, run_after=2025-01-18 00:00:00+00:00
[2025-01-18T06:50:52.467+0000] {logging_mixin.py:188} INFO - [2025-01-18T06:50:52.467+0000] {dag.py:3947} INFO - Setting next_dagrun for example_branch_datetime_operator_2 to 2025-01-17 00:00:00+00:00, run_after=2025-01-18 00:00:00+00:00
[2025-01-18T06:50:52.468+0000] {logging_mixin.py:188} INFO - [2025-01-18T06:50:52.468+0000] {dag.py:3947} INFO - Setting next_dagrun for example_branch_datetime_operator_3 to 2025-01-17 00:00:00+00:00, run_after=2025-01-18 00:00:00+00:00
[2025-01-18T06:50:52.479+0000] {processor.py:183} INFO - Processing /home/airflow/.local/lib/python3.12/site-packages/airflow/example_dags/example_branch_datetime_operator.py took 0.063 seconds
[2025-01-18T06:51:22.609+0000] {processor.py:161} INFO - Started process (PID=5285) to work on /home/airflow/.local/lib/python3.12/site-packages/airflow/example_dags/example_branch_datetime_operator.py
[2025-01-18T06:51:22.609+0000] {processor.py:830} INFO - Processing file /home/airflow/.local/lib/python3.12/site-packages/airflow/example_dags/example_branch_datetime_operator.py for tasks to queue
[2025-01-18T06:51:22.611+0000] {logging_mixin.py:188} INFO - [2025-01-18T06:51:22.610+0000] {dagbag.py:545} INFO - Filling up the DagBag from /home/airflow/.local/lib/python3.12/site-packages/airflow/example_dags/example_branch_datetime_operator.py
[2025-01-18T06:51:22.617+0000] {processor.py:840} INFO - DAG(s) 'example_branch_datetime_operator_2', 'example_branch_datetime_operator', 'example_branch_datetime_operator_3' retrieved from /home/airflow/.local/lib/python3.12/site-packages/airflow/example_dags/example_branch_datetime_operator.py
[2025-01-18T06:51:22.641+0000] {logging_mixin.py:188} INFO - [2025-01-18T06:51:22.640+0000] {dag.py:3089} INFO - Sync 3 DAGs
[2025-01-18T06:51:22.657+0000] {logging_mixin.py:188} INFO - [2025-01-18T06:51:22.657+0000] {dag.py:3947} INFO - Setting next_dagrun for example_branch_datetime_operator to 2025-01-17 00:00:00+00:00, run_after=2025-01-18 00:00:00+00:00
[2025-01-18T06:51:22.660+0000] {logging_mixin.py:188} INFO - [2025-01-18T06:51:22.660+0000] {dag.py:3947} INFO - Setting next_dagrun for example_branch_datetime_operator_2 to 2025-01-17 00:00:00+00:00, run_after=2025-01-18 00:00:00+00:00
[2025-01-18T06:51:22.662+0000] {logging_mixin.py:188} INFO - [2025-01-18T06:51:22.662+0000] {dag.py:3947} INFO - Setting next_dagrun for example_branch_datetime_operator_3 to 2025-01-17 00:00:00+00:00, run_after=2025-01-18 00:00:00+00:00
[2025-01-18T06:51:22.679+0000] {processor.py:183} INFO - Processing /home/airflow/.local/lib/python3.12/site-packages/airflow/example_dags/example_branch_datetime_operator.py took 0.076 seconds
[2025-01-18T06:51:53.310+0000] {processor.py:161} INFO - Started process (PID=5560) to work on /home/airflow/.local/lib/python3.12/site-packages/airflow/example_dags/example_branch_datetime_operator.py
[2025-01-18T06:51:53.312+0000] {processor.py:830} INFO - Processing file /home/airflow/.local/lib/python3.12/site-packages/airflow/example_dags/example_branch_datetime_operator.py for tasks to queue
[2025-01-18T06:51:53.315+0000] {logging_mixin.py:188} INFO - [2025-01-18T06:51:53.315+0000] {dagbag.py:545} INFO - Filling up the DagBag from /home/airflow/.local/lib/python3.12/site-packages/airflow/example_dags/example_branch_datetime_operator.py
[2025-01-18T06:51:53.323+0000] {processor.py:840} INFO - DAG(s) 'example_branch_datetime_operator_3', 'example_branch_datetime_operator', 'example_branch_datetime_operator_2' retrieved from /home/airflow/.local/lib/python3.12/site-packages/airflow/example_dags/example_branch_datetime_operator.py
[2025-01-18T06:51:53.343+0000] {logging_mixin.py:188} INFO - [2025-01-18T06:51:53.343+0000] {dag.py:3089} INFO - Sync 3 DAGs
[2025-01-18T06:51:53.357+0000] {logging_mixin.py:188} INFO - [2025-01-18T06:51:53.357+0000] {dag.py:3947} INFO - Setting next_dagrun for example_branch_datetime_operator to 2025-01-17 00:00:00+00:00, run_after=2025-01-18 00:00:00+00:00
[2025-01-18T06:51:53.360+0000] {logging_mixin.py:188} INFO - [2025-01-18T06:51:53.360+0000] {dag.py:3947} INFO - Setting next_dagrun for example_branch_datetime_operator_2 to 2025-01-17 00:00:00+00:00, run_after=2025-01-18 00:00:00+00:00
[2025-01-18T06:51:53.362+0000] {logging_mixin.py:188} INFO - [2025-01-18T06:51:53.362+0000] {dag.py:3947} INFO - Setting next_dagrun for example_branch_datetime_operator_3 to 2025-01-17 00:00:00+00:00, run_after=2025-01-18 00:00:00+00:00
[2025-01-18T06:51:53.372+0000] {processor.py:183} INFO - Processing /home/airflow/.local/lib/python3.12/site-packages/airflow/example_dags/example_branch_datetime_operator.py took 0.066 seconds
[2025-01-18T06:52:23.626+0000] {processor.py:161} INFO - Started process (PID=5837) to work on /home/airflow/.local/lib/python3.12/site-packages/airflow/example_dags/example_branch_datetime_operator.py
[2025-01-18T06:52:23.627+0000] {processor.py:830} INFO - Processing file /home/airflow/.local/lib/python3.12/site-packages/airflow/example_dags/example_branch_datetime_operator.py for tasks to queue
[2025-01-18T06:52:23.628+0000] {logging_mixin.py:188} INFO - [2025-01-18T06:52:23.628+0000] {dagbag.py:545} INFO - Filling up the DagBag from /home/airflow/.local/lib/python3.12/site-packages/airflow/example_dags/example_branch_datetime_operator.py
[2025-01-18T06:52:23.634+0000] {processor.py:840} INFO - DAG(s) 'example_branch_datetime_operator', 'example_branch_datetime_operator_2', 'example_branch_datetime_operator_3' retrieved from /home/airflow/.local/lib/python3.12/site-packages/airflow/example_dags/example_branch_datetime_operator.py
[2025-01-18T06:52:23.652+0000] {logging_mixin.py:188} INFO - [2025-01-18T06:52:23.652+0000] {dag.py:3089} INFO - Sync 3 DAGs
[2025-01-18T06:52:23.668+0000] {logging_mixin.py:188} INFO - [2025-01-18T06:52:23.667+0000] {dag.py:3947} INFO - Setting next_dagrun for example_branch_datetime_operator to 2025-01-17 00:00:00+00:00, run_after=2025-01-18 00:00:00+00:00
[2025-01-18T06:52:23.672+0000] {logging_mixin.py:188} INFO - [2025-01-18T06:52:23.672+0000] {dag.py:3947} INFO - Setting next_dagrun for example_branch_datetime_operator_2 to 2025-01-17 00:00:00+00:00, run_after=2025-01-18 00:00:00+00:00
[2025-01-18T06:52:23.673+0000] {logging_mixin.py:188} INFO - [2025-01-18T06:52:23.673+0000] {dag.py:3947} INFO - Setting next_dagrun for example_branch_datetime_operator_3 to 2025-01-17 00:00:00+00:00, run_after=2025-01-18 00:00:00+00:00
[2025-01-18T06:52:23.689+0000] {processor.py:183} INFO - Processing /home/airflow/.local/lib/python3.12/site-packages/airflow/example_dags/example_branch_datetime_operator.py took 0.067 seconds
[2025-01-18T06:52:54.568+0000] {processor.py:161} INFO - Started process (PID=6114) to work on /home/airflow/.local/lib/python3.12/site-packages/airflow/example_dags/example_branch_datetime_operator.py
[2025-01-18T06:52:54.569+0000] {processor.py:830} INFO - Processing file /home/airflow/.local/lib/python3.12/site-packages/airflow/example_dags/example_branch_datetime_operator.py for tasks to queue
[2025-01-18T06:52:54.570+0000] {logging_mixin.py:188} INFO - [2025-01-18T06:52:54.570+0000] {dagbag.py:545} INFO - Filling up the DagBag from /home/airflow/.local/lib/python3.12/site-packages/airflow/example_dags/example_branch_datetime_operator.py
[2025-01-18T06:52:54.576+0000] {processor.py:840} INFO - DAG(s) 'example_branch_datetime_operator_3', 'example_branch_datetime_operator', 'example_branch_datetime_operator_2' retrieved from /home/airflow/.local/lib/python3.12/site-packages/airflow/example_dags/example_branch_datetime_operator.py
[2025-01-18T06:52:54.600+0000] {logging_mixin.py:188} INFO - [2025-01-18T06:52:54.599+0000] {dag.py:3089} INFO - Sync 3 DAGs
[2025-01-18T06:52:54.612+0000] {logging_mixin.py:188} INFO - [2025-01-18T06:52:54.612+0000] {dag.py:3947} INFO - Setting next_dagrun for example_branch_datetime_operator to 2025-01-17 00:00:00+00:00, run_after=2025-01-18 00:00:00+00:00
[2025-01-18T06:52:54.616+0000] {logging_mixin.py:188} INFO - [2025-01-18T06:52:54.616+0000] {dag.py:3947} INFO - Setting next_dagrun for example_branch_datetime_operator_2 to 2025-01-17 00:00:00+00:00, run_after=2025-01-18 00:00:00+00:00
[2025-01-18T06:52:54.617+0000] {logging_mixin.py:188} INFO - [2025-01-18T06:52:54.617+0000] {dag.py:3947} INFO - Setting next_dagrun for example_branch_datetime_operator_3 to 2025-01-17 00:00:00+00:00, run_after=2025-01-18 00:00:00+00:00
[2025-01-18T06:52:54.629+0000] {processor.py:183} INFO - Processing /home/airflow/.local/lib/python3.12/site-packages/airflow/example_dags/example_branch_datetime_operator.py took 0.065 seconds
[2025-01-18T06:53:25.596+0000] {processor.py:161} INFO - Started process (PID=6393) to work on /home/airflow/.local/lib/python3.12/site-packages/airflow/example_dags/example_branch_datetime_operator.py
[2025-01-18T06:53:25.598+0000] {processor.py:830} INFO - Processing file /home/airflow/.local/lib/python3.12/site-packages/airflow/example_dags/example_branch_datetime_operator.py for tasks to queue
[2025-01-18T06:53:25.599+0000] {logging_mixin.py:188} INFO - [2025-01-18T06:53:25.599+0000] {dagbag.py:545} INFO - Filling up the DagBag from /home/airflow/.local/lib/python3.12/site-packages/airflow/example_dags/example_branch_datetime_operator.py
[2025-01-18T06:53:25.608+0000] {processor.py:840} INFO - DAG(s) 'example_branch_datetime_operator_2', 'example_branch_datetime_operator_3', 'example_branch_datetime_operator' retrieved from /home/airflow/.local/lib/python3.12/site-packages/airflow/example_dags/example_branch_datetime_operator.py
[2025-01-18T06:53:25.627+0000] {logging_mixin.py:188} INFO - [2025-01-18T06:53:25.627+0000] {dag.py:3089} INFO - Sync 3 DAGs
[2025-01-18T06:53:25.645+0000] {logging_mixin.py:188} INFO - [2025-01-18T06:53:25.645+0000] {dag.py:3947} INFO - Setting next_dagrun for example_branch_datetime_operator to 2025-01-17 00:00:00+00:00, run_after=2025-01-18 00:00:00+00:00
[2025-01-18T06:53:25.648+0000] {logging_mixin.py:188} INFO - [2025-01-18T06:53:25.648+0000] {dag.py:3947} INFO - Setting next_dagrun for example_branch_datetime_operator_2 to 2025-01-17 00:00:00+00:00, run_after=2025-01-18 00:00:00+00:00
[2025-01-18T06:53:25.650+0000] {logging_mixin.py:188} INFO - [2025-01-18T06:53:25.650+0000] {dag.py:3947} INFO - Setting next_dagrun for example_branch_datetime_operator_3 to 2025-01-17 00:00:00+00:00, run_after=2025-01-18 00:00:00+00:00
[2025-01-18T06:53:25.661+0000] {processor.py:183} INFO - Processing /home/airflow/.local/lib/python3.12/site-packages/airflow/example_dags/example_branch_datetime_operator.py took 0.069 seconds
[2025-01-18T06:53:56.404+0000] {processor.py:161} INFO - Started process (PID=6670) to work on /home/airflow/.local/lib/python3.12/site-packages/airflow/example_dags/example_branch_datetime_operator.py
[2025-01-18T06:53:56.405+0000] {processor.py:830} INFO - Processing file /home/airflow/.local/lib/python3.12/site-packages/airflow/example_dags/example_branch_datetime_operator.py for tasks to queue
[2025-01-18T06:53:56.406+0000] {logging_mixin.py:188} INFO - [2025-01-18T06:53:56.406+0000] {dagbag.py:545} INFO - Filling up the DagBag from /home/airflow/.local/lib/python3.12/site-packages/airflow/example_dags/example_branch_datetime_operator.py
[2025-01-18T06:53:56.413+0000] {processor.py:840} INFO - DAG(s) 'example_branch_datetime_operator_2', 'example_branch_datetime_operator', 'example_branch_datetime_operator_3' retrieved from /home/airflow/.local/lib/python3.12/site-packages/airflow/example_dags/example_branch_datetime_operator.py
[2025-01-18T06:53:56.435+0000] {logging_mixin.py:188} INFO - [2025-01-18T06:53:56.435+0000] {dag.py:3089} INFO - Sync 3 DAGs
[2025-01-18T06:53:56.460+0000] {logging_mixin.py:188} INFO - [2025-01-18T06:53:56.460+0000] {dag.py:3947} INFO - Setting next_dagrun for example_branch_datetime_operator to 2025-01-17 00:00:00+00:00, run_after=2025-01-18 00:00:00+00:00
[2025-01-18T06:53:56.463+0000] {logging_mixin.py:188} INFO - [2025-01-18T06:53:56.463+0000] {dag.py:3947} INFO - Setting next_dagrun for example_branch_datetime_operator_2 to 2025-01-17 00:00:00+00:00, run_after=2025-01-18 00:00:00+00:00
[2025-01-18T06:53:56.464+0000] {logging_mixin.py:188} INFO - [2025-01-18T06:53:56.464+0000] {dag.py:3947} INFO - Setting next_dagrun for example_branch_datetime_operator_3 to 2025-01-17 00:00:00+00:00, run_after=2025-01-18 00:00:00+00:00
[2025-01-18T06:53:56.474+0000] {processor.py:183} INFO - Processing /home/airflow/.local/lib/python3.12/site-packages/airflow/example_dags/example_branch_datetime_operator.py took 0.074 seconds
[2025-01-18T06:54:26.916+0000] {processor.py:161} INFO - Started process (PID=6947) to work on /home/airflow/.local/lib/python3.12/site-packages/airflow/example_dags/example_branch_datetime_operator.py
[2025-01-18T06:54:26.917+0000] {processor.py:830} INFO - Processing file /home/airflow/.local/lib/python3.12/site-packages/airflow/example_dags/example_branch_datetime_operator.py for tasks to queue
[2025-01-18T06:54:26.919+0000] {logging_mixin.py:188} INFO - [2025-01-18T06:54:26.918+0000] {dagbag.py:545} INFO - Filling up the DagBag from /home/airflow/.local/lib/python3.12/site-packages/airflow/example_dags/example_branch_datetime_operator.py
[2025-01-18T06:54:26.925+0000] {processor.py:840} INFO - DAG(s) 'example_branch_datetime_operator_3', 'example_branch_datetime_operator', 'example_branch_datetime_operator_2' retrieved from /home/airflow/.local/lib/python3.12/site-packages/airflow/example_dags/example_branch_datetime_operator.py
[2025-01-18T06:54:26.948+0000] {logging_mixin.py:188} INFO - [2025-01-18T06:54:26.947+0000] {dag.py:3089} INFO - Sync 3 DAGs
[2025-01-18T06:54:26.962+0000] {logging_mixin.py:188} INFO - [2025-01-18T06:54:26.961+0000] {dag.py:3947} INFO - Setting next_dagrun for example_branch_datetime_operator to 2025-01-17 00:00:00+00:00, run_after=2025-01-18 00:00:00+00:00
[2025-01-18T06:54:26.964+0000] {logging_mixin.py:188} INFO - [2025-01-18T06:54:26.964+0000] {dag.py:3947} INFO - Setting next_dagrun for example_branch_datetime_operator_2 to 2025-01-17 00:00:00+00:00, run_after=2025-01-18 00:00:00+00:00
[2025-01-18T06:54:26.966+0000] {logging_mixin.py:188} INFO - [2025-01-18T06:54:26.966+0000] {dag.py:3947} INFO - Setting next_dagrun for example_branch_datetime_operator_3 to 2025-01-17 00:00:00+00:00, run_after=2025-01-18 00:00:00+00:00
[2025-01-18T06:54:26.976+0000] {processor.py:183} INFO - Processing /home/airflow/.local/lib/python3.12/site-packages/airflow/example_dags/example_branch_datetime_operator.py took 0.064 seconds
[2025-01-18T06:54:57.847+0000] {processor.py:161} INFO - Started process (PID=7224) to work on /home/airflow/.local/lib/python3.12/site-packages/airflow/example_dags/example_branch_datetime_operator.py
[2025-01-18T06:54:57.848+0000] {processor.py:830} INFO - Processing file /home/airflow/.local/lib/python3.12/site-packages/airflow/example_dags/example_branch_datetime_operator.py for tasks to queue
[2025-01-18T06:54:57.850+0000] {logging_mixin.py:188} INFO - [2025-01-18T06:54:57.849+0000] {dagbag.py:545} INFO - Filling up the DagBag from /home/airflow/.local/lib/python3.12/site-packages/airflow/example_dags/example_branch_datetime_operator.py
[2025-01-18T06:54:57.856+0000] {processor.py:840} INFO - DAG(s) 'example_branch_datetime_operator_2', 'example_branch_datetime_operator', 'example_branch_datetime_operator_3' retrieved from /home/airflow/.local/lib/python3.12/site-packages/airflow/example_dags/example_branch_datetime_operator.py
[2025-01-18T06:54:57.874+0000] {logging_mixin.py:188} INFO - [2025-01-18T06:54:57.874+0000] {dag.py:3089} INFO - Sync 3 DAGs
[2025-01-18T06:54:57.887+0000] {logging_mixin.py:188} INFO - [2025-01-18T06:54:57.887+0000] {dag.py:3947} INFO - Setting next_dagrun for example_branch_datetime_operator to 2025-01-17 00:00:00+00:00, run_after=2025-01-18 00:00:00+00:00
[2025-01-18T06:54:57.890+0000] {logging_mixin.py:188} INFO - [2025-01-18T06:54:57.890+0000] {dag.py:3947} INFO - Setting next_dagrun for example_branch_datetime_operator_2 to 2025-01-17 00:00:00+00:00, run_after=2025-01-18 00:00:00+00:00
[2025-01-18T06:54:57.891+0000] {logging_mixin.py:188} INFO - [2025-01-18T06:54:57.891+0000] {dag.py:3947} INFO - Setting next_dagrun for example_branch_datetime_operator_3 to 2025-01-17 00:00:00+00:00, run_after=2025-01-18 00:00:00+00:00
[2025-01-18T06:54:57.902+0000] {processor.py:183} INFO - Processing /home/airflow/.local/lib/python3.12/site-packages/airflow/example_dags/example_branch_datetime_operator.py took 0.059 seconds
[2025-01-18T06:55:27.965+0000] {processor.py:161} INFO - Started process (PID=7499) to work on /home/airflow/.local/lib/python3.12/site-packages/airflow/example_dags/example_branch_datetime_operator.py
[2025-01-18T06:55:27.966+0000] {processor.py:830} INFO - Processing file /home/airflow/.local/lib/python3.12/site-packages/airflow/example_dags/example_branch_datetime_operator.py for tasks to queue
[2025-01-18T06:55:27.967+0000] {logging_mixin.py:188} INFO - [2025-01-18T06:55:27.967+0000] {dagbag.py:545} INFO - Filling up the DagBag from /home/airflow/.local/lib/python3.12/site-packages/airflow/example_dags/example_branch_datetime_operator.py
[2025-01-18T06:55:27.972+0000] {processor.py:840} INFO - DAG(s) 'example_branch_datetime_operator_2', 'example_branch_datetime_operator_3', 'example_branch_datetime_operator' retrieved from /home/airflow/.local/lib/python3.12/site-packages/airflow/example_dags/example_branch_datetime_operator.py
[2025-01-18T06:55:27.989+0000] {logging_mixin.py:188} INFO - [2025-01-18T06:55:27.989+0000] {dag.py:3089} INFO - Sync 3 DAGs
[2025-01-18T06:55:28.004+0000] {logging_mixin.py:188} INFO - [2025-01-18T06:55:28.004+0000] {dag.py:3947} INFO - Setting next_dagrun for example_branch_datetime_operator to 2025-01-17 00:00:00+00:00, run_after=2025-01-18 00:00:00+00:00
[2025-01-18T06:55:28.008+0000] {logging_mixin.py:188} INFO - [2025-01-18T06:55:28.008+0000] {dag.py:3947} INFO - Setting next_dagrun for example_branch_datetime_operator_2 to 2025-01-17 00:00:00+00:00, run_after=2025-01-18 00:00:00+00:00
[2025-01-18T06:55:28.010+0000] {logging_mixin.py:188} INFO - [2025-01-18T06:55:28.010+0000] {dag.py:3947} INFO - Setting next_dagrun for example_branch_datetime_operator_3 to 2025-01-17 00:00:00+00:00, run_after=2025-01-18 00:00:00+00:00
[2025-01-18T06:55:28.021+0000] {processor.py:183} INFO - Processing /home/airflow/.local/lib/python3.12/site-packages/airflow/example_dags/example_branch_datetime_operator.py took 0.061 seconds
[2025-01-18T06:55:58.632+0000] {processor.py:161} INFO - Started process (PID=7778) to work on /home/airflow/.local/lib/python3.12/site-packages/airflow/example_dags/example_branch_datetime_operator.py
[2025-01-18T06:55:58.633+0000] {processor.py:830} INFO - Processing file /home/airflow/.local/lib/python3.12/site-packages/airflow/example_dags/example_branch_datetime_operator.py for tasks to queue
[2025-01-18T06:55:58.634+0000] {logging_mixin.py:188} INFO - [2025-01-18T06:55:58.634+0000] {dagbag.py:545} INFO - Filling up the DagBag from /home/airflow/.local/lib/python3.12/site-packages/airflow/example_dags/example_branch_datetime_operator.py
[2025-01-18T06:55:58.640+0000] {processor.py:840} INFO - DAG(s) 'example_branch_datetime_operator_2', 'example_branch_datetime_operator', 'example_branch_datetime_operator_3' retrieved from /home/airflow/.local/lib/python3.12/site-packages/airflow/example_dags/example_branch_datetime_operator.py
[2025-01-18T06:55:58.656+0000] {logging_mixin.py:188} INFO - [2025-01-18T06:55:58.656+0000] {dag.py:3089} INFO - Sync 3 DAGs
[2025-01-18T06:55:58.670+0000] {logging_mixin.py:188} INFO - [2025-01-18T06:55:58.670+0000] {dag.py:3947} INFO - Setting next_dagrun for example_branch_datetime_operator to 2025-01-17 00:00:00+00:00, run_after=2025-01-18 00:00:00+00:00
[2025-01-18T06:55:58.672+0000] {logging_mixin.py:188} INFO - [2025-01-18T06:55:58.672+0000] {dag.py:3947} INFO - Setting next_dagrun for example_branch_datetime_operator_2 to 2025-01-17 00:00:00+00:00, run_after=2025-01-18 00:00:00+00:00
[2025-01-18T06:55:58.674+0000] {logging_mixin.py:188} INFO - [2025-01-18T06:55:58.674+0000] {dag.py:3947} INFO - Setting next_dagrun for example_branch_datetime_operator_3 to 2025-01-17 00:00:00+00:00, run_after=2025-01-18 00:00:00+00:00
[2025-01-18T06:55:58.685+0000] {processor.py:183} INFO - Processing /home/airflow/.local/lib/python3.12/site-packages/airflow/example_dags/example_branch_datetime_operator.py took 0.057 seconds
[2025-01-18T06:56:29.037+0000] {processor.py:161} INFO - Started process (PID=8055) to work on /home/airflow/.local/lib/python3.12/site-packages/airflow/example_dags/example_branch_datetime_operator.py
[2025-01-18T06:56:29.038+0000] {processor.py:830} INFO - Processing file /home/airflow/.local/lib/python3.12/site-packages/airflow/example_dags/example_branch_datetime_operator.py for tasks to queue
[2025-01-18T06:56:29.040+0000] {logging_mixin.py:188} INFO - [2025-01-18T06:56:29.040+0000] {dagbag.py:545} INFO - Filling up the DagBag from /home/airflow/.local/lib/python3.12/site-packages/airflow/example_dags/example_branch_datetime_operator.py
[2025-01-18T06:56:29.046+0000] {processor.py:840} INFO - DAG(s) 'example_branch_datetime_operator_3', 'example_branch_datetime_operator', 'example_branch_datetime_operator_2' retrieved from /home/airflow/.local/lib/python3.12/site-packages/airflow/example_dags/example_branch_datetime_operator.py
[2025-01-18T06:56:29.065+0000] {logging_mixin.py:188} INFO - [2025-01-18T06:56:29.065+0000] {dag.py:3089} INFO - Sync 3 DAGs
[2025-01-18T06:56:29.079+0000] {logging_mixin.py:188} INFO - [2025-01-18T06:56:29.079+0000] {dag.py:3947} INFO - Setting next_dagrun for example_branch_datetime_operator to 2025-01-17 00:00:00+00:00, run_after=2025-01-18 00:00:00+00:00
[2025-01-18T06:56:29.081+0000] {logging_mixin.py:188} INFO - [2025-01-18T06:56:29.081+0000] {dag.py:3947} INFO - Setting next_dagrun for example_branch_datetime_operator_2 to 2025-01-17 00:00:00+00:00, run_after=2025-01-18 00:00:00+00:00
[2025-01-18T06:56:29.083+0000] {logging_mixin.py:188} INFO - [2025-01-18T06:56:29.083+0000] {dag.py:3947} INFO - Setting next_dagrun for example_branch_datetime_operator_3 to 2025-01-17 00:00:00+00:00, run_after=2025-01-18 00:00:00+00:00
[2025-01-18T06:56:29.094+0000] {processor.py:183} INFO - Processing /home/airflow/.local/lib/python3.12/site-packages/airflow/example_dags/example_branch_datetime_operator.py took 0.062 seconds
[2025-01-18T06:56:59.211+0000] {processor.py:161} INFO - Started process (PID=8332) to work on /home/airflow/.local/lib/python3.12/site-packages/airflow/example_dags/example_branch_datetime_operator.py
[2025-01-18T06:56:59.213+0000] {processor.py:830} INFO - Processing file /home/airflow/.local/lib/python3.12/site-packages/airflow/example_dags/example_branch_datetime_operator.py for tasks to queue
[2025-01-18T06:56:59.215+0000] {logging_mixin.py:188} INFO - [2025-01-18T06:56:59.215+0000] {dagbag.py:545} INFO - Filling up the DagBag from /home/airflow/.local/lib/python3.12/site-packages/airflow/example_dags/example_branch_datetime_operator.py
[2025-01-18T06:56:59.222+0000] {processor.py:840} INFO - DAG(s) 'example_branch_datetime_operator_2', 'example_branch_datetime_operator', 'example_branch_datetime_operator_3' retrieved from /home/airflow/.local/lib/python3.12/site-packages/airflow/example_dags/example_branch_datetime_operator.py
[2025-01-18T06:56:59.245+0000] {logging_mixin.py:188} INFO - [2025-01-18T06:56:59.245+0000] {dag.py:3089} INFO - Sync 3 DAGs
[2025-01-18T06:56:59.262+0000] {logging_mixin.py:188} INFO - [2025-01-18T06:56:59.262+0000] {dag.py:3947} INFO - Setting next_dagrun for example_branch_datetime_operator to 2025-01-17 00:00:00+00:00, run_after=2025-01-18 00:00:00+00:00
[2025-01-18T06:56:59.265+0000] {logging_mixin.py:188} INFO - [2025-01-18T06:56:59.265+0000] {dag.py:3947} INFO - Setting next_dagrun for example_branch_datetime_operator_2 to 2025-01-17 00:00:00+00:00, run_after=2025-01-18 00:00:00+00:00
[2025-01-18T06:56:59.266+0000] {logging_mixin.py:188} INFO - [2025-01-18T06:56:59.266+0000] {dag.py:3947} INFO - Setting next_dagrun for example_branch_datetime_operator_3 to 2025-01-17 00:00:00+00:00, run_after=2025-01-18 00:00:00+00:00
[2025-01-18T06:56:59.284+0000] {processor.py:183} INFO - Processing /home/airflow/.local/lib/python3.12/site-packages/airflow/example_dags/example_branch_datetime_operator.py took 0.080 seconds
[2025-01-18T06:57:29.400+0000] {processor.py:161} INFO - Started process (PID=8609) to work on /home/airflow/.local/lib/python3.12/site-packages/airflow/example_dags/example_branch_datetime_operator.py
[2025-01-18T06:57:29.401+0000] {processor.py:830} INFO - Processing file /home/airflow/.local/lib/python3.12/site-packages/airflow/example_dags/example_branch_datetime_operator.py for tasks to queue
[2025-01-18T06:57:29.402+0000] {logging_mixin.py:188} INFO - [2025-01-18T06:57:29.402+0000] {dagbag.py:545} INFO - Filling up the DagBag from /home/airflow/.local/lib/python3.12/site-packages/airflow/example_dags/example_branch_datetime_operator.py
[2025-01-18T06:57:29.409+0000] {processor.py:840} INFO - DAG(s) 'example_branch_datetime_operator_3', 'example_branch_datetime_operator', 'example_branch_datetime_operator_2' retrieved from /home/airflow/.local/lib/python3.12/site-packages/airflow/example_dags/example_branch_datetime_operator.py
[2025-01-18T06:57:29.429+0000] {logging_mixin.py:188} INFO - [2025-01-18T06:57:29.429+0000] {dag.py:3089} INFO - Sync 3 DAGs
[2025-01-18T06:57:29.443+0000] {logging_mixin.py:188} INFO - [2025-01-18T06:57:29.443+0000] {dag.py:3947} INFO - Setting next_dagrun for example_branch_datetime_operator to 2025-01-17 00:00:00+00:00, run_after=2025-01-18 00:00:00+00:00
[2025-01-18T06:57:29.446+0000] {logging_mixin.py:188} INFO - [2025-01-18T06:57:29.446+0000] {dag.py:3947} INFO - Setting next_dagrun for example_branch_datetime_operator_2 to 2025-01-17 00:00:00+00:00, run_after=2025-01-18 00:00:00+00:00
[2025-01-18T06:57:29.447+0000] {logging_mixin.py:188} INFO - [2025-01-18T06:57:29.447+0000] {dag.py:3947} INFO - Setting next_dagrun for example_branch_datetime_operator_3 to 2025-01-17 00:00:00+00:00, run_after=2025-01-18 00:00:00+00:00
[2025-01-18T06:57:29.458+0000] {processor.py:183} INFO - Processing /home/airflow/.local/lib/python3.12/site-packages/airflow/example_dags/example_branch_datetime_operator.py took 0.062 seconds
[2025-01-18T06:57:59.600+0000] {processor.py:161} INFO - Started process (PID=8889) to work on /home/airflow/.local/lib/python3.12/site-packages/airflow/example_dags/example_branch_datetime_operator.py
[2025-01-18T06:57:59.602+0000] {processor.py:830} INFO - Processing file /home/airflow/.local/lib/python3.12/site-packages/airflow/example_dags/example_branch_datetime_operator.py for tasks to queue
[2025-01-18T06:57:59.604+0000] {logging_mixin.py:188} INFO - [2025-01-18T06:57:59.604+0000] {dagbag.py:545} INFO - Filling up the DagBag from /home/airflow/.local/lib/python3.12/site-packages/airflow/example_dags/example_branch_datetime_operator.py
[2025-01-18T06:57:59.610+0000] {processor.py:840} INFO - DAG(s) 'example_branch_datetime_operator_2', 'example_branch_datetime_operator', 'example_branch_datetime_operator_3' retrieved from /home/airflow/.local/lib/python3.12/site-packages/airflow/example_dags/example_branch_datetime_operator.py
[2025-01-18T06:57:59.629+0000] {logging_mixin.py:188} INFO - [2025-01-18T06:57:59.629+0000] {dag.py:3089} INFO - Sync 3 DAGs
[2025-01-18T06:57:59.642+0000] {logging_mixin.py:188} INFO - [2025-01-18T06:57:59.642+0000] {dag.py:3947} INFO - Setting next_dagrun for example_branch_datetime_operator to 2025-01-17 00:00:00+00:00, run_after=2025-01-18 00:00:00+00:00
[2025-01-18T06:57:59.645+0000] {logging_mixin.py:188} INFO - [2025-01-18T06:57:59.645+0000] {dag.py:3947} INFO - Setting next_dagrun for example_branch_datetime_operator_2 to 2025-01-17 00:00:00+00:00, run_after=2025-01-18 00:00:00+00:00
[2025-01-18T06:57:59.646+0000] {logging_mixin.py:188} INFO - [2025-01-18T06:57:59.646+0000] {dag.py:3947} INFO - Setting next_dagrun for example_branch_datetime_operator_3 to 2025-01-17 00:00:00+00:00, run_after=2025-01-18 00:00:00+00:00
[2025-01-18T06:57:59.657+0000] {processor.py:183} INFO - Processing /home/airflow/.local/lib/python3.12/site-packages/airflow/example_dags/example_branch_datetime_operator.py took 0.063 seconds
[2025-01-18T06:58:30.003+0000] {processor.py:161} INFO - Started process (PID=9161) to work on /home/airflow/.local/lib/python3.12/site-packages/airflow/example_dags/example_branch_datetime_operator.py
[2025-01-18T06:58:30.003+0000] {processor.py:830} INFO - Processing file /home/airflow/.local/lib/python3.12/site-packages/airflow/example_dags/example_branch_datetime_operator.py for tasks to queue
[2025-01-18T06:58:30.005+0000] {logging_mixin.py:188} INFO - [2025-01-18T06:58:30.005+0000] {dagbag.py:545} INFO - Filling up the DagBag from /home/airflow/.local/lib/python3.12/site-packages/airflow/example_dags/example_branch_datetime_operator.py
[2025-01-18T06:58:30.011+0000] {processor.py:840} INFO - DAG(s) 'example_branch_datetime_operator_2', 'example_branch_datetime_operator', 'example_branch_datetime_operator_3' retrieved from /home/airflow/.local/lib/python3.12/site-packages/airflow/example_dags/example_branch_datetime_operator.py
[2025-01-18T06:58:30.030+0000] {logging_mixin.py:188} INFO - [2025-01-18T06:58:30.030+0000] {dag.py:3089} INFO - Sync 3 DAGs
[2025-01-18T06:58:30.045+0000] {logging_mixin.py:188} INFO - [2025-01-18T06:58:30.044+0000] {dag.py:3947} INFO - Setting next_dagrun for example_branch_datetime_operator to 2025-01-17 00:00:00+00:00, run_after=2025-01-18 00:00:00+00:00
[2025-01-18T06:58:30.047+0000] {logging_mixin.py:188} INFO - [2025-01-18T06:58:30.047+0000] {dag.py:3947} INFO - Setting next_dagrun for example_branch_datetime_operator_2 to 2025-01-17 00:00:00+00:00, run_after=2025-01-18 00:00:00+00:00
[2025-01-18T06:58:30.049+0000] {logging_mixin.py:188} INFO - [2025-01-18T06:58:30.049+0000] {dag.py:3947} INFO - Setting next_dagrun for example_branch_datetime_operator_3 to 2025-01-17 00:00:00+00:00, run_after=2025-01-18 00:00:00+00:00
[2025-01-18T06:58:30.060+0000] {processor.py:183} INFO - Processing /home/airflow/.local/lib/python3.12/site-packages/airflow/example_dags/example_branch_datetime_operator.py took 0.061 seconds
[2025-01-18T06:59:01.461+0000] {processor.py:161} INFO - Started process (PID=9438) to work on /home/airflow/.local/lib/python3.12/site-packages/airflow/example_dags/example_branch_datetime_operator.py
[2025-01-18T06:59:01.462+0000] {processor.py:830} INFO - Processing file /home/airflow/.local/lib/python3.12/site-packages/airflow/example_dags/example_branch_datetime_operator.py for tasks to queue
[2025-01-18T06:59:01.464+0000] {logging_mixin.py:188} INFO - [2025-01-18T06:59:01.463+0000] {dagbag.py:545} INFO - Filling up the DagBag from /home/airflow/.local/lib/python3.12/site-packages/airflow/example_dags/example_branch_datetime_operator.py
[2025-01-18T06:59:01.470+0000] {processor.py:840} INFO - DAG(s) 'example_branch_datetime_operator_2', 'example_branch_datetime_operator', 'example_branch_datetime_operator_3' retrieved from /home/airflow/.local/lib/python3.12/site-packages/airflow/example_dags/example_branch_datetime_operator.py
[2025-01-18T06:59:01.490+0000] {logging_mixin.py:188} INFO - [2025-01-18T06:59:01.489+0000] {dag.py:3089} INFO - Sync 3 DAGs
[2025-01-18T06:59:01.505+0000] {logging_mixin.py:188} INFO - [2025-01-18T06:59:01.505+0000] {dag.py:3947} INFO - Setting next_dagrun for example_branch_datetime_operator to 2025-01-17 00:00:00+00:00, run_after=2025-01-18 00:00:00+00:00
[2025-01-18T06:59:01.509+0000] {logging_mixin.py:188} INFO - [2025-01-18T06:59:01.509+0000] {dag.py:3947} INFO - Setting next_dagrun for example_branch_datetime_operator_2 to 2025-01-17 00:00:00+00:00, run_after=2025-01-18 00:00:00+00:00
[2025-01-18T06:59:01.510+0000] {logging_mixin.py:188} INFO - [2025-01-18T06:59:01.510+0000] {dag.py:3947} INFO - Setting next_dagrun for example_branch_datetime_operator_3 to 2025-01-17 00:00:00+00:00, run_after=2025-01-18 00:00:00+00:00
[2025-01-18T06:59:01.522+0000] {processor.py:183} INFO - Processing /home/airflow/.local/lib/python3.12/site-packages/airflow/example_dags/example_branch_datetime_operator.py took 0.066 seconds
[2025-01-18T06:59:47.256+0000] {processor.py:161} INFO - Started process (PID=9720) to work on /home/airflow/.local/lib/python3.12/site-packages/airflow/example_dags/example_branch_datetime_operator.py
[2025-01-18T06:59:47.257+0000] {processor.py:830} INFO - Processing file /home/airflow/.local/lib/python3.12/site-packages/airflow/example_dags/example_branch_datetime_operator.py for tasks to queue
[2025-01-18T06:59:47.258+0000] {logging_mixin.py:188} INFO - [2025-01-18T06:59:47.258+0000] {dagbag.py:545} INFO - Filling up the DagBag from /home/airflow/.local/lib/python3.12/site-packages/airflow/example_dags/example_branch_datetime_operator.py
[2025-01-18T06:59:47.264+0000] {processor.py:840} INFO - DAG(s) 'example_branch_datetime_operator_3', 'example_branch_datetime_operator_2', 'example_branch_datetime_operator' retrieved from /home/airflow/.local/lib/python3.12/site-packages/airflow/example_dags/example_branch_datetime_operator.py
[2025-01-18T06:59:47.282+0000] {logging_mixin.py:188} INFO - [2025-01-18T06:59:47.282+0000] {dag.py:3089} INFO - Sync 3 DAGs
[2025-01-18T06:59:47.304+0000] {logging_mixin.py:188} INFO - [2025-01-18T06:59:47.304+0000] {dag.py:3947} INFO - Setting next_dagrun for example_branch_datetime_operator to 2025-01-17 00:00:00+00:00, run_after=2025-01-18 00:00:00+00:00
[2025-01-18T06:59:47.309+0000] {logging_mixin.py:188} INFO - [2025-01-18T06:59:47.309+0000] {dag.py:3947} INFO - Setting next_dagrun for example_branch_datetime_operator_2 to 2025-01-17 00:00:00+00:00, run_after=2025-01-18 00:00:00+00:00
[2025-01-18T06:59:47.311+0000] {logging_mixin.py:188} INFO - [2025-01-18T06:59:47.311+0000] {dag.py:3947} INFO - Setting next_dagrun for example_branch_datetime_operator_3 to 2025-01-17 00:00:00+00:00, run_after=2025-01-18 00:00:00+00:00
[2025-01-18T06:59:47.325+0000] {processor.py:183} INFO - Processing /home/airflow/.local/lib/python3.12/site-packages/airflow/example_dags/example_branch_datetime_operator.py took 0.073 seconds
[2025-01-18T07:00:17.517+0000] {processor.py:161} INFO - Started process (PID=9997) to work on /home/airflow/.local/lib/python3.12/site-packages/airflow/example_dags/example_branch_datetime_operator.py
[2025-01-18T07:00:17.518+0000] {processor.py:830} INFO - Processing file /home/airflow/.local/lib/python3.12/site-packages/airflow/example_dags/example_branch_datetime_operator.py for tasks to queue
[2025-01-18T07:00:17.519+0000] {logging_mixin.py:188} INFO - [2025-01-18T07:00:17.519+0000] {dagbag.py:545} INFO - Filling up the DagBag from /home/airflow/.local/lib/python3.12/site-packages/airflow/example_dags/example_branch_datetime_operator.py
[2025-01-18T07:00:17.524+0000] {processor.py:840} INFO - DAG(s) 'example_branch_datetime_operator', 'example_branch_datetime_operator_2', 'example_branch_datetime_operator_3' retrieved from /home/airflow/.local/lib/python3.12/site-packages/airflow/example_dags/example_branch_datetime_operator.py
[2025-01-18T07:00:17.541+0000] {logging_mixin.py:188} INFO - [2025-01-18T07:00:17.541+0000] {dag.py:3089} INFO - Sync 3 DAGs
[2025-01-18T07:00:17.559+0000] {logging_mixin.py:188} INFO - [2025-01-18T07:00:17.559+0000] {dag.py:3947} INFO - Setting next_dagrun for example_branch_datetime_operator to 2025-01-17 00:00:00+00:00, run_after=2025-01-18 00:00:00+00:00
[2025-01-18T07:00:17.563+0000] {logging_mixin.py:188} INFO - [2025-01-18T07:00:17.562+0000] {dag.py:3947} INFO - Setting next_dagrun for example_branch_datetime_operator_2 to 2025-01-17 00:00:00+00:00, run_after=2025-01-18 00:00:00+00:00
[2025-01-18T07:00:17.564+0000] {logging_mixin.py:188} INFO - [2025-01-18T07:00:17.564+0000] {dag.py:3947} INFO - Setting next_dagrun for example_branch_datetime_operator_3 to 2025-01-17 00:00:00+00:00, run_after=2025-01-18 00:00:00+00:00
[2025-01-18T07:00:17.582+0000] {processor.py:183} INFO - Processing /home/airflow/.local/lib/python3.12/site-packages/airflow/example_dags/example_branch_datetime_operator.py took 0.070 seconds
[2025-01-18T07:00:47.951+0000] {processor.py:161} INFO - Started process (PID=10276) to work on /home/airflow/.local/lib/python3.12/site-packages/airflow/example_dags/example_branch_datetime_operator.py
[2025-01-18T07:00:47.952+0000] {processor.py:830} INFO - Processing file /home/airflow/.local/lib/python3.12/site-packages/airflow/example_dags/example_branch_datetime_operator.py for tasks to queue
[2025-01-18T07:00:47.954+0000] {logging_mixin.py:188} INFO - [2025-01-18T07:00:47.953+0000] {dagbag.py:545} INFO - Filling up the DagBag from /home/airflow/.local/lib/python3.12/site-packages/airflow/example_dags/example_branch_datetime_operator.py
[2025-01-18T07:00:47.961+0000] {processor.py:840} INFO - DAG(s) 'example_branch_datetime_operator', 'example_branch_datetime_operator_2', 'example_branch_datetime_operator_3' retrieved from /home/airflow/.local/lib/python3.12/site-packages/airflow/example_dags/example_branch_datetime_operator.py
[2025-01-18T07:00:47.989+0000] {logging_mixin.py:188} INFO - [2025-01-18T07:00:47.988+0000] {dag.py:3089} INFO - Sync 3 DAGs
[2025-01-18T07:00:48.006+0000] {logging_mixin.py:188} INFO - [2025-01-18T07:00:48.005+0000] {dag.py:3947} INFO - Setting next_dagrun for example_branch_datetime_operator to 2025-01-17 00:00:00+00:00, run_after=2025-01-18 00:00:00+00:00
[2025-01-18T07:00:48.008+0000] {logging_mixin.py:188} INFO - [2025-01-18T07:00:48.008+0000] {dag.py:3947} INFO - Setting next_dagrun for example_branch_datetime_operator_2 to 2025-01-17 00:00:00+00:00, run_after=2025-01-18 00:00:00+00:00
[2025-01-18T07:00:48.009+0000] {logging_mixin.py:188} INFO - [2025-01-18T07:00:48.009+0000] {dag.py:3947} INFO - Setting next_dagrun for example_branch_datetime_operator_3 to 2025-01-17 00:00:00+00:00, run_after=2025-01-18 00:00:00+00:00
[2025-01-18T07:00:48.020+0000] {processor.py:183} INFO - Processing /home/airflow/.local/lib/python3.12/site-packages/airflow/example_dags/example_branch_datetime_operator.py took 0.075 seconds
[2025-01-18T07:01:18.210+0000] {processor.py:161} INFO - Started process (PID=10553) to work on /home/airflow/.local/lib/python3.12/site-packages/airflow/example_dags/example_branch_datetime_operator.py
[2025-01-18T07:01:18.211+0000] {processor.py:830} INFO - Processing file /home/airflow/.local/lib/python3.12/site-packages/airflow/example_dags/example_branch_datetime_operator.py for tasks to queue
[2025-01-18T07:01:18.212+0000] {logging_mixin.py:188} INFO - [2025-01-18T07:01:18.212+0000] {dagbag.py:545} INFO - Filling up the DagBag from /home/airflow/.local/lib/python3.12/site-packages/airflow/example_dags/example_branch_datetime_operator.py
[2025-01-18T07:01:18.217+0000] {processor.py:840} INFO - DAG(s) 'example_branch_datetime_operator', 'example_branch_datetime_operator_2', 'example_branch_datetime_operator_3' retrieved from /home/airflow/.local/lib/python3.12/site-packages/airflow/example_dags/example_branch_datetime_operator.py
[2025-01-18T07:01:18.234+0000] {logging_mixin.py:188} INFO - [2025-01-18T07:01:18.234+0000] {dag.py:3089} INFO - Sync 3 DAGs
[2025-01-18T07:01:18.246+0000] {logging_mixin.py:188} INFO - [2025-01-18T07:01:18.246+0000] {dag.py:3947} INFO - Setting next_dagrun for example_branch_datetime_operator to 2025-01-17 00:00:00+00:00, run_after=2025-01-18 00:00:00+00:00
[2025-01-18T07:01:18.248+0000] {logging_mixin.py:188} INFO - [2025-01-18T07:01:18.248+0000] {dag.py:3947} INFO - Setting next_dagrun for example_branch_datetime_operator_2 to 2025-01-17 00:00:00+00:00, run_after=2025-01-18 00:00:00+00:00
[2025-01-18T07:01:18.250+0000] {logging_mixin.py:188} INFO - [2025-01-18T07:01:18.250+0000] {dag.py:3947} INFO - Setting next_dagrun for example_branch_datetime_operator_3 to 2025-01-17 00:00:00+00:00, run_after=2025-01-18 00:00:00+00:00
[2025-01-18T07:01:18.259+0000] {processor.py:183} INFO - Processing /home/airflow/.local/lib/python3.12/site-packages/airflow/example_dags/example_branch_datetime_operator.py took 0.053 seconds
[2025-01-18T07:01:48.588+0000] {processor.py:161} INFO - Started process (PID=10830) to work on /home/airflow/.local/lib/python3.12/site-packages/airflow/example_dags/example_branch_datetime_operator.py
[2025-01-18T07:01:48.589+0000] {processor.py:830} INFO - Processing file /home/airflow/.local/lib/python3.12/site-packages/airflow/example_dags/example_branch_datetime_operator.py for tasks to queue
[2025-01-18T07:01:48.591+0000] {logging_mixin.py:188} INFO - [2025-01-18T07:01:48.591+0000] {dagbag.py:545} INFO - Filling up the DagBag from /home/airflow/.local/lib/python3.12/site-packages/airflow/example_dags/example_branch_datetime_operator.py
[2025-01-18T07:01:48.599+0000] {processor.py:840} INFO - DAG(s) 'example_branch_datetime_operator_3', 'example_branch_datetime_operator', 'example_branch_datetime_operator_2' retrieved from /home/airflow/.local/lib/python3.12/site-packages/airflow/example_dags/example_branch_datetime_operator.py
[2025-01-18T07:01:48.632+0000] {logging_mixin.py:188} INFO - [2025-01-18T07:01:48.632+0000] {dag.py:3089} INFO - Sync 3 DAGs
[2025-01-18T07:01:48.650+0000] {logging_mixin.py:188} INFO - [2025-01-18T07:01:48.650+0000] {dag.py:3947} INFO - Setting next_dagrun for example_branch_datetime_operator to 2025-01-17 00:00:00+00:00, run_after=2025-01-18 00:00:00+00:00
[2025-01-18T07:01:48.653+0000] {logging_mixin.py:188} INFO - [2025-01-18T07:01:48.653+0000] {dag.py:3947} INFO - Setting next_dagrun for example_branch_datetime_operator_2 to 2025-01-17 00:00:00+00:00, run_after=2025-01-18 00:00:00+00:00
[2025-01-18T07:01:48.655+0000] {logging_mixin.py:188} INFO - [2025-01-18T07:01:48.654+0000] {dag.py:3947} INFO - Setting next_dagrun for example_branch_datetime_operator_3 to 2025-01-17 00:00:00+00:00, run_after=2025-01-18 00:00:00+00:00
[2025-01-18T07:01:48.663+0000] {processor.py:183} INFO - Processing /home/airflow/.local/lib/python3.12/site-packages/airflow/example_dags/example_branch_datetime_operator.py took 0.080 seconds
[2025-01-18T07:02:18.773+0000] {processor.py:161} INFO - Started process (PID=11107) to work on /home/airflow/.local/lib/python3.12/site-packages/airflow/example_dags/example_branch_datetime_operator.py
[2025-01-18T07:02:18.775+0000] {processor.py:830} INFO - Processing file /home/airflow/.local/lib/python3.12/site-packages/airflow/example_dags/example_branch_datetime_operator.py for tasks to queue
[2025-01-18T07:02:18.776+0000] {logging_mixin.py:188} INFO - [2025-01-18T07:02:18.776+0000] {dagbag.py:545} INFO - Filling up the DagBag from /home/airflow/.local/lib/python3.12/site-packages/airflow/example_dags/example_branch_datetime_operator.py
[2025-01-18T07:02:18.782+0000] {processor.py:840} INFO - DAG(s) 'example_branch_datetime_operator_2', 'example_branch_datetime_operator_3', 'example_branch_datetime_operator' retrieved from /home/airflow/.local/lib/python3.12/site-packages/airflow/example_dags/example_branch_datetime_operator.py
[2025-01-18T07:02:18.800+0000] {logging_mixin.py:188} INFO - [2025-01-18T07:02:18.799+0000] {dag.py:3089} INFO - Sync 3 DAGs
[2025-01-18T07:02:18.812+0000] {logging_mixin.py:188} INFO - [2025-01-18T07:02:18.811+0000] {dag.py:3947} INFO - Setting next_dagrun for example_branch_datetime_operator to 2025-01-17 00:00:00+00:00, run_after=2025-01-18 00:00:00+00:00
[2025-01-18T07:02:18.814+0000] {logging_mixin.py:188} INFO - [2025-01-18T07:02:18.814+0000] {dag.py:3947} INFO - Setting next_dagrun for example_branch_datetime_operator_2 to 2025-01-17 00:00:00+00:00, run_after=2025-01-18 00:00:00+00:00
[2025-01-18T07:02:18.815+0000] {logging_mixin.py:188} INFO - [2025-01-18T07:02:18.815+0000] {dag.py:3947} INFO - Setting next_dagrun for example_branch_datetime_operator_3 to 2025-01-17 00:00:00+00:00, run_after=2025-01-18 00:00:00+00:00
[2025-01-18T07:02:18.827+0000] {processor.py:183} INFO - Processing /home/airflow/.local/lib/python3.12/site-packages/airflow/example_dags/example_branch_datetime_operator.py took 0.058 seconds
[2025-01-18T07:02:49.227+0000] {processor.py:161} INFO - Started process (PID=11384) to work on /home/airflow/.local/lib/python3.12/site-packages/airflow/example_dags/example_branch_datetime_operator.py
[2025-01-18T07:02:49.228+0000] {processor.py:830} INFO - Processing file /home/airflow/.local/lib/python3.12/site-packages/airflow/example_dags/example_branch_datetime_operator.py for tasks to queue
[2025-01-18T07:02:49.231+0000] {logging_mixin.py:188} INFO - [2025-01-18T07:02:49.231+0000] {dagbag.py:545} INFO - Filling up the DagBag from /home/airflow/.local/lib/python3.12/site-packages/airflow/example_dags/example_branch_datetime_operator.py
[2025-01-18T07:02:49.237+0000] {processor.py:840} INFO - DAG(s) 'example_branch_datetime_operator_3', 'example_branch_datetime_operator', 'example_branch_datetime_operator_2' retrieved from /home/airflow/.local/lib/python3.12/site-packages/airflow/example_dags/example_branch_datetime_operator.py
[2025-01-18T07:02:49.258+0000] {logging_mixin.py:188} INFO - [2025-01-18T07:02:49.257+0000] {dag.py:3089} INFO - Sync 3 DAGs
[2025-01-18T07:02:49.272+0000] {logging_mixin.py:188} INFO - [2025-01-18T07:02:49.272+0000] {dag.py:3947} INFO - Setting next_dagrun for example_branch_datetime_operator to 2025-01-17 00:00:00+00:00, run_after=2025-01-18 00:00:00+00:00
[2025-01-18T07:02:49.274+0000] {logging_mixin.py:188} INFO - [2025-01-18T07:02:49.274+0000] {dag.py:3947} INFO - Setting next_dagrun for example_branch_datetime_operator_2 to 2025-01-17 00:00:00+00:00, run_after=2025-01-18 00:00:00+00:00
[2025-01-18T07:02:49.276+0000] {logging_mixin.py:188} INFO - [2025-01-18T07:02:49.276+0000] {dag.py:3947} INFO - Setting next_dagrun for example_branch_datetime_operator_3 to 2025-01-17 00:00:00+00:00, run_after=2025-01-18 00:00:00+00:00
[2025-01-18T07:02:49.289+0000] {processor.py:183} INFO - Processing /home/airflow/.local/lib/python3.12/site-packages/airflow/example_dags/example_branch_datetime_operator.py took 0.065 seconds
[2025-01-18T07:03:19.361+0000] {processor.py:161} INFO - Started process (PID=11660) to work on /home/airflow/.local/lib/python3.12/site-packages/airflow/example_dags/example_branch_datetime_operator.py
[2025-01-18T07:03:19.362+0000] {processor.py:830} INFO - Processing file /home/airflow/.local/lib/python3.12/site-packages/airflow/example_dags/example_branch_datetime_operator.py for tasks to queue
[2025-01-18T07:03:19.364+0000] {logging_mixin.py:188} INFO - [2025-01-18T07:03:19.364+0000] {dagbag.py:545} INFO - Filling up the DagBag from /home/airflow/.local/lib/python3.12/site-packages/airflow/example_dags/example_branch_datetime_operator.py
[2025-01-18T07:03:19.370+0000] {processor.py:840} INFO - DAG(s) 'example_branch_datetime_operator', 'example_branch_datetime_operator_3', 'example_branch_datetime_operator_2' retrieved from /home/airflow/.local/lib/python3.12/site-packages/airflow/example_dags/example_branch_datetime_operator.py
[2025-01-18T07:03:19.389+0000] {logging_mixin.py:188} INFO - [2025-01-18T07:03:19.389+0000] {dag.py:3089} INFO - Sync 3 DAGs
[2025-01-18T07:03:19.403+0000] {logging_mixin.py:188} INFO - [2025-01-18T07:03:19.403+0000] {dag.py:3947} INFO - Setting next_dagrun for example_branch_datetime_operator to 2025-01-17 00:00:00+00:00, run_after=2025-01-18 00:00:00+00:00
[2025-01-18T07:03:19.406+0000] {logging_mixin.py:188} INFO - [2025-01-18T07:03:19.406+0000] {dag.py:3947} INFO - Setting next_dagrun for example_branch_datetime_operator_2 to 2025-01-17 00:00:00+00:00, run_after=2025-01-18 00:00:00+00:00
[2025-01-18T07:03:19.407+0000] {logging_mixin.py:188} INFO - [2025-01-18T07:03:19.407+0000] {dag.py:3947} INFO - Setting next_dagrun for example_branch_datetime_operator_3 to 2025-01-17 00:00:00+00:00, run_after=2025-01-18 00:00:00+00:00
[2025-01-18T07:03:19.418+0000] {processor.py:183} INFO - Processing /home/airflow/.local/lib/python3.12/site-packages/airflow/example_dags/example_branch_datetime_operator.py took 0.061 seconds
[2025-01-18T07:03:49.544+0000] {processor.py:161} INFO - Started process (PID=11940) to work on /home/airflow/.local/lib/python3.12/site-packages/airflow/example_dags/example_branch_datetime_operator.py
[2025-01-18T07:03:49.545+0000] {processor.py:830} INFO - Processing file /home/airflow/.local/lib/python3.12/site-packages/airflow/example_dags/example_branch_datetime_operator.py for tasks to queue
[2025-01-18T07:03:49.546+0000] {logging_mixin.py:188} INFO - [2025-01-18T07:03:49.546+0000] {dagbag.py:545} INFO - Filling up the DagBag from /home/airflow/.local/lib/python3.12/site-packages/airflow/example_dags/example_branch_datetime_operator.py
[2025-01-18T07:03:49.551+0000] {processor.py:840} INFO - DAG(s) 'example_branch_datetime_operator', 'example_branch_datetime_operator_2', 'example_branch_datetime_operator_3' retrieved from /home/airflow/.local/lib/python3.12/site-packages/airflow/example_dags/example_branch_datetime_operator.py
[2025-01-18T07:03:49.569+0000] {logging_mixin.py:188} INFO - [2025-01-18T07:03:49.568+0000] {dag.py:3089} INFO - Sync 3 DAGs
[2025-01-18T07:03:49.582+0000] {logging_mixin.py:188} INFO - [2025-01-18T07:03:49.582+0000] {dag.py:3947} INFO - Setting next_dagrun for example_branch_datetime_operator to 2025-01-17 00:00:00+00:00, run_after=2025-01-18 00:00:00+00:00
[2025-01-18T07:03:49.588+0000] {logging_mixin.py:188} INFO - [2025-01-18T07:03:49.588+0000] {dag.py:3947} INFO - Setting next_dagrun for example_branch_datetime_operator_2 to 2025-01-17 00:00:00+00:00, run_after=2025-01-18 00:00:00+00:00
[2025-01-18T07:03:49.589+0000] {logging_mixin.py:188} INFO - [2025-01-18T07:03:49.589+0000] {dag.py:3947} INFO - Setting next_dagrun for example_branch_datetime_operator_3 to 2025-01-17 00:00:00+00:00, run_after=2025-01-18 00:00:00+00:00
[2025-01-18T07:03:49.600+0000] {processor.py:183} INFO - Processing /home/airflow/.local/lib/python3.12/site-packages/airflow/example_dags/example_branch_datetime_operator.py took 0.059 seconds
[2025-01-18T07:04:19.996+0000] {processor.py:161} INFO - Started process (PID=12217) to work on /home/airflow/.local/lib/python3.12/site-packages/airflow/example_dags/example_branch_datetime_operator.py
[2025-01-18T07:04:19.997+0000] {processor.py:830} INFO - Processing file /home/airflow/.local/lib/python3.12/site-packages/airflow/example_dags/example_branch_datetime_operator.py for tasks to queue
[2025-01-18T07:04:19.998+0000] {logging_mixin.py:188} INFO - [2025-01-18T07:04:19.998+0000] {dagbag.py:545} INFO - Filling up the DagBag from /home/airflow/.local/lib/python3.12/site-packages/airflow/example_dags/example_branch_datetime_operator.py
[2025-01-18T07:04:20.004+0000] {processor.py:840} INFO - DAG(s) 'example_branch_datetime_operator_2', 'example_branch_datetime_operator', 'example_branch_datetime_operator_3' retrieved from /home/airflow/.local/lib/python3.12/site-packages/airflow/example_dags/example_branch_datetime_operator.py
[2025-01-18T07:04:20.021+0000] {logging_mixin.py:188} INFO - [2025-01-18T07:04:20.021+0000] {dag.py:3089} INFO - Sync 3 DAGs
[2025-01-18T07:04:20.035+0000] {logging_mixin.py:188} INFO - [2025-01-18T07:04:20.035+0000] {dag.py:3947} INFO - Setting next_dagrun for example_branch_datetime_operator to 2025-01-17 00:00:00+00:00, run_after=2025-01-18 00:00:00+00:00
[2025-01-18T07:04:20.038+0000] {logging_mixin.py:188} INFO - [2025-01-18T07:04:20.038+0000] {dag.py:3947} INFO - Setting next_dagrun for example_branch_datetime_operator_2 to 2025-01-17 00:00:00+00:00, run_after=2025-01-18 00:00:00+00:00
[2025-01-18T07:04:20.040+0000] {logging_mixin.py:188} INFO - [2025-01-18T07:04:20.040+0000] {dag.py:3947} INFO - Setting next_dagrun for example_branch_datetime_operator_3 to 2025-01-17 00:00:00+00:00, run_after=2025-01-18 00:00:00+00:00
[2025-01-18T07:04:20.159+0000] {processor.py:183} INFO - Processing /home/airflow/.local/lib/python3.12/site-packages/airflow/example_dags/example_branch_datetime_operator.py took 0.168 seconds
[2025-01-18T07:04:50.225+0000] {processor.py:161} INFO - Started process (PID=12491) to work on /home/airflow/.local/lib/python3.12/site-packages/airflow/example_dags/example_branch_datetime_operator.py
[2025-01-18T07:04:50.226+0000] {processor.py:830} INFO - Processing file /home/airflow/.local/lib/python3.12/site-packages/airflow/example_dags/example_branch_datetime_operator.py for tasks to queue
[2025-01-18T07:04:50.227+0000] {logging_mixin.py:188} INFO - [2025-01-18T07:04:50.227+0000] {dagbag.py:545} INFO - Filling up the DagBag from /home/airflow/.local/lib/python3.12/site-packages/airflow/example_dags/example_branch_datetime_operator.py
[2025-01-18T07:04:50.234+0000] {processor.py:840} INFO - DAG(s) 'example_branch_datetime_operator_3', 'example_branch_datetime_operator_2', 'example_branch_datetime_operator' retrieved from /home/airflow/.local/lib/python3.12/site-packages/airflow/example_dags/example_branch_datetime_operator.py
[2025-01-18T07:04:50.254+0000] {logging_mixin.py:188} INFO - [2025-01-18T07:04:50.254+0000] {dag.py:3089} INFO - Sync 3 DAGs
[2025-01-18T07:04:50.268+0000] {logging_mixin.py:188} INFO - [2025-01-18T07:04:50.268+0000] {dag.py:3947} INFO - Setting next_dagrun for example_branch_datetime_operator to 2025-01-17 00:00:00+00:00, run_after=2025-01-18 00:00:00+00:00
[2025-01-18T07:04:50.271+0000] {logging_mixin.py:188} INFO - [2025-01-18T07:04:50.271+0000] {dag.py:3947} INFO - Setting next_dagrun for example_branch_datetime_operator_2 to 2025-01-17 00:00:00+00:00, run_after=2025-01-18 00:00:00+00:00
[2025-01-18T07:04:50.272+0000] {logging_mixin.py:188} INFO - [2025-01-18T07:04:50.272+0000] {dag.py:3947} INFO - Setting next_dagrun for example_branch_datetime_operator_3 to 2025-01-17 00:00:00+00:00, run_after=2025-01-18 00:00:00+00:00
[2025-01-18T07:04:50.286+0000] {processor.py:183} INFO - Processing /home/airflow/.local/lib/python3.12/site-packages/airflow/example_dags/example_branch_datetime_operator.py took 0.066 seconds
[2025-01-18T07:05:20.434+0000] {processor.py:161} INFO - Started process (PID=12763) to work on /home/airflow/.local/lib/python3.12/site-packages/airflow/example_dags/example_branch_datetime_operator.py
[2025-01-18T07:05:20.435+0000] {processor.py:830} INFO - Processing file /home/airflow/.local/lib/python3.12/site-packages/airflow/example_dags/example_branch_datetime_operator.py for tasks to queue
[2025-01-18T07:05:20.436+0000] {logging_mixin.py:188} INFO - [2025-01-18T07:05:20.436+0000] {dagbag.py:545} INFO - Filling up the DagBag from /home/airflow/.local/lib/python3.12/site-packages/airflow/example_dags/example_branch_datetime_operator.py
[2025-01-18T07:05:20.442+0000] {processor.py:840} INFO - DAG(s) 'example_branch_datetime_operator_2', 'example_branch_datetime_operator_3', 'example_branch_datetime_operator' retrieved from /home/airflow/.local/lib/python3.12/site-packages/airflow/example_dags/example_branch_datetime_operator.py
[2025-01-18T07:05:20.458+0000] {logging_mixin.py:188} INFO - [2025-01-18T07:05:20.458+0000] {dag.py:3089} INFO - Sync 3 DAGs
[2025-01-18T07:05:20.468+0000] {logging_mixin.py:188} INFO - [2025-01-18T07:05:20.468+0000] {dag.py:3947} INFO - Setting next_dagrun for example_branch_datetime_operator to 2025-01-17 00:00:00+00:00, run_after=2025-01-18 00:00:00+00:00
[2025-01-18T07:05:20.471+0000] {logging_mixin.py:188} INFO - [2025-01-18T07:05:20.471+0000] {dag.py:3947} INFO - Setting next_dagrun for example_branch_datetime_operator_2 to 2025-01-17 00:00:00+00:00, run_after=2025-01-18 00:00:00+00:00
[2025-01-18T07:05:20.472+0000] {logging_mixin.py:188} INFO - [2025-01-18T07:05:20.472+0000] {dag.py:3947} INFO - Setting next_dagrun for example_branch_datetime_operator_3 to 2025-01-17 00:00:00+00:00, run_after=2025-01-18 00:00:00+00:00
[2025-01-18T07:05:20.482+0000] {processor.py:183} INFO - Processing /home/airflow/.local/lib/python3.12/site-packages/airflow/example_dags/example_branch_datetime_operator.py took 0.052 seconds
[2025-01-18T07:05:50.779+0000] {processor.py:161} INFO - Started process (PID=13040) to work on /home/airflow/.local/lib/python3.12/site-packages/airflow/example_dags/example_branch_datetime_operator.py
[2025-01-18T07:05:50.780+0000] {processor.py:830} INFO - Processing file /home/airflow/.local/lib/python3.12/site-packages/airflow/example_dags/example_branch_datetime_operator.py for tasks to queue
[2025-01-18T07:05:50.781+0000] {logging_mixin.py:188} INFO - [2025-01-18T07:05:50.781+0000] {dagbag.py:545} INFO - Filling up the DagBag from /home/airflow/.local/lib/python3.12/site-packages/airflow/example_dags/example_branch_datetime_operator.py
[2025-01-18T07:05:50.787+0000] {processor.py:840} INFO - DAG(s) 'example_branch_datetime_operator', 'example_branch_datetime_operator_2', 'example_branch_datetime_operator_3' retrieved from /home/airflow/.local/lib/python3.12/site-packages/airflow/example_dags/example_branch_datetime_operator.py
[2025-01-18T07:05:50.802+0000] {logging_mixin.py:188} INFO - [2025-01-18T07:05:50.802+0000] {dag.py:3089} INFO - Sync 3 DAGs
[2025-01-18T07:05:50.815+0000] {logging_mixin.py:188} INFO - [2025-01-18T07:05:50.815+0000] {dag.py:3947} INFO - Setting next_dagrun for example_branch_datetime_operator to 2025-01-17 00:00:00+00:00, run_after=2025-01-18 00:00:00+00:00
[2025-01-18T07:05:50.817+0000] {logging_mixin.py:188} INFO - [2025-01-18T07:05:50.817+0000] {dag.py:3947} INFO - Setting next_dagrun for example_branch_datetime_operator_2 to 2025-01-17 00:00:00+00:00, run_after=2025-01-18 00:00:00+00:00
[2025-01-18T07:05:50.819+0000] {logging_mixin.py:188} INFO - [2025-01-18T07:05:50.818+0000] {dag.py:3947} INFO - Setting next_dagrun for example_branch_datetime_operator_3 to 2025-01-17 00:00:00+00:00, run_after=2025-01-18 00:00:00+00:00
[2025-01-18T07:05:50.828+0000] {processor.py:183} INFO - Processing /home/airflow/.local/lib/python3.12/site-packages/airflow/example_dags/example_branch_datetime_operator.py took 0.053 seconds
[2025-01-18T07:06:21.179+0000] {processor.py:161} INFO - Started process (PID=13319) to work on /home/airflow/.local/lib/python3.12/site-packages/airflow/example_dags/example_branch_datetime_operator.py
[2025-01-18T07:06:21.180+0000] {processor.py:830} INFO - Processing file /home/airflow/.local/lib/python3.12/site-packages/airflow/example_dags/example_branch_datetime_operator.py for tasks to queue
[2025-01-18T07:06:21.181+0000] {logging_mixin.py:188} INFO - [2025-01-18T07:06:21.181+0000] {dagbag.py:545} INFO - Filling up the DagBag from /home/airflow/.local/lib/python3.12/site-packages/airflow/example_dags/example_branch_datetime_operator.py
[2025-01-18T07:06:21.188+0000] {processor.py:840} INFO - DAG(s) 'example_branch_datetime_operator_3', 'example_branch_datetime_operator', 'example_branch_datetime_operator_2' retrieved from /home/airflow/.local/lib/python3.12/site-packages/airflow/example_dags/example_branch_datetime_operator.py
[2025-01-18T07:06:21.204+0000] {logging_mixin.py:188} INFO - [2025-01-18T07:06:21.204+0000] {dag.py:3089} INFO - Sync 3 DAGs
[2025-01-18T07:06:21.217+0000] {logging_mixin.py:188} INFO - [2025-01-18T07:06:21.217+0000] {dag.py:3947} INFO - Setting next_dagrun for example_branch_datetime_operator to 2025-01-17 00:00:00+00:00, run_after=2025-01-18 00:00:00+00:00
[2025-01-18T07:06:21.220+0000] {logging_mixin.py:188} INFO - [2025-01-18T07:06:21.219+0000] {dag.py:3947} INFO - Setting next_dagrun for example_branch_datetime_operator_2 to 2025-01-17 00:00:00+00:00, run_after=2025-01-18 00:00:00+00:00
[2025-01-18T07:06:21.221+0000] {logging_mixin.py:188} INFO - [2025-01-18T07:06:21.221+0000] {dag.py:3947} INFO - Setting next_dagrun for example_branch_datetime_operator_3 to 2025-01-17 00:00:00+00:00, run_after=2025-01-18 00:00:00+00:00
[2025-01-18T07:06:21.230+0000] {processor.py:183} INFO - Processing /home/airflow/.local/lib/python3.12/site-packages/airflow/example_dags/example_branch_datetime_operator.py took 0.055 seconds
[2025-01-18T07:06:51.948+0000] {processor.py:161} INFO - Started process (PID=13594) to work on /home/airflow/.local/lib/python3.12/site-packages/airflow/example_dags/example_branch_datetime_operator.py
[2025-01-18T07:06:51.949+0000] {processor.py:830} INFO - Processing file /home/airflow/.local/lib/python3.12/site-packages/airflow/example_dags/example_branch_datetime_operator.py for tasks to queue
[2025-01-18T07:06:51.951+0000] {logging_mixin.py:188} INFO - [2025-01-18T07:06:51.951+0000] {dagbag.py:545} INFO - Filling up the DagBag from /home/airflow/.local/lib/python3.12/site-packages/airflow/example_dags/example_branch_datetime_operator.py
[2025-01-18T07:06:51.957+0000] {processor.py:840} INFO - DAG(s) 'example_branch_datetime_operator', 'example_branch_datetime_operator_3', 'example_branch_datetime_operator_2' retrieved from /home/airflow/.local/lib/python3.12/site-packages/airflow/example_dags/example_branch_datetime_operator.py
[2025-01-18T07:06:51.975+0000] {logging_mixin.py:188} INFO - [2025-01-18T07:06:51.975+0000] {dag.py:3089} INFO - Sync 3 DAGs
[2025-01-18T07:06:51.988+0000] {logging_mixin.py:188} INFO - [2025-01-18T07:06:51.988+0000] {dag.py:3947} INFO - Setting next_dagrun for example_branch_datetime_operator to 2025-01-17 00:00:00+00:00, run_after=2025-01-18 00:00:00+00:00
[2025-01-18T07:06:52.109+0000] {logging_mixin.py:188} INFO - [2025-01-18T07:06:52.109+0000] {dag.py:3947} INFO - Setting next_dagrun for example_branch_datetime_operator_2 to 2025-01-17 00:00:00+00:00, run_after=2025-01-18 00:00:00+00:00
[2025-01-18T07:06:52.112+0000] {logging_mixin.py:188} INFO - [2025-01-18T07:06:52.112+0000] {dag.py:3947} INFO - Setting next_dagrun for example_branch_datetime_operator_3 to 2025-01-17 00:00:00+00:00, run_after=2025-01-18 00:00:00+00:00
[2025-01-18T07:06:52.122+0000] {processor.py:183} INFO - Processing /home/airflow/.local/lib/python3.12/site-packages/airflow/example_dags/example_branch_datetime_operator.py took 0.179 seconds
[2025-01-18T07:07:22.827+0000] {processor.py:161} INFO - Started process (PID=13871) to work on /home/airflow/.local/lib/python3.12/site-packages/airflow/example_dags/example_branch_datetime_operator.py
[2025-01-18T07:07:22.828+0000] {processor.py:830} INFO - Processing file /home/airflow/.local/lib/python3.12/site-packages/airflow/example_dags/example_branch_datetime_operator.py for tasks to queue
[2025-01-18T07:07:22.829+0000] {logging_mixin.py:188} INFO - [2025-01-18T07:07:22.829+0000] {dagbag.py:545} INFO - Filling up the DagBag from /home/airflow/.local/lib/python3.12/site-packages/airflow/example_dags/example_branch_datetime_operator.py
[2025-01-18T07:07:22.836+0000] {processor.py:840} INFO - DAG(s) 'example_branch_datetime_operator_3', 'example_branch_datetime_operator_2', 'example_branch_datetime_operator' retrieved from /home/airflow/.local/lib/python3.12/site-packages/airflow/example_dags/example_branch_datetime_operator.py
[2025-01-18T07:07:22.856+0000] {logging_mixin.py:188} INFO - [2025-01-18T07:07:22.856+0000] {dag.py:3089} INFO - Sync 3 DAGs
[2025-01-18T07:07:22.869+0000] {logging_mixin.py:188} INFO - [2025-01-18T07:07:22.869+0000] {dag.py:3947} INFO - Setting next_dagrun for example_branch_datetime_operator to 2025-01-17 00:00:00+00:00, run_after=2025-01-18 00:00:00+00:00
[2025-01-18T07:07:22.871+0000] {logging_mixin.py:188} INFO - [2025-01-18T07:07:22.871+0000] {dag.py:3947} INFO - Setting next_dagrun for example_branch_datetime_operator_2 to 2025-01-17 00:00:00+00:00, run_after=2025-01-18 00:00:00+00:00
[2025-01-18T07:07:22.872+0000] {logging_mixin.py:188} INFO - [2025-01-18T07:07:22.872+0000] {dag.py:3947} INFO - Setting next_dagrun for example_branch_datetime_operator_3 to 2025-01-17 00:00:00+00:00, run_after=2025-01-18 00:00:00+00:00
[2025-01-18T07:07:22.883+0000] {processor.py:183} INFO - Processing /home/airflow/.local/lib/python3.12/site-packages/airflow/example_dags/example_branch_datetime_operator.py took 0.061 seconds
[2025-01-18T07:07:53.056+0000] {processor.py:161} INFO - Started process (PID=14150) to work on /home/airflow/.local/lib/python3.12/site-packages/airflow/example_dags/example_branch_datetime_operator.py
[2025-01-18T07:07:53.056+0000] {processor.py:830} INFO - Processing file /home/airflow/.local/lib/python3.12/site-packages/airflow/example_dags/example_branch_datetime_operator.py for tasks to queue
[2025-01-18T07:07:53.058+0000] {logging_mixin.py:188} INFO - [2025-01-18T07:07:53.057+0000] {dagbag.py:545} INFO - Filling up the DagBag from /home/airflow/.local/lib/python3.12/site-packages/airflow/example_dags/example_branch_datetime_operator.py
[2025-01-18T07:07:53.064+0000] {processor.py:840} INFO - DAG(s) 'example_branch_datetime_operator', 'example_branch_datetime_operator_3', 'example_branch_datetime_operator_2' retrieved from /home/airflow/.local/lib/python3.12/site-packages/airflow/example_dags/example_branch_datetime_operator.py
[2025-01-18T07:07:53.081+0000] {logging_mixin.py:188} INFO - [2025-01-18T07:07:53.081+0000] {dag.py:3089} INFO - Sync 3 DAGs
[2025-01-18T07:07:53.094+0000] {logging_mixin.py:188} INFO - [2025-01-18T07:07:53.094+0000] {dag.py:3947} INFO - Setting next_dagrun for example_branch_datetime_operator to 2025-01-17 00:00:00+00:00, run_after=2025-01-18 00:00:00+00:00
[2025-01-18T07:07:53.097+0000] {logging_mixin.py:188} INFO - [2025-01-18T07:07:53.097+0000] {dag.py:3947} INFO - Setting next_dagrun for example_branch_datetime_operator_2 to 2025-01-17 00:00:00+00:00, run_after=2025-01-18 00:00:00+00:00
[2025-01-18T07:07:53.098+0000] {logging_mixin.py:188} INFO - [2025-01-18T07:07:53.098+0000] {dag.py:3947} INFO - Setting next_dagrun for example_branch_datetime_operator_3 to 2025-01-17 00:00:00+00:00, run_after=2025-01-18 00:00:00+00:00
[2025-01-18T07:07:53.110+0000] {processor.py:183} INFO - Processing /home/airflow/.local/lib/python3.12/site-packages/airflow/example_dags/example_branch_datetime_operator.py took 0.059 seconds
[2025-01-18T07:08:24.423+0000] {processor.py:161} INFO - Started process (PID=14428) to work on /home/airflow/.local/lib/python3.12/site-packages/airflow/example_dags/example_branch_datetime_operator.py
[2025-01-18T07:08:24.424+0000] {processor.py:830} INFO - Processing file /home/airflow/.local/lib/python3.12/site-packages/airflow/example_dags/example_branch_datetime_operator.py for tasks to queue
[2025-01-18T07:08:24.425+0000] {logging_mixin.py:188} INFO - [2025-01-18T07:08:24.425+0000] {dagbag.py:545} INFO - Filling up the DagBag from /home/airflow/.local/lib/python3.12/site-packages/airflow/example_dags/example_branch_datetime_operator.py
[2025-01-18T07:08:24.430+0000] {processor.py:840} INFO - DAG(s) 'example_branch_datetime_operator', 'example_branch_datetime_operator_3', 'example_branch_datetime_operator_2' retrieved from /home/airflow/.local/lib/python3.12/site-packages/airflow/example_dags/example_branch_datetime_operator.py
[2025-01-18T07:08:24.552+0000] {logging_mixin.py:188} INFO - [2025-01-18T07:08:24.552+0000] {dag.py:3089} INFO - Sync 3 DAGs
[2025-01-18T07:08:24.563+0000] {logging_mixin.py:188} INFO - [2025-01-18T07:08:24.563+0000] {dag.py:3947} INFO - Setting next_dagrun for example_branch_datetime_operator to 2025-01-17 00:00:00+00:00, run_after=2025-01-18 00:00:00+00:00
[2025-01-18T07:08:24.565+0000] {logging_mixin.py:188} INFO - [2025-01-18T07:08:24.565+0000] {dag.py:3947} INFO - Setting next_dagrun for example_branch_datetime_operator_2 to 2025-01-17 00:00:00+00:00, run_after=2025-01-18 00:00:00+00:00
[2025-01-18T07:08:24.566+0000] {logging_mixin.py:188} INFO - [2025-01-18T07:08:24.566+0000] {dag.py:3947} INFO - Setting next_dagrun for example_branch_datetime_operator_3 to 2025-01-17 00:00:00+00:00, run_after=2025-01-18 00:00:00+00:00
[2025-01-18T07:08:24.575+0000] {processor.py:183} INFO - Processing /home/airflow/.local/lib/python3.12/site-packages/airflow/example_dags/example_branch_datetime_operator.py took 0.156 seconds
[2025-01-18T07:08:55.586+0000] {processor.py:161} INFO - Started process (PID=14705) to work on /home/airflow/.local/lib/python3.12/site-packages/airflow/example_dags/example_branch_datetime_operator.py
[2025-01-18T07:08:55.588+0000] {processor.py:830} INFO - Processing file /home/airflow/.local/lib/python3.12/site-packages/airflow/example_dags/example_branch_datetime_operator.py for tasks to queue
[2025-01-18T07:08:55.591+0000] {logging_mixin.py:188} INFO - [2025-01-18T07:08:55.591+0000] {dagbag.py:545} INFO - Filling up the DagBag from /home/airflow/.local/lib/python3.12/site-packages/airflow/example_dags/example_branch_datetime_operator.py
[2025-01-18T07:08:55.602+0000] {processor.py:840} INFO - DAG(s) 'example_branch_datetime_operator_3', 'example_branch_datetime_operator', 'example_branch_datetime_operator_2' retrieved from /home/airflow/.local/lib/python3.12/site-packages/airflow/example_dags/example_branch_datetime_operator.py
[2025-01-18T07:08:55.625+0000] {logging_mixin.py:188} INFO - [2025-01-18T07:08:55.625+0000] {dag.py:3089} INFO - Sync 3 DAGs
[2025-01-18T07:08:55.640+0000] {logging_mixin.py:188} INFO - [2025-01-18T07:08:55.640+0000] {dag.py:3947} INFO - Setting next_dagrun for example_branch_datetime_operator to 2025-01-17 00:00:00+00:00, run_after=2025-01-18 00:00:00+00:00
[2025-01-18T07:08:55.642+0000] {logging_mixin.py:188} INFO - [2025-01-18T07:08:55.642+0000] {dag.py:3947} INFO - Setting next_dagrun for example_branch_datetime_operator_2 to 2025-01-17 00:00:00+00:00, run_after=2025-01-18 00:00:00+00:00
[2025-01-18T07:08:55.644+0000] {logging_mixin.py:188} INFO - [2025-01-18T07:08:55.643+0000] {dag.py:3947} INFO - Setting next_dagrun for example_branch_datetime_operator_3 to 2025-01-17 00:00:00+00:00, run_after=2025-01-18 00:00:00+00:00
[2025-01-18T07:08:55.654+0000] {processor.py:183} INFO - Processing /home/airflow/.local/lib/python3.12/site-packages/airflow/example_dags/example_branch_datetime_operator.py took 0.078 seconds
[2025-01-18T07:09:26.354+0000] {processor.py:161} INFO - Started process (PID=14982) to work on /home/airflow/.local/lib/python3.12/site-packages/airflow/example_dags/example_branch_datetime_operator.py
[2025-01-18T07:09:26.355+0000] {processor.py:830} INFO - Processing file /home/airflow/.local/lib/python3.12/site-packages/airflow/example_dags/example_branch_datetime_operator.py for tasks to queue
[2025-01-18T07:09:26.358+0000] {logging_mixin.py:188} INFO - [2025-01-18T07:09:26.358+0000] {dagbag.py:545} INFO - Filling up the DagBag from /home/airflow/.local/lib/python3.12/site-packages/airflow/example_dags/example_branch_datetime_operator.py
[2025-01-18T07:09:26.367+0000] {processor.py:840} INFO - DAG(s) 'example_branch_datetime_operator_2', 'example_branch_datetime_operator', 'example_branch_datetime_operator_3' retrieved from /home/airflow/.local/lib/python3.12/site-packages/airflow/example_dags/example_branch_datetime_operator.py
[2025-01-18T07:09:26.389+0000] {logging_mixin.py:188} INFO - [2025-01-18T07:09:26.389+0000] {dag.py:3089} INFO - Sync 3 DAGs
[2025-01-18T07:09:26.405+0000] {logging_mixin.py:188} INFO - [2025-01-18T07:09:26.405+0000] {dag.py:3947} INFO - Setting next_dagrun for example_branch_datetime_operator to 2025-01-17 00:00:00+00:00, run_after=2025-01-18 00:00:00+00:00
[2025-01-18T07:09:26.408+0000] {logging_mixin.py:188} INFO - [2025-01-18T07:09:26.408+0000] {dag.py:3947} INFO - Setting next_dagrun for example_branch_datetime_operator_2 to 2025-01-17 00:00:00+00:00, run_after=2025-01-18 00:00:00+00:00
[2025-01-18T07:09:26.409+0000] {logging_mixin.py:188} INFO - [2025-01-18T07:09:26.409+0000] {dag.py:3947} INFO - Setting next_dagrun for example_branch_datetime_operator_3 to 2025-01-17 00:00:00+00:00, run_after=2025-01-18 00:00:00+00:00
[2025-01-18T07:09:26.418+0000] {processor.py:183} INFO - Processing /home/airflow/.local/lib/python3.12/site-packages/airflow/example_dags/example_branch_datetime_operator.py took 0.072 seconds
[2025-01-18T07:09:57.274+0000] {processor.py:161} INFO - Started process (PID=15265) to work on /home/airflow/.local/lib/python3.12/site-packages/airflow/example_dags/example_branch_datetime_operator.py
[2025-01-18T07:09:57.275+0000] {processor.py:830} INFO - Processing file /home/airflow/.local/lib/python3.12/site-packages/airflow/example_dags/example_branch_datetime_operator.py for tasks to queue
[2025-01-18T07:09:57.277+0000] {logging_mixin.py:188} INFO - [2025-01-18T07:09:57.277+0000] {dagbag.py:545} INFO - Filling up the DagBag from /home/airflow/.local/lib/python3.12/site-packages/airflow/example_dags/example_branch_datetime_operator.py
[2025-01-18T07:09:57.285+0000] {processor.py:840} INFO - DAG(s) 'example_branch_datetime_operator', 'example_branch_datetime_operator_2', 'example_branch_datetime_operator_3' retrieved from /home/airflow/.local/lib/python3.12/site-packages/airflow/example_dags/example_branch_datetime_operator.py
[2025-01-18T07:09:57.303+0000] {logging_mixin.py:188} INFO - [2025-01-18T07:09:57.303+0000] {dag.py:3089} INFO - Sync 3 DAGs
[2025-01-18T07:09:57.316+0000] {logging_mixin.py:188} INFO - [2025-01-18T07:09:57.316+0000] {dag.py:3947} INFO - Setting next_dagrun for example_branch_datetime_operator to 2025-01-17 00:00:00+00:00, run_after=2025-01-18 00:00:00+00:00
[2025-01-18T07:09:57.319+0000] {logging_mixin.py:188} INFO - [2025-01-18T07:09:57.319+0000] {dag.py:3947} INFO - Setting next_dagrun for example_branch_datetime_operator_2 to 2025-01-17 00:00:00+00:00, run_after=2025-01-18 00:00:00+00:00
[2025-01-18T07:09:57.320+0000] {logging_mixin.py:188} INFO - [2025-01-18T07:09:57.320+0000] {dag.py:3947} INFO - Setting next_dagrun for example_branch_datetime_operator_3 to 2025-01-17 00:00:00+00:00, run_after=2025-01-18 00:00:00+00:00
[2025-01-18T07:09:57.331+0000] {processor.py:183} INFO - Processing /home/airflow/.local/lib/python3.12/site-packages/airflow/example_dags/example_branch_datetime_operator.py took 0.063 seconds
[2025-01-18T07:10:27.524+0000] {processor.py:161} INFO - Started process (PID=15547) to work on /home/airflow/.local/lib/python3.12/site-packages/airflow/example_dags/example_branch_datetime_operator.py
[2025-01-18T07:10:27.526+0000] {processor.py:830} INFO - Processing file /home/airflow/.local/lib/python3.12/site-packages/airflow/example_dags/example_branch_datetime_operator.py for tasks to queue
[2025-01-18T07:10:27.529+0000] {logging_mixin.py:188} INFO - [2025-01-18T07:10:27.529+0000] {dagbag.py:545} INFO - Filling up the DagBag from /home/airflow/.local/lib/python3.12/site-packages/airflow/example_dags/example_branch_datetime_operator.py
[2025-01-18T07:10:27.539+0000] {processor.py:840} INFO - DAG(s) 'example_branch_datetime_operator_2', 'example_branch_datetime_operator_3', 'example_branch_datetime_operator' retrieved from /home/airflow/.local/lib/python3.12/site-packages/airflow/example_dags/example_branch_datetime_operator.py
[2025-01-18T07:10:27.562+0000] {logging_mixin.py:188} INFO - [2025-01-18T07:10:27.562+0000] {dag.py:3089} INFO - Sync 3 DAGs
[2025-01-18T07:10:27.576+0000] {logging_mixin.py:188} INFO - [2025-01-18T07:10:27.576+0000] {dag.py:3947} INFO - Setting next_dagrun for example_branch_datetime_operator to 2025-01-17 00:00:00+00:00, run_after=2025-01-18 00:00:00+00:00
[2025-01-18T07:10:27.579+0000] {logging_mixin.py:188} INFO - [2025-01-18T07:10:27.579+0000] {dag.py:3947} INFO - Setting next_dagrun for example_branch_datetime_operator_2 to 2025-01-17 00:00:00+00:00, run_after=2025-01-18 00:00:00+00:00
[2025-01-18T07:10:27.581+0000] {logging_mixin.py:188} INFO - [2025-01-18T07:10:27.581+0000] {dag.py:3947} INFO - Setting next_dagrun for example_branch_datetime_operator_3 to 2025-01-17 00:00:00+00:00, run_after=2025-01-18 00:00:00+00:00
[2025-01-18T07:10:27.590+0000] {processor.py:183} INFO - Processing /home/airflow/.local/lib/python3.12/site-packages/airflow/example_dags/example_branch_datetime_operator.py took 0.076 seconds
[2025-01-18T07:10:57.760+0000] {processor.py:161} INFO - Started process (PID=15829) to work on /home/airflow/.local/lib/python3.12/site-packages/airflow/example_dags/example_branch_datetime_operator.py
[2025-01-18T07:10:57.761+0000] {processor.py:830} INFO - Processing file /home/airflow/.local/lib/python3.12/site-packages/airflow/example_dags/example_branch_datetime_operator.py for tasks to queue
[2025-01-18T07:10:57.763+0000] {logging_mixin.py:188} INFO - [2025-01-18T07:10:57.763+0000] {dagbag.py:545} INFO - Filling up the DagBag from /home/airflow/.local/lib/python3.12/site-packages/airflow/example_dags/example_branch_datetime_operator.py
[2025-01-18T07:10:57.770+0000] {processor.py:840} INFO - DAG(s) 'example_branch_datetime_operator', 'example_branch_datetime_operator_3', 'example_branch_datetime_operator_2' retrieved from /home/airflow/.local/lib/python3.12/site-packages/airflow/example_dags/example_branch_datetime_operator.py
[2025-01-18T07:10:57.789+0000] {logging_mixin.py:188} INFO - [2025-01-18T07:10:57.789+0000] {dag.py:3089} INFO - Sync 3 DAGs
[2025-01-18T07:10:57.803+0000] {logging_mixin.py:188} INFO - [2025-01-18T07:10:57.803+0000] {dag.py:3947} INFO - Setting next_dagrun for example_branch_datetime_operator to 2025-01-17 00:00:00+00:00, run_after=2025-01-18 00:00:00+00:00
[2025-01-18T07:10:57.805+0000] {logging_mixin.py:188} INFO - [2025-01-18T07:10:57.805+0000] {dag.py:3947} INFO - Setting next_dagrun for example_branch_datetime_operator_2 to 2025-01-17 00:00:00+00:00, run_after=2025-01-18 00:00:00+00:00
[2025-01-18T07:10:57.807+0000] {logging_mixin.py:188} INFO - [2025-01-18T07:10:57.806+0000] {dag.py:3947} INFO - Setting next_dagrun for example_branch_datetime_operator_3 to 2025-01-17 00:00:00+00:00, run_after=2025-01-18 00:00:00+00:00
[2025-01-18T07:10:57.821+0000] {processor.py:183} INFO - Processing /home/airflow/.local/lib/python3.12/site-packages/airflow/example_dags/example_branch_datetime_operator.py took 0.066 seconds
[2025-01-18T07:11:29.848+0000] {processor.py:161} INFO - Started process (PID=16112) to work on /home/airflow/.local/lib/python3.12/site-packages/airflow/example_dags/example_branch_datetime_operator.py
[2025-01-18T07:11:29.848+0000] {processor.py:830} INFO - Processing file /home/airflow/.local/lib/python3.12/site-packages/airflow/example_dags/example_branch_datetime_operator.py for tasks to queue
[2025-01-18T07:11:29.850+0000] {logging_mixin.py:188} INFO - [2025-01-18T07:11:29.850+0000] {dagbag.py:545} INFO - Filling up the DagBag from /home/airflow/.local/lib/python3.12/site-packages/airflow/example_dags/example_branch_datetime_operator.py
[2025-01-18T07:11:29.855+0000] {processor.py:840} INFO - DAG(s) 'example_branch_datetime_operator_2', 'example_branch_datetime_operator_3', 'example_branch_datetime_operator' retrieved from /home/airflow/.local/lib/python3.12/site-packages/airflow/example_dags/example_branch_datetime_operator.py
[2025-01-18T07:11:29.876+0000] {logging_mixin.py:188} INFO - [2025-01-18T07:11:29.875+0000] {dag.py:3089} INFO - Sync 3 DAGs
[2025-01-18T07:11:29.889+0000] {logging_mixin.py:188} INFO - [2025-01-18T07:11:29.889+0000] {dag.py:3947} INFO - Setting next_dagrun for example_branch_datetime_operator to 2025-01-17 00:00:00+00:00, run_after=2025-01-18 00:00:00+00:00
[2025-01-18T07:11:29.893+0000] {logging_mixin.py:188} INFO - [2025-01-18T07:11:29.893+0000] {dag.py:3947} INFO - Setting next_dagrun for example_branch_datetime_operator_2 to 2025-01-17 00:00:00+00:00, run_after=2025-01-18 00:00:00+00:00
[2025-01-18T07:11:29.895+0000] {logging_mixin.py:188} INFO - [2025-01-18T07:11:29.894+0000] {dag.py:3947} INFO - Setting next_dagrun for example_branch_datetime_operator_3 to 2025-01-17 00:00:00+00:00, run_after=2025-01-18 00:00:00+00:00
[2025-01-18T07:11:29.905+0000] {processor.py:183} INFO - Processing /home/airflow/.local/lib/python3.12/site-packages/airflow/example_dags/example_branch_datetime_operator.py took 0.063 seconds
[2025-01-18T07:12:32.934+0000] {processor.py:161} INFO - Started process (PID=16250) to work on /home/airflow/.local/lib/python3.12/site-packages/airflow/example_dags/example_branch_datetime_operator.py
[2025-01-18T07:12:32.936+0000] {processor.py:830} INFO - Processing file /home/airflow/.local/lib/python3.12/site-packages/airflow/example_dags/example_branch_datetime_operator.py for tasks to queue
[2025-01-18T07:12:32.938+0000] {logging_mixin.py:188} INFO - [2025-01-18T07:12:32.938+0000] {dagbag.py:545} INFO - Filling up the DagBag from /home/airflow/.local/lib/python3.12/site-packages/airflow/example_dags/example_branch_datetime_operator.py
[2025-01-18T07:12:32.951+0000] {processor.py:840} INFO - DAG(s) 'example_branch_datetime_operator_2', 'example_branch_datetime_operator_3', 'example_branch_datetime_operator' retrieved from /home/airflow/.local/lib/python3.12/site-packages/airflow/example_dags/example_branch_datetime_operator.py
[2025-01-18T07:12:32.974+0000] {logging_mixin.py:188} INFO - [2025-01-18T07:12:32.974+0000] {dag.py:3089} INFO - Sync 3 DAGs
[2025-01-18T07:12:32.992+0000] {logging_mixin.py:188} INFO - [2025-01-18T07:12:32.992+0000] {dag.py:3947} INFO - Setting next_dagrun for example_branch_datetime_operator to 2025-01-17 00:00:00+00:00, run_after=2025-01-18 00:00:00+00:00
[2025-01-18T07:12:32.996+0000] {logging_mixin.py:188} INFO - [2025-01-18T07:12:32.996+0000] {dag.py:3947} INFO - Setting next_dagrun for example_branch_datetime_operator_2 to 2025-01-17 00:00:00+00:00, run_after=2025-01-18 00:00:00+00:00
[2025-01-18T07:12:32.998+0000] {logging_mixin.py:188} INFO - [2025-01-18T07:12:32.997+0000] {dag.py:3947} INFO - Setting next_dagrun for example_branch_datetime_operator_3 to 2025-01-17 00:00:00+00:00, run_after=2025-01-18 00:00:00+00:00
[2025-01-18T07:12:33.010+0000] {processor.py:183} INFO - Processing /home/airflow/.local/lib/python3.12/site-packages/airflow/example_dags/example_branch_datetime_operator.py took 0.086 seconds
[2025-01-18T07:13:03.416+0000] {processor.py:161} INFO - Started process (PID=16532) to work on /home/airflow/.local/lib/python3.12/site-packages/airflow/example_dags/example_branch_datetime_operator.py
[2025-01-18T07:13:03.417+0000] {processor.py:830} INFO - Processing file /home/airflow/.local/lib/python3.12/site-packages/airflow/example_dags/example_branch_datetime_operator.py for tasks to queue
[2025-01-18T07:13:03.419+0000] {logging_mixin.py:188} INFO - [2025-01-18T07:13:03.418+0000] {dagbag.py:545} INFO - Filling up the DagBag from /home/airflow/.local/lib/python3.12/site-packages/airflow/example_dags/example_branch_datetime_operator.py
[2025-01-18T07:13:03.424+0000] {processor.py:840} INFO - DAG(s) 'example_branch_datetime_operator_2', 'example_branch_datetime_operator_3', 'example_branch_datetime_operator' retrieved from /home/airflow/.local/lib/python3.12/site-packages/airflow/example_dags/example_branch_datetime_operator.py
[2025-01-18T07:13:03.441+0000] {logging_mixin.py:188} INFO - [2025-01-18T07:13:03.441+0000] {dag.py:3089} INFO - Sync 3 DAGs
[2025-01-18T07:13:03.455+0000] {logging_mixin.py:188} INFO - [2025-01-18T07:13:03.455+0000] {dag.py:3947} INFO - Setting next_dagrun for example_branch_datetime_operator to 2025-01-17 00:00:00+00:00, run_after=2025-01-18 00:00:00+00:00
[2025-01-18T07:13:03.457+0000] {logging_mixin.py:188} INFO - [2025-01-18T07:13:03.457+0000] {dag.py:3947} INFO - Setting next_dagrun for example_branch_datetime_operator_2 to 2025-01-17 00:00:00+00:00, run_after=2025-01-18 00:00:00+00:00
[2025-01-18T07:13:03.458+0000] {logging_mixin.py:188} INFO - [2025-01-18T07:13:03.458+0000] {dag.py:3947} INFO - Setting next_dagrun for example_branch_datetime_operator_3 to 2025-01-17 00:00:00+00:00, run_after=2025-01-18 00:00:00+00:00
[2025-01-18T07:13:03.469+0000] {processor.py:183} INFO - Processing /home/airflow/.local/lib/python3.12/site-packages/airflow/example_dags/example_branch_datetime_operator.py took 0.058 seconds
[2025-01-18T07:13:34.216+0000] {processor.py:161} INFO - Started process (PID=16816) to work on /home/airflow/.local/lib/python3.12/site-packages/airflow/example_dags/example_branch_datetime_operator.py
[2025-01-18T07:13:34.217+0000] {processor.py:830} INFO - Processing file /home/airflow/.local/lib/python3.12/site-packages/airflow/example_dags/example_branch_datetime_operator.py for tasks to queue
[2025-01-18T07:13:34.219+0000] {logging_mixin.py:188} INFO - [2025-01-18T07:13:34.219+0000] {dagbag.py:545} INFO - Filling up the DagBag from /home/airflow/.local/lib/python3.12/site-packages/airflow/example_dags/example_branch_datetime_operator.py
[2025-01-18T07:13:34.224+0000] {processor.py:840} INFO - DAG(s) 'example_branch_datetime_operator_3', 'example_branch_datetime_operator_2', 'example_branch_datetime_operator' retrieved from /home/airflow/.local/lib/python3.12/site-packages/airflow/example_dags/example_branch_datetime_operator.py
[2025-01-18T07:13:34.245+0000] {logging_mixin.py:188} INFO - [2025-01-18T07:13:34.244+0000] {dag.py:3089} INFO - Sync 3 DAGs
[2025-01-18T07:13:34.259+0000] {logging_mixin.py:188} INFO - [2025-01-18T07:13:34.259+0000] {dag.py:3947} INFO - Setting next_dagrun for example_branch_datetime_operator to 2025-01-17 00:00:00+00:00, run_after=2025-01-18 00:00:00+00:00
[2025-01-18T07:13:34.262+0000] {logging_mixin.py:188} INFO - [2025-01-18T07:13:34.262+0000] {dag.py:3947} INFO - Setting next_dagrun for example_branch_datetime_operator_2 to 2025-01-17 00:00:00+00:00, run_after=2025-01-18 00:00:00+00:00
[2025-01-18T07:13:34.264+0000] {logging_mixin.py:188} INFO - [2025-01-18T07:13:34.264+0000] {dag.py:3947} INFO - Setting next_dagrun for example_branch_datetime_operator_3 to 2025-01-17 00:00:00+00:00, run_after=2025-01-18 00:00:00+00:00
[2025-01-18T07:13:34.276+0000] {processor.py:183} INFO - Processing /home/airflow/.local/lib/python3.12/site-packages/airflow/example_dags/example_branch_datetime_operator.py took 0.064 seconds
[2025-01-18T07:14:04.566+0000] {processor.py:161} INFO - Started process (PID=17098) to work on /home/airflow/.local/lib/python3.12/site-packages/airflow/example_dags/example_branch_datetime_operator.py
[2025-01-18T07:14:04.568+0000] {processor.py:830} INFO - Processing file /home/airflow/.local/lib/python3.12/site-packages/airflow/example_dags/example_branch_datetime_operator.py for tasks to queue
[2025-01-18T07:14:04.570+0000] {logging_mixin.py:188} INFO - [2025-01-18T07:14:04.569+0000] {dagbag.py:545} INFO - Filling up the DagBag from /home/airflow/.local/lib/python3.12/site-packages/airflow/example_dags/example_branch_datetime_operator.py
[2025-01-18T07:14:04.576+0000] {processor.py:840} INFO - DAG(s) 'example_branch_datetime_operator', 'example_branch_datetime_operator_3', 'example_branch_datetime_operator_2' retrieved from /home/airflow/.local/lib/python3.12/site-packages/airflow/example_dags/example_branch_datetime_operator.py
[2025-01-18T07:14:04.599+0000] {logging_mixin.py:188} INFO - [2025-01-18T07:14:04.599+0000] {dag.py:3089} INFO - Sync 3 DAGs
[2025-01-18T07:14:04.612+0000] {logging_mixin.py:188} INFO - [2025-01-18T07:14:04.612+0000] {dag.py:3947} INFO - Setting next_dagrun for example_branch_datetime_operator to 2025-01-17 00:00:00+00:00, run_after=2025-01-18 00:00:00+00:00
[2025-01-18T07:14:04.614+0000] {logging_mixin.py:188} INFO - [2025-01-18T07:14:04.614+0000] {dag.py:3947} INFO - Setting next_dagrun for example_branch_datetime_operator_2 to 2025-01-17 00:00:00+00:00, run_after=2025-01-18 00:00:00+00:00
[2025-01-18T07:14:04.615+0000] {logging_mixin.py:188} INFO - [2025-01-18T07:14:04.615+0000] {dag.py:3947} INFO - Setting next_dagrun for example_branch_datetime_operator_3 to 2025-01-17 00:00:00+00:00, run_after=2025-01-18 00:00:00+00:00
[2025-01-18T07:14:04.626+0000] {processor.py:183} INFO - Processing /home/airflow/.local/lib/python3.12/site-packages/airflow/example_dags/example_branch_datetime_operator.py took 0.065 seconds
[2025-01-18T07:14:34.784+0000] {processor.py:161} INFO - Started process (PID=17379) to work on /home/airflow/.local/lib/python3.12/site-packages/airflow/example_dags/example_branch_datetime_operator.py
[2025-01-18T07:14:34.785+0000] {processor.py:830} INFO - Processing file /home/airflow/.local/lib/python3.12/site-packages/airflow/example_dags/example_branch_datetime_operator.py for tasks to queue
[2025-01-18T07:14:34.788+0000] {logging_mixin.py:188} INFO - [2025-01-18T07:14:34.788+0000] {dagbag.py:545} INFO - Filling up the DagBag from /home/airflow/.local/lib/python3.12/site-packages/airflow/example_dags/example_branch_datetime_operator.py
[2025-01-18T07:14:34.795+0000] {processor.py:840} INFO - DAG(s) 'example_branch_datetime_operator', 'example_branch_datetime_operator_2', 'example_branch_datetime_operator_3' retrieved from /home/airflow/.local/lib/python3.12/site-packages/airflow/example_dags/example_branch_datetime_operator.py
[2025-01-18T07:14:34.815+0000] {logging_mixin.py:188} INFO - [2025-01-18T07:14:34.815+0000] {dag.py:3089} INFO - Sync 3 DAGs
[2025-01-18T07:14:34.831+0000] {logging_mixin.py:188} INFO - [2025-01-18T07:14:34.830+0000] {dag.py:3947} INFO - Setting next_dagrun for example_branch_datetime_operator to 2025-01-17 00:00:00+00:00, run_after=2025-01-18 00:00:00+00:00
[2025-01-18T07:14:34.834+0000] {logging_mixin.py:188} INFO - [2025-01-18T07:14:34.834+0000] {dag.py:3947} INFO - Setting next_dagrun for example_branch_datetime_operator_2 to 2025-01-17 00:00:00+00:00, run_after=2025-01-18 00:00:00+00:00
[2025-01-18T07:14:34.835+0000] {logging_mixin.py:188} INFO - [2025-01-18T07:14:34.835+0000] {dag.py:3947} INFO - Setting next_dagrun for example_branch_datetime_operator_3 to 2025-01-17 00:00:00+00:00, run_after=2025-01-18 00:00:00+00:00
[2025-01-18T07:14:34.849+0000] {processor.py:183} INFO - Processing /home/airflow/.local/lib/python3.12/site-packages/airflow/example_dags/example_branch_datetime_operator.py took 0.072 seconds
[2025-01-18T07:15:05.714+0000] {processor.py:161} INFO - Started process (PID=17664) to work on /home/airflow/.local/lib/python3.12/site-packages/airflow/example_dags/example_branch_datetime_operator.py
[2025-01-18T07:15:05.715+0000] {processor.py:830} INFO - Processing file /home/airflow/.local/lib/python3.12/site-packages/airflow/example_dags/example_branch_datetime_operator.py for tasks to queue
[2025-01-18T07:15:05.719+0000] {logging_mixin.py:188} INFO - [2025-01-18T07:15:05.719+0000] {dagbag.py:545} INFO - Filling up the DagBag from /home/airflow/.local/lib/python3.12/site-packages/airflow/example_dags/example_branch_datetime_operator.py
[2025-01-18T07:15:05.725+0000] {processor.py:840} INFO - DAG(s) 'example_branch_datetime_operator', 'example_branch_datetime_operator_2', 'example_branch_datetime_operator_3' retrieved from /home/airflow/.local/lib/python3.12/site-packages/airflow/example_dags/example_branch_datetime_operator.py
[2025-01-18T07:15:05.744+0000] {logging_mixin.py:188} INFO - [2025-01-18T07:15:05.744+0000] {dag.py:3089} INFO - Sync 3 DAGs
[2025-01-18T07:15:05.758+0000] {logging_mixin.py:188} INFO - [2025-01-18T07:15:05.758+0000] {dag.py:3947} INFO - Setting next_dagrun for example_branch_datetime_operator to 2025-01-17 00:00:00+00:00, run_after=2025-01-18 00:00:00+00:00
[2025-01-18T07:15:05.760+0000] {logging_mixin.py:188} INFO - [2025-01-18T07:15:05.760+0000] {dag.py:3947} INFO - Setting next_dagrun for example_branch_datetime_operator_2 to 2025-01-17 00:00:00+00:00, run_after=2025-01-18 00:00:00+00:00
[2025-01-18T07:15:05.761+0000] {logging_mixin.py:188} INFO - [2025-01-18T07:15:05.761+0000] {dag.py:3947} INFO - Setting next_dagrun for example_branch_datetime_operator_3 to 2025-01-17 00:00:00+00:00, run_after=2025-01-18 00:00:00+00:00
[2025-01-18T07:15:05.772+0000] {processor.py:183} INFO - Processing /home/airflow/.local/lib/python3.12/site-packages/airflow/example_dags/example_branch_datetime_operator.py took 0.063 seconds
[2025-01-18T07:15:36.407+0000] {processor.py:161} INFO - Started process (PID=17946) to work on /home/airflow/.local/lib/python3.12/site-packages/airflow/example_dags/example_branch_datetime_operator.py
[2025-01-18T07:15:36.408+0000] {processor.py:830} INFO - Processing file /home/airflow/.local/lib/python3.12/site-packages/airflow/example_dags/example_branch_datetime_operator.py for tasks to queue
[2025-01-18T07:15:36.409+0000] {logging_mixin.py:188} INFO - [2025-01-18T07:15:36.409+0000] {dagbag.py:545} INFO - Filling up the DagBag from /home/airflow/.local/lib/python3.12/site-packages/airflow/example_dags/example_branch_datetime_operator.py
[2025-01-18T07:15:36.414+0000] {processor.py:840} INFO - DAG(s) 'example_branch_datetime_operator', 'example_branch_datetime_operator_3', 'example_branch_datetime_operator_2' retrieved from /home/airflow/.local/lib/python3.12/site-packages/airflow/example_dags/example_branch_datetime_operator.py
[2025-01-18T07:15:36.429+0000] {logging_mixin.py:188} INFO - [2025-01-18T07:15:36.429+0000] {dag.py:3089} INFO - Sync 3 DAGs
[2025-01-18T07:15:36.440+0000] {logging_mixin.py:188} INFO - [2025-01-18T07:15:36.440+0000] {dag.py:3947} INFO - Setting next_dagrun for example_branch_datetime_operator to 2025-01-17 00:00:00+00:00, run_after=2025-01-18 00:00:00+00:00
[2025-01-18T07:15:36.443+0000] {logging_mixin.py:188} INFO - [2025-01-18T07:15:36.443+0000] {dag.py:3947} INFO - Setting next_dagrun for example_branch_datetime_operator_2 to 2025-01-17 00:00:00+00:00, run_after=2025-01-18 00:00:00+00:00
[2025-01-18T07:15:36.447+0000] {logging_mixin.py:188} INFO - [2025-01-18T07:15:36.447+0000] {dag.py:3947} INFO - Setting next_dagrun for example_branch_datetime_operator_3 to 2025-01-17 00:00:00+00:00, run_after=2025-01-18 00:00:00+00:00
[2025-01-18T07:15:36.457+0000] {processor.py:183} INFO - Processing /home/airflow/.local/lib/python3.12/site-packages/airflow/example_dags/example_branch_datetime_operator.py took 0.053 seconds
[2025-01-18T07:16:06.951+0000] {processor.py:161} INFO - Started process (PID=18226) to work on /home/airflow/.local/lib/python3.12/site-packages/airflow/example_dags/example_branch_datetime_operator.py
[2025-01-18T07:16:06.952+0000] {processor.py:830} INFO - Processing file /home/airflow/.local/lib/python3.12/site-packages/airflow/example_dags/example_branch_datetime_operator.py for tasks to queue
[2025-01-18T07:16:06.953+0000] {logging_mixin.py:188} INFO - [2025-01-18T07:16:06.952+0000] {dagbag.py:545} INFO - Filling up the DagBag from /home/airflow/.local/lib/python3.12/site-packages/airflow/example_dags/example_branch_datetime_operator.py
[2025-01-18T07:16:06.958+0000] {processor.py:840} INFO - DAG(s) 'example_branch_datetime_operator_2', 'example_branch_datetime_operator', 'example_branch_datetime_operator_3' retrieved from /home/airflow/.local/lib/python3.12/site-packages/airflow/example_dags/example_branch_datetime_operator.py
[2025-01-18T07:16:06.975+0000] {logging_mixin.py:188} INFO - [2025-01-18T07:16:06.975+0000] {dag.py:3089} INFO - Sync 3 DAGs
[2025-01-18T07:16:06.989+0000] {logging_mixin.py:188} INFO - [2025-01-18T07:16:06.989+0000] {dag.py:3947} INFO - Setting next_dagrun for example_branch_datetime_operator to 2025-01-17 00:00:00+00:00, run_after=2025-01-18 00:00:00+00:00
[2025-01-18T07:16:06.992+0000] {logging_mixin.py:188} INFO - [2025-01-18T07:16:06.992+0000] {dag.py:3947} INFO - Setting next_dagrun for example_branch_datetime_operator_2 to 2025-01-17 00:00:00+00:00, run_after=2025-01-18 00:00:00+00:00
[2025-01-18T07:16:06.993+0000] {logging_mixin.py:188} INFO - [2025-01-18T07:16:06.993+0000] {dag.py:3947} INFO - Setting next_dagrun for example_branch_datetime_operator_3 to 2025-01-17 00:00:00+00:00, run_after=2025-01-18 00:00:00+00:00
[2025-01-18T07:16:07.008+0000] {processor.py:183} INFO - Processing /home/airflow/.local/lib/python3.12/site-packages/airflow/example_dags/example_branch_datetime_operator.py took 0.061 seconds
[2025-01-18T07:16:37.903+0000] {processor.py:161} INFO - Started process (PID=18510) to work on /home/airflow/.local/lib/python3.12/site-packages/airflow/example_dags/example_branch_datetime_operator.py
[2025-01-18T07:16:37.904+0000] {processor.py:830} INFO - Processing file /home/airflow/.local/lib/python3.12/site-packages/airflow/example_dags/example_branch_datetime_operator.py for tasks to queue
[2025-01-18T07:16:37.905+0000] {logging_mixin.py:188} INFO - [2025-01-18T07:16:37.905+0000] {dagbag.py:545} INFO - Filling up the DagBag from /home/airflow/.local/lib/python3.12/site-packages/airflow/example_dags/example_branch_datetime_operator.py
[2025-01-18T07:16:37.910+0000] {processor.py:840} INFO - DAG(s) 'example_branch_datetime_operator_3', 'example_branch_datetime_operator', 'example_branch_datetime_operator_2' retrieved from /home/airflow/.local/lib/python3.12/site-packages/airflow/example_dags/example_branch_datetime_operator.py
[2025-01-18T07:16:37.926+0000] {logging_mixin.py:188} INFO - [2025-01-18T07:16:37.926+0000] {dag.py:3089} INFO - Sync 3 DAGs
[2025-01-18T07:16:37.938+0000] {logging_mixin.py:188} INFO - [2025-01-18T07:16:37.938+0000] {dag.py:3947} INFO - Setting next_dagrun for example_branch_datetime_operator to 2025-01-17 00:00:00+00:00, run_after=2025-01-18 00:00:00+00:00
[2025-01-18T07:16:37.940+0000] {logging_mixin.py:188} INFO - [2025-01-18T07:16:37.940+0000] {dag.py:3947} INFO - Setting next_dagrun for example_branch_datetime_operator_2 to 2025-01-17 00:00:00+00:00, run_after=2025-01-18 00:00:00+00:00
[2025-01-18T07:16:37.941+0000] {logging_mixin.py:188} INFO - [2025-01-18T07:16:37.941+0000] {dag.py:3947} INFO - Setting next_dagrun for example_branch_datetime_operator_3 to 2025-01-17 00:00:00+00:00, run_after=2025-01-18 00:00:00+00:00
[2025-01-18T07:16:37.952+0000] {processor.py:183} INFO - Processing /home/airflow/.local/lib/python3.12/site-packages/airflow/example_dags/example_branch_datetime_operator.py took 0.052 seconds
[2025-01-18T07:17:08.744+0000] {processor.py:161} INFO - Started process (PID=18790) to work on /home/airflow/.local/lib/python3.12/site-packages/airflow/example_dags/example_branch_datetime_operator.py
[2025-01-18T07:17:08.745+0000] {processor.py:830} INFO - Processing file /home/airflow/.local/lib/python3.12/site-packages/airflow/example_dags/example_branch_datetime_operator.py for tasks to queue
[2025-01-18T07:17:08.747+0000] {logging_mixin.py:188} INFO - [2025-01-18T07:17:08.746+0000] {dagbag.py:545} INFO - Filling up the DagBag from /home/airflow/.local/lib/python3.12/site-packages/airflow/example_dags/example_branch_datetime_operator.py
[2025-01-18T07:17:08.752+0000] {processor.py:840} INFO - DAG(s) 'example_branch_datetime_operator_2', 'example_branch_datetime_operator_3', 'example_branch_datetime_operator' retrieved from /home/airflow/.local/lib/python3.12/site-packages/airflow/example_dags/example_branch_datetime_operator.py
[2025-01-18T07:17:08.770+0000] {logging_mixin.py:188} INFO - [2025-01-18T07:17:08.770+0000] {dag.py:3089} INFO - Sync 3 DAGs
[2025-01-18T07:17:08.783+0000] {logging_mixin.py:188} INFO - [2025-01-18T07:17:08.783+0000] {dag.py:3947} INFO - Setting next_dagrun for example_branch_datetime_operator to 2025-01-17 00:00:00+00:00, run_after=2025-01-18 00:00:00+00:00
[2025-01-18T07:17:08.785+0000] {logging_mixin.py:188} INFO - [2025-01-18T07:17:08.785+0000] {dag.py:3947} INFO - Setting next_dagrun for example_branch_datetime_operator_2 to 2025-01-17 00:00:00+00:00, run_after=2025-01-18 00:00:00+00:00
[2025-01-18T07:17:08.787+0000] {logging_mixin.py:188} INFO - [2025-01-18T07:17:08.787+0000] {dag.py:3947} INFO - Setting next_dagrun for example_branch_datetime_operator_3 to 2025-01-17 00:00:00+00:00, run_after=2025-01-18 00:00:00+00:00
[2025-01-18T07:17:08.801+0000] {processor.py:183} INFO - Processing /home/airflow/.local/lib/python3.12/site-packages/airflow/example_dags/example_branch_datetime_operator.py took 0.062 seconds
[2025-01-18T07:17:39.491+0000] {processor.py:161} INFO - Started process (PID=19075) to work on /home/airflow/.local/lib/python3.12/site-packages/airflow/example_dags/example_branch_datetime_operator.py
[2025-01-18T07:17:39.492+0000] {processor.py:830} INFO - Processing file /home/airflow/.local/lib/python3.12/site-packages/airflow/example_dags/example_branch_datetime_operator.py for tasks to queue
[2025-01-18T07:17:39.493+0000] {logging_mixin.py:188} INFO - [2025-01-18T07:17:39.493+0000] {dagbag.py:545} INFO - Filling up the DagBag from /home/airflow/.local/lib/python3.12/site-packages/airflow/example_dags/example_branch_datetime_operator.py
[2025-01-18T07:17:39.499+0000] {processor.py:840} INFO - DAG(s) 'example_branch_datetime_operator_2', 'example_branch_datetime_operator', 'example_branch_datetime_operator_3' retrieved from /home/airflow/.local/lib/python3.12/site-packages/airflow/example_dags/example_branch_datetime_operator.py
[2025-01-18T07:17:39.516+0000] {logging_mixin.py:188} INFO - [2025-01-18T07:17:39.516+0000] {dag.py:3089} INFO - Sync 3 DAGs
[2025-01-18T07:17:39.530+0000] {logging_mixin.py:188} INFO - [2025-01-18T07:17:39.530+0000] {dag.py:3947} INFO - Setting next_dagrun for example_branch_datetime_operator to 2025-01-17 00:00:00+00:00, run_after=2025-01-18 00:00:00+00:00
[2025-01-18T07:17:39.532+0000] {logging_mixin.py:188} INFO - [2025-01-18T07:17:39.532+0000] {dag.py:3947} INFO - Setting next_dagrun for example_branch_datetime_operator_2 to 2025-01-17 00:00:00+00:00, run_after=2025-01-18 00:00:00+00:00
[2025-01-18T07:17:39.534+0000] {logging_mixin.py:188} INFO - [2025-01-18T07:17:39.534+0000] {dag.py:3947} INFO - Setting next_dagrun for example_branch_datetime_operator_3 to 2025-01-17 00:00:00+00:00, run_after=2025-01-18 00:00:00+00:00
[2025-01-18T07:17:39.544+0000] {processor.py:183} INFO - Processing /home/airflow/.local/lib/python3.12/site-packages/airflow/example_dags/example_branch_datetime_operator.py took 0.058 seconds
[2025-01-18T07:18:09.794+0000] {processor.py:161} INFO - Started process (PID=19357) to work on /home/airflow/.local/lib/python3.12/site-packages/airflow/example_dags/example_branch_datetime_operator.py
[2025-01-18T07:18:09.794+0000] {processor.py:830} INFO - Processing file /home/airflow/.local/lib/python3.12/site-packages/airflow/example_dags/example_branch_datetime_operator.py for tasks to queue
[2025-01-18T07:18:09.796+0000] {logging_mixin.py:188} INFO - [2025-01-18T07:18:09.796+0000] {dagbag.py:545} INFO - Filling up the DagBag from /home/airflow/.local/lib/python3.12/site-packages/airflow/example_dags/example_branch_datetime_operator.py
[2025-01-18T07:18:09.802+0000] {processor.py:840} INFO - DAG(s) 'example_branch_datetime_operator', 'example_branch_datetime_operator_3', 'example_branch_datetime_operator_2' retrieved from /home/airflow/.local/lib/python3.12/site-packages/airflow/example_dags/example_branch_datetime_operator.py
[2025-01-18T07:18:09.819+0000] {logging_mixin.py:188} INFO - [2025-01-18T07:18:09.819+0000] {dag.py:3089} INFO - Sync 3 DAGs
[2025-01-18T07:18:09.831+0000] {logging_mixin.py:188} INFO - [2025-01-18T07:18:09.831+0000] {dag.py:3947} INFO - Setting next_dagrun for example_branch_datetime_operator to 2025-01-17 00:00:00+00:00, run_after=2025-01-18 00:00:00+00:00
[2025-01-18T07:18:09.833+0000] {logging_mixin.py:188} INFO - [2025-01-18T07:18:09.833+0000] {dag.py:3947} INFO - Setting next_dagrun for example_branch_datetime_operator_2 to 2025-01-17 00:00:00+00:00, run_after=2025-01-18 00:00:00+00:00
[2025-01-18T07:18:09.835+0000] {logging_mixin.py:188} INFO - [2025-01-18T07:18:09.835+0000] {dag.py:3947} INFO - Setting next_dagrun for example_branch_datetime_operator_3 to 2025-01-17 00:00:00+00:00, run_after=2025-01-18 00:00:00+00:00
[2025-01-18T07:18:09.844+0000] {processor.py:183} INFO - Processing /home/airflow/.local/lib/python3.12/site-packages/airflow/example_dags/example_branch_datetime_operator.py took 0.055 seconds
[2025-01-18T07:18:39.971+0000] {processor.py:161} INFO - Started process (PID=19637) to work on /home/airflow/.local/lib/python3.12/site-packages/airflow/example_dags/example_branch_datetime_operator.py
[2025-01-18T07:18:39.973+0000] {processor.py:830} INFO - Processing file /home/airflow/.local/lib/python3.12/site-packages/airflow/example_dags/example_branch_datetime_operator.py for tasks to queue
[2025-01-18T07:18:39.974+0000] {logging_mixin.py:188} INFO - [2025-01-18T07:18:39.974+0000] {dagbag.py:545} INFO - Filling up the DagBag from /home/airflow/.local/lib/python3.12/site-packages/airflow/example_dags/example_branch_datetime_operator.py
[2025-01-18T07:18:39.983+0000] {processor.py:840} INFO - DAG(s) 'example_branch_datetime_operator', 'example_branch_datetime_operator_2', 'example_branch_datetime_operator_3' retrieved from /home/airflow/.local/lib/python3.12/site-packages/airflow/example_dags/example_branch_datetime_operator.py
[2025-01-18T07:18:40.010+0000] {logging_mixin.py:188} INFO - [2025-01-18T07:18:40.009+0000] {dag.py:3089} INFO - Sync 3 DAGs
[2025-01-18T07:18:40.027+0000] {logging_mixin.py:188} INFO - [2025-01-18T07:18:40.027+0000] {dag.py:3947} INFO - Setting next_dagrun for example_branch_datetime_operator to 2025-01-17 00:00:00+00:00, run_after=2025-01-18 00:00:00+00:00
[2025-01-18T07:18:40.029+0000] {logging_mixin.py:188} INFO - [2025-01-18T07:18:40.029+0000] {dag.py:3947} INFO - Setting next_dagrun for example_branch_datetime_operator_2 to 2025-01-17 00:00:00+00:00, run_after=2025-01-18 00:00:00+00:00
[2025-01-18T07:18:40.031+0000] {logging_mixin.py:188} INFO - [2025-01-18T07:18:40.030+0000] {dag.py:3947} INFO - Setting next_dagrun for example_branch_datetime_operator_3 to 2025-01-17 00:00:00+00:00, run_after=2025-01-18 00:00:00+00:00
[2025-01-18T07:18:40.042+0000] {processor.py:183} INFO - Processing /home/airflow/.local/lib/python3.12/site-packages/airflow/example_dags/example_branch_datetime_operator.py took 0.076 seconds
[2025-01-18T07:19:10.511+0000] {processor.py:161} INFO - Started process (PID=19919) to work on /home/airflow/.local/lib/python3.12/site-packages/airflow/example_dags/example_branch_datetime_operator.py
[2025-01-18T07:19:10.511+0000] {processor.py:830} INFO - Processing file /home/airflow/.local/lib/python3.12/site-packages/airflow/example_dags/example_branch_datetime_operator.py for tasks to queue
[2025-01-18T07:19:10.513+0000] {logging_mixin.py:188} INFO - [2025-01-18T07:19:10.513+0000] {dagbag.py:545} INFO - Filling up the DagBag from /home/airflow/.local/lib/python3.12/site-packages/airflow/example_dags/example_branch_datetime_operator.py
[2025-01-18T07:19:10.519+0000] {processor.py:840} INFO - DAG(s) 'example_branch_datetime_operator_2', 'example_branch_datetime_operator', 'example_branch_datetime_operator_3' retrieved from /home/airflow/.local/lib/python3.12/site-packages/airflow/example_dags/example_branch_datetime_operator.py
[2025-01-18T07:19:10.536+0000] {logging_mixin.py:188} INFO - [2025-01-18T07:19:10.536+0000] {dag.py:3089} INFO - Sync 3 DAGs
[2025-01-18T07:19:10.549+0000] {logging_mixin.py:188} INFO - [2025-01-18T07:19:10.549+0000] {dag.py:3947} INFO - Setting next_dagrun for example_branch_datetime_operator to 2025-01-17 00:00:00+00:00, run_after=2025-01-18 00:00:00+00:00
[2025-01-18T07:19:10.551+0000] {logging_mixin.py:188} INFO - [2025-01-18T07:19:10.551+0000] {dag.py:3947} INFO - Setting next_dagrun for example_branch_datetime_operator_2 to 2025-01-17 00:00:00+00:00, run_after=2025-01-18 00:00:00+00:00
[2025-01-18T07:19:10.552+0000] {logging_mixin.py:188} INFO - [2025-01-18T07:19:10.552+0000] {dag.py:3947} INFO - Setting next_dagrun for example_branch_datetime_operator_3 to 2025-01-17 00:00:00+00:00, run_after=2025-01-18 00:00:00+00:00
[2025-01-18T07:19:10.562+0000] {processor.py:183} INFO - Processing /home/airflow/.local/lib/python3.12/site-packages/airflow/example_dags/example_branch_datetime_operator.py took 0.059 seconds
[2025-01-18T07:19:41.119+0000] {processor.py:161} INFO - Started process (PID=20202) to work on /home/airflow/.local/lib/python3.12/site-packages/airflow/example_dags/example_branch_datetime_operator.py
[2025-01-18T07:19:41.120+0000] {processor.py:830} INFO - Processing file /home/airflow/.local/lib/python3.12/site-packages/airflow/example_dags/example_branch_datetime_operator.py for tasks to queue
[2025-01-18T07:19:41.122+0000] {logging_mixin.py:188} INFO - [2025-01-18T07:19:41.122+0000] {dagbag.py:545} INFO - Filling up the DagBag from /home/airflow/.local/lib/python3.12/site-packages/airflow/example_dags/example_branch_datetime_operator.py
[2025-01-18T07:19:41.128+0000] {processor.py:840} INFO - DAG(s) 'example_branch_datetime_operator_3', 'example_branch_datetime_operator', 'example_branch_datetime_operator_2' retrieved from /home/airflow/.local/lib/python3.12/site-packages/airflow/example_dags/example_branch_datetime_operator.py
[2025-01-18T07:19:41.145+0000] {logging_mixin.py:188} INFO - [2025-01-18T07:19:41.145+0000] {dag.py:3089} INFO - Sync 3 DAGs
[2025-01-18T07:19:41.158+0000] {logging_mixin.py:188} INFO - [2025-01-18T07:19:41.158+0000] {dag.py:3947} INFO - Setting next_dagrun for example_branch_datetime_operator to 2025-01-17 00:00:00+00:00, run_after=2025-01-18 00:00:00+00:00
[2025-01-18T07:19:41.160+0000] {logging_mixin.py:188} INFO - [2025-01-18T07:19:41.160+0000] {dag.py:3947} INFO - Setting next_dagrun for example_branch_datetime_operator_2 to 2025-01-17 00:00:00+00:00, run_after=2025-01-18 00:00:00+00:00
[2025-01-18T07:19:41.162+0000] {logging_mixin.py:188} INFO - [2025-01-18T07:19:41.162+0000] {dag.py:3947} INFO - Setting next_dagrun for example_branch_datetime_operator_3 to 2025-01-17 00:00:00+00:00, run_after=2025-01-18 00:00:00+00:00
[2025-01-18T07:19:41.172+0000] {processor.py:183} INFO - Processing /home/airflow/.local/lib/python3.12/site-packages/airflow/example_dags/example_branch_datetime_operator.py took 0.058 seconds
[2025-01-18T07:20:11.426+0000] {processor.py:161} INFO - Started process (PID=20486) to work on /home/airflow/.local/lib/python3.12/site-packages/airflow/example_dags/example_branch_datetime_operator.py
[2025-01-18T07:20:11.427+0000] {processor.py:830} INFO - Processing file /home/airflow/.local/lib/python3.12/site-packages/airflow/example_dags/example_branch_datetime_operator.py for tasks to queue
[2025-01-18T07:20:11.429+0000] {logging_mixin.py:188} INFO - [2025-01-18T07:20:11.429+0000] {dagbag.py:545} INFO - Filling up the DagBag from /home/airflow/.local/lib/python3.12/site-packages/airflow/example_dags/example_branch_datetime_operator.py
[2025-01-18T07:20:11.435+0000] {processor.py:840} INFO - DAG(s) 'example_branch_datetime_operator_3', 'example_branch_datetime_operator', 'example_branch_datetime_operator_2' retrieved from /home/airflow/.local/lib/python3.12/site-packages/airflow/example_dags/example_branch_datetime_operator.py
[2025-01-18T07:20:11.456+0000] {logging_mixin.py:188} INFO - [2025-01-18T07:20:11.455+0000] {dag.py:3089} INFO - Sync 3 DAGs
[2025-01-18T07:20:11.469+0000] {logging_mixin.py:188} INFO - [2025-01-18T07:20:11.469+0000] {dag.py:3947} INFO - Setting next_dagrun for example_branch_datetime_operator to 2025-01-17 00:00:00+00:00, run_after=2025-01-18 00:00:00+00:00
[2025-01-18T07:20:11.471+0000] {logging_mixin.py:188} INFO - [2025-01-18T07:20:11.471+0000] {dag.py:3947} INFO - Setting next_dagrun for example_branch_datetime_operator_2 to 2025-01-17 00:00:00+00:00, run_after=2025-01-18 00:00:00+00:00
[2025-01-18T07:20:11.473+0000] {logging_mixin.py:188} INFO - [2025-01-18T07:20:11.473+0000] {dag.py:3947} INFO - Setting next_dagrun for example_branch_datetime_operator_3 to 2025-01-17 00:00:00+00:00, run_after=2025-01-18 00:00:00+00:00
[2025-01-18T07:20:11.483+0000] {processor.py:183} INFO - Processing /home/airflow/.local/lib/python3.12/site-packages/airflow/example_dags/example_branch_datetime_operator.py took 0.062 seconds
[2025-01-18T07:20:41.885+0000] {processor.py:161} INFO - Started process (PID=20768) to work on /home/airflow/.local/lib/python3.12/site-packages/airflow/example_dags/example_branch_datetime_operator.py
[2025-01-18T07:20:41.885+0000] {processor.py:830} INFO - Processing file /home/airflow/.local/lib/python3.12/site-packages/airflow/example_dags/example_branch_datetime_operator.py for tasks to queue
[2025-01-18T07:20:41.887+0000] {logging_mixin.py:188} INFO - [2025-01-18T07:20:41.886+0000] {dagbag.py:545} INFO - Filling up the DagBag from /home/airflow/.local/lib/python3.12/site-packages/airflow/example_dags/example_branch_datetime_operator.py
[2025-01-18T07:20:41.891+0000] {processor.py:840} INFO - DAG(s) 'example_branch_datetime_operator', 'example_branch_datetime_operator_2', 'example_branch_datetime_operator_3' retrieved from /home/airflow/.local/lib/python3.12/site-packages/airflow/example_dags/example_branch_datetime_operator.py
[2025-01-18T07:20:41.914+0000] {logging_mixin.py:188} INFO - [2025-01-18T07:20:41.914+0000] {dag.py:3089} INFO - Sync 3 DAGs
[2025-01-18T07:20:41.927+0000] {logging_mixin.py:188} INFO - [2025-01-18T07:20:41.926+0000] {dag.py:3947} INFO - Setting next_dagrun for example_branch_datetime_operator to 2025-01-17 00:00:00+00:00, run_after=2025-01-18 00:00:00+00:00
[2025-01-18T07:20:41.929+0000] {logging_mixin.py:188} INFO - [2025-01-18T07:20:41.929+0000] {dag.py:3947} INFO - Setting next_dagrun for example_branch_datetime_operator_2 to 2025-01-17 00:00:00+00:00, run_after=2025-01-18 00:00:00+00:00
[2025-01-18T07:20:41.930+0000] {logging_mixin.py:188} INFO - [2025-01-18T07:20:41.930+0000] {dag.py:3947} INFO - Setting next_dagrun for example_branch_datetime_operator_3 to 2025-01-17 00:00:00+00:00, run_after=2025-01-18 00:00:00+00:00
[2025-01-18T07:20:41.939+0000] {processor.py:183} INFO - Processing /home/airflow/.local/lib/python3.12/site-packages/airflow/example_dags/example_branch_datetime_operator.py took 0.058 seconds
[2025-01-18T07:21:14.223+0000] {processor.py:161} INFO - Started process (PID=21020) to work on /home/airflow/.local/lib/python3.12/site-packages/airflow/example_dags/example_branch_datetime_operator.py
[2025-01-18T07:21:14.224+0000] {processor.py:830} INFO - Processing file /home/airflow/.local/lib/python3.12/site-packages/airflow/example_dags/example_branch_datetime_operator.py for tasks to queue
[2025-01-18T07:21:14.226+0000] {logging_mixin.py:188} INFO - [2025-01-18T07:21:14.225+0000] {dagbag.py:545} INFO - Filling up the DagBag from /home/airflow/.local/lib/python3.12/site-packages/airflow/example_dags/example_branch_datetime_operator.py
[2025-01-18T07:21:14.232+0000] {processor.py:840} INFO - DAG(s) 'example_branch_datetime_operator_2', 'example_branch_datetime_operator', 'example_branch_datetime_operator_3' retrieved from /home/airflow/.local/lib/python3.12/site-packages/airflow/example_dags/example_branch_datetime_operator.py
[2025-01-18T07:21:14.254+0000] {logging_mixin.py:188} INFO - [2025-01-18T07:21:14.254+0000] {dag.py:3089} INFO - Sync 3 DAGs
[2025-01-18T07:21:14.274+0000] {logging_mixin.py:188} INFO - [2025-01-18T07:21:14.274+0000] {dag.py:3947} INFO - Setting next_dagrun for example_branch_datetime_operator to 2025-01-17 00:00:00+00:00, run_after=2025-01-18 00:00:00+00:00
[2025-01-18T07:21:14.278+0000] {logging_mixin.py:188} INFO - [2025-01-18T07:21:14.277+0000] {dag.py:3947} INFO - Setting next_dagrun for example_branch_datetime_operator_2 to 2025-01-17 00:00:00+00:00, run_after=2025-01-18 00:00:00+00:00
[2025-01-18T07:21:14.279+0000] {logging_mixin.py:188} INFO - [2025-01-18T07:21:14.279+0000] {dag.py:3947} INFO - Setting next_dagrun for example_branch_datetime_operator_3 to 2025-01-17 00:00:00+00:00, run_after=2025-01-18 00:00:00+00:00
[2025-01-18T07:21:14.291+0000] {processor.py:183} INFO - Processing /home/airflow/.local/lib/python3.12/site-packages/airflow/example_dags/example_branch_datetime_operator.py took 0.071 seconds
[2025-01-18T07:21:47.030+0000] {processor.py:161} INFO - Started process (PID=21302) to work on /home/airflow/.local/lib/python3.12/site-packages/airflow/example_dags/example_branch_datetime_operator.py
[2025-01-18T07:21:47.031+0000] {processor.py:830} INFO - Processing file /home/airflow/.local/lib/python3.12/site-packages/airflow/example_dags/example_branch_datetime_operator.py for tasks to queue
[2025-01-18T07:21:47.032+0000] {logging_mixin.py:188} INFO - [2025-01-18T07:21:47.032+0000] {dagbag.py:545} INFO - Filling up the DagBag from /home/airflow/.local/lib/python3.12/site-packages/airflow/example_dags/example_branch_datetime_operator.py
[2025-01-18T07:21:47.037+0000] {processor.py:840} INFO - DAG(s) 'example_branch_datetime_operator', 'example_branch_datetime_operator_2', 'example_branch_datetime_operator_3' retrieved from /home/airflow/.local/lib/python3.12/site-packages/airflow/example_dags/example_branch_datetime_operator.py
[2025-01-18T07:21:47.052+0000] {logging_mixin.py:188} INFO - [2025-01-18T07:21:47.052+0000] {dag.py:3089} INFO - Sync 3 DAGs
[2025-01-18T07:21:47.063+0000] {logging_mixin.py:188} INFO - [2025-01-18T07:21:47.063+0000] {dag.py:3947} INFO - Setting next_dagrun for example_branch_datetime_operator to 2025-01-17 00:00:00+00:00, run_after=2025-01-18 00:00:00+00:00
[2025-01-18T07:21:47.065+0000] {logging_mixin.py:188} INFO - [2025-01-18T07:21:47.065+0000] {dag.py:3947} INFO - Setting next_dagrun for example_branch_datetime_operator_2 to 2025-01-17 00:00:00+00:00, run_after=2025-01-18 00:00:00+00:00
[2025-01-18T07:21:47.066+0000] {logging_mixin.py:188} INFO - [2025-01-18T07:21:47.066+0000] {dag.py:3947} INFO - Setting next_dagrun for example_branch_datetime_operator_3 to 2025-01-17 00:00:00+00:00, run_after=2025-01-18 00:00:00+00:00
[2025-01-18T07:21:47.075+0000] {processor.py:183} INFO - Processing /home/airflow/.local/lib/python3.12/site-packages/airflow/example_dags/example_branch_datetime_operator.py took 0.049 seconds
[2025-01-18T07:42:04.359+0000] {processor.py:161} INFO - Started process (PID=242) to work on /home/airflow/.local/lib/python3.12/site-packages/airflow/example_dags/example_branch_datetime_operator.py
[2025-01-18T07:42:04.360+0000] {processor.py:830} INFO - Processing file /home/airflow/.local/lib/python3.12/site-packages/airflow/example_dags/example_branch_datetime_operator.py for tasks to queue
[2025-01-18T07:42:04.362+0000] {logging_mixin.py:188} INFO - [2025-01-18T07:42:04.362+0000] {dagbag.py:545} INFO - Filling up the DagBag from /home/airflow/.local/lib/python3.12/site-packages/airflow/example_dags/example_branch_datetime_operator.py
[2025-01-18T07:42:04.373+0000] {processor.py:840} INFO - DAG(s) 'example_branch_datetime_operator', 'example_branch_datetime_operator_2', 'example_branch_datetime_operator_3' retrieved from /home/airflow/.local/lib/python3.12/site-packages/airflow/example_dags/example_branch_datetime_operator.py
[2025-01-18T07:42:04.385+0000] {logging_mixin.py:188} INFO - [2025-01-18T07:42:04.385+0000] {dag.py:3089} INFO - Sync 3 DAGs
[2025-01-18T07:42:04.400+0000] {logging_mixin.py:188} INFO - [2025-01-18T07:42:04.400+0000] {dag.py:3947} INFO - Setting next_dagrun for example_branch_datetime_operator to 2025-01-17 00:00:00+00:00, run_after=2025-01-18 00:00:00+00:00
[2025-01-18T07:42:04.403+0000] {logging_mixin.py:188} INFO - [2025-01-18T07:42:04.403+0000] {dag.py:3947} INFO - Setting next_dagrun for example_branch_datetime_operator_2 to 2025-01-17 00:00:00+00:00, run_after=2025-01-18 00:00:00+00:00
[2025-01-18T07:42:04.405+0000] {logging_mixin.py:188} INFO - [2025-01-18T07:42:04.404+0000] {dag.py:3947} INFO - Setting next_dagrun for example_branch_datetime_operator_3 to 2025-01-17 00:00:00+00:00, run_after=2025-01-18 00:00:00+00:00
[2025-01-18T07:42:04.416+0000] {processor.py:183} INFO - Processing /home/airflow/.local/lib/python3.12/site-packages/airflow/example_dags/example_branch_datetime_operator.py took 0.060 seconds
[2025-01-18T07:42:35.704+0000] {processor.py:161} INFO - Started process (PID=509) to work on /home/airflow/.local/lib/python3.12/site-packages/airflow/example_dags/example_branch_datetime_operator.py
[2025-01-18T07:42:35.706+0000] {processor.py:830} INFO - Processing file /home/airflow/.local/lib/python3.12/site-packages/airflow/example_dags/example_branch_datetime_operator.py for tasks to queue
[2025-01-18T07:42:35.707+0000] {logging_mixin.py:188} INFO - [2025-01-18T07:42:35.707+0000] {dagbag.py:545} INFO - Filling up the DagBag from /home/airflow/.local/lib/python3.12/site-packages/airflow/example_dags/example_branch_datetime_operator.py
[2025-01-18T07:42:35.714+0000] {processor.py:840} INFO - DAG(s) 'example_branch_datetime_operator_2', 'example_branch_datetime_operator', 'example_branch_datetime_operator_3' retrieved from /home/airflow/.local/lib/python3.12/site-packages/airflow/example_dags/example_branch_datetime_operator.py
[2025-01-18T07:42:35.797+0000] {logging_mixin.py:188} INFO - [2025-01-18T07:42:35.797+0000] {dag.py:3089} INFO - Sync 3 DAGs
[2025-01-18T07:42:35.813+0000] {logging_mixin.py:188} INFO - [2025-01-18T07:42:35.813+0000] {dag.py:3947} INFO - Setting next_dagrun for example_branch_datetime_operator to 2025-01-17 00:00:00+00:00, run_after=2025-01-18 00:00:00+00:00
[2025-01-18T07:42:35.816+0000] {logging_mixin.py:188} INFO - [2025-01-18T07:42:35.815+0000] {dag.py:3947} INFO - Setting next_dagrun for example_branch_datetime_operator_2 to 2025-01-17 00:00:00+00:00, run_after=2025-01-18 00:00:00+00:00
[2025-01-18T07:42:35.817+0000] {logging_mixin.py:188} INFO - [2025-01-18T07:42:35.817+0000] {dag.py:3947} INFO - Setting next_dagrun for example_branch_datetime_operator_3 to 2025-01-17 00:00:00+00:00, run_after=2025-01-18 00:00:00+00:00
[2025-01-18T07:42:35.829+0000] {processor.py:183} INFO - Processing /home/airflow/.local/lib/python3.12/site-packages/airflow/example_dags/example_branch_datetime_operator.py took 0.131 seconds
[2025-01-18T07:43:06.348+0000] {processor.py:161} INFO - Started process (PID=776) to work on /home/airflow/.local/lib/python3.12/site-packages/airflow/example_dags/example_branch_datetime_operator.py
[2025-01-18T07:43:06.350+0000] {processor.py:830} INFO - Processing file /home/airflow/.local/lib/python3.12/site-packages/airflow/example_dags/example_branch_datetime_operator.py for tasks to queue
[2025-01-18T07:43:06.351+0000] {logging_mixin.py:188} INFO - [2025-01-18T07:43:06.351+0000] {dagbag.py:545} INFO - Filling up the DagBag from /home/airflow/.local/lib/python3.12/site-packages/airflow/example_dags/example_branch_datetime_operator.py
[2025-01-18T07:43:06.356+0000] {processor.py:840} INFO - DAG(s) 'example_branch_datetime_operator', 'example_branch_datetime_operator_2', 'example_branch_datetime_operator_3' retrieved from /home/airflow/.local/lib/python3.12/site-packages/airflow/example_dags/example_branch_datetime_operator.py
[2025-01-18T07:43:06.375+0000] {logging_mixin.py:188} INFO - [2025-01-18T07:43:06.374+0000] {dag.py:3089} INFO - Sync 3 DAGs
[2025-01-18T07:43:06.386+0000] {logging_mixin.py:188} INFO - [2025-01-18T07:43:06.386+0000] {dag.py:3947} INFO - Setting next_dagrun for example_branch_datetime_operator to 2025-01-17 00:00:00+00:00, run_after=2025-01-18 00:00:00+00:00
[2025-01-18T07:43:06.389+0000] {logging_mixin.py:188} INFO - [2025-01-18T07:43:06.389+0000] {dag.py:3947} INFO - Setting next_dagrun for example_branch_datetime_operator_2 to 2025-01-17 00:00:00+00:00, run_after=2025-01-18 00:00:00+00:00
[2025-01-18T07:43:06.391+0000] {logging_mixin.py:188} INFO - [2025-01-18T07:43:06.391+0000] {dag.py:3947} INFO - Setting next_dagrun for example_branch_datetime_operator_3 to 2025-01-17 00:00:00+00:00, run_after=2025-01-18 00:00:00+00:00
[2025-01-18T07:43:06.401+0000] {processor.py:183} INFO - Processing /home/airflow/.local/lib/python3.12/site-packages/airflow/example_dags/example_branch_datetime_operator.py took 0.057 seconds
[2025-01-18T07:43:36.446+0000] {processor.py:161} INFO - Started process (PID=1041) to work on /home/airflow/.local/lib/python3.12/site-packages/airflow/example_dags/example_branch_datetime_operator.py
[2025-01-18T07:43:36.447+0000] {processor.py:830} INFO - Processing file /home/airflow/.local/lib/python3.12/site-packages/airflow/example_dags/example_branch_datetime_operator.py for tasks to queue
[2025-01-18T07:43:36.448+0000] {logging_mixin.py:188} INFO - [2025-01-18T07:43:36.448+0000] {dagbag.py:545} INFO - Filling up the DagBag from /home/airflow/.local/lib/python3.12/site-packages/airflow/example_dags/example_branch_datetime_operator.py
[2025-01-18T07:43:36.455+0000] {processor.py:840} INFO - DAG(s) 'example_branch_datetime_operator', 'example_branch_datetime_operator_3', 'example_branch_datetime_operator_2' retrieved from /home/airflow/.local/lib/python3.12/site-packages/airflow/example_dags/example_branch_datetime_operator.py
[2025-01-18T07:43:36.476+0000] {logging_mixin.py:188} INFO - [2025-01-18T07:43:36.476+0000] {dag.py:3089} INFO - Sync 3 DAGs
[2025-01-18T07:43:36.488+0000] {logging_mixin.py:188} INFO - [2025-01-18T07:43:36.488+0000] {dag.py:3947} INFO - Setting next_dagrun for example_branch_datetime_operator to 2025-01-17 00:00:00+00:00, run_after=2025-01-18 00:00:00+00:00
[2025-01-18T07:43:36.493+0000] {logging_mixin.py:188} INFO - [2025-01-18T07:43:36.492+0000] {dag.py:3947} INFO - Setting next_dagrun for example_branch_datetime_operator_2 to 2025-01-17 00:00:00+00:00, run_after=2025-01-18 00:00:00+00:00
[2025-01-18T07:43:36.496+0000] {logging_mixin.py:188} INFO - [2025-01-18T07:43:36.496+0000] {dag.py:3947} INFO - Setting next_dagrun for example_branch_datetime_operator_3 to 2025-01-17 00:00:00+00:00, run_after=2025-01-18 00:00:00+00:00
[2025-01-18T07:43:36.506+0000] {processor.py:183} INFO - Processing /home/airflow/.local/lib/python3.12/site-packages/airflow/example_dags/example_branch_datetime_operator.py took 0.065 seconds
[2025-01-18T07:44:06.753+0000] {processor.py:161} INFO - Started process (PID=1310) to work on /home/airflow/.local/lib/python3.12/site-packages/airflow/example_dags/example_branch_datetime_operator.py
[2025-01-18T07:44:06.754+0000] {processor.py:830} INFO - Processing file /home/airflow/.local/lib/python3.12/site-packages/airflow/example_dags/example_branch_datetime_operator.py for tasks to queue
[2025-01-18T07:44:06.755+0000] {logging_mixin.py:188} INFO - [2025-01-18T07:44:06.755+0000] {dagbag.py:545} INFO - Filling up the DagBag from /home/airflow/.local/lib/python3.12/site-packages/airflow/example_dags/example_branch_datetime_operator.py
[2025-01-18T07:44:06.760+0000] {processor.py:840} INFO - DAG(s) 'example_branch_datetime_operator_3', 'example_branch_datetime_operator_2', 'example_branch_datetime_operator' retrieved from /home/airflow/.local/lib/python3.12/site-packages/airflow/example_dags/example_branch_datetime_operator.py
[2025-01-18T07:44:06.776+0000] {logging_mixin.py:188} INFO - [2025-01-18T07:44:06.776+0000] {dag.py:3089} INFO - Sync 3 DAGs
[2025-01-18T07:44:06.787+0000] {logging_mixin.py:188} INFO - [2025-01-18T07:44:06.787+0000] {dag.py:3947} INFO - Setting next_dagrun for example_branch_datetime_operator to 2025-01-17 00:00:00+00:00, run_after=2025-01-18 00:00:00+00:00
[2025-01-18T07:44:06.789+0000] {logging_mixin.py:188} INFO - [2025-01-18T07:44:06.789+0000] {dag.py:3947} INFO - Setting next_dagrun for example_branch_datetime_operator_2 to 2025-01-17 00:00:00+00:00, run_after=2025-01-18 00:00:00+00:00
[2025-01-18T07:44:06.791+0000] {logging_mixin.py:188} INFO - [2025-01-18T07:44:06.791+0000] {dag.py:3947} INFO - Setting next_dagrun for example_branch_datetime_operator_3 to 2025-01-17 00:00:00+00:00, run_after=2025-01-18 00:00:00+00:00
[2025-01-18T07:44:06.829+0000] {processor.py:183} INFO - Processing /home/airflow/.local/lib/python3.12/site-packages/airflow/example_dags/example_branch_datetime_operator.py took 0.080 seconds
[2025-01-18T07:44:37.623+0000] {processor.py:161} INFO - Started process (PID=1577) to work on /home/airflow/.local/lib/python3.12/site-packages/airflow/example_dags/example_branch_datetime_operator.py
[2025-01-18T07:44:37.624+0000] {processor.py:830} INFO - Processing file /home/airflow/.local/lib/python3.12/site-packages/airflow/example_dags/example_branch_datetime_operator.py for tasks to queue
[2025-01-18T07:44:37.625+0000] {logging_mixin.py:188} INFO - [2025-01-18T07:44:37.625+0000] {dagbag.py:545} INFO - Filling up the DagBag from /home/airflow/.local/lib/python3.12/site-packages/airflow/example_dags/example_branch_datetime_operator.py
[2025-01-18T07:44:37.632+0000] {processor.py:840} INFO - DAG(s) 'example_branch_datetime_operator', 'example_branch_datetime_operator_3', 'example_branch_datetime_operator_2' retrieved from /home/airflow/.local/lib/python3.12/site-packages/airflow/example_dags/example_branch_datetime_operator.py
[2025-01-18T07:44:37.651+0000] {logging_mixin.py:188} INFO - [2025-01-18T07:44:37.651+0000] {dag.py:3089} INFO - Sync 3 DAGs
[2025-01-18T07:44:37.665+0000] {logging_mixin.py:188} INFO - [2025-01-18T07:44:37.665+0000] {dag.py:3947} INFO - Setting next_dagrun for example_branch_datetime_operator to 2025-01-17 00:00:00+00:00, run_after=2025-01-18 00:00:00+00:00
[2025-01-18T07:44:37.668+0000] {logging_mixin.py:188} INFO - [2025-01-18T07:44:37.668+0000] {dag.py:3947} INFO - Setting next_dagrun for example_branch_datetime_operator_2 to 2025-01-17 00:00:00+00:00, run_after=2025-01-18 00:00:00+00:00
[2025-01-18T07:44:37.670+0000] {logging_mixin.py:188} INFO - [2025-01-18T07:44:37.670+0000] {dag.py:3947} INFO - Setting next_dagrun for example_branch_datetime_operator_3 to 2025-01-17 00:00:00+00:00, run_after=2025-01-18 00:00:00+00:00
[2025-01-18T07:44:37.680+0000] {processor.py:183} INFO - Processing /home/airflow/.local/lib/python3.12/site-packages/airflow/example_dags/example_branch_datetime_operator.py took 0.060 seconds
[2025-01-18T07:45:07.866+0000] {processor.py:161} INFO - Started process (PID=1845) to work on /home/airflow/.local/lib/python3.12/site-packages/airflow/example_dags/example_branch_datetime_operator.py
[2025-01-18T07:45:07.866+0000] {processor.py:830} INFO - Processing file /home/airflow/.local/lib/python3.12/site-packages/airflow/example_dags/example_branch_datetime_operator.py for tasks to queue
[2025-01-18T07:45:07.867+0000] {logging_mixin.py:188} INFO - [2025-01-18T07:45:07.867+0000] {dagbag.py:545} INFO - Filling up the DagBag from /home/airflow/.local/lib/python3.12/site-packages/airflow/example_dags/example_branch_datetime_operator.py
[2025-01-18T07:45:07.872+0000] {processor.py:840} INFO - DAG(s) 'example_branch_datetime_operator_3', 'example_branch_datetime_operator', 'example_branch_datetime_operator_2' retrieved from /home/airflow/.local/lib/python3.12/site-packages/airflow/example_dags/example_branch_datetime_operator.py
[2025-01-18T07:45:07.888+0000] {logging_mixin.py:188} INFO - [2025-01-18T07:45:07.888+0000] {dag.py:3089} INFO - Sync 3 DAGs
[2025-01-18T07:45:07.900+0000] {logging_mixin.py:188} INFO - [2025-01-18T07:45:07.900+0000] {dag.py:3947} INFO - Setting next_dagrun for example_branch_datetime_operator to 2025-01-17 00:00:00+00:00, run_after=2025-01-18 00:00:00+00:00
[2025-01-18T07:45:07.903+0000] {logging_mixin.py:188} INFO - [2025-01-18T07:45:07.903+0000] {dag.py:3947} INFO - Setting next_dagrun for example_branch_datetime_operator_2 to 2025-01-17 00:00:00+00:00, run_after=2025-01-18 00:00:00+00:00
[2025-01-18T07:45:07.904+0000] {logging_mixin.py:188} INFO - [2025-01-18T07:45:07.904+0000] {dag.py:3947} INFO - Setting next_dagrun for example_branch_datetime_operator_3 to 2025-01-17 00:00:00+00:00, run_after=2025-01-18 00:00:00+00:00
[2025-01-18T07:45:07.913+0000] {processor.py:183} INFO - Processing /home/airflow/.local/lib/python3.12/site-packages/airflow/example_dags/example_branch_datetime_operator.py took 0.052 seconds
[2025-01-18T07:45:38.452+0000] {processor.py:161} INFO - Started process (PID=2112) to work on /home/airflow/.local/lib/python3.12/site-packages/airflow/example_dags/example_branch_datetime_operator.py
[2025-01-18T07:45:38.453+0000] {processor.py:830} INFO - Processing file /home/airflow/.local/lib/python3.12/site-packages/airflow/example_dags/example_branch_datetime_operator.py for tasks to queue
[2025-01-18T07:45:38.454+0000] {logging_mixin.py:188} INFO - [2025-01-18T07:45:38.454+0000] {dagbag.py:545} INFO - Filling up the DagBag from /home/airflow/.local/lib/python3.12/site-packages/airflow/example_dags/example_branch_datetime_operator.py
[2025-01-18T07:45:38.459+0000] {processor.py:840} INFO - DAG(s) 'example_branch_datetime_operator_3', 'example_branch_datetime_operator', 'example_branch_datetime_operator_2' retrieved from /home/airflow/.local/lib/python3.12/site-packages/airflow/example_dags/example_branch_datetime_operator.py
[2025-01-18T07:45:38.477+0000] {logging_mixin.py:188} INFO - [2025-01-18T07:45:38.477+0000] {dag.py:3089} INFO - Sync 3 DAGs
[2025-01-18T07:45:38.489+0000] {logging_mixin.py:188} INFO - [2025-01-18T07:45:38.489+0000] {dag.py:3947} INFO - Setting next_dagrun for example_branch_datetime_operator to 2025-01-17 00:00:00+00:00, run_after=2025-01-18 00:00:00+00:00
[2025-01-18T07:45:38.491+0000] {logging_mixin.py:188} INFO - [2025-01-18T07:45:38.491+0000] {dag.py:3947} INFO - Setting next_dagrun for example_branch_datetime_operator_2 to 2025-01-17 00:00:00+00:00, run_after=2025-01-18 00:00:00+00:00
[2025-01-18T07:45:38.493+0000] {logging_mixin.py:188} INFO - [2025-01-18T07:45:38.493+0000] {dag.py:3947} INFO - Setting next_dagrun for example_branch_datetime_operator_3 to 2025-01-17 00:00:00+00:00, run_after=2025-01-18 00:00:00+00:00
[2025-01-18T07:45:38.503+0000] {processor.py:183} INFO - Processing /home/airflow/.local/lib/python3.12/site-packages/airflow/example_dags/example_branch_datetime_operator.py took 0.055 seconds
[2025-01-18T07:46:09.525+0000] {processor.py:161} INFO - Started process (PID=2379) to work on /home/airflow/.local/lib/python3.12/site-packages/airflow/example_dags/example_branch_datetime_operator.py
[2025-01-18T07:46:09.525+0000] {processor.py:830} INFO - Processing file /home/airflow/.local/lib/python3.12/site-packages/airflow/example_dags/example_branch_datetime_operator.py for tasks to queue
[2025-01-18T07:46:09.527+0000] {logging_mixin.py:188} INFO - [2025-01-18T07:46:09.527+0000] {dagbag.py:545} INFO - Filling up the DagBag from /home/airflow/.local/lib/python3.12/site-packages/airflow/example_dags/example_branch_datetime_operator.py
[2025-01-18T07:46:09.532+0000] {processor.py:840} INFO - DAG(s) 'example_branch_datetime_operator', 'example_branch_datetime_operator_3', 'example_branch_datetime_operator_2' retrieved from /home/airflow/.local/lib/python3.12/site-packages/airflow/example_dags/example_branch_datetime_operator.py
[2025-01-18T07:46:09.548+0000] {logging_mixin.py:188} INFO - [2025-01-18T07:46:09.548+0000] {dag.py:3089} INFO - Sync 3 DAGs
[2025-01-18T07:46:09.559+0000] {logging_mixin.py:188} INFO - [2025-01-18T07:46:09.559+0000] {dag.py:3947} INFO - Setting next_dagrun for example_branch_datetime_operator to 2025-01-17 00:00:00+00:00, run_after=2025-01-18 00:00:00+00:00
[2025-01-18T07:46:09.562+0000] {logging_mixin.py:188} INFO - [2025-01-18T07:46:09.562+0000] {dag.py:3947} INFO - Setting next_dagrun for example_branch_datetime_operator_2 to 2025-01-17 00:00:00+00:00, run_after=2025-01-18 00:00:00+00:00
[2025-01-18T07:46:09.563+0000] {logging_mixin.py:188} INFO - [2025-01-18T07:46:09.563+0000] {dag.py:3947} INFO - Setting next_dagrun for example_branch_datetime_operator_3 to 2025-01-17 00:00:00+00:00, run_after=2025-01-18 00:00:00+00:00
[2025-01-18T07:46:09.571+0000] {processor.py:183} INFO - Processing /home/airflow/.local/lib/python3.12/site-packages/airflow/example_dags/example_branch_datetime_operator.py took 0.050 seconds
[2025-01-18T07:46:39.871+0000] {processor.py:161} INFO - Started process (PID=2644) to work on /home/airflow/.local/lib/python3.12/site-packages/airflow/example_dags/example_branch_datetime_operator.py
[2025-01-18T07:46:39.872+0000] {processor.py:830} INFO - Processing file /home/airflow/.local/lib/python3.12/site-packages/airflow/example_dags/example_branch_datetime_operator.py for tasks to queue
[2025-01-18T07:46:39.873+0000] {logging_mixin.py:188} INFO - [2025-01-18T07:46:39.873+0000] {dagbag.py:545} INFO - Filling up the DagBag from /home/airflow/.local/lib/python3.12/site-packages/airflow/example_dags/example_branch_datetime_operator.py
[2025-01-18T07:46:39.879+0000] {processor.py:840} INFO - DAG(s) 'example_branch_datetime_operator', 'example_branch_datetime_operator_2', 'example_branch_datetime_operator_3' retrieved from /home/airflow/.local/lib/python3.12/site-packages/airflow/example_dags/example_branch_datetime_operator.py
[2025-01-18T07:46:39.896+0000] {logging_mixin.py:188} INFO - [2025-01-18T07:46:39.896+0000] {dag.py:3089} INFO - Sync 3 DAGs
[2025-01-18T07:46:39.910+0000] {logging_mixin.py:188} INFO - [2025-01-18T07:46:39.910+0000] {dag.py:3947} INFO - Setting next_dagrun for example_branch_datetime_operator to 2025-01-17 00:00:00+00:00, run_after=2025-01-18 00:00:00+00:00
[2025-01-18T07:46:39.912+0000] {logging_mixin.py:188} INFO - [2025-01-18T07:46:39.912+0000] {dag.py:3947} INFO - Setting next_dagrun for example_branch_datetime_operator_2 to 2025-01-17 00:00:00+00:00, run_after=2025-01-18 00:00:00+00:00
[2025-01-18T07:46:39.914+0000] {logging_mixin.py:188} INFO - [2025-01-18T07:46:39.914+0000] {dag.py:3947} INFO - Setting next_dagrun for example_branch_datetime_operator_3 to 2025-01-17 00:00:00+00:00, run_after=2025-01-18 00:00:00+00:00
[2025-01-18T07:46:39.923+0000] {processor.py:183} INFO - Processing /home/airflow/.local/lib/python3.12/site-packages/airflow/example_dags/example_branch_datetime_operator.py took 0.055 seconds
[2025-01-18T07:47:10.320+0000] {processor.py:161} INFO - Started process (PID=2914) to work on /home/airflow/.local/lib/python3.12/site-packages/airflow/example_dags/example_branch_datetime_operator.py
[2025-01-18T07:47:10.321+0000] {processor.py:830} INFO - Processing file /home/airflow/.local/lib/python3.12/site-packages/airflow/example_dags/example_branch_datetime_operator.py for tasks to queue
[2025-01-18T07:47:10.322+0000] {logging_mixin.py:188} INFO - [2025-01-18T07:47:10.322+0000] {dagbag.py:545} INFO - Filling up the DagBag from /home/airflow/.local/lib/python3.12/site-packages/airflow/example_dags/example_branch_datetime_operator.py
[2025-01-18T07:47:10.329+0000] {processor.py:840} INFO - DAG(s) 'example_branch_datetime_operator', 'example_branch_datetime_operator_3', 'example_branch_datetime_operator_2' retrieved from /home/airflow/.local/lib/python3.12/site-packages/airflow/example_dags/example_branch_datetime_operator.py
[2025-01-18T07:47:10.346+0000] {logging_mixin.py:188} INFO - [2025-01-18T07:47:10.346+0000] {dag.py:3089} INFO - Sync 3 DAGs
[2025-01-18T07:47:10.359+0000] {logging_mixin.py:188} INFO - [2025-01-18T07:47:10.359+0000] {dag.py:3947} INFO - Setting next_dagrun for example_branch_datetime_operator to 2025-01-17 00:00:00+00:00, run_after=2025-01-18 00:00:00+00:00
[2025-01-18T07:47:10.362+0000] {logging_mixin.py:188} INFO - [2025-01-18T07:47:10.362+0000] {dag.py:3947} INFO - Setting next_dagrun for example_branch_datetime_operator_2 to 2025-01-17 00:00:00+00:00, run_after=2025-01-18 00:00:00+00:00
[2025-01-18T07:47:10.363+0000] {logging_mixin.py:188} INFO - [2025-01-18T07:47:10.363+0000] {dag.py:3947} INFO - Setting next_dagrun for example_branch_datetime_operator_3 to 2025-01-17 00:00:00+00:00, run_after=2025-01-18 00:00:00+00:00
[2025-01-18T07:47:10.376+0000] {processor.py:183} INFO - Processing /home/airflow/.local/lib/python3.12/site-packages/airflow/example_dags/example_branch_datetime_operator.py took 0.060 seconds
[2025-01-18T07:47:40.730+0000] {processor.py:161} INFO - Started process (PID=3181) to work on /home/airflow/.local/lib/python3.12/site-packages/airflow/example_dags/example_branch_datetime_operator.py
[2025-01-18T07:47:40.731+0000] {processor.py:830} INFO - Processing file /home/airflow/.local/lib/python3.12/site-packages/airflow/example_dags/example_branch_datetime_operator.py for tasks to queue
[2025-01-18T07:47:40.733+0000] {logging_mixin.py:188} INFO - [2025-01-18T07:47:40.733+0000] {dagbag.py:545} INFO - Filling up the DagBag from /home/airflow/.local/lib/python3.12/site-packages/airflow/example_dags/example_branch_datetime_operator.py
[2025-01-18T07:47:40.741+0000] {processor.py:840} INFO - DAG(s) 'example_branch_datetime_operator_2', 'example_branch_datetime_operator', 'example_branch_datetime_operator_3' retrieved from /home/airflow/.local/lib/python3.12/site-packages/airflow/example_dags/example_branch_datetime_operator.py
[2025-01-18T07:47:40.766+0000] {logging_mixin.py:188} INFO - [2025-01-18T07:47:40.766+0000] {dag.py:3089} INFO - Sync 3 DAGs
[2025-01-18T07:47:40.779+0000] {logging_mixin.py:188} INFO - [2025-01-18T07:47:40.779+0000] {dag.py:3947} INFO - Setting next_dagrun for example_branch_datetime_operator to 2025-01-17 00:00:00+00:00, run_after=2025-01-18 00:00:00+00:00
[2025-01-18T07:47:40.783+0000] {logging_mixin.py:188} INFO - [2025-01-18T07:47:40.783+0000] {dag.py:3947} INFO - Setting next_dagrun for example_branch_datetime_operator_2 to 2025-01-17 00:00:00+00:00, run_after=2025-01-18 00:00:00+00:00
[2025-01-18T07:47:40.785+0000] {logging_mixin.py:188} INFO - [2025-01-18T07:47:40.785+0000] {dag.py:3947} INFO - Setting next_dagrun for example_branch_datetime_operator_3 to 2025-01-17 00:00:00+00:00, run_after=2025-01-18 00:00:00+00:00
[2025-01-18T07:47:40.795+0000] {processor.py:183} INFO - Processing /home/airflow/.local/lib/python3.12/site-packages/airflow/example_dags/example_branch_datetime_operator.py took 0.069 seconds
[2025-01-18T08:02:10.812+0000] {processor.py:161} INFO - Started process (PID=241) to work on /home/airflow/.local/lib/python3.12/site-packages/airflow/example_dags/example_branch_datetime_operator.py
[2025-01-18T08:02:10.814+0000] {processor.py:830} INFO - Processing file /home/airflow/.local/lib/python3.12/site-packages/airflow/example_dags/example_branch_datetime_operator.py for tasks to queue
[2025-01-18T08:02:10.815+0000] {logging_mixin.py:188} INFO - [2025-01-18T08:02:10.815+0000] {dagbag.py:545} INFO - Filling up the DagBag from /home/airflow/.local/lib/python3.12/site-packages/airflow/example_dags/example_branch_datetime_operator.py
[2025-01-18T08:02:10.824+0000] {processor.py:840} INFO - DAG(s) 'example_branch_datetime_operator_2', 'example_branch_datetime_operator', 'example_branch_datetime_operator_3' retrieved from /home/airflow/.local/lib/python3.12/site-packages/airflow/example_dags/example_branch_datetime_operator.py
[2025-01-18T08:02:10.837+0000] {logging_mixin.py:188} INFO - [2025-01-18T08:02:10.837+0000] {dag.py:3089} INFO - Sync 3 DAGs
[2025-01-18T08:02:10.859+0000] {logging_mixin.py:188} INFO - [2025-01-18T08:02:10.858+0000] {dag.py:3947} INFO - Setting next_dagrun for example_branch_datetime_operator to 2025-01-17 00:00:00+00:00, run_after=2025-01-18 00:00:00+00:00
[2025-01-18T08:02:10.862+0000] {logging_mixin.py:188} INFO - [2025-01-18T08:02:10.861+0000] {dag.py:3947} INFO - Setting next_dagrun for example_branch_datetime_operator_2 to 2025-01-17 00:00:00+00:00, run_after=2025-01-18 00:00:00+00:00
[2025-01-18T08:02:10.863+0000] {logging_mixin.py:188} INFO - [2025-01-18T08:02:10.863+0000] {dag.py:3947} INFO - Setting next_dagrun for example_branch_datetime_operator_3 to 2025-01-17 00:00:00+00:00, run_after=2025-01-18 00:00:00+00:00
[2025-01-18T08:02:10.878+0000] {processor.py:183} INFO - Processing /home/airflow/.local/lib/python3.12/site-packages/airflow/example_dags/example_branch_datetime_operator.py took 0.070 seconds
[2025-01-18T08:02:41.683+0000] {processor.py:161} INFO - Started process (PID=508) to work on /home/airflow/.local/lib/python3.12/site-packages/airflow/example_dags/example_branch_datetime_operator.py
[2025-01-18T08:02:41.684+0000] {processor.py:830} INFO - Processing file /home/airflow/.local/lib/python3.12/site-packages/airflow/example_dags/example_branch_datetime_operator.py for tasks to queue
[2025-01-18T08:02:41.686+0000] {logging_mixin.py:188} INFO - [2025-01-18T08:02:41.685+0000] {dagbag.py:545} INFO - Filling up the DagBag from /home/airflow/.local/lib/python3.12/site-packages/airflow/example_dags/example_branch_datetime_operator.py
[2025-01-18T08:02:41.693+0000] {processor.py:840} INFO - DAG(s) 'example_branch_datetime_operator', 'example_branch_datetime_operator_3', 'example_branch_datetime_operator_2' retrieved from /home/airflow/.local/lib/python3.12/site-packages/airflow/example_dags/example_branch_datetime_operator.py
[2025-01-18T08:02:41.777+0000] {logging_mixin.py:188} INFO - [2025-01-18T08:02:41.777+0000] {dag.py:3089} INFO - Sync 3 DAGs
[2025-01-18T08:02:41.792+0000] {logging_mixin.py:188} INFO - [2025-01-18T08:02:41.792+0000] {dag.py:3947} INFO - Setting next_dagrun for example_branch_datetime_operator to 2025-01-17 00:00:00+00:00, run_after=2025-01-18 00:00:00+00:00
[2025-01-18T08:02:41.794+0000] {logging_mixin.py:188} INFO - [2025-01-18T08:02:41.794+0000] {dag.py:3947} INFO - Setting next_dagrun for example_branch_datetime_operator_2 to 2025-01-17 00:00:00+00:00, run_after=2025-01-18 00:00:00+00:00
[2025-01-18T08:02:41.796+0000] {logging_mixin.py:188} INFO - [2025-01-18T08:02:41.796+0000] {dag.py:3947} INFO - Setting next_dagrun for example_branch_datetime_operator_3 to 2025-01-17 00:00:00+00:00, run_after=2025-01-18 00:00:00+00:00
[2025-01-18T08:02:41.805+0000] {processor.py:183} INFO - Processing /home/airflow/.local/lib/python3.12/site-packages/airflow/example_dags/example_branch_datetime_operator.py took 0.128 seconds
[2025-01-18T08:03:12.582+0000] {processor.py:161} INFO - Started process (PID=773) to work on /home/airflow/.local/lib/python3.12/site-packages/airflow/example_dags/example_branch_datetime_operator.py
[2025-01-18T08:03:12.583+0000] {processor.py:830} INFO - Processing file /home/airflow/.local/lib/python3.12/site-packages/airflow/example_dags/example_branch_datetime_operator.py for tasks to queue
[2025-01-18T08:03:12.584+0000] {logging_mixin.py:188} INFO - [2025-01-18T08:03:12.584+0000] {dagbag.py:545} INFO - Filling up the DagBag from /home/airflow/.local/lib/python3.12/site-packages/airflow/example_dags/example_branch_datetime_operator.py
[2025-01-18T08:03:12.589+0000] {processor.py:840} INFO - DAG(s) 'example_branch_datetime_operator_3', 'example_branch_datetime_operator_2', 'example_branch_datetime_operator' retrieved from /home/airflow/.local/lib/python3.12/site-packages/airflow/example_dags/example_branch_datetime_operator.py
[2025-01-18T08:03:12.607+0000] {logging_mixin.py:188} INFO - [2025-01-18T08:03:12.607+0000] {dag.py:3089} INFO - Sync 3 DAGs
[2025-01-18T08:03:12.623+0000] {logging_mixin.py:188} INFO - [2025-01-18T08:03:12.623+0000] {dag.py:3947} INFO - Setting next_dagrun for example_branch_datetime_operator to 2025-01-17 00:00:00+00:00, run_after=2025-01-18 00:00:00+00:00
[2025-01-18T08:03:12.626+0000] {logging_mixin.py:188} INFO - [2025-01-18T08:03:12.626+0000] {dag.py:3947} INFO - Setting next_dagrun for example_branch_datetime_operator_2 to 2025-01-17 00:00:00+00:00, run_after=2025-01-18 00:00:00+00:00
[2025-01-18T08:03:12.627+0000] {logging_mixin.py:188} INFO - [2025-01-18T08:03:12.627+0000] {dag.py:3947} INFO - Setting next_dagrun for example_branch_datetime_operator_3 to 2025-01-17 00:00:00+00:00, run_after=2025-01-18 00:00:00+00:00
[2025-01-18T08:03:12.641+0000] {processor.py:183} INFO - Processing /home/airflow/.local/lib/python3.12/site-packages/airflow/example_dags/example_branch_datetime_operator.py took 0.063 seconds
[2025-01-18T08:03:43.276+0000] {processor.py:161} INFO - Started process (PID=1040) to work on /home/airflow/.local/lib/python3.12/site-packages/airflow/example_dags/example_branch_datetime_operator.py
[2025-01-18T08:03:43.277+0000] {processor.py:830} INFO - Processing file /home/airflow/.local/lib/python3.12/site-packages/airflow/example_dags/example_branch_datetime_operator.py for tasks to queue
[2025-01-18T08:03:43.279+0000] {logging_mixin.py:188} INFO - [2025-01-18T08:03:43.278+0000] {dagbag.py:545} INFO - Filling up the DagBag from /home/airflow/.local/lib/python3.12/site-packages/airflow/example_dags/example_branch_datetime_operator.py
[2025-01-18T08:03:43.285+0000] {processor.py:840} INFO - DAG(s) 'example_branch_datetime_operator', 'example_branch_datetime_operator_3', 'example_branch_datetime_operator_2' retrieved from /home/airflow/.local/lib/python3.12/site-packages/airflow/example_dags/example_branch_datetime_operator.py
[2025-01-18T08:03:43.305+0000] {logging_mixin.py:188} INFO - [2025-01-18T08:03:43.304+0000] {dag.py:3089} INFO - Sync 3 DAGs
[2025-01-18T08:03:43.327+0000] {logging_mixin.py:188} INFO - [2025-01-18T08:03:43.326+0000] {dag.py:3947} INFO - Setting next_dagrun for example_branch_datetime_operator to 2025-01-17 00:00:00+00:00, run_after=2025-01-18 00:00:00+00:00
[2025-01-18T08:03:43.331+0000] {logging_mixin.py:188} INFO - [2025-01-18T08:03:43.331+0000] {dag.py:3947} INFO - Setting next_dagrun for example_branch_datetime_operator_2 to 2025-01-17 00:00:00+00:00, run_after=2025-01-18 00:00:00+00:00
[2025-01-18T08:03:43.333+0000] {logging_mixin.py:188} INFO - [2025-01-18T08:03:43.333+0000] {dag.py:3947} INFO - Setting next_dagrun for example_branch_datetime_operator_3 to 2025-01-17 00:00:00+00:00, run_after=2025-01-18 00:00:00+00:00
[2025-01-18T08:03:43.351+0000] {processor.py:183} INFO - Processing /home/airflow/.local/lib/python3.12/site-packages/airflow/example_dags/example_branch_datetime_operator.py took 0.080 seconds
[2025-01-18T08:04:13.459+0000] {processor.py:161} INFO - Started process (PID=1309) to work on /home/airflow/.local/lib/python3.12/site-packages/airflow/example_dags/example_branch_datetime_operator.py
[2025-01-18T08:04:13.460+0000] {processor.py:830} INFO - Processing file /home/airflow/.local/lib/python3.12/site-packages/airflow/example_dags/example_branch_datetime_operator.py for tasks to queue
[2025-01-18T08:04:13.462+0000] {logging_mixin.py:188} INFO - [2025-01-18T08:04:13.461+0000] {dagbag.py:545} INFO - Filling up the DagBag from /home/airflow/.local/lib/python3.12/site-packages/airflow/example_dags/example_branch_datetime_operator.py
[2025-01-18T08:04:13.467+0000] {processor.py:840} INFO - DAG(s) 'example_branch_datetime_operator', 'example_branch_datetime_operator_3', 'example_branch_datetime_operator_2' retrieved from /home/airflow/.local/lib/python3.12/site-packages/airflow/example_dags/example_branch_datetime_operator.py
[2025-01-18T08:04:13.492+0000] {logging_mixin.py:188} INFO - [2025-01-18T08:04:13.492+0000] {dag.py:3089} INFO - Sync 3 DAGs
[2025-01-18T08:04:13.505+0000] {logging_mixin.py:188} INFO - [2025-01-18T08:04:13.505+0000] {dag.py:3947} INFO - Setting next_dagrun for example_branch_datetime_operator to 2025-01-17 00:00:00+00:00, run_after=2025-01-18 00:00:00+00:00
[2025-01-18T08:04:13.508+0000] {logging_mixin.py:188} INFO - [2025-01-18T08:04:13.508+0000] {dag.py:3947} INFO - Setting next_dagrun for example_branch_datetime_operator_2 to 2025-01-17 00:00:00+00:00, run_after=2025-01-18 00:00:00+00:00
[2025-01-18T08:04:13.510+0000] {logging_mixin.py:188} INFO - [2025-01-18T08:04:13.510+0000] {dag.py:3947} INFO - Setting next_dagrun for example_branch_datetime_operator_3 to 2025-01-17 00:00:00+00:00, run_after=2025-01-18 00:00:00+00:00
[2025-01-18T08:04:13.519+0000] {processor.py:183} INFO - Processing /home/airflow/.local/lib/python3.12/site-packages/airflow/example_dags/example_branch_datetime_operator.py took 0.065 seconds
[2025-01-18T08:05:56.068+0000] {processor.py:161} INFO - Started process (PID=238) to work on /home/airflow/.local/lib/python3.12/site-packages/airflow/example_dags/example_branch_datetime_operator.py
[2025-01-18T08:05:56.069+0000] {processor.py:830} INFO - Processing file /home/airflow/.local/lib/python3.12/site-packages/airflow/example_dags/example_branch_datetime_operator.py for tasks to queue
[2025-01-18T08:05:56.071+0000] {logging_mixin.py:188} INFO - [2025-01-18T08:05:56.070+0000] {dagbag.py:545} INFO - Filling up the DagBag from /home/airflow/.local/lib/python3.12/site-packages/airflow/example_dags/example_branch_datetime_operator.py
[2025-01-18T08:05:56.078+0000] {processor.py:840} INFO - DAG(s) 'example_branch_datetime_operator', 'example_branch_datetime_operator_3', 'example_branch_datetime_operator_2' retrieved from /home/airflow/.local/lib/python3.12/site-packages/airflow/example_dags/example_branch_datetime_operator.py
[2025-01-18T08:05:56.089+0000] {logging_mixin.py:188} INFO - [2025-01-18T08:05:56.089+0000] {dag.py:3089} INFO - Sync 3 DAGs
[2025-01-18T08:05:56.104+0000] {logging_mixin.py:188} INFO - [2025-01-18T08:05:56.104+0000] {dag.py:3947} INFO - Setting next_dagrun for example_branch_datetime_operator to 2025-01-17 00:00:00+00:00, run_after=2025-01-18 00:00:00+00:00
[2025-01-18T08:05:56.107+0000] {logging_mixin.py:188} INFO - [2025-01-18T08:05:56.107+0000] {dag.py:3947} INFO - Setting next_dagrun for example_branch_datetime_operator_2 to 2025-01-17 00:00:00+00:00, run_after=2025-01-18 00:00:00+00:00
[2025-01-18T08:05:56.108+0000] {logging_mixin.py:188} INFO - [2025-01-18T08:05:56.108+0000] {dag.py:3947} INFO - Setting next_dagrun for example_branch_datetime_operator_3 to 2025-01-17 00:00:00+00:00, run_after=2025-01-18 00:00:00+00:00
[2025-01-18T08:05:56.119+0000] {processor.py:183} INFO - Processing /home/airflow/.local/lib/python3.12/site-packages/airflow/example_dags/example_branch_datetime_operator.py took 0.056 seconds
[2025-01-18T08:06:26.746+0000] {processor.py:161} INFO - Started process (PID=505) to work on /home/airflow/.local/lib/python3.12/site-packages/airflow/example_dags/example_branch_datetime_operator.py
[2025-01-18T08:06:26.747+0000] {processor.py:830} INFO - Processing file /home/airflow/.local/lib/python3.12/site-packages/airflow/example_dags/example_branch_datetime_operator.py for tasks to queue
[2025-01-18T08:06:26.748+0000] {logging_mixin.py:188} INFO - [2025-01-18T08:06:26.748+0000] {dagbag.py:545} INFO - Filling up the DagBag from /home/airflow/.local/lib/python3.12/site-packages/airflow/example_dags/example_branch_datetime_operator.py
[2025-01-18T08:06:26.753+0000] {processor.py:840} INFO - DAG(s) 'example_branch_datetime_operator', 'example_branch_datetime_operator_2', 'example_branch_datetime_operator_3' retrieved from /home/airflow/.local/lib/python3.12/site-packages/airflow/example_dags/example_branch_datetime_operator.py
[2025-01-18T08:06:26.765+0000] {logging_mixin.py:188} INFO - [2025-01-18T08:06:26.765+0000] {dag.py:3089} INFO - Sync 3 DAGs
[2025-01-18T08:06:26.781+0000] {logging_mixin.py:188} INFO - [2025-01-18T08:06:26.781+0000] {dag.py:3947} INFO - Setting next_dagrun for example_branch_datetime_operator to 2025-01-17 00:00:00+00:00, run_after=2025-01-18 00:00:00+00:00
[2025-01-18T08:06:26.784+0000] {logging_mixin.py:188} INFO - [2025-01-18T08:06:26.784+0000] {dag.py:3947} INFO - Setting next_dagrun for example_branch_datetime_operator_2 to 2025-01-17 00:00:00+00:00, run_after=2025-01-18 00:00:00+00:00
[2025-01-18T08:06:26.785+0000] {logging_mixin.py:188} INFO - [2025-01-18T08:06:26.785+0000] {dag.py:3947} INFO - Setting next_dagrun for example_branch_datetime_operator_3 to 2025-01-17 00:00:00+00:00, run_after=2025-01-18 00:00:00+00:00
[2025-01-18T08:06:26.794+0000] {processor.py:183} INFO - Processing /home/airflow/.local/lib/python3.12/site-packages/airflow/example_dags/example_branch_datetime_operator.py took 0.053 seconds
[2025-01-18T08:06:57.654+0000] {processor.py:161} INFO - Started process (PID=774) to work on /home/airflow/.local/lib/python3.12/site-packages/airflow/example_dags/example_branch_datetime_operator.py
[2025-01-18T08:06:57.655+0000] {processor.py:830} INFO - Processing file /home/airflow/.local/lib/python3.12/site-packages/airflow/example_dags/example_branch_datetime_operator.py for tasks to queue
[2025-01-18T08:06:57.656+0000] {logging_mixin.py:188} INFO - [2025-01-18T08:06:57.656+0000] {dagbag.py:545} INFO - Filling up the DagBag from /home/airflow/.local/lib/python3.12/site-packages/airflow/example_dags/example_branch_datetime_operator.py
[2025-01-18T08:06:57.662+0000] {processor.py:840} INFO - DAG(s) 'example_branch_datetime_operator_3', 'example_branch_datetime_operator', 'example_branch_datetime_operator_2' retrieved from /home/airflow/.local/lib/python3.12/site-packages/airflow/example_dags/example_branch_datetime_operator.py
[2025-01-18T08:06:57.673+0000] {logging_mixin.py:188} INFO - [2025-01-18T08:06:57.672+0000] {dag.py:3089} INFO - Sync 3 DAGs
[2025-01-18T08:06:57.687+0000] {logging_mixin.py:188} INFO - [2025-01-18T08:06:57.687+0000] {dag.py:3947} INFO - Setting next_dagrun for example_branch_datetime_operator to 2025-01-17 00:00:00+00:00, run_after=2025-01-18 00:00:00+00:00
[2025-01-18T08:06:57.689+0000] {logging_mixin.py:188} INFO - [2025-01-18T08:06:57.689+0000] {dag.py:3947} INFO - Setting next_dagrun for example_branch_datetime_operator_2 to 2025-01-17 00:00:00+00:00, run_after=2025-01-18 00:00:00+00:00
[2025-01-18T08:06:57.690+0000] {logging_mixin.py:188} INFO - [2025-01-18T08:06:57.690+0000] {dag.py:3947} INFO - Setting next_dagrun for example_branch_datetime_operator_3 to 2025-01-17 00:00:00+00:00, run_after=2025-01-18 00:00:00+00:00
[2025-01-18T08:06:57.697+0000] {processor.py:183} INFO - Processing /home/airflow/.local/lib/python3.12/site-packages/airflow/example_dags/example_branch_datetime_operator.py took 0.047 seconds
[2025-01-18T08:07:27.803+0000] {processor.py:161} INFO - Started process (PID=1041) to work on /home/airflow/.local/lib/python3.12/site-packages/airflow/example_dags/example_branch_datetime_operator.py
[2025-01-18T08:07:27.804+0000] {processor.py:830} INFO - Processing file /home/airflow/.local/lib/python3.12/site-packages/airflow/example_dags/example_branch_datetime_operator.py for tasks to queue
[2025-01-18T08:07:27.805+0000] {logging_mixin.py:188} INFO - [2025-01-18T08:07:27.805+0000] {dagbag.py:545} INFO - Filling up the DagBag from /home/airflow/.local/lib/python3.12/site-packages/airflow/example_dags/example_branch_datetime_operator.py
[2025-01-18T08:07:27.809+0000] {processor.py:840} INFO - DAG(s) 'example_branch_datetime_operator', 'example_branch_datetime_operator_2', 'example_branch_datetime_operator_3' retrieved from /home/airflow/.local/lib/python3.12/site-packages/airflow/example_dags/example_branch_datetime_operator.py
[2025-01-18T08:07:27.823+0000] {logging_mixin.py:188} INFO - [2025-01-18T08:07:27.823+0000] {dag.py:3089} INFO - Sync 3 DAGs
[2025-01-18T08:07:27.842+0000] {logging_mixin.py:188} INFO - [2025-01-18T08:07:27.842+0000] {dag.py:3947} INFO - Setting next_dagrun for example_branch_datetime_operator to 2025-01-17 00:00:00+00:00, run_after=2025-01-18 00:00:00+00:00
[2025-01-18T08:07:27.845+0000] {logging_mixin.py:188} INFO - [2025-01-18T08:07:27.845+0000] {dag.py:3947} INFO - Setting next_dagrun for example_branch_datetime_operator_2 to 2025-01-17 00:00:00+00:00, run_after=2025-01-18 00:00:00+00:00
[2025-01-18T08:07:27.847+0000] {logging_mixin.py:188} INFO - [2025-01-18T08:07:27.847+0000] {dag.py:3947} INFO - Setting next_dagrun for example_branch_datetime_operator_3 to 2025-01-17 00:00:00+00:00, run_after=2025-01-18 00:00:00+00:00
[2025-01-18T08:07:27.863+0000] {processor.py:183} INFO - Processing /home/airflow/.local/lib/python3.12/site-packages/airflow/example_dags/example_branch_datetime_operator.py took 0.064 seconds
[2025-01-18T08:07:58.506+0000] {processor.py:161} INFO - Started process (PID=1300) to work on /home/airflow/.local/lib/python3.12/site-packages/airflow/example_dags/example_branch_datetime_operator.py
[2025-01-18T08:07:58.507+0000] {processor.py:830} INFO - Processing file /home/airflow/.local/lib/python3.12/site-packages/airflow/example_dags/example_branch_datetime_operator.py for tasks to queue
[2025-01-18T08:07:58.509+0000] {logging_mixin.py:188} INFO - [2025-01-18T08:07:58.509+0000] {dagbag.py:545} INFO - Filling up the DagBag from /home/airflow/.local/lib/python3.12/site-packages/airflow/example_dags/example_branch_datetime_operator.py
[2025-01-18T08:07:58.515+0000] {processor.py:840} INFO - DAG(s) 'example_branch_datetime_operator_2', 'example_branch_datetime_operator', 'example_branch_datetime_operator_3' retrieved from /home/airflow/.local/lib/python3.12/site-packages/airflow/example_dags/example_branch_datetime_operator.py
[2025-01-18T08:07:58.579+0000] {logging_mixin.py:188} INFO - [2025-01-18T08:07:58.579+0000] {dag.py:3089} INFO - Sync 3 DAGs
[2025-01-18T08:07:58.590+0000] {logging_mixin.py:188} INFO - [2025-01-18T08:07:58.590+0000] {dag.py:3947} INFO - Setting next_dagrun for example_branch_datetime_operator to 2025-01-17 00:00:00+00:00, run_after=2025-01-18 00:00:00+00:00
[2025-01-18T08:07:58.592+0000] {logging_mixin.py:188} INFO - [2025-01-18T08:07:58.592+0000] {dag.py:3947} INFO - Setting next_dagrun for example_branch_datetime_operator_2 to 2025-01-17 00:00:00+00:00, run_after=2025-01-18 00:00:00+00:00
[2025-01-18T08:07:58.593+0000] {logging_mixin.py:188} INFO - [2025-01-18T08:07:58.593+0000] {dag.py:3947} INFO - Setting next_dagrun for example_branch_datetime_operator_3 to 2025-01-17 00:00:00+00:00, run_after=2025-01-18 00:00:00+00:00
[2025-01-18T08:07:58.606+0000] {processor.py:183} INFO - Processing /home/airflow/.local/lib/python3.12/site-packages/airflow/example_dags/example_branch_datetime_operator.py took 0.104 seconds
[2025-01-18T08:08:28.800+0000] {processor.py:161} INFO - Started process (PID=1568) to work on /home/airflow/.local/lib/python3.12/site-packages/airflow/example_dags/example_branch_datetime_operator.py
[2025-01-18T08:08:28.801+0000] {processor.py:830} INFO - Processing file /home/airflow/.local/lib/python3.12/site-packages/airflow/example_dags/example_branch_datetime_operator.py for tasks to queue
[2025-01-18T08:08:28.803+0000] {logging_mixin.py:188} INFO - [2025-01-18T08:08:28.803+0000] {dagbag.py:545} INFO - Filling up the DagBag from /home/airflow/.local/lib/python3.12/site-packages/airflow/example_dags/example_branch_datetime_operator.py
[2025-01-18T08:08:28.808+0000] {processor.py:840} INFO - DAG(s) 'example_branch_datetime_operator_2', 'example_branch_datetime_operator_3', 'example_branch_datetime_operator' retrieved from /home/airflow/.local/lib/python3.12/site-packages/airflow/example_dags/example_branch_datetime_operator.py
[2025-01-18T08:08:28.829+0000] {logging_mixin.py:188} INFO - [2025-01-18T08:08:28.829+0000] {dag.py:3089} INFO - Sync 3 DAGs
[2025-01-18T08:08:28.847+0000] {logging_mixin.py:188} INFO - [2025-01-18T08:08:28.847+0000] {dag.py:3947} INFO - Setting next_dagrun for example_branch_datetime_operator to 2025-01-17 00:00:00+00:00, run_after=2025-01-18 00:00:00+00:00
[2025-01-18T08:08:28.851+0000] {logging_mixin.py:188} INFO - [2025-01-18T08:08:28.851+0000] {dag.py:3947} INFO - Setting next_dagrun for example_branch_datetime_operator_2 to 2025-01-17 00:00:00+00:00, run_after=2025-01-18 00:00:00+00:00
[2025-01-18T08:08:28.852+0000] {logging_mixin.py:188} INFO - [2025-01-18T08:08:28.852+0000] {dag.py:3947} INFO - Setting next_dagrun for example_branch_datetime_operator_3 to 2025-01-17 00:00:00+00:00, run_after=2025-01-18 00:00:00+00:00
[2025-01-18T08:08:28.865+0000] {processor.py:183} INFO - Processing /home/airflow/.local/lib/python3.12/site-packages/airflow/example_dags/example_branch_datetime_operator.py took 0.068 seconds
[2025-01-18T08:08:58.949+0000] {processor.py:161} INFO - Started process (PID=1835) to work on /home/airflow/.local/lib/python3.12/site-packages/airflow/example_dags/example_branch_datetime_operator.py
[2025-01-18T08:08:58.950+0000] {processor.py:830} INFO - Processing file /home/airflow/.local/lib/python3.12/site-packages/airflow/example_dags/example_branch_datetime_operator.py for tasks to queue
[2025-01-18T08:08:58.951+0000] {logging_mixin.py:188} INFO - [2025-01-18T08:08:58.951+0000] {dagbag.py:545} INFO - Filling up the DagBag from /home/airflow/.local/lib/python3.12/site-packages/airflow/example_dags/example_branch_datetime_operator.py
[2025-01-18T08:08:58.958+0000] {processor.py:840} INFO - DAG(s) 'example_branch_datetime_operator_2', 'example_branch_datetime_operator', 'example_branch_datetime_operator_3' retrieved from /home/airflow/.local/lib/python3.12/site-packages/airflow/example_dags/example_branch_datetime_operator.py
[2025-01-18T08:08:58.976+0000] {logging_mixin.py:188} INFO - [2025-01-18T08:08:58.976+0000] {dag.py:3089} INFO - Sync 3 DAGs
[2025-01-18T08:08:58.988+0000] {logging_mixin.py:188} INFO - [2025-01-18T08:08:58.988+0000] {dag.py:3947} INFO - Setting next_dagrun for example_branch_datetime_operator to 2025-01-17 00:00:00+00:00, run_after=2025-01-18 00:00:00+00:00
[2025-01-18T08:08:58.991+0000] {logging_mixin.py:188} INFO - [2025-01-18T08:08:58.991+0000] {dag.py:3947} INFO - Setting next_dagrun for example_branch_datetime_operator_2 to 2025-01-17 00:00:00+00:00, run_after=2025-01-18 00:00:00+00:00
[2025-01-18T08:08:58.992+0000] {logging_mixin.py:188} INFO - [2025-01-18T08:08:58.992+0000] {dag.py:3947} INFO - Setting next_dagrun for example_branch_datetime_operator_3 to 2025-01-17 00:00:00+00:00, run_after=2025-01-18 00:00:00+00:00
[2025-01-18T08:08:59.006+0000] {processor.py:183} INFO - Processing /home/airflow/.local/lib/python3.12/site-packages/airflow/example_dags/example_branch_datetime_operator.py took 0.061 seconds
