[2025-01-18T06:44:34.456+0000] {processor.py:161} INFO - Started process (PID=315) to work on /home/airflow/.local/lib/python3.12/site-packages/airflow/example_dags/example_branch_operator_decorator.py
[2025-01-18T06:44:34.457+0000] {processor.py:830} INFO - Processing file /home/airflow/.local/lib/python3.12/site-packages/airflow/example_dags/example_branch_operator_decorator.py for tasks to queue
[2025-01-18T06:44:34.458+0000] {logging_mixin.py:188} INFO - [2025-01-18T06:44:34.458+0000] {dagbag.py:545} INFO - Filling up the DagBag from /home/airflow/.local/lib/python3.12/site-packages/airflow/example_dags/example_branch_operator_decorator.py
[2025-01-18T06:44:34.475+0000] {processor.py:840} INFO - DAG(s) 'example_branch_python_operator_decorator' retrieved from /home/airflow/.local/lib/python3.12/site-packages/airflow/example_dags/example_branch_operator_decorator.py
[2025-01-18T06:44:34.488+0000] {logging_mixin.py:188} INFO - [2025-01-18T06:44:34.488+0000] {dag.py:3089} INFO - Sync 1 DAGs
[2025-01-18T06:44:34.505+0000] {logging_mixin.py:188} INFO - [2025-01-18T06:44:34.504+0000] {dag.py:3947} INFO - Setting next_dagrun for example_branch_python_operator_decorator to 2025-01-17 00:00:00+00:00, run_after=2025-01-18 00:00:00+00:00
[2025-01-18T06:44:34.517+0000] {processor.py:183} INFO - Processing /home/airflow/.local/lib/python3.12/site-packages/airflow/example_dags/example_branch_operator_decorator.py took 0.065 seconds
[2025-01-18T06:45:05.519+0000] {processor.py:161} INFO - Started process (PID=591) to work on /home/airflow/.local/lib/python3.12/site-packages/airflow/example_dags/example_branch_operator_decorator.py
[2025-01-18T06:45:05.520+0000] {processor.py:830} INFO - Processing file /home/airflow/.local/lib/python3.12/site-packages/airflow/example_dags/example_branch_operator_decorator.py for tasks to queue
[2025-01-18T06:45:05.521+0000] {logging_mixin.py:188} INFO - [2025-01-18T06:45:05.521+0000] {dagbag.py:545} INFO - Filling up the DagBag from /home/airflow/.local/lib/python3.12/site-packages/airflow/example_dags/example_branch_operator_decorator.py
[2025-01-18T06:45:05.533+0000] {processor.py:840} INFO - DAG(s) 'example_branch_python_operator_decorator' retrieved from /home/airflow/.local/lib/python3.12/site-packages/airflow/example_dags/example_branch_operator_decorator.py
[2025-01-18T06:45:05.599+0000] {logging_mixin.py:188} INFO - [2025-01-18T06:45:05.599+0000] {dag.py:3089} INFO - Sync 1 DAGs
[2025-01-18T06:45:05.610+0000] {logging_mixin.py:188} INFO - [2025-01-18T06:45:05.610+0000] {dag.py:3947} INFO - Setting next_dagrun for example_branch_python_operator_decorator to 2025-01-17 00:00:00+00:00, run_after=2025-01-18 00:00:00+00:00
[2025-01-18T06:45:05.624+0000] {processor.py:183} INFO - Processing /home/airflow/.local/lib/python3.12/site-packages/airflow/example_dags/example_branch_operator_decorator.py took 0.110 seconds
[2025-01-18T06:45:35.708+0000] {processor.py:161} INFO - Started process (PID=868) to work on /home/airflow/.local/lib/python3.12/site-packages/airflow/example_dags/example_branch_operator_decorator.py
[2025-01-18T06:45:35.708+0000] {processor.py:830} INFO - Processing file /home/airflow/.local/lib/python3.12/site-packages/airflow/example_dags/example_branch_operator_decorator.py for tasks to queue
[2025-01-18T06:45:35.710+0000] {logging_mixin.py:188} INFO - [2025-01-18T06:45:35.710+0000] {dagbag.py:545} INFO - Filling up the DagBag from /home/airflow/.local/lib/python3.12/site-packages/airflow/example_dags/example_branch_operator_decorator.py
[2025-01-18T06:45:35.720+0000] {processor.py:840} INFO - DAG(s) 'example_branch_python_operator_decorator' retrieved from /home/airflow/.local/lib/python3.12/site-packages/airflow/example_dags/example_branch_operator_decorator.py
[2025-01-18T06:45:35.737+0000] {logging_mixin.py:188} INFO - [2025-01-18T06:45:35.736+0000] {dag.py:3089} INFO - Sync 1 DAGs
[2025-01-18T06:45:35.748+0000] {logging_mixin.py:188} INFO - [2025-01-18T06:45:35.748+0000] {dag.py:3947} INFO - Setting next_dagrun for example_branch_python_operator_decorator to 2025-01-17 00:00:00+00:00, run_after=2025-01-18 00:00:00+00:00
[2025-01-18T06:45:35.758+0000] {processor.py:183} INFO - Processing /home/airflow/.local/lib/python3.12/site-packages/airflow/example_dags/example_branch_operator_decorator.py took 0.058 seconds
[2025-01-18T06:46:06.036+0000] {processor.py:161} INFO - Started process (PID=1134) to work on /home/airflow/.local/lib/python3.12/site-packages/airflow/example_dags/example_branch_operator_decorator.py
[2025-01-18T06:46:06.038+0000] {processor.py:830} INFO - Processing file /home/airflow/.local/lib/python3.12/site-packages/airflow/example_dags/example_branch_operator_decorator.py for tasks to queue
[2025-01-18T06:46:06.040+0000] {logging_mixin.py:188} INFO - [2025-01-18T06:46:06.039+0000] {dagbag.py:545} INFO - Filling up the DagBag from /home/airflow/.local/lib/python3.12/site-packages/airflow/example_dags/example_branch_operator_decorator.py
[2025-01-18T06:46:06.052+0000] {processor.py:840} INFO - DAG(s) 'example_branch_python_operator_decorator' retrieved from /home/airflow/.local/lib/python3.12/site-packages/airflow/example_dags/example_branch_operator_decorator.py
[2025-01-18T06:46:06.072+0000] {logging_mixin.py:188} INFO - [2025-01-18T06:46:06.072+0000] {dag.py:3089} INFO - Sync 1 DAGs
[2025-01-18T06:46:06.086+0000] {logging_mixin.py:188} INFO - [2025-01-18T06:46:06.086+0000] {dag.py:3947} INFO - Setting next_dagrun for example_branch_python_operator_decorator to 2025-01-17 00:00:00+00:00, run_after=2025-01-18 00:00:00+00:00
[2025-01-18T06:46:06.097+0000] {processor.py:183} INFO - Processing /home/airflow/.local/lib/python3.12/site-packages/airflow/example_dags/example_branch_operator_decorator.py took 0.066 seconds
[2025-01-18T06:46:36.448+0000] {processor.py:161} INFO - Started process (PID=1416) to work on /home/airflow/.local/lib/python3.12/site-packages/airflow/example_dags/example_branch_operator_decorator.py
[2025-01-18T06:46:36.449+0000] {processor.py:830} INFO - Processing file /home/airflow/.local/lib/python3.12/site-packages/airflow/example_dags/example_branch_operator_decorator.py for tasks to queue
[2025-01-18T06:46:36.450+0000] {logging_mixin.py:188} INFO - [2025-01-18T06:46:36.450+0000] {dagbag.py:545} INFO - Filling up the DagBag from /home/airflow/.local/lib/python3.12/site-packages/airflow/example_dags/example_branch_operator_decorator.py
[2025-01-18T06:46:36.463+0000] {processor.py:840} INFO - DAG(s) 'example_branch_python_operator_decorator' retrieved from /home/airflow/.local/lib/python3.12/site-packages/airflow/example_dags/example_branch_operator_decorator.py
[2025-01-18T06:46:36.485+0000] {logging_mixin.py:188} INFO - [2025-01-18T06:46:36.483+0000] {dag.py:3089} INFO - Sync 1 DAGs
[2025-01-18T06:46:36.497+0000] {logging_mixin.py:188} INFO - [2025-01-18T06:46:36.497+0000] {dag.py:3947} INFO - Setting next_dagrun for example_branch_python_operator_decorator to 2025-01-17 00:00:00+00:00, run_after=2025-01-18 00:00:00+00:00
[2025-01-18T06:46:36.508+0000] {processor.py:183} INFO - Processing /home/airflow/.local/lib/python3.12/site-packages/airflow/example_dags/example_branch_operator_decorator.py took 0.066 seconds
[2025-01-18T06:47:20.041+0000] {processor.py:161} INFO - Started process (PID=1814) to work on /home/airflow/.local/lib/python3.12/site-packages/airflow/example_dags/example_branch_operator_decorator.py
[2025-01-18T06:47:20.045+0000] {processor.py:830} INFO - Processing file /home/airflow/.local/lib/python3.12/site-packages/airflow/example_dags/example_branch_operator_decorator.py for tasks to queue
[2025-01-18T06:47:20.051+0000] {logging_mixin.py:188} INFO - [2025-01-18T06:47:20.048+0000] {dagbag.py:545} INFO - Filling up the DagBag from /home/airflow/.local/lib/python3.12/site-packages/airflow/example_dags/example_branch_operator_decorator.py
[2025-01-18T06:47:20.076+0000] {processor.py:840} INFO - DAG(s) 'example_branch_python_operator_decorator' retrieved from /home/airflow/.local/lib/python3.12/site-packages/airflow/example_dags/example_branch_operator_decorator.py
[2025-01-18T06:47:20.124+0000] {logging_mixin.py:188} INFO - [2025-01-18T06:47:20.124+0000] {dag.py:3089} INFO - Sync 1 DAGs
[2025-01-18T06:47:20.151+0000] {logging_mixin.py:188} INFO - [2025-01-18T06:47:20.151+0000] {dag.py:3947} INFO - Setting next_dagrun for example_branch_python_operator_decorator to 2025-01-17 00:00:00+00:00, run_after=2025-01-18 00:00:00+00:00
[2025-01-18T06:47:20.183+0000] {processor.py:183} INFO - Processing /home/airflow/.local/lib/python3.12/site-packages/airflow/example_dags/example_branch_operator_decorator.py took 0.148 seconds
[2025-01-18T06:47:50.704+0000] {processor.py:161} INFO - Started process (PID=2677) to work on /home/airflow/.local/lib/python3.12/site-packages/airflow/example_dags/example_branch_operator_decorator.py
[2025-01-18T06:47:50.705+0000] {processor.py:830} INFO - Processing file /home/airflow/.local/lib/python3.12/site-packages/airflow/example_dags/example_branch_operator_decorator.py for tasks to queue
[2025-01-18T06:47:50.714+0000] {logging_mixin.py:188} INFO - [2025-01-18T06:47:50.713+0000] {dagbag.py:545} INFO - Filling up the DagBag from /home/airflow/.local/lib/python3.12/site-packages/airflow/example_dags/example_branch_operator_decorator.py
[2025-01-18T06:47:50.755+0000] {processor.py:840} INFO - DAG(s) 'example_branch_python_operator_decorator' retrieved from /home/airflow/.local/lib/python3.12/site-packages/airflow/example_dags/example_branch_operator_decorator.py
[2025-01-18T06:47:50.825+0000] {logging_mixin.py:188} INFO - [2025-01-18T06:47:50.825+0000] {dag.py:3089} INFO - Sync 1 DAGs
[2025-01-18T06:47:50.863+0000] {logging_mixin.py:188} INFO - [2025-01-18T06:47:50.863+0000] {dag.py:3947} INFO - Setting next_dagrun for example_branch_python_operator_decorator to 2025-01-17 00:00:00+00:00, run_after=2025-01-18 00:00:00+00:00
[2025-01-18T06:47:50.921+0000] {processor.py:183} INFO - Processing /home/airflow/.local/lib/python3.12/site-packages/airflow/example_dags/example_branch_operator_decorator.py took 0.226 seconds
[2025-01-18T06:48:21.616+0000] {processor.py:161} INFO - Started process (PID=3633) to work on /home/airflow/.local/lib/python3.12/site-packages/airflow/example_dags/example_branch_operator_decorator.py
[2025-01-18T06:48:21.617+0000] {processor.py:830} INFO - Processing file /home/airflow/.local/lib/python3.12/site-packages/airflow/example_dags/example_branch_operator_decorator.py for tasks to queue
[2025-01-18T06:48:21.622+0000] {logging_mixin.py:188} INFO - [2025-01-18T06:48:21.621+0000] {dagbag.py:545} INFO - Filling up the DagBag from /home/airflow/.local/lib/python3.12/site-packages/airflow/example_dags/example_branch_operator_decorator.py
[2025-01-18T06:48:21.651+0000] {processor.py:840} INFO - DAG(s) 'example_branch_python_operator_decorator' retrieved from /home/airflow/.local/lib/python3.12/site-packages/airflow/example_dags/example_branch_operator_decorator.py
[2025-01-18T06:48:21.696+0000] {logging_mixin.py:188} INFO - [2025-01-18T06:48:21.696+0000] {dag.py:3089} INFO - Sync 1 DAGs
[2025-01-18T06:48:21.743+0000] {logging_mixin.py:188} INFO - [2025-01-18T06:48:21.743+0000] {dag.py:3947} INFO - Setting next_dagrun for example_branch_python_operator_decorator to 2025-01-17 00:00:00+00:00, run_after=2025-01-18 00:00:00+00:00
[2025-01-18T06:48:21.818+0000] {processor.py:183} INFO - Processing /home/airflow/.local/lib/python3.12/site-packages/airflow/example_dags/example_branch_operator_decorator.py took 0.208 seconds
[2025-01-18T06:48:52.033+0000] {processor.py:161} INFO - Started process (PID=3964) to work on /home/airflow/.local/lib/python3.12/site-packages/airflow/example_dags/example_branch_operator_decorator.py
[2025-01-18T06:48:52.034+0000] {processor.py:830} INFO - Processing file /home/airflow/.local/lib/python3.12/site-packages/airflow/example_dags/example_branch_operator_decorator.py for tasks to queue
[2025-01-18T06:48:52.035+0000] {logging_mixin.py:188} INFO - [2025-01-18T06:48:52.035+0000] {dagbag.py:545} INFO - Filling up the DagBag from /home/airflow/.local/lib/python3.12/site-packages/airflow/example_dags/example_branch_operator_decorator.py
[2025-01-18T06:48:52.047+0000] {processor.py:840} INFO - DAG(s) 'example_branch_python_operator_decorator' retrieved from /home/airflow/.local/lib/python3.12/site-packages/airflow/example_dags/example_branch_operator_decorator.py
[2025-01-18T06:48:52.064+0000] {logging_mixin.py:188} INFO - [2025-01-18T06:48:52.063+0000] {dag.py:3089} INFO - Sync 1 DAGs
[2025-01-18T06:48:52.077+0000] {logging_mixin.py:188} INFO - [2025-01-18T06:48:52.077+0000] {dag.py:3947} INFO - Setting next_dagrun for example_branch_python_operator_decorator to 2025-01-17 00:00:00+00:00, run_after=2025-01-18 00:00:00+00:00
[2025-01-18T06:48:52.088+0000] {processor.py:183} INFO - Processing /home/airflow/.local/lib/python3.12/site-packages/airflow/example_dags/example_branch_operator_decorator.py took 0.059 seconds
[2025-01-18T06:49:22.509+0000] {processor.py:161} INFO - Started process (PID=4241) to work on /home/airflow/.local/lib/python3.12/site-packages/airflow/example_dags/example_branch_operator_decorator.py
[2025-01-18T06:49:22.510+0000] {processor.py:830} INFO - Processing file /home/airflow/.local/lib/python3.12/site-packages/airflow/example_dags/example_branch_operator_decorator.py for tasks to queue
[2025-01-18T06:49:22.512+0000] {logging_mixin.py:188} INFO - [2025-01-18T06:49:22.512+0000] {dagbag.py:545} INFO - Filling up the DagBag from /home/airflow/.local/lib/python3.12/site-packages/airflow/example_dags/example_branch_operator_decorator.py
[2025-01-18T06:49:22.525+0000] {processor.py:840} INFO - DAG(s) 'example_branch_python_operator_decorator' retrieved from /home/airflow/.local/lib/python3.12/site-packages/airflow/example_dags/example_branch_operator_decorator.py
[2025-01-18T06:49:22.545+0000] {logging_mixin.py:188} INFO - [2025-01-18T06:49:22.545+0000] {dag.py:3089} INFO - Sync 1 DAGs
[2025-01-18T06:49:22.560+0000] {logging_mixin.py:188} INFO - [2025-01-18T06:49:22.560+0000] {dag.py:3947} INFO - Setting next_dagrun for example_branch_python_operator_decorator to 2025-01-17 00:00:00+00:00, run_after=2025-01-18 00:00:00+00:00
[2025-01-18T06:49:22.575+0000] {processor.py:183} INFO - Processing /home/airflow/.local/lib/python3.12/site-packages/airflow/example_dags/example_branch_operator_decorator.py took 0.070 seconds
[2025-01-18T06:49:53.421+0000] {processor.py:161} INFO - Started process (PID=4518) to work on /home/airflow/.local/lib/python3.12/site-packages/airflow/example_dags/example_branch_operator_decorator.py
[2025-01-18T06:49:53.422+0000] {processor.py:830} INFO - Processing file /home/airflow/.local/lib/python3.12/site-packages/airflow/example_dags/example_branch_operator_decorator.py for tasks to queue
[2025-01-18T06:49:53.424+0000] {logging_mixin.py:188} INFO - [2025-01-18T06:49:53.423+0000] {dagbag.py:545} INFO - Filling up the DagBag from /home/airflow/.local/lib/python3.12/site-packages/airflow/example_dags/example_branch_operator_decorator.py
[2025-01-18T06:49:53.435+0000] {processor.py:840} INFO - DAG(s) 'example_branch_python_operator_decorator' retrieved from /home/airflow/.local/lib/python3.12/site-packages/airflow/example_dags/example_branch_operator_decorator.py
[2025-01-18T06:49:53.454+0000] {logging_mixin.py:188} INFO - [2025-01-18T06:49:53.454+0000] {dag.py:3089} INFO - Sync 1 DAGs
[2025-01-18T06:49:53.467+0000] {logging_mixin.py:188} INFO - [2025-01-18T06:49:53.467+0000] {dag.py:3947} INFO - Setting next_dagrun for example_branch_python_operator_decorator to 2025-01-17 00:00:00+00:00, run_after=2025-01-18 00:00:00+00:00
[2025-01-18T06:49:53.478+0000] {processor.py:183} INFO - Processing /home/airflow/.local/lib/python3.12/site-packages/airflow/example_dags/example_branch_operator_decorator.py took 0.062 seconds
[2025-01-18T06:50:24.180+0000] {processor.py:161} INFO - Started process (PID=4795) to work on /home/airflow/.local/lib/python3.12/site-packages/airflow/example_dags/example_branch_operator_decorator.py
[2025-01-18T06:50:24.182+0000] {processor.py:830} INFO - Processing file /home/airflow/.local/lib/python3.12/site-packages/airflow/example_dags/example_branch_operator_decorator.py for tasks to queue
[2025-01-18T06:50:24.184+0000] {logging_mixin.py:188} INFO - [2025-01-18T06:50:24.183+0000] {dagbag.py:545} INFO - Filling up the DagBag from /home/airflow/.local/lib/python3.12/site-packages/airflow/example_dags/example_branch_operator_decorator.py
[2025-01-18T06:50:24.196+0000] {processor.py:840} INFO - DAG(s) 'example_branch_python_operator_decorator' retrieved from /home/airflow/.local/lib/python3.12/site-packages/airflow/example_dags/example_branch_operator_decorator.py
[2025-01-18T06:50:24.216+0000] {logging_mixin.py:188} INFO - [2025-01-18T06:50:24.215+0000] {dag.py:3089} INFO - Sync 1 DAGs
[2025-01-18T06:50:24.229+0000] {logging_mixin.py:188} INFO - [2025-01-18T06:50:24.229+0000] {dag.py:3947} INFO - Setting next_dagrun for example_branch_python_operator_decorator to 2025-01-17 00:00:00+00:00, run_after=2025-01-18 00:00:00+00:00
[2025-01-18T06:50:24.241+0000] {processor.py:183} INFO - Processing /home/airflow/.local/lib/python3.12/site-packages/airflow/example_dags/example_branch_operator_decorator.py took 0.064 seconds
[2025-01-18T06:50:55.131+0000] {processor.py:161} INFO - Started process (PID=5074) to work on /home/airflow/.local/lib/python3.12/site-packages/airflow/example_dags/example_branch_operator_decorator.py
[2025-01-18T06:50:55.131+0000] {processor.py:830} INFO - Processing file /home/airflow/.local/lib/python3.12/site-packages/airflow/example_dags/example_branch_operator_decorator.py for tasks to queue
[2025-01-18T06:50:55.133+0000] {logging_mixin.py:188} INFO - [2025-01-18T06:50:55.133+0000] {dagbag.py:545} INFO - Filling up the DagBag from /home/airflow/.local/lib/python3.12/site-packages/airflow/example_dags/example_branch_operator_decorator.py
[2025-01-18T06:50:55.144+0000] {processor.py:840} INFO - DAG(s) 'example_branch_python_operator_decorator' retrieved from /home/airflow/.local/lib/python3.12/site-packages/airflow/example_dags/example_branch_operator_decorator.py
[2025-01-18T06:50:55.163+0000] {logging_mixin.py:188} INFO - [2025-01-18T06:50:55.163+0000] {dag.py:3089} INFO - Sync 1 DAGs
[2025-01-18T06:50:55.178+0000] {logging_mixin.py:188} INFO - [2025-01-18T06:50:55.178+0000] {dag.py:3947} INFO - Setting next_dagrun for example_branch_python_operator_decorator to 2025-01-17 00:00:00+00:00, run_after=2025-01-18 00:00:00+00:00
[2025-01-18T06:50:55.189+0000] {processor.py:183} INFO - Processing /home/airflow/.local/lib/python3.12/site-packages/airflow/example_dags/example_branch_operator_decorator.py took 0.063 seconds
[2025-01-18T06:51:25.485+0000] {processor.py:161} INFO - Started process (PID=5351) to work on /home/airflow/.local/lib/python3.12/site-packages/airflow/example_dags/example_branch_operator_decorator.py
[2025-01-18T06:51:25.486+0000] {processor.py:830} INFO - Processing file /home/airflow/.local/lib/python3.12/site-packages/airflow/example_dags/example_branch_operator_decorator.py for tasks to queue
[2025-01-18T06:51:25.487+0000] {logging_mixin.py:188} INFO - [2025-01-18T06:51:25.487+0000] {dagbag.py:545} INFO - Filling up the DagBag from /home/airflow/.local/lib/python3.12/site-packages/airflow/example_dags/example_branch_operator_decorator.py
[2025-01-18T06:51:25.499+0000] {processor.py:840} INFO - DAG(s) 'example_branch_python_operator_decorator' retrieved from /home/airflow/.local/lib/python3.12/site-packages/airflow/example_dags/example_branch_operator_decorator.py
[2025-01-18T06:51:25.517+0000] {logging_mixin.py:188} INFO - [2025-01-18T06:51:25.517+0000] {dag.py:3089} INFO - Sync 1 DAGs
[2025-01-18T06:51:25.530+0000] {logging_mixin.py:188} INFO - [2025-01-18T06:51:25.530+0000] {dag.py:3947} INFO - Setting next_dagrun for example_branch_python_operator_decorator to 2025-01-17 00:00:00+00:00, run_after=2025-01-18 00:00:00+00:00
[2025-01-18T06:51:25.542+0000] {processor.py:183} INFO - Processing /home/airflow/.local/lib/python3.12/site-packages/airflow/example_dags/example_branch_operator_decorator.py took 0.061 seconds
[2025-01-18T06:51:55.926+0000] {processor.py:161} INFO - Started process (PID=5626) to work on /home/airflow/.local/lib/python3.12/site-packages/airflow/example_dags/example_branch_operator_decorator.py
[2025-01-18T06:51:55.927+0000] {processor.py:830} INFO - Processing file /home/airflow/.local/lib/python3.12/site-packages/airflow/example_dags/example_branch_operator_decorator.py for tasks to queue
[2025-01-18T06:51:55.929+0000] {logging_mixin.py:188} INFO - [2025-01-18T06:51:55.929+0000] {dagbag.py:545} INFO - Filling up the DagBag from /home/airflow/.local/lib/python3.12/site-packages/airflow/example_dags/example_branch_operator_decorator.py
[2025-01-18T06:51:55.941+0000] {processor.py:840} INFO - DAG(s) 'example_branch_python_operator_decorator' retrieved from /home/airflow/.local/lib/python3.12/site-packages/airflow/example_dags/example_branch_operator_decorator.py
[2025-01-18T06:51:55.960+0000] {logging_mixin.py:188} INFO - [2025-01-18T06:51:55.960+0000] {dag.py:3089} INFO - Sync 1 DAGs
[2025-01-18T06:51:55.977+0000] {logging_mixin.py:188} INFO - [2025-01-18T06:51:55.977+0000] {dag.py:3947} INFO - Setting next_dagrun for example_branch_python_operator_decorator to 2025-01-17 00:00:00+00:00, run_after=2025-01-18 00:00:00+00:00
[2025-01-18T06:51:55.995+0000] {processor.py:183} INFO - Processing /home/airflow/.local/lib/python3.12/site-packages/airflow/example_dags/example_branch_operator_decorator.py took 0.073 seconds
[2025-01-18T06:52:26.424+0000] {processor.py:161} INFO - Started process (PID=5903) to work on /home/airflow/.local/lib/python3.12/site-packages/airflow/example_dags/example_branch_operator_decorator.py
[2025-01-18T06:52:26.425+0000] {processor.py:830} INFO - Processing file /home/airflow/.local/lib/python3.12/site-packages/airflow/example_dags/example_branch_operator_decorator.py for tasks to queue
[2025-01-18T06:52:26.426+0000] {logging_mixin.py:188} INFO - [2025-01-18T06:52:26.426+0000] {dagbag.py:545} INFO - Filling up the DagBag from /home/airflow/.local/lib/python3.12/site-packages/airflow/example_dags/example_branch_operator_decorator.py
[2025-01-18T06:52:26.441+0000] {processor.py:840} INFO - DAG(s) 'example_branch_python_operator_decorator' retrieved from /home/airflow/.local/lib/python3.12/site-packages/airflow/example_dags/example_branch_operator_decorator.py
[2025-01-18T06:52:26.460+0000] {logging_mixin.py:188} INFO - [2025-01-18T06:52:26.459+0000] {dag.py:3089} INFO - Sync 1 DAGs
[2025-01-18T06:52:26.474+0000] {logging_mixin.py:188} INFO - [2025-01-18T06:52:26.474+0000] {dag.py:3947} INFO - Setting next_dagrun for example_branch_python_operator_decorator to 2025-01-17 00:00:00+00:00, run_after=2025-01-18 00:00:00+00:00
[2025-01-18T06:52:26.485+0000] {processor.py:183} INFO - Processing /home/airflow/.local/lib/python3.12/site-packages/airflow/example_dags/example_branch_operator_decorator.py took 0.064 seconds
[2025-01-18T06:52:57.252+0000] {processor.py:161} INFO - Started process (PID=6180) to work on /home/airflow/.local/lib/python3.12/site-packages/airflow/example_dags/example_branch_operator_decorator.py
[2025-01-18T06:52:57.253+0000] {processor.py:830} INFO - Processing file /home/airflow/.local/lib/python3.12/site-packages/airflow/example_dags/example_branch_operator_decorator.py for tasks to queue
[2025-01-18T06:52:57.255+0000] {logging_mixin.py:188} INFO - [2025-01-18T06:52:57.255+0000] {dagbag.py:545} INFO - Filling up the DagBag from /home/airflow/.local/lib/python3.12/site-packages/airflow/example_dags/example_branch_operator_decorator.py
[2025-01-18T06:52:57.268+0000] {processor.py:840} INFO - DAG(s) 'example_branch_python_operator_decorator' retrieved from /home/airflow/.local/lib/python3.12/site-packages/airflow/example_dags/example_branch_operator_decorator.py
[2025-01-18T06:52:57.287+0000] {logging_mixin.py:188} INFO - [2025-01-18T06:52:57.287+0000] {dag.py:3089} INFO - Sync 1 DAGs
[2025-01-18T06:52:57.303+0000] {logging_mixin.py:188} INFO - [2025-01-18T06:52:57.302+0000] {dag.py:3947} INFO - Setting next_dagrun for example_branch_python_operator_decorator to 2025-01-17 00:00:00+00:00, run_after=2025-01-18 00:00:00+00:00
[2025-01-18T06:52:57.315+0000] {processor.py:183} INFO - Processing /home/airflow/.local/lib/python3.12/site-packages/airflow/example_dags/example_branch_operator_decorator.py took 0.067 seconds
[2025-01-18T06:53:28.176+0000] {processor.py:161} INFO - Started process (PID=6457) to work on /home/airflow/.local/lib/python3.12/site-packages/airflow/example_dags/example_branch_operator_decorator.py
[2025-01-18T06:53:28.177+0000] {processor.py:830} INFO - Processing file /home/airflow/.local/lib/python3.12/site-packages/airflow/example_dags/example_branch_operator_decorator.py for tasks to queue
[2025-01-18T06:53:28.178+0000] {logging_mixin.py:188} INFO - [2025-01-18T06:53:28.178+0000] {dagbag.py:545} INFO - Filling up the DagBag from /home/airflow/.local/lib/python3.12/site-packages/airflow/example_dags/example_branch_operator_decorator.py
[2025-01-18T06:53:28.191+0000] {processor.py:840} INFO - DAG(s) 'example_branch_python_operator_decorator' retrieved from /home/airflow/.local/lib/python3.12/site-packages/airflow/example_dags/example_branch_operator_decorator.py
[2025-01-18T06:53:28.207+0000] {logging_mixin.py:188} INFO - [2025-01-18T06:53:28.207+0000] {dag.py:3089} INFO - Sync 1 DAGs
[2025-01-18T06:53:28.221+0000] {logging_mixin.py:188} INFO - [2025-01-18T06:53:28.221+0000] {dag.py:3947} INFO - Setting next_dagrun for example_branch_python_operator_decorator to 2025-01-17 00:00:00+00:00, run_after=2025-01-18 00:00:00+00:00
[2025-01-18T06:53:28.229+0000] {processor.py:183} INFO - Processing /home/airflow/.local/lib/python3.12/site-packages/airflow/example_dags/example_branch_operator_decorator.py took 0.057 seconds
[2025-01-18T06:53:59.079+0000] {processor.py:161} INFO - Started process (PID=6728) to work on /home/airflow/.local/lib/python3.12/site-packages/airflow/example_dags/example_branch_operator_decorator.py
[2025-01-18T06:53:59.080+0000] {processor.py:830} INFO - Processing file /home/airflow/.local/lib/python3.12/site-packages/airflow/example_dags/example_branch_operator_decorator.py for tasks to queue
[2025-01-18T06:53:59.081+0000] {logging_mixin.py:188} INFO - [2025-01-18T06:53:59.081+0000] {dagbag.py:545} INFO - Filling up the DagBag from /home/airflow/.local/lib/python3.12/site-packages/airflow/example_dags/example_branch_operator_decorator.py
[2025-01-18T06:53:59.092+0000] {processor.py:840} INFO - DAG(s) 'example_branch_python_operator_decorator' retrieved from /home/airflow/.local/lib/python3.12/site-packages/airflow/example_dags/example_branch_operator_decorator.py
[2025-01-18T06:53:59.109+0000] {logging_mixin.py:188} INFO - [2025-01-18T06:53:59.109+0000] {dag.py:3089} INFO - Sync 1 DAGs
[2025-01-18T06:53:59.123+0000] {logging_mixin.py:188} INFO - [2025-01-18T06:53:59.123+0000] {dag.py:3947} INFO - Setting next_dagrun for example_branch_python_operator_decorator to 2025-01-17 00:00:00+00:00, run_after=2025-01-18 00:00:00+00:00
[2025-01-18T06:53:59.137+0000] {processor.py:183} INFO - Processing /home/airflow/.local/lib/python3.12/site-packages/airflow/example_dags/example_branch_operator_decorator.py took 0.063 seconds
[2025-01-18T06:54:29.543+0000] {processor.py:161} INFO - Started process (PID=7005) to work on /home/airflow/.local/lib/python3.12/site-packages/airflow/example_dags/example_branch_operator_decorator.py
[2025-01-18T06:54:29.544+0000] {processor.py:830} INFO - Processing file /home/airflow/.local/lib/python3.12/site-packages/airflow/example_dags/example_branch_operator_decorator.py for tasks to queue
[2025-01-18T06:54:29.545+0000] {logging_mixin.py:188} INFO - [2025-01-18T06:54:29.545+0000] {dagbag.py:545} INFO - Filling up the DagBag from /home/airflow/.local/lib/python3.12/site-packages/airflow/example_dags/example_branch_operator_decorator.py
[2025-01-18T06:54:29.557+0000] {processor.py:840} INFO - DAG(s) 'example_branch_python_operator_decorator' retrieved from /home/airflow/.local/lib/python3.12/site-packages/airflow/example_dags/example_branch_operator_decorator.py
[2025-01-18T06:54:29.577+0000] {logging_mixin.py:188} INFO - [2025-01-18T06:54:29.577+0000] {dag.py:3089} INFO - Sync 1 DAGs
[2025-01-18T06:54:29.590+0000] {logging_mixin.py:188} INFO - [2025-01-18T06:54:29.590+0000] {dag.py:3947} INFO - Setting next_dagrun for example_branch_python_operator_decorator to 2025-01-17 00:00:00+00:00, run_after=2025-01-18 00:00:00+00:00
[2025-01-18T06:54:29.603+0000] {processor.py:183} INFO - Processing /home/airflow/.local/lib/python3.12/site-packages/airflow/example_dags/example_branch_operator_decorator.py took 0.064 seconds
[2025-01-18T06:55:00.544+0000] {processor.py:161} INFO - Started process (PID=7282) to work on /home/airflow/.local/lib/python3.12/site-packages/airflow/example_dags/example_branch_operator_decorator.py
[2025-01-18T06:55:00.545+0000] {processor.py:830} INFO - Processing file /home/airflow/.local/lib/python3.12/site-packages/airflow/example_dags/example_branch_operator_decorator.py for tasks to queue
[2025-01-18T06:55:00.546+0000] {logging_mixin.py:188} INFO - [2025-01-18T06:55:00.546+0000] {dagbag.py:545} INFO - Filling up the DagBag from /home/airflow/.local/lib/python3.12/site-packages/airflow/example_dags/example_branch_operator_decorator.py
[2025-01-18T06:55:00.558+0000] {processor.py:840} INFO - DAG(s) 'example_branch_python_operator_decorator' retrieved from /home/airflow/.local/lib/python3.12/site-packages/airflow/example_dags/example_branch_operator_decorator.py
[2025-01-18T06:55:00.575+0000] {logging_mixin.py:188} INFO - [2025-01-18T06:55:00.575+0000] {dag.py:3089} INFO - Sync 1 DAGs
[2025-01-18T06:55:00.589+0000] {logging_mixin.py:188} INFO - [2025-01-18T06:55:00.589+0000] {dag.py:3947} INFO - Setting next_dagrun for example_branch_python_operator_decorator to 2025-01-17 00:00:00+00:00, run_after=2025-01-18 00:00:00+00:00
[2025-01-18T06:55:00.601+0000] {processor.py:183} INFO - Processing /home/airflow/.local/lib/python3.12/site-packages/airflow/example_dags/example_branch_operator_decorator.py took 0.060 seconds
[2025-01-18T06:55:30.670+0000] {processor.py:161} INFO - Started process (PID=7559) to work on /home/airflow/.local/lib/python3.12/site-packages/airflow/example_dags/example_branch_operator_decorator.py
[2025-01-18T06:55:30.671+0000] {processor.py:830} INFO - Processing file /home/airflow/.local/lib/python3.12/site-packages/airflow/example_dags/example_branch_operator_decorator.py for tasks to queue
[2025-01-18T06:55:30.672+0000] {logging_mixin.py:188} INFO - [2025-01-18T06:55:30.672+0000] {dagbag.py:545} INFO - Filling up the DagBag from /home/airflow/.local/lib/python3.12/site-packages/airflow/example_dags/example_branch_operator_decorator.py
[2025-01-18T06:55:30.684+0000] {processor.py:840} INFO - DAG(s) 'example_branch_python_operator_decorator' retrieved from /home/airflow/.local/lib/python3.12/site-packages/airflow/example_dags/example_branch_operator_decorator.py
[2025-01-18T06:55:30.701+0000] {logging_mixin.py:188} INFO - [2025-01-18T06:55:30.700+0000] {dag.py:3089} INFO - Sync 1 DAGs
[2025-01-18T06:55:30.712+0000] {logging_mixin.py:188} INFO - [2025-01-18T06:55:30.712+0000] {dag.py:3947} INFO - Setting next_dagrun for example_branch_python_operator_decorator to 2025-01-17 00:00:00+00:00, run_after=2025-01-18 00:00:00+00:00
[2025-01-18T06:55:30.723+0000] {processor.py:183} INFO - Processing /home/airflow/.local/lib/python3.12/site-packages/airflow/example_dags/example_branch_operator_decorator.py took 0.057 seconds
[2025-01-18T06:56:01.190+0000] {processor.py:161} INFO - Started process (PID=7836) to work on /home/airflow/.local/lib/python3.12/site-packages/airflow/example_dags/example_branch_operator_decorator.py
[2025-01-18T06:56:01.191+0000] {processor.py:830} INFO - Processing file /home/airflow/.local/lib/python3.12/site-packages/airflow/example_dags/example_branch_operator_decorator.py for tasks to queue
[2025-01-18T06:56:01.192+0000] {logging_mixin.py:188} INFO - [2025-01-18T06:56:01.191+0000] {dagbag.py:545} INFO - Filling up the DagBag from /home/airflow/.local/lib/python3.12/site-packages/airflow/example_dags/example_branch_operator_decorator.py
[2025-01-18T06:56:01.202+0000] {processor.py:840} INFO - DAG(s) 'example_branch_python_operator_decorator' retrieved from /home/airflow/.local/lib/python3.12/site-packages/airflow/example_dags/example_branch_operator_decorator.py
[2025-01-18T06:56:01.218+0000] {logging_mixin.py:188} INFO - [2025-01-18T06:56:01.217+0000] {dag.py:3089} INFO - Sync 1 DAGs
[2025-01-18T06:56:01.229+0000] {logging_mixin.py:188} INFO - [2025-01-18T06:56:01.229+0000] {dag.py:3947} INFO - Setting next_dagrun for example_branch_python_operator_decorator to 2025-01-17 00:00:00+00:00, run_after=2025-01-18 00:00:00+00:00
[2025-01-18T06:56:01.240+0000] {processor.py:183} INFO - Processing /home/airflow/.local/lib/python3.12/site-packages/airflow/example_dags/example_branch_operator_decorator.py took 0.054 seconds
[2025-01-18T06:56:31.649+0000] {processor.py:161} INFO - Started process (PID=8113) to work on /home/airflow/.local/lib/python3.12/site-packages/airflow/example_dags/example_branch_operator_decorator.py
[2025-01-18T06:56:31.650+0000] {processor.py:830} INFO - Processing file /home/airflow/.local/lib/python3.12/site-packages/airflow/example_dags/example_branch_operator_decorator.py for tasks to queue
[2025-01-18T06:56:31.651+0000] {logging_mixin.py:188} INFO - [2025-01-18T06:56:31.651+0000] {dagbag.py:545} INFO - Filling up the DagBag from /home/airflow/.local/lib/python3.12/site-packages/airflow/example_dags/example_branch_operator_decorator.py
[2025-01-18T06:56:31.662+0000] {processor.py:840} INFO - DAG(s) 'example_branch_python_operator_decorator' retrieved from /home/airflow/.local/lib/python3.12/site-packages/airflow/example_dags/example_branch_operator_decorator.py
[2025-01-18T06:56:31.683+0000] {logging_mixin.py:188} INFO - [2025-01-18T06:56:31.683+0000] {dag.py:3089} INFO - Sync 1 DAGs
[2025-01-18T06:56:31.697+0000] {logging_mixin.py:188} INFO - [2025-01-18T06:56:31.697+0000] {dag.py:3947} INFO - Setting next_dagrun for example_branch_python_operator_decorator to 2025-01-17 00:00:00+00:00, run_after=2025-01-18 00:00:00+00:00
[2025-01-18T06:56:31.708+0000] {processor.py:183} INFO - Processing /home/airflow/.local/lib/python3.12/site-packages/airflow/example_dags/example_branch_operator_decorator.py took 0.063 seconds
[2025-01-18T06:57:01.955+0000] {processor.py:161} INFO - Started process (PID=8390) to work on /home/airflow/.local/lib/python3.12/site-packages/airflow/example_dags/example_branch_operator_decorator.py
[2025-01-18T06:57:01.956+0000] {processor.py:830} INFO - Processing file /home/airflow/.local/lib/python3.12/site-packages/airflow/example_dags/example_branch_operator_decorator.py for tasks to queue
[2025-01-18T06:57:01.958+0000] {logging_mixin.py:188} INFO - [2025-01-18T06:57:01.957+0000] {dagbag.py:545} INFO - Filling up the DagBag from /home/airflow/.local/lib/python3.12/site-packages/airflow/example_dags/example_branch_operator_decorator.py
[2025-01-18T06:57:01.968+0000] {processor.py:840} INFO - DAG(s) 'example_branch_python_operator_decorator' retrieved from /home/airflow/.local/lib/python3.12/site-packages/airflow/example_dags/example_branch_operator_decorator.py
[2025-01-18T06:57:01.986+0000] {logging_mixin.py:188} INFO - [2025-01-18T06:57:01.985+0000] {dag.py:3089} INFO - Sync 1 DAGs
[2025-01-18T06:57:01.999+0000] {logging_mixin.py:188} INFO - [2025-01-18T06:57:01.998+0000] {dag.py:3947} INFO - Setting next_dagrun for example_branch_python_operator_decorator to 2025-01-17 00:00:00+00:00, run_after=2025-01-18 00:00:00+00:00
[2025-01-18T06:57:02.010+0000] {processor.py:183} INFO - Processing /home/airflow/.local/lib/python3.12/site-packages/airflow/example_dags/example_branch_operator_decorator.py took 0.059 seconds
[2025-01-18T06:57:32.181+0000] {processor.py:161} INFO - Started process (PID=8667) to work on /home/airflow/.local/lib/python3.12/site-packages/airflow/example_dags/example_branch_operator_decorator.py
[2025-01-18T06:57:32.182+0000] {processor.py:830} INFO - Processing file /home/airflow/.local/lib/python3.12/site-packages/airflow/example_dags/example_branch_operator_decorator.py for tasks to queue
[2025-01-18T06:57:32.184+0000] {logging_mixin.py:188} INFO - [2025-01-18T06:57:32.183+0000] {dagbag.py:545} INFO - Filling up the DagBag from /home/airflow/.local/lib/python3.12/site-packages/airflow/example_dags/example_branch_operator_decorator.py
[2025-01-18T06:57:32.196+0000] {processor.py:840} INFO - DAG(s) 'example_branch_python_operator_decorator' retrieved from /home/airflow/.local/lib/python3.12/site-packages/airflow/example_dags/example_branch_operator_decorator.py
[2025-01-18T06:57:32.214+0000] {logging_mixin.py:188} INFO - [2025-01-18T06:57:32.214+0000] {dag.py:3089} INFO - Sync 1 DAGs
[2025-01-18T06:57:32.229+0000] {logging_mixin.py:188} INFO - [2025-01-18T06:57:32.229+0000] {dag.py:3947} INFO - Setting next_dagrun for example_branch_python_operator_decorator to 2025-01-17 00:00:00+00:00, run_after=2025-01-18 00:00:00+00:00
[2025-01-18T06:57:32.240+0000] {processor.py:183} INFO - Processing /home/airflow/.local/lib/python3.12/site-packages/airflow/example_dags/example_branch_operator_decorator.py took 0.064 seconds
[2025-01-18T06:58:02.341+0000] {processor.py:161} INFO - Started process (PID=8944) to work on /home/airflow/.local/lib/python3.12/site-packages/airflow/example_dags/example_branch_operator_decorator.py
[2025-01-18T06:58:02.342+0000] {processor.py:830} INFO - Processing file /home/airflow/.local/lib/python3.12/site-packages/airflow/example_dags/example_branch_operator_decorator.py for tasks to queue
[2025-01-18T06:58:02.343+0000] {logging_mixin.py:188} INFO - [2025-01-18T06:58:02.343+0000] {dagbag.py:545} INFO - Filling up the DagBag from /home/airflow/.local/lib/python3.12/site-packages/airflow/example_dags/example_branch_operator_decorator.py
[2025-01-18T06:58:02.357+0000] {processor.py:840} INFO - DAG(s) 'example_branch_python_operator_decorator' retrieved from /home/airflow/.local/lib/python3.12/site-packages/airflow/example_dags/example_branch_operator_decorator.py
[2025-01-18T06:58:02.377+0000] {logging_mixin.py:188} INFO - [2025-01-18T06:58:02.377+0000] {dag.py:3089} INFO - Sync 1 DAGs
[2025-01-18T06:58:02.391+0000] {logging_mixin.py:188} INFO - [2025-01-18T06:58:02.390+0000] {dag.py:3947} INFO - Setting next_dagrun for example_branch_python_operator_decorator to 2025-01-17 00:00:00+00:00, run_after=2025-01-18 00:00:00+00:00
[2025-01-18T06:58:02.404+0000] {processor.py:183} INFO - Processing /home/airflow/.local/lib/python3.12/site-packages/airflow/example_dags/example_branch_operator_decorator.py took 0.067 seconds
[2025-01-18T06:58:32.601+0000] {processor.py:161} INFO - Started process (PID=9216) to work on /home/airflow/.local/lib/python3.12/site-packages/airflow/example_dags/example_branch_operator_decorator.py
[2025-01-18T06:58:32.602+0000] {processor.py:830} INFO - Processing file /home/airflow/.local/lib/python3.12/site-packages/airflow/example_dags/example_branch_operator_decorator.py for tasks to queue
[2025-01-18T06:58:32.603+0000] {logging_mixin.py:188} INFO - [2025-01-18T06:58:32.603+0000] {dagbag.py:545} INFO - Filling up the DagBag from /home/airflow/.local/lib/python3.12/site-packages/airflow/example_dags/example_branch_operator_decorator.py
[2025-01-18T06:58:32.615+0000] {processor.py:840} INFO - DAG(s) 'example_branch_python_operator_decorator' retrieved from /home/airflow/.local/lib/python3.12/site-packages/airflow/example_dags/example_branch_operator_decorator.py
[2025-01-18T06:58:32.632+0000] {logging_mixin.py:188} INFO - [2025-01-18T06:58:32.632+0000] {dag.py:3089} INFO - Sync 1 DAGs
[2025-01-18T06:58:32.650+0000] {logging_mixin.py:188} INFO - [2025-01-18T06:58:32.650+0000] {dag.py:3947} INFO - Setting next_dagrun for example_branch_python_operator_decorator to 2025-01-17 00:00:00+00:00, run_after=2025-01-18 00:00:00+00:00
[2025-01-18T06:58:32.662+0000] {processor.py:183} INFO - Processing /home/airflow/.local/lib/python3.12/site-packages/airflow/example_dags/example_branch_operator_decorator.py took 0.065 seconds
[2025-01-18T06:59:02.934+0000] {processor.py:161} INFO - Started process (PID=9493) to work on /home/airflow/.local/lib/python3.12/site-packages/airflow/example_dags/example_branch_operator_decorator.py
[2025-01-18T06:59:02.935+0000] {processor.py:830} INFO - Processing file /home/airflow/.local/lib/python3.12/site-packages/airflow/example_dags/example_branch_operator_decorator.py for tasks to queue
[2025-01-18T06:59:02.936+0000] {logging_mixin.py:188} INFO - [2025-01-18T06:59:02.936+0000] {dagbag.py:545} INFO - Filling up the DagBag from /home/airflow/.local/lib/python3.12/site-packages/airflow/example_dags/example_branch_operator_decorator.py
[2025-01-18T06:59:02.949+0000] {processor.py:840} INFO - DAG(s) 'example_branch_python_operator_decorator' retrieved from /home/airflow/.local/lib/python3.12/site-packages/airflow/example_dags/example_branch_operator_decorator.py
[2025-01-18T06:59:02.968+0000] {logging_mixin.py:188} INFO - [2025-01-18T06:59:02.968+0000] {dag.py:3089} INFO - Sync 1 DAGs
[2025-01-18T06:59:02.983+0000] {logging_mixin.py:188} INFO - [2025-01-18T06:59:02.983+0000] {dag.py:3947} INFO - Setting next_dagrun for example_branch_python_operator_decorator to 2025-01-17 00:00:00+00:00, run_after=2025-01-18 00:00:00+00:00
[2025-01-18T06:59:02.994+0000] {processor.py:183} INFO - Processing /home/airflow/.local/lib/python3.12/site-packages/airflow/example_dags/example_branch_operator_decorator.py took 0.065 seconds
[2025-01-18T06:59:47.987+0000] {processor.py:161} INFO - Started process (PID=9780) to work on /home/airflow/.local/lib/python3.12/site-packages/airflow/example_dags/example_branch_operator_decorator.py
[2025-01-18T06:59:47.988+0000] {processor.py:830} INFO - Processing file /home/airflow/.local/lib/python3.12/site-packages/airflow/example_dags/example_branch_operator_decorator.py for tasks to queue
[2025-01-18T06:59:47.989+0000] {logging_mixin.py:188} INFO - [2025-01-18T06:59:47.989+0000] {dagbag.py:545} INFO - Filling up the DagBag from /home/airflow/.local/lib/python3.12/site-packages/airflow/example_dags/example_branch_operator_decorator.py
[2025-01-18T06:59:48.000+0000] {processor.py:840} INFO - DAG(s) 'example_branch_python_operator_decorator' retrieved from /home/airflow/.local/lib/python3.12/site-packages/airflow/example_dags/example_branch_operator_decorator.py
[2025-01-18T06:59:48.019+0000] {logging_mixin.py:188} INFO - [2025-01-18T06:59:48.019+0000] {dag.py:3089} INFO - Sync 1 DAGs
[2025-01-18T06:59:48.031+0000] {logging_mixin.py:188} INFO - [2025-01-18T06:59:48.031+0000] {dag.py:3947} INFO - Setting next_dagrun for example_branch_python_operator_decorator to 2025-01-17 00:00:00+00:00, run_after=2025-01-18 00:00:00+00:00
[2025-01-18T06:59:48.044+0000] {processor.py:183} INFO - Processing /home/airflow/.local/lib/python3.12/site-packages/airflow/example_dags/example_branch_operator_decorator.py took 0.063 seconds
[2025-01-18T07:00:18.179+0000] {processor.py:161} INFO - Started process (PID=10057) to work on /home/airflow/.local/lib/python3.12/site-packages/airflow/example_dags/example_branch_operator_decorator.py
[2025-01-18T07:00:18.179+0000] {processor.py:830} INFO - Processing file /home/airflow/.local/lib/python3.12/site-packages/airflow/example_dags/example_branch_operator_decorator.py for tasks to queue
[2025-01-18T07:00:18.181+0000] {logging_mixin.py:188} INFO - [2025-01-18T07:00:18.180+0000] {dagbag.py:545} INFO - Filling up the DagBag from /home/airflow/.local/lib/python3.12/site-packages/airflow/example_dags/example_branch_operator_decorator.py
[2025-01-18T07:00:18.191+0000] {processor.py:840} INFO - DAG(s) 'example_branch_python_operator_decorator' retrieved from /home/airflow/.local/lib/python3.12/site-packages/airflow/example_dags/example_branch_operator_decorator.py
[2025-01-18T07:00:18.207+0000] {logging_mixin.py:188} INFO - [2025-01-18T07:00:18.206+0000] {dag.py:3089} INFO - Sync 1 DAGs
[2025-01-18T07:00:18.218+0000] {logging_mixin.py:188} INFO - [2025-01-18T07:00:18.218+0000] {dag.py:3947} INFO - Setting next_dagrun for example_branch_python_operator_decorator to 2025-01-17 00:00:00+00:00, run_after=2025-01-18 00:00:00+00:00
[2025-01-18T07:00:18.227+0000] {processor.py:183} INFO - Processing /home/airflow/.local/lib/python3.12/site-packages/airflow/example_dags/example_branch_operator_decorator.py took 0.052 seconds
[2025-01-18T07:00:48.643+0000] {processor.py:161} INFO - Started process (PID=10334) to work on /home/airflow/.local/lib/python3.12/site-packages/airflow/example_dags/example_branch_operator_decorator.py
[2025-01-18T07:00:48.644+0000] {processor.py:830} INFO - Processing file /home/airflow/.local/lib/python3.12/site-packages/airflow/example_dags/example_branch_operator_decorator.py for tasks to queue
[2025-01-18T07:00:48.645+0000] {logging_mixin.py:188} INFO - [2025-01-18T07:00:48.645+0000] {dagbag.py:545} INFO - Filling up the DagBag from /home/airflow/.local/lib/python3.12/site-packages/airflow/example_dags/example_branch_operator_decorator.py
[2025-01-18T07:00:48.661+0000] {processor.py:840} INFO - DAG(s) 'example_branch_python_operator_decorator' retrieved from /home/airflow/.local/lib/python3.12/site-packages/airflow/example_dags/example_branch_operator_decorator.py
[2025-01-18T07:00:48.682+0000] {logging_mixin.py:188} INFO - [2025-01-18T07:00:48.682+0000] {dag.py:3089} INFO - Sync 1 DAGs
[2025-01-18T07:00:48.699+0000] {logging_mixin.py:188} INFO - [2025-01-18T07:00:48.698+0000] {dag.py:3947} INFO - Setting next_dagrun for example_branch_python_operator_decorator to 2025-01-17 00:00:00+00:00, run_after=2025-01-18 00:00:00+00:00
[2025-01-18T07:00:48.713+0000] {processor.py:183} INFO - Processing /home/airflow/.local/lib/python3.12/site-packages/airflow/example_dags/example_branch_operator_decorator.py took 0.074 seconds
[2025-01-18T07:01:18.889+0000] {processor.py:161} INFO - Started process (PID=10611) to work on /home/airflow/.local/lib/python3.12/site-packages/airflow/example_dags/example_branch_operator_decorator.py
[2025-01-18T07:01:18.889+0000] {processor.py:830} INFO - Processing file /home/airflow/.local/lib/python3.12/site-packages/airflow/example_dags/example_branch_operator_decorator.py for tasks to queue
[2025-01-18T07:01:18.891+0000] {logging_mixin.py:188} INFO - [2025-01-18T07:01:18.890+0000] {dagbag.py:545} INFO - Filling up the DagBag from /home/airflow/.local/lib/python3.12/site-packages/airflow/example_dags/example_branch_operator_decorator.py
[2025-01-18T07:01:18.902+0000] {processor.py:840} INFO - DAG(s) 'example_branch_python_operator_decorator' retrieved from /home/airflow/.local/lib/python3.12/site-packages/airflow/example_dags/example_branch_operator_decorator.py
[2025-01-18T07:01:18.920+0000] {logging_mixin.py:188} INFO - [2025-01-18T07:01:18.920+0000] {dag.py:3089} INFO - Sync 1 DAGs
[2025-01-18T07:01:18.932+0000] {logging_mixin.py:188} INFO - [2025-01-18T07:01:18.931+0000] {dag.py:3947} INFO - Setting next_dagrun for example_branch_python_operator_decorator to 2025-01-17 00:00:00+00:00, run_after=2025-01-18 00:00:00+00:00
[2025-01-18T07:01:18.944+0000] {processor.py:183} INFO - Processing /home/airflow/.local/lib/python3.12/site-packages/airflow/example_dags/example_branch_operator_decorator.py took 0.060 seconds
[2025-01-18T07:01:49.307+0000] {processor.py:161} INFO - Started process (PID=10888) to work on /home/airflow/.local/lib/python3.12/site-packages/airflow/example_dags/example_branch_operator_decorator.py
[2025-01-18T07:01:49.310+0000] {processor.py:830} INFO - Processing file /home/airflow/.local/lib/python3.12/site-packages/airflow/example_dags/example_branch_operator_decorator.py for tasks to queue
[2025-01-18T07:01:49.315+0000] {logging_mixin.py:188} INFO - [2025-01-18T07:01:49.314+0000] {dagbag.py:545} INFO - Filling up the DagBag from /home/airflow/.local/lib/python3.12/site-packages/airflow/example_dags/example_branch_operator_decorator.py
[2025-01-18T07:01:49.327+0000] {processor.py:840} INFO - DAG(s) 'example_branch_python_operator_decorator' retrieved from /home/airflow/.local/lib/python3.12/site-packages/airflow/example_dags/example_branch_operator_decorator.py
[2025-01-18T07:01:49.345+0000] {logging_mixin.py:188} INFO - [2025-01-18T07:01:49.345+0000] {dag.py:3089} INFO - Sync 1 DAGs
[2025-01-18T07:01:49.360+0000] {logging_mixin.py:188} INFO - [2025-01-18T07:01:49.360+0000] {dag.py:3947} INFO - Setting next_dagrun for example_branch_python_operator_decorator to 2025-01-17 00:00:00+00:00, run_after=2025-01-18 00:00:00+00:00
[2025-01-18T07:01:49.372+0000] {processor.py:183} INFO - Processing /home/airflow/.local/lib/python3.12/site-packages/airflow/example_dags/example_branch_operator_decorator.py took 0.070 seconds
[2025-01-18T07:02:19.552+0000] {processor.py:161} INFO - Started process (PID=11165) to work on /home/airflow/.local/lib/python3.12/site-packages/airflow/example_dags/example_branch_operator_decorator.py
[2025-01-18T07:02:19.553+0000] {processor.py:830} INFO - Processing file /home/airflow/.local/lib/python3.12/site-packages/airflow/example_dags/example_branch_operator_decorator.py for tasks to queue
[2025-01-18T07:02:19.554+0000] {logging_mixin.py:188} INFO - [2025-01-18T07:02:19.554+0000] {dagbag.py:545} INFO - Filling up the DagBag from /home/airflow/.local/lib/python3.12/site-packages/airflow/example_dags/example_branch_operator_decorator.py
[2025-01-18T07:02:19.567+0000] {processor.py:840} INFO - DAG(s) 'example_branch_python_operator_decorator' retrieved from /home/airflow/.local/lib/python3.12/site-packages/airflow/example_dags/example_branch_operator_decorator.py
[2025-01-18T07:02:19.584+0000] {logging_mixin.py:188} INFO - [2025-01-18T07:02:19.584+0000] {dag.py:3089} INFO - Sync 1 DAGs
[2025-01-18T07:02:19.599+0000] {logging_mixin.py:188} INFO - [2025-01-18T07:02:19.599+0000] {dag.py:3947} INFO - Setting next_dagrun for example_branch_python_operator_decorator to 2025-01-17 00:00:00+00:00, run_after=2025-01-18 00:00:00+00:00
[2025-01-18T07:02:19.611+0000] {processor.py:183} INFO - Processing /home/airflow/.local/lib/python3.12/site-packages/airflow/example_dags/example_branch_operator_decorator.py took 0.063 seconds
[2025-01-18T07:02:49.989+0000] {processor.py:161} INFO - Started process (PID=11442) to work on /home/airflow/.local/lib/python3.12/site-packages/airflow/example_dags/example_branch_operator_decorator.py
[2025-01-18T07:02:49.990+0000] {processor.py:830} INFO - Processing file /home/airflow/.local/lib/python3.12/site-packages/airflow/example_dags/example_branch_operator_decorator.py for tasks to queue
[2025-01-18T07:02:49.991+0000] {logging_mixin.py:188} INFO - [2025-01-18T07:02:49.991+0000] {dagbag.py:545} INFO - Filling up the DagBag from /home/airflow/.local/lib/python3.12/site-packages/airflow/example_dags/example_branch_operator_decorator.py
[2025-01-18T07:02:50.003+0000] {processor.py:840} INFO - DAG(s) 'example_branch_python_operator_decorator' retrieved from /home/airflow/.local/lib/python3.12/site-packages/airflow/example_dags/example_branch_operator_decorator.py
[2025-01-18T07:02:50.019+0000] {logging_mixin.py:188} INFO - [2025-01-18T07:02:50.019+0000] {dag.py:3089} INFO - Sync 1 DAGs
[2025-01-18T07:02:50.031+0000] {logging_mixin.py:188} INFO - [2025-01-18T07:02:50.031+0000] {dag.py:3947} INFO - Setting next_dagrun for example_branch_python_operator_decorator to 2025-01-17 00:00:00+00:00, run_after=2025-01-18 00:00:00+00:00
[2025-01-18T07:02:50.044+0000] {processor.py:183} INFO - Processing /home/airflow/.local/lib/python3.12/site-packages/airflow/example_dags/example_branch_operator_decorator.py took 0.059 seconds
[2025-01-18T07:03:21.173+0000] {processor.py:161} INFO - Started process (PID=11722) to work on /home/airflow/.local/lib/python3.12/site-packages/airflow/example_dags/example_branch_operator_decorator.py
[2025-01-18T07:03:21.174+0000] {processor.py:830} INFO - Processing file /home/airflow/.local/lib/python3.12/site-packages/airflow/example_dags/example_branch_operator_decorator.py for tasks to queue
[2025-01-18T07:03:21.176+0000] {logging_mixin.py:188} INFO - [2025-01-18T07:03:21.176+0000] {dagbag.py:545} INFO - Filling up the DagBag from /home/airflow/.local/lib/python3.12/site-packages/airflow/example_dags/example_branch_operator_decorator.py
[2025-01-18T07:03:21.188+0000] {processor.py:840} INFO - DAG(s) 'example_branch_python_operator_decorator' retrieved from /home/airflow/.local/lib/python3.12/site-packages/airflow/example_dags/example_branch_operator_decorator.py
[2025-01-18T07:03:21.205+0000] {logging_mixin.py:188} INFO - [2025-01-18T07:03:21.205+0000] {dag.py:3089} INFO - Sync 1 DAGs
[2025-01-18T07:03:21.217+0000] {logging_mixin.py:188} INFO - [2025-01-18T07:03:21.217+0000] {dag.py:3947} INFO - Setting next_dagrun for example_branch_python_operator_decorator to 2025-01-17 00:00:00+00:00, run_after=2025-01-18 00:00:00+00:00
[2025-01-18T07:03:21.228+0000] {processor.py:183} INFO - Processing /home/airflow/.local/lib/python3.12/site-packages/airflow/example_dags/example_branch_operator_decorator.py took 0.058 seconds
[2025-01-18T07:03:52.200+0000] {processor.py:161} INFO - Started process (PID=11998) to work on /home/airflow/.local/lib/python3.12/site-packages/airflow/example_dags/example_branch_operator_decorator.py
[2025-01-18T07:03:52.201+0000] {processor.py:830} INFO - Processing file /home/airflow/.local/lib/python3.12/site-packages/airflow/example_dags/example_branch_operator_decorator.py for tasks to queue
[2025-01-18T07:03:52.202+0000] {logging_mixin.py:188} INFO - [2025-01-18T07:03:52.202+0000] {dagbag.py:545} INFO - Filling up the DagBag from /home/airflow/.local/lib/python3.12/site-packages/airflow/example_dags/example_branch_operator_decorator.py
[2025-01-18T07:03:52.214+0000] {processor.py:840} INFO - DAG(s) 'example_branch_python_operator_decorator' retrieved from /home/airflow/.local/lib/python3.12/site-packages/airflow/example_dags/example_branch_operator_decorator.py
[2025-01-18T07:03:52.231+0000] {logging_mixin.py:188} INFO - [2025-01-18T07:03:52.231+0000] {dag.py:3089} INFO - Sync 1 DAGs
[2025-01-18T07:03:52.245+0000] {logging_mixin.py:188} INFO - [2025-01-18T07:03:52.245+0000] {dag.py:3947} INFO - Setting next_dagrun for example_branch_python_operator_decorator to 2025-01-17 00:00:00+00:00, run_after=2025-01-18 00:00:00+00:00
[2025-01-18T07:03:52.257+0000] {processor.py:183} INFO - Processing /home/airflow/.local/lib/python3.12/site-packages/airflow/example_dags/example_branch_operator_decorator.py took 0.060 seconds
[2025-01-18T07:04:22.765+0000] {processor.py:161} INFO - Started process (PID=12275) to work on /home/airflow/.local/lib/python3.12/site-packages/airflow/example_dags/example_branch_operator_decorator.py
[2025-01-18T07:04:22.766+0000] {processor.py:830} INFO - Processing file /home/airflow/.local/lib/python3.12/site-packages/airflow/example_dags/example_branch_operator_decorator.py for tasks to queue
[2025-01-18T07:04:22.768+0000] {logging_mixin.py:188} INFO - [2025-01-18T07:04:22.767+0000] {dagbag.py:545} INFO - Filling up the DagBag from /home/airflow/.local/lib/python3.12/site-packages/airflow/example_dags/example_branch_operator_decorator.py
[2025-01-18T07:04:22.780+0000] {processor.py:840} INFO - DAG(s) 'example_branch_python_operator_decorator' retrieved from /home/airflow/.local/lib/python3.12/site-packages/airflow/example_dags/example_branch_operator_decorator.py
[2025-01-18T07:04:22.797+0000] {logging_mixin.py:188} INFO - [2025-01-18T07:04:22.797+0000] {dag.py:3089} INFO - Sync 1 DAGs
[2025-01-18T07:04:22.810+0000] {logging_mixin.py:188} INFO - [2025-01-18T07:04:22.809+0000] {dag.py:3947} INFO - Setting next_dagrun for example_branch_python_operator_decorator to 2025-01-17 00:00:00+00:00, run_after=2025-01-18 00:00:00+00:00
[2025-01-18T07:04:22.821+0000] {processor.py:183} INFO - Processing /home/airflow/.local/lib/python3.12/site-packages/airflow/example_dags/example_branch_operator_decorator.py took 0.059 seconds
[2025-01-18T07:04:53.157+0000] {processor.py:161} INFO - Started process (PID=12552) to work on /home/airflow/.local/lib/python3.12/site-packages/airflow/example_dags/example_branch_operator_decorator.py
[2025-01-18T07:04:53.159+0000] {processor.py:830} INFO - Processing file /home/airflow/.local/lib/python3.12/site-packages/airflow/example_dags/example_branch_operator_decorator.py for tasks to queue
[2025-01-18T07:04:53.161+0000] {logging_mixin.py:188} INFO - [2025-01-18T07:04:53.160+0000] {dagbag.py:545} INFO - Filling up the DagBag from /home/airflow/.local/lib/python3.12/site-packages/airflow/example_dags/example_branch_operator_decorator.py
[2025-01-18T07:04:53.173+0000] {processor.py:840} INFO - DAG(s) 'example_branch_python_operator_decorator' retrieved from /home/airflow/.local/lib/python3.12/site-packages/airflow/example_dags/example_branch_operator_decorator.py
[2025-01-18T07:04:53.194+0000] {logging_mixin.py:188} INFO - [2025-01-18T07:04:53.194+0000] {dag.py:3089} INFO - Sync 1 DAGs
[2025-01-18T07:04:53.211+0000] {logging_mixin.py:188} INFO - [2025-01-18T07:04:53.211+0000] {dag.py:3947} INFO - Setting next_dagrun for example_branch_python_operator_decorator to 2025-01-17 00:00:00+00:00, run_after=2025-01-18 00:00:00+00:00
[2025-01-18T07:04:53.224+0000] {processor.py:183} INFO - Processing /home/airflow/.local/lib/python3.12/site-packages/airflow/example_dags/example_branch_operator_decorator.py took 0.071 seconds
[2025-01-18T07:05:24.252+0000] {processor.py:161} INFO - Started process (PID=12829) to work on /home/airflow/.local/lib/python3.12/site-packages/airflow/example_dags/example_branch_operator_decorator.py
[2025-01-18T07:05:24.253+0000] {processor.py:830} INFO - Processing file /home/airflow/.local/lib/python3.12/site-packages/airflow/example_dags/example_branch_operator_decorator.py for tasks to queue
[2025-01-18T07:05:24.254+0000] {logging_mixin.py:188} INFO - [2025-01-18T07:05:24.254+0000] {dagbag.py:545} INFO - Filling up the DagBag from /home/airflow/.local/lib/python3.12/site-packages/airflow/example_dags/example_branch_operator_decorator.py
[2025-01-18T07:05:24.269+0000] {processor.py:840} INFO - DAG(s) 'example_branch_python_operator_decorator' retrieved from /home/airflow/.local/lib/python3.12/site-packages/airflow/example_dags/example_branch_operator_decorator.py
[2025-01-18T07:05:24.293+0000] {logging_mixin.py:188} INFO - [2025-01-18T07:05:24.292+0000] {dag.py:3089} INFO - Sync 1 DAGs
[2025-01-18T07:05:24.412+0000] {logging_mixin.py:188} INFO - [2025-01-18T07:05:24.412+0000] {dag.py:3947} INFO - Setting next_dagrun for example_branch_python_operator_decorator to 2025-01-17 00:00:00+00:00, run_after=2025-01-18 00:00:00+00:00
[2025-01-18T07:05:24.424+0000] {processor.py:183} INFO - Processing /home/airflow/.local/lib/python3.12/site-packages/airflow/example_dags/example_branch_operator_decorator.py took 0.176 seconds
[2025-01-18T07:05:54.573+0000] {processor.py:161} INFO - Started process (PID=13100) to work on /home/airflow/.local/lib/python3.12/site-packages/airflow/example_dags/example_branch_operator_decorator.py
[2025-01-18T07:05:54.573+0000] {processor.py:830} INFO - Processing file /home/airflow/.local/lib/python3.12/site-packages/airflow/example_dags/example_branch_operator_decorator.py for tasks to queue
[2025-01-18T07:05:54.574+0000] {logging_mixin.py:188} INFO - [2025-01-18T07:05:54.574+0000] {dagbag.py:545} INFO - Filling up the DagBag from /home/airflow/.local/lib/python3.12/site-packages/airflow/example_dags/example_branch_operator_decorator.py
[2025-01-18T07:05:54.586+0000] {processor.py:840} INFO - DAG(s) 'example_branch_python_operator_decorator' retrieved from /home/airflow/.local/lib/python3.12/site-packages/airflow/example_dags/example_branch_operator_decorator.py
[2025-01-18T07:05:54.601+0000] {logging_mixin.py:188} INFO - [2025-01-18T07:05:54.601+0000] {dag.py:3089} INFO - Sync 1 DAGs
[2025-01-18T07:05:54.612+0000] {logging_mixin.py:188} INFO - [2025-01-18T07:05:54.612+0000] {dag.py:3947} INFO - Setting next_dagrun for example_branch_python_operator_decorator to 2025-01-17 00:00:00+00:00, run_after=2025-01-18 00:00:00+00:00
[2025-01-18T07:05:54.625+0000] {processor.py:183} INFO - Processing /home/airflow/.local/lib/python3.12/site-packages/airflow/example_dags/example_branch_operator_decorator.py took 0.057 seconds
[2025-01-18T07:06:24.770+0000] {processor.py:161} INFO - Started process (PID=13372) to work on /home/airflow/.local/lib/python3.12/site-packages/airflow/example_dags/example_branch_operator_decorator.py
[2025-01-18T07:06:24.771+0000] {processor.py:830} INFO - Processing file /home/airflow/.local/lib/python3.12/site-packages/airflow/example_dags/example_branch_operator_decorator.py for tasks to queue
[2025-01-18T07:06:24.773+0000] {logging_mixin.py:188} INFO - [2025-01-18T07:06:24.773+0000] {dagbag.py:545} INFO - Filling up the DagBag from /home/airflow/.local/lib/python3.12/site-packages/airflow/example_dags/example_branch_operator_decorator.py
[2025-01-18T07:06:24.787+0000] {processor.py:840} INFO - DAG(s) 'example_branch_python_operator_decorator' retrieved from /home/airflow/.local/lib/python3.12/site-packages/airflow/example_dags/example_branch_operator_decorator.py
[2025-01-18T07:06:24.818+0000] {logging_mixin.py:188} INFO - [2025-01-18T07:06:24.818+0000] {dag.py:3089} INFO - Sync 1 DAGs
[2025-01-18T07:06:24.835+0000] {logging_mixin.py:188} INFO - [2025-01-18T07:06:24.835+0000] {dag.py:3947} INFO - Setting next_dagrun for example_branch_python_operator_decorator to 2025-01-17 00:00:00+00:00, run_after=2025-01-18 00:00:00+00:00
[2025-01-18T07:06:24.845+0000] {processor.py:183} INFO - Processing /home/airflow/.local/lib/python3.12/site-packages/airflow/example_dags/example_branch_operator_decorator.py took 0.080 seconds
[2025-01-18T07:06:55.358+0000] {processor.py:161} INFO - Started process (PID=13656) to work on /home/airflow/.local/lib/python3.12/site-packages/airflow/example_dags/example_branch_operator_decorator.py
[2025-01-18T07:06:55.359+0000] {processor.py:830} INFO - Processing file /home/airflow/.local/lib/python3.12/site-packages/airflow/example_dags/example_branch_operator_decorator.py for tasks to queue
[2025-01-18T07:06:55.360+0000] {logging_mixin.py:188} INFO - [2025-01-18T07:06:55.360+0000] {dagbag.py:545} INFO - Filling up the DagBag from /home/airflow/.local/lib/python3.12/site-packages/airflow/example_dags/example_branch_operator_decorator.py
[2025-01-18T07:06:55.370+0000] {processor.py:840} INFO - DAG(s) 'example_branch_python_operator_decorator' retrieved from /home/airflow/.local/lib/python3.12/site-packages/airflow/example_dags/example_branch_operator_decorator.py
[2025-01-18T07:06:55.490+0000] {logging_mixin.py:188} INFO - [2025-01-18T07:06:55.490+0000] {dag.py:3089} INFO - Sync 1 DAGs
[2025-01-18T07:06:55.505+0000] {logging_mixin.py:188} INFO - [2025-01-18T07:06:55.505+0000] {dag.py:3947} INFO - Setting next_dagrun for example_branch_python_operator_decorator to 2025-01-17 00:00:00+00:00, run_after=2025-01-18 00:00:00+00:00
[2025-01-18T07:06:55.517+0000] {processor.py:183} INFO - Processing /home/airflow/.local/lib/python3.12/site-packages/airflow/example_dags/example_branch_operator_decorator.py took 0.163 seconds
[2025-01-18T07:07:26.507+0000] {processor.py:161} INFO - Started process (PID=13931) to work on /home/airflow/.local/lib/python3.12/site-packages/airflow/example_dags/example_branch_operator_decorator.py
[2025-01-18T07:07:26.508+0000] {processor.py:830} INFO - Processing file /home/airflow/.local/lib/python3.12/site-packages/airflow/example_dags/example_branch_operator_decorator.py for tasks to queue
[2025-01-18T07:07:26.509+0000] {logging_mixin.py:188} INFO - [2025-01-18T07:07:26.509+0000] {dagbag.py:545} INFO - Filling up the DagBag from /home/airflow/.local/lib/python3.12/site-packages/airflow/example_dags/example_branch_operator_decorator.py
[2025-01-18T07:07:26.521+0000] {processor.py:840} INFO - DAG(s) 'example_branch_python_operator_decorator' retrieved from /home/airflow/.local/lib/python3.12/site-packages/airflow/example_dags/example_branch_operator_decorator.py
[2025-01-18T07:07:26.539+0000] {logging_mixin.py:188} INFO - [2025-01-18T07:07:26.539+0000] {dag.py:3089} INFO - Sync 1 DAGs
[2025-01-18T07:07:26.679+0000] {logging_mixin.py:188} INFO - [2025-01-18T07:07:26.679+0000] {dag.py:3947} INFO - Setting next_dagrun for example_branch_python_operator_decorator to 2025-01-17 00:00:00+00:00, run_after=2025-01-18 00:00:00+00:00
[2025-01-18T07:07:26.691+0000] {processor.py:183} INFO - Processing /home/airflow/.local/lib/python3.12/site-packages/airflow/example_dags/example_branch_operator_decorator.py took 0.188 seconds
[2025-01-18T07:07:56.737+0000] {processor.py:161} INFO - Started process (PID=14208) to work on /home/airflow/.local/lib/python3.12/site-packages/airflow/example_dags/example_branch_operator_decorator.py
[2025-01-18T07:07:56.738+0000] {processor.py:830} INFO - Processing file /home/airflow/.local/lib/python3.12/site-packages/airflow/example_dags/example_branch_operator_decorator.py for tasks to queue
[2025-01-18T07:07:56.739+0000] {logging_mixin.py:188} INFO - [2025-01-18T07:07:56.739+0000] {dagbag.py:545} INFO - Filling up the DagBag from /home/airflow/.local/lib/python3.12/site-packages/airflow/example_dags/example_branch_operator_decorator.py
[2025-01-18T07:07:56.750+0000] {processor.py:840} INFO - DAG(s) 'example_branch_python_operator_decorator' retrieved from /home/airflow/.local/lib/python3.12/site-packages/airflow/example_dags/example_branch_operator_decorator.py
[2025-01-18T07:07:56.766+0000] {logging_mixin.py:188} INFO - [2025-01-18T07:07:56.766+0000] {dag.py:3089} INFO - Sync 1 DAGs
[2025-01-18T07:07:56.781+0000] {logging_mixin.py:188} INFO - [2025-01-18T07:07:56.781+0000] {dag.py:3947} INFO - Setting next_dagrun for example_branch_python_operator_decorator to 2025-01-17 00:00:00+00:00, run_after=2025-01-18 00:00:00+00:00
[2025-01-18T07:07:56.913+0000] {processor.py:183} INFO - Processing /home/airflow/.local/lib/python3.12/site-packages/airflow/example_dags/example_branch_operator_decorator.py took 0.181 seconds
[2025-01-18T07:08:26.992+0000] {processor.py:161} INFO - Started process (PID=14483) to work on /home/airflow/.local/lib/python3.12/site-packages/airflow/example_dags/example_branch_operator_decorator.py
[2025-01-18T07:08:26.993+0000] {processor.py:830} INFO - Processing file /home/airflow/.local/lib/python3.12/site-packages/airflow/example_dags/example_branch_operator_decorator.py for tasks to queue
[2025-01-18T07:08:26.994+0000] {logging_mixin.py:188} INFO - [2025-01-18T07:08:26.994+0000] {dagbag.py:545} INFO - Filling up the DagBag from /home/airflow/.local/lib/python3.12/site-packages/airflow/example_dags/example_branch_operator_decorator.py
[2025-01-18T07:08:27.005+0000] {processor.py:840} INFO - DAG(s) 'example_branch_python_operator_decorator' retrieved from /home/airflow/.local/lib/python3.12/site-packages/airflow/example_dags/example_branch_operator_decorator.py
[2025-01-18T07:08:27.022+0000] {logging_mixin.py:188} INFO - [2025-01-18T07:08:27.022+0000] {dag.py:3089} INFO - Sync 1 DAGs
[2025-01-18T07:08:27.034+0000] {logging_mixin.py:188} INFO - [2025-01-18T07:08:27.034+0000] {dag.py:3947} INFO - Setting next_dagrun for example_branch_python_operator_decorator to 2025-01-17 00:00:00+00:00, run_after=2025-01-18 00:00:00+00:00
[2025-01-18T07:08:27.045+0000] {processor.py:183} INFO - Processing /home/airflow/.local/lib/python3.12/site-packages/airflow/example_dags/example_branch_operator_decorator.py took 0.056 seconds
[2025-01-18T07:08:57.093+0000] {processor.py:161} INFO - Started process (PID=14758) to work on /home/airflow/.local/lib/python3.12/site-packages/airflow/example_dags/example_branch_operator_decorator.py
[2025-01-18T07:08:57.094+0000] {processor.py:830} INFO - Processing file /home/airflow/.local/lib/python3.12/site-packages/airflow/example_dags/example_branch_operator_decorator.py for tasks to queue
[2025-01-18T07:08:57.095+0000] {logging_mixin.py:188} INFO - [2025-01-18T07:08:57.095+0000] {dagbag.py:545} INFO - Filling up the DagBag from /home/airflow/.local/lib/python3.12/site-packages/airflow/example_dags/example_branch_operator_decorator.py
[2025-01-18T07:08:57.106+0000] {processor.py:840} INFO - DAG(s) 'example_branch_python_operator_decorator' retrieved from /home/airflow/.local/lib/python3.12/site-packages/airflow/example_dags/example_branch_operator_decorator.py
[2025-01-18T07:08:57.123+0000] {logging_mixin.py:188} INFO - [2025-01-18T07:08:57.123+0000] {dag.py:3089} INFO - Sync 1 DAGs
[2025-01-18T07:08:57.135+0000] {logging_mixin.py:188} INFO - [2025-01-18T07:08:57.135+0000] {dag.py:3947} INFO - Setting next_dagrun for example_branch_python_operator_decorator to 2025-01-17 00:00:00+00:00, run_after=2025-01-18 00:00:00+00:00
[2025-01-18T07:08:57.145+0000] {processor.py:183} INFO - Processing /home/airflow/.local/lib/python3.12/site-packages/airflow/example_dags/example_branch_operator_decorator.py took 0.057 seconds
[2025-01-18T07:09:27.954+0000] {processor.py:161} INFO - Started process (PID=15040) to work on /home/airflow/.local/lib/python3.12/site-packages/airflow/example_dags/example_branch_operator_decorator.py
[2025-01-18T07:09:27.955+0000] {processor.py:830} INFO - Processing file /home/airflow/.local/lib/python3.12/site-packages/airflow/example_dags/example_branch_operator_decorator.py for tasks to queue
[2025-01-18T07:09:27.956+0000] {logging_mixin.py:188} INFO - [2025-01-18T07:09:27.956+0000] {dagbag.py:545} INFO - Filling up the DagBag from /home/airflow/.local/lib/python3.12/site-packages/airflow/example_dags/example_branch_operator_decorator.py
[2025-01-18T07:09:27.967+0000] {processor.py:840} INFO - DAG(s) 'example_branch_python_operator_decorator' retrieved from /home/airflow/.local/lib/python3.12/site-packages/airflow/example_dags/example_branch_operator_decorator.py
[2025-01-18T07:09:27.985+0000] {logging_mixin.py:188} INFO - [2025-01-18T07:09:27.985+0000] {dag.py:3089} INFO - Sync 1 DAGs
[2025-01-18T07:09:27.998+0000] {logging_mixin.py:188} INFO - [2025-01-18T07:09:27.998+0000] {dag.py:3947} INFO - Setting next_dagrun for example_branch_python_operator_decorator to 2025-01-17 00:00:00+00:00, run_after=2025-01-18 00:00:00+00:00
[2025-01-18T07:09:28.009+0000] {processor.py:183} INFO - Processing /home/airflow/.local/lib/python3.12/site-packages/airflow/example_dags/example_branch_operator_decorator.py took 0.059 seconds
[2025-01-18T07:09:58.819+0000] {processor.py:161} INFO - Started process (PID=15323) to work on /home/airflow/.local/lib/python3.12/site-packages/airflow/example_dags/example_branch_operator_decorator.py
[2025-01-18T07:09:58.819+0000] {processor.py:830} INFO - Processing file /home/airflow/.local/lib/python3.12/site-packages/airflow/example_dags/example_branch_operator_decorator.py for tasks to queue
[2025-01-18T07:09:58.821+0000] {logging_mixin.py:188} INFO - [2025-01-18T07:09:58.820+0000] {dagbag.py:545} INFO - Filling up the DagBag from /home/airflow/.local/lib/python3.12/site-packages/airflow/example_dags/example_branch_operator_decorator.py
[2025-01-18T07:09:58.832+0000] {processor.py:840} INFO - DAG(s) 'example_branch_python_operator_decorator' retrieved from /home/airflow/.local/lib/python3.12/site-packages/airflow/example_dags/example_branch_operator_decorator.py
[2025-01-18T07:09:58.848+0000] {logging_mixin.py:188} INFO - [2025-01-18T07:09:58.848+0000] {dag.py:3089} INFO - Sync 1 DAGs
[2025-01-18T07:09:58.860+0000] {logging_mixin.py:188} INFO - [2025-01-18T07:09:58.860+0000] {dag.py:3947} INFO - Setting next_dagrun for example_branch_python_operator_decorator to 2025-01-17 00:00:00+00:00, run_after=2025-01-18 00:00:00+00:00
[2025-01-18T07:09:58.872+0000] {processor.py:183} INFO - Processing /home/airflow/.local/lib/python3.12/site-packages/airflow/example_dags/example_branch_operator_decorator.py took 0.057 seconds
[2025-01-18T07:10:29.246+0000] {processor.py:161} INFO - Started process (PID=15605) to work on /home/airflow/.local/lib/python3.12/site-packages/airflow/example_dags/example_branch_operator_decorator.py
[2025-01-18T07:10:29.247+0000] {processor.py:830} INFO - Processing file /home/airflow/.local/lib/python3.12/site-packages/airflow/example_dags/example_branch_operator_decorator.py for tasks to queue
[2025-01-18T07:10:29.248+0000] {logging_mixin.py:188} INFO - [2025-01-18T07:10:29.248+0000] {dagbag.py:545} INFO - Filling up the DagBag from /home/airflow/.local/lib/python3.12/site-packages/airflow/example_dags/example_branch_operator_decorator.py
[2025-01-18T07:10:29.261+0000] {processor.py:840} INFO - DAG(s) 'example_branch_python_operator_decorator' retrieved from /home/airflow/.local/lib/python3.12/site-packages/airflow/example_dags/example_branch_operator_decorator.py
[2025-01-18T07:10:29.280+0000] {logging_mixin.py:188} INFO - [2025-01-18T07:10:29.280+0000] {dag.py:3089} INFO - Sync 1 DAGs
[2025-01-18T07:10:29.294+0000] {logging_mixin.py:188} INFO - [2025-01-18T07:10:29.294+0000] {dag.py:3947} INFO - Setting next_dagrun for example_branch_python_operator_decorator to 2025-01-17 00:00:00+00:00, run_after=2025-01-18 00:00:00+00:00
[2025-01-18T07:10:29.307+0000] {processor.py:183} INFO - Processing /home/airflow/.local/lib/python3.12/site-packages/airflow/example_dags/example_branch_operator_decorator.py took 0.065 seconds
[2025-01-18T07:10:59.419+0000] {processor.py:161} INFO - Started process (PID=15887) to work on /home/airflow/.local/lib/python3.12/site-packages/airflow/example_dags/example_branch_operator_decorator.py
[2025-01-18T07:10:59.420+0000] {processor.py:830} INFO - Processing file /home/airflow/.local/lib/python3.12/site-packages/airflow/example_dags/example_branch_operator_decorator.py for tasks to queue
[2025-01-18T07:10:59.421+0000] {logging_mixin.py:188} INFO - [2025-01-18T07:10:59.421+0000] {dagbag.py:545} INFO - Filling up the DagBag from /home/airflow/.local/lib/python3.12/site-packages/airflow/example_dags/example_branch_operator_decorator.py
[2025-01-18T07:10:59.432+0000] {processor.py:840} INFO - DAG(s) 'example_branch_python_operator_decorator' retrieved from /home/airflow/.local/lib/python3.12/site-packages/airflow/example_dags/example_branch_operator_decorator.py
[2025-01-18T07:10:59.450+0000] {logging_mixin.py:188} INFO - [2025-01-18T07:10:59.450+0000] {dag.py:3089} INFO - Sync 1 DAGs
[2025-01-18T07:10:59.463+0000] {logging_mixin.py:188} INFO - [2025-01-18T07:10:59.463+0000] {dag.py:3947} INFO - Setting next_dagrun for example_branch_python_operator_decorator to 2025-01-17 00:00:00+00:00, run_after=2025-01-18 00:00:00+00:00
[2025-01-18T07:10:59.476+0000] {processor.py:183} INFO - Processing /home/airflow/.local/lib/python3.12/site-packages/airflow/example_dags/example_branch_operator_decorator.py took 0.061 seconds
[2025-01-18T07:12:33.330+0000] {processor.py:161} INFO - Started process (PID=16280) to work on /home/airflow/.local/lib/python3.12/site-packages/airflow/example_dags/example_branch_operator_decorator.py
[2025-01-18T07:12:33.332+0000] {processor.py:830} INFO - Processing file /home/airflow/.local/lib/python3.12/site-packages/airflow/example_dags/example_branch_operator_decorator.py for tasks to queue
[2025-01-18T07:12:33.333+0000] {logging_mixin.py:188} INFO - [2025-01-18T07:12:33.333+0000] {dagbag.py:545} INFO - Filling up the DagBag from /home/airflow/.local/lib/python3.12/site-packages/airflow/example_dags/example_branch_operator_decorator.py
[2025-01-18T07:12:33.349+0000] {processor.py:840} INFO - DAG(s) 'example_branch_python_operator_decorator' retrieved from /home/airflow/.local/lib/python3.12/site-packages/airflow/example_dags/example_branch_operator_decorator.py
[2025-01-18T07:12:33.368+0000] {logging_mixin.py:188} INFO - [2025-01-18T07:12:33.368+0000] {dag.py:3089} INFO - Sync 1 DAGs
[2025-01-18T07:12:33.385+0000] {logging_mixin.py:188} INFO - [2025-01-18T07:12:33.385+0000] {dag.py:3947} INFO - Setting next_dagrun for example_branch_python_operator_decorator to 2025-01-17 00:00:00+00:00, run_after=2025-01-18 00:00:00+00:00
[2025-01-18T07:12:33.397+0000] {processor.py:183} INFO - Processing /home/airflow/.local/lib/python3.12/site-packages/airflow/example_dags/example_branch_operator_decorator.py took 0.072 seconds
[2025-01-18T07:13:03.715+0000] {processor.py:161} INFO - Started process (PID=16562) to work on /home/airflow/.local/lib/python3.12/site-packages/airflow/example_dags/example_branch_operator_decorator.py
[2025-01-18T07:13:03.717+0000] {processor.py:830} INFO - Processing file /home/airflow/.local/lib/python3.12/site-packages/airflow/example_dags/example_branch_operator_decorator.py for tasks to queue
[2025-01-18T07:13:03.719+0000] {logging_mixin.py:188} INFO - [2025-01-18T07:13:03.719+0000] {dagbag.py:545} INFO - Filling up the DagBag from /home/airflow/.local/lib/python3.12/site-packages/airflow/example_dags/example_branch_operator_decorator.py
[2025-01-18T07:13:03.733+0000] {processor.py:840} INFO - DAG(s) 'example_branch_python_operator_decorator' retrieved from /home/airflow/.local/lib/python3.12/site-packages/airflow/example_dags/example_branch_operator_decorator.py
[2025-01-18T07:13:03.752+0000] {logging_mixin.py:188} INFO - [2025-01-18T07:13:03.752+0000] {dag.py:3089} INFO - Sync 1 DAGs
[2025-01-18T07:13:03.766+0000] {logging_mixin.py:188} INFO - [2025-01-18T07:13:03.765+0000] {dag.py:3947} INFO - Setting next_dagrun for example_branch_python_operator_decorator to 2025-01-17 00:00:00+00:00, run_after=2025-01-18 00:00:00+00:00
[2025-01-18T07:13:03.780+0000] {processor.py:183} INFO - Processing /home/airflow/.local/lib/python3.12/site-packages/airflow/example_dags/example_branch_operator_decorator.py took 0.071 seconds
[2025-01-18T07:13:34.592+0000] {processor.py:161} INFO - Started process (PID=16844) to work on /home/airflow/.local/lib/python3.12/site-packages/airflow/example_dags/example_branch_operator_decorator.py
[2025-01-18T07:13:34.593+0000] {processor.py:830} INFO - Processing file /home/airflow/.local/lib/python3.12/site-packages/airflow/example_dags/example_branch_operator_decorator.py for tasks to queue
[2025-01-18T07:13:34.594+0000] {logging_mixin.py:188} INFO - [2025-01-18T07:13:34.594+0000] {dagbag.py:545} INFO - Filling up the DagBag from /home/airflow/.local/lib/python3.12/site-packages/airflow/example_dags/example_branch_operator_decorator.py
[2025-01-18T07:13:34.612+0000] {processor.py:840} INFO - DAG(s) 'example_branch_python_operator_decorator' retrieved from /home/airflow/.local/lib/python3.12/site-packages/airflow/example_dags/example_branch_operator_decorator.py
[2025-01-18T07:13:34.630+0000] {logging_mixin.py:188} INFO - [2025-01-18T07:13:34.630+0000] {dag.py:3089} INFO - Sync 1 DAGs
[2025-01-18T07:13:34.645+0000] {logging_mixin.py:188} INFO - [2025-01-18T07:13:34.644+0000] {dag.py:3947} INFO - Setting next_dagrun for example_branch_python_operator_decorator to 2025-01-17 00:00:00+00:00, run_after=2025-01-18 00:00:00+00:00
[2025-01-18T07:13:34.657+0000] {processor.py:183} INFO - Processing /home/airflow/.local/lib/python3.12/site-packages/airflow/example_dags/example_branch_operator_decorator.py took 0.070 seconds
[2025-01-18T07:14:05.075+0000] {processor.py:161} INFO - Started process (PID=17128) to work on /home/airflow/.local/lib/python3.12/site-packages/airflow/example_dags/example_branch_operator_decorator.py
[2025-01-18T07:14:05.076+0000] {processor.py:830} INFO - Processing file /home/airflow/.local/lib/python3.12/site-packages/airflow/example_dags/example_branch_operator_decorator.py for tasks to queue
[2025-01-18T07:14:05.078+0000] {logging_mixin.py:188} INFO - [2025-01-18T07:14:05.077+0000] {dagbag.py:545} INFO - Filling up the DagBag from /home/airflow/.local/lib/python3.12/site-packages/airflow/example_dags/example_branch_operator_decorator.py
[2025-01-18T07:14:05.089+0000] {processor.py:840} INFO - DAG(s) 'example_branch_python_operator_decorator' retrieved from /home/airflow/.local/lib/python3.12/site-packages/airflow/example_dags/example_branch_operator_decorator.py
[2025-01-18T07:14:05.109+0000] {logging_mixin.py:188} INFO - [2025-01-18T07:14:05.109+0000] {dag.py:3089} INFO - Sync 1 DAGs
[2025-01-18T07:14:05.122+0000] {logging_mixin.py:188} INFO - [2025-01-18T07:14:05.122+0000] {dag.py:3947} INFO - Setting next_dagrun for example_branch_python_operator_decorator to 2025-01-17 00:00:00+00:00, run_after=2025-01-18 00:00:00+00:00
[2025-01-18T07:14:05.135+0000] {processor.py:183} INFO - Processing /home/airflow/.local/lib/python3.12/site-packages/airflow/example_dags/example_branch_operator_decorator.py took 0.064 seconds
[2025-01-18T07:14:36.100+0000] {processor.py:161} INFO - Started process (PID=17411) to work on /home/airflow/.local/lib/python3.12/site-packages/airflow/example_dags/example_branch_operator_decorator.py
[2025-01-18T07:14:36.101+0000] {processor.py:830} INFO - Processing file /home/airflow/.local/lib/python3.12/site-packages/airflow/example_dags/example_branch_operator_decorator.py for tasks to queue
[2025-01-18T07:14:36.103+0000] {logging_mixin.py:188} INFO - [2025-01-18T07:14:36.102+0000] {dagbag.py:545} INFO - Filling up the DagBag from /home/airflow/.local/lib/python3.12/site-packages/airflow/example_dags/example_branch_operator_decorator.py
[2025-01-18T07:14:36.115+0000] {processor.py:840} INFO - DAG(s) 'example_branch_python_operator_decorator' retrieved from /home/airflow/.local/lib/python3.12/site-packages/airflow/example_dags/example_branch_operator_decorator.py
[2025-01-18T07:14:36.135+0000] {logging_mixin.py:188} INFO - [2025-01-18T07:14:36.135+0000] {dag.py:3089} INFO - Sync 1 DAGs
[2025-01-18T07:14:36.150+0000] {logging_mixin.py:188} INFO - [2025-01-18T07:14:36.150+0000] {dag.py:3947} INFO - Setting next_dagrun for example_branch_python_operator_decorator to 2025-01-17 00:00:00+00:00, run_after=2025-01-18 00:00:00+00:00
[2025-01-18T07:14:36.161+0000] {processor.py:183} INFO - Processing /home/airflow/.local/lib/python3.12/site-packages/airflow/example_dags/example_branch_operator_decorator.py took 0.067 seconds
[2025-01-18T07:15:07.090+0000] {processor.py:161} INFO - Started process (PID=17694) to work on /home/airflow/.local/lib/python3.12/site-packages/airflow/example_dags/example_branch_operator_decorator.py
[2025-01-18T07:15:07.091+0000] {processor.py:830} INFO - Processing file /home/airflow/.local/lib/python3.12/site-packages/airflow/example_dags/example_branch_operator_decorator.py for tasks to queue
[2025-01-18T07:15:07.092+0000] {logging_mixin.py:188} INFO - [2025-01-18T07:15:07.092+0000] {dagbag.py:545} INFO - Filling up the DagBag from /home/airflow/.local/lib/python3.12/site-packages/airflow/example_dags/example_branch_operator_decorator.py
[2025-01-18T07:15:07.108+0000] {processor.py:840} INFO - DAG(s) 'example_branch_python_operator_decorator' retrieved from /home/airflow/.local/lib/python3.12/site-packages/airflow/example_dags/example_branch_operator_decorator.py
[2025-01-18T07:15:07.129+0000] {logging_mixin.py:188} INFO - [2025-01-18T07:15:07.129+0000] {dag.py:3089} INFO - Sync 1 DAGs
[2025-01-18T07:15:07.145+0000] {logging_mixin.py:188} INFO - [2025-01-18T07:15:07.145+0000] {dag.py:3947} INFO - Setting next_dagrun for example_branch_python_operator_decorator to 2025-01-17 00:00:00+00:00, run_after=2025-01-18 00:00:00+00:00
[2025-01-18T07:15:07.160+0000] {processor.py:183} INFO - Processing /home/airflow/.local/lib/python3.12/site-packages/airflow/example_dags/example_branch_operator_decorator.py took 0.076 seconds
[2025-01-18T07:15:37.750+0000] {processor.py:161} INFO - Started process (PID=17976) to work on /home/airflow/.local/lib/python3.12/site-packages/airflow/example_dags/example_branch_operator_decorator.py
[2025-01-18T07:15:37.751+0000] {processor.py:830} INFO - Processing file /home/airflow/.local/lib/python3.12/site-packages/airflow/example_dags/example_branch_operator_decorator.py for tasks to queue
[2025-01-18T07:15:37.752+0000] {logging_mixin.py:188} INFO - [2025-01-18T07:15:37.752+0000] {dagbag.py:545} INFO - Filling up the DagBag from /home/airflow/.local/lib/python3.12/site-packages/airflow/example_dags/example_branch_operator_decorator.py
[2025-01-18T07:15:37.764+0000] {processor.py:840} INFO - DAG(s) 'example_branch_python_operator_decorator' retrieved from /home/airflow/.local/lib/python3.12/site-packages/airflow/example_dags/example_branch_operator_decorator.py
[2025-01-18T07:15:37.782+0000] {logging_mixin.py:188} INFO - [2025-01-18T07:15:37.781+0000] {dag.py:3089} INFO - Sync 1 DAGs
[2025-01-18T07:15:37.794+0000] {logging_mixin.py:188} INFO - [2025-01-18T07:15:37.794+0000] {dag.py:3947} INFO - Setting next_dagrun for example_branch_python_operator_decorator to 2025-01-17 00:00:00+00:00, run_after=2025-01-18 00:00:00+00:00
[2025-01-18T07:15:37.805+0000] {processor.py:183} INFO - Processing /home/airflow/.local/lib/python3.12/site-packages/airflow/example_dags/example_branch_operator_decorator.py took 0.062 seconds
[2025-01-18T07:16:08.293+0000] {processor.py:161} INFO - Started process (PID=18258) to work on /home/airflow/.local/lib/python3.12/site-packages/airflow/example_dags/example_branch_operator_decorator.py
[2025-01-18T07:16:08.294+0000] {processor.py:830} INFO - Processing file /home/airflow/.local/lib/python3.12/site-packages/airflow/example_dags/example_branch_operator_decorator.py for tasks to queue
[2025-01-18T07:16:08.297+0000] {logging_mixin.py:188} INFO - [2025-01-18T07:16:08.296+0000] {dagbag.py:545} INFO - Filling up the DagBag from /home/airflow/.local/lib/python3.12/site-packages/airflow/example_dags/example_branch_operator_decorator.py
[2025-01-18T07:16:08.314+0000] {processor.py:840} INFO - DAG(s) 'example_branch_python_operator_decorator' retrieved from /home/airflow/.local/lib/python3.12/site-packages/airflow/example_dags/example_branch_operator_decorator.py
[2025-01-18T07:16:08.330+0000] {logging_mixin.py:188} INFO - [2025-01-18T07:16:08.330+0000] {dag.py:3089} INFO - Sync 1 DAGs
[2025-01-18T07:16:08.342+0000] {logging_mixin.py:188} INFO - [2025-01-18T07:16:08.342+0000] {dag.py:3947} INFO - Setting next_dagrun for example_branch_python_operator_decorator to 2025-01-17 00:00:00+00:00, run_after=2025-01-18 00:00:00+00:00
[2025-01-18T07:16:08.354+0000] {processor.py:183} INFO - Processing /home/airflow/.local/lib/python3.12/site-packages/airflow/example_dags/example_branch_operator_decorator.py took 0.068 seconds
[2025-01-18T07:16:39.271+0000] {processor.py:161} INFO - Started process (PID=18540) to work on /home/airflow/.local/lib/python3.12/site-packages/airflow/example_dags/example_branch_operator_decorator.py
[2025-01-18T07:16:39.272+0000] {processor.py:830} INFO - Processing file /home/airflow/.local/lib/python3.12/site-packages/airflow/example_dags/example_branch_operator_decorator.py for tasks to queue
[2025-01-18T07:16:39.273+0000] {logging_mixin.py:188} INFO - [2025-01-18T07:16:39.273+0000] {dagbag.py:545} INFO - Filling up the DagBag from /home/airflow/.local/lib/python3.12/site-packages/airflow/example_dags/example_branch_operator_decorator.py
[2025-01-18T07:16:39.285+0000] {processor.py:840} INFO - DAG(s) 'example_branch_python_operator_decorator' retrieved from /home/airflow/.local/lib/python3.12/site-packages/airflow/example_dags/example_branch_operator_decorator.py
[2025-01-18T07:16:39.300+0000] {logging_mixin.py:188} INFO - [2025-01-18T07:16:39.300+0000] {dag.py:3089} INFO - Sync 1 DAGs
[2025-01-18T07:16:39.315+0000] {logging_mixin.py:188} INFO - [2025-01-18T07:16:39.314+0000] {dag.py:3947} INFO - Setting next_dagrun for example_branch_python_operator_decorator to 2025-01-17 00:00:00+00:00, run_after=2025-01-18 00:00:00+00:00
[2025-01-18T07:16:39.326+0000] {processor.py:183} INFO - Processing /home/airflow/.local/lib/python3.12/site-packages/airflow/example_dags/example_branch_operator_decorator.py took 0.065 seconds
[2025-01-18T07:17:10.092+0000] {processor.py:161} INFO - Started process (PID=18822) to work on /home/airflow/.local/lib/python3.12/site-packages/airflow/example_dags/example_branch_operator_decorator.py
[2025-01-18T07:17:10.093+0000] {processor.py:830} INFO - Processing file /home/airflow/.local/lib/python3.12/site-packages/airflow/example_dags/example_branch_operator_decorator.py for tasks to queue
[2025-01-18T07:17:10.095+0000] {logging_mixin.py:188} INFO - [2025-01-18T07:17:10.094+0000] {dagbag.py:545} INFO - Filling up the DagBag from /home/airflow/.local/lib/python3.12/site-packages/airflow/example_dags/example_branch_operator_decorator.py
[2025-01-18T07:17:10.114+0000] {processor.py:840} INFO - DAG(s) 'example_branch_python_operator_decorator' retrieved from /home/airflow/.local/lib/python3.12/site-packages/airflow/example_dags/example_branch_operator_decorator.py
[2025-01-18T07:17:10.131+0000] {logging_mixin.py:188} INFO - [2025-01-18T07:17:10.131+0000] {dag.py:3089} INFO - Sync 1 DAGs
[2025-01-18T07:17:10.147+0000] {logging_mixin.py:188} INFO - [2025-01-18T07:17:10.147+0000] {dag.py:3947} INFO - Setting next_dagrun for example_branch_python_operator_decorator to 2025-01-17 00:00:00+00:00, run_after=2025-01-18 00:00:00+00:00
[2025-01-18T07:17:10.158+0000] {processor.py:183} INFO - Processing /home/airflow/.local/lib/python3.12/site-packages/airflow/example_dags/example_branch_operator_decorator.py took 0.071 seconds
[2025-01-18T07:17:40.839+0000] {processor.py:161} INFO - Started process (PID=19105) to work on /home/airflow/.local/lib/python3.12/site-packages/airflow/example_dags/example_branch_operator_decorator.py
[2025-01-18T07:17:40.840+0000] {processor.py:830} INFO - Processing file /home/airflow/.local/lib/python3.12/site-packages/airflow/example_dags/example_branch_operator_decorator.py for tasks to queue
[2025-01-18T07:17:40.842+0000] {logging_mixin.py:188} INFO - [2025-01-18T07:17:40.841+0000] {dagbag.py:545} INFO - Filling up the DagBag from /home/airflow/.local/lib/python3.12/site-packages/airflow/example_dags/example_branch_operator_decorator.py
[2025-01-18T07:17:40.855+0000] {processor.py:840} INFO - DAG(s) 'example_branch_python_operator_decorator' retrieved from /home/airflow/.local/lib/python3.12/site-packages/airflow/example_dags/example_branch_operator_decorator.py
[2025-01-18T07:17:40.872+0000] {logging_mixin.py:188} INFO - [2025-01-18T07:17:40.872+0000] {dag.py:3089} INFO - Sync 1 DAGs
[2025-01-18T07:17:40.883+0000] {logging_mixin.py:188} INFO - [2025-01-18T07:17:40.883+0000] {dag.py:3947} INFO - Setting next_dagrun for example_branch_python_operator_decorator to 2025-01-17 00:00:00+00:00, run_after=2025-01-18 00:00:00+00:00
[2025-01-18T07:17:40.894+0000] {processor.py:183} INFO - Processing /home/airflow/.local/lib/python3.12/site-packages/airflow/example_dags/example_branch_operator_decorator.py took 0.060 seconds
[2025-01-18T07:18:11.145+0000] {processor.py:161} INFO - Started process (PID=19387) to work on /home/airflow/.local/lib/python3.12/site-packages/airflow/example_dags/example_branch_operator_decorator.py
[2025-01-18T07:18:11.146+0000] {processor.py:830} INFO - Processing file /home/airflow/.local/lib/python3.12/site-packages/airflow/example_dags/example_branch_operator_decorator.py for tasks to queue
[2025-01-18T07:18:11.148+0000] {logging_mixin.py:188} INFO - [2025-01-18T07:18:11.148+0000] {dagbag.py:545} INFO - Filling up the DagBag from /home/airflow/.local/lib/python3.12/site-packages/airflow/example_dags/example_branch_operator_decorator.py
[2025-01-18T07:18:11.161+0000] {processor.py:840} INFO - DAG(s) 'example_branch_python_operator_decorator' retrieved from /home/airflow/.local/lib/python3.12/site-packages/airflow/example_dags/example_branch_operator_decorator.py
[2025-01-18T07:18:11.177+0000] {logging_mixin.py:188} INFO - [2025-01-18T07:18:11.177+0000] {dag.py:3089} INFO - Sync 1 DAGs
[2025-01-18T07:18:11.189+0000] {logging_mixin.py:188} INFO - [2025-01-18T07:18:11.189+0000] {dag.py:3947} INFO - Setting next_dagrun for example_branch_python_operator_decorator to 2025-01-17 00:00:00+00:00, run_after=2025-01-18 00:00:00+00:00
[2025-01-18T07:18:11.207+0000] {processor.py:183} INFO - Processing /home/airflow/.local/lib/python3.12/site-packages/airflow/example_dags/example_branch_operator_decorator.py took 0.067 seconds
[2025-01-18T07:18:41.341+0000] {processor.py:161} INFO - Started process (PID=19669) to work on /home/airflow/.local/lib/python3.12/site-packages/airflow/example_dags/example_branch_operator_decorator.py
[2025-01-18T07:18:41.342+0000] {processor.py:830} INFO - Processing file /home/airflow/.local/lib/python3.12/site-packages/airflow/example_dags/example_branch_operator_decorator.py for tasks to queue
[2025-01-18T07:18:41.343+0000] {logging_mixin.py:188} INFO - [2025-01-18T07:18:41.343+0000] {dagbag.py:545} INFO - Filling up the DagBag from /home/airflow/.local/lib/python3.12/site-packages/airflow/example_dags/example_branch_operator_decorator.py
[2025-01-18T07:18:41.354+0000] {processor.py:840} INFO - DAG(s) 'example_branch_python_operator_decorator' retrieved from /home/airflow/.local/lib/python3.12/site-packages/airflow/example_dags/example_branch_operator_decorator.py
[2025-01-18T07:18:41.370+0000] {logging_mixin.py:188} INFO - [2025-01-18T07:18:41.369+0000] {dag.py:3089} INFO - Sync 1 DAGs
[2025-01-18T07:18:41.380+0000] {logging_mixin.py:188} INFO - [2025-01-18T07:18:41.380+0000] {dag.py:3947} INFO - Setting next_dagrun for example_branch_python_operator_decorator to 2025-01-17 00:00:00+00:00, run_after=2025-01-18 00:00:00+00:00
[2025-01-18T07:18:41.392+0000] {processor.py:183} INFO - Processing /home/airflow/.local/lib/python3.12/site-packages/airflow/example_dags/example_branch_operator_decorator.py took 0.058 seconds
[2025-01-18T07:19:11.906+0000] {processor.py:161} INFO - Started process (PID=19951) to work on /home/airflow/.local/lib/python3.12/site-packages/airflow/example_dags/example_branch_operator_decorator.py
[2025-01-18T07:19:11.907+0000] {processor.py:830} INFO - Processing file /home/airflow/.local/lib/python3.12/site-packages/airflow/example_dags/example_branch_operator_decorator.py for tasks to queue
[2025-01-18T07:19:11.910+0000] {logging_mixin.py:188} INFO - [2025-01-18T07:19:11.910+0000] {dagbag.py:545} INFO - Filling up the DagBag from /home/airflow/.local/lib/python3.12/site-packages/airflow/example_dags/example_branch_operator_decorator.py
[2025-01-18T07:19:11.926+0000] {processor.py:840} INFO - DAG(s) 'example_branch_python_operator_decorator' retrieved from /home/airflow/.local/lib/python3.12/site-packages/airflow/example_dags/example_branch_operator_decorator.py
[2025-01-18T07:19:11.952+0000] {logging_mixin.py:188} INFO - [2025-01-18T07:19:11.952+0000] {dag.py:3089} INFO - Sync 1 DAGs
[2025-01-18T07:19:11.972+0000] {logging_mixin.py:188} INFO - [2025-01-18T07:19:11.971+0000] {dag.py:3947} INFO - Setting next_dagrun for example_branch_python_operator_decorator to 2025-01-17 00:00:00+00:00, run_after=2025-01-18 00:00:00+00:00
[2025-01-18T07:19:11.990+0000] {processor.py:183} INFO - Processing /home/airflow/.local/lib/python3.12/site-packages/airflow/example_dags/example_branch_operator_decorator.py took 0.094 seconds
[2025-01-18T07:19:42.488+0000] {processor.py:161} INFO - Started process (PID=20234) to work on /home/airflow/.local/lib/python3.12/site-packages/airflow/example_dags/example_branch_operator_decorator.py
[2025-01-18T07:19:42.489+0000] {processor.py:830} INFO - Processing file /home/airflow/.local/lib/python3.12/site-packages/airflow/example_dags/example_branch_operator_decorator.py for tasks to queue
[2025-01-18T07:19:42.491+0000] {logging_mixin.py:188} INFO - [2025-01-18T07:19:42.491+0000] {dagbag.py:545} INFO - Filling up the DagBag from /home/airflow/.local/lib/python3.12/site-packages/airflow/example_dags/example_branch_operator_decorator.py
[2025-01-18T07:19:42.505+0000] {processor.py:840} INFO - DAG(s) 'example_branch_python_operator_decorator' retrieved from /home/airflow/.local/lib/python3.12/site-packages/airflow/example_dags/example_branch_operator_decorator.py
[2025-01-18T07:19:42.519+0000] {logging_mixin.py:188} INFO - [2025-01-18T07:19:42.519+0000] {dag.py:3089} INFO - Sync 1 DAGs
[2025-01-18T07:19:42.534+0000] {logging_mixin.py:188} INFO - [2025-01-18T07:19:42.533+0000] {dag.py:3947} INFO - Setting next_dagrun for example_branch_python_operator_decorator to 2025-01-17 00:00:00+00:00, run_after=2025-01-18 00:00:00+00:00
[2025-01-18T07:19:42.544+0000] {processor.py:183} INFO - Processing /home/airflow/.local/lib/python3.12/site-packages/airflow/example_dags/example_branch_operator_decorator.py took 0.064 seconds
[2025-01-18T07:20:12.871+0000] {processor.py:161} INFO - Started process (PID=20516) to work on /home/airflow/.local/lib/python3.12/site-packages/airflow/example_dags/example_branch_operator_decorator.py
[2025-01-18T07:20:12.873+0000] {processor.py:830} INFO - Processing file /home/airflow/.local/lib/python3.12/site-packages/airflow/example_dags/example_branch_operator_decorator.py for tasks to queue
[2025-01-18T07:20:12.875+0000] {logging_mixin.py:188} INFO - [2025-01-18T07:20:12.874+0000] {dagbag.py:545} INFO - Filling up the DagBag from /home/airflow/.local/lib/python3.12/site-packages/airflow/example_dags/example_branch_operator_decorator.py
[2025-01-18T07:20:12.892+0000] {processor.py:840} INFO - DAG(s) 'example_branch_python_operator_decorator' retrieved from /home/airflow/.local/lib/python3.12/site-packages/airflow/example_dags/example_branch_operator_decorator.py
[2025-01-18T07:20:12.912+0000] {logging_mixin.py:188} INFO - [2025-01-18T07:20:12.912+0000] {dag.py:3089} INFO - Sync 1 DAGs
[2025-01-18T07:20:12.925+0000] {logging_mixin.py:188} INFO - [2025-01-18T07:20:12.925+0000] {dag.py:3947} INFO - Setting next_dagrun for example_branch_python_operator_decorator to 2025-01-17 00:00:00+00:00, run_after=2025-01-18 00:00:00+00:00
[2025-01-18T07:20:12.937+0000] {processor.py:183} INFO - Processing /home/airflow/.local/lib/python3.12/site-packages/airflow/example_dags/example_branch_operator_decorator.py took 0.072 seconds
[2025-01-18T07:20:43.232+0000] {processor.py:161} INFO - Started process (PID=20798) to work on /home/airflow/.local/lib/python3.12/site-packages/airflow/example_dags/example_branch_operator_decorator.py
[2025-01-18T07:20:43.232+0000] {processor.py:830} INFO - Processing file /home/airflow/.local/lib/python3.12/site-packages/airflow/example_dags/example_branch_operator_decorator.py for tasks to queue
[2025-01-18T07:20:43.234+0000] {logging_mixin.py:188} INFO - [2025-01-18T07:20:43.234+0000] {dagbag.py:545} INFO - Filling up the DagBag from /home/airflow/.local/lib/python3.12/site-packages/airflow/example_dags/example_branch_operator_decorator.py
[2025-01-18T07:20:43.246+0000] {processor.py:840} INFO - DAG(s) 'example_branch_python_operator_decorator' retrieved from /home/airflow/.local/lib/python3.12/site-packages/airflow/example_dags/example_branch_operator_decorator.py
[2025-01-18T07:20:43.261+0000] {logging_mixin.py:188} INFO - [2025-01-18T07:20:43.261+0000] {dag.py:3089} INFO - Sync 1 DAGs
[2025-01-18T07:20:43.273+0000] {logging_mixin.py:188} INFO - [2025-01-18T07:20:43.273+0000] {dag.py:3947} INFO - Setting next_dagrun for example_branch_python_operator_decorator to 2025-01-17 00:00:00+00:00, run_after=2025-01-18 00:00:00+00:00
[2025-01-18T07:20:43.284+0000] {processor.py:183} INFO - Processing /home/airflow/.local/lib/python3.12/site-packages/airflow/example_dags/example_branch_operator_decorator.py took 0.056 seconds
[2025-01-18T07:21:14.895+0000] {processor.py:161} INFO - Started process (PID=21078) to work on /home/airflow/.local/lib/python3.12/site-packages/airflow/example_dags/example_branch_operator_decorator.py
[2025-01-18T07:21:14.896+0000] {processor.py:830} INFO - Processing file /home/airflow/.local/lib/python3.12/site-packages/airflow/example_dags/example_branch_operator_decorator.py for tasks to queue
[2025-01-18T07:21:14.898+0000] {logging_mixin.py:188} INFO - [2025-01-18T07:21:14.897+0000] {dagbag.py:545} INFO - Filling up the DagBag from /home/airflow/.local/lib/python3.12/site-packages/airflow/example_dags/example_branch_operator_decorator.py
[2025-01-18T07:21:14.911+0000] {processor.py:840} INFO - DAG(s) 'example_branch_python_operator_decorator' retrieved from /home/airflow/.local/lib/python3.12/site-packages/airflow/example_dags/example_branch_operator_decorator.py
[2025-01-18T07:21:14.926+0000] {logging_mixin.py:188} INFO - [2025-01-18T07:21:14.926+0000] {dag.py:3089} INFO - Sync 1 DAGs
[2025-01-18T07:21:14.939+0000] {logging_mixin.py:188} INFO - [2025-01-18T07:21:14.939+0000] {dag.py:3947} INFO - Setting next_dagrun for example_branch_python_operator_decorator to 2025-01-17 00:00:00+00:00, run_after=2025-01-18 00:00:00+00:00
[2025-01-18T07:21:14.950+0000] {processor.py:183} INFO - Processing /home/airflow/.local/lib/python3.12/site-packages/airflow/example_dags/example_branch_operator_decorator.py took 0.060 seconds
[2025-01-18T07:21:47.567+0000] {processor.py:161} INFO - Started process (PID=21360) to work on /home/airflow/.local/lib/python3.12/site-packages/airflow/example_dags/example_branch_operator_decorator.py
[2025-01-18T07:21:47.568+0000] {processor.py:830} INFO - Processing file /home/airflow/.local/lib/python3.12/site-packages/airflow/example_dags/example_branch_operator_decorator.py for tasks to queue
[2025-01-18T07:21:47.569+0000] {logging_mixin.py:188} INFO - [2025-01-18T07:21:47.569+0000] {dagbag.py:545} INFO - Filling up the DagBag from /home/airflow/.local/lib/python3.12/site-packages/airflow/example_dags/example_branch_operator_decorator.py
[2025-01-18T07:21:47.580+0000] {processor.py:840} INFO - DAG(s) 'example_branch_python_operator_decorator' retrieved from /home/airflow/.local/lib/python3.12/site-packages/airflow/example_dags/example_branch_operator_decorator.py
[2025-01-18T07:21:47.595+0000] {logging_mixin.py:188} INFO - [2025-01-18T07:21:47.595+0000] {dag.py:3089} INFO - Sync 1 DAGs
[2025-01-18T07:21:47.606+0000] {logging_mixin.py:188} INFO - [2025-01-18T07:21:47.606+0000] {dag.py:3947} INFO - Setting next_dagrun for example_branch_python_operator_decorator to 2025-01-17 00:00:00+00:00, run_after=2025-01-18 00:00:00+00:00
[2025-01-18T07:21:47.614+0000] {processor.py:183} INFO - Processing /home/airflow/.local/lib/python3.12/site-packages/airflow/example_dags/example_branch_operator_decorator.py took 0.051 seconds
[2025-01-18T07:42:05.211+0000] {processor.py:161} INFO - Started process (PID=302) to work on /home/airflow/.local/lib/python3.12/site-packages/airflow/example_dags/example_branch_operator_decorator.py
[2025-01-18T07:42:05.212+0000] {processor.py:830} INFO - Processing file /home/airflow/.local/lib/python3.12/site-packages/airflow/example_dags/example_branch_operator_decorator.py for tasks to queue
[2025-01-18T07:42:05.214+0000] {logging_mixin.py:188} INFO - [2025-01-18T07:42:05.214+0000] {dagbag.py:545} INFO - Filling up the DagBag from /home/airflow/.local/lib/python3.12/site-packages/airflow/example_dags/example_branch_operator_decorator.py
[2025-01-18T07:42:05.228+0000] {processor.py:840} INFO - DAG(s) 'example_branch_python_operator_decorator' retrieved from /home/airflow/.local/lib/python3.12/site-packages/airflow/example_dags/example_branch_operator_decorator.py
[2025-01-18T07:42:05.240+0000] {logging_mixin.py:188} INFO - [2025-01-18T07:42:05.240+0000] {dag.py:3089} INFO - Sync 1 DAGs
[2025-01-18T07:42:05.257+0000] {logging_mixin.py:188} INFO - [2025-01-18T07:42:05.257+0000] {dag.py:3947} INFO - Setting next_dagrun for example_branch_python_operator_decorator to 2025-01-17 00:00:00+00:00, run_after=2025-01-18 00:00:00+00:00
[2025-01-18T07:42:05.269+0000] {processor.py:183} INFO - Processing /home/airflow/.local/lib/python3.12/site-packages/airflow/example_dags/example_branch_operator_decorator.py took 0.061 seconds
[2025-01-18T07:42:36.727+0000] {processor.py:161} INFO - Started process (PID=567) to work on /home/airflow/.local/lib/python3.12/site-packages/airflow/example_dags/example_branch_operator_decorator.py
[2025-01-18T07:42:36.728+0000] {processor.py:830} INFO - Processing file /home/airflow/.local/lib/python3.12/site-packages/airflow/example_dags/example_branch_operator_decorator.py for tasks to queue
[2025-01-18T07:42:36.730+0000] {logging_mixin.py:188} INFO - [2025-01-18T07:42:36.729+0000] {dagbag.py:545} INFO - Filling up the DagBag from /home/airflow/.local/lib/python3.12/site-packages/airflow/example_dags/example_branch_operator_decorator.py
[2025-01-18T07:42:36.745+0000] {processor.py:840} INFO - DAG(s) 'example_branch_python_operator_decorator' retrieved from /home/airflow/.local/lib/python3.12/site-packages/airflow/example_dags/example_branch_operator_decorator.py
[2025-01-18T07:42:36.816+0000] {logging_mixin.py:188} INFO - [2025-01-18T07:42:36.816+0000] {dag.py:3089} INFO - Sync 1 DAGs
[2025-01-18T07:42:36.832+0000] {logging_mixin.py:188} INFO - [2025-01-18T07:42:36.832+0000] {dag.py:3947} INFO - Setting next_dagrun for example_branch_python_operator_decorator to 2025-01-17 00:00:00+00:00, run_after=2025-01-18 00:00:00+00:00
[2025-01-18T07:42:36.851+0000] {processor.py:183} INFO - Processing /home/airflow/.local/lib/python3.12/site-packages/airflow/example_dags/example_branch_operator_decorator.py took 0.130 seconds
[2025-01-18T07:43:07.119+0000] {processor.py:161} INFO - Started process (PID=836) to work on /home/airflow/.local/lib/python3.12/site-packages/airflow/example_dags/example_branch_operator_decorator.py
[2025-01-18T07:43:07.120+0000] {processor.py:830} INFO - Processing file /home/airflow/.local/lib/python3.12/site-packages/airflow/example_dags/example_branch_operator_decorator.py for tasks to queue
[2025-01-18T07:43:07.121+0000] {logging_mixin.py:188} INFO - [2025-01-18T07:43:07.121+0000] {dagbag.py:545} INFO - Filling up the DagBag from /home/airflow/.local/lib/python3.12/site-packages/airflow/example_dags/example_branch_operator_decorator.py
[2025-01-18T07:43:07.133+0000] {processor.py:840} INFO - DAG(s) 'example_branch_python_operator_decorator' retrieved from /home/airflow/.local/lib/python3.12/site-packages/airflow/example_dags/example_branch_operator_decorator.py
[2025-01-18T07:43:07.151+0000] {logging_mixin.py:188} INFO - [2025-01-18T07:43:07.151+0000] {dag.py:3089} INFO - Sync 1 DAGs
[2025-01-18T07:43:07.163+0000] {logging_mixin.py:188} INFO - [2025-01-18T07:43:07.163+0000] {dag.py:3947} INFO - Setting next_dagrun for example_branch_python_operator_decorator to 2025-01-17 00:00:00+00:00, run_after=2025-01-18 00:00:00+00:00
[2025-01-18T07:43:07.199+0000] {processor.py:183} INFO - Processing /home/airflow/.local/lib/python3.12/site-packages/airflow/example_dags/example_branch_operator_decorator.py took 0.083 seconds
[2025-01-18T07:43:38.201+0000] {processor.py:161} INFO - Started process (PID=1103) to work on /home/airflow/.local/lib/python3.12/site-packages/airflow/example_dags/example_branch_operator_decorator.py
[2025-01-18T07:43:38.201+0000] {processor.py:830} INFO - Processing file /home/airflow/.local/lib/python3.12/site-packages/airflow/example_dags/example_branch_operator_decorator.py for tasks to queue
[2025-01-18T07:43:38.202+0000] {logging_mixin.py:188} INFO - [2025-01-18T07:43:38.202+0000] {dagbag.py:545} INFO - Filling up the DagBag from /home/airflow/.local/lib/python3.12/site-packages/airflow/example_dags/example_branch_operator_decorator.py
[2025-01-18T07:43:38.213+0000] {processor.py:840} INFO - DAG(s) 'example_branch_python_operator_decorator' retrieved from /home/airflow/.local/lib/python3.12/site-packages/airflow/example_dags/example_branch_operator_decorator.py
[2025-01-18T07:43:38.229+0000] {logging_mixin.py:188} INFO - [2025-01-18T07:43:38.229+0000] {dag.py:3089} INFO - Sync 1 DAGs
[2025-01-18T07:43:38.240+0000] {logging_mixin.py:188} INFO - [2025-01-18T07:43:38.240+0000] {dag.py:3947} INFO - Setting next_dagrun for example_branch_python_operator_decorator to 2025-01-17 00:00:00+00:00, run_after=2025-01-18 00:00:00+00:00
[2025-01-18T07:43:38.250+0000] {processor.py:183} INFO - Processing /home/airflow/.local/lib/python3.12/site-packages/airflow/example_dags/example_branch_operator_decorator.py took 0.053 seconds
[2025-01-18T07:44:08.400+0000] {processor.py:161} INFO - Started process (PID=1368) to work on /home/airflow/.local/lib/python3.12/site-packages/airflow/example_dags/example_branch_operator_decorator.py
[2025-01-18T07:44:08.401+0000] {processor.py:830} INFO - Processing file /home/airflow/.local/lib/python3.12/site-packages/airflow/example_dags/example_branch_operator_decorator.py for tasks to queue
[2025-01-18T07:44:08.402+0000] {logging_mixin.py:188} INFO - [2025-01-18T07:44:08.402+0000] {dagbag.py:545} INFO - Filling up the DagBag from /home/airflow/.local/lib/python3.12/site-packages/airflow/example_dags/example_branch_operator_decorator.py
[2025-01-18T07:44:08.413+0000] {processor.py:840} INFO - DAG(s) 'example_branch_python_operator_decorator' retrieved from /home/airflow/.local/lib/python3.12/site-packages/airflow/example_dags/example_branch_operator_decorator.py
[2025-01-18T07:44:08.434+0000] {logging_mixin.py:188} INFO - [2025-01-18T07:44:08.433+0000] {dag.py:3089} INFO - Sync 1 DAGs
[2025-01-18T07:44:08.447+0000] {logging_mixin.py:188} INFO - [2025-01-18T07:44:08.447+0000] {dag.py:3947} INFO - Setting next_dagrun for example_branch_python_operator_decorator to 2025-01-17 00:00:00+00:00, run_after=2025-01-18 00:00:00+00:00
[2025-01-18T07:44:08.460+0000] {processor.py:183} INFO - Processing /home/airflow/.local/lib/python3.12/site-packages/airflow/example_dags/example_branch_operator_decorator.py took 0.065 seconds
[2025-01-18T07:44:39.211+0000] {processor.py:161} INFO - Started process (PID=1635) to work on /home/airflow/.local/lib/python3.12/site-packages/airflow/example_dags/example_branch_operator_decorator.py
[2025-01-18T07:44:39.212+0000] {processor.py:830} INFO - Processing file /home/airflow/.local/lib/python3.12/site-packages/airflow/example_dags/example_branch_operator_decorator.py for tasks to queue
[2025-01-18T07:44:39.213+0000] {logging_mixin.py:188} INFO - [2025-01-18T07:44:39.213+0000] {dagbag.py:545} INFO - Filling up the DagBag from /home/airflow/.local/lib/python3.12/site-packages/airflow/example_dags/example_branch_operator_decorator.py
[2025-01-18T07:44:39.225+0000] {processor.py:840} INFO - DAG(s) 'example_branch_python_operator_decorator' retrieved from /home/airflow/.local/lib/python3.12/site-packages/airflow/example_dags/example_branch_operator_decorator.py
[2025-01-18T07:44:39.241+0000] {logging_mixin.py:188} INFO - [2025-01-18T07:44:39.241+0000] {dag.py:3089} INFO - Sync 1 DAGs
[2025-01-18T07:44:39.253+0000] {logging_mixin.py:188} INFO - [2025-01-18T07:44:39.253+0000] {dag.py:3947} INFO - Setting next_dagrun for example_branch_python_operator_decorator to 2025-01-17 00:00:00+00:00, run_after=2025-01-18 00:00:00+00:00
[2025-01-18T07:44:39.263+0000] {processor.py:183} INFO - Processing /home/airflow/.local/lib/python3.12/site-packages/airflow/example_dags/example_branch_operator_decorator.py took 0.056 seconds
[2025-01-18T07:45:09.391+0000] {processor.py:161} INFO - Started process (PID=1900) to work on /home/airflow/.local/lib/python3.12/site-packages/airflow/example_dags/example_branch_operator_decorator.py
[2025-01-18T07:45:09.392+0000] {processor.py:830} INFO - Processing file /home/airflow/.local/lib/python3.12/site-packages/airflow/example_dags/example_branch_operator_decorator.py for tasks to queue
[2025-01-18T07:45:09.393+0000] {logging_mixin.py:188} INFO - [2025-01-18T07:45:09.393+0000] {dagbag.py:545} INFO - Filling up the DagBag from /home/airflow/.local/lib/python3.12/site-packages/airflow/example_dags/example_branch_operator_decorator.py
[2025-01-18T07:45:09.404+0000] {processor.py:840} INFO - DAG(s) 'example_branch_python_operator_decorator' retrieved from /home/airflow/.local/lib/python3.12/site-packages/airflow/example_dags/example_branch_operator_decorator.py
[2025-01-18T07:45:09.421+0000] {logging_mixin.py:188} INFO - [2025-01-18T07:45:09.421+0000] {dag.py:3089} INFO - Sync 1 DAGs
[2025-01-18T07:45:09.433+0000] {logging_mixin.py:188} INFO - [2025-01-18T07:45:09.433+0000] {dag.py:3947} INFO - Setting next_dagrun for example_branch_python_operator_decorator to 2025-01-17 00:00:00+00:00, run_after=2025-01-18 00:00:00+00:00
[2025-01-18T07:45:09.443+0000] {processor.py:183} INFO - Processing /home/airflow/.local/lib/python3.12/site-packages/airflow/example_dags/example_branch_operator_decorator.py took 0.056 seconds
[2025-01-18T07:45:40.071+0000] {processor.py:161} INFO - Started process (PID=2170) to work on /home/airflow/.local/lib/python3.12/site-packages/airflow/example_dags/example_branch_operator_decorator.py
[2025-01-18T07:45:40.072+0000] {processor.py:830} INFO - Processing file /home/airflow/.local/lib/python3.12/site-packages/airflow/example_dags/example_branch_operator_decorator.py for tasks to queue
[2025-01-18T07:45:40.073+0000] {logging_mixin.py:188} INFO - [2025-01-18T07:45:40.073+0000] {dagbag.py:545} INFO - Filling up the DagBag from /home/airflow/.local/lib/python3.12/site-packages/airflow/example_dags/example_branch_operator_decorator.py
[2025-01-18T07:45:40.084+0000] {processor.py:840} INFO - DAG(s) 'example_branch_python_operator_decorator' retrieved from /home/airflow/.local/lib/python3.12/site-packages/airflow/example_dags/example_branch_operator_decorator.py
[2025-01-18T07:45:40.102+0000] {logging_mixin.py:188} INFO - [2025-01-18T07:45:40.102+0000] {dag.py:3089} INFO - Sync 1 DAGs
[2025-01-18T07:45:40.114+0000] {logging_mixin.py:188} INFO - [2025-01-18T07:45:40.113+0000] {dag.py:3947} INFO - Setting next_dagrun for example_branch_python_operator_decorator to 2025-01-17 00:00:00+00:00, run_after=2025-01-18 00:00:00+00:00
[2025-01-18T07:45:40.125+0000] {processor.py:183} INFO - Processing /home/airflow/.local/lib/python3.12/site-packages/airflow/example_dags/example_branch_operator_decorator.py took 0.058 seconds
[2025-01-18T07:46:11.034+0000] {processor.py:161} INFO - Started process (PID=2437) to work on /home/airflow/.local/lib/python3.12/site-packages/airflow/example_dags/example_branch_operator_decorator.py
[2025-01-18T07:46:11.035+0000] {processor.py:830} INFO - Processing file /home/airflow/.local/lib/python3.12/site-packages/airflow/example_dags/example_branch_operator_decorator.py for tasks to queue
[2025-01-18T07:46:11.037+0000] {logging_mixin.py:188} INFO - [2025-01-18T07:46:11.036+0000] {dagbag.py:545} INFO - Filling up the DagBag from /home/airflow/.local/lib/python3.12/site-packages/airflow/example_dags/example_branch_operator_decorator.py
[2025-01-18T07:46:11.048+0000] {processor.py:840} INFO - DAG(s) 'example_branch_python_operator_decorator' retrieved from /home/airflow/.local/lib/python3.12/site-packages/airflow/example_dags/example_branch_operator_decorator.py
[2025-01-18T07:46:11.065+0000] {logging_mixin.py:188} INFO - [2025-01-18T07:46:11.065+0000] {dag.py:3089} INFO - Sync 1 DAGs
[2025-01-18T07:46:11.076+0000] {logging_mixin.py:188} INFO - [2025-01-18T07:46:11.076+0000] {dag.py:3947} INFO - Setting next_dagrun for example_branch_python_operator_decorator to 2025-01-17 00:00:00+00:00, run_after=2025-01-18 00:00:00+00:00
[2025-01-18T07:46:11.088+0000] {processor.py:183} INFO - Processing /home/airflow/.local/lib/python3.12/site-packages/airflow/example_dags/example_branch_operator_decorator.py took 0.058 seconds
[2025-01-18T07:46:41.410+0000] {processor.py:161} INFO - Started process (PID=2704) to work on /home/airflow/.local/lib/python3.12/site-packages/airflow/example_dags/example_branch_operator_decorator.py
[2025-01-18T07:46:41.410+0000] {processor.py:830} INFO - Processing file /home/airflow/.local/lib/python3.12/site-packages/airflow/example_dags/example_branch_operator_decorator.py for tasks to queue
[2025-01-18T07:46:41.412+0000] {logging_mixin.py:188} INFO - [2025-01-18T07:46:41.412+0000] {dagbag.py:545} INFO - Filling up the DagBag from /home/airflow/.local/lib/python3.12/site-packages/airflow/example_dags/example_branch_operator_decorator.py
[2025-01-18T07:46:41.422+0000] {processor.py:840} INFO - DAG(s) 'example_branch_python_operator_decorator' retrieved from /home/airflow/.local/lib/python3.12/site-packages/airflow/example_dags/example_branch_operator_decorator.py
[2025-01-18T07:46:41.439+0000] {logging_mixin.py:188} INFO - [2025-01-18T07:46:41.439+0000] {dag.py:3089} INFO - Sync 1 DAGs
[2025-01-18T07:46:41.452+0000] {logging_mixin.py:188} INFO - [2025-01-18T07:46:41.452+0000] {dag.py:3947} INFO - Setting next_dagrun for example_branch_python_operator_decorator to 2025-01-17 00:00:00+00:00, run_after=2025-01-18 00:00:00+00:00
[2025-01-18T07:46:41.462+0000] {processor.py:183} INFO - Processing /home/airflow/.local/lib/python3.12/site-packages/airflow/example_dags/example_branch_operator_decorator.py took 0.057 seconds
[2025-01-18T07:47:11.978+0000] {processor.py:161} INFO - Started process (PID=2974) to work on /home/airflow/.local/lib/python3.12/site-packages/airflow/example_dags/example_branch_operator_decorator.py
[2025-01-18T07:47:11.979+0000] {processor.py:830} INFO - Processing file /home/airflow/.local/lib/python3.12/site-packages/airflow/example_dags/example_branch_operator_decorator.py for tasks to queue
[2025-01-18T07:47:11.980+0000] {logging_mixin.py:188} INFO - [2025-01-18T07:47:11.980+0000] {dagbag.py:545} INFO - Filling up the DagBag from /home/airflow/.local/lib/python3.12/site-packages/airflow/example_dags/example_branch_operator_decorator.py
[2025-01-18T07:47:11.992+0000] {processor.py:840} INFO - DAG(s) 'example_branch_python_operator_decorator' retrieved from /home/airflow/.local/lib/python3.12/site-packages/airflow/example_dags/example_branch_operator_decorator.py
[2025-01-18T07:47:12.009+0000] {logging_mixin.py:188} INFO - [2025-01-18T07:47:12.008+0000] {dag.py:3089} INFO - Sync 1 DAGs
[2025-01-18T07:47:12.023+0000] {logging_mixin.py:188} INFO - [2025-01-18T07:47:12.023+0000] {dag.py:3947} INFO - Setting next_dagrun for example_branch_python_operator_decorator to 2025-01-17 00:00:00+00:00, run_after=2025-01-18 00:00:00+00:00
[2025-01-18T07:47:12.034+0000] {processor.py:183} INFO - Processing /home/airflow/.local/lib/python3.12/site-packages/airflow/example_dags/example_branch_operator_decorator.py took 0.060 seconds
[2025-01-18T07:47:42.305+0000] {processor.py:161} INFO - Started process (PID=3239) to work on /home/airflow/.local/lib/python3.12/site-packages/airflow/example_dags/example_branch_operator_decorator.py
[2025-01-18T07:47:42.306+0000] {processor.py:830} INFO - Processing file /home/airflow/.local/lib/python3.12/site-packages/airflow/example_dags/example_branch_operator_decorator.py for tasks to queue
[2025-01-18T07:47:42.308+0000] {logging_mixin.py:188} INFO - [2025-01-18T07:47:42.308+0000] {dagbag.py:545} INFO - Filling up the DagBag from /home/airflow/.local/lib/python3.12/site-packages/airflow/example_dags/example_branch_operator_decorator.py
[2025-01-18T07:47:42.319+0000] {processor.py:840} INFO - DAG(s) 'example_branch_python_operator_decorator' retrieved from /home/airflow/.local/lib/python3.12/site-packages/airflow/example_dags/example_branch_operator_decorator.py
[2025-01-18T07:47:42.336+0000] {logging_mixin.py:188} INFO - [2025-01-18T07:47:42.336+0000] {dag.py:3089} INFO - Sync 1 DAGs
[2025-01-18T07:47:42.351+0000] {logging_mixin.py:188} INFO - [2025-01-18T07:47:42.350+0000] {dag.py:3947} INFO - Setting next_dagrun for example_branch_python_operator_decorator to 2025-01-17 00:00:00+00:00, run_after=2025-01-18 00:00:00+00:00
[2025-01-18T07:47:42.362+0000] {processor.py:183} INFO - Processing /home/airflow/.local/lib/python3.12/site-packages/airflow/example_dags/example_branch_operator_decorator.py took 0.061 seconds
[2025-01-18T08:02:11.625+0000] {processor.py:161} INFO - Started process (PID=305) to work on /home/airflow/.local/lib/python3.12/site-packages/airflow/example_dags/example_branch_operator_decorator.py
[2025-01-18T08:02:11.626+0000] {processor.py:830} INFO - Processing file /home/airflow/.local/lib/python3.12/site-packages/airflow/example_dags/example_branch_operator_decorator.py for tasks to queue
[2025-01-18T08:02:11.628+0000] {logging_mixin.py:188} INFO - [2025-01-18T08:02:11.628+0000] {dagbag.py:545} INFO - Filling up the DagBag from /home/airflow/.local/lib/python3.12/site-packages/airflow/example_dags/example_branch_operator_decorator.py
[2025-01-18T08:02:11.642+0000] {processor.py:840} INFO - DAG(s) 'example_branch_python_operator_decorator' retrieved from /home/airflow/.local/lib/python3.12/site-packages/airflow/example_dags/example_branch_operator_decorator.py
[2025-01-18T08:02:11.651+0000] {logging_mixin.py:188} INFO - [2025-01-18T08:02:11.651+0000] {dag.py:3089} INFO - Sync 1 DAGs
[2025-01-18T08:02:11.665+0000] {logging_mixin.py:188} INFO - [2025-01-18T08:02:11.665+0000] {dag.py:3947} INFO - Setting next_dagrun for example_branch_python_operator_decorator to 2025-01-17 00:00:00+00:00, run_after=2025-01-18 00:00:00+00:00
[2025-01-18T08:02:11.678+0000] {processor.py:183} INFO - Processing /home/airflow/.local/lib/python3.12/site-packages/airflow/example_dags/example_branch_operator_decorator.py took 0.063 seconds
[2025-01-18T08:02:42.570+0000] {processor.py:161} INFO - Started process (PID=572) to work on /home/airflow/.local/lib/python3.12/site-packages/airflow/example_dags/example_branch_operator_decorator.py
[2025-01-18T08:02:42.571+0000] {processor.py:830} INFO - Processing file /home/airflow/.local/lib/python3.12/site-packages/airflow/example_dags/example_branch_operator_decorator.py for tasks to queue
[2025-01-18T08:02:42.574+0000] {logging_mixin.py:188} INFO - [2025-01-18T08:02:42.574+0000] {dagbag.py:545} INFO - Filling up the DagBag from /home/airflow/.local/lib/python3.12/site-packages/airflow/example_dags/example_branch_operator_decorator.py
[2025-01-18T08:02:42.587+0000] {processor.py:840} INFO - DAG(s) 'example_branch_python_operator_decorator' retrieved from /home/airflow/.local/lib/python3.12/site-packages/airflow/example_dags/example_branch_operator_decorator.py
[2025-01-18T08:02:42.651+0000] {logging_mixin.py:188} INFO - [2025-01-18T08:02:42.651+0000] {dag.py:3089} INFO - Sync 1 DAGs
[2025-01-18T08:02:42.662+0000] {logging_mixin.py:188} INFO - [2025-01-18T08:02:42.662+0000] {dag.py:3947} INFO - Setting next_dagrun for example_branch_python_operator_decorator to 2025-01-17 00:00:00+00:00, run_after=2025-01-18 00:00:00+00:00
[2025-01-18T08:02:42.676+0000] {processor.py:183} INFO - Processing /home/airflow/.local/lib/python3.12/site-packages/airflow/example_dags/example_branch_operator_decorator.py took 0.110 seconds
[2025-01-18T08:03:13.163+0000] {processor.py:161} INFO - Started process (PID=839) to work on /home/airflow/.local/lib/python3.12/site-packages/airflow/example_dags/example_branch_operator_decorator.py
[2025-01-18T08:03:13.164+0000] {processor.py:830} INFO - Processing file /home/airflow/.local/lib/python3.12/site-packages/airflow/example_dags/example_branch_operator_decorator.py for tasks to queue
[2025-01-18T08:03:13.165+0000] {logging_mixin.py:188} INFO - [2025-01-18T08:03:13.165+0000] {dagbag.py:545} INFO - Filling up the DagBag from /home/airflow/.local/lib/python3.12/site-packages/airflow/example_dags/example_branch_operator_decorator.py
[2025-01-18T08:03:13.176+0000] {processor.py:840} INFO - DAG(s) 'example_branch_python_operator_decorator' retrieved from /home/airflow/.local/lib/python3.12/site-packages/airflow/example_dags/example_branch_operator_decorator.py
[2025-01-18T08:03:13.191+0000] {logging_mixin.py:188} INFO - [2025-01-18T08:03:13.191+0000] {dag.py:3089} INFO - Sync 1 DAGs
[2025-01-18T08:03:13.203+0000] {logging_mixin.py:188} INFO - [2025-01-18T08:03:13.203+0000] {dag.py:3947} INFO - Setting next_dagrun for example_branch_python_operator_decorator to 2025-01-17 00:00:00+00:00, run_after=2025-01-18 00:00:00+00:00
[2025-01-18T08:03:13.214+0000] {processor.py:183} INFO - Processing /home/airflow/.local/lib/python3.12/site-packages/airflow/example_dags/example_branch_operator_decorator.py took 0.055 seconds
[2025-01-18T08:03:43.908+0000] {processor.py:161} INFO - Started process (PID=1106) to work on /home/airflow/.local/lib/python3.12/site-packages/airflow/example_dags/example_branch_operator_decorator.py
[2025-01-18T08:03:43.909+0000] {processor.py:830} INFO - Processing file /home/airflow/.local/lib/python3.12/site-packages/airflow/example_dags/example_branch_operator_decorator.py for tasks to queue
[2025-01-18T08:03:43.911+0000] {logging_mixin.py:188} INFO - [2025-01-18T08:03:43.910+0000] {dagbag.py:545} INFO - Filling up the DagBag from /home/airflow/.local/lib/python3.12/site-packages/airflow/example_dags/example_branch_operator_decorator.py
[2025-01-18T08:03:43.923+0000] {processor.py:840} INFO - DAG(s) 'example_branch_python_operator_decorator' retrieved from /home/airflow/.local/lib/python3.12/site-packages/airflow/example_dags/example_branch_operator_decorator.py
[2025-01-18T08:03:43.941+0000] {logging_mixin.py:188} INFO - [2025-01-18T08:03:43.941+0000] {dag.py:3089} INFO - Sync 1 DAGs
[2025-01-18T08:03:43.957+0000] {logging_mixin.py:188} INFO - [2025-01-18T08:03:43.957+0000] {dag.py:3947} INFO - Setting next_dagrun for example_branch_python_operator_decorator to 2025-01-17 00:00:00+00:00, run_after=2025-01-18 00:00:00+00:00
[2025-01-18T08:03:43.970+0000] {processor.py:183} INFO - Processing /home/airflow/.local/lib/python3.12/site-packages/airflow/example_dags/example_branch_operator_decorator.py took 0.065 seconds
[2025-01-18T08:04:14.052+0000] {processor.py:161} INFO - Started process (PID=1367) to work on /home/airflow/.local/lib/python3.12/site-packages/airflow/example_dags/example_branch_operator_decorator.py
[2025-01-18T08:04:14.053+0000] {processor.py:830} INFO - Processing file /home/airflow/.local/lib/python3.12/site-packages/airflow/example_dags/example_branch_operator_decorator.py for tasks to queue
[2025-01-18T08:04:14.054+0000] {logging_mixin.py:188} INFO - [2025-01-18T08:04:14.053+0000] {dagbag.py:545} INFO - Filling up the DagBag from /home/airflow/.local/lib/python3.12/site-packages/airflow/example_dags/example_branch_operator_decorator.py
[2025-01-18T08:04:14.064+0000] {processor.py:840} INFO - DAG(s) 'example_branch_python_operator_decorator' retrieved from /home/airflow/.local/lib/python3.12/site-packages/airflow/example_dags/example_branch_operator_decorator.py
[2025-01-18T08:04:14.082+0000] {logging_mixin.py:188} INFO - [2025-01-18T08:04:14.082+0000] {dag.py:3089} INFO - Sync 1 DAGs
[2025-01-18T08:04:14.098+0000] {logging_mixin.py:188} INFO - [2025-01-18T08:04:14.098+0000] {dag.py:3947} INFO - Setting next_dagrun for example_branch_python_operator_decorator to 2025-01-17 00:00:00+00:00, run_after=2025-01-18 00:00:00+00:00
[2025-01-18T08:04:14.111+0000] {processor.py:183} INFO - Processing /home/airflow/.local/lib/python3.12/site-packages/airflow/example_dags/example_branch_operator_decorator.py took 0.063 seconds
[2025-01-18T08:05:56.787+0000] {processor.py:161} INFO - Started process (PID=298) to work on /home/airflow/.local/lib/python3.12/site-packages/airflow/example_dags/example_branch_operator_decorator.py
[2025-01-18T08:05:56.788+0000] {processor.py:830} INFO - Processing file /home/airflow/.local/lib/python3.12/site-packages/airflow/example_dags/example_branch_operator_decorator.py for tasks to queue
[2025-01-18T08:05:56.789+0000] {logging_mixin.py:188} INFO - [2025-01-18T08:05:56.789+0000] {dagbag.py:545} INFO - Filling up the DagBag from /home/airflow/.local/lib/python3.12/site-packages/airflow/example_dags/example_branch_operator_decorator.py
[2025-01-18T08:05:56.803+0000] {processor.py:840} INFO - DAG(s) 'example_branch_python_operator_decorator' retrieved from /home/airflow/.local/lib/python3.12/site-packages/airflow/example_dags/example_branch_operator_decorator.py
[2025-01-18T08:05:56.814+0000] {logging_mixin.py:188} INFO - [2025-01-18T08:05:56.814+0000] {dag.py:3089} INFO - Sync 1 DAGs
[2025-01-18T08:05:56.831+0000] {logging_mixin.py:188} INFO - [2025-01-18T08:05:56.831+0000] {dag.py:3947} INFO - Setting next_dagrun for example_branch_python_operator_decorator to 2025-01-17 00:00:00+00:00, run_after=2025-01-18 00:00:00+00:00
[2025-01-18T08:05:56.849+0000] {processor.py:183} INFO - Processing /home/airflow/.local/lib/python3.12/site-packages/airflow/example_dags/example_branch_operator_decorator.py took 0.066 seconds
[2025-01-18T08:06:27.222+0000] {processor.py:161} INFO - Started process (PID=565) to work on /home/airflow/.local/lib/python3.12/site-packages/airflow/example_dags/example_branch_operator_decorator.py
[2025-01-18T08:06:27.223+0000] {processor.py:830} INFO - Processing file /home/airflow/.local/lib/python3.12/site-packages/airflow/example_dags/example_branch_operator_decorator.py for tasks to queue
[2025-01-18T08:06:27.224+0000] {logging_mixin.py:188} INFO - [2025-01-18T08:06:27.224+0000] {dagbag.py:545} INFO - Filling up the DagBag from /home/airflow/.local/lib/python3.12/site-packages/airflow/example_dags/example_branch_operator_decorator.py
[2025-01-18T08:06:27.235+0000] {processor.py:840} INFO - DAG(s) 'example_branch_python_operator_decorator' retrieved from /home/airflow/.local/lib/python3.12/site-packages/airflow/example_dags/example_branch_operator_decorator.py
[2025-01-18T08:06:27.244+0000] {logging_mixin.py:188} INFO - [2025-01-18T08:06:27.244+0000] {dag.py:3089} INFO - Sync 1 DAGs
[2025-01-18T08:06:27.255+0000] {logging_mixin.py:188} INFO - [2025-01-18T08:06:27.255+0000] {dag.py:3947} INFO - Setting next_dagrun for example_branch_python_operator_decorator to 2025-01-17 00:00:00+00:00, run_after=2025-01-18 00:00:00+00:00
[2025-01-18T08:06:27.265+0000] {processor.py:183} INFO - Processing /home/airflow/.local/lib/python3.12/site-packages/airflow/example_dags/example_branch_operator_decorator.py took 0.046 seconds
[2025-01-18T08:06:58.110+0000] {processor.py:161} INFO - Started process (PID=832) to work on /home/airflow/.local/lib/python3.12/site-packages/airflow/example_dags/example_branch_operator_decorator.py
[2025-01-18T08:06:58.110+0000] {processor.py:830} INFO - Processing file /home/airflow/.local/lib/python3.12/site-packages/airflow/example_dags/example_branch_operator_decorator.py for tasks to queue
[2025-01-18T08:06:58.112+0000] {logging_mixin.py:188} INFO - [2025-01-18T08:06:58.111+0000] {dagbag.py:545} INFO - Filling up the DagBag from /home/airflow/.local/lib/python3.12/site-packages/airflow/example_dags/example_branch_operator_decorator.py
[2025-01-18T08:06:58.122+0000] {processor.py:840} INFO - DAG(s) 'example_branch_python_operator_decorator' retrieved from /home/airflow/.local/lib/python3.12/site-packages/airflow/example_dags/example_branch_operator_decorator.py
[2025-01-18T08:06:58.131+0000] {logging_mixin.py:188} INFO - [2025-01-18T08:06:58.130+0000] {dag.py:3089} INFO - Sync 1 DAGs
[2025-01-18T08:06:58.144+0000] {logging_mixin.py:188} INFO - [2025-01-18T08:06:58.144+0000] {dag.py:3947} INFO - Setting next_dagrun for example_branch_python_operator_decorator to 2025-01-17 00:00:00+00:00, run_after=2025-01-18 00:00:00+00:00
[2025-01-18T08:06:58.155+0000] {processor.py:183} INFO - Processing /home/airflow/.local/lib/python3.12/site-packages/airflow/example_dags/example_branch_operator_decorator.py took 0.049 seconds
[2025-01-18T08:07:28.479+0000] {processor.py:161} INFO - Started process (PID=1101) to work on /home/airflow/.local/lib/python3.12/site-packages/airflow/example_dags/example_branch_operator_decorator.py
[2025-01-18T08:07:28.480+0000] {processor.py:830} INFO - Processing file /home/airflow/.local/lib/python3.12/site-packages/airflow/example_dags/example_branch_operator_decorator.py for tasks to queue
[2025-01-18T08:07:28.481+0000] {logging_mixin.py:188} INFO - [2025-01-18T08:07:28.481+0000] {dagbag.py:545} INFO - Filling up the DagBag from /home/airflow/.local/lib/python3.12/site-packages/airflow/example_dags/example_branch_operator_decorator.py
[2025-01-18T08:07:28.492+0000] {processor.py:840} INFO - DAG(s) 'example_branch_python_operator_decorator' retrieved from /home/airflow/.local/lib/python3.12/site-packages/airflow/example_dags/example_branch_operator_decorator.py
[2025-01-18T08:07:28.501+0000] {logging_mixin.py:188} INFO - [2025-01-18T08:07:28.501+0000] {dag.py:3089} INFO - Sync 1 DAGs
[2025-01-18T08:07:28.513+0000] {logging_mixin.py:188} INFO - [2025-01-18T08:07:28.513+0000] {dag.py:3947} INFO - Setting next_dagrun for example_branch_python_operator_decorator to 2025-01-17 00:00:00+00:00, run_after=2025-01-18 00:00:00+00:00
[2025-01-18T08:07:28.524+0000] {processor.py:183} INFO - Processing /home/airflow/.local/lib/python3.12/site-packages/airflow/example_dags/example_branch_operator_decorator.py took 0.049 seconds
[2025-01-18T08:07:59.401+0000] {processor.py:161} INFO - Started process (PID=1365) to work on /home/airflow/.local/lib/python3.12/site-packages/airflow/example_dags/example_branch_operator_decorator.py
[2025-01-18T08:07:59.402+0000] {processor.py:830} INFO - Processing file /home/airflow/.local/lib/python3.12/site-packages/airflow/example_dags/example_branch_operator_decorator.py for tasks to queue
[2025-01-18T08:07:59.403+0000] {logging_mixin.py:188} INFO - [2025-01-18T08:07:59.403+0000] {dagbag.py:545} INFO - Filling up the DagBag from /home/airflow/.local/lib/python3.12/site-packages/airflow/example_dags/example_branch_operator_decorator.py
[2025-01-18T08:07:59.414+0000] {processor.py:840} INFO - DAG(s) 'example_branch_python_operator_decorator' retrieved from /home/airflow/.local/lib/python3.12/site-packages/airflow/example_dags/example_branch_operator_decorator.py
[2025-01-18T08:07:59.475+0000] {logging_mixin.py:188} INFO - [2025-01-18T08:07:59.475+0000] {dag.py:3089} INFO - Sync 1 DAGs
[2025-01-18T08:07:59.486+0000] {logging_mixin.py:188} INFO - [2025-01-18T08:07:59.486+0000] {dag.py:3947} INFO - Setting next_dagrun for example_branch_python_operator_decorator to 2025-01-17 00:00:00+00:00, run_after=2025-01-18 00:00:00+00:00
[2025-01-18T08:07:59.499+0000] {processor.py:183} INFO - Processing /home/airflow/.local/lib/python3.12/site-packages/airflow/example_dags/example_branch_operator_decorator.py took 0.102 seconds
[2025-01-18T08:08:30.404+0000] {processor.py:161} INFO - Started process (PID=1632) to work on /home/airflow/.local/lib/python3.12/site-packages/airflow/example_dags/example_branch_operator_decorator.py
[2025-01-18T08:08:30.405+0000] {processor.py:830} INFO - Processing file /home/airflow/.local/lib/python3.12/site-packages/airflow/example_dags/example_branch_operator_decorator.py for tasks to queue
[2025-01-18T08:08:30.407+0000] {logging_mixin.py:188} INFO - [2025-01-18T08:08:30.406+0000] {dagbag.py:545} INFO - Filling up the DagBag from /home/airflow/.local/lib/python3.12/site-packages/airflow/example_dags/example_branch_operator_decorator.py
[2025-01-18T08:08:30.417+0000] {processor.py:840} INFO - DAG(s) 'example_branch_python_operator_decorator' retrieved from /home/airflow/.local/lib/python3.12/site-packages/airflow/example_dags/example_branch_operator_decorator.py
[2025-01-18T08:08:30.437+0000] {logging_mixin.py:188} INFO - [2025-01-18T08:08:30.437+0000] {dag.py:3089} INFO - Sync 1 DAGs
[2025-01-18T08:08:30.449+0000] {logging_mixin.py:188} INFO - [2025-01-18T08:08:30.449+0000] {dag.py:3947} INFO - Setting next_dagrun for example_branch_python_operator_decorator to 2025-01-17 00:00:00+00:00, run_after=2025-01-18 00:00:00+00:00
[2025-01-18T08:08:30.461+0000] {processor.py:183} INFO - Processing /home/airflow/.local/lib/python3.12/site-packages/airflow/example_dags/example_branch_operator_decorator.py took 0.061 seconds
[2025-01-18T08:09:00.575+0000] {processor.py:161} INFO - Started process (PID=1899) to work on /home/airflow/.local/lib/python3.12/site-packages/airflow/example_dags/example_branch_operator_decorator.py
[2025-01-18T08:09:00.576+0000] {processor.py:830} INFO - Processing file /home/airflow/.local/lib/python3.12/site-packages/airflow/example_dags/example_branch_operator_decorator.py for tasks to queue
[2025-01-18T08:09:00.577+0000] {logging_mixin.py:188} INFO - [2025-01-18T08:09:00.577+0000] {dagbag.py:545} INFO - Filling up the DagBag from /home/airflow/.local/lib/python3.12/site-packages/airflow/example_dags/example_branch_operator_decorator.py
[2025-01-18T08:09:00.588+0000] {processor.py:840} INFO - DAG(s) 'example_branch_python_operator_decorator' retrieved from /home/airflow/.local/lib/python3.12/site-packages/airflow/example_dags/example_branch_operator_decorator.py
[2025-01-18T08:09:00.603+0000] {logging_mixin.py:188} INFO - [2025-01-18T08:09:00.603+0000] {dag.py:3089} INFO - Sync 1 DAGs
[2025-01-18T08:09:00.616+0000] {logging_mixin.py:188} INFO - [2025-01-18T08:09:00.616+0000] {dag.py:3947} INFO - Setting next_dagrun for example_branch_python_operator_decorator to 2025-01-17 00:00:00+00:00, run_after=2025-01-18 00:00:00+00:00
[2025-01-18T08:09:00.625+0000] {processor.py:183} INFO - Processing /home/airflow/.local/lib/python3.12/site-packages/airflow/example_dags/example_branch_operator_decorator.py took 0.053 seconds
