[2025-01-18T06:44:33.091+0000] {processor.py:161} INFO - Started process (PID=194) to work on /home/airflow/.local/lib/python3.12/site-packages/airflow/example_dags/example_setup_teardown.py
[2025-01-18T06:44:33.092+0000] {processor.py:830} INFO - Processing file /home/airflow/.local/lib/python3.12/site-packages/airflow/example_dags/example_setup_teardown.py for tasks to queue
[2025-01-18T06:44:33.094+0000] {logging_mixin.py:188} INFO - [2025-01-18T06:44:33.093+0000] {dagbag.py:545} INFO - Filling up the DagBag from /home/airflow/.local/lib/python3.12/site-packages/airflow/example_dags/example_setup_teardown.py
[2025-01-18T06:44:33.100+0000] {processor.py:840} INFO - DAG(s) 'example_setup_teardown' retrieved from /home/airflow/.local/lib/python3.12/site-packages/airflow/example_dags/example_setup_teardown.py
[2025-01-18T06:44:33.110+0000] {logging_mixin.py:188} INFO - [2025-01-18T06:44:33.110+0000] {dag.py:3089} INFO - Sync 1 DAGs
[2025-01-18T06:44:33.124+0000] {logging_mixin.py:188} INFO - [2025-01-18T06:44:33.124+0000] {dag.py:3947} INFO - Setting next_dagrun for example_setup_teardown to 2025-01-17 00:00:00+00:00, run_after=2025-01-18 00:00:00+00:00
[2025-01-18T06:44:33.135+0000] {processor.py:183} INFO - Processing /home/airflow/.local/lib/python3.12/site-packages/airflow/example_dags/example_setup_teardown.py took 0.049 seconds
[2025-01-18T06:45:03.906+0000] {processor.py:161} INFO - Started process (PID=471) to work on /home/airflow/.local/lib/python3.12/site-packages/airflow/example_dags/example_setup_teardown.py
[2025-01-18T06:45:03.907+0000] {processor.py:830} INFO - Processing file /home/airflow/.local/lib/python3.12/site-packages/airflow/example_dags/example_setup_teardown.py for tasks to queue
[2025-01-18T06:45:03.908+0000] {logging_mixin.py:188} INFO - [2025-01-18T06:45:03.908+0000] {dagbag.py:545} INFO - Filling up the DagBag from /home/airflow/.local/lib/python3.12/site-packages/airflow/example_dags/example_setup_teardown.py
[2025-01-18T06:45:03.913+0000] {processor.py:840} INFO - DAG(s) 'example_setup_teardown' retrieved from /home/airflow/.local/lib/python3.12/site-packages/airflow/example_dags/example_setup_teardown.py
[2025-01-18T06:45:03.974+0000] {logging_mixin.py:188} INFO - [2025-01-18T06:45:03.974+0000] {dag.py:3089} INFO - Sync 1 DAGs
[2025-01-18T06:45:03.987+0000] {logging_mixin.py:188} INFO - [2025-01-18T06:45:03.987+0000] {dag.py:3947} INFO - Setting next_dagrun for example_setup_teardown to 2025-01-17 00:00:00+00:00, run_after=2025-01-18 00:00:00+00:00
[2025-01-18T06:45:04.001+0000] {processor.py:183} INFO - Processing /home/airflow/.local/lib/python3.12/site-packages/airflow/example_dags/example_setup_teardown.py took 0.099 seconds
[2025-01-18T06:45:34.779+0000] {processor.py:161} INFO - Started process (PID=747) to work on /home/airflow/.local/lib/python3.12/site-packages/airflow/example_dags/example_setup_teardown.py
[2025-01-18T06:45:34.779+0000] {processor.py:830} INFO - Processing file /home/airflow/.local/lib/python3.12/site-packages/airflow/example_dags/example_setup_teardown.py for tasks to queue
[2025-01-18T06:45:34.781+0000] {logging_mixin.py:188} INFO - [2025-01-18T06:45:34.780+0000] {dagbag.py:545} INFO - Filling up the DagBag from /home/airflow/.local/lib/python3.12/site-packages/airflow/example_dags/example_setup_teardown.py
[2025-01-18T06:45:34.785+0000] {processor.py:840} INFO - DAG(s) 'example_setup_teardown' retrieved from /home/airflow/.local/lib/python3.12/site-packages/airflow/example_dags/example_setup_teardown.py
[2025-01-18T06:45:34.798+0000] {logging_mixin.py:188} INFO - [2025-01-18T06:45:34.798+0000] {dag.py:3089} INFO - Sync 1 DAGs
[2025-01-18T06:45:34.810+0000] {logging_mixin.py:188} INFO - [2025-01-18T06:45:34.810+0000] {dag.py:3947} INFO - Setting next_dagrun for example_setup_teardown to 2025-01-17 00:00:00+00:00, run_after=2025-01-18 00:00:00+00:00
[2025-01-18T06:45:34.821+0000] {processor.py:183} INFO - Processing /home/airflow/.local/lib/python3.12/site-packages/airflow/example_dags/example_setup_teardown.py took 0.045 seconds
[2025-01-18T06:46:05.099+0000] {processor.py:161} INFO - Started process (PID=1024) to work on /home/airflow/.local/lib/python3.12/site-packages/airflow/example_dags/example_setup_teardown.py
[2025-01-18T06:46:05.100+0000] {processor.py:830} INFO - Processing file /home/airflow/.local/lib/python3.12/site-packages/airflow/example_dags/example_setup_teardown.py for tasks to queue
[2025-01-18T06:46:05.102+0000] {logging_mixin.py:188} INFO - [2025-01-18T06:46:05.102+0000] {dagbag.py:545} INFO - Filling up the DagBag from /home/airflow/.local/lib/python3.12/site-packages/airflow/example_dags/example_setup_teardown.py
[2025-01-18T06:46:05.106+0000] {processor.py:840} INFO - DAG(s) 'example_setup_teardown' retrieved from /home/airflow/.local/lib/python3.12/site-packages/airflow/example_dags/example_setup_teardown.py
[2025-01-18T06:46:05.120+0000] {logging_mixin.py:188} INFO - [2025-01-18T06:46:05.120+0000] {dag.py:3089} INFO - Sync 1 DAGs
[2025-01-18T06:46:05.134+0000] {logging_mixin.py:188} INFO - [2025-01-18T06:46:05.134+0000] {dag.py:3947} INFO - Setting next_dagrun for example_setup_teardown to 2025-01-17 00:00:00+00:00, run_after=2025-01-18 00:00:00+00:00
[2025-01-18T06:46:05.146+0000] {processor.py:183} INFO - Processing /home/airflow/.local/lib/python3.12/site-packages/airflow/example_dags/example_setup_teardown.py took 0.051 seconds
[2025-01-18T06:46:35.457+0000] {processor.py:161} INFO - Started process (PID=1301) to work on /home/airflow/.local/lib/python3.12/site-packages/airflow/example_dags/example_setup_teardown.py
[2025-01-18T06:46:35.458+0000] {processor.py:830} INFO - Processing file /home/airflow/.local/lib/python3.12/site-packages/airflow/example_dags/example_setup_teardown.py for tasks to queue
[2025-01-18T06:46:35.461+0000] {logging_mixin.py:188} INFO - [2025-01-18T06:46:35.461+0000] {dagbag.py:545} INFO - Filling up the DagBag from /home/airflow/.local/lib/python3.12/site-packages/airflow/example_dags/example_setup_teardown.py
[2025-01-18T06:46:35.465+0000] {processor.py:840} INFO - DAG(s) 'example_setup_teardown' retrieved from /home/airflow/.local/lib/python3.12/site-packages/airflow/example_dags/example_setup_teardown.py
[2025-01-18T06:46:35.480+0000] {logging_mixin.py:188} INFO - [2025-01-18T06:46:35.480+0000] {dag.py:3089} INFO - Sync 1 DAGs
[2025-01-18T06:46:35.494+0000] {logging_mixin.py:188} INFO - [2025-01-18T06:46:35.494+0000] {dag.py:3947} INFO - Setting next_dagrun for example_setup_teardown to 2025-01-17 00:00:00+00:00, run_after=2025-01-18 00:00:00+00:00
[2025-01-18T06:46:35.507+0000] {processor.py:183} INFO - Processing /home/airflow/.local/lib/python3.12/site-packages/airflow/example_dags/example_setup_teardown.py took 0.053 seconds
[2025-01-18T06:47:11.924+0000] {processor.py:161} INFO - Started process (PID=1608) to work on /home/airflow/.local/lib/python3.12/site-packages/airflow/example_dags/example_setup_teardown.py
[2025-01-18T06:47:11.935+0000] {processor.py:830} INFO - Processing file /home/airflow/.local/lib/python3.12/site-packages/airflow/example_dags/example_setup_teardown.py for tasks to queue
[2025-01-18T06:47:11.979+0000] {logging_mixin.py:188} INFO - [2025-01-18T06:47:11.974+0000] {dagbag.py:545} INFO - Filling up the DagBag from /home/airflow/.local/lib/python3.12/site-packages/airflow/example_dags/example_setup_teardown.py
[2025-01-18T06:47:12.326+0000] {processor.py:840} INFO - DAG(s) 'example_setup_teardown' retrieved from /home/airflow/.local/lib/python3.12/site-packages/airflow/example_dags/example_setup_teardown.py
[2025-01-18T06:47:12.577+0000] {logging_mixin.py:188} INFO - [2025-01-18T06:47:12.577+0000] {dag.py:3089} INFO - Sync 1 DAGs
[2025-01-18T06:47:12.713+0000] {logging_mixin.py:188} INFO - [2025-01-18T06:47:12.713+0000] {dag.py:3947} INFO - Setting next_dagrun for example_setup_teardown to 2025-01-17 00:00:00+00:00, run_after=2025-01-18 00:00:00+00:00
[2025-01-18T06:47:12.750+0000] {processor.py:183} INFO - Processing /home/airflow/.local/lib/python3.12/site-packages/airflow/example_dags/example_setup_teardown.py took 0.943 seconds
[2025-01-18T06:47:42.920+0000] {processor.py:161} INFO - Started process (PID=2375) to work on /home/airflow/.local/lib/python3.12/site-packages/airflow/example_dags/example_setup_teardown.py
[2025-01-18T06:47:42.922+0000] {processor.py:830} INFO - Processing file /home/airflow/.local/lib/python3.12/site-packages/airflow/example_dags/example_setup_teardown.py for tasks to queue
[2025-01-18T06:47:42.925+0000] {logging_mixin.py:188} INFO - [2025-01-18T06:47:42.924+0000] {dagbag.py:545} INFO - Filling up the DagBag from /home/airflow/.local/lib/python3.12/site-packages/airflow/example_dags/example_setup_teardown.py
[2025-01-18T06:47:42.929+0000] {processor.py:840} INFO - DAG(s) 'example_setup_teardown' retrieved from /home/airflow/.local/lib/python3.12/site-packages/airflow/example_dags/example_setup_teardown.py
[2025-01-18T06:47:42.947+0000] {logging_mixin.py:188} INFO - [2025-01-18T06:47:42.947+0000] {dag.py:3089} INFO - Sync 1 DAGs
[2025-01-18T06:47:42.965+0000] {logging_mixin.py:188} INFO - [2025-01-18T06:47:42.965+0000] {dag.py:3947} INFO - Setting next_dagrun for example_setup_teardown to 2025-01-17 00:00:00+00:00, run_after=2025-01-18 00:00:00+00:00
[2025-01-18T06:47:42.981+0000] {processor.py:183} INFO - Processing /home/airflow/.local/lib/python3.12/site-packages/airflow/example_dags/example_setup_teardown.py took 0.066 seconds
[2025-01-18T06:48:13.335+0000] {processor.py:161} INFO - Started process (PID=3316) to work on /home/airflow/.local/lib/python3.12/site-packages/airflow/example_dags/example_setup_teardown.py
[2025-01-18T06:48:13.336+0000] {processor.py:830} INFO - Processing file /home/airflow/.local/lib/python3.12/site-packages/airflow/example_dags/example_setup_teardown.py for tasks to queue
[2025-01-18T06:48:13.340+0000] {logging_mixin.py:188} INFO - [2025-01-18T06:48:13.339+0000] {dagbag.py:545} INFO - Filling up the DagBag from /home/airflow/.local/lib/python3.12/site-packages/airflow/example_dags/example_setup_teardown.py
[2025-01-18T06:48:13.353+0000] {processor.py:840} INFO - DAG(s) 'example_setup_teardown' retrieved from /home/airflow/.local/lib/python3.12/site-packages/airflow/example_dags/example_setup_teardown.py
[2025-01-18T06:48:13.393+0000] {logging_mixin.py:188} INFO - [2025-01-18T06:48:13.392+0000] {dag.py:3089} INFO - Sync 1 DAGs
[2025-01-18T06:48:13.433+0000] {logging_mixin.py:188} INFO - [2025-01-18T06:48:13.432+0000] {dag.py:3947} INFO - Setting next_dagrun for example_setup_teardown to 2025-01-17 00:00:00+00:00, run_after=2025-01-18 00:00:00+00:00
[2025-01-18T06:48:13.488+0000] {processor.py:183} INFO - Processing /home/airflow/.local/lib/python3.12/site-packages/airflow/example_dags/example_setup_teardown.py took 0.166 seconds
[2025-01-18T06:48:43.803+0000] {processor.py:161} INFO - Started process (PID=3843) to work on /home/airflow/.local/lib/python3.12/site-packages/airflow/example_dags/example_setup_teardown.py
[2025-01-18T06:48:43.804+0000] {processor.py:830} INFO - Processing file /home/airflow/.local/lib/python3.12/site-packages/airflow/example_dags/example_setup_teardown.py for tasks to queue
[2025-01-18T06:48:43.805+0000] {logging_mixin.py:188} INFO - [2025-01-18T06:48:43.805+0000] {dagbag.py:545} INFO - Filling up the DagBag from /home/airflow/.local/lib/python3.12/site-packages/airflow/example_dags/example_setup_teardown.py
[2025-01-18T06:48:43.810+0000] {processor.py:840} INFO - DAG(s) 'example_setup_teardown' retrieved from /home/airflow/.local/lib/python3.12/site-packages/airflow/example_dags/example_setup_teardown.py
[2025-01-18T06:48:43.827+0000] {logging_mixin.py:188} INFO - [2025-01-18T06:48:43.827+0000] {dag.py:3089} INFO - Sync 1 DAGs
[2025-01-18T06:48:43.842+0000] {logging_mixin.py:188} INFO - [2025-01-18T06:48:43.842+0000] {dag.py:3947} INFO - Setting next_dagrun for example_setup_teardown to 2025-01-17 00:00:00+00:00, run_after=2025-01-18 00:00:00+00:00
[2025-01-18T06:48:43.856+0000] {processor.py:183} INFO - Processing /home/airflow/.local/lib/python3.12/site-packages/airflow/example_dags/example_setup_teardown.py took 0.058 seconds
[2025-01-18T06:49:14.316+0000] {processor.py:161} INFO - Started process (PID=4120) to work on /home/airflow/.local/lib/python3.12/site-packages/airflow/example_dags/example_setup_teardown.py
[2025-01-18T06:49:14.317+0000] {processor.py:830} INFO - Processing file /home/airflow/.local/lib/python3.12/site-packages/airflow/example_dags/example_setup_teardown.py for tasks to queue
[2025-01-18T06:49:14.318+0000] {logging_mixin.py:188} INFO - [2025-01-18T06:49:14.318+0000] {dagbag.py:545} INFO - Filling up the DagBag from /home/airflow/.local/lib/python3.12/site-packages/airflow/example_dags/example_setup_teardown.py
[2025-01-18T06:49:14.323+0000] {processor.py:840} INFO - DAG(s) 'example_setup_teardown' retrieved from /home/airflow/.local/lib/python3.12/site-packages/airflow/example_dags/example_setup_teardown.py
[2025-01-18T06:49:14.337+0000] {logging_mixin.py:188} INFO - [2025-01-18T06:49:14.337+0000] {dag.py:3089} INFO - Sync 1 DAGs
[2025-01-18T06:49:14.351+0000] {logging_mixin.py:188} INFO - [2025-01-18T06:49:14.351+0000] {dag.py:3947} INFO - Setting next_dagrun for example_setup_teardown to 2025-01-17 00:00:00+00:00, run_after=2025-01-18 00:00:00+00:00
[2025-01-18T06:49:14.361+0000] {processor.py:183} INFO - Processing /home/airflow/.local/lib/python3.12/site-packages/airflow/example_dags/example_setup_teardown.py took 0.050 seconds
[2025-01-18T06:49:45.264+0000] {processor.py:161} INFO - Started process (PID=4397) to work on /home/airflow/.local/lib/python3.12/site-packages/airflow/example_dags/example_setup_teardown.py
[2025-01-18T06:49:45.267+0000] {processor.py:830} INFO - Processing file /home/airflow/.local/lib/python3.12/site-packages/airflow/example_dags/example_setup_teardown.py for tasks to queue
[2025-01-18T06:49:45.270+0000] {logging_mixin.py:188} INFO - [2025-01-18T06:49:45.270+0000] {dagbag.py:545} INFO - Filling up the DagBag from /home/airflow/.local/lib/python3.12/site-packages/airflow/example_dags/example_setup_teardown.py
[2025-01-18T06:49:45.276+0000] {processor.py:840} INFO - DAG(s) 'example_setup_teardown' retrieved from /home/airflow/.local/lib/python3.12/site-packages/airflow/example_dags/example_setup_teardown.py
[2025-01-18T06:49:45.292+0000] {logging_mixin.py:188} INFO - [2025-01-18T06:49:45.292+0000] {dag.py:3089} INFO - Sync 1 DAGs
[2025-01-18T06:49:45.313+0000] {logging_mixin.py:188} INFO - [2025-01-18T06:49:45.313+0000] {dag.py:3947} INFO - Setting next_dagrun for example_setup_teardown to 2025-01-17 00:00:00+00:00, run_after=2025-01-18 00:00:00+00:00
[2025-01-18T06:49:45.328+0000] {processor.py:183} INFO - Processing /home/airflow/.local/lib/python3.12/site-packages/airflow/example_dags/example_setup_teardown.py took 0.070 seconds
[2025-01-18T06:50:15.934+0000] {processor.py:161} INFO - Started process (PID=4673) to work on /home/airflow/.local/lib/python3.12/site-packages/airflow/example_dags/example_setup_teardown.py
[2025-01-18T06:50:15.935+0000] {processor.py:830} INFO - Processing file /home/airflow/.local/lib/python3.12/site-packages/airflow/example_dags/example_setup_teardown.py for tasks to queue
[2025-01-18T06:50:15.937+0000] {logging_mixin.py:188} INFO - [2025-01-18T06:50:15.936+0000] {dagbag.py:545} INFO - Filling up the DagBag from /home/airflow/.local/lib/python3.12/site-packages/airflow/example_dags/example_setup_teardown.py
[2025-01-18T06:50:15.942+0000] {processor.py:840} INFO - DAG(s) 'example_setup_teardown' retrieved from /home/airflow/.local/lib/python3.12/site-packages/airflow/example_dags/example_setup_teardown.py
[2025-01-18T06:50:15.961+0000] {logging_mixin.py:188} INFO - [2025-01-18T06:50:15.961+0000] {dag.py:3089} INFO - Sync 1 DAGs
[2025-01-18T06:50:15.976+0000] {logging_mixin.py:188} INFO - [2025-01-18T06:50:15.975+0000] {dag.py:3947} INFO - Setting next_dagrun for example_setup_teardown to 2025-01-17 00:00:00+00:00, run_after=2025-01-18 00:00:00+00:00
[2025-01-18T06:50:15.988+0000] {processor.py:183} INFO - Processing /home/airflow/.local/lib/python3.12/site-packages/airflow/example_dags/example_setup_teardown.py took 0.059 seconds
[2025-01-18T06:50:46.858+0000] {processor.py:161} INFO - Started process (PID=4951) to work on /home/airflow/.local/lib/python3.12/site-packages/airflow/example_dags/example_setup_teardown.py
[2025-01-18T06:50:46.859+0000] {processor.py:830} INFO - Processing file /home/airflow/.local/lib/python3.12/site-packages/airflow/example_dags/example_setup_teardown.py for tasks to queue
[2025-01-18T06:50:46.861+0000] {logging_mixin.py:188} INFO - [2025-01-18T06:50:46.860+0000] {dagbag.py:545} INFO - Filling up the DagBag from /home/airflow/.local/lib/python3.12/site-packages/airflow/example_dags/example_setup_teardown.py
[2025-01-18T06:50:46.866+0000] {processor.py:840} INFO - DAG(s) 'example_setup_teardown' retrieved from /home/airflow/.local/lib/python3.12/site-packages/airflow/example_dags/example_setup_teardown.py
[2025-01-18T06:50:46.882+0000] {logging_mixin.py:188} INFO - [2025-01-18T06:50:46.882+0000] {dag.py:3089} INFO - Sync 1 DAGs
[2025-01-18T06:50:46.898+0000] {logging_mixin.py:188} INFO - [2025-01-18T06:50:46.898+0000] {dag.py:3947} INFO - Setting next_dagrun for example_setup_teardown to 2025-01-17 00:00:00+00:00, run_after=2025-01-18 00:00:00+00:00
[2025-01-18T06:50:46.910+0000] {processor.py:183} INFO - Processing /home/airflow/.local/lib/python3.12/site-packages/airflow/example_dags/example_setup_teardown.py took 0.057 seconds
[2025-01-18T06:51:17.857+0000] {processor.py:161} INFO - Started process (PID=5228) to work on /home/airflow/.local/lib/python3.12/site-packages/airflow/example_dags/example_setup_teardown.py
[2025-01-18T06:51:17.858+0000] {processor.py:830} INFO - Processing file /home/airflow/.local/lib/python3.12/site-packages/airflow/example_dags/example_setup_teardown.py for tasks to queue
[2025-01-18T06:51:17.860+0000] {logging_mixin.py:188} INFO - [2025-01-18T06:51:17.859+0000] {dagbag.py:545} INFO - Filling up the DagBag from /home/airflow/.local/lib/python3.12/site-packages/airflow/example_dags/example_setup_teardown.py
[2025-01-18T06:51:17.865+0000] {processor.py:840} INFO - DAG(s) 'example_setup_teardown' retrieved from /home/airflow/.local/lib/python3.12/site-packages/airflow/example_dags/example_setup_teardown.py
[2025-01-18T06:51:17.884+0000] {logging_mixin.py:188} INFO - [2025-01-18T06:51:17.884+0000] {dag.py:3089} INFO - Sync 1 DAGs
[2025-01-18T06:51:17.901+0000] {logging_mixin.py:188} INFO - [2025-01-18T06:51:17.900+0000] {dag.py:3947} INFO - Setting next_dagrun for example_setup_teardown to 2025-01-17 00:00:00+00:00, run_after=2025-01-18 00:00:00+00:00
[2025-01-18T06:51:17.921+0000] {processor.py:183} INFO - Processing /home/airflow/.local/lib/python3.12/site-packages/airflow/example_dags/example_setup_teardown.py took 0.070 seconds
[2025-01-18T06:51:48.819+0000] {processor.py:161} INFO - Started process (PID=5505) to work on /home/airflow/.local/lib/python3.12/site-packages/airflow/example_dags/example_setup_teardown.py
[2025-01-18T06:51:48.820+0000] {processor.py:830} INFO - Processing file /home/airflow/.local/lib/python3.12/site-packages/airflow/example_dags/example_setup_teardown.py for tasks to queue
[2025-01-18T06:51:48.822+0000] {logging_mixin.py:188} INFO - [2025-01-18T06:51:48.821+0000] {dagbag.py:545} INFO - Filling up the DagBag from /home/airflow/.local/lib/python3.12/site-packages/airflow/example_dags/example_setup_teardown.py
[2025-01-18T06:51:48.827+0000] {processor.py:840} INFO - DAG(s) 'example_setup_teardown' retrieved from /home/airflow/.local/lib/python3.12/site-packages/airflow/example_dags/example_setup_teardown.py
[2025-01-18T06:51:48.844+0000] {logging_mixin.py:188} INFO - [2025-01-18T06:51:48.844+0000] {dag.py:3089} INFO - Sync 1 DAGs
[2025-01-18T06:51:48.860+0000] {logging_mixin.py:188} INFO - [2025-01-18T06:51:48.859+0000] {dag.py:3947} INFO - Setting next_dagrun for example_setup_teardown to 2025-01-17 00:00:00+00:00, run_after=2025-01-18 00:00:00+00:00
[2025-01-18T06:51:48.880+0000] {processor.py:183} INFO - Processing /home/airflow/.local/lib/python3.12/site-packages/airflow/example_dags/example_setup_teardown.py took 0.067 seconds
[2025-01-18T06:52:19.109+0000] {processor.py:161} INFO - Started process (PID=5782) to work on /home/airflow/.local/lib/python3.12/site-packages/airflow/example_dags/example_setup_teardown.py
[2025-01-18T06:52:19.113+0000] {processor.py:830} INFO - Processing file /home/airflow/.local/lib/python3.12/site-packages/airflow/example_dags/example_setup_teardown.py for tasks to queue
[2025-01-18T06:52:19.115+0000] {logging_mixin.py:188} INFO - [2025-01-18T06:52:19.115+0000] {dagbag.py:545} INFO - Filling up the DagBag from /home/airflow/.local/lib/python3.12/site-packages/airflow/example_dags/example_setup_teardown.py
[2025-01-18T06:52:19.125+0000] {processor.py:840} INFO - DAG(s) 'example_setup_teardown' retrieved from /home/airflow/.local/lib/python3.12/site-packages/airflow/example_dags/example_setup_teardown.py
[2025-01-18T06:52:19.142+0000] {logging_mixin.py:188} INFO - [2025-01-18T06:52:19.142+0000] {dag.py:3089} INFO - Sync 1 DAGs
[2025-01-18T06:52:19.161+0000] {logging_mixin.py:188} INFO - [2025-01-18T06:52:19.161+0000] {dag.py:3947} INFO - Setting next_dagrun for example_setup_teardown to 2025-01-17 00:00:00+00:00, run_after=2025-01-18 00:00:00+00:00
[2025-01-18T06:52:19.174+0000] {processor.py:183} INFO - Processing /home/airflow/.local/lib/python3.12/site-packages/airflow/example_dags/example_setup_teardown.py took 0.074 seconds
[2025-01-18T06:52:50.083+0000] {processor.py:161} INFO - Started process (PID=6059) to work on /home/airflow/.local/lib/python3.12/site-packages/airflow/example_dags/example_setup_teardown.py
[2025-01-18T06:52:50.085+0000] {processor.py:830} INFO - Processing file /home/airflow/.local/lib/python3.12/site-packages/airflow/example_dags/example_setup_teardown.py for tasks to queue
[2025-01-18T06:52:50.087+0000] {logging_mixin.py:188} INFO - [2025-01-18T06:52:50.086+0000] {dagbag.py:545} INFO - Filling up the DagBag from /home/airflow/.local/lib/python3.12/site-packages/airflow/example_dags/example_setup_teardown.py
[2025-01-18T06:52:50.093+0000] {processor.py:840} INFO - DAG(s) 'example_setup_teardown' retrieved from /home/airflow/.local/lib/python3.12/site-packages/airflow/example_dags/example_setup_teardown.py
[2025-01-18T06:52:50.117+0000] {logging_mixin.py:188} INFO - [2025-01-18T06:52:50.116+0000] {dag.py:3089} INFO - Sync 1 DAGs
[2025-01-18T06:52:50.131+0000] {logging_mixin.py:188} INFO - [2025-01-18T06:52:50.130+0000] {dag.py:3947} INFO - Setting next_dagrun for example_setup_teardown to 2025-01-17 00:00:00+00:00, run_after=2025-01-18 00:00:00+00:00
[2025-01-18T06:52:50.144+0000] {processor.py:183} INFO - Processing /home/airflow/.local/lib/python3.12/site-packages/airflow/example_dags/example_setup_teardown.py took 0.067 seconds
[2025-01-18T06:53:20.951+0000] {processor.py:161} INFO - Started process (PID=6336) to work on /home/airflow/.local/lib/python3.12/site-packages/airflow/example_dags/example_setup_teardown.py
[2025-01-18T06:53:20.951+0000] {processor.py:830} INFO - Processing file /home/airflow/.local/lib/python3.12/site-packages/airflow/example_dags/example_setup_teardown.py for tasks to queue
[2025-01-18T06:53:20.952+0000] {logging_mixin.py:188} INFO - [2025-01-18T06:53:20.952+0000] {dagbag.py:545} INFO - Filling up the DagBag from /home/airflow/.local/lib/python3.12/site-packages/airflow/example_dags/example_setup_teardown.py
[2025-01-18T06:53:20.958+0000] {processor.py:840} INFO - DAG(s) 'example_setup_teardown' retrieved from /home/airflow/.local/lib/python3.12/site-packages/airflow/example_dags/example_setup_teardown.py
[2025-01-18T06:53:20.971+0000] {logging_mixin.py:188} INFO - [2025-01-18T06:53:20.971+0000] {dag.py:3089} INFO - Sync 1 DAGs
[2025-01-18T06:53:20.983+0000] {logging_mixin.py:188} INFO - [2025-01-18T06:53:20.983+0000] {dag.py:3947} INFO - Setting next_dagrun for example_setup_teardown to 2025-01-17 00:00:00+00:00, run_after=2025-01-18 00:00:00+00:00
[2025-01-18T06:53:20.994+0000] {processor.py:183} INFO - Processing /home/airflow/.local/lib/python3.12/site-packages/airflow/example_dags/example_setup_teardown.py took 0.047 seconds
[2025-01-18T06:53:51.831+0000] {processor.py:161} INFO - Started process (PID=6613) to work on /home/airflow/.local/lib/python3.12/site-packages/airflow/example_dags/example_setup_teardown.py
[2025-01-18T06:53:51.832+0000] {processor.py:830} INFO - Processing file /home/airflow/.local/lib/python3.12/site-packages/airflow/example_dags/example_setup_teardown.py for tasks to queue
[2025-01-18T06:53:51.833+0000] {logging_mixin.py:188} INFO - [2025-01-18T06:53:51.833+0000] {dagbag.py:545} INFO - Filling up the DagBag from /home/airflow/.local/lib/python3.12/site-packages/airflow/example_dags/example_setup_teardown.py
[2025-01-18T06:53:51.838+0000] {processor.py:840} INFO - DAG(s) 'example_setup_teardown' retrieved from /home/airflow/.local/lib/python3.12/site-packages/airflow/example_dags/example_setup_teardown.py
[2025-01-18T06:53:51.857+0000] {logging_mixin.py:188} INFO - [2025-01-18T06:53:51.856+0000] {dag.py:3089} INFO - Sync 1 DAGs
[2025-01-18T06:53:51.876+0000] {logging_mixin.py:188} INFO - [2025-01-18T06:53:51.875+0000] {dag.py:3947} INFO - Setting next_dagrun for example_setup_teardown to 2025-01-17 00:00:00+00:00, run_after=2025-01-18 00:00:00+00:00
[2025-01-18T06:53:51.892+0000] {processor.py:183} INFO - Processing /home/airflow/.local/lib/python3.12/site-packages/airflow/example_dags/example_setup_teardown.py took 0.066 seconds
[2025-01-18T06:54:22.388+0000] {processor.py:161} INFO - Started process (PID=6890) to work on /home/airflow/.local/lib/python3.12/site-packages/airflow/example_dags/example_setup_teardown.py
[2025-01-18T06:54:22.389+0000] {processor.py:830} INFO - Processing file /home/airflow/.local/lib/python3.12/site-packages/airflow/example_dags/example_setup_teardown.py for tasks to queue
[2025-01-18T06:54:22.391+0000] {logging_mixin.py:188} INFO - [2025-01-18T06:54:22.390+0000] {dagbag.py:545} INFO - Filling up the DagBag from /home/airflow/.local/lib/python3.12/site-packages/airflow/example_dags/example_setup_teardown.py
[2025-01-18T06:54:22.397+0000] {processor.py:840} INFO - DAG(s) 'example_setup_teardown' retrieved from /home/airflow/.local/lib/python3.12/site-packages/airflow/example_dags/example_setup_teardown.py
[2025-01-18T06:54:22.413+0000] {logging_mixin.py:188} INFO - [2025-01-18T06:54:22.413+0000] {dag.py:3089} INFO - Sync 1 DAGs
[2025-01-18T06:54:22.425+0000] {logging_mixin.py:188} INFO - [2025-01-18T06:54:22.425+0000] {dag.py:3947} INFO - Setting next_dagrun for example_setup_teardown to 2025-01-17 00:00:00+00:00, run_after=2025-01-18 00:00:00+00:00
[2025-01-18T06:54:22.448+0000] {processor.py:183} INFO - Processing /home/airflow/.local/lib/python3.12/site-packages/airflow/example_dags/example_setup_teardown.py took 0.066 seconds
[2025-01-18T06:54:53.181+0000] {processor.py:161} INFO - Started process (PID=7167) to work on /home/airflow/.local/lib/python3.12/site-packages/airflow/example_dags/example_setup_teardown.py
[2025-01-18T06:54:53.182+0000] {processor.py:830} INFO - Processing file /home/airflow/.local/lib/python3.12/site-packages/airflow/example_dags/example_setup_teardown.py for tasks to queue
[2025-01-18T06:54:53.184+0000] {logging_mixin.py:188} INFO - [2025-01-18T06:54:53.184+0000] {dagbag.py:545} INFO - Filling up the DagBag from /home/airflow/.local/lib/python3.12/site-packages/airflow/example_dags/example_setup_teardown.py
[2025-01-18T06:54:53.190+0000] {processor.py:840} INFO - DAG(s) 'example_setup_teardown' retrieved from /home/airflow/.local/lib/python3.12/site-packages/airflow/example_dags/example_setup_teardown.py
[2025-01-18T06:54:53.207+0000] {logging_mixin.py:188} INFO - [2025-01-18T06:54:53.207+0000] {dag.py:3089} INFO - Sync 1 DAGs
[2025-01-18T06:54:53.222+0000] {logging_mixin.py:188} INFO - [2025-01-18T06:54:53.221+0000] {dag.py:3947} INFO - Setting next_dagrun for example_setup_teardown to 2025-01-17 00:00:00+00:00, run_after=2025-01-18 00:00:00+00:00
[2025-01-18T06:54:53.241+0000] {processor.py:183} INFO - Processing /home/airflow/.local/lib/python3.12/site-packages/airflow/example_dags/example_setup_teardown.py took 0.065 seconds
[2025-01-18T06:55:23.373+0000] {processor.py:161} INFO - Started process (PID=7446) to work on /home/airflow/.local/lib/python3.12/site-packages/airflow/example_dags/example_setup_teardown.py
[2025-01-18T06:55:23.374+0000] {processor.py:830} INFO - Processing file /home/airflow/.local/lib/python3.12/site-packages/airflow/example_dags/example_setup_teardown.py for tasks to queue
[2025-01-18T06:55:23.375+0000] {logging_mixin.py:188} INFO - [2025-01-18T06:55:23.375+0000] {dagbag.py:545} INFO - Filling up the DagBag from /home/airflow/.local/lib/python3.12/site-packages/airflow/example_dags/example_setup_teardown.py
[2025-01-18T06:55:23.379+0000] {processor.py:840} INFO - DAG(s) 'example_setup_teardown' retrieved from /home/airflow/.local/lib/python3.12/site-packages/airflow/example_dags/example_setup_teardown.py
[2025-01-18T06:55:23.396+0000] {logging_mixin.py:188} INFO - [2025-01-18T06:55:23.395+0000] {dag.py:3089} INFO - Sync 1 DAGs
[2025-01-18T06:55:23.410+0000] {logging_mixin.py:188} INFO - [2025-01-18T06:55:23.410+0000] {dag.py:3947} INFO - Setting next_dagrun for example_setup_teardown to 2025-01-17 00:00:00+00:00, run_after=2025-01-18 00:00:00+00:00
[2025-01-18T06:55:23.423+0000] {processor.py:183} INFO - Processing /home/airflow/.local/lib/python3.12/site-packages/airflow/example_dags/example_setup_teardown.py took 0.053 seconds
[2025-01-18T06:55:54.085+0000] {processor.py:161} INFO - Started process (PID=7721) to work on /home/airflow/.local/lib/python3.12/site-packages/airflow/example_dags/example_setup_teardown.py
[2025-01-18T06:55:54.085+0000] {processor.py:830} INFO - Processing file /home/airflow/.local/lib/python3.12/site-packages/airflow/example_dags/example_setup_teardown.py for tasks to queue
[2025-01-18T06:55:54.087+0000] {logging_mixin.py:188} INFO - [2025-01-18T06:55:54.087+0000] {dagbag.py:545} INFO - Filling up the DagBag from /home/airflow/.local/lib/python3.12/site-packages/airflow/example_dags/example_setup_teardown.py
[2025-01-18T06:55:54.091+0000] {processor.py:840} INFO - DAG(s) 'example_setup_teardown' retrieved from /home/airflow/.local/lib/python3.12/site-packages/airflow/example_dags/example_setup_teardown.py
[2025-01-18T06:55:54.104+0000] {logging_mixin.py:188} INFO - [2025-01-18T06:55:54.104+0000] {dag.py:3089} INFO - Sync 1 DAGs
[2025-01-18T06:55:54.116+0000] {logging_mixin.py:188} INFO - [2025-01-18T06:55:54.116+0000] {dag.py:3947} INFO - Setting next_dagrun for example_setup_teardown to 2025-01-17 00:00:00+00:00, run_after=2025-01-18 00:00:00+00:00
[2025-01-18T06:55:54.127+0000] {processor.py:183} INFO - Processing /home/airflow/.local/lib/python3.12/site-packages/airflow/example_dags/example_setup_teardown.py took 0.046 seconds
[2025-01-18T06:56:26.425+0000] {processor.py:161} INFO - Started process (PID=7998) to work on /home/airflow/.local/lib/python3.12/site-packages/airflow/example_dags/example_setup_teardown.py
[2025-01-18T06:56:26.426+0000] {processor.py:830} INFO - Processing file /home/airflow/.local/lib/python3.12/site-packages/airflow/example_dags/example_setup_teardown.py for tasks to queue
[2025-01-18T06:56:26.428+0000] {logging_mixin.py:188} INFO - [2025-01-18T06:56:26.427+0000] {dagbag.py:545} INFO - Filling up the DagBag from /home/airflow/.local/lib/python3.12/site-packages/airflow/example_dags/example_setup_teardown.py
[2025-01-18T06:56:26.432+0000] {processor.py:840} INFO - DAG(s) 'example_setup_teardown' retrieved from /home/airflow/.local/lib/python3.12/site-packages/airflow/example_dags/example_setup_teardown.py
[2025-01-18T06:56:26.451+0000] {logging_mixin.py:188} INFO - [2025-01-18T06:56:26.451+0000] {dag.py:3089} INFO - Sync 1 DAGs
[2025-01-18T06:56:26.473+0000] {logging_mixin.py:188} INFO - [2025-01-18T06:56:26.473+0000] {dag.py:3947} INFO - Setting next_dagrun for example_setup_teardown to 2025-01-17 00:00:00+00:00, run_after=2025-01-18 00:00:00+00:00
[2025-01-18T06:56:26.488+0000] {processor.py:183} INFO - Processing /home/airflow/.local/lib/python3.12/site-packages/airflow/example_dags/example_setup_teardown.py took 0.066 seconds
[2025-01-18T06:56:57.563+0000] {processor.py:161} INFO - Started process (PID=8275) to work on /home/airflow/.local/lib/python3.12/site-packages/airflow/example_dags/example_setup_teardown.py
[2025-01-18T06:56:57.564+0000] {processor.py:830} INFO - Processing file /home/airflow/.local/lib/python3.12/site-packages/airflow/example_dags/example_setup_teardown.py for tasks to queue
[2025-01-18T06:56:57.565+0000] {logging_mixin.py:188} INFO - [2025-01-18T06:56:57.565+0000] {dagbag.py:545} INFO - Filling up the DagBag from /home/airflow/.local/lib/python3.12/site-packages/airflow/example_dags/example_setup_teardown.py
[2025-01-18T06:56:57.570+0000] {processor.py:840} INFO - DAG(s) 'example_setup_teardown' retrieved from /home/airflow/.local/lib/python3.12/site-packages/airflow/example_dags/example_setup_teardown.py
[2025-01-18T06:56:57.584+0000] {logging_mixin.py:188} INFO - [2025-01-18T06:56:57.584+0000] {dag.py:3089} INFO - Sync 1 DAGs
[2025-01-18T06:56:57.597+0000] {logging_mixin.py:188} INFO - [2025-01-18T06:56:57.597+0000] {dag.py:3947} INFO - Setting next_dagrun for example_setup_teardown to 2025-01-17 00:00:00+00:00, run_after=2025-01-18 00:00:00+00:00
[2025-01-18T06:56:57.608+0000] {processor.py:183} INFO - Processing /home/airflow/.local/lib/python3.12/site-packages/airflow/example_dags/example_setup_teardown.py took 0.049 seconds
[2025-01-18T06:57:28.664+0000] {processor.py:161} INFO - Started process (PID=8552) to work on /home/airflow/.local/lib/python3.12/site-packages/airflow/example_dags/example_setup_teardown.py
[2025-01-18T06:57:28.665+0000] {processor.py:830} INFO - Processing file /home/airflow/.local/lib/python3.12/site-packages/airflow/example_dags/example_setup_teardown.py for tasks to queue
[2025-01-18T06:57:28.667+0000] {logging_mixin.py:188} INFO - [2025-01-18T06:57:28.667+0000] {dagbag.py:545} INFO - Filling up the DagBag from /home/airflow/.local/lib/python3.12/site-packages/airflow/example_dags/example_setup_teardown.py
[2025-01-18T06:57:28.674+0000] {processor.py:840} INFO - DAG(s) 'example_setup_teardown' retrieved from /home/airflow/.local/lib/python3.12/site-packages/airflow/example_dags/example_setup_teardown.py
[2025-01-18T06:57:28.691+0000] {logging_mixin.py:188} INFO - [2025-01-18T06:57:28.691+0000] {dag.py:3089} INFO - Sync 1 DAGs
[2025-01-18T06:57:28.707+0000] {logging_mixin.py:188} INFO - [2025-01-18T06:57:28.707+0000] {dag.py:3947} INFO - Setting next_dagrun for example_setup_teardown to 2025-01-17 00:00:00+00:00, run_after=2025-01-18 00:00:00+00:00
[2025-01-18T06:57:28.720+0000] {processor.py:183} INFO - Processing /home/airflow/.local/lib/python3.12/site-packages/airflow/example_dags/example_setup_teardown.py took 0.062 seconds
[2025-01-18T06:57:59.074+0000] {processor.py:161} INFO - Started process (PID=8829) to work on /home/airflow/.local/lib/python3.12/site-packages/airflow/example_dags/example_setup_teardown.py
[2025-01-18T06:57:59.075+0000] {processor.py:830} INFO - Processing file /home/airflow/.local/lib/python3.12/site-packages/airflow/example_dags/example_setup_teardown.py for tasks to queue
[2025-01-18T06:57:59.076+0000] {logging_mixin.py:188} INFO - [2025-01-18T06:57:59.076+0000] {dagbag.py:545} INFO - Filling up the DagBag from /home/airflow/.local/lib/python3.12/site-packages/airflow/example_dags/example_setup_teardown.py
[2025-01-18T06:57:59.081+0000] {processor.py:840} INFO - DAG(s) 'example_setup_teardown' retrieved from /home/airflow/.local/lib/python3.12/site-packages/airflow/example_dags/example_setup_teardown.py
[2025-01-18T06:57:59.095+0000] {logging_mixin.py:188} INFO - [2025-01-18T06:57:59.094+0000] {dag.py:3089} INFO - Sync 1 DAGs
[2025-01-18T06:57:59.108+0000] {logging_mixin.py:188} INFO - [2025-01-18T06:57:59.108+0000] {dag.py:3947} INFO - Setting next_dagrun for example_setup_teardown to 2025-01-17 00:00:00+00:00, run_after=2025-01-18 00:00:00+00:00
[2025-01-18T06:57:59.118+0000] {processor.py:183} INFO - Processing /home/airflow/.local/lib/python3.12/site-packages/airflow/example_dags/example_setup_teardown.py took 0.048 seconds
[2025-01-18T06:58:29.542+0000] {processor.py:161} INFO - Started process (PID=9106) to work on /home/airflow/.local/lib/python3.12/site-packages/airflow/example_dags/example_setup_teardown.py
[2025-01-18T06:58:29.543+0000] {processor.py:830} INFO - Processing file /home/airflow/.local/lib/python3.12/site-packages/airflow/example_dags/example_setup_teardown.py for tasks to queue
[2025-01-18T06:58:29.545+0000] {logging_mixin.py:188} INFO - [2025-01-18T06:58:29.544+0000] {dagbag.py:545} INFO - Filling up the DagBag from /home/airflow/.local/lib/python3.12/site-packages/airflow/example_dags/example_setup_teardown.py
[2025-01-18T06:58:29.550+0000] {processor.py:840} INFO - DAG(s) 'example_setup_teardown' retrieved from /home/airflow/.local/lib/python3.12/site-packages/airflow/example_dags/example_setup_teardown.py
[2025-01-18T06:58:29.565+0000] {logging_mixin.py:188} INFO - [2025-01-18T06:58:29.565+0000] {dag.py:3089} INFO - Sync 1 DAGs
[2025-01-18T06:58:29.578+0000] {logging_mixin.py:188} INFO - [2025-01-18T06:58:29.578+0000] {dag.py:3947} INFO - Setting next_dagrun for example_setup_teardown to 2025-01-17 00:00:00+00:00, run_after=2025-01-18 00:00:00+00:00
[2025-01-18T06:58:29.594+0000] {processor.py:183} INFO - Processing /home/airflow/.local/lib/python3.12/site-packages/airflow/example_dags/example_setup_teardown.py took 0.058 seconds
[2025-01-18T06:59:01.011+0000] {processor.py:161} INFO - Started process (PID=9383) to work on /home/airflow/.local/lib/python3.12/site-packages/airflow/example_dags/example_setup_teardown.py
[2025-01-18T06:59:01.012+0000] {processor.py:830} INFO - Processing file /home/airflow/.local/lib/python3.12/site-packages/airflow/example_dags/example_setup_teardown.py for tasks to queue
[2025-01-18T06:59:01.013+0000] {logging_mixin.py:188} INFO - [2025-01-18T06:59:01.013+0000] {dagbag.py:545} INFO - Filling up the DagBag from /home/airflow/.local/lib/python3.12/site-packages/airflow/example_dags/example_setup_teardown.py
[2025-01-18T06:59:01.018+0000] {processor.py:840} INFO - DAG(s) 'example_setup_teardown' retrieved from /home/airflow/.local/lib/python3.12/site-packages/airflow/example_dags/example_setup_teardown.py
[2025-01-18T06:59:01.037+0000] {logging_mixin.py:188} INFO - [2025-01-18T06:59:01.036+0000] {dag.py:3089} INFO - Sync 1 DAGs
[2025-01-18T06:59:01.050+0000] {logging_mixin.py:188} INFO - [2025-01-18T06:59:01.050+0000] {dag.py:3947} INFO - Setting next_dagrun for example_setup_teardown to 2025-01-17 00:00:00+00:00, run_after=2025-01-18 00:00:00+00:00
[2025-01-18T06:59:01.062+0000] {processor.py:183} INFO - Processing /home/airflow/.local/lib/python3.12/site-packages/airflow/example_dags/example_setup_teardown.py took 0.056 seconds
[2025-01-18T06:59:46.673+0000] {processor.py:161} INFO - Started process (PID=9665) to work on /home/airflow/.local/lib/python3.12/site-packages/airflow/example_dags/example_setup_teardown.py
[2025-01-18T06:59:46.674+0000] {processor.py:830} INFO - Processing file /home/airflow/.local/lib/python3.12/site-packages/airflow/example_dags/example_setup_teardown.py for tasks to queue
[2025-01-18T06:59:46.675+0000] {logging_mixin.py:188} INFO - [2025-01-18T06:59:46.675+0000] {dagbag.py:545} INFO - Filling up the DagBag from /home/airflow/.local/lib/python3.12/site-packages/airflow/example_dags/example_setup_teardown.py
[2025-01-18T06:59:46.681+0000] {processor.py:840} INFO - DAG(s) 'example_setup_teardown' retrieved from /home/airflow/.local/lib/python3.12/site-packages/airflow/example_dags/example_setup_teardown.py
[2025-01-18T06:59:46.698+0000] {logging_mixin.py:188} INFO - [2025-01-18T06:59:46.697+0000] {dag.py:3089} INFO - Sync 1 DAGs
[2025-01-18T06:59:46.713+0000] {logging_mixin.py:188} INFO - [2025-01-18T06:59:46.713+0000] {dag.py:3947} INFO - Setting next_dagrun for example_setup_teardown to 2025-01-17 00:00:00+00:00, run_after=2025-01-18 00:00:00+00:00
[2025-01-18T06:59:46.727+0000] {processor.py:183} INFO - Processing /home/airflow/.local/lib/python3.12/site-packages/airflow/example_dags/example_setup_teardown.py took 0.060 seconds
[2025-01-18T07:00:17.026+0000] {processor.py:161} INFO - Started process (PID=9942) to work on /home/airflow/.local/lib/python3.12/site-packages/airflow/example_dags/example_setup_teardown.py
[2025-01-18T07:00:17.026+0000] {processor.py:830} INFO - Processing file /home/airflow/.local/lib/python3.12/site-packages/airflow/example_dags/example_setup_teardown.py for tasks to queue
[2025-01-18T07:00:17.027+0000] {logging_mixin.py:188} INFO - [2025-01-18T07:00:17.027+0000] {dagbag.py:545} INFO - Filling up the DagBag from /home/airflow/.local/lib/python3.12/site-packages/airflow/example_dags/example_setup_teardown.py
[2025-01-18T07:00:17.032+0000] {processor.py:840} INFO - DAG(s) 'example_setup_teardown' retrieved from /home/airflow/.local/lib/python3.12/site-packages/airflow/example_dags/example_setup_teardown.py
[2025-01-18T07:00:17.046+0000] {logging_mixin.py:188} INFO - [2025-01-18T07:00:17.046+0000] {dag.py:3089} INFO - Sync 1 DAGs
[2025-01-18T07:00:17.059+0000] {logging_mixin.py:188} INFO - [2025-01-18T07:00:17.059+0000] {dag.py:3947} INFO - Setting next_dagrun for example_setup_teardown to 2025-01-17 00:00:00+00:00, run_after=2025-01-18 00:00:00+00:00
[2025-01-18T07:00:17.071+0000] {processor.py:183} INFO - Processing /home/airflow/.local/lib/python3.12/site-packages/airflow/example_dags/example_setup_teardown.py took 0.049 seconds
[2025-01-18T07:00:47.234+0000] {processor.py:161} INFO - Started process (PID=10219) to work on /home/airflow/.local/lib/python3.12/site-packages/airflow/example_dags/example_setup_teardown.py
[2025-01-18T07:00:47.235+0000] {processor.py:830} INFO - Processing file /home/airflow/.local/lib/python3.12/site-packages/airflow/example_dags/example_setup_teardown.py for tasks to queue
[2025-01-18T07:00:47.237+0000] {logging_mixin.py:188} INFO - [2025-01-18T07:00:47.237+0000] {dagbag.py:545} INFO - Filling up the DagBag from /home/airflow/.local/lib/python3.12/site-packages/airflow/example_dags/example_setup_teardown.py
[2025-01-18T07:00:47.241+0000] {processor.py:840} INFO - DAG(s) 'example_setup_teardown' retrieved from /home/airflow/.local/lib/python3.12/site-packages/airflow/example_dags/example_setup_teardown.py
[2025-01-18T07:00:47.256+0000] {logging_mixin.py:188} INFO - [2025-01-18T07:00:47.256+0000] {dag.py:3089} INFO - Sync 1 DAGs
[2025-01-18T07:00:47.270+0000] {logging_mixin.py:188} INFO - [2025-01-18T07:00:47.270+0000] {dag.py:3947} INFO - Setting next_dagrun for example_setup_teardown to 2025-01-17 00:00:00+00:00, run_after=2025-01-18 00:00:00+00:00
[2025-01-18T07:00:47.281+0000] {processor.py:183} INFO - Processing /home/airflow/.local/lib/python3.12/site-packages/airflow/example_dags/example_setup_teardown.py took 0.052 seconds
[2025-01-18T07:01:17.598+0000] {processor.py:161} INFO - Started process (PID=10491) to work on /home/airflow/.local/lib/python3.12/site-packages/airflow/example_dags/example_setup_teardown.py
[2025-01-18T07:01:17.599+0000] {processor.py:830} INFO - Processing file /home/airflow/.local/lib/python3.12/site-packages/airflow/example_dags/example_setup_teardown.py for tasks to queue
[2025-01-18T07:01:17.600+0000] {logging_mixin.py:188} INFO - [2025-01-18T07:01:17.600+0000] {dagbag.py:545} INFO - Filling up the DagBag from /home/airflow/.local/lib/python3.12/site-packages/airflow/example_dags/example_setup_teardown.py
[2025-01-18T07:01:17.605+0000] {processor.py:840} INFO - DAG(s) 'example_setup_teardown' retrieved from /home/airflow/.local/lib/python3.12/site-packages/airflow/example_dags/example_setup_teardown.py
[2025-01-18T07:01:17.620+0000] {logging_mixin.py:188} INFO - [2025-01-18T07:01:17.620+0000] {dag.py:3089} INFO - Sync 1 DAGs
[2025-01-18T07:01:17.633+0000] {logging_mixin.py:188} INFO - [2025-01-18T07:01:17.633+0000] {dag.py:3947} INFO - Setting next_dagrun for example_setup_teardown to 2025-01-17 00:00:00+00:00, run_after=2025-01-18 00:00:00+00:00
[2025-01-18T07:01:17.647+0000] {processor.py:183} INFO - Processing /home/airflow/.local/lib/python3.12/site-packages/airflow/example_dags/example_setup_teardown.py took 0.053 seconds
[2025-01-18T07:01:47.976+0000] {processor.py:161} INFO - Started process (PID=10773) to work on /home/airflow/.local/lib/python3.12/site-packages/airflow/example_dags/example_setup_teardown.py
[2025-01-18T07:01:47.977+0000] {processor.py:830} INFO - Processing file /home/airflow/.local/lib/python3.12/site-packages/airflow/example_dags/example_setup_teardown.py for tasks to queue
[2025-01-18T07:01:47.979+0000] {logging_mixin.py:188} INFO - [2025-01-18T07:01:47.978+0000] {dagbag.py:545} INFO - Filling up the DagBag from /home/airflow/.local/lib/python3.12/site-packages/airflow/example_dags/example_setup_teardown.py
[2025-01-18T07:01:47.983+0000] {processor.py:840} INFO - DAG(s) 'example_setup_teardown' retrieved from /home/airflow/.local/lib/python3.12/site-packages/airflow/example_dags/example_setup_teardown.py
[2025-01-18T07:01:47.998+0000] {logging_mixin.py:188} INFO - [2025-01-18T07:01:47.998+0000] {dag.py:3089} INFO - Sync 1 DAGs
[2025-01-18T07:01:48.011+0000] {logging_mixin.py:188} INFO - [2025-01-18T07:01:48.010+0000] {dag.py:3947} INFO - Setting next_dagrun for example_setup_teardown to 2025-01-17 00:00:00+00:00, run_after=2025-01-18 00:00:00+00:00
[2025-01-18T07:01:48.023+0000] {processor.py:183} INFO - Processing /home/airflow/.local/lib/python3.12/site-packages/airflow/example_dags/example_setup_teardown.py took 0.052 seconds
[2025-01-18T07:02:18.310+0000] {processor.py:161} INFO - Started process (PID=11052) to work on /home/airflow/.local/lib/python3.12/site-packages/airflow/example_dags/example_setup_teardown.py
[2025-01-18T07:02:18.311+0000] {processor.py:830} INFO - Processing file /home/airflow/.local/lib/python3.12/site-packages/airflow/example_dags/example_setup_teardown.py for tasks to queue
[2025-01-18T07:02:18.313+0000] {logging_mixin.py:188} INFO - [2025-01-18T07:02:18.312+0000] {dagbag.py:545} INFO - Filling up the DagBag from /home/airflow/.local/lib/python3.12/site-packages/airflow/example_dags/example_setup_teardown.py
[2025-01-18T07:02:18.317+0000] {processor.py:840} INFO - DAG(s) 'example_setup_teardown' retrieved from /home/airflow/.local/lib/python3.12/site-packages/airflow/example_dags/example_setup_teardown.py
[2025-01-18T07:02:18.331+0000] {logging_mixin.py:188} INFO - [2025-01-18T07:02:18.331+0000] {dag.py:3089} INFO - Sync 1 DAGs
[2025-01-18T07:02:18.343+0000] {logging_mixin.py:188} INFO - [2025-01-18T07:02:18.343+0000] {dag.py:3947} INFO - Setting next_dagrun for example_setup_teardown to 2025-01-17 00:00:00+00:00, run_after=2025-01-18 00:00:00+00:00
[2025-01-18T07:02:18.355+0000] {processor.py:183} INFO - Processing /home/airflow/.local/lib/python3.12/site-packages/airflow/example_dags/example_setup_teardown.py took 0.049 seconds
[2025-01-18T07:02:48.602+0000] {processor.py:161} INFO - Started process (PID=11327) to work on /home/airflow/.local/lib/python3.12/site-packages/airflow/example_dags/example_setup_teardown.py
[2025-01-18T07:02:48.603+0000] {processor.py:830} INFO - Processing file /home/airflow/.local/lib/python3.12/site-packages/airflow/example_dags/example_setup_teardown.py for tasks to queue
[2025-01-18T07:02:48.605+0000] {logging_mixin.py:188} INFO - [2025-01-18T07:02:48.605+0000] {dagbag.py:545} INFO - Filling up the DagBag from /home/airflow/.local/lib/python3.12/site-packages/airflow/example_dags/example_setup_teardown.py
[2025-01-18T07:02:48.610+0000] {processor.py:840} INFO - DAG(s) 'example_setup_teardown' retrieved from /home/airflow/.local/lib/python3.12/site-packages/airflow/example_dags/example_setup_teardown.py
[2025-01-18T07:02:48.625+0000] {logging_mixin.py:188} INFO - [2025-01-18T07:02:48.625+0000] {dag.py:3089} INFO - Sync 1 DAGs
[2025-01-18T07:02:48.639+0000] {logging_mixin.py:188} INFO - [2025-01-18T07:02:48.638+0000] {dag.py:3947} INFO - Setting next_dagrun for example_setup_teardown to 2025-01-17 00:00:00+00:00, run_after=2025-01-18 00:00:00+00:00
[2025-01-18T07:02:48.651+0000] {processor.py:183} INFO - Processing /home/airflow/.local/lib/python3.12/site-packages/airflow/example_dags/example_setup_teardown.py took 0.054 seconds
[2025-01-18T07:03:18.822+0000] {processor.py:161} INFO - Started process (PID=11607) to work on /home/airflow/.local/lib/python3.12/site-packages/airflow/example_dags/example_setup_teardown.py
[2025-01-18T07:03:18.822+0000] {processor.py:830} INFO - Processing file /home/airflow/.local/lib/python3.12/site-packages/airflow/example_dags/example_setup_teardown.py for tasks to queue
[2025-01-18T07:03:18.823+0000] {logging_mixin.py:188} INFO - [2025-01-18T07:03:18.823+0000] {dagbag.py:545} INFO - Filling up the DagBag from /home/airflow/.local/lib/python3.12/site-packages/airflow/example_dags/example_setup_teardown.py
[2025-01-18T07:03:18.828+0000] {processor.py:840} INFO - DAG(s) 'example_setup_teardown' retrieved from /home/airflow/.local/lib/python3.12/site-packages/airflow/example_dags/example_setup_teardown.py
[2025-01-18T07:03:18.841+0000] {logging_mixin.py:188} INFO - [2025-01-18T07:03:18.841+0000] {dag.py:3089} INFO - Sync 1 DAGs
[2025-01-18T07:03:18.852+0000] {logging_mixin.py:188} INFO - [2025-01-18T07:03:18.852+0000] {dag.py:3947} INFO - Setting next_dagrun for example_setup_teardown to 2025-01-17 00:00:00+00:00, run_after=2025-01-18 00:00:00+00:00
[2025-01-18T07:03:18.862+0000] {processor.py:183} INFO - Processing /home/airflow/.local/lib/python3.12/site-packages/airflow/example_dags/example_setup_teardown.py took 0.045 seconds
[2025-01-18T07:03:48.997+0000] {processor.py:161} INFO - Started process (PID=11876) to work on /home/airflow/.local/lib/python3.12/site-packages/airflow/example_dags/example_setup_teardown.py
[2025-01-18T07:03:48.998+0000] {processor.py:830} INFO - Processing file /home/airflow/.local/lib/python3.12/site-packages/airflow/example_dags/example_setup_teardown.py for tasks to queue
[2025-01-18T07:03:48.999+0000] {logging_mixin.py:188} INFO - [2025-01-18T07:03:48.999+0000] {dagbag.py:545} INFO - Filling up the DagBag from /home/airflow/.local/lib/python3.12/site-packages/airflow/example_dags/example_setup_teardown.py
[2025-01-18T07:03:49.005+0000] {processor.py:840} INFO - DAG(s) 'example_setup_teardown' retrieved from /home/airflow/.local/lib/python3.12/site-packages/airflow/example_dags/example_setup_teardown.py
[2025-01-18T07:03:49.020+0000] {logging_mixin.py:188} INFO - [2025-01-18T07:03:49.020+0000] {dag.py:3089} INFO - Sync 1 DAGs
[2025-01-18T07:03:49.035+0000] {logging_mixin.py:188} INFO - [2025-01-18T07:03:49.034+0000] {dag.py:3947} INFO - Setting next_dagrun for example_setup_teardown to 2025-01-17 00:00:00+00:00, run_after=2025-01-18 00:00:00+00:00
[2025-01-18T07:03:49.055+0000] {processor.py:183} INFO - Processing /home/airflow/.local/lib/python3.12/site-packages/airflow/example_dags/example_setup_teardown.py took 0.063 seconds
[2025-01-18T07:04:19.388+0000] {processor.py:161} INFO - Started process (PID=12154) to work on /home/airflow/.local/lib/python3.12/site-packages/airflow/example_dags/example_setup_teardown.py
[2025-01-18T07:04:19.389+0000] {processor.py:830} INFO - Processing file /home/airflow/.local/lib/python3.12/site-packages/airflow/example_dags/example_setup_teardown.py for tasks to queue
[2025-01-18T07:04:19.390+0000] {logging_mixin.py:188} INFO - [2025-01-18T07:04:19.390+0000] {dagbag.py:545} INFO - Filling up the DagBag from /home/airflow/.local/lib/python3.12/site-packages/airflow/example_dags/example_setup_teardown.py
[2025-01-18T07:04:19.395+0000] {processor.py:840} INFO - DAG(s) 'example_setup_teardown' retrieved from /home/airflow/.local/lib/python3.12/site-packages/airflow/example_dags/example_setup_teardown.py
[2025-01-18T07:04:19.409+0000] {logging_mixin.py:188} INFO - [2025-01-18T07:04:19.408+0000] {dag.py:3089} INFO - Sync 1 DAGs
[2025-01-18T07:04:19.422+0000] {logging_mixin.py:188} INFO - [2025-01-18T07:04:19.422+0000] {dag.py:3947} INFO - Setting next_dagrun for example_setup_teardown to 2025-01-17 00:00:00+00:00, run_after=2025-01-18 00:00:00+00:00
[2025-01-18T07:04:19.434+0000] {processor.py:183} INFO - Processing /home/airflow/.local/lib/python3.12/site-packages/airflow/example_dags/example_setup_teardown.py took 0.049 seconds
[2025-01-18T07:04:49.706+0000] {processor.py:161} INFO - Started process (PID=12431) to work on /home/airflow/.local/lib/python3.12/site-packages/airflow/example_dags/example_setup_teardown.py
[2025-01-18T07:04:49.707+0000] {processor.py:830} INFO - Processing file /home/airflow/.local/lib/python3.12/site-packages/airflow/example_dags/example_setup_teardown.py for tasks to queue
[2025-01-18T07:04:49.708+0000] {logging_mixin.py:188} INFO - [2025-01-18T07:04:49.708+0000] {dagbag.py:545} INFO - Filling up the DagBag from /home/airflow/.local/lib/python3.12/site-packages/airflow/example_dags/example_setup_teardown.py
[2025-01-18T07:04:49.712+0000] {processor.py:840} INFO - DAG(s) 'example_setup_teardown' retrieved from /home/airflow/.local/lib/python3.12/site-packages/airflow/example_dags/example_setup_teardown.py
[2025-01-18T07:04:49.726+0000] {logging_mixin.py:188} INFO - [2025-01-18T07:04:49.726+0000] {dag.py:3089} INFO - Sync 1 DAGs
[2025-01-18T07:04:49.737+0000] {logging_mixin.py:188} INFO - [2025-01-18T07:04:49.737+0000] {dag.py:3947} INFO - Setting next_dagrun for example_setup_teardown to 2025-01-17 00:00:00+00:00, run_after=2025-01-18 00:00:00+00:00
[2025-01-18T07:04:49.748+0000] {processor.py:183} INFO - Processing /home/airflow/.local/lib/python3.12/site-packages/airflow/example_dags/example_setup_teardown.py took 0.047 seconds
[2025-01-18T07:05:19.902+0000] {processor.py:161} INFO - Started process (PID=12710) to work on /home/airflow/.local/lib/python3.12/site-packages/airflow/example_dags/example_setup_teardown.py
[2025-01-18T07:05:19.903+0000] {processor.py:830} INFO - Processing file /home/airflow/.local/lib/python3.12/site-packages/airflow/example_dags/example_setup_teardown.py for tasks to queue
[2025-01-18T07:05:19.904+0000] {logging_mixin.py:188} INFO - [2025-01-18T07:05:19.903+0000] {dagbag.py:545} INFO - Filling up the DagBag from /home/airflow/.local/lib/python3.12/site-packages/airflow/example_dags/example_setup_teardown.py
[2025-01-18T07:05:19.909+0000] {processor.py:840} INFO - DAG(s) 'example_setup_teardown' retrieved from /home/airflow/.local/lib/python3.12/site-packages/airflow/example_dags/example_setup_teardown.py
[2025-01-18T07:05:19.921+0000] {logging_mixin.py:188} INFO - [2025-01-18T07:05:19.921+0000] {dag.py:3089} INFO - Sync 1 DAGs
[2025-01-18T07:05:19.932+0000] {logging_mixin.py:188} INFO - [2025-01-18T07:05:19.932+0000] {dag.py:3947} INFO - Setting next_dagrun for example_setup_teardown to 2025-01-17 00:00:00+00:00, run_after=2025-01-18 00:00:00+00:00
[2025-01-18T07:05:19.940+0000] {processor.py:183} INFO - Processing /home/airflow/.local/lib/python3.12/site-packages/airflow/example_dags/example_setup_teardown.py took 0.042 seconds
[2025-01-18T07:05:50.164+0000] {processor.py:161} INFO - Started process (PID=12985) to work on /home/airflow/.local/lib/python3.12/site-packages/airflow/example_dags/example_setup_teardown.py
[2025-01-18T07:05:50.165+0000] {processor.py:830} INFO - Processing file /home/airflow/.local/lib/python3.12/site-packages/airflow/example_dags/example_setup_teardown.py for tasks to queue
[2025-01-18T07:05:50.166+0000] {logging_mixin.py:188} INFO - [2025-01-18T07:05:50.166+0000] {dagbag.py:545} INFO - Filling up the DagBag from /home/airflow/.local/lib/python3.12/site-packages/airflow/example_dags/example_setup_teardown.py
[2025-01-18T07:05:50.171+0000] {processor.py:840} INFO - DAG(s) 'example_setup_teardown' retrieved from /home/airflow/.local/lib/python3.12/site-packages/airflow/example_dags/example_setup_teardown.py
[2025-01-18T07:05:50.187+0000] {logging_mixin.py:188} INFO - [2025-01-18T07:05:50.187+0000] {dag.py:3089} INFO - Sync 1 DAGs
[2025-01-18T07:05:50.199+0000] {logging_mixin.py:188} INFO - [2025-01-18T07:05:50.199+0000] {dag.py:3947} INFO - Setting next_dagrun for example_setup_teardown to 2025-01-17 00:00:00+00:00, run_after=2025-01-18 00:00:00+00:00
[2025-01-18T07:05:50.211+0000] {processor.py:183} INFO - Processing /home/airflow/.local/lib/python3.12/site-packages/airflow/example_dags/example_setup_teardown.py took 0.050 seconds
[2025-01-18T07:06:20.519+0000] {processor.py:161} INFO - Started process (PID=13262) to work on /home/airflow/.local/lib/python3.12/site-packages/airflow/example_dags/example_setup_teardown.py
[2025-01-18T07:06:20.519+0000] {processor.py:830} INFO - Processing file /home/airflow/.local/lib/python3.12/site-packages/airflow/example_dags/example_setup_teardown.py for tasks to queue
[2025-01-18T07:06:20.522+0000] {logging_mixin.py:188} INFO - [2025-01-18T07:06:20.522+0000] {dagbag.py:545} INFO - Filling up the DagBag from /home/airflow/.local/lib/python3.12/site-packages/airflow/example_dags/example_setup_teardown.py
[2025-01-18T07:06:20.526+0000] {processor.py:840} INFO - DAG(s) 'example_setup_teardown' retrieved from /home/airflow/.local/lib/python3.12/site-packages/airflow/example_dags/example_setup_teardown.py
[2025-01-18T07:06:20.543+0000] {logging_mixin.py:188} INFO - [2025-01-18T07:06:20.543+0000] {dag.py:3089} INFO - Sync 1 DAGs
[2025-01-18T07:06:20.557+0000] {logging_mixin.py:188} INFO - [2025-01-18T07:06:20.557+0000] {dag.py:3947} INFO - Setting next_dagrun for example_setup_teardown to 2025-01-17 00:00:00+00:00, run_after=2025-01-18 00:00:00+00:00
[2025-01-18T07:06:20.571+0000] {processor.py:183} INFO - Processing /home/airflow/.local/lib/python3.12/site-packages/airflow/example_dags/example_setup_teardown.py took 0.057 seconds
[2025-01-18T07:06:50.982+0000] {processor.py:161} INFO - Started process (PID=13539) to work on /home/airflow/.local/lib/python3.12/site-packages/airflow/example_dags/example_setup_teardown.py
[2025-01-18T07:06:50.982+0000] {processor.py:830} INFO - Processing file /home/airflow/.local/lib/python3.12/site-packages/airflow/example_dags/example_setup_teardown.py for tasks to queue
[2025-01-18T07:06:50.984+0000] {logging_mixin.py:188} INFO - [2025-01-18T07:06:50.984+0000] {dagbag.py:545} INFO - Filling up the DagBag from /home/airflow/.local/lib/python3.12/site-packages/airflow/example_dags/example_setup_teardown.py
[2025-01-18T07:06:50.988+0000] {processor.py:840} INFO - DAG(s) 'example_setup_teardown' retrieved from /home/airflow/.local/lib/python3.12/site-packages/airflow/example_dags/example_setup_teardown.py
[2025-01-18T07:06:51.003+0000] {logging_mixin.py:188} INFO - [2025-01-18T07:06:51.003+0000] {dag.py:3089} INFO - Sync 1 DAGs
[2025-01-18T07:06:51.015+0000] {logging_mixin.py:188} INFO - [2025-01-18T07:06:51.015+0000] {dag.py:3947} INFO - Setting next_dagrun for example_setup_teardown to 2025-01-17 00:00:00+00:00, run_after=2025-01-18 00:00:00+00:00
[2025-01-18T07:06:51.139+0000] {processor.py:183} INFO - Processing /home/airflow/.local/lib/python3.12/site-packages/airflow/example_dags/example_setup_teardown.py took 0.161 seconds
[2025-01-18T07:07:21.317+0000] {processor.py:161} INFO - Started process (PID=13818) to work on /home/airflow/.local/lib/python3.12/site-packages/airflow/example_dags/example_setup_teardown.py
[2025-01-18T07:07:21.318+0000] {processor.py:830} INFO - Processing file /home/airflow/.local/lib/python3.12/site-packages/airflow/example_dags/example_setup_teardown.py for tasks to queue
[2025-01-18T07:07:21.319+0000] {logging_mixin.py:188} INFO - [2025-01-18T07:07:21.319+0000] {dagbag.py:545} INFO - Filling up the DagBag from /home/airflow/.local/lib/python3.12/site-packages/airflow/example_dags/example_setup_teardown.py
[2025-01-18T07:07:21.323+0000] {processor.py:840} INFO - DAG(s) 'example_setup_teardown' retrieved from /home/airflow/.local/lib/python3.12/site-packages/airflow/example_dags/example_setup_teardown.py
[2025-01-18T07:07:21.338+0000] {logging_mixin.py:188} INFO - [2025-01-18T07:07:21.338+0000] {dag.py:3089} INFO - Sync 1 DAGs
[2025-01-18T07:07:21.350+0000] {logging_mixin.py:188} INFO - [2025-01-18T07:07:21.350+0000] {dag.py:3947} INFO - Setting next_dagrun for example_setup_teardown to 2025-01-17 00:00:00+00:00, run_after=2025-01-18 00:00:00+00:00
[2025-01-18T07:07:21.362+0000] {processor.py:183} INFO - Processing /home/airflow/.local/lib/python3.12/site-packages/airflow/example_dags/example_setup_teardown.py took 0.050 seconds
[2025-01-18T07:07:51.437+0000] {processor.py:161} INFO - Started process (PID=14093) to work on /home/airflow/.local/lib/python3.12/site-packages/airflow/example_dags/example_setup_teardown.py
[2025-01-18T07:07:51.437+0000] {processor.py:830} INFO - Processing file /home/airflow/.local/lib/python3.12/site-packages/airflow/example_dags/example_setup_teardown.py for tasks to queue
[2025-01-18T07:07:51.439+0000] {logging_mixin.py:188} INFO - [2025-01-18T07:07:51.438+0000] {dagbag.py:545} INFO - Filling up the DagBag from /home/airflow/.local/lib/python3.12/site-packages/airflow/example_dags/example_setup_teardown.py
[2025-01-18T07:07:51.444+0000] {processor.py:840} INFO - DAG(s) 'example_setup_teardown' retrieved from /home/airflow/.local/lib/python3.12/site-packages/airflow/example_dags/example_setup_teardown.py
[2025-01-18T07:07:51.459+0000] {logging_mixin.py:188} INFO - [2025-01-18T07:07:51.459+0000] {dag.py:3089} INFO - Sync 1 DAGs
[2025-01-18T07:07:51.472+0000] {logging_mixin.py:188} INFO - [2025-01-18T07:07:51.472+0000] {dag.py:3947} INFO - Setting next_dagrun for example_setup_teardown to 2025-01-17 00:00:00+00:00, run_after=2025-01-18 00:00:00+00:00
[2025-01-18T07:07:51.483+0000] {processor.py:183} INFO - Processing /home/airflow/.local/lib/python3.12/site-packages/airflow/example_dags/example_setup_teardown.py took 0.050 seconds
[2025-01-18T07:08:21.866+0000] {processor.py:161} INFO - Started process (PID=14371) to work on /home/airflow/.local/lib/python3.12/site-packages/airflow/example_dags/example_setup_teardown.py
[2025-01-18T07:08:21.867+0000] {processor.py:830} INFO - Processing file /home/airflow/.local/lib/python3.12/site-packages/airflow/example_dags/example_setup_teardown.py for tasks to queue
[2025-01-18T07:08:21.868+0000] {logging_mixin.py:188} INFO - [2025-01-18T07:08:21.868+0000] {dagbag.py:545} INFO - Filling up the DagBag from /home/airflow/.local/lib/python3.12/site-packages/airflow/example_dags/example_setup_teardown.py
[2025-01-18T07:08:21.873+0000] {processor.py:840} INFO - DAG(s) 'example_setup_teardown' retrieved from /home/airflow/.local/lib/python3.12/site-packages/airflow/example_dags/example_setup_teardown.py
[2025-01-18T07:08:22.011+0000] {logging_mixin.py:188} INFO - [2025-01-18T07:08:22.011+0000] {dag.py:3089} INFO - Sync 1 DAGs
[2025-01-18T07:08:22.022+0000] {logging_mixin.py:188} INFO - [2025-01-18T07:08:22.022+0000] {dag.py:3947} INFO - Setting next_dagrun for example_setup_teardown to 2025-01-17 00:00:00+00:00, run_after=2025-01-18 00:00:00+00:00
[2025-01-18T07:08:22.038+0000] {processor.py:183} INFO - Processing /home/airflow/.local/lib/python3.12/site-packages/airflow/example_dags/example_setup_teardown.py took 0.177 seconds
[2025-01-18T07:08:53.001+0000] {processor.py:161} INFO - Started process (PID=14648) to work on /home/airflow/.local/lib/python3.12/site-packages/airflow/example_dags/example_setup_teardown.py
[2025-01-18T07:08:53.002+0000] {processor.py:830} INFO - Processing file /home/airflow/.local/lib/python3.12/site-packages/airflow/example_dags/example_setup_teardown.py for tasks to queue
[2025-01-18T07:08:53.003+0000] {logging_mixin.py:188} INFO - [2025-01-18T07:08:53.003+0000] {dagbag.py:545} INFO - Filling up the DagBag from /home/airflow/.local/lib/python3.12/site-packages/airflow/example_dags/example_setup_teardown.py
[2025-01-18T07:08:53.008+0000] {processor.py:840} INFO - DAG(s) 'example_setup_teardown' retrieved from /home/airflow/.local/lib/python3.12/site-packages/airflow/example_dags/example_setup_teardown.py
[2025-01-18T07:08:53.024+0000] {logging_mixin.py:188} INFO - [2025-01-18T07:08:53.024+0000] {dag.py:3089} INFO - Sync 1 DAGs
[2025-01-18T07:08:53.038+0000] {logging_mixin.py:188} INFO - [2025-01-18T07:08:53.038+0000] {dag.py:3947} INFO - Setting next_dagrun for example_setup_teardown to 2025-01-17 00:00:00+00:00, run_after=2025-01-18 00:00:00+00:00
[2025-01-18T07:08:53.057+0000] {processor.py:183} INFO - Processing /home/airflow/.local/lib/python3.12/site-packages/airflow/example_dags/example_setup_teardown.py took 0.060 seconds
[2025-01-18T07:09:23.792+0000] {processor.py:161} INFO - Started process (PID=14925) to work on /home/airflow/.local/lib/python3.12/site-packages/airflow/example_dags/example_setup_teardown.py
[2025-01-18T07:09:23.794+0000] {processor.py:830} INFO - Processing file /home/airflow/.local/lib/python3.12/site-packages/airflow/example_dags/example_setup_teardown.py for tasks to queue
[2025-01-18T07:09:23.795+0000] {logging_mixin.py:188} INFO - [2025-01-18T07:09:23.795+0000] {dagbag.py:545} INFO - Filling up the DagBag from /home/airflow/.local/lib/python3.12/site-packages/airflow/example_dags/example_setup_teardown.py
[2025-01-18T07:09:23.802+0000] {processor.py:840} INFO - DAG(s) 'example_setup_teardown' retrieved from /home/airflow/.local/lib/python3.12/site-packages/airflow/example_dags/example_setup_teardown.py
[2025-01-18T07:09:23.817+0000] {logging_mixin.py:188} INFO - [2025-01-18T07:09:23.817+0000] {dag.py:3089} INFO - Sync 1 DAGs
[2025-01-18T07:09:23.831+0000] {logging_mixin.py:188} INFO - [2025-01-18T07:09:23.831+0000] {dag.py:3947} INFO - Setting next_dagrun for example_setup_teardown to 2025-01-17 00:00:00+00:00, run_after=2025-01-18 00:00:00+00:00
[2025-01-18T07:09:23.848+0000] {processor.py:183} INFO - Processing /home/airflow/.local/lib/python3.12/site-packages/airflow/example_dags/example_setup_teardown.py took 0.061 seconds
[2025-01-18T07:09:54.638+0000] {processor.py:161} INFO - Started process (PID=15208) to work on /home/airflow/.local/lib/python3.12/site-packages/airflow/example_dags/example_setup_teardown.py
[2025-01-18T07:09:54.640+0000] {processor.py:830} INFO - Processing file /home/airflow/.local/lib/python3.12/site-packages/airflow/example_dags/example_setup_teardown.py for tasks to queue
[2025-01-18T07:09:54.644+0000] {logging_mixin.py:188} INFO - [2025-01-18T07:09:54.643+0000] {dagbag.py:545} INFO - Filling up the DagBag from /home/airflow/.local/lib/python3.12/site-packages/airflow/example_dags/example_setup_teardown.py
[2025-01-18T07:09:54.649+0000] {processor.py:840} INFO - DAG(s) 'example_setup_teardown' retrieved from /home/airflow/.local/lib/python3.12/site-packages/airflow/example_dags/example_setup_teardown.py
[2025-01-18T07:09:54.662+0000] {logging_mixin.py:188} INFO - [2025-01-18T07:09:54.662+0000] {dag.py:3089} INFO - Sync 1 DAGs
[2025-01-18T07:09:54.676+0000] {logging_mixin.py:188} INFO - [2025-01-18T07:09:54.676+0000] {dag.py:3947} INFO - Setting next_dagrun for example_setup_teardown to 2025-01-17 00:00:00+00:00, run_after=2025-01-18 00:00:00+00:00
[2025-01-18T07:09:54.688+0000] {processor.py:183} INFO - Processing /home/airflow/.local/lib/python3.12/site-packages/airflow/example_dags/example_setup_teardown.py took 0.055 seconds
[2025-01-18T07:10:24.893+0000] {processor.py:161} INFO - Started process (PID=15490) to work on /home/airflow/.local/lib/python3.12/site-packages/airflow/example_dags/example_setup_teardown.py
[2025-01-18T07:10:24.894+0000] {processor.py:830} INFO - Processing file /home/airflow/.local/lib/python3.12/site-packages/airflow/example_dags/example_setup_teardown.py for tasks to queue
[2025-01-18T07:10:24.895+0000] {logging_mixin.py:188} INFO - [2025-01-18T07:10:24.895+0000] {dagbag.py:545} INFO - Filling up the DagBag from /home/airflow/.local/lib/python3.12/site-packages/airflow/example_dags/example_setup_teardown.py
[2025-01-18T07:10:24.900+0000] {processor.py:840} INFO - DAG(s) 'example_setup_teardown' retrieved from /home/airflow/.local/lib/python3.12/site-packages/airflow/example_dags/example_setup_teardown.py
[2025-01-18T07:10:24.915+0000] {logging_mixin.py:188} INFO - [2025-01-18T07:10:24.915+0000] {dag.py:3089} INFO - Sync 1 DAGs
[2025-01-18T07:10:24.927+0000] {logging_mixin.py:188} INFO - [2025-01-18T07:10:24.927+0000] {dag.py:3947} INFO - Setting next_dagrun for example_setup_teardown to 2025-01-17 00:00:00+00:00, run_after=2025-01-18 00:00:00+00:00
[2025-01-18T07:10:24.939+0000] {processor.py:183} INFO - Processing /home/airflow/.local/lib/python3.12/site-packages/airflow/example_dags/example_setup_teardown.py took 0.050 seconds
[2025-01-18T07:10:55.175+0000] {processor.py:161} INFO - Started process (PID=15772) to work on /home/airflow/.local/lib/python3.12/site-packages/airflow/example_dags/example_setup_teardown.py
[2025-01-18T07:10:55.176+0000] {processor.py:830} INFO - Processing file /home/airflow/.local/lib/python3.12/site-packages/airflow/example_dags/example_setup_teardown.py for tasks to queue
[2025-01-18T07:10:55.177+0000] {logging_mixin.py:188} INFO - [2025-01-18T07:10:55.177+0000] {dagbag.py:545} INFO - Filling up the DagBag from /home/airflow/.local/lib/python3.12/site-packages/airflow/example_dags/example_setup_teardown.py
[2025-01-18T07:10:55.183+0000] {processor.py:840} INFO - DAG(s) 'example_setup_teardown' retrieved from /home/airflow/.local/lib/python3.12/site-packages/airflow/example_dags/example_setup_teardown.py
[2025-01-18T07:10:55.201+0000] {logging_mixin.py:188} INFO - [2025-01-18T07:10:55.200+0000] {dag.py:3089} INFO - Sync 1 DAGs
[2025-01-18T07:10:55.212+0000] {logging_mixin.py:188} INFO - [2025-01-18T07:10:55.212+0000] {dag.py:3947} INFO - Setting next_dagrun for example_setup_teardown to 2025-01-17 00:00:00+00:00, run_after=2025-01-18 00:00:00+00:00
[2025-01-18T07:10:55.230+0000] {processor.py:183} INFO - Processing /home/airflow/.local/lib/python3.12/site-packages/airflow/example_dags/example_setup_teardown.py took 0.060 seconds
[2025-01-18T07:11:29.107+0000] {processor.py:161} INFO - Started process (PID=16055) to work on /home/airflow/.local/lib/python3.12/site-packages/airflow/example_dags/example_setup_teardown.py
[2025-01-18T07:11:29.116+0000] {processor.py:830} INFO - Processing file /home/airflow/.local/lib/python3.12/site-packages/airflow/example_dags/example_setup_teardown.py for tasks to queue
[2025-01-18T07:11:29.123+0000] {logging_mixin.py:188} INFO - [2025-01-18T07:11:29.123+0000] {dagbag.py:545} INFO - Filling up the DagBag from /home/airflow/.local/lib/python3.12/site-packages/airflow/example_dags/example_setup_teardown.py
[2025-01-18T07:11:29.148+0000] {processor.py:840} INFO - DAG(s) 'example_setup_teardown' retrieved from /home/airflow/.local/lib/python3.12/site-packages/airflow/example_dags/example_setup_teardown.py
[2025-01-18T07:11:29.204+0000] {logging_mixin.py:188} INFO - [2025-01-18T07:11:29.203+0000] {dag.py:3089} INFO - Sync 1 DAGs
[2025-01-18T07:11:29.264+0000] {logging_mixin.py:188} INFO - [2025-01-18T07:11:29.264+0000] {dag.py:3947} INFO - Setting next_dagrun for example_setup_teardown to 2025-01-17 00:00:00+00:00, run_after=2025-01-18 00:00:00+00:00
[2025-01-18T07:11:29.315+0000] {processor.py:183} INFO - Processing /home/airflow/.local/lib/python3.12/site-packages/airflow/example_dags/example_setup_teardown.py took 0.224 seconds
[2025-01-18T07:12:31.937+0000] {processor.py:161} INFO - Started process (PID=16197) to work on /home/airflow/.local/lib/python3.12/site-packages/airflow/example_dags/example_setup_teardown.py
[2025-01-18T07:12:31.938+0000] {processor.py:830} INFO - Processing file /home/airflow/.local/lib/python3.12/site-packages/airflow/example_dags/example_setup_teardown.py for tasks to queue
[2025-01-18T07:12:31.942+0000] {logging_mixin.py:188} INFO - [2025-01-18T07:12:31.941+0000] {dagbag.py:545} INFO - Filling up the DagBag from /home/airflow/.local/lib/python3.12/site-packages/airflow/example_dags/example_setup_teardown.py
[2025-01-18T07:12:31.950+0000] {processor.py:840} INFO - DAG(s) 'example_setup_teardown' retrieved from /home/airflow/.local/lib/python3.12/site-packages/airflow/example_dags/example_setup_teardown.py
[2025-01-18T07:12:31.972+0000] {logging_mixin.py:188} INFO - [2025-01-18T07:12:31.972+0000] {dag.py:3089} INFO - Sync 1 DAGs
[2025-01-18T07:12:31.993+0000] {logging_mixin.py:188} INFO - [2025-01-18T07:12:31.993+0000] {dag.py:3947} INFO - Setting next_dagrun for example_setup_teardown to 2025-01-17 00:00:00+00:00, run_after=2025-01-18 00:00:00+00:00
[2025-01-18T07:12:32.012+0000] {processor.py:183} INFO - Processing /home/airflow/.local/lib/python3.12/site-packages/airflow/example_dags/example_setup_teardown.py took 0.080 seconds
[2025-01-18T07:13:02.968+0000] {processor.py:161} INFO - Started process (PID=16477) to work on /home/airflow/.local/lib/python3.12/site-packages/airflow/example_dags/example_setup_teardown.py
[2025-01-18T07:13:02.969+0000] {processor.py:830} INFO - Processing file /home/airflow/.local/lib/python3.12/site-packages/airflow/example_dags/example_setup_teardown.py for tasks to queue
[2025-01-18T07:13:02.970+0000] {logging_mixin.py:188} INFO - [2025-01-18T07:13:02.970+0000] {dagbag.py:545} INFO - Filling up the DagBag from /home/airflow/.local/lib/python3.12/site-packages/airflow/example_dags/example_setup_teardown.py
[2025-01-18T07:13:02.975+0000] {processor.py:840} INFO - DAG(s) 'example_setup_teardown' retrieved from /home/airflow/.local/lib/python3.12/site-packages/airflow/example_dags/example_setup_teardown.py
[2025-01-18T07:13:02.990+0000] {logging_mixin.py:188} INFO - [2025-01-18T07:13:02.989+0000] {dag.py:3089} INFO - Sync 1 DAGs
[2025-01-18T07:13:03.011+0000] {logging_mixin.py:188} INFO - [2025-01-18T07:13:03.011+0000] {dag.py:3947} INFO - Setting next_dagrun for example_setup_teardown to 2025-01-17 00:00:00+00:00, run_after=2025-01-18 00:00:00+00:00
[2025-01-18T07:13:03.032+0000] {processor.py:183} INFO - Processing /home/airflow/.local/lib/python3.12/site-packages/airflow/example_dags/example_setup_teardown.py took 0.069 seconds
[2025-01-18T07:13:33.538+0000] {processor.py:161} INFO - Started process (PID=16761) to work on /home/airflow/.local/lib/python3.12/site-packages/airflow/example_dags/example_setup_teardown.py
[2025-01-18T07:13:33.539+0000] {processor.py:830} INFO - Processing file /home/airflow/.local/lib/python3.12/site-packages/airflow/example_dags/example_setup_teardown.py for tasks to queue
[2025-01-18T07:13:33.540+0000] {logging_mixin.py:188} INFO - [2025-01-18T07:13:33.540+0000] {dagbag.py:545} INFO - Filling up the DagBag from /home/airflow/.local/lib/python3.12/site-packages/airflow/example_dags/example_setup_teardown.py
[2025-01-18T07:13:33.546+0000] {processor.py:840} INFO - DAG(s) 'example_setup_teardown' retrieved from /home/airflow/.local/lib/python3.12/site-packages/airflow/example_dags/example_setup_teardown.py
[2025-01-18T07:13:33.564+0000] {logging_mixin.py:188} INFO - [2025-01-18T07:13:33.563+0000] {dag.py:3089} INFO - Sync 1 DAGs
[2025-01-18T07:13:33.579+0000] {logging_mixin.py:188} INFO - [2025-01-18T07:13:33.579+0000] {dag.py:3947} INFO - Setting next_dagrun for example_setup_teardown to 2025-01-17 00:00:00+00:00, run_after=2025-01-18 00:00:00+00:00
[2025-01-18T07:13:33.595+0000] {processor.py:183} INFO - Processing /home/airflow/.local/lib/python3.12/site-packages/airflow/example_dags/example_setup_teardown.py took 0.062 seconds
[2025-01-18T07:14:04.028+0000] {processor.py:161} INFO - Started process (PID=17043) to work on /home/airflow/.local/lib/python3.12/site-packages/airflow/example_dags/example_setup_teardown.py
[2025-01-18T07:14:04.029+0000] {processor.py:830} INFO - Processing file /home/airflow/.local/lib/python3.12/site-packages/airflow/example_dags/example_setup_teardown.py for tasks to queue
[2025-01-18T07:14:04.031+0000] {logging_mixin.py:188} INFO - [2025-01-18T07:14:04.031+0000] {dagbag.py:545} INFO - Filling up the DagBag from /home/airflow/.local/lib/python3.12/site-packages/airflow/example_dags/example_setup_teardown.py
[2025-01-18T07:14:04.036+0000] {processor.py:840} INFO - DAG(s) 'example_setup_teardown' retrieved from /home/airflow/.local/lib/python3.12/site-packages/airflow/example_dags/example_setup_teardown.py
[2025-01-18T07:14:04.052+0000] {logging_mixin.py:188} INFO - [2025-01-18T07:14:04.051+0000] {dag.py:3089} INFO - Sync 1 DAGs
[2025-01-18T07:14:04.064+0000] {logging_mixin.py:188} INFO - [2025-01-18T07:14:04.064+0000] {dag.py:3947} INFO - Setting next_dagrun for example_setup_teardown to 2025-01-17 00:00:00+00:00, run_after=2025-01-18 00:00:00+00:00
[2025-01-18T07:14:04.076+0000] {processor.py:183} INFO - Processing /home/airflow/.local/lib/python3.12/site-packages/airflow/example_dags/example_setup_teardown.py took 0.051 seconds
[2025-01-18T07:14:34.334+0000] {processor.py:161} INFO - Started process (PID=17324) to work on /home/airflow/.local/lib/python3.12/site-packages/airflow/example_dags/example_setup_teardown.py
[2025-01-18T07:14:34.335+0000] {processor.py:830} INFO - Processing file /home/airflow/.local/lib/python3.12/site-packages/airflow/example_dags/example_setup_teardown.py for tasks to queue
[2025-01-18T07:14:34.336+0000] {logging_mixin.py:188} INFO - [2025-01-18T07:14:34.336+0000] {dagbag.py:545} INFO - Filling up the DagBag from /home/airflow/.local/lib/python3.12/site-packages/airflow/example_dags/example_setup_teardown.py
[2025-01-18T07:14:34.341+0000] {processor.py:840} INFO - DAG(s) 'example_setup_teardown' retrieved from /home/airflow/.local/lib/python3.12/site-packages/airflow/example_dags/example_setup_teardown.py
[2025-01-18T07:14:34.356+0000] {logging_mixin.py:188} INFO - [2025-01-18T07:14:34.356+0000] {dag.py:3089} INFO - Sync 1 DAGs
[2025-01-18T07:14:34.370+0000] {logging_mixin.py:188} INFO - [2025-01-18T07:14:34.370+0000] {dag.py:3947} INFO - Setting next_dagrun for example_setup_teardown to 2025-01-17 00:00:00+00:00, run_after=2025-01-18 00:00:00+00:00
[2025-01-18T07:14:34.383+0000] {processor.py:183} INFO - Processing /home/airflow/.local/lib/python3.12/site-packages/airflow/example_dags/example_setup_teardown.py took 0.054 seconds
[2025-01-18T07:15:05.111+0000] {processor.py:161} INFO - Started process (PID=17609) to work on /home/airflow/.local/lib/python3.12/site-packages/airflow/example_dags/example_setup_teardown.py
[2025-01-18T07:15:05.112+0000] {processor.py:830} INFO - Processing file /home/airflow/.local/lib/python3.12/site-packages/airflow/example_dags/example_setup_teardown.py for tasks to queue
[2025-01-18T07:15:05.113+0000] {logging_mixin.py:188} INFO - [2025-01-18T07:15:05.113+0000] {dagbag.py:545} INFO - Filling up the DagBag from /home/airflow/.local/lib/python3.12/site-packages/airflow/example_dags/example_setup_teardown.py
[2025-01-18T07:15:05.118+0000] {processor.py:840} INFO - DAG(s) 'example_setup_teardown' retrieved from /home/airflow/.local/lib/python3.12/site-packages/airflow/example_dags/example_setup_teardown.py
[2025-01-18T07:15:05.133+0000] {logging_mixin.py:188} INFO - [2025-01-18T07:15:05.133+0000] {dag.py:3089} INFO - Sync 1 DAGs
[2025-01-18T07:15:05.147+0000] {logging_mixin.py:188} INFO - [2025-01-18T07:15:05.147+0000] {dag.py:3947} INFO - Setting next_dagrun for example_setup_teardown to 2025-01-17 00:00:00+00:00, run_after=2025-01-18 00:00:00+00:00
[2025-01-18T07:15:05.162+0000] {processor.py:183} INFO - Processing /home/airflow/.local/lib/python3.12/site-packages/airflow/example_dags/example_setup_teardown.py took 0.054 seconds
[2025-01-18T07:15:35.953+0000] {processor.py:161} INFO - Started process (PID=17891) to work on /home/airflow/.local/lib/python3.12/site-packages/airflow/example_dags/example_setup_teardown.py
[2025-01-18T07:15:35.954+0000] {processor.py:830} INFO - Processing file /home/airflow/.local/lib/python3.12/site-packages/airflow/example_dags/example_setup_teardown.py for tasks to queue
[2025-01-18T07:15:35.955+0000] {logging_mixin.py:188} INFO - [2025-01-18T07:15:35.955+0000] {dagbag.py:545} INFO - Filling up the DagBag from /home/airflow/.local/lib/python3.12/site-packages/airflow/example_dags/example_setup_teardown.py
[2025-01-18T07:15:35.959+0000] {processor.py:840} INFO - DAG(s) 'example_setup_teardown' retrieved from /home/airflow/.local/lib/python3.12/site-packages/airflow/example_dags/example_setup_teardown.py
[2025-01-18T07:15:35.973+0000] {logging_mixin.py:188} INFO - [2025-01-18T07:15:35.973+0000] {dag.py:3089} INFO - Sync 1 DAGs
[2025-01-18T07:15:35.985+0000] {logging_mixin.py:188} INFO - [2025-01-18T07:15:35.985+0000] {dag.py:3947} INFO - Setting next_dagrun for example_setup_teardown to 2025-01-17 00:00:00+00:00, run_after=2025-01-18 00:00:00+00:00
[2025-01-18T07:15:35.996+0000] {processor.py:183} INFO - Processing /home/airflow/.local/lib/python3.12/site-packages/airflow/example_dags/example_setup_teardown.py took 0.047 seconds
[2025-01-18T07:16:06.537+0000] {processor.py:161} INFO - Started process (PID=18171) to work on /home/airflow/.local/lib/python3.12/site-packages/airflow/example_dags/example_setup_teardown.py
[2025-01-18T07:16:06.538+0000] {processor.py:830} INFO - Processing file /home/airflow/.local/lib/python3.12/site-packages/airflow/example_dags/example_setup_teardown.py for tasks to queue
[2025-01-18T07:16:06.540+0000] {logging_mixin.py:188} INFO - [2025-01-18T07:16:06.539+0000] {dagbag.py:545} INFO - Filling up the DagBag from /home/airflow/.local/lib/python3.12/site-packages/airflow/example_dags/example_setup_teardown.py
[2025-01-18T07:16:06.544+0000] {processor.py:840} INFO - DAG(s) 'example_setup_teardown' retrieved from /home/airflow/.local/lib/python3.12/site-packages/airflow/example_dags/example_setup_teardown.py
[2025-01-18T07:16:06.559+0000] {logging_mixin.py:188} INFO - [2025-01-18T07:16:06.559+0000] {dag.py:3089} INFO - Sync 1 DAGs
[2025-01-18T07:16:06.572+0000] {logging_mixin.py:188} INFO - [2025-01-18T07:16:06.571+0000] {dag.py:3947} INFO - Setting next_dagrun for example_setup_teardown to 2025-01-17 00:00:00+00:00, run_after=2025-01-18 00:00:00+00:00
[2025-01-18T07:16:06.584+0000] {processor.py:183} INFO - Processing /home/airflow/.local/lib/python3.12/site-packages/airflow/example_dags/example_setup_teardown.py took 0.051 seconds
[2025-01-18T07:16:37.385+0000] {processor.py:161} INFO - Started process (PID=18455) to work on /home/airflow/.local/lib/python3.12/site-packages/airflow/example_dags/example_setup_teardown.py
[2025-01-18T07:16:37.386+0000] {processor.py:830} INFO - Processing file /home/airflow/.local/lib/python3.12/site-packages/airflow/example_dags/example_setup_teardown.py for tasks to queue
[2025-01-18T07:16:37.387+0000] {logging_mixin.py:188} INFO - [2025-01-18T07:16:37.387+0000] {dagbag.py:545} INFO - Filling up the DagBag from /home/airflow/.local/lib/python3.12/site-packages/airflow/example_dags/example_setup_teardown.py
[2025-01-18T07:16:37.394+0000] {processor.py:840} INFO - DAG(s) 'example_setup_teardown' retrieved from /home/airflow/.local/lib/python3.12/site-packages/airflow/example_dags/example_setup_teardown.py
[2025-01-18T07:16:37.414+0000] {logging_mixin.py:188} INFO - [2025-01-18T07:16:37.414+0000] {dag.py:3089} INFO - Sync 1 DAGs
[2025-01-18T07:16:37.426+0000] {logging_mixin.py:188} INFO - [2025-01-18T07:16:37.426+0000] {dag.py:3947} INFO - Setting next_dagrun for example_setup_teardown to 2025-01-17 00:00:00+00:00, run_after=2025-01-18 00:00:00+00:00
[2025-01-18T07:16:37.440+0000] {processor.py:183} INFO - Processing /home/airflow/.local/lib/python3.12/site-packages/airflow/example_dags/example_setup_teardown.py took 0.060 seconds
[2025-01-18T07:17:08.236+0000] {processor.py:161} INFO - Started process (PID=18735) to work on /home/airflow/.local/lib/python3.12/site-packages/airflow/example_dags/example_setup_teardown.py
[2025-01-18T07:17:08.236+0000] {processor.py:830} INFO - Processing file /home/airflow/.local/lib/python3.12/site-packages/airflow/example_dags/example_setup_teardown.py for tasks to queue
[2025-01-18T07:17:08.238+0000] {logging_mixin.py:188} INFO - [2025-01-18T07:17:08.238+0000] {dagbag.py:545} INFO - Filling up the DagBag from /home/airflow/.local/lib/python3.12/site-packages/airflow/example_dags/example_setup_teardown.py
[2025-01-18T07:17:08.242+0000] {processor.py:840} INFO - DAG(s) 'example_setup_teardown' retrieved from /home/airflow/.local/lib/python3.12/site-packages/airflow/example_dags/example_setup_teardown.py
[2025-01-18T07:17:08.257+0000] {logging_mixin.py:188} INFO - [2025-01-18T07:17:08.257+0000] {dag.py:3089} INFO - Sync 1 DAGs
[2025-01-18T07:17:08.270+0000] {logging_mixin.py:188} INFO - [2025-01-18T07:17:08.270+0000] {dag.py:3947} INFO - Setting next_dagrun for example_setup_teardown to 2025-01-17 00:00:00+00:00, run_after=2025-01-18 00:00:00+00:00
[2025-01-18T07:17:08.282+0000] {processor.py:183} INFO - Processing /home/airflow/.local/lib/python3.12/site-packages/airflow/example_dags/example_setup_teardown.py took 0.051 seconds
[2025-01-18T07:17:38.976+0000] {processor.py:161} INFO - Started process (PID=19018) to work on /home/airflow/.local/lib/python3.12/site-packages/airflow/example_dags/example_setup_teardown.py
[2025-01-18T07:17:38.977+0000] {processor.py:830} INFO - Processing file /home/airflow/.local/lib/python3.12/site-packages/airflow/example_dags/example_setup_teardown.py for tasks to queue
[2025-01-18T07:17:38.978+0000] {logging_mixin.py:188} INFO - [2025-01-18T07:17:38.978+0000] {dagbag.py:545} INFO - Filling up the DagBag from /home/airflow/.local/lib/python3.12/site-packages/airflow/example_dags/example_setup_teardown.py
[2025-01-18T07:17:38.983+0000] {processor.py:840} INFO - DAG(s) 'example_setup_teardown' retrieved from /home/airflow/.local/lib/python3.12/site-packages/airflow/example_dags/example_setup_teardown.py
[2025-01-18T07:17:38.997+0000] {logging_mixin.py:188} INFO - [2025-01-18T07:17:38.997+0000] {dag.py:3089} INFO - Sync 1 DAGs
[2025-01-18T07:17:39.012+0000] {logging_mixin.py:188} INFO - [2025-01-18T07:17:39.012+0000] {dag.py:3947} INFO - Setting next_dagrun for example_setup_teardown to 2025-01-17 00:00:00+00:00, run_after=2025-01-18 00:00:00+00:00
[2025-01-18T07:17:39.025+0000] {processor.py:183} INFO - Processing /home/airflow/.local/lib/python3.12/site-packages/airflow/example_dags/example_setup_teardown.py took 0.057 seconds
[2025-01-18T07:18:09.145+0000] {processor.py:161} INFO - Started process (PID=19302) to work on /home/airflow/.local/lib/python3.12/site-packages/airflow/example_dags/example_setup_teardown.py
[2025-01-18T07:18:09.146+0000] {processor.py:830} INFO - Processing file /home/airflow/.local/lib/python3.12/site-packages/airflow/example_dags/example_setup_teardown.py for tasks to queue
[2025-01-18T07:18:09.148+0000] {logging_mixin.py:188} INFO - [2025-01-18T07:18:09.147+0000] {dagbag.py:545} INFO - Filling up the DagBag from /home/airflow/.local/lib/python3.12/site-packages/airflow/example_dags/example_setup_teardown.py
[2025-01-18T07:18:09.152+0000] {processor.py:840} INFO - DAG(s) 'example_setup_teardown' retrieved from /home/airflow/.local/lib/python3.12/site-packages/airflow/example_dags/example_setup_teardown.py
[2025-01-18T07:18:09.167+0000] {logging_mixin.py:188} INFO - [2025-01-18T07:18:09.167+0000] {dag.py:3089} INFO - Sync 1 DAGs
[2025-01-18T07:18:09.179+0000] {logging_mixin.py:188} INFO - [2025-01-18T07:18:09.179+0000] {dag.py:3947} INFO - Setting next_dagrun for example_setup_teardown to 2025-01-17 00:00:00+00:00, run_after=2025-01-18 00:00:00+00:00
[2025-01-18T07:18:09.192+0000] {processor.py:183} INFO - Processing /home/airflow/.local/lib/python3.12/site-packages/airflow/example_dags/example_setup_teardown.py took 0.051 seconds
[2025-01-18T07:18:39.380+0000] {processor.py:161} INFO - Started process (PID=19584) to work on /home/airflow/.local/lib/python3.12/site-packages/airflow/example_dags/example_setup_teardown.py
[2025-01-18T07:18:39.381+0000] {processor.py:830} INFO - Processing file /home/airflow/.local/lib/python3.12/site-packages/airflow/example_dags/example_setup_teardown.py for tasks to queue
[2025-01-18T07:18:39.382+0000] {logging_mixin.py:188} INFO - [2025-01-18T07:18:39.382+0000] {dagbag.py:545} INFO - Filling up the DagBag from /home/airflow/.local/lib/python3.12/site-packages/airflow/example_dags/example_setup_teardown.py
[2025-01-18T07:18:39.386+0000] {processor.py:840} INFO - DAG(s) 'example_setup_teardown' retrieved from /home/airflow/.local/lib/python3.12/site-packages/airflow/example_dags/example_setup_teardown.py
[2025-01-18T07:18:39.398+0000] {logging_mixin.py:188} INFO - [2025-01-18T07:18:39.398+0000] {dag.py:3089} INFO - Sync 1 DAGs
[2025-01-18T07:18:39.412+0000] {logging_mixin.py:188} INFO - [2025-01-18T07:18:39.412+0000] {dag.py:3947} INFO - Setting next_dagrun for example_setup_teardown to 2025-01-17 00:00:00+00:00, run_after=2025-01-18 00:00:00+00:00
[2025-01-18T07:18:39.423+0000] {processor.py:183} INFO - Processing /home/airflow/.local/lib/python3.12/site-packages/airflow/example_dags/example_setup_teardown.py took 0.046 seconds
[2025-01-18T07:19:10.082+0000] {processor.py:161} INFO - Started process (PID=19864) to work on /home/airflow/.local/lib/python3.12/site-packages/airflow/example_dags/example_setup_teardown.py
[2025-01-18T07:19:10.083+0000] {processor.py:830} INFO - Processing file /home/airflow/.local/lib/python3.12/site-packages/airflow/example_dags/example_setup_teardown.py for tasks to queue
[2025-01-18T07:19:10.085+0000] {logging_mixin.py:188} INFO - [2025-01-18T07:19:10.084+0000] {dagbag.py:545} INFO - Filling up the DagBag from /home/airflow/.local/lib/python3.12/site-packages/airflow/example_dags/example_setup_teardown.py
[2025-01-18T07:19:10.089+0000] {processor.py:840} INFO - DAG(s) 'example_setup_teardown' retrieved from /home/airflow/.local/lib/python3.12/site-packages/airflow/example_dags/example_setup_teardown.py
[2025-01-18T07:19:10.104+0000] {logging_mixin.py:188} INFO - [2025-01-18T07:19:10.104+0000] {dag.py:3089} INFO - Sync 1 DAGs
[2025-01-18T07:19:10.116+0000] {logging_mixin.py:188} INFO - [2025-01-18T07:19:10.116+0000] {dag.py:3947} INFO - Setting next_dagrun for example_setup_teardown to 2025-01-17 00:00:00+00:00, run_after=2025-01-18 00:00:00+00:00
[2025-01-18T07:19:10.128+0000] {processor.py:183} INFO - Processing /home/airflow/.local/lib/python3.12/site-packages/airflow/example_dags/example_setup_teardown.py took 0.050 seconds
[2025-01-18T07:19:40.615+0000] {processor.py:161} INFO - Started process (PID=20149) to work on /home/airflow/.local/lib/python3.12/site-packages/airflow/example_dags/example_setup_teardown.py
[2025-01-18T07:19:40.616+0000] {processor.py:830} INFO - Processing file /home/airflow/.local/lib/python3.12/site-packages/airflow/example_dags/example_setup_teardown.py for tasks to queue
[2025-01-18T07:19:40.618+0000] {logging_mixin.py:188} INFO - [2025-01-18T07:19:40.618+0000] {dagbag.py:545} INFO - Filling up the DagBag from /home/airflow/.local/lib/python3.12/site-packages/airflow/example_dags/example_setup_teardown.py
[2025-01-18T07:19:40.622+0000] {processor.py:840} INFO - DAG(s) 'example_setup_teardown' retrieved from /home/airflow/.local/lib/python3.12/site-packages/airflow/example_dags/example_setup_teardown.py
[2025-01-18T07:19:40.638+0000] {logging_mixin.py:188} INFO - [2025-01-18T07:19:40.638+0000] {dag.py:3089} INFO - Sync 1 DAGs
[2025-01-18T07:19:40.650+0000] {logging_mixin.py:188} INFO - [2025-01-18T07:19:40.649+0000] {dag.py:3947} INFO - Setting next_dagrun for example_setup_teardown to 2025-01-17 00:00:00+00:00, run_after=2025-01-18 00:00:00+00:00
[2025-01-18T07:19:40.659+0000] {processor.py:183} INFO - Processing /home/airflow/.local/lib/python3.12/site-packages/airflow/example_dags/example_setup_teardown.py took 0.048 seconds
[2025-01-18T07:20:10.884+0000] {processor.py:161} INFO - Started process (PID=20429) to work on /home/airflow/.local/lib/python3.12/site-packages/airflow/example_dags/example_setup_teardown.py
[2025-01-18T07:20:10.885+0000] {processor.py:830} INFO - Processing file /home/airflow/.local/lib/python3.12/site-packages/airflow/example_dags/example_setup_teardown.py for tasks to queue
[2025-01-18T07:20:10.886+0000] {logging_mixin.py:188} INFO - [2025-01-18T07:20:10.886+0000] {dagbag.py:545} INFO - Filling up the DagBag from /home/airflow/.local/lib/python3.12/site-packages/airflow/example_dags/example_setup_teardown.py
[2025-01-18T07:20:10.892+0000] {processor.py:840} INFO - DAG(s) 'example_setup_teardown' retrieved from /home/airflow/.local/lib/python3.12/site-packages/airflow/example_dags/example_setup_teardown.py
[2025-01-18T07:20:10.908+0000] {logging_mixin.py:188} INFO - [2025-01-18T07:20:10.908+0000] {dag.py:3089} INFO - Sync 1 DAGs
[2025-01-18T07:20:10.923+0000] {logging_mixin.py:188} INFO - [2025-01-18T07:20:10.923+0000] {dag.py:3947} INFO - Setting next_dagrun for example_setup_teardown to 2025-01-17 00:00:00+00:00, run_after=2025-01-18 00:00:00+00:00
[2025-01-18T07:20:10.936+0000] {processor.py:183} INFO - Processing /home/airflow/.local/lib/python3.12/site-packages/airflow/example_dags/example_setup_teardown.py took 0.058 seconds
[2025-01-18T07:20:41.197+0000] {processor.py:161} INFO - Started process (PID=20703) to work on /home/airflow/.local/lib/python3.12/site-packages/airflow/example_dags/example_setup_teardown.py
[2025-01-18T07:20:41.198+0000] {processor.py:830} INFO - Processing file /home/airflow/.local/lib/python3.12/site-packages/airflow/example_dags/example_setup_teardown.py for tasks to queue
[2025-01-18T07:20:41.199+0000] {logging_mixin.py:188} INFO - [2025-01-18T07:20:41.199+0000] {dagbag.py:545} INFO - Filling up the DagBag from /home/airflow/.local/lib/python3.12/site-packages/airflow/example_dags/example_setup_teardown.py
[2025-01-18T07:20:41.204+0000] {processor.py:840} INFO - DAG(s) 'example_setup_teardown' retrieved from /home/airflow/.local/lib/python3.12/site-packages/airflow/example_dags/example_setup_teardown.py
[2025-01-18T07:20:41.217+0000] {logging_mixin.py:188} INFO - [2025-01-18T07:20:41.217+0000] {dag.py:3089} INFO - Sync 1 DAGs
[2025-01-18T07:20:41.234+0000] {logging_mixin.py:188} INFO - [2025-01-18T07:20:41.234+0000] {dag.py:3947} INFO - Setting next_dagrun for example_setup_teardown to 2025-01-17 00:00:00+00:00, run_after=2025-01-18 00:00:00+00:00
[2025-01-18T07:20:41.250+0000] {processor.py:183} INFO - Processing /home/airflow/.local/lib/python3.12/site-packages/airflow/example_dags/example_setup_teardown.py took 0.056 seconds
[2025-01-18T07:21:13.752+0000] {processor.py:161} INFO - Started process (PID=20963) to work on /home/airflow/.local/lib/python3.12/site-packages/airflow/example_dags/example_setup_teardown.py
[2025-01-18T07:21:13.754+0000] {processor.py:830} INFO - Processing file /home/airflow/.local/lib/python3.12/site-packages/airflow/example_dags/example_setup_teardown.py for tasks to queue
[2025-01-18T07:21:13.756+0000] {logging_mixin.py:188} INFO - [2025-01-18T07:21:13.756+0000] {dagbag.py:545} INFO - Filling up the DagBag from /home/airflow/.local/lib/python3.12/site-packages/airflow/example_dags/example_setup_teardown.py
[2025-01-18T07:21:13.761+0000] {processor.py:840} INFO - DAG(s) 'example_setup_teardown' retrieved from /home/airflow/.local/lib/python3.12/site-packages/airflow/example_dags/example_setup_teardown.py
[2025-01-18T07:21:13.780+0000] {logging_mixin.py:188} INFO - [2025-01-18T07:21:13.779+0000] {dag.py:3089} INFO - Sync 1 DAGs
[2025-01-18T07:21:13.795+0000] {logging_mixin.py:188} INFO - [2025-01-18T07:21:13.795+0000] {dag.py:3947} INFO - Setting next_dagrun for example_setup_teardown to 2025-01-17 00:00:00+00:00, run_after=2025-01-18 00:00:00+00:00
[2025-01-18T07:21:13.810+0000] {processor.py:183} INFO - Processing /home/airflow/.local/lib/python3.12/site-packages/airflow/example_dags/example_setup_teardown.py took 0.068 seconds
[2025-01-18T07:21:46.512+0000] {processor.py:161} INFO - Started process (PID=21247) to work on /home/airflow/.local/lib/python3.12/site-packages/airflow/example_dags/example_setup_teardown.py
[2025-01-18T07:21:46.512+0000] {processor.py:830} INFO - Processing file /home/airflow/.local/lib/python3.12/site-packages/airflow/example_dags/example_setup_teardown.py for tasks to queue
[2025-01-18T07:21:46.514+0000] {logging_mixin.py:188} INFO - [2025-01-18T07:21:46.513+0000] {dagbag.py:545} INFO - Filling up the DagBag from /home/airflow/.local/lib/python3.12/site-packages/airflow/example_dags/example_setup_teardown.py
[2025-01-18T07:21:46.518+0000] {processor.py:840} INFO - DAG(s) 'example_setup_teardown' retrieved from /home/airflow/.local/lib/python3.12/site-packages/airflow/example_dags/example_setup_teardown.py
[2025-01-18T07:21:46.531+0000] {logging_mixin.py:188} INFO - [2025-01-18T07:21:46.530+0000] {dag.py:3089} INFO - Sync 1 DAGs
[2025-01-18T07:21:46.540+0000] {logging_mixin.py:188} INFO - [2025-01-18T07:21:46.540+0000] {dag.py:3947} INFO - Setting next_dagrun for example_setup_teardown to 2025-01-17 00:00:00+00:00, run_after=2025-01-18 00:00:00+00:00
[2025-01-18T07:21:46.550+0000] {processor.py:183} INFO - Processing /home/airflow/.local/lib/python3.12/site-packages/airflow/example_dags/example_setup_teardown.py took 0.043 seconds
[2025-01-18T07:42:03.781+0000] {processor.py:161} INFO - Started process (PID=185) to work on /home/airflow/.local/lib/python3.12/site-packages/airflow/example_dags/example_setup_teardown.py
[2025-01-18T07:42:03.782+0000] {processor.py:830} INFO - Processing file /home/airflow/.local/lib/python3.12/site-packages/airflow/example_dags/example_setup_teardown.py for tasks to queue
[2025-01-18T07:42:03.783+0000] {logging_mixin.py:188} INFO - [2025-01-18T07:42:03.783+0000] {dagbag.py:545} INFO - Filling up the DagBag from /home/airflow/.local/lib/python3.12/site-packages/airflow/example_dags/example_setup_teardown.py
[2025-01-18T07:42:03.791+0000] {processor.py:840} INFO - DAG(s) 'example_setup_teardown' retrieved from /home/airflow/.local/lib/python3.12/site-packages/airflow/example_dags/example_setup_teardown.py
[2025-01-18T07:42:03.804+0000] {logging_mixin.py:188} INFO - [2025-01-18T07:42:03.803+0000] {dag.py:3089} INFO - Sync 1 DAGs
[2025-01-18T07:42:03.821+0000] {logging_mixin.py:188} INFO - [2025-01-18T07:42:03.821+0000] {dag.py:3947} INFO - Setting next_dagrun for example_setup_teardown to 2025-01-17 00:00:00+00:00, run_after=2025-01-18 00:00:00+00:00
[2025-01-18T07:42:03.839+0000] {processor.py:183} INFO - Processing /home/airflow/.local/lib/python3.12/site-packages/airflow/example_dags/example_setup_teardown.py took 0.062 seconds
[2025-01-18T07:42:34.144+0000] {processor.py:161} INFO - Started process (PID=452) to work on /home/airflow/.local/lib/python3.12/site-packages/airflow/example_dags/example_setup_teardown.py
[2025-01-18T07:42:34.146+0000] {processor.py:830} INFO - Processing file /home/airflow/.local/lib/python3.12/site-packages/airflow/example_dags/example_setup_teardown.py for tasks to queue
[2025-01-18T07:42:34.148+0000] {logging_mixin.py:188} INFO - [2025-01-18T07:42:34.147+0000] {dagbag.py:545} INFO - Filling up the DagBag from /home/airflow/.local/lib/python3.12/site-packages/airflow/example_dags/example_setup_teardown.py
[2025-01-18T07:42:34.177+0000] {processor.py:840} INFO - DAG(s) 'example_setup_teardown' retrieved from /home/airflow/.local/lib/python3.12/site-packages/airflow/example_dags/example_setup_teardown.py
[2025-01-18T07:42:34.343+0000] {logging_mixin.py:188} INFO - [2025-01-18T07:42:34.343+0000] {dag.py:3089} INFO - Sync 1 DAGs
[2025-01-18T07:42:34.368+0000] {logging_mixin.py:188} INFO - [2025-01-18T07:42:34.368+0000] {dag.py:3947} INFO - Setting next_dagrun for example_setup_teardown to 2025-01-17 00:00:00+00:00, run_after=2025-01-18 00:00:00+00:00
[2025-01-18T07:42:34.389+0000] {processor.py:183} INFO - Processing /home/airflow/.local/lib/python3.12/site-packages/airflow/example_dags/example_setup_teardown.py took 0.264 seconds
[2025-01-18T07:43:04.767+0000] {processor.py:161} INFO - Started process (PID=719) to work on /home/airflow/.local/lib/python3.12/site-packages/airflow/example_dags/example_setup_teardown.py
[2025-01-18T07:43:04.769+0000] {processor.py:830} INFO - Processing file /home/airflow/.local/lib/python3.12/site-packages/airflow/example_dags/example_setup_teardown.py for tasks to queue
[2025-01-18T07:43:04.771+0000] {logging_mixin.py:188} INFO - [2025-01-18T07:43:04.770+0000] {dagbag.py:545} INFO - Filling up the DagBag from /home/airflow/.local/lib/python3.12/site-packages/airflow/example_dags/example_setup_teardown.py
[2025-01-18T07:43:04.777+0000] {processor.py:840} INFO - DAG(s) 'example_setup_teardown' retrieved from /home/airflow/.local/lib/python3.12/site-packages/airflow/example_dags/example_setup_teardown.py
[2025-01-18T07:43:04.793+0000] {logging_mixin.py:188} INFO - [2025-01-18T07:43:04.793+0000] {dag.py:3089} INFO - Sync 1 DAGs
[2025-01-18T07:43:04.805+0000] {logging_mixin.py:188} INFO - [2025-01-18T07:43:04.805+0000] {dag.py:3947} INFO - Setting next_dagrun for example_setup_teardown to 2025-01-17 00:00:00+00:00, run_after=2025-01-18 00:00:00+00:00
[2025-01-18T07:43:04.817+0000] {processor.py:183} INFO - Processing /home/airflow/.local/lib/python3.12/site-packages/airflow/example_dags/example_setup_teardown.py took 0.055 seconds
[2025-01-18T07:43:34.922+0000] {processor.py:161} INFO - Started process (PID=986) to work on /home/airflow/.local/lib/python3.12/site-packages/airflow/example_dags/example_setup_teardown.py
[2025-01-18T07:43:34.922+0000] {processor.py:830} INFO - Processing file /home/airflow/.local/lib/python3.12/site-packages/airflow/example_dags/example_setup_teardown.py for tasks to queue
[2025-01-18T07:43:34.924+0000] {logging_mixin.py:188} INFO - [2025-01-18T07:43:34.924+0000] {dagbag.py:545} INFO - Filling up the DagBag from /home/airflow/.local/lib/python3.12/site-packages/airflow/example_dags/example_setup_teardown.py
[2025-01-18T07:43:34.928+0000] {processor.py:840} INFO - DAG(s) 'example_setup_teardown' retrieved from /home/airflow/.local/lib/python3.12/site-packages/airflow/example_dags/example_setup_teardown.py
[2025-01-18T07:43:34.947+0000] {logging_mixin.py:188} INFO - [2025-01-18T07:43:34.946+0000] {dag.py:3089} INFO - Sync 1 DAGs
[2025-01-18T07:43:34.964+0000] {logging_mixin.py:188} INFO - [2025-01-18T07:43:34.964+0000] {dag.py:3947} INFO - Setting next_dagrun for example_setup_teardown to 2025-01-17 00:00:00+00:00, run_after=2025-01-18 00:00:00+00:00
[2025-01-18T07:43:34.978+0000] {processor.py:183} INFO - Processing /home/airflow/.local/lib/python3.12/site-packages/airflow/example_dags/example_setup_teardown.py took 0.061 seconds
[2025-01-18T07:44:05.259+0000] {processor.py:161} INFO - Started process (PID=1253) to work on /home/airflow/.local/lib/python3.12/site-packages/airflow/example_dags/example_setup_teardown.py
[2025-01-18T07:44:05.260+0000] {processor.py:830} INFO - Processing file /home/airflow/.local/lib/python3.12/site-packages/airflow/example_dags/example_setup_teardown.py for tasks to queue
[2025-01-18T07:44:05.262+0000] {logging_mixin.py:188} INFO - [2025-01-18T07:44:05.262+0000] {dagbag.py:545} INFO - Filling up the DagBag from /home/airflow/.local/lib/python3.12/site-packages/airflow/example_dags/example_setup_teardown.py
[2025-01-18T07:44:05.267+0000] {processor.py:840} INFO - DAG(s) 'example_setup_teardown' retrieved from /home/airflow/.local/lib/python3.12/site-packages/airflow/example_dags/example_setup_teardown.py
[2025-01-18T07:44:05.281+0000] {logging_mixin.py:188} INFO - [2025-01-18T07:44:05.281+0000] {dag.py:3089} INFO - Sync 1 DAGs
[2025-01-18T07:44:05.296+0000] {logging_mixin.py:188} INFO - [2025-01-18T07:44:05.296+0000] {dag.py:3947} INFO - Setting next_dagrun for example_setup_teardown to 2025-01-17 00:00:00+00:00, run_after=2025-01-18 00:00:00+00:00
[2025-01-18T07:44:05.306+0000] {processor.py:183} INFO - Processing /home/airflow/.local/lib/python3.12/site-packages/airflow/example_dags/example_setup_teardown.py took 0.052 seconds
[2025-01-18T07:44:36.040+0000] {processor.py:161} INFO - Started process (PID=1520) to work on /home/airflow/.local/lib/python3.12/site-packages/airflow/example_dags/example_setup_teardown.py
[2025-01-18T07:44:36.041+0000] {processor.py:830} INFO - Processing file /home/airflow/.local/lib/python3.12/site-packages/airflow/example_dags/example_setup_teardown.py for tasks to queue
[2025-01-18T07:44:36.042+0000] {logging_mixin.py:188} INFO - [2025-01-18T07:44:36.042+0000] {dagbag.py:545} INFO - Filling up the DagBag from /home/airflow/.local/lib/python3.12/site-packages/airflow/example_dags/example_setup_teardown.py
[2025-01-18T07:44:36.047+0000] {processor.py:840} INFO - DAG(s) 'example_setup_teardown' retrieved from /home/airflow/.local/lib/python3.12/site-packages/airflow/example_dags/example_setup_teardown.py
[2025-01-18T07:44:36.064+0000] {logging_mixin.py:188} INFO - [2025-01-18T07:44:36.064+0000] {dag.py:3089} INFO - Sync 1 DAGs
[2025-01-18T07:44:36.078+0000] {logging_mixin.py:188} INFO - [2025-01-18T07:44:36.078+0000] {dag.py:3947} INFO - Setting next_dagrun for example_setup_teardown to 2025-01-17 00:00:00+00:00, run_after=2025-01-18 00:00:00+00:00
[2025-01-18T07:44:36.088+0000] {processor.py:183} INFO - Processing /home/airflow/.local/lib/python3.12/site-packages/airflow/example_dags/example_setup_teardown.py took 0.052 seconds
[2025-01-18T07:45:06.286+0000] {processor.py:161} INFO - Started process (PID=1788) to work on /home/airflow/.local/lib/python3.12/site-packages/airflow/example_dags/example_setup_teardown.py
[2025-01-18T07:45:06.289+0000] {processor.py:830} INFO - Processing file /home/airflow/.local/lib/python3.12/site-packages/airflow/example_dags/example_setup_teardown.py for tasks to queue
[2025-01-18T07:45:06.291+0000] {logging_mixin.py:188} INFO - [2025-01-18T07:45:06.290+0000] {dagbag.py:545} INFO - Filling up the DagBag from /home/airflow/.local/lib/python3.12/site-packages/airflow/example_dags/example_setup_teardown.py
[2025-01-18T07:45:06.294+0000] {processor.py:840} INFO - DAG(s) 'example_setup_teardown' retrieved from /home/airflow/.local/lib/python3.12/site-packages/airflow/example_dags/example_setup_teardown.py
[2025-01-18T07:45:06.306+0000] {logging_mixin.py:188} INFO - [2025-01-18T07:45:06.306+0000] {dag.py:3089} INFO - Sync 1 DAGs
[2025-01-18T07:45:06.317+0000] {logging_mixin.py:188} INFO - [2025-01-18T07:45:06.317+0000] {dag.py:3947} INFO - Setting next_dagrun for example_setup_teardown to 2025-01-17 00:00:00+00:00, run_after=2025-01-18 00:00:00+00:00
[2025-01-18T07:45:06.329+0000] {processor.py:183} INFO - Processing /home/airflow/.local/lib/python3.12/site-packages/airflow/example_dags/example_setup_teardown.py took 0.047 seconds
[2025-01-18T07:45:36.923+0000] {processor.py:161} INFO - Started process (PID=2055) to work on /home/airflow/.local/lib/python3.12/site-packages/airflow/example_dags/example_setup_teardown.py
[2025-01-18T07:45:36.924+0000] {processor.py:830} INFO - Processing file /home/airflow/.local/lib/python3.12/site-packages/airflow/example_dags/example_setup_teardown.py for tasks to queue
[2025-01-18T07:45:36.927+0000] {logging_mixin.py:188} INFO - [2025-01-18T07:45:36.926+0000] {dagbag.py:545} INFO - Filling up the DagBag from /home/airflow/.local/lib/python3.12/site-packages/airflow/example_dags/example_setup_teardown.py
[2025-01-18T07:45:36.933+0000] {processor.py:840} INFO - DAG(s) 'example_setup_teardown' retrieved from /home/airflow/.local/lib/python3.12/site-packages/airflow/example_dags/example_setup_teardown.py
[2025-01-18T07:45:36.948+0000] {logging_mixin.py:188} INFO - [2025-01-18T07:45:36.948+0000] {dag.py:3089} INFO - Sync 1 DAGs
[2025-01-18T07:45:36.960+0000] {logging_mixin.py:188} INFO - [2025-01-18T07:45:36.960+0000] {dag.py:3947} INFO - Setting next_dagrun for example_setup_teardown to 2025-01-17 00:00:00+00:00, run_after=2025-01-18 00:00:00+00:00
[2025-01-18T07:45:36.974+0000] {processor.py:183} INFO - Processing /home/airflow/.local/lib/python3.12/site-packages/airflow/example_dags/example_setup_teardown.py took 0.062 seconds
[2025-01-18T07:46:07.911+0000] {processor.py:161} INFO - Started process (PID=2322) to work on /home/airflow/.local/lib/python3.12/site-packages/airflow/example_dags/example_setup_teardown.py
[2025-01-18T07:46:07.912+0000] {processor.py:830} INFO - Processing file /home/airflow/.local/lib/python3.12/site-packages/airflow/example_dags/example_setup_teardown.py for tasks to queue
[2025-01-18T07:46:07.913+0000] {logging_mixin.py:188} INFO - [2025-01-18T07:46:07.913+0000] {dagbag.py:545} INFO - Filling up the DagBag from /home/airflow/.local/lib/python3.12/site-packages/airflow/example_dags/example_setup_teardown.py
[2025-01-18T07:46:07.918+0000] {processor.py:840} INFO - DAG(s) 'example_setup_teardown' retrieved from /home/airflow/.local/lib/python3.12/site-packages/airflow/example_dags/example_setup_teardown.py
[2025-01-18T07:46:07.932+0000] {logging_mixin.py:188} INFO - [2025-01-18T07:46:07.932+0000] {dag.py:3089} INFO - Sync 1 DAGs
[2025-01-18T07:46:07.944+0000] {logging_mixin.py:188} INFO - [2025-01-18T07:46:07.944+0000] {dag.py:3947} INFO - Setting next_dagrun for example_setup_teardown to 2025-01-17 00:00:00+00:00, run_after=2025-01-18 00:00:00+00:00
[2025-01-18T07:46:07.954+0000] {processor.py:183} INFO - Processing /home/airflow/.local/lib/python3.12/site-packages/airflow/example_dags/example_setup_teardown.py took 0.047 seconds
[2025-01-18T07:46:38.422+0000] {processor.py:161} INFO - Started process (PID=2589) to work on /home/airflow/.local/lib/python3.12/site-packages/airflow/example_dags/example_setup_teardown.py
[2025-01-18T07:46:38.423+0000] {processor.py:830} INFO - Processing file /home/airflow/.local/lib/python3.12/site-packages/airflow/example_dags/example_setup_teardown.py for tasks to queue
[2025-01-18T07:46:38.425+0000] {logging_mixin.py:188} INFO - [2025-01-18T07:46:38.424+0000] {dagbag.py:545} INFO - Filling up the DagBag from /home/airflow/.local/lib/python3.12/site-packages/airflow/example_dags/example_setup_teardown.py
[2025-01-18T07:46:38.429+0000] {processor.py:840} INFO - DAG(s) 'example_setup_teardown' retrieved from /home/airflow/.local/lib/python3.12/site-packages/airflow/example_dags/example_setup_teardown.py
[2025-01-18T07:46:38.444+0000] {logging_mixin.py:188} INFO - [2025-01-18T07:46:38.444+0000] {dag.py:3089} INFO - Sync 1 DAGs
[2025-01-18T07:46:38.456+0000] {logging_mixin.py:188} INFO - [2025-01-18T07:46:38.456+0000] {dag.py:3947} INFO - Setting next_dagrun for example_setup_teardown to 2025-01-17 00:00:00+00:00, run_after=2025-01-18 00:00:00+00:00
[2025-01-18T07:46:38.469+0000] {processor.py:183} INFO - Processing /home/airflow/.local/lib/python3.12/site-packages/airflow/example_dags/example_setup_teardown.py took 0.050 seconds
[2025-01-18T07:47:09.773+0000] {processor.py:161} INFO - Started process (PID=2857) to work on /home/airflow/.local/lib/python3.12/site-packages/airflow/example_dags/example_setup_teardown.py
[2025-01-18T07:47:09.774+0000] {processor.py:830} INFO - Processing file /home/airflow/.local/lib/python3.12/site-packages/airflow/example_dags/example_setup_teardown.py for tasks to queue
[2025-01-18T07:47:09.775+0000] {logging_mixin.py:188} INFO - [2025-01-18T07:47:09.775+0000] {dagbag.py:545} INFO - Filling up the DagBag from /home/airflow/.local/lib/python3.12/site-packages/airflow/example_dags/example_setup_teardown.py
[2025-01-18T07:47:09.779+0000] {processor.py:840} INFO - DAG(s) 'example_setup_teardown' retrieved from /home/airflow/.local/lib/python3.12/site-packages/airflow/example_dags/example_setup_teardown.py
[2025-01-18T07:47:09.793+0000] {logging_mixin.py:188} INFO - [2025-01-18T07:47:09.792+0000] {dag.py:3089} INFO - Sync 1 DAGs
[2025-01-18T07:47:09.805+0000] {logging_mixin.py:188} INFO - [2025-01-18T07:47:09.804+0000] {dag.py:3947} INFO - Setting next_dagrun for example_setup_teardown to 2025-01-17 00:00:00+00:00, run_after=2025-01-18 00:00:00+00:00
[2025-01-18T07:47:09.814+0000] {processor.py:183} INFO - Processing /home/airflow/.local/lib/python3.12/site-packages/airflow/example_dags/example_setup_teardown.py took 0.046 seconds
[2025-01-18T07:47:40.162+0000] {processor.py:161} INFO - Started process (PID=3124) to work on /home/airflow/.local/lib/python3.12/site-packages/airflow/example_dags/example_setup_teardown.py
[2025-01-18T07:47:40.163+0000] {processor.py:830} INFO - Processing file /home/airflow/.local/lib/python3.12/site-packages/airflow/example_dags/example_setup_teardown.py for tasks to queue
[2025-01-18T07:47:40.165+0000] {logging_mixin.py:188} INFO - [2025-01-18T07:47:40.165+0000] {dagbag.py:545} INFO - Filling up the DagBag from /home/airflow/.local/lib/python3.12/site-packages/airflow/example_dags/example_setup_teardown.py
[2025-01-18T07:47:40.170+0000] {processor.py:840} INFO - DAG(s) 'example_setup_teardown' retrieved from /home/airflow/.local/lib/python3.12/site-packages/airflow/example_dags/example_setup_teardown.py
[2025-01-18T07:47:40.186+0000] {logging_mixin.py:188} INFO - [2025-01-18T07:47:40.186+0000] {dag.py:3089} INFO - Sync 1 DAGs
[2025-01-18T07:47:40.200+0000] {logging_mixin.py:188} INFO - [2025-01-18T07:47:40.199+0000] {dag.py:3947} INFO - Setting next_dagrun for example_setup_teardown to 2025-01-17 00:00:00+00:00, run_after=2025-01-18 00:00:00+00:00
[2025-01-18T07:47:40.211+0000] {processor.py:183} INFO - Processing /home/airflow/.local/lib/python3.12/site-packages/airflow/example_dags/example_setup_teardown.py took 0.054 seconds
[2025-01-18T08:02:10.120+0000] {processor.py:161} INFO - Started process (PID=186) to work on /home/airflow/.local/lib/python3.12/site-packages/airflow/example_dags/example_setup_teardown.py
[2025-01-18T08:02:10.122+0000] {processor.py:830} INFO - Processing file /home/airflow/.local/lib/python3.12/site-packages/airflow/example_dags/example_setup_teardown.py for tasks to queue
[2025-01-18T08:02:10.123+0000] {logging_mixin.py:188} INFO - [2025-01-18T08:02:10.123+0000] {dagbag.py:545} INFO - Filling up the DagBag from /home/airflow/.local/lib/python3.12/site-packages/airflow/example_dags/example_setup_teardown.py
[2025-01-18T08:02:10.129+0000] {processor.py:840} INFO - DAG(s) 'example_setup_teardown' retrieved from /home/airflow/.local/lib/python3.12/site-packages/airflow/example_dags/example_setup_teardown.py
[2025-01-18T08:02:10.141+0000] {logging_mixin.py:188} INFO - [2025-01-18T08:02:10.141+0000] {dag.py:3089} INFO - Sync 1 DAGs
[2025-01-18T08:02:10.169+0000] {logging_mixin.py:188} INFO - [2025-01-18T08:02:10.169+0000] {dag.py:3947} INFO - Setting next_dagrun for example_setup_teardown to 2025-01-17 00:00:00+00:00, run_after=2025-01-18 00:00:00+00:00
[2025-01-18T08:02:10.182+0000] {processor.py:183} INFO - Processing /home/airflow/.local/lib/python3.12/site-packages/airflow/example_dags/example_setup_teardown.py took 0.065 seconds
[2025-01-18T08:02:40.726+0000] {processor.py:161} INFO - Started process (PID=451) to work on /home/airflow/.local/lib/python3.12/site-packages/airflow/example_dags/example_setup_teardown.py
[2025-01-18T08:02:40.727+0000] {processor.py:830} INFO - Processing file /home/airflow/.local/lib/python3.12/site-packages/airflow/example_dags/example_setup_teardown.py for tasks to queue
[2025-01-18T08:02:40.729+0000] {logging_mixin.py:188} INFO - [2025-01-18T08:02:40.729+0000] {dagbag.py:545} INFO - Filling up the DagBag from /home/airflow/.local/lib/python3.12/site-packages/airflow/example_dags/example_setup_teardown.py
[2025-01-18T08:02:40.737+0000] {processor.py:840} INFO - DAG(s) 'example_setup_teardown' retrieved from /home/airflow/.local/lib/python3.12/site-packages/airflow/example_dags/example_setup_teardown.py
[2025-01-18T08:02:40.838+0000] {logging_mixin.py:188} INFO - [2025-01-18T08:02:40.838+0000] {dag.py:3089} INFO - Sync 1 DAGs
[2025-01-18T08:02:40.853+0000] {logging_mixin.py:188} INFO - [2025-01-18T08:02:40.853+0000] {dag.py:3947} INFO - Setting next_dagrun for example_setup_teardown to 2025-01-17 00:00:00+00:00, run_after=2025-01-18 00:00:00+00:00
[2025-01-18T08:02:40.868+0000] {processor.py:183} INFO - Processing /home/airflow/.local/lib/python3.12/site-packages/airflow/example_dags/example_setup_teardown.py took 0.148 seconds
[2025-01-18T08:03:10.988+0000] {processor.py:161} INFO - Started process (PID=718) to work on /home/airflow/.local/lib/python3.12/site-packages/airflow/example_dags/example_setup_teardown.py
[2025-01-18T08:03:10.989+0000] {processor.py:830} INFO - Processing file /home/airflow/.local/lib/python3.12/site-packages/airflow/example_dags/example_setup_teardown.py for tasks to queue
[2025-01-18T08:03:10.992+0000] {logging_mixin.py:188} INFO - [2025-01-18T08:03:10.992+0000] {dagbag.py:545} INFO - Filling up the DagBag from /home/airflow/.local/lib/python3.12/site-packages/airflow/example_dags/example_setup_teardown.py
[2025-01-18T08:03:11.001+0000] {processor.py:840} INFO - DAG(s) 'example_setup_teardown' retrieved from /home/airflow/.local/lib/python3.12/site-packages/airflow/example_dags/example_setup_teardown.py
[2025-01-18T08:03:11.023+0000] {logging_mixin.py:188} INFO - [2025-01-18T08:03:11.023+0000] {dag.py:3089} INFO - Sync 1 DAGs
[2025-01-18T08:03:11.045+0000] {logging_mixin.py:188} INFO - [2025-01-18T08:03:11.045+0000] {dag.py:3947} INFO - Setting next_dagrun for example_setup_teardown to 2025-01-17 00:00:00+00:00, run_after=2025-01-18 00:00:00+00:00
[2025-01-18T08:03:11.062+0000] {processor.py:183} INFO - Processing /home/airflow/.local/lib/python3.12/site-packages/airflow/example_dags/example_setup_teardown.py took 0.080 seconds
[2025-01-18T08:03:41.730+0000] {processor.py:161} INFO - Started process (PID=985) to work on /home/airflow/.local/lib/python3.12/site-packages/airflow/example_dags/example_setup_teardown.py
[2025-01-18T08:03:41.731+0000] {processor.py:830} INFO - Processing file /home/airflow/.local/lib/python3.12/site-packages/airflow/example_dags/example_setup_teardown.py for tasks to queue
[2025-01-18T08:03:41.732+0000] {logging_mixin.py:188} INFO - [2025-01-18T08:03:41.732+0000] {dagbag.py:545} INFO - Filling up the DagBag from /home/airflow/.local/lib/python3.12/site-packages/airflow/example_dags/example_setup_teardown.py
[2025-01-18T08:03:41.740+0000] {processor.py:840} INFO - DAG(s) 'example_setup_teardown' retrieved from /home/airflow/.local/lib/python3.12/site-packages/airflow/example_dags/example_setup_teardown.py
[2025-01-18T08:03:41.755+0000] {logging_mixin.py:188} INFO - [2025-01-18T08:03:41.755+0000] {dag.py:3089} INFO - Sync 1 DAGs
[2025-01-18T08:03:41.767+0000] {logging_mixin.py:188} INFO - [2025-01-18T08:03:41.767+0000] {dag.py:3947} INFO - Setting next_dagrun for example_setup_teardown to 2025-01-17 00:00:00+00:00, run_after=2025-01-18 00:00:00+00:00
[2025-01-18T08:03:41.779+0000] {processor.py:183} INFO - Processing /home/airflow/.local/lib/python3.12/site-packages/airflow/example_dags/example_setup_teardown.py took 0.054 seconds
[2025-01-18T08:04:11.893+0000] {processor.py:161} INFO - Started process (PID=1252) to work on /home/airflow/.local/lib/python3.12/site-packages/airflow/example_dags/example_setup_teardown.py
[2025-01-18T08:04:11.894+0000] {processor.py:830} INFO - Processing file /home/airflow/.local/lib/python3.12/site-packages/airflow/example_dags/example_setup_teardown.py for tasks to queue
[2025-01-18T08:04:11.896+0000] {logging_mixin.py:188} INFO - [2025-01-18T08:04:11.896+0000] {dagbag.py:545} INFO - Filling up the DagBag from /home/airflow/.local/lib/python3.12/site-packages/airflow/example_dags/example_setup_teardown.py
[2025-01-18T08:04:11.900+0000] {processor.py:840} INFO - DAG(s) 'example_setup_teardown' retrieved from /home/airflow/.local/lib/python3.12/site-packages/airflow/example_dags/example_setup_teardown.py
[2025-01-18T08:04:11.914+0000] {logging_mixin.py:188} INFO - [2025-01-18T08:04:11.914+0000] {dag.py:3089} INFO - Sync 1 DAGs
[2025-01-18T08:04:11.926+0000] {logging_mixin.py:188} INFO - [2025-01-18T08:04:11.926+0000] {dag.py:3947} INFO - Setting next_dagrun for example_setup_teardown to 2025-01-17 00:00:00+00:00, run_after=2025-01-18 00:00:00+00:00
[2025-01-18T08:04:11.937+0000] {processor.py:183} INFO - Processing /home/airflow/.local/lib/python3.12/site-packages/airflow/example_dags/example_setup_teardown.py took 0.047 seconds
[2025-01-18T08:05:55.546+0000] {processor.py:161} INFO - Started process (PID=183) to work on /home/airflow/.local/lib/python3.12/site-packages/airflow/example_dags/example_setup_teardown.py
[2025-01-18T08:05:55.546+0000] {processor.py:830} INFO - Processing file /home/airflow/.local/lib/python3.12/site-packages/airflow/example_dags/example_setup_teardown.py for tasks to queue
[2025-01-18T08:05:55.550+0000] {logging_mixin.py:188} INFO - [2025-01-18T08:05:55.549+0000] {dagbag.py:545} INFO - Filling up the DagBag from /home/airflow/.local/lib/python3.12/site-packages/airflow/example_dags/example_setup_teardown.py
[2025-01-18T08:05:55.557+0000] {processor.py:840} INFO - DAG(s) 'example_setup_teardown' retrieved from /home/airflow/.local/lib/python3.12/site-packages/airflow/example_dags/example_setup_teardown.py
[2025-01-18T08:05:55.569+0000] {logging_mixin.py:188} INFO - [2025-01-18T08:05:55.568+0000] {dag.py:3089} INFO - Sync 1 DAGs
[2025-01-18T08:05:55.591+0000] {logging_mixin.py:188} INFO - [2025-01-18T08:05:55.590+0000] {dag.py:3947} INFO - Setting next_dagrun for example_setup_teardown to 2025-01-17 00:00:00+00:00, run_after=2025-01-18 00:00:00+00:00
[2025-01-18T08:05:55.606+0000] {processor.py:183} INFO - Processing /home/airflow/.local/lib/python3.12/site-packages/airflow/example_dags/example_setup_teardown.py took 0.064 seconds
[2025-01-18T08:06:26.329+0000] {processor.py:161} INFO - Started process (PID=450) to work on /home/airflow/.local/lib/python3.12/site-packages/airflow/example_dags/example_setup_teardown.py
[2025-01-18T08:06:26.330+0000] {processor.py:830} INFO - Processing file /home/airflow/.local/lib/python3.12/site-packages/airflow/example_dags/example_setup_teardown.py for tasks to queue
[2025-01-18T08:06:26.331+0000] {logging_mixin.py:188} INFO - [2025-01-18T08:06:26.331+0000] {dagbag.py:545} INFO - Filling up the DagBag from /home/airflow/.local/lib/python3.12/site-packages/airflow/example_dags/example_setup_teardown.py
[2025-01-18T08:06:26.335+0000] {processor.py:840} INFO - DAG(s) 'example_setup_teardown' retrieved from /home/airflow/.local/lib/python3.12/site-packages/airflow/example_dags/example_setup_teardown.py
[2025-01-18T08:06:26.348+0000] {logging_mixin.py:188} INFO - [2025-01-18T08:06:26.348+0000] {dag.py:3089} INFO - Sync 1 DAGs
[2025-01-18T08:06:26.362+0000] {logging_mixin.py:188} INFO - [2025-01-18T08:06:26.362+0000] {dag.py:3947} INFO - Setting next_dagrun for example_setup_teardown to 2025-01-17 00:00:00+00:00, run_after=2025-01-18 00:00:00+00:00
[2025-01-18T08:06:26.374+0000] {processor.py:183} INFO - Processing /home/airflow/.local/lib/python3.12/site-packages/airflow/example_dags/example_setup_teardown.py took 0.049 seconds
[2025-01-18T08:06:57.161+0000] {processor.py:161} INFO - Started process (PID=717) to work on /home/airflow/.local/lib/python3.12/site-packages/airflow/example_dags/example_setup_teardown.py
[2025-01-18T08:06:57.162+0000] {processor.py:830} INFO - Processing file /home/airflow/.local/lib/python3.12/site-packages/airflow/example_dags/example_setup_teardown.py for tasks to queue
[2025-01-18T08:06:57.164+0000] {logging_mixin.py:188} INFO - [2025-01-18T08:06:57.164+0000] {dagbag.py:545} INFO - Filling up the DagBag from /home/airflow/.local/lib/python3.12/site-packages/airflow/example_dags/example_setup_teardown.py
[2025-01-18T08:06:57.171+0000] {processor.py:840} INFO - DAG(s) 'example_setup_teardown' retrieved from /home/airflow/.local/lib/python3.12/site-packages/airflow/example_dags/example_setup_teardown.py
[2025-01-18T08:06:57.180+0000] {logging_mixin.py:188} INFO - [2025-01-18T08:06:57.180+0000] {dag.py:3089} INFO - Sync 1 DAGs
[2025-01-18T08:06:57.198+0000] {logging_mixin.py:188} INFO - [2025-01-18T08:06:57.197+0000] {dag.py:3947} INFO - Setting next_dagrun for example_setup_teardown to 2025-01-17 00:00:00+00:00, run_after=2025-01-18 00:00:00+00:00
[2025-01-18T08:06:57.209+0000] {processor.py:183} INFO - Processing /home/airflow/.local/lib/python3.12/site-packages/airflow/example_dags/example_setup_teardown.py took 0.053 seconds
[2025-01-18T08:07:27.327+0000] {processor.py:161} INFO - Started process (PID=980) to work on /home/airflow/.local/lib/python3.12/site-packages/airflow/example_dags/example_setup_teardown.py
[2025-01-18T08:07:27.327+0000] {processor.py:830} INFO - Processing file /home/airflow/.local/lib/python3.12/site-packages/airflow/example_dags/example_setup_teardown.py for tasks to queue
[2025-01-18T08:07:27.329+0000] {logging_mixin.py:188} INFO - [2025-01-18T08:07:27.329+0000] {dagbag.py:545} INFO - Filling up the DagBag from /home/airflow/.local/lib/python3.12/site-packages/airflow/example_dags/example_setup_teardown.py
[2025-01-18T08:07:27.332+0000] {processor.py:840} INFO - DAG(s) 'example_setup_teardown' retrieved from /home/airflow/.local/lib/python3.12/site-packages/airflow/example_dags/example_setup_teardown.py
[2025-01-18T08:07:27.341+0000] {logging_mixin.py:188} INFO - [2025-01-18T08:07:27.341+0000] {dag.py:3089} INFO - Sync 1 DAGs
[2025-01-18T08:07:27.352+0000] {logging_mixin.py:188} INFO - [2025-01-18T08:07:27.352+0000] {dag.py:3947} INFO - Setting next_dagrun for example_setup_teardown to 2025-01-17 00:00:00+00:00, run_after=2025-01-18 00:00:00+00:00
[2025-01-18T08:07:27.361+0000] {processor.py:183} INFO - Processing /home/airflow/.local/lib/python3.12/site-packages/airflow/example_dags/example_setup_teardown.py took 0.038 seconds
[2025-01-18T08:07:57.917+0000] {processor.py:161} INFO - Started process (PID=1245) to work on /home/airflow/.local/lib/python3.12/site-packages/airflow/example_dags/example_setup_teardown.py
[2025-01-18T08:07:57.918+0000] {processor.py:830} INFO - Processing file /home/airflow/.local/lib/python3.12/site-packages/airflow/example_dags/example_setup_teardown.py for tasks to queue
[2025-01-18T08:07:57.920+0000] {logging_mixin.py:188} INFO - [2025-01-18T08:07:57.920+0000] {dagbag.py:545} INFO - Filling up the DagBag from /home/airflow/.local/lib/python3.12/site-packages/airflow/example_dags/example_setup_teardown.py
[2025-01-18T08:07:57.924+0000] {processor.py:840} INFO - DAG(s) 'example_setup_teardown' retrieved from /home/airflow/.local/lib/python3.12/site-packages/airflow/example_dags/example_setup_teardown.py
[2025-01-18T08:07:57.980+0000] {logging_mixin.py:188} INFO - [2025-01-18T08:07:57.980+0000] {dag.py:3089} INFO - Sync 1 DAGs
[2025-01-18T08:07:57.990+0000] {logging_mixin.py:188} INFO - [2025-01-18T08:07:57.990+0000] {dag.py:3947} INFO - Setting next_dagrun for example_setup_teardown to 2025-01-17 00:00:00+00:00, run_after=2025-01-18 00:00:00+00:00
[2025-01-18T08:07:58.000+0000] {processor.py:183} INFO - Processing /home/airflow/.local/lib/python3.12/site-packages/airflow/example_dags/example_setup_teardown.py took 0.086 seconds
[2025-01-18T08:08:28.264+0000] {processor.py:161} INFO - Started process (PID=1511) to work on /home/airflow/.local/lib/python3.12/site-packages/airflow/example_dags/example_setup_teardown.py
[2025-01-18T08:08:28.265+0000] {processor.py:830} INFO - Processing file /home/airflow/.local/lib/python3.12/site-packages/airflow/example_dags/example_setup_teardown.py for tasks to queue
[2025-01-18T08:08:28.266+0000] {logging_mixin.py:188} INFO - [2025-01-18T08:08:28.266+0000] {dagbag.py:545} INFO - Filling up the DagBag from /home/airflow/.local/lib/python3.12/site-packages/airflow/example_dags/example_setup_teardown.py
[2025-01-18T08:08:28.271+0000] {processor.py:840} INFO - DAG(s) 'example_setup_teardown' retrieved from /home/airflow/.local/lib/python3.12/site-packages/airflow/example_dags/example_setup_teardown.py
[2025-01-18T08:08:28.285+0000] {logging_mixin.py:188} INFO - [2025-01-18T08:08:28.285+0000] {dag.py:3089} INFO - Sync 1 DAGs
[2025-01-18T08:08:28.297+0000] {logging_mixin.py:188} INFO - [2025-01-18T08:08:28.297+0000] {dag.py:3947} INFO - Setting next_dagrun for example_setup_teardown to 2025-01-17 00:00:00+00:00, run_after=2025-01-18 00:00:00+00:00
[2025-01-18T08:08:28.309+0000] {processor.py:183} INFO - Processing /home/airflow/.local/lib/python3.12/site-packages/airflow/example_dags/example_setup_teardown.py took 0.048 seconds
[2025-01-18T08:08:58.408+0000] {processor.py:161} INFO - Started process (PID=1778) to work on /home/airflow/.local/lib/python3.12/site-packages/airflow/example_dags/example_setup_teardown.py
[2025-01-18T08:08:58.408+0000] {processor.py:830} INFO - Processing file /home/airflow/.local/lib/python3.12/site-packages/airflow/example_dags/example_setup_teardown.py for tasks to queue
[2025-01-18T08:08:58.410+0000] {logging_mixin.py:188} INFO - [2025-01-18T08:08:58.410+0000] {dagbag.py:545} INFO - Filling up the DagBag from /home/airflow/.local/lib/python3.12/site-packages/airflow/example_dags/example_setup_teardown.py
[2025-01-18T08:08:58.414+0000] {processor.py:840} INFO - DAG(s) 'example_setup_teardown' retrieved from /home/airflow/.local/lib/python3.12/site-packages/airflow/example_dags/example_setup_teardown.py
[2025-01-18T08:08:58.430+0000] {logging_mixin.py:188} INFO - [2025-01-18T08:08:58.430+0000] {dag.py:3089} INFO - Sync 1 DAGs
[2025-01-18T08:08:58.442+0000] {logging_mixin.py:188} INFO - [2025-01-18T08:08:58.442+0000] {dag.py:3947} INFO - Setting next_dagrun for example_setup_teardown to 2025-01-17 00:00:00+00:00, run_after=2025-01-18 00:00:00+00:00
[2025-01-18T08:08:58.454+0000] {processor.py:183} INFO - Processing /home/airflow/.local/lib/python3.12/site-packages/airflow/example_dags/example_setup_teardown.py took 0.050 seconds
