[2025-01-18T06:44:34.794+0000] {processor.py:161} INFO - Started process (PID=355) to work on /home/airflow/.local/lib/python3.12/site-packages/airflow/example_dags/example_complex.py
[2025-01-18T06:44:34.795+0000] {processor.py:830} INFO - Processing file /home/airflow/.local/lib/python3.12/site-packages/airflow/example_dags/example_complex.py for tasks to queue
[2025-01-18T06:44:34.796+0000] {logging_mixin.py:188} INFO - [2025-01-18T06:44:34.796+0000] {dagbag.py:545} INFO - Filling up the DagBag from /home/airflow/.local/lib/python3.12/site-packages/airflow/example_dags/example_complex.py
[2025-01-18T06:44:34.804+0000] {processor.py:840} INFO - DAG(s) 'example_complex' retrieved from /home/airflow/.local/lib/python3.12/site-packages/airflow/example_dags/example_complex.py
[2025-01-18T06:44:34.814+0000] {logging_mixin.py:188} INFO - [2025-01-18T06:44:34.814+0000] {dag.py:3089} INFO - Sync 1 DAGs
[2025-01-18T06:44:34.823+0000] {logging_mixin.py:188} INFO - [2025-01-18T06:44:34.822+0000] {dag.py:3947} INFO - Setting next_dagrun for example_complex to None, run_after=None
[2025-01-18T06:44:34.834+0000] {processor.py:183} INFO - Processing /home/airflow/.local/lib/python3.12/site-packages/airflow/example_dags/example_complex.py took 0.044 seconds
[2025-01-18T06:45:06.252+0000] {processor.py:161} INFO - Started process (PID=633) to work on /home/airflow/.local/lib/python3.12/site-packages/airflow/example_dags/example_complex.py
[2025-01-18T06:45:06.253+0000] {processor.py:830} INFO - Processing file /home/airflow/.local/lib/python3.12/site-packages/airflow/example_dags/example_complex.py for tasks to queue
[2025-01-18T06:45:06.254+0000] {logging_mixin.py:188} INFO - [2025-01-18T06:45:06.254+0000] {dagbag.py:545} INFO - Filling up the DagBag from /home/airflow/.local/lib/python3.12/site-packages/airflow/example_dags/example_complex.py
[2025-01-18T06:45:06.260+0000] {processor.py:840} INFO - DAG(s) 'example_complex' retrieved from /home/airflow/.local/lib/python3.12/site-packages/airflow/example_dags/example_complex.py
[2025-01-18T06:45:06.318+0000] {logging_mixin.py:188} INFO - [2025-01-18T06:45:06.318+0000] {dag.py:3089} INFO - Sync 1 DAGs
[2025-01-18T06:45:06.324+0000] {logging_mixin.py:188} INFO - [2025-01-18T06:45:06.324+0000] {dag.py:3947} INFO - Setting next_dagrun for example_complex to None, run_after=None
[2025-01-18T06:45:06.337+0000] {processor.py:183} INFO - Processing /home/airflow/.local/lib/python3.12/site-packages/airflow/example_dags/example_complex.py took 0.089 seconds
[2025-01-18T06:45:37.144+0000] {processor.py:161} INFO - Started process (PID=910) to work on /home/airflow/.local/lib/python3.12/site-packages/airflow/example_dags/example_complex.py
[2025-01-18T06:45:37.145+0000] {processor.py:830} INFO - Processing file /home/airflow/.local/lib/python3.12/site-packages/airflow/example_dags/example_complex.py for tasks to queue
[2025-01-18T06:45:37.147+0000] {logging_mixin.py:188} INFO - [2025-01-18T06:45:37.147+0000] {dagbag.py:545} INFO - Filling up the DagBag from /home/airflow/.local/lib/python3.12/site-packages/airflow/example_dags/example_complex.py
[2025-01-18T06:45:37.153+0000] {processor.py:840} INFO - DAG(s) 'example_complex' retrieved from /home/airflow/.local/lib/python3.12/site-packages/airflow/example_dags/example_complex.py
[2025-01-18T06:45:37.172+0000] {logging_mixin.py:188} INFO - [2025-01-18T06:45:37.172+0000] {dag.py:3089} INFO - Sync 1 DAGs
[2025-01-18T06:45:37.179+0000] {logging_mixin.py:188} INFO - [2025-01-18T06:45:37.179+0000] {dag.py:3947} INFO - Setting next_dagrun for example_complex to None, run_after=None
[2025-01-18T06:45:37.194+0000] {processor.py:183} INFO - Processing /home/airflow/.local/lib/python3.12/site-packages/airflow/example_dags/example_complex.py took 0.055 seconds
[2025-01-18T06:46:07.553+0000] {processor.py:161} INFO - Started process (PID=1181) to work on /home/airflow/.local/lib/python3.12/site-packages/airflow/example_dags/example_complex.py
[2025-01-18T06:46:07.555+0000] {processor.py:830} INFO - Processing file /home/airflow/.local/lib/python3.12/site-packages/airflow/example_dags/example_complex.py for tasks to queue
[2025-01-18T06:46:07.556+0000] {logging_mixin.py:188} INFO - [2025-01-18T06:46:07.556+0000] {dagbag.py:545} INFO - Filling up the DagBag from /home/airflow/.local/lib/python3.12/site-packages/airflow/example_dags/example_complex.py
[2025-01-18T06:46:07.561+0000] {processor.py:840} INFO - DAG(s) 'example_complex' retrieved from /home/airflow/.local/lib/python3.12/site-packages/airflow/example_dags/example_complex.py
[2025-01-18T06:46:07.578+0000] {logging_mixin.py:188} INFO - [2025-01-18T06:46:07.578+0000] {dag.py:3089} INFO - Sync 1 DAGs
[2025-01-18T06:46:07.585+0000] {logging_mixin.py:188} INFO - [2025-01-18T06:46:07.585+0000] {dag.py:3947} INFO - Setting next_dagrun for example_complex to None, run_after=None
[2025-01-18T06:46:07.595+0000] {processor.py:183} INFO - Processing /home/airflow/.local/lib/python3.12/site-packages/airflow/example_dags/example_complex.py took 0.047 seconds
[2025-01-18T06:46:37.928+0000] {processor.py:161} INFO - Started process (PID=1458) to work on /home/airflow/.local/lib/python3.12/site-packages/airflow/example_dags/example_complex.py
[2025-01-18T06:46:37.929+0000] {processor.py:830} INFO - Processing file /home/airflow/.local/lib/python3.12/site-packages/airflow/example_dags/example_complex.py for tasks to queue
[2025-01-18T06:46:37.930+0000] {logging_mixin.py:188} INFO - [2025-01-18T06:46:37.930+0000] {dagbag.py:545} INFO - Filling up the DagBag from /home/airflow/.local/lib/python3.12/site-packages/airflow/example_dags/example_complex.py
[2025-01-18T06:46:37.936+0000] {processor.py:840} INFO - DAG(s) 'example_complex' retrieved from /home/airflow/.local/lib/python3.12/site-packages/airflow/example_dags/example_complex.py
[2025-01-18T06:46:37.954+0000] {logging_mixin.py:188} INFO - [2025-01-18T06:46:37.954+0000] {dag.py:3089} INFO - Sync 1 DAGs
[2025-01-18T06:46:37.961+0000] {logging_mixin.py:188} INFO - [2025-01-18T06:46:37.961+0000] {dag.py:3947} INFO - Setting next_dagrun for example_complex to None, run_after=None
[2025-01-18T06:46:37.972+0000] {processor.py:183} INFO - Processing /home/airflow/.local/lib/python3.12/site-packages/airflow/example_dags/example_complex.py took 0.049 seconds
[2025-01-18T06:47:20.709+0000] {processor.py:161} INFO - Started process (PID=1867) to work on /home/airflow/.local/lib/python3.12/site-packages/airflow/example_dags/example_complex.py
[2025-01-18T06:47:20.710+0000] {processor.py:830} INFO - Processing file /home/airflow/.local/lib/python3.12/site-packages/airflow/example_dags/example_complex.py for tasks to queue
[2025-01-18T06:47:20.712+0000] {logging_mixin.py:188} INFO - [2025-01-18T06:47:20.711+0000] {dagbag.py:545} INFO - Filling up the DagBag from /home/airflow/.local/lib/python3.12/site-packages/airflow/example_dags/example_complex.py
[2025-01-18T06:47:20.720+0000] {processor.py:840} INFO - DAG(s) 'example_complex' retrieved from /home/airflow/.local/lib/python3.12/site-packages/airflow/example_dags/example_complex.py
[2025-01-18T06:47:20.745+0000] {logging_mixin.py:188} INFO - [2025-01-18T06:47:20.745+0000] {dag.py:3089} INFO - Sync 1 DAGs
[2025-01-18T06:47:20.758+0000] {logging_mixin.py:188} INFO - [2025-01-18T06:47:20.758+0000] {dag.py:3947} INFO - Setting next_dagrun for example_complex to None, run_after=None
[2025-01-18T06:47:20.776+0000] {processor.py:183} INFO - Processing /home/airflow/.local/lib/python3.12/site-packages/airflow/example_dags/example_complex.py took 0.074 seconds
[2025-01-18T06:47:51.687+0000] {processor.py:161} INFO - Started process (PID=2744) to work on /home/airflow/.local/lib/python3.12/site-packages/airflow/example_dags/example_complex.py
[2025-01-18T06:47:51.688+0000] {processor.py:830} INFO - Processing file /home/airflow/.local/lib/python3.12/site-packages/airflow/example_dags/example_complex.py for tasks to queue
[2025-01-18T06:47:51.691+0000] {logging_mixin.py:188} INFO - [2025-01-18T06:47:51.690+0000] {dagbag.py:545} INFO - Filling up the DagBag from /home/airflow/.local/lib/python3.12/site-packages/airflow/example_dags/example_complex.py
[2025-01-18T06:47:51.699+0000] {processor.py:840} INFO - DAG(s) 'example_complex' retrieved from /home/airflow/.local/lib/python3.12/site-packages/airflow/example_dags/example_complex.py
[2025-01-18T06:47:51.761+0000] {logging_mixin.py:188} INFO - [2025-01-18T06:47:51.760+0000] {dag.py:3089} INFO - Sync 1 DAGs
[2025-01-18T06:47:51.779+0000] {logging_mixin.py:188} INFO - [2025-01-18T06:47:51.779+0000] {dag.py:3947} INFO - Setting next_dagrun for example_complex to None, run_after=None
[2025-01-18T06:47:51.812+0000] {processor.py:183} INFO - Processing /home/airflow/.local/lib/python3.12/site-packages/airflow/example_dags/example_complex.py took 0.140 seconds
[2025-01-18T06:48:22.417+0000] {processor.py:161} INFO - Started process (PID=3695) to work on /home/airflow/.local/lib/python3.12/site-packages/airflow/example_dags/example_complex.py
[2025-01-18T06:48:22.418+0000] {processor.py:830} INFO - Processing file /home/airflow/.local/lib/python3.12/site-packages/airflow/example_dags/example_complex.py for tasks to queue
[2025-01-18T06:48:22.420+0000] {logging_mixin.py:188} INFO - [2025-01-18T06:48:22.420+0000] {dagbag.py:545} INFO - Filling up the DagBag from /home/airflow/.local/lib/python3.12/site-packages/airflow/example_dags/example_complex.py
[2025-01-18T06:48:22.429+0000] {processor.py:840} INFO - DAG(s) 'example_complex' retrieved from /home/airflow/.local/lib/python3.12/site-packages/airflow/example_dags/example_complex.py
[2025-01-18T06:48:22.452+0000] {logging_mixin.py:188} INFO - [2025-01-18T06:48:22.452+0000] {dag.py:3089} INFO - Sync 1 DAGs
[2025-01-18T06:48:22.462+0000] {logging_mixin.py:188} INFO - [2025-01-18T06:48:22.462+0000] {dag.py:3947} INFO - Setting next_dagrun for example_complex to None, run_after=None
[2025-01-18T06:48:22.477+0000] {processor.py:183} INFO - Processing /home/airflow/.local/lib/python3.12/site-packages/airflow/example_dags/example_complex.py took 0.066 seconds
[2025-01-18T06:48:53.417+0000] {processor.py:161} INFO - Started process (PID=4006) to work on /home/airflow/.local/lib/python3.12/site-packages/airflow/example_dags/example_complex.py
[2025-01-18T06:48:53.419+0000] {processor.py:830} INFO - Processing file /home/airflow/.local/lib/python3.12/site-packages/airflow/example_dags/example_complex.py for tasks to queue
[2025-01-18T06:48:53.420+0000] {logging_mixin.py:188} INFO - [2025-01-18T06:48:53.420+0000] {dagbag.py:545} INFO - Filling up the DagBag from /home/airflow/.local/lib/python3.12/site-packages/airflow/example_dags/example_complex.py
[2025-01-18T06:48:53.425+0000] {processor.py:840} INFO - DAG(s) 'example_complex' retrieved from /home/airflow/.local/lib/python3.12/site-packages/airflow/example_dags/example_complex.py
[2025-01-18T06:48:53.444+0000] {logging_mixin.py:188} INFO - [2025-01-18T06:48:53.444+0000] {dag.py:3089} INFO - Sync 1 DAGs
[2025-01-18T06:48:53.450+0000] {logging_mixin.py:188} INFO - [2025-01-18T06:48:53.450+0000] {dag.py:3947} INFO - Setting next_dagrun for example_complex to None, run_after=None
[2025-01-18T06:48:53.463+0000] {processor.py:183} INFO - Processing /home/airflow/.local/lib/python3.12/site-packages/airflow/example_dags/example_complex.py took 0.050 seconds
[2025-01-18T06:49:23.921+0000] {processor.py:161} INFO - Started process (PID=4283) to work on /home/airflow/.local/lib/python3.12/site-packages/airflow/example_dags/example_complex.py
[2025-01-18T06:49:23.922+0000] {processor.py:830} INFO - Processing file /home/airflow/.local/lib/python3.12/site-packages/airflow/example_dags/example_complex.py for tasks to queue
[2025-01-18T06:49:23.923+0000] {logging_mixin.py:188} INFO - [2025-01-18T06:49:23.923+0000] {dagbag.py:545} INFO - Filling up the DagBag from /home/airflow/.local/lib/python3.12/site-packages/airflow/example_dags/example_complex.py
[2025-01-18T06:49:23.929+0000] {processor.py:840} INFO - DAG(s) 'example_complex' retrieved from /home/airflow/.local/lib/python3.12/site-packages/airflow/example_dags/example_complex.py
[2025-01-18T06:49:23.946+0000] {logging_mixin.py:188} INFO - [2025-01-18T06:49:23.946+0000] {dag.py:3089} INFO - Sync 1 DAGs
[2025-01-18T06:49:23.953+0000] {logging_mixin.py:188} INFO - [2025-01-18T06:49:23.953+0000] {dag.py:3947} INFO - Setting next_dagrun for example_complex to None, run_after=None
[2025-01-18T06:49:23.965+0000] {processor.py:183} INFO - Processing /home/airflow/.local/lib/python3.12/site-packages/airflow/example_dags/example_complex.py took 0.047 seconds
[2025-01-18T06:49:54.880+0000] {processor.py:161} INFO - Started process (PID=4560) to work on /home/airflow/.local/lib/python3.12/site-packages/airflow/example_dags/example_complex.py
[2025-01-18T06:49:54.881+0000] {processor.py:830} INFO - Processing file /home/airflow/.local/lib/python3.12/site-packages/airflow/example_dags/example_complex.py for tasks to queue
[2025-01-18T06:49:54.883+0000] {logging_mixin.py:188} INFO - [2025-01-18T06:49:54.882+0000] {dagbag.py:545} INFO - Filling up the DagBag from /home/airflow/.local/lib/python3.12/site-packages/airflow/example_dags/example_complex.py
[2025-01-18T06:49:54.888+0000] {processor.py:840} INFO - DAG(s) 'example_complex' retrieved from /home/airflow/.local/lib/python3.12/site-packages/airflow/example_dags/example_complex.py
[2025-01-18T06:49:54.908+0000] {logging_mixin.py:188} INFO - [2025-01-18T06:49:54.908+0000] {dag.py:3089} INFO - Sync 1 DAGs
[2025-01-18T06:49:54.915+0000] {logging_mixin.py:188} INFO - [2025-01-18T06:49:54.915+0000] {dag.py:3947} INFO - Setting next_dagrun for example_complex to None, run_after=None
[2025-01-18T06:49:54.927+0000] {processor.py:183} INFO - Processing /home/airflow/.local/lib/python3.12/site-packages/airflow/example_dags/example_complex.py took 0.051 seconds
[2025-01-18T06:50:25.617+0000] {processor.py:161} INFO - Started process (PID=4837) to work on /home/airflow/.local/lib/python3.12/site-packages/airflow/example_dags/example_complex.py
[2025-01-18T06:50:25.617+0000] {processor.py:830} INFO - Processing file /home/airflow/.local/lib/python3.12/site-packages/airflow/example_dags/example_complex.py for tasks to queue
[2025-01-18T06:50:25.619+0000] {logging_mixin.py:188} INFO - [2025-01-18T06:50:25.619+0000] {dagbag.py:545} INFO - Filling up the DagBag from /home/airflow/.local/lib/python3.12/site-packages/airflow/example_dags/example_complex.py
[2025-01-18T06:50:25.624+0000] {processor.py:840} INFO - DAG(s) 'example_complex' retrieved from /home/airflow/.local/lib/python3.12/site-packages/airflow/example_dags/example_complex.py
[2025-01-18T06:50:25.648+0000] {logging_mixin.py:188} INFO - [2025-01-18T06:50:25.648+0000] {dag.py:3089} INFO - Sync 1 DAGs
[2025-01-18T06:50:25.658+0000] {logging_mixin.py:188} INFO - [2025-01-18T06:50:25.658+0000] {dag.py:3947} INFO - Setting next_dagrun for example_complex to None, run_after=None
[2025-01-18T06:50:25.673+0000] {processor.py:183} INFO - Processing /home/airflow/.local/lib/python3.12/site-packages/airflow/example_dags/example_complex.py took 0.061 seconds
[2025-01-18T06:50:56.456+0000] {processor.py:161} INFO - Started process (PID=5114) to work on /home/airflow/.local/lib/python3.12/site-packages/airflow/example_dags/example_complex.py
[2025-01-18T06:50:56.456+0000] {processor.py:830} INFO - Processing file /home/airflow/.local/lib/python3.12/site-packages/airflow/example_dags/example_complex.py for tasks to queue
[2025-01-18T06:50:56.458+0000] {logging_mixin.py:188} INFO - [2025-01-18T06:50:56.457+0000] {dagbag.py:545} INFO - Filling up the DagBag from /home/airflow/.local/lib/python3.12/site-packages/airflow/example_dags/example_complex.py
[2025-01-18T06:50:56.464+0000] {processor.py:840} INFO - DAG(s) 'example_complex' retrieved from /home/airflow/.local/lib/python3.12/site-packages/airflow/example_dags/example_complex.py
[2025-01-18T06:50:56.486+0000] {logging_mixin.py:188} INFO - [2025-01-18T06:50:56.486+0000] {dag.py:3089} INFO - Sync 1 DAGs
[2025-01-18T06:50:56.493+0000] {logging_mixin.py:188} INFO - [2025-01-18T06:50:56.493+0000] {dag.py:3947} INFO - Setting next_dagrun for example_complex to None, run_after=None
[2025-01-18T06:50:56.506+0000] {processor.py:183} INFO - Processing /home/airflow/.local/lib/python3.12/site-packages/airflow/example_dags/example_complex.py took 0.055 seconds
[2025-01-18T06:51:26.863+0000] {processor.py:161} INFO - Started process (PID=5391) to work on /home/airflow/.local/lib/python3.12/site-packages/airflow/example_dags/example_complex.py
[2025-01-18T06:51:26.863+0000] {processor.py:830} INFO - Processing file /home/airflow/.local/lib/python3.12/site-packages/airflow/example_dags/example_complex.py for tasks to queue
[2025-01-18T06:51:26.865+0000] {logging_mixin.py:188} INFO - [2025-01-18T06:51:26.864+0000] {dagbag.py:545} INFO - Filling up the DagBag from /home/airflow/.local/lib/python3.12/site-packages/airflow/example_dags/example_complex.py
[2025-01-18T06:51:26.870+0000] {processor.py:840} INFO - DAG(s) 'example_complex' retrieved from /home/airflow/.local/lib/python3.12/site-packages/airflow/example_dags/example_complex.py
[2025-01-18T06:51:26.888+0000] {logging_mixin.py:188} INFO - [2025-01-18T06:51:26.888+0000] {dag.py:3089} INFO - Sync 1 DAGs
[2025-01-18T06:51:26.897+0000] {logging_mixin.py:188} INFO - [2025-01-18T06:51:26.897+0000] {dag.py:3947} INFO - Setting next_dagrun for example_complex to None, run_after=None
[2025-01-18T06:51:26.907+0000] {processor.py:183} INFO - Processing /home/airflow/.local/lib/python3.12/site-packages/airflow/example_dags/example_complex.py took 0.048 seconds
[2025-01-18T06:51:57.365+0000] {processor.py:161} INFO - Started process (PID=5668) to work on /home/airflow/.local/lib/python3.12/site-packages/airflow/example_dags/example_complex.py
[2025-01-18T06:51:57.366+0000] {processor.py:830} INFO - Processing file /home/airflow/.local/lib/python3.12/site-packages/airflow/example_dags/example_complex.py for tasks to queue
[2025-01-18T06:51:57.367+0000] {logging_mixin.py:188} INFO - [2025-01-18T06:51:57.367+0000] {dagbag.py:545} INFO - Filling up the DagBag from /home/airflow/.local/lib/python3.12/site-packages/airflow/example_dags/example_complex.py
[2025-01-18T06:51:57.373+0000] {processor.py:840} INFO - DAG(s) 'example_complex' retrieved from /home/airflow/.local/lib/python3.12/site-packages/airflow/example_dags/example_complex.py
[2025-01-18T06:51:57.391+0000] {logging_mixin.py:188} INFO - [2025-01-18T06:51:57.391+0000] {dag.py:3089} INFO - Sync 1 DAGs
[2025-01-18T06:51:57.400+0000] {logging_mixin.py:188} INFO - [2025-01-18T06:51:57.400+0000] {dag.py:3947} INFO - Setting next_dagrun for example_complex to None, run_after=None
[2025-01-18T06:51:57.416+0000] {processor.py:183} INFO - Processing /home/airflow/.local/lib/python3.12/site-packages/airflow/example_dags/example_complex.py took 0.056 seconds
[2025-01-18T06:52:27.900+0000] {processor.py:161} INFO - Started process (PID=5945) to work on /home/airflow/.local/lib/python3.12/site-packages/airflow/example_dags/example_complex.py
[2025-01-18T06:52:27.902+0000] {processor.py:830} INFO - Processing file /home/airflow/.local/lib/python3.12/site-packages/airflow/example_dags/example_complex.py for tasks to queue
[2025-01-18T06:52:27.903+0000] {logging_mixin.py:188} INFO - [2025-01-18T06:52:27.903+0000] {dagbag.py:545} INFO - Filling up the DagBag from /home/airflow/.local/lib/python3.12/site-packages/airflow/example_dags/example_complex.py
[2025-01-18T06:52:27.908+0000] {processor.py:840} INFO - DAG(s) 'example_complex' retrieved from /home/airflow/.local/lib/python3.12/site-packages/airflow/example_dags/example_complex.py
[2025-01-18T06:52:27.926+0000] {logging_mixin.py:188} INFO - [2025-01-18T06:52:27.926+0000] {dag.py:3089} INFO - Sync 1 DAGs
[2025-01-18T06:52:27.934+0000] {logging_mixin.py:188} INFO - [2025-01-18T06:52:27.934+0000] {dag.py:3947} INFO - Setting next_dagrun for example_complex to None, run_after=None
[2025-01-18T06:52:27.945+0000] {processor.py:183} INFO - Processing /home/airflow/.local/lib/python3.12/site-packages/airflow/example_dags/example_complex.py took 0.048 seconds
[2025-01-18T06:52:58.549+0000] {processor.py:161} INFO - Started process (PID=6220) to work on /home/airflow/.local/lib/python3.12/site-packages/airflow/example_dags/example_complex.py
[2025-01-18T06:52:58.550+0000] {processor.py:830} INFO - Processing file /home/airflow/.local/lib/python3.12/site-packages/airflow/example_dags/example_complex.py for tasks to queue
[2025-01-18T06:52:58.551+0000] {logging_mixin.py:188} INFO - [2025-01-18T06:52:58.551+0000] {dagbag.py:545} INFO - Filling up the DagBag from /home/airflow/.local/lib/python3.12/site-packages/airflow/example_dags/example_complex.py
[2025-01-18T06:52:58.557+0000] {processor.py:840} INFO - DAG(s) 'example_complex' retrieved from /home/airflow/.local/lib/python3.12/site-packages/airflow/example_dags/example_complex.py
[2025-01-18T06:52:58.575+0000] {logging_mixin.py:188} INFO - [2025-01-18T06:52:58.575+0000] {dag.py:3089} INFO - Sync 1 DAGs
[2025-01-18T06:52:58.582+0000] {logging_mixin.py:188} INFO - [2025-01-18T06:52:58.582+0000] {dag.py:3947} INFO - Setting next_dagrun for example_complex to None, run_after=None
[2025-01-18T06:52:58.598+0000] {processor.py:183} INFO - Processing /home/airflow/.local/lib/python3.12/site-packages/airflow/example_dags/example_complex.py took 0.053 seconds
[2025-01-18T06:53:29.600+0000] {processor.py:161} INFO - Started process (PID=6499) to work on /home/airflow/.local/lib/python3.12/site-packages/airflow/example_dags/example_complex.py
[2025-01-18T06:53:29.601+0000] {processor.py:830} INFO - Processing file /home/airflow/.local/lib/python3.12/site-packages/airflow/example_dags/example_complex.py for tasks to queue
[2025-01-18T06:53:29.602+0000] {logging_mixin.py:188} INFO - [2025-01-18T06:53:29.602+0000] {dagbag.py:545} INFO - Filling up the DagBag from /home/airflow/.local/lib/python3.12/site-packages/airflow/example_dags/example_complex.py
[2025-01-18T06:53:29.608+0000] {processor.py:840} INFO - DAG(s) 'example_complex' retrieved from /home/airflow/.local/lib/python3.12/site-packages/airflow/example_dags/example_complex.py
[2025-01-18T06:53:29.630+0000] {logging_mixin.py:188} INFO - [2025-01-18T06:53:29.629+0000] {dag.py:3089} INFO - Sync 1 DAGs
[2025-01-18T06:53:29.640+0000] {logging_mixin.py:188} INFO - [2025-01-18T06:53:29.639+0000] {dag.py:3947} INFO - Setting next_dagrun for example_complex to None, run_after=None
[2025-01-18T06:53:29.651+0000] {processor.py:183} INFO - Processing /home/airflow/.local/lib/python3.12/site-packages/airflow/example_dags/example_complex.py took 0.055 seconds
[2025-01-18T06:54:00.427+0000] {processor.py:161} INFO - Started process (PID=6770) to work on /home/airflow/.local/lib/python3.12/site-packages/airflow/example_dags/example_complex.py
[2025-01-18T06:54:00.429+0000] {processor.py:830} INFO - Processing file /home/airflow/.local/lib/python3.12/site-packages/airflow/example_dags/example_complex.py for tasks to queue
[2025-01-18T06:54:00.430+0000] {logging_mixin.py:188} INFO - [2025-01-18T06:54:00.430+0000] {dagbag.py:545} INFO - Filling up the DagBag from /home/airflow/.local/lib/python3.12/site-packages/airflow/example_dags/example_complex.py
[2025-01-18T06:54:00.435+0000] {processor.py:840} INFO - DAG(s) 'example_complex' retrieved from /home/airflow/.local/lib/python3.12/site-packages/airflow/example_dags/example_complex.py
[2025-01-18T06:54:00.454+0000] {logging_mixin.py:188} INFO - [2025-01-18T06:54:00.453+0000] {dag.py:3089} INFO - Sync 1 DAGs
[2025-01-18T06:54:00.461+0000] {logging_mixin.py:188} INFO - [2025-01-18T06:54:00.461+0000] {dag.py:3947} INFO - Setting next_dagrun for example_complex to None, run_after=None
[2025-01-18T06:54:00.474+0000] {processor.py:183} INFO - Processing /home/airflow/.local/lib/python3.12/site-packages/airflow/example_dags/example_complex.py took 0.051 seconds
[2025-01-18T06:54:30.904+0000] {processor.py:161} INFO - Started process (PID=7045) to work on /home/airflow/.local/lib/python3.12/site-packages/airflow/example_dags/example_complex.py
[2025-01-18T06:54:30.905+0000] {processor.py:830} INFO - Processing file /home/airflow/.local/lib/python3.12/site-packages/airflow/example_dags/example_complex.py for tasks to queue
[2025-01-18T06:54:30.906+0000] {logging_mixin.py:188} INFO - [2025-01-18T06:54:30.906+0000] {dagbag.py:545} INFO - Filling up the DagBag from /home/airflow/.local/lib/python3.12/site-packages/airflow/example_dags/example_complex.py
[2025-01-18T06:54:30.912+0000] {processor.py:840} INFO - DAG(s) 'example_complex' retrieved from /home/airflow/.local/lib/python3.12/site-packages/airflow/example_dags/example_complex.py
[2025-01-18T06:54:30.932+0000] {logging_mixin.py:188} INFO - [2025-01-18T06:54:30.931+0000] {dag.py:3089} INFO - Sync 1 DAGs
[2025-01-18T06:54:30.939+0000] {logging_mixin.py:188} INFO - [2025-01-18T06:54:30.939+0000] {dag.py:3947} INFO - Setting next_dagrun for example_complex to None, run_after=None
[2025-01-18T06:54:30.951+0000] {processor.py:183} INFO - Processing /home/airflow/.local/lib/python3.12/site-packages/airflow/example_dags/example_complex.py took 0.052 seconds
[2025-01-18T06:55:01.892+0000] {processor.py:161} INFO - Started process (PID=7322) to work on /home/airflow/.local/lib/python3.12/site-packages/airflow/example_dags/example_complex.py
[2025-01-18T06:55:01.893+0000] {processor.py:830} INFO - Processing file /home/airflow/.local/lib/python3.12/site-packages/airflow/example_dags/example_complex.py for tasks to queue
[2025-01-18T06:55:01.895+0000] {logging_mixin.py:188} INFO - [2025-01-18T06:55:01.895+0000] {dagbag.py:545} INFO - Filling up the DagBag from /home/airflow/.local/lib/python3.12/site-packages/airflow/example_dags/example_complex.py
[2025-01-18T06:55:01.903+0000] {processor.py:840} INFO - DAG(s) 'example_complex' retrieved from /home/airflow/.local/lib/python3.12/site-packages/airflow/example_dags/example_complex.py
[2025-01-18T06:55:01.921+0000] {logging_mixin.py:188} INFO - [2025-01-18T06:55:01.921+0000] {dag.py:3089} INFO - Sync 1 DAGs
[2025-01-18T06:55:01.929+0000] {logging_mixin.py:188} INFO - [2025-01-18T06:55:01.929+0000] {dag.py:3947} INFO - Setting next_dagrun for example_complex to None, run_after=None
[2025-01-18T06:55:01.943+0000] {processor.py:183} INFO - Processing /home/airflow/.local/lib/python3.12/site-packages/airflow/example_dags/example_complex.py took 0.057 seconds
[2025-01-18T06:55:32.088+0000] {processor.py:161} INFO - Started process (PID=7599) to work on /home/airflow/.local/lib/python3.12/site-packages/airflow/example_dags/example_complex.py
[2025-01-18T06:55:32.089+0000] {processor.py:830} INFO - Processing file /home/airflow/.local/lib/python3.12/site-packages/airflow/example_dags/example_complex.py for tasks to queue
[2025-01-18T06:55:32.092+0000] {logging_mixin.py:188} INFO - [2025-01-18T06:55:32.092+0000] {dagbag.py:545} INFO - Filling up the DagBag from /home/airflow/.local/lib/python3.12/site-packages/airflow/example_dags/example_complex.py
[2025-01-18T06:55:32.102+0000] {processor.py:840} INFO - DAG(s) 'example_complex' retrieved from /home/airflow/.local/lib/python3.12/site-packages/airflow/example_dags/example_complex.py
[2025-01-18T06:55:32.128+0000] {logging_mixin.py:188} INFO - [2025-01-18T06:55:32.128+0000] {dag.py:3089} INFO - Sync 1 DAGs
[2025-01-18T06:55:32.137+0000] {logging_mixin.py:188} INFO - [2025-01-18T06:55:32.137+0000] {dag.py:3947} INFO - Setting next_dagrun for example_complex to None, run_after=None
[2025-01-18T06:55:32.151+0000] {processor.py:183} INFO - Processing /home/airflow/.local/lib/python3.12/site-packages/airflow/example_dags/example_complex.py took 0.069 seconds
[2025-01-18T06:56:02.543+0000] {processor.py:161} INFO - Started process (PID=7876) to work on /home/airflow/.local/lib/python3.12/site-packages/airflow/example_dags/example_complex.py
[2025-01-18T06:56:02.544+0000] {processor.py:830} INFO - Processing file /home/airflow/.local/lib/python3.12/site-packages/airflow/example_dags/example_complex.py for tasks to queue
[2025-01-18T06:56:02.545+0000] {logging_mixin.py:188} INFO - [2025-01-18T06:56:02.545+0000] {dagbag.py:545} INFO - Filling up the DagBag from /home/airflow/.local/lib/python3.12/site-packages/airflow/example_dags/example_complex.py
[2025-01-18T06:56:02.551+0000] {processor.py:840} INFO - DAG(s) 'example_complex' retrieved from /home/airflow/.local/lib/python3.12/site-packages/airflow/example_dags/example_complex.py
[2025-01-18T06:56:02.567+0000] {logging_mixin.py:188} INFO - [2025-01-18T06:56:02.567+0000] {dag.py:3089} INFO - Sync 1 DAGs
[2025-01-18T06:56:02.575+0000] {logging_mixin.py:188} INFO - [2025-01-18T06:56:02.575+0000] {dag.py:3947} INFO - Setting next_dagrun for example_complex to None, run_after=None
[2025-01-18T06:56:02.585+0000] {processor.py:183} INFO - Processing /home/airflow/.local/lib/python3.12/site-packages/airflow/example_dags/example_complex.py took 0.046 seconds
[2025-01-18T06:56:33.062+0000] {processor.py:161} INFO - Started process (PID=8155) to work on /home/airflow/.local/lib/python3.12/site-packages/airflow/example_dags/example_complex.py
[2025-01-18T06:56:33.063+0000] {processor.py:830} INFO - Processing file /home/airflow/.local/lib/python3.12/site-packages/airflow/example_dags/example_complex.py for tasks to queue
[2025-01-18T06:56:33.064+0000] {logging_mixin.py:188} INFO - [2025-01-18T06:56:33.064+0000] {dagbag.py:545} INFO - Filling up the DagBag from /home/airflow/.local/lib/python3.12/site-packages/airflow/example_dags/example_complex.py
[2025-01-18T06:56:33.069+0000] {processor.py:840} INFO - DAG(s) 'example_complex' retrieved from /home/airflow/.local/lib/python3.12/site-packages/airflow/example_dags/example_complex.py
[2025-01-18T06:56:33.087+0000] {logging_mixin.py:188} INFO - [2025-01-18T06:56:33.087+0000] {dag.py:3089} INFO - Sync 1 DAGs
[2025-01-18T06:56:33.094+0000] {logging_mixin.py:188} INFO - [2025-01-18T06:56:33.094+0000] {dag.py:3947} INFO - Setting next_dagrun for example_complex to None, run_after=None
[2025-01-18T06:56:33.107+0000] {processor.py:183} INFO - Processing /home/airflow/.local/lib/python3.12/site-packages/airflow/example_dags/example_complex.py took 0.049 seconds
[2025-01-18T06:57:03.377+0000] {processor.py:161} INFO - Started process (PID=8432) to work on /home/airflow/.local/lib/python3.12/site-packages/airflow/example_dags/example_complex.py
[2025-01-18T06:57:03.378+0000] {processor.py:830} INFO - Processing file /home/airflow/.local/lib/python3.12/site-packages/airflow/example_dags/example_complex.py for tasks to queue
[2025-01-18T06:57:03.379+0000] {logging_mixin.py:188} INFO - [2025-01-18T06:57:03.379+0000] {dagbag.py:545} INFO - Filling up the DagBag from /home/airflow/.local/lib/python3.12/site-packages/airflow/example_dags/example_complex.py
[2025-01-18T06:57:03.385+0000] {processor.py:840} INFO - DAG(s) 'example_complex' retrieved from /home/airflow/.local/lib/python3.12/site-packages/airflow/example_dags/example_complex.py
[2025-01-18T06:57:03.402+0000] {logging_mixin.py:188} INFO - [2025-01-18T06:57:03.402+0000] {dag.py:3089} INFO - Sync 1 DAGs
[2025-01-18T06:57:03.410+0000] {logging_mixin.py:188} INFO - [2025-01-18T06:57:03.410+0000] {dag.py:3947} INFO - Setting next_dagrun for example_complex to None, run_after=None
[2025-01-18T06:57:03.423+0000] {processor.py:183} INFO - Processing /home/airflow/.local/lib/python3.12/site-packages/airflow/example_dags/example_complex.py took 0.048 seconds
[2025-01-18T06:57:33.642+0000] {processor.py:161} INFO - Started process (PID=8709) to work on /home/airflow/.local/lib/python3.12/site-packages/airflow/example_dags/example_complex.py
[2025-01-18T06:57:33.644+0000] {processor.py:830} INFO - Processing file /home/airflow/.local/lib/python3.12/site-packages/airflow/example_dags/example_complex.py for tasks to queue
[2025-01-18T06:57:33.646+0000] {logging_mixin.py:188} INFO - [2025-01-18T06:57:33.645+0000] {dagbag.py:545} INFO - Filling up the DagBag from /home/airflow/.local/lib/python3.12/site-packages/airflow/example_dags/example_complex.py
[2025-01-18T06:57:33.653+0000] {processor.py:840} INFO - DAG(s) 'example_complex' retrieved from /home/airflow/.local/lib/python3.12/site-packages/airflow/example_dags/example_complex.py
[2025-01-18T06:57:33.672+0000] {logging_mixin.py:188} INFO - [2025-01-18T06:57:33.672+0000] {dag.py:3089} INFO - Sync 1 DAGs
[2025-01-18T06:57:33.680+0000] {logging_mixin.py:188} INFO - [2025-01-18T06:57:33.680+0000] {dag.py:3947} INFO - Setting next_dagrun for example_complex to None, run_after=None
[2025-01-18T06:57:33.692+0000] {processor.py:183} INFO - Processing /home/airflow/.local/lib/python3.12/site-packages/airflow/example_dags/example_complex.py took 0.054 seconds
[2025-01-18T06:58:03.909+0000] {processor.py:161} INFO - Started process (PID=8986) to work on /home/airflow/.local/lib/python3.12/site-packages/airflow/example_dags/example_complex.py
[2025-01-18T06:58:03.910+0000] {processor.py:830} INFO - Processing file /home/airflow/.local/lib/python3.12/site-packages/airflow/example_dags/example_complex.py for tasks to queue
[2025-01-18T06:58:03.911+0000] {logging_mixin.py:188} INFO - [2025-01-18T06:58:03.911+0000] {dagbag.py:545} INFO - Filling up the DagBag from /home/airflow/.local/lib/python3.12/site-packages/airflow/example_dags/example_complex.py
[2025-01-18T06:58:03.917+0000] {processor.py:840} INFO - DAG(s) 'example_complex' retrieved from /home/airflow/.local/lib/python3.12/site-packages/airflow/example_dags/example_complex.py
[2025-01-18T06:58:03.934+0000] {logging_mixin.py:188} INFO - [2025-01-18T06:58:03.934+0000] {dag.py:3089} INFO - Sync 1 DAGs
[2025-01-18T06:58:03.940+0000] {logging_mixin.py:188} INFO - [2025-01-18T06:58:03.940+0000] {dag.py:3947} INFO - Setting next_dagrun for example_complex to None, run_after=None
[2025-01-18T06:58:03.964+0000] {processor.py:183} INFO - Processing /home/airflow/.local/lib/python3.12/site-packages/airflow/example_dags/example_complex.py took 0.059 seconds
[2025-01-18T06:58:34.068+0000] {processor.py:161} INFO - Started process (PID=9261) to work on /home/airflow/.local/lib/python3.12/site-packages/airflow/example_dags/example_complex.py
[2025-01-18T06:58:34.069+0000] {processor.py:830} INFO - Processing file /home/airflow/.local/lib/python3.12/site-packages/airflow/example_dags/example_complex.py for tasks to queue
[2025-01-18T06:58:34.070+0000] {logging_mixin.py:188} INFO - [2025-01-18T06:58:34.070+0000] {dagbag.py:545} INFO - Filling up the DagBag from /home/airflow/.local/lib/python3.12/site-packages/airflow/example_dags/example_complex.py
[2025-01-18T06:58:34.076+0000] {processor.py:840} INFO - DAG(s) 'example_complex' retrieved from /home/airflow/.local/lib/python3.12/site-packages/airflow/example_dags/example_complex.py
[2025-01-18T06:58:34.096+0000] {logging_mixin.py:188} INFO - [2025-01-18T06:58:34.096+0000] {dag.py:3089} INFO - Sync 1 DAGs
[2025-01-18T06:58:34.104+0000] {logging_mixin.py:188} INFO - [2025-01-18T06:58:34.104+0000] {dag.py:3947} INFO - Setting next_dagrun for example_complex to None, run_after=None
[2025-01-18T06:58:34.116+0000] {processor.py:183} INFO - Processing /home/airflow/.local/lib/python3.12/site-packages/airflow/example_dags/example_complex.py took 0.052 seconds
[2025-01-18T06:59:04.385+0000] {processor.py:161} INFO - Started process (PID=9538) to work on /home/airflow/.local/lib/python3.12/site-packages/airflow/example_dags/example_complex.py
[2025-01-18T06:59:04.386+0000] {processor.py:830} INFO - Processing file /home/airflow/.local/lib/python3.12/site-packages/airflow/example_dags/example_complex.py for tasks to queue
[2025-01-18T06:59:04.388+0000] {logging_mixin.py:188} INFO - [2025-01-18T06:59:04.388+0000] {dagbag.py:545} INFO - Filling up the DagBag from /home/airflow/.local/lib/python3.12/site-packages/airflow/example_dags/example_complex.py
[2025-01-18T06:59:04.395+0000] {processor.py:840} INFO - DAG(s) 'example_complex' retrieved from /home/airflow/.local/lib/python3.12/site-packages/airflow/example_dags/example_complex.py
[2025-01-18T06:59:04.418+0000] {logging_mixin.py:188} INFO - [2025-01-18T06:59:04.418+0000] {dag.py:3089} INFO - Sync 1 DAGs
[2025-01-18T06:59:04.426+0000] {logging_mixin.py:188} INFO - [2025-01-18T06:59:04.426+0000] {dag.py:3947} INFO - Setting next_dagrun for example_complex to None, run_after=None
[2025-01-18T06:59:04.439+0000] {processor.py:183} INFO - Processing /home/airflow/.local/lib/python3.12/site-packages/airflow/example_dags/example_complex.py took 0.060 seconds
[2025-01-18T06:59:48.493+0000] {processor.py:161} INFO - Started process (PID=9822) to work on /home/airflow/.local/lib/python3.12/site-packages/airflow/example_dags/example_complex.py
[2025-01-18T06:59:48.494+0000] {processor.py:830} INFO - Processing file /home/airflow/.local/lib/python3.12/site-packages/airflow/example_dags/example_complex.py for tasks to queue
[2025-01-18T06:59:48.495+0000] {logging_mixin.py:188} INFO - [2025-01-18T06:59:48.495+0000] {dagbag.py:545} INFO - Filling up the DagBag from /home/airflow/.local/lib/python3.12/site-packages/airflow/example_dags/example_complex.py
[2025-01-18T06:59:48.502+0000] {processor.py:840} INFO - DAG(s) 'example_complex' retrieved from /home/airflow/.local/lib/python3.12/site-packages/airflow/example_dags/example_complex.py
[2025-01-18T06:59:48.527+0000] {logging_mixin.py:188} INFO - [2025-01-18T06:59:48.526+0000] {dag.py:3089} INFO - Sync 1 DAGs
[2025-01-18T06:59:48.535+0000] {logging_mixin.py:188} INFO - [2025-01-18T06:59:48.535+0000] {dag.py:3947} INFO - Setting next_dagrun for example_complex to None, run_after=None
[2025-01-18T06:59:48.550+0000] {processor.py:183} INFO - Processing /home/airflow/.local/lib/python3.12/site-packages/airflow/example_dags/example_complex.py took 0.063 seconds
[2025-01-18T07:00:19.558+0000] {processor.py:161} INFO - Started process (PID=10099) to work on /home/airflow/.local/lib/python3.12/site-packages/airflow/example_dags/example_complex.py
[2025-01-18T07:00:19.559+0000] {processor.py:830} INFO - Processing file /home/airflow/.local/lib/python3.12/site-packages/airflow/example_dags/example_complex.py for tasks to queue
[2025-01-18T07:00:19.560+0000] {logging_mixin.py:188} INFO - [2025-01-18T07:00:19.560+0000] {dagbag.py:545} INFO - Filling up the DagBag from /home/airflow/.local/lib/python3.12/site-packages/airflow/example_dags/example_complex.py
[2025-01-18T07:00:19.566+0000] {processor.py:840} INFO - DAG(s) 'example_complex' retrieved from /home/airflow/.local/lib/python3.12/site-packages/airflow/example_dags/example_complex.py
[2025-01-18T07:00:19.587+0000] {logging_mixin.py:188} INFO - [2025-01-18T07:00:19.587+0000] {dag.py:3089} INFO - Sync 1 DAGs
[2025-01-18T07:00:19.595+0000] {logging_mixin.py:188} INFO - [2025-01-18T07:00:19.595+0000] {dag.py:3947} INFO - Setting next_dagrun for example_complex to None, run_after=None
[2025-01-18T07:00:19.609+0000] {processor.py:183} INFO - Processing /home/airflow/.local/lib/python3.12/site-packages/airflow/example_dags/example_complex.py took 0.055 seconds
[2025-01-18T07:00:50.146+0000] {processor.py:161} INFO - Started process (PID=10376) to work on /home/airflow/.local/lib/python3.12/site-packages/airflow/example_dags/example_complex.py
[2025-01-18T07:00:50.147+0000] {processor.py:830} INFO - Processing file /home/airflow/.local/lib/python3.12/site-packages/airflow/example_dags/example_complex.py for tasks to queue
[2025-01-18T07:00:50.149+0000] {logging_mixin.py:188} INFO - [2025-01-18T07:00:50.148+0000] {dagbag.py:545} INFO - Filling up the DagBag from /home/airflow/.local/lib/python3.12/site-packages/airflow/example_dags/example_complex.py
[2025-01-18T07:00:50.155+0000] {processor.py:840} INFO - DAG(s) 'example_complex' retrieved from /home/airflow/.local/lib/python3.12/site-packages/airflow/example_dags/example_complex.py
[2025-01-18T07:00:50.176+0000] {logging_mixin.py:188} INFO - [2025-01-18T07:00:50.176+0000] {dag.py:3089} INFO - Sync 1 DAGs
[2025-01-18T07:00:50.183+0000] {logging_mixin.py:188} INFO - [2025-01-18T07:00:50.183+0000] {dag.py:3947} INFO - Setting next_dagrun for example_complex to None, run_after=None
[2025-01-18T07:00:50.195+0000] {processor.py:183} INFO - Processing /home/airflow/.local/lib/python3.12/site-packages/airflow/example_dags/example_complex.py took 0.054 seconds
[2025-01-18T07:01:20.263+0000] {processor.py:161} INFO - Started process (PID=10653) to work on /home/airflow/.local/lib/python3.12/site-packages/airflow/example_dags/example_complex.py
[2025-01-18T07:01:20.265+0000] {processor.py:830} INFO - Processing file /home/airflow/.local/lib/python3.12/site-packages/airflow/example_dags/example_complex.py for tasks to queue
[2025-01-18T07:01:20.268+0000] {logging_mixin.py:188} INFO - [2025-01-18T07:01:20.268+0000] {dagbag.py:545} INFO - Filling up the DagBag from /home/airflow/.local/lib/python3.12/site-packages/airflow/example_dags/example_complex.py
[2025-01-18T07:01:20.277+0000] {processor.py:840} INFO - DAG(s) 'example_complex' retrieved from /home/airflow/.local/lib/python3.12/site-packages/airflow/example_dags/example_complex.py
[2025-01-18T07:01:20.299+0000] {logging_mixin.py:188} INFO - [2025-01-18T07:01:20.299+0000] {dag.py:3089} INFO - Sync 1 DAGs
[2025-01-18T07:01:20.307+0000] {logging_mixin.py:188} INFO - [2025-01-18T07:01:20.307+0000] {dag.py:3947} INFO - Setting next_dagrun for example_complex to None, run_after=None
[2025-01-18T07:01:20.322+0000] {processor.py:183} INFO - Processing /home/airflow/.local/lib/python3.12/site-packages/airflow/example_dags/example_complex.py took 0.064 seconds
[2025-01-18T07:01:50.771+0000] {processor.py:161} INFO - Started process (PID=10930) to work on /home/airflow/.local/lib/python3.12/site-packages/airflow/example_dags/example_complex.py
[2025-01-18T07:01:50.772+0000] {processor.py:830} INFO - Processing file /home/airflow/.local/lib/python3.12/site-packages/airflow/example_dags/example_complex.py for tasks to queue
[2025-01-18T07:01:50.773+0000] {logging_mixin.py:188} INFO - [2025-01-18T07:01:50.773+0000] {dagbag.py:545} INFO - Filling up the DagBag from /home/airflow/.local/lib/python3.12/site-packages/airflow/example_dags/example_complex.py
[2025-01-18T07:01:50.779+0000] {processor.py:840} INFO - DAG(s) 'example_complex' retrieved from /home/airflow/.local/lib/python3.12/site-packages/airflow/example_dags/example_complex.py
[2025-01-18T07:01:50.798+0000] {logging_mixin.py:188} INFO - [2025-01-18T07:01:50.798+0000] {dag.py:3089} INFO - Sync 1 DAGs
[2025-01-18T07:01:50.806+0000] {logging_mixin.py:188} INFO - [2025-01-18T07:01:50.806+0000] {dag.py:3947} INFO - Setting next_dagrun for example_complex to None, run_after=None
[2025-01-18T07:01:50.819+0000] {processor.py:183} INFO - Processing /home/airflow/.local/lib/python3.12/site-packages/airflow/example_dags/example_complex.py took 0.053 seconds
[2025-01-18T07:02:20.986+0000] {processor.py:161} INFO - Started process (PID=11207) to work on /home/airflow/.local/lib/python3.12/site-packages/airflow/example_dags/example_complex.py
[2025-01-18T07:02:20.987+0000] {processor.py:830} INFO - Processing file /home/airflow/.local/lib/python3.12/site-packages/airflow/example_dags/example_complex.py for tasks to queue
[2025-01-18T07:02:20.989+0000] {logging_mixin.py:188} INFO - [2025-01-18T07:02:20.988+0000] {dagbag.py:545} INFO - Filling up the DagBag from /home/airflow/.local/lib/python3.12/site-packages/airflow/example_dags/example_complex.py
[2025-01-18T07:02:20.995+0000] {processor.py:840} INFO - DAG(s) 'example_complex' retrieved from /home/airflow/.local/lib/python3.12/site-packages/airflow/example_dags/example_complex.py
[2025-01-18T07:02:21.015+0000] {logging_mixin.py:188} INFO - [2025-01-18T07:02:21.015+0000] {dag.py:3089} INFO - Sync 1 DAGs
[2025-01-18T07:02:21.021+0000] {logging_mixin.py:188} INFO - [2025-01-18T07:02:21.021+0000] {dag.py:3947} INFO - Setting next_dagrun for example_complex to None, run_after=None
[2025-01-18T07:02:21.032+0000] {processor.py:183} INFO - Processing /home/airflow/.local/lib/python3.12/site-packages/airflow/example_dags/example_complex.py took 0.051 seconds
[2025-01-18T07:02:51.501+0000] {processor.py:161} INFO - Started process (PID=11484) to work on /home/airflow/.local/lib/python3.12/site-packages/airflow/example_dags/example_complex.py
[2025-01-18T07:02:51.502+0000] {processor.py:830} INFO - Processing file /home/airflow/.local/lib/python3.12/site-packages/airflow/example_dags/example_complex.py for tasks to queue
[2025-01-18T07:02:51.503+0000] {logging_mixin.py:188} INFO - [2025-01-18T07:02:51.503+0000] {dagbag.py:545} INFO - Filling up the DagBag from /home/airflow/.local/lib/python3.12/site-packages/airflow/example_dags/example_complex.py
[2025-01-18T07:02:51.509+0000] {processor.py:840} INFO - DAG(s) 'example_complex' retrieved from /home/airflow/.local/lib/python3.12/site-packages/airflow/example_dags/example_complex.py
[2025-01-18T07:02:51.528+0000] {logging_mixin.py:188} INFO - [2025-01-18T07:02:51.528+0000] {dag.py:3089} INFO - Sync 1 DAGs
[2025-01-18T07:02:51.535+0000] {logging_mixin.py:188} INFO - [2025-01-18T07:02:51.535+0000] {dag.py:3947} INFO - Setting next_dagrun for example_complex to None, run_after=None
[2025-01-18T07:02:51.546+0000] {processor.py:183} INFO - Processing /home/airflow/.local/lib/python3.12/site-packages/airflow/example_dags/example_complex.py took 0.050 seconds
[2025-01-18T07:03:22.465+0000] {processor.py:161} INFO - Started process (PID=11760) to work on /home/airflow/.local/lib/python3.12/site-packages/airflow/example_dags/example_complex.py
[2025-01-18T07:03:22.466+0000] {processor.py:830} INFO - Processing file /home/airflow/.local/lib/python3.12/site-packages/airflow/example_dags/example_complex.py for tasks to queue
[2025-01-18T07:03:22.467+0000] {logging_mixin.py:188} INFO - [2025-01-18T07:03:22.467+0000] {dagbag.py:545} INFO - Filling up the DagBag from /home/airflow/.local/lib/python3.12/site-packages/airflow/example_dags/example_complex.py
[2025-01-18T07:03:22.473+0000] {processor.py:840} INFO - DAG(s) 'example_complex' retrieved from /home/airflow/.local/lib/python3.12/site-packages/airflow/example_dags/example_complex.py
[2025-01-18T07:03:22.491+0000] {logging_mixin.py:188} INFO - [2025-01-18T07:03:22.491+0000] {dag.py:3089} INFO - Sync 1 DAGs
[2025-01-18T07:03:22.498+0000] {logging_mixin.py:188} INFO - [2025-01-18T07:03:22.498+0000] {dag.py:3947} INFO - Setting next_dagrun for example_complex to None, run_after=None
[2025-01-18T07:03:22.510+0000] {processor.py:183} INFO - Processing /home/airflow/.local/lib/python3.12/site-packages/airflow/example_dags/example_complex.py took 0.049 seconds
[2025-01-18T07:03:52.668+0000] {processor.py:161} INFO - Started process (PID=12040) to work on /home/airflow/.local/lib/python3.12/site-packages/airflow/example_dags/example_complex.py
[2025-01-18T07:03:52.668+0000] {processor.py:830} INFO - Processing file /home/airflow/.local/lib/python3.12/site-packages/airflow/example_dags/example_complex.py for tasks to queue
[2025-01-18T07:03:52.670+0000] {logging_mixin.py:188} INFO - [2025-01-18T07:03:52.669+0000] {dagbag.py:545} INFO - Filling up the DagBag from /home/airflow/.local/lib/python3.12/site-packages/airflow/example_dags/example_complex.py
[2025-01-18T07:03:52.675+0000] {processor.py:840} INFO - DAG(s) 'example_complex' retrieved from /home/airflow/.local/lib/python3.12/site-packages/airflow/example_dags/example_complex.py
[2025-01-18T07:03:52.693+0000] {logging_mixin.py:188} INFO - [2025-01-18T07:03:52.693+0000] {dag.py:3089} INFO - Sync 1 DAGs
[2025-01-18T07:03:52.700+0000] {logging_mixin.py:188} INFO - [2025-01-18T07:03:52.700+0000] {dag.py:3947} INFO - Setting next_dagrun for example_complex to None, run_after=None
[2025-01-18T07:03:52.711+0000] {processor.py:183} INFO - Processing /home/airflow/.local/lib/python3.12/site-packages/airflow/example_dags/example_complex.py took 0.047 seconds
[2025-01-18T07:04:23.178+0000] {processor.py:161} INFO - Started process (PID=12315) to work on /home/airflow/.local/lib/python3.12/site-packages/airflow/example_dags/example_complex.py
[2025-01-18T07:04:23.179+0000] {processor.py:830} INFO - Processing file /home/airflow/.local/lib/python3.12/site-packages/airflow/example_dags/example_complex.py for tasks to queue
[2025-01-18T07:04:23.181+0000] {logging_mixin.py:188} INFO - [2025-01-18T07:04:23.180+0000] {dagbag.py:545} INFO - Filling up the DagBag from /home/airflow/.local/lib/python3.12/site-packages/airflow/example_dags/example_complex.py
[2025-01-18T07:04:23.186+0000] {processor.py:840} INFO - DAG(s) 'example_complex' retrieved from /home/airflow/.local/lib/python3.12/site-packages/airflow/example_dags/example_complex.py
[2025-01-18T07:04:23.205+0000] {logging_mixin.py:188} INFO - [2025-01-18T07:04:23.205+0000] {dag.py:3089} INFO - Sync 1 DAGs
[2025-01-18T07:04:23.213+0000] {logging_mixin.py:188} INFO - [2025-01-18T07:04:23.212+0000] {dag.py:3947} INFO - Setting next_dagrun for example_complex to None, run_after=None
[2025-01-18T07:04:23.224+0000] {processor.py:183} INFO - Processing /home/airflow/.local/lib/python3.12/site-packages/airflow/example_dags/example_complex.py took 0.051 seconds
[2025-01-18T07:04:53.670+0000] {processor.py:161} INFO - Started process (PID=12594) to work on /home/airflow/.local/lib/python3.12/site-packages/airflow/example_dags/example_complex.py
[2025-01-18T07:04:53.671+0000] {processor.py:830} INFO - Processing file /home/airflow/.local/lib/python3.12/site-packages/airflow/example_dags/example_complex.py for tasks to queue
[2025-01-18T07:04:53.672+0000] {logging_mixin.py:188} INFO - [2025-01-18T07:04:53.672+0000] {dagbag.py:545} INFO - Filling up the DagBag from /home/airflow/.local/lib/python3.12/site-packages/airflow/example_dags/example_complex.py
[2025-01-18T07:04:53.678+0000] {processor.py:840} INFO - DAG(s) 'example_complex' retrieved from /home/airflow/.local/lib/python3.12/site-packages/airflow/example_dags/example_complex.py
[2025-01-18T07:04:53.695+0000] {logging_mixin.py:188} INFO - [2025-01-18T07:04:53.695+0000] {dag.py:3089} INFO - Sync 1 DAGs
[2025-01-18T07:04:53.703+0000] {logging_mixin.py:188} INFO - [2025-01-18T07:04:53.703+0000] {dag.py:3947} INFO - Setting next_dagrun for example_complex to None, run_after=None
[2025-01-18T07:04:53.713+0000] {processor.py:183} INFO - Processing /home/airflow/.local/lib/python3.12/site-packages/airflow/example_dags/example_complex.py took 0.048 seconds
[2025-01-18T07:05:24.801+0000] {processor.py:161} INFO - Started process (PID=12869) to work on /home/airflow/.local/lib/python3.12/site-packages/airflow/example_dags/example_complex.py
[2025-01-18T07:05:24.801+0000] {processor.py:830} INFO - Processing file /home/airflow/.local/lib/python3.12/site-packages/airflow/example_dags/example_complex.py for tasks to queue
[2025-01-18T07:05:24.803+0000] {logging_mixin.py:188} INFO - [2025-01-18T07:05:24.803+0000] {dagbag.py:545} INFO - Filling up the DagBag from /home/airflow/.local/lib/python3.12/site-packages/airflow/example_dags/example_complex.py
[2025-01-18T07:05:24.809+0000] {processor.py:840} INFO - DAG(s) 'example_complex' retrieved from /home/airflow/.local/lib/python3.12/site-packages/airflow/example_dags/example_complex.py
[2025-01-18T07:05:24.826+0000] {logging_mixin.py:188} INFO - [2025-01-18T07:05:24.826+0000] {dag.py:3089} INFO - Sync 1 DAGs
[2025-01-18T07:05:24.834+0000] {logging_mixin.py:188} INFO - [2025-01-18T07:05:24.833+0000] {dag.py:3947} INFO - Setting next_dagrun for example_complex to None, run_after=None
[2025-01-18T07:05:24.964+0000] {processor.py:183} INFO - Processing /home/airflow/.local/lib/python3.12/site-packages/airflow/example_dags/example_complex.py took 0.167 seconds
[2025-01-18T07:05:55.022+0000] {processor.py:161} INFO - Started process (PID=13148) to work on /home/airflow/.local/lib/python3.12/site-packages/airflow/example_dags/example_complex.py
[2025-01-18T07:05:55.023+0000] {processor.py:830} INFO - Processing file /home/airflow/.local/lib/python3.12/site-packages/airflow/example_dags/example_complex.py for tasks to queue
[2025-01-18T07:05:55.024+0000] {logging_mixin.py:188} INFO - [2025-01-18T07:05:55.024+0000] {dagbag.py:545} INFO - Filling up the DagBag from /home/airflow/.local/lib/python3.12/site-packages/airflow/example_dags/example_complex.py
[2025-01-18T07:05:55.029+0000] {processor.py:840} INFO - DAG(s) 'example_complex' retrieved from /home/airflow/.local/lib/python3.12/site-packages/airflow/example_dags/example_complex.py
[2025-01-18T07:05:55.047+0000] {logging_mixin.py:188} INFO - [2025-01-18T07:05:55.047+0000] {dag.py:3089} INFO - Sync 1 DAGs
[2025-01-18T07:05:55.053+0000] {logging_mixin.py:188} INFO - [2025-01-18T07:05:55.053+0000] {dag.py:3947} INFO - Setting next_dagrun for example_complex to None, run_after=None
[2025-01-18T07:05:55.063+0000] {processor.py:183} INFO - Processing /home/airflow/.local/lib/python3.12/site-packages/airflow/example_dags/example_complex.py took 0.046 seconds
[2025-01-18T07:06:25.199+0000] {processor.py:161} INFO - Started process (PID=13417) to work on /home/airflow/.local/lib/python3.12/site-packages/airflow/example_dags/example_complex.py
[2025-01-18T07:06:25.200+0000] {processor.py:830} INFO - Processing file /home/airflow/.local/lib/python3.12/site-packages/airflow/example_dags/example_complex.py for tasks to queue
[2025-01-18T07:06:25.201+0000] {logging_mixin.py:188} INFO - [2025-01-18T07:06:25.201+0000] {dagbag.py:545} INFO - Filling up the DagBag from /home/airflow/.local/lib/python3.12/site-packages/airflow/example_dags/example_complex.py
[2025-01-18T07:06:25.208+0000] {processor.py:840} INFO - DAG(s) 'example_complex' retrieved from /home/airflow/.local/lib/python3.12/site-packages/airflow/example_dags/example_complex.py
[2025-01-18T07:06:25.225+0000] {logging_mixin.py:188} INFO - [2025-01-18T07:06:25.225+0000] {dag.py:3089} INFO - Sync 1 DAGs
[2025-01-18T07:06:25.233+0000] {logging_mixin.py:188} INFO - [2025-01-18T07:06:25.233+0000] {dag.py:3947} INFO - Setting next_dagrun for example_complex to None, run_after=None
[2025-01-18T07:06:25.244+0000] {processor.py:183} INFO - Processing /home/airflow/.local/lib/python3.12/site-packages/airflow/example_dags/example_complex.py took 0.049 seconds
[2025-01-18T07:06:56.347+0000] {processor.py:161} INFO - Started process (PID=13696) to work on /home/airflow/.local/lib/python3.12/site-packages/airflow/example_dags/example_complex.py
[2025-01-18T07:06:56.348+0000] {processor.py:830} INFO - Processing file /home/airflow/.local/lib/python3.12/site-packages/airflow/example_dags/example_complex.py for tasks to queue
[2025-01-18T07:06:56.349+0000] {logging_mixin.py:188} INFO - [2025-01-18T07:06:56.349+0000] {dagbag.py:545} INFO - Filling up the DagBag from /home/airflow/.local/lib/python3.12/site-packages/airflow/example_dags/example_complex.py
[2025-01-18T07:06:56.355+0000] {processor.py:840} INFO - DAG(s) 'example_complex' retrieved from /home/airflow/.local/lib/python3.12/site-packages/airflow/example_dags/example_complex.py
[2025-01-18T07:06:56.373+0000] {logging_mixin.py:188} INFO - [2025-01-18T07:06:56.373+0000] {dag.py:3089} INFO - Sync 1 DAGs
[2025-01-18T07:06:56.379+0000] {logging_mixin.py:188} INFO - [2025-01-18T07:06:56.379+0000] {dag.py:3947} INFO - Setting next_dagrun for example_complex to None, run_after=None
[2025-01-18T07:06:56.389+0000] {processor.py:183} INFO - Processing /home/airflow/.local/lib/python3.12/site-packages/airflow/example_dags/example_complex.py took 0.045 seconds
[2025-01-18T07:07:27.236+0000] {processor.py:161} INFO - Started process (PID=13971) to work on /home/airflow/.local/lib/python3.12/site-packages/airflow/example_dags/example_complex.py
[2025-01-18T07:07:27.237+0000] {processor.py:830} INFO - Processing file /home/airflow/.local/lib/python3.12/site-packages/airflow/example_dags/example_complex.py for tasks to queue
[2025-01-18T07:07:27.238+0000] {logging_mixin.py:188} INFO - [2025-01-18T07:07:27.238+0000] {dagbag.py:545} INFO - Filling up the DagBag from /home/airflow/.local/lib/python3.12/site-packages/airflow/example_dags/example_complex.py
[2025-01-18T07:07:27.244+0000] {processor.py:840} INFO - DAG(s) 'example_complex' retrieved from /home/airflow/.local/lib/python3.12/site-packages/airflow/example_dags/example_complex.py
[2025-01-18T07:07:27.264+0000] {logging_mixin.py:188} INFO - [2025-01-18T07:07:27.264+0000] {dag.py:3089} INFO - Sync 1 DAGs
[2025-01-18T07:07:27.383+0000] {logging_mixin.py:188} INFO - [2025-01-18T07:07:27.383+0000] {dag.py:3947} INFO - Setting next_dagrun for example_complex to None, run_after=None
[2025-01-18T07:07:27.395+0000] {processor.py:183} INFO - Processing /home/airflow/.local/lib/python3.12/site-packages/airflow/example_dags/example_complex.py took 0.163 seconds
[2025-01-18T07:07:58.343+0000] {processor.py:161} INFO - Started process (PID=14250) to work on /home/airflow/.local/lib/python3.12/site-packages/airflow/example_dags/example_complex.py
[2025-01-18T07:07:58.344+0000] {processor.py:830} INFO - Processing file /home/airflow/.local/lib/python3.12/site-packages/airflow/example_dags/example_complex.py for tasks to queue
[2025-01-18T07:07:58.345+0000] {logging_mixin.py:188} INFO - [2025-01-18T07:07:58.345+0000] {dagbag.py:545} INFO - Filling up the DagBag from /home/airflow/.local/lib/python3.12/site-packages/airflow/example_dags/example_complex.py
[2025-01-18T07:07:58.352+0000] {processor.py:840} INFO - DAG(s) 'example_complex' retrieved from /home/airflow/.local/lib/python3.12/site-packages/airflow/example_dags/example_complex.py
[2025-01-18T07:07:58.373+0000] {logging_mixin.py:188} INFO - [2025-01-18T07:07:58.373+0000] {dag.py:3089} INFO - Sync 1 DAGs
[2025-01-18T07:07:58.379+0000] {logging_mixin.py:188} INFO - [2025-01-18T07:07:58.379+0000] {dag.py:3947} INFO - Setting next_dagrun for example_complex to None, run_after=None
[2025-01-18T07:07:58.390+0000] {processor.py:183} INFO - Processing /home/airflow/.local/lib/python3.12/site-packages/airflow/example_dags/example_complex.py took 0.051 seconds
[2025-01-18T07:08:28.488+0000] {processor.py:161} INFO - Started process (PID=14528) to work on /home/airflow/.local/lib/python3.12/site-packages/airflow/example_dags/example_complex.py
[2025-01-18T07:08:28.489+0000] {processor.py:830} INFO - Processing file /home/airflow/.local/lib/python3.12/site-packages/airflow/example_dags/example_complex.py for tasks to queue
[2025-01-18T07:08:28.491+0000] {logging_mixin.py:188} INFO - [2025-01-18T07:08:28.491+0000] {dagbag.py:545} INFO - Filling up the DagBag from /home/airflow/.local/lib/python3.12/site-packages/airflow/example_dags/example_complex.py
[2025-01-18T07:08:28.497+0000] {processor.py:840} INFO - DAG(s) 'example_complex' retrieved from /home/airflow/.local/lib/python3.12/site-packages/airflow/example_dags/example_complex.py
[2025-01-18T07:08:28.517+0000] {logging_mixin.py:188} INFO - [2025-01-18T07:08:28.517+0000] {dag.py:3089} INFO - Sync 1 DAGs
[2025-01-18T07:08:28.526+0000] {logging_mixin.py:188} INFO - [2025-01-18T07:08:28.525+0000] {dag.py:3947} INFO - Setting next_dagrun for example_complex to None, run_after=None
[2025-01-18T07:08:28.538+0000] {processor.py:183} INFO - Processing /home/airflow/.local/lib/python3.12/site-packages/airflow/example_dags/example_complex.py took 0.056 seconds
[2025-01-18T07:08:58.648+0000] {processor.py:161} INFO - Started process (PID=14805) to work on /home/airflow/.local/lib/python3.12/site-packages/airflow/example_dags/example_complex.py
[2025-01-18T07:08:58.649+0000] {processor.py:830} INFO - Processing file /home/airflow/.local/lib/python3.12/site-packages/airflow/example_dags/example_complex.py for tasks to queue
[2025-01-18T07:08:58.651+0000] {logging_mixin.py:188} INFO - [2025-01-18T07:08:58.651+0000] {dagbag.py:545} INFO - Filling up the DagBag from /home/airflow/.local/lib/python3.12/site-packages/airflow/example_dags/example_complex.py
[2025-01-18T07:08:58.658+0000] {processor.py:840} INFO - DAG(s) 'example_complex' retrieved from /home/airflow/.local/lib/python3.12/site-packages/airflow/example_dags/example_complex.py
[2025-01-18T07:08:58.680+0000] {logging_mixin.py:188} INFO - [2025-01-18T07:08:58.680+0000] {dag.py:3089} INFO - Sync 1 DAGs
[2025-01-18T07:08:58.689+0000] {logging_mixin.py:188} INFO - [2025-01-18T07:08:58.689+0000] {dag.py:3947} INFO - Setting next_dagrun for example_complex to None, run_after=None
[2025-01-18T07:08:58.701+0000] {processor.py:183} INFO - Processing /home/airflow/.local/lib/python3.12/site-packages/airflow/example_dags/example_complex.py took 0.061 seconds
[2025-01-18T07:09:29.279+0000] {processor.py:161} INFO - Started process (PID=15082) to work on /home/airflow/.local/lib/python3.12/site-packages/airflow/example_dags/example_complex.py
[2025-01-18T07:09:29.280+0000] {processor.py:830} INFO - Processing file /home/airflow/.local/lib/python3.12/site-packages/airflow/example_dags/example_complex.py for tasks to queue
[2025-01-18T07:09:29.282+0000] {logging_mixin.py:188} INFO - [2025-01-18T07:09:29.282+0000] {dagbag.py:545} INFO - Filling up the DagBag from /home/airflow/.local/lib/python3.12/site-packages/airflow/example_dags/example_complex.py
[2025-01-18T07:09:29.289+0000] {processor.py:840} INFO - DAG(s) 'example_complex' retrieved from /home/airflow/.local/lib/python3.12/site-packages/airflow/example_dags/example_complex.py
[2025-01-18T07:09:29.308+0000] {logging_mixin.py:188} INFO - [2025-01-18T07:09:29.308+0000] {dag.py:3089} INFO - Sync 1 DAGs
[2025-01-18T07:09:29.315+0000] {logging_mixin.py:188} INFO - [2025-01-18T07:09:29.315+0000] {dag.py:3947} INFO - Setting next_dagrun for example_complex to None, run_after=None
[2025-01-18T07:09:29.330+0000] {processor.py:183} INFO - Processing /home/airflow/.local/lib/python3.12/site-packages/airflow/example_dags/example_complex.py took 0.056 seconds
[2025-01-18T07:10:00.175+0000] {processor.py:161} INFO - Started process (PID=15365) to work on /home/airflow/.local/lib/python3.12/site-packages/airflow/example_dags/example_complex.py
[2025-01-18T07:10:00.176+0000] {processor.py:830} INFO - Processing file /home/airflow/.local/lib/python3.12/site-packages/airflow/example_dags/example_complex.py for tasks to queue
[2025-01-18T07:10:00.179+0000] {logging_mixin.py:188} INFO - [2025-01-18T07:10:00.178+0000] {dagbag.py:545} INFO - Filling up the DagBag from /home/airflow/.local/lib/python3.12/site-packages/airflow/example_dags/example_complex.py
[2025-01-18T07:10:00.188+0000] {processor.py:840} INFO - DAG(s) 'example_complex' retrieved from /home/airflow/.local/lib/python3.12/site-packages/airflow/example_dags/example_complex.py
[2025-01-18T07:10:00.209+0000] {logging_mixin.py:188} INFO - [2025-01-18T07:10:00.209+0000] {dag.py:3089} INFO - Sync 1 DAGs
[2025-01-18T07:10:00.216+0000] {logging_mixin.py:188} INFO - [2025-01-18T07:10:00.216+0000] {dag.py:3947} INFO - Setting next_dagrun for example_complex to None, run_after=None
[2025-01-18T07:10:00.228+0000] {processor.py:183} INFO - Processing /home/airflow/.local/lib/python3.12/site-packages/airflow/example_dags/example_complex.py took 0.060 seconds
[2025-01-18T07:10:30.632+0000] {processor.py:161} INFO - Started process (PID=15647) to work on /home/airflow/.local/lib/python3.12/site-packages/airflow/example_dags/example_complex.py
[2025-01-18T07:10:30.635+0000] {processor.py:830} INFO - Processing file /home/airflow/.local/lib/python3.12/site-packages/airflow/example_dags/example_complex.py for tasks to queue
[2025-01-18T07:10:30.636+0000] {logging_mixin.py:188} INFO - [2025-01-18T07:10:30.636+0000] {dagbag.py:545} INFO - Filling up the DagBag from /home/airflow/.local/lib/python3.12/site-packages/airflow/example_dags/example_complex.py
[2025-01-18T07:10:30.644+0000] {processor.py:840} INFO - DAG(s) 'example_complex' retrieved from /home/airflow/.local/lib/python3.12/site-packages/airflow/example_dags/example_complex.py
[2025-01-18T07:10:30.665+0000] {logging_mixin.py:188} INFO - [2025-01-18T07:10:30.664+0000] {dag.py:3089} INFO - Sync 1 DAGs
[2025-01-18T07:10:30.671+0000] {logging_mixin.py:188} INFO - [2025-01-18T07:10:30.671+0000] {dag.py:3947} INFO - Setting next_dagrun for example_complex to None, run_after=None
[2025-01-18T07:10:30.682+0000] {processor.py:183} INFO - Processing /home/airflow/.local/lib/python3.12/site-packages/airflow/example_dags/example_complex.py took 0.057 seconds
[2025-01-18T07:11:00.819+0000] {processor.py:161} INFO - Started process (PID=15929) to work on /home/airflow/.local/lib/python3.12/site-packages/airflow/example_dags/example_complex.py
[2025-01-18T07:11:00.821+0000] {processor.py:830} INFO - Processing file /home/airflow/.local/lib/python3.12/site-packages/airflow/example_dags/example_complex.py for tasks to queue
[2025-01-18T07:11:00.823+0000] {logging_mixin.py:188} INFO - [2025-01-18T07:11:00.823+0000] {dagbag.py:545} INFO - Filling up the DagBag from /home/airflow/.local/lib/python3.12/site-packages/airflow/example_dags/example_complex.py
[2025-01-18T07:11:00.830+0000] {processor.py:840} INFO - DAG(s) 'example_complex' retrieved from /home/airflow/.local/lib/python3.12/site-packages/airflow/example_dags/example_complex.py
[2025-01-18T07:11:00.855+0000] {logging_mixin.py:188} INFO - [2025-01-18T07:11:00.855+0000] {dag.py:3089} INFO - Sync 1 DAGs
[2025-01-18T07:11:00.863+0000] {logging_mixin.py:188} INFO - [2025-01-18T07:11:00.863+0000] {dag.py:3947} INFO - Setting next_dagrun for example_complex to None, run_after=None
[2025-01-18T07:11:00.876+0000] {processor.py:183} INFO - Processing /home/airflow/.local/lib/python3.12/site-packages/airflow/example_dags/example_complex.py took 0.066 seconds
[2025-01-18T07:12:33.787+0000] {processor.py:161} INFO - Started process (PID=16320) to work on /home/airflow/.local/lib/python3.12/site-packages/airflow/example_dags/example_complex.py
[2025-01-18T07:12:33.788+0000] {processor.py:830} INFO - Processing file /home/airflow/.local/lib/python3.12/site-packages/airflow/example_dags/example_complex.py for tasks to queue
[2025-01-18T07:12:33.790+0000] {logging_mixin.py:188} INFO - [2025-01-18T07:12:33.789+0000] {dagbag.py:545} INFO - Filling up the DagBag from /home/airflow/.local/lib/python3.12/site-packages/airflow/example_dags/example_complex.py
[2025-01-18T07:12:33.796+0000] {processor.py:840} INFO - DAG(s) 'example_complex' retrieved from /home/airflow/.local/lib/python3.12/site-packages/airflow/example_dags/example_complex.py
[2025-01-18T07:12:33.820+0000] {logging_mixin.py:188} INFO - [2025-01-18T07:12:33.820+0000] {dag.py:3089} INFO - Sync 1 DAGs
[2025-01-18T07:12:33.830+0000] {logging_mixin.py:188} INFO - [2025-01-18T07:12:33.830+0000] {dag.py:3947} INFO - Setting next_dagrun for example_complex to None, run_after=None
[2025-01-18T07:12:33.846+0000] {processor.py:183} INFO - Processing /home/airflow/.local/lib/python3.12/site-packages/airflow/example_dags/example_complex.py took 0.064 seconds
[2025-01-18T07:13:04.120+0000] {processor.py:161} INFO - Started process (PID=16604) to work on /home/airflow/.local/lib/python3.12/site-packages/airflow/example_dags/example_complex.py
[2025-01-18T07:13:04.121+0000] {processor.py:830} INFO - Processing file /home/airflow/.local/lib/python3.12/site-packages/airflow/example_dags/example_complex.py for tasks to queue
[2025-01-18T07:13:04.123+0000] {logging_mixin.py:188} INFO - [2025-01-18T07:13:04.123+0000] {dagbag.py:545} INFO - Filling up the DagBag from /home/airflow/.local/lib/python3.12/site-packages/airflow/example_dags/example_complex.py
[2025-01-18T07:13:04.131+0000] {processor.py:840} INFO - DAG(s) 'example_complex' retrieved from /home/airflow/.local/lib/python3.12/site-packages/airflow/example_dags/example_complex.py
[2025-01-18T07:13:04.151+0000] {logging_mixin.py:188} INFO - [2025-01-18T07:13:04.151+0000] {dag.py:3089} INFO - Sync 1 DAGs
[2025-01-18T07:13:04.159+0000] {logging_mixin.py:188} INFO - [2025-01-18T07:13:04.158+0000] {dag.py:3947} INFO - Setting next_dagrun for example_complex to None, run_after=None
[2025-01-18T07:13:04.172+0000] {processor.py:183} INFO - Processing /home/airflow/.local/lib/python3.12/site-packages/airflow/example_dags/example_complex.py took 0.056 seconds
[2025-01-18T07:13:35.055+0000] {processor.py:161} INFO - Started process (PID=16884) to work on /home/airflow/.local/lib/python3.12/site-packages/airflow/example_dags/example_complex.py
[2025-01-18T07:13:35.056+0000] {processor.py:830} INFO - Processing file /home/airflow/.local/lib/python3.12/site-packages/airflow/example_dags/example_complex.py for tasks to queue
[2025-01-18T07:13:35.058+0000] {logging_mixin.py:188} INFO - [2025-01-18T07:13:35.058+0000] {dagbag.py:545} INFO - Filling up the DagBag from /home/airflow/.local/lib/python3.12/site-packages/airflow/example_dags/example_complex.py
[2025-01-18T07:13:35.064+0000] {processor.py:840} INFO - DAG(s) 'example_complex' retrieved from /home/airflow/.local/lib/python3.12/site-packages/airflow/example_dags/example_complex.py
[2025-01-18T07:13:35.088+0000] {logging_mixin.py:188} INFO - [2025-01-18T07:13:35.088+0000] {dag.py:3089} INFO - Sync 1 DAGs
[2025-01-18T07:13:35.096+0000] {logging_mixin.py:188} INFO - [2025-01-18T07:13:35.096+0000] {dag.py:3947} INFO - Setting next_dagrun for example_complex to None, run_after=None
[2025-01-18T07:13:35.108+0000] {processor.py:183} INFO - Processing /home/airflow/.local/lib/python3.12/site-packages/airflow/example_dags/example_complex.py took 0.058 seconds
[2025-01-18T07:14:05.526+0000] {processor.py:161} INFO - Started process (PID=17168) to work on /home/airflow/.local/lib/python3.12/site-packages/airflow/example_dags/example_complex.py
[2025-01-18T07:14:05.526+0000] {processor.py:830} INFO - Processing file /home/airflow/.local/lib/python3.12/site-packages/airflow/example_dags/example_complex.py for tasks to queue
[2025-01-18T07:14:05.528+0000] {logging_mixin.py:188} INFO - [2025-01-18T07:14:05.528+0000] {dagbag.py:545} INFO - Filling up the DagBag from /home/airflow/.local/lib/python3.12/site-packages/airflow/example_dags/example_complex.py
[2025-01-18T07:14:05.533+0000] {processor.py:840} INFO - DAG(s) 'example_complex' retrieved from /home/airflow/.local/lib/python3.12/site-packages/airflow/example_dags/example_complex.py
[2025-01-18T07:14:05.552+0000] {logging_mixin.py:188} INFO - [2025-01-18T07:14:05.552+0000] {dag.py:3089} INFO - Sync 1 DAGs
[2025-01-18T07:14:05.560+0000] {logging_mixin.py:188} INFO - [2025-01-18T07:14:05.560+0000] {dag.py:3947} INFO - Setting next_dagrun for example_complex to None, run_after=None
[2025-01-18T07:14:05.579+0000] {processor.py:183} INFO - Processing /home/airflow/.local/lib/python3.12/site-packages/airflow/example_dags/example_complex.py took 0.057 seconds
[2025-01-18T07:14:36.495+0000] {processor.py:161} INFO - Started process (PID=17451) to work on /home/airflow/.local/lib/python3.12/site-packages/airflow/example_dags/example_complex.py
[2025-01-18T07:14:36.496+0000] {processor.py:830} INFO - Processing file /home/airflow/.local/lib/python3.12/site-packages/airflow/example_dags/example_complex.py for tasks to queue
[2025-01-18T07:14:36.498+0000] {logging_mixin.py:188} INFO - [2025-01-18T07:14:36.498+0000] {dagbag.py:545} INFO - Filling up the DagBag from /home/airflow/.local/lib/python3.12/site-packages/airflow/example_dags/example_complex.py
[2025-01-18T07:14:36.503+0000] {processor.py:840} INFO - DAG(s) 'example_complex' retrieved from /home/airflow/.local/lib/python3.12/site-packages/airflow/example_dags/example_complex.py
[2025-01-18T07:14:36.521+0000] {logging_mixin.py:188} INFO - [2025-01-18T07:14:36.520+0000] {dag.py:3089} INFO - Sync 1 DAGs
[2025-01-18T07:14:36.528+0000] {logging_mixin.py:188} INFO - [2025-01-18T07:14:36.527+0000] {dag.py:3947} INFO - Setting next_dagrun for example_complex to None, run_after=None
[2025-01-18T07:14:36.541+0000] {processor.py:183} INFO - Processing /home/airflow/.local/lib/python3.12/site-packages/airflow/example_dags/example_complex.py took 0.050 seconds
[2025-01-18T07:15:07.421+0000] {processor.py:161} INFO - Started process (PID=17732) to work on /home/airflow/.local/lib/python3.12/site-packages/airflow/example_dags/example_complex.py
[2025-01-18T07:15:07.422+0000] {processor.py:830} INFO - Processing file /home/airflow/.local/lib/python3.12/site-packages/airflow/example_dags/example_complex.py for tasks to queue
[2025-01-18T07:15:07.423+0000] {logging_mixin.py:188} INFO - [2025-01-18T07:15:07.423+0000] {dagbag.py:545} INFO - Filling up the DagBag from /home/airflow/.local/lib/python3.12/site-packages/airflow/example_dags/example_complex.py
[2025-01-18T07:15:07.429+0000] {processor.py:840} INFO - DAG(s) 'example_complex' retrieved from /home/airflow/.local/lib/python3.12/site-packages/airflow/example_dags/example_complex.py
[2025-01-18T07:15:07.446+0000] {logging_mixin.py:188} INFO - [2025-01-18T07:15:07.446+0000] {dag.py:3089} INFO - Sync 1 DAGs
[2025-01-18T07:15:07.453+0000] {logging_mixin.py:188} INFO - [2025-01-18T07:15:07.453+0000] {dag.py:3947} INFO - Setting next_dagrun for example_complex to None, run_after=None
[2025-01-18T07:15:07.465+0000] {processor.py:183} INFO - Processing /home/airflow/.local/lib/python3.12/site-packages/airflow/example_dags/example_complex.py took 0.049 seconds
[2025-01-18T07:15:38.154+0000] {processor.py:161} INFO - Started process (PID=18016) to work on /home/airflow/.local/lib/python3.12/site-packages/airflow/example_dags/example_complex.py
[2025-01-18T07:15:38.154+0000] {processor.py:830} INFO - Processing file /home/airflow/.local/lib/python3.12/site-packages/airflow/example_dags/example_complex.py for tasks to queue
[2025-01-18T07:15:38.156+0000] {logging_mixin.py:188} INFO - [2025-01-18T07:15:38.155+0000] {dagbag.py:545} INFO - Filling up the DagBag from /home/airflow/.local/lib/python3.12/site-packages/airflow/example_dags/example_complex.py
[2025-01-18T07:15:38.162+0000] {processor.py:840} INFO - DAG(s) 'example_complex' retrieved from /home/airflow/.local/lib/python3.12/site-packages/airflow/example_dags/example_complex.py
[2025-01-18T07:15:38.180+0000] {logging_mixin.py:188} INFO - [2025-01-18T07:15:38.179+0000] {dag.py:3089} INFO - Sync 1 DAGs
[2025-01-18T07:15:38.186+0000] {logging_mixin.py:188} INFO - [2025-01-18T07:15:38.186+0000] {dag.py:3947} INFO - Setting next_dagrun for example_complex to None, run_after=None
[2025-01-18T07:15:38.200+0000] {processor.py:183} INFO - Processing /home/airflow/.local/lib/python3.12/site-packages/airflow/example_dags/example_complex.py took 0.051 seconds
[2025-01-18T07:16:08.712+0000] {processor.py:161} INFO - Started process (PID=18298) to work on /home/airflow/.local/lib/python3.12/site-packages/airflow/example_dags/example_complex.py
[2025-01-18T07:16:08.714+0000] {processor.py:830} INFO - Processing file /home/airflow/.local/lib/python3.12/site-packages/airflow/example_dags/example_complex.py for tasks to queue
[2025-01-18T07:16:08.716+0000] {logging_mixin.py:188} INFO - [2025-01-18T07:16:08.715+0000] {dagbag.py:545} INFO - Filling up the DagBag from /home/airflow/.local/lib/python3.12/site-packages/airflow/example_dags/example_complex.py
[2025-01-18T07:16:08.721+0000] {processor.py:840} INFO - DAG(s) 'example_complex' retrieved from /home/airflow/.local/lib/python3.12/site-packages/airflow/example_dags/example_complex.py
[2025-01-18T07:16:08.739+0000] {logging_mixin.py:188} INFO - [2025-01-18T07:16:08.739+0000] {dag.py:3089} INFO - Sync 1 DAGs
[2025-01-18T07:16:08.745+0000] {logging_mixin.py:188} INFO - [2025-01-18T07:16:08.745+0000] {dag.py:3947} INFO - Setting next_dagrun for example_complex to None, run_after=None
[2025-01-18T07:16:08.758+0000] {processor.py:183} INFO - Processing /home/airflow/.local/lib/python3.12/site-packages/airflow/example_dags/example_complex.py took 0.049 seconds
[2025-01-18T07:16:39.707+0000] {processor.py:161} INFO - Started process (PID=18580) to work on /home/airflow/.local/lib/python3.12/site-packages/airflow/example_dags/example_complex.py
[2025-01-18T07:16:39.708+0000] {processor.py:830} INFO - Processing file /home/airflow/.local/lib/python3.12/site-packages/airflow/example_dags/example_complex.py for tasks to queue
[2025-01-18T07:16:39.709+0000] {logging_mixin.py:188} INFO - [2025-01-18T07:16:39.709+0000] {dagbag.py:545} INFO - Filling up the DagBag from /home/airflow/.local/lib/python3.12/site-packages/airflow/example_dags/example_complex.py
[2025-01-18T07:16:39.715+0000] {processor.py:840} INFO - DAG(s) 'example_complex' retrieved from /home/airflow/.local/lib/python3.12/site-packages/airflow/example_dags/example_complex.py
[2025-01-18T07:16:39.733+0000] {logging_mixin.py:188} INFO - [2025-01-18T07:16:39.733+0000] {dag.py:3089} INFO - Sync 1 DAGs
[2025-01-18T07:16:39.741+0000] {logging_mixin.py:188} INFO - [2025-01-18T07:16:39.741+0000] {dag.py:3947} INFO - Setting next_dagrun for example_complex to None, run_after=None
[2025-01-18T07:16:39.753+0000] {processor.py:183} INFO - Processing /home/airflow/.local/lib/python3.12/site-packages/airflow/example_dags/example_complex.py took 0.050 seconds
[2025-01-18T07:17:10.506+0000] {processor.py:161} INFO - Started process (PID=18862) to work on /home/airflow/.local/lib/python3.12/site-packages/airflow/example_dags/example_complex.py
[2025-01-18T07:17:10.506+0000] {processor.py:830} INFO - Processing file /home/airflow/.local/lib/python3.12/site-packages/airflow/example_dags/example_complex.py for tasks to queue
[2025-01-18T07:17:10.508+0000] {logging_mixin.py:188} INFO - [2025-01-18T07:17:10.507+0000] {dagbag.py:545} INFO - Filling up the DagBag from /home/airflow/.local/lib/python3.12/site-packages/airflow/example_dags/example_complex.py
[2025-01-18T07:17:10.513+0000] {processor.py:840} INFO - DAG(s) 'example_complex' retrieved from /home/airflow/.local/lib/python3.12/site-packages/airflow/example_dags/example_complex.py
[2025-01-18T07:17:10.530+0000] {logging_mixin.py:188} INFO - [2025-01-18T07:17:10.530+0000] {dag.py:3089} INFO - Sync 1 DAGs
[2025-01-18T07:17:10.536+0000] {logging_mixin.py:188} INFO - [2025-01-18T07:17:10.536+0000] {dag.py:3947} INFO - Setting next_dagrun for example_complex to None, run_after=None
[2025-01-18T07:17:10.549+0000] {processor.py:183} INFO - Processing /home/airflow/.local/lib/python3.12/site-packages/airflow/example_dags/example_complex.py took 0.047 seconds
[2025-01-18T07:17:41.245+0000] {processor.py:161} INFO - Started process (PID=19145) to work on /home/airflow/.local/lib/python3.12/site-packages/airflow/example_dags/example_complex.py
[2025-01-18T07:17:41.246+0000] {processor.py:830} INFO - Processing file /home/airflow/.local/lib/python3.12/site-packages/airflow/example_dags/example_complex.py for tasks to queue
[2025-01-18T07:17:41.247+0000] {logging_mixin.py:188} INFO - [2025-01-18T07:17:41.247+0000] {dagbag.py:545} INFO - Filling up the DagBag from /home/airflow/.local/lib/python3.12/site-packages/airflow/example_dags/example_complex.py
[2025-01-18T07:17:41.254+0000] {processor.py:840} INFO - DAG(s) 'example_complex' retrieved from /home/airflow/.local/lib/python3.12/site-packages/airflow/example_dags/example_complex.py
[2025-01-18T07:17:41.273+0000] {logging_mixin.py:188} INFO - [2025-01-18T07:17:41.273+0000] {dag.py:3089} INFO - Sync 1 DAGs
[2025-01-18T07:17:41.280+0000] {logging_mixin.py:188} INFO - [2025-01-18T07:17:41.280+0000] {dag.py:3947} INFO - Setting next_dagrun for example_complex to None, run_after=None
[2025-01-18T07:17:41.291+0000] {processor.py:183} INFO - Processing /home/airflow/.local/lib/python3.12/site-packages/airflow/example_dags/example_complex.py took 0.050 seconds
[2025-01-18T07:18:11.540+0000] {processor.py:161} INFO - Started process (PID=19427) to work on /home/airflow/.local/lib/python3.12/site-packages/airflow/example_dags/example_complex.py
[2025-01-18T07:18:11.541+0000] {processor.py:830} INFO - Processing file /home/airflow/.local/lib/python3.12/site-packages/airflow/example_dags/example_complex.py for tasks to queue
[2025-01-18T07:18:11.542+0000] {logging_mixin.py:188} INFO - [2025-01-18T07:18:11.542+0000] {dagbag.py:545} INFO - Filling up the DagBag from /home/airflow/.local/lib/python3.12/site-packages/airflow/example_dags/example_complex.py
[2025-01-18T07:18:11.548+0000] {processor.py:840} INFO - DAG(s) 'example_complex' retrieved from /home/airflow/.local/lib/python3.12/site-packages/airflow/example_dags/example_complex.py
[2025-01-18T07:18:11.565+0000] {logging_mixin.py:188} INFO - [2025-01-18T07:18:11.564+0000] {dag.py:3089} INFO - Sync 1 DAGs
[2025-01-18T07:18:11.571+0000] {logging_mixin.py:188} INFO - [2025-01-18T07:18:11.571+0000] {dag.py:3947} INFO - Setting next_dagrun for example_complex to None, run_after=None
[2025-01-18T07:18:11.584+0000] {processor.py:183} INFO - Processing /home/airflow/.local/lib/python3.12/site-packages/airflow/example_dags/example_complex.py took 0.048 seconds
[2025-01-18T07:18:41.727+0000] {processor.py:161} INFO - Started process (PID=19709) to work on /home/airflow/.local/lib/python3.12/site-packages/airflow/example_dags/example_complex.py
[2025-01-18T07:18:41.728+0000] {processor.py:830} INFO - Processing file /home/airflow/.local/lib/python3.12/site-packages/airflow/example_dags/example_complex.py for tasks to queue
[2025-01-18T07:18:41.730+0000] {logging_mixin.py:188} INFO - [2025-01-18T07:18:41.730+0000] {dagbag.py:545} INFO - Filling up the DagBag from /home/airflow/.local/lib/python3.12/site-packages/airflow/example_dags/example_complex.py
[2025-01-18T07:18:41.736+0000] {processor.py:840} INFO - DAG(s) 'example_complex' retrieved from /home/airflow/.local/lib/python3.12/site-packages/airflow/example_dags/example_complex.py
[2025-01-18T07:18:41.758+0000] {logging_mixin.py:188} INFO - [2025-01-18T07:18:41.758+0000] {dag.py:3089} INFO - Sync 1 DAGs
[2025-01-18T07:18:41.766+0000] {logging_mixin.py:188} INFO - [2025-01-18T07:18:41.766+0000] {dag.py:3947} INFO - Setting next_dagrun for example_complex to None, run_after=None
[2025-01-18T07:18:41.779+0000] {processor.py:183} INFO - Processing /home/airflow/.local/lib/python3.12/site-packages/airflow/example_dags/example_complex.py took 0.056 seconds
[2025-01-18T07:19:12.276+0000] {processor.py:161} INFO - Started process (PID=19991) to work on /home/airflow/.local/lib/python3.12/site-packages/airflow/example_dags/example_complex.py
[2025-01-18T07:19:12.277+0000] {processor.py:830} INFO - Processing file /home/airflow/.local/lib/python3.12/site-packages/airflow/example_dags/example_complex.py for tasks to queue
[2025-01-18T07:19:12.279+0000] {logging_mixin.py:188} INFO - [2025-01-18T07:19:12.278+0000] {dagbag.py:545} INFO - Filling up the DagBag from /home/airflow/.local/lib/python3.12/site-packages/airflow/example_dags/example_complex.py
[2025-01-18T07:19:12.284+0000] {processor.py:840} INFO - DAG(s) 'example_complex' retrieved from /home/airflow/.local/lib/python3.12/site-packages/airflow/example_dags/example_complex.py
[2025-01-18T07:19:12.305+0000] {logging_mixin.py:188} INFO - [2025-01-18T07:19:12.304+0000] {dag.py:3089} INFO - Sync 1 DAGs
[2025-01-18T07:19:12.312+0000] {logging_mixin.py:188} INFO - [2025-01-18T07:19:12.312+0000] {dag.py:3947} INFO - Setting next_dagrun for example_complex to None, run_after=None
[2025-01-18T07:19:12.324+0000] {processor.py:183} INFO - Processing /home/airflow/.local/lib/python3.12/site-packages/airflow/example_dags/example_complex.py took 0.052 seconds
[2025-01-18T07:19:42.881+0000] {processor.py:161} INFO - Started process (PID=20274) to work on /home/airflow/.local/lib/python3.12/site-packages/airflow/example_dags/example_complex.py
[2025-01-18T07:19:42.881+0000] {processor.py:830} INFO - Processing file /home/airflow/.local/lib/python3.12/site-packages/airflow/example_dags/example_complex.py for tasks to queue
[2025-01-18T07:19:42.883+0000] {logging_mixin.py:188} INFO - [2025-01-18T07:19:42.883+0000] {dagbag.py:545} INFO - Filling up the DagBag from /home/airflow/.local/lib/python3.12/site-packages/airflow/example_dags/example_complex.py
[2025-01-18T07:19:42.894+0000] {processor.py:840} INFO - DAG(s) 'example_complex' retrieved from /home/airflow/.local/lib/python3.12/site-packages/airflow/example_dags/example_complex.py
[2025-01-18T07:19:42.924+0000] {logging_mixin.py:188} INFO - [2025-01-18T07:19:42.923+0000] {dag.py:3089} INFO - Sync 1 DAGs
[2025-01-18T07:19:42.932+0000] {logging_mixin.py:188} INFO - [2025-01-18T07:19:42.932+0000] {dag.py:3947} INFO - Setting next_dagrun for example_complex to None, run_after=None
[2025-01-18T07:19:42.947+0000] {processor.py:183} INFO - Processing /home/airflow/.local/lib/python3.12/site-packages/airflow/example_dags/example_complex.py took 0.071 seconds
[2025-01-18T07:20:13.346+0000] {processor.py:161} INFO - Started process (PID=20556) to work on /home/airflow/.local/lib/python3.12/site-packages/airflow/example_dags/example_complex.py
[2025-01-18T07:20:13.346+0000] {processor.py:830} INFO - Processing file /home/airflow/.local/lib/python3.12/site-packages/airflow/example_dags/example_complex.py for tasks to queue
[2025-01-18T07:20:13.348+0000] {logging_mixin.py:188} INFO - [2025-01-18T07:20:13.347+0000] {dagbag.py:545} INFO - Filling up the DagBag from /home/airflow/.local/lib/python3.12/site-packages/airflow/example_dags/example_complex.py
[2025-01-18T07:20:13.353+0000] {processor.py:840} INFO - DAG(s) 'example_complex' retrieved from /home/airflow/.local/lib/python3.12/site-packages/airflow/example_dags/example_complex.py
[2025-01-18T07:20:13.371+0000] {logging_mixin.py:188} INFO - [2025-01-18T07:20:13.371+0000] {dag.py:3089} INFO - Sync 1 DAGs
[2025-01-18T07:20:13.378+0000] {logging_mixin.py:188} INFO - [2025-01-18T07:20:13.378+0000] {dag.py:3947} INFO - Setting next_dagrun for example_complex to None, run_after=None
[2025-01-18T07:20:13.389+0000] {processor.py:183} INFO - Processing /home/airflow/.local/lib/python3.12/site-packages/airflow/example_dags/example_complex.py took 0.049 seconds
[2025-01-18T07:20:43.615+0000] {processor.py:161} INFO - Started process (PID=20838) to work on /home/airflow/.local/lib/python3.12/site-packages/airflow/example_dags/example_complex.py
[2025-01-18T07:20:43.616+0000] {processor.py:830} INFO - Processing file /home/airflow/.local/lib/python3.12/site-packages/airflow/example_dags/example_complex.py for tasks to queue
[2025-01-18T07:20:43.617+0000] {logging_mixin.py:188} INFO - [2025-01-18T07:20:43.617+0000] {dagbag.py:545} INFO - Filling up the DagBag from /home/airflow/.local/lib/python3.12/site-packages/airflow/example_dags/example_complex.py
[2025-01-18T07:20:43.623+0000] {processor.py:840} INFO - DAG(s) 'example_complex' retrieved from /home/airflow/.local/lib/python3.12/site-packages/airflow/example_dags/example_complex.py
[2025-01-18T07:20:43.639+0000] {logging_mixin.py:188} INFO - [2025-01-18T07:20:43.639+0000] {dag.py:3089} INFO - Sync 1 DAGs
[2025-01-18T07:20:43.646+0000] {logging_mixin.py:188} INFO - [2025-01-18T07:20:43.646+0000] {dag.py:3947} INFO - Setting next_dagrun for example_complex to None, run_after=None
[2025-01-18T07:20:43.656+0000] {processor.py:183} INFO - Processing /home/airflow/.local/lib/python3.12/site-packages/airflow/example_dags/example_complex.py took 0.044 seconds
[2025-01-18T07:21:15.332+0000] {processor.py:161} INFO - Started process (PID=21118) to work on /home/airflow/.local/lib/python3.12/site-packages/airflow/example_dags/example_complex.py
[2025-01-18T07:21:15.333+0000] {processor.py:830} INFO - Processing file /home/airflow/.local/lib/python3.12/site-packages/airflow/example_dags/example_complex.py for tasks to queue
[2025-01-18T07:21:15.337+0000] {logging_mixin.py:188} INFO - [2025-01-18T07:21:15.337+0000] {dagbag.py:545} INFO - Filling up the DagBag from /home/airflow/.local/lib/python3.12/site-packages/airflow/example_dags/example_complex.py
[2025-01-18T07:21:15.351+0000] {processor.py:840} INFO - DAG(s) 'example_complex' retrieved from /home/airflow/.local/lib/python3.12/site-packages/airflow/example_dags/example_complex.py
[2025-01-18T07:21:15.370+0000] {logging_mixin.py:188} INFO - [2025-01-18T07:21:15.370+0000] {dag.py:3089} INFO - Sync 1 DAGs
[2025-01-18T07:21:15.377+0000] {logging_mixin.py:188} INFO - [2025-01-18T07:21:15.377+0000] {dag.py:3947} INFO - Setting next_dagrun for example_complex to None, run_after=None
[2025-01-18T07:21:15.387+0000] {processor.py:183} INFO - Processing /home/airflow/.local/lib/python3.12/site-packages/airflow/example_dags/example_complex.py took 0.061 seconds
[2025-01-18T07:21:47.936+0000] {processor.py:161} INFO - Started process (PID=21402) to work on /home/airflow/.local/lib/python3.12/site-packages/airflow/example_dags/example_complex.py
[2025-01-18T07:21:47.936+0000] {processor.py:830} INFO - Processing file /home/airflow/.local/lib/python3.12/site-packages/airflow/example_dags/example_complex.py for tasks to queue
[2025-01-18T07:21:47.937+0000] {logging_mixin.py:188} INFO - [2025-01-18T07:21:47.937+0000] {dagbag.py:545} INFO - Filling up the DagBag from /home/airflow/.local/lib/python3.12/site-packages/airflow/example_dags/example_complex.py
[2025-01-18T07:21:47.942+0000] {processor.py:840} INFO - DAG(s) 'example_complex' retrieved from /home/airflow/.local/lib/python3.12/site-packages/airflow/example_dags/example_complex.py
[2025-01-18T07:21:47.958+0000] {logging_mixin.py:188} INFO - [2025-01-18T07:21:47.958+0000] {dag.py:3089} INFO - Sync 1 DAGs
[2025-01-18T07:21:47.965+0000] {logging_mixin.py:188} INFO - [2025-01-18T07:21:47.965+0000] {dag.py:3947} INFO - Setting next_dagrun for example_complex to None, run_after=None
[2025-01-18T07:21:47.975+0000] {processor.py:183} INFO - Processing /home/airflow/.local/lib/python3.12/site-packages/airflow/example_dags/example_complex.py took 0.043 seconds
[2025-01-18T07:42:05.544+0000] {processor.py:161} INFO - Started process (PID=340) to work on /home/airflow/.local/lib/python3.12/site-packages/airflow/example_dags/example_complex.py
[2025-01-18T07:42:05.545+0000] {processor.py:830} INFO - Processing file /home/airflow/.local/lib/python3.12/site-packages/airflow/example_dags/example_complex.py for tasks to queue
[2025-01-18T07:42:05.547+0000] {logging_mixin.py:188} INFO - [2025-01-18T07:42:05.546+0000] {dagbag.py:545} INFO - Filling up the DagBag from /home/airflow/.local/lib/python3.12/site-packages/airflow/example_dags/example_complex.py
[2025-01-18T07:42:05.555+0000] {processor.py:840} INFO - DAG(s) 'example_complex' retrieved from /home/airflow/.local/lib/python3.12/site-packages/airflow/example_dags/example_complex.py
[2025-01-18T07:42:05.563+0000] {logging_mixin.py:188} INFO - [2025-01-18T07:42:05.563+0000] {dag.py:3089} INFO - Sync 1 DAGs
[2025-01-18T07:42:05.572+0000] {logging_mixin.py:188} INFO - [2025-01-18T07:42:05.571+0000] {dag.py:3947} INFO - Setting next_dagrun for example_complex to None, run_after=None
[2025-01-18T07:42:05.585+0000] {processor.py:183} INFO - Processing /home/airflow/.local/lib/python3.12/site-packages/airflow/example_dags/example_complex.py took 0.045 seconds
[2025-01-18T07:42:37.386+0000] {processor.py:161} INFO - Started process (PID=607) to work on /home/airflow/.local/lib/python3.12/site-packages/airflow/example_dags/example_complex.py
[2025-01-18T07:42:37.387+0000] {processor.py:830} INFO - Processing file /home/airflow/.local/lib/python3.12/site-packages/airflow/example_dags/example_complex.py for tasks to queue
[2025-01-18T07:42:37.388+0000] {logging_mixin.py:188} INFO - [2025-01-18T07:42:37.388+0000] {dagbag.py:545} INFO - Filling up the DagBag from /home/airflow/.local/lib/python3.12/site-packages/airflow/example_dags/example_complex.py
[2025-01-18T07:42:37.401+0000] {processor.py:840} INFO - DAG(s) 'example_complex' retrieved from /home/airflow/.local/lib/python3.12/site-packages/airflow/example_dags/example_complex.py
[2025-01-18T07:42:37.479+0000] {logging_mixin.py:188} INFO - [2025-01-18T07:42:37.479+0000] {dag.py:3089} INFO - Sync 1 DAGs
[2025-01-18T07:42:37.491+0000] {logging_mixin.py:188} INFO - [2025-01-18T07:42:37.491+0000] {dag.py:3947} INFO - Setting next_dagrun for example_complex to None, run_after=None
[2025-01-18T07:42:37.506+0000] {processor.py:183} INFO - Processing /home/airflow/.local/lib/python3.12/site-packages/airflow/example_dags/example_complex.py took 0.125 seconds
[2025-01-18T07:43:07.613+0000] {processor.py:161} INFO - Started process (PID=876) to work on /home/airflow/.local/lib/python3.12/site-packages/airflow/example_dags/example_complex.py
[2025-01-18T07:43:07.614+0000] {processor.py:830} INFO - Processing file /home/airflow/.local/lib/python3.12/site-packages/airflow/example_dags/example_complex.py for tasks to queue
[2025-01-18T07:43:07.616+0000] {logging_mixin.py:188} INFO - [2025-01-18T07:43:07.616+0000] {dagbag.py:545} INFO - Filling up the DagBag from /home/airflow/.local/lib/python3.12/site-packages/airflow/example_dags/example_complex.py
[2025-01-18T07:43:07.623+0000] {processor.py:840} INFO - DAG(s) 'example_complex' retrieved from /home/airflow/.local/lib/python3.12/site-packages/airflow/example_dags/example_complex.py
[2025-01-18T07:43:07.644+0000] {logging_mixin.py:188} INFO - [2025-01-18T07:43:07.644+0000] {dag.py:3089} INFO - Sync 1 DAGs
[2025-01-18T07:43:07.651+0000] {logging_mixin.py:188} INFO - [2025-01-18T07:43:07.651+0000] {dag.py:3947} INFO - Setting next_dagrun for example_complex to None, run_after=None
[2025-01-18T07:43:07.662+0000] {processor.py:183} INFO - Processing /home/airflow/.local/lib/python3.12/site-packages/airflow/example_dags/example_complex.py took 0.053 seconds
[2025-01-18T07:43:38.584+0000] {processor.py:161} INFO - Started process (PID=1143) to work on /home/airflow/.local/lib/python3.12/site-packages/airflow/example_dags/example_complex.py
[2025-01-18T07:43:38.586+0000] {processor.py:830} INFO - Processing file /home/airflow/.local/lib/python3.12/site-packages/airflow/example_dags/example_complex.py for tasks to queue
[2025-01-18T07:43:38.587+0000] {logging_mixin.py:188} INFO - [2025-01-18T07:43:38.587+0000] {dagbag.py:545} INFO - Filling up the DagBag from /home/airflow/.local/lib/python3.12/site-packages/airflow/example_dags/example_complex.py
[2025-01-18T07:43:38.593+0000] {processor.py:840} INFO - DAG(s) 'example_complex' retrieved from /home/airflow/.local/lib/python3.12/site-packages/airflow/example_dags/example_complex.py
[2025-01-18T07:43:38.615+0000] {logging_mixin.py:188} INFO - [2025-01-18T07:43:38.615+0000] {dag.py:3089} INFO - Sync 1 DAGs
[2025-01-18T07:43:38.622+0000] {logging_mixin.py:188} INFO - [2025-01-18T07:43:38.622+0000] {dag.py:3947} INFO - Setting next_dagrun for example_complex to None, run_after=None
[2025-01-18T07:43:38.634+0000] {processor.py:183} INFO - Processing /home/airflow/.local/lib/python3.12/site-packages/airflow/example_dags/example_complex.py took 0.054 seconds
[2025-01-18T07:44:08.755+0000] {processor.py:161} INFO - Started process (PID=1408) to work on /home/airflow/.local/lib/python3.12/site-packages/airflow/example_dags/example_complex.py
[2025-01-18T07:44:08.756+0000] {processor.py:830} INFO - Processing file /home/airflow/.local/lib/python3.12/site-packages/airflow/example_dags/example_complex.py for tasks to queue
[2025-01-18T07:44:08.759+0000] {logging_mixin.py:188} INFO - [2025-01-18T07:44:08.758+0000] {dagbag.py:545} INFO - Filling up the DagBag from /home/airflow/.local/lib/python3.12/site-packages/airflow/example_dags/example_complex.py
[2025-01-18T07:44:08.769+0000] {processor.py:840} INFO - DAG(s) 'example_complex' retrieved from /home/airflow/.local/lib/python3.12/site-packages/airflow/example_dags/example_complex.py
[2025-01-18T07:44:08.793+0000] {logging_mixin.py:188} INFO - [2025-01-18T07:44:08.793+0000] {dag.py:3089} INFO - Sync 1 DAGs
[2025-01-18T07:44:08.803+0000] {logging_mixin.py:188} INFO - [2025-01-18T07:44:08.803+0000] {dag.py:3947} INFO - Setting next_dagrun for example_complex to None, run_after=None
[2025-01-18T07:44:08.820+0000] {processor.py:183} INFO - Processing /home/airflow/.local/lib/python3.12/site-packages/airflow/example_dags/example_complex.py took 0.072 seconds
[2025-01-18T07:44:39.526+0000] {processor.py:161} INFO - Started process (PID=1675) to work on /home/airflow/.local/lib/python3.12/site-packages/airflow/example_dags/example_complex.py
[2025-01-18T07:44:39.527+0000] {processor.py:830} INFO - Processing file /home/airflow/.local/lib/python3.12/site-packages/airflow/example_dags/example_complex.py for tasks to queue
[2025-01-18T07:44:39.528+0000] {logging_mixin.py:188} INFO - [2025-01-18T07:44:39.528+0000] {dagbag.py:545} INFO - Filling up the DagBag from /home/airflow/.local/lib/python3.12/site-packages/airflow/example_dags/example_complex.py
[2025-01-18T07:44:39.533+0000] {processor.py:840} INFO - DAG(s) 'example_complex' retrieved from /home/airflow/.local/lib/python3.12/site-packages/airflow/example_dags/example_complex.py
[2025-01-18T07:44:39.551+0000] {logging_mixin.py:188} INFO - [2025-01-18T07:44:39.551+0000] {dag.py:3089} INFO - Sync 1 DAGs
[2025-01-18T07:44:39.558+0000] {logging_mixin.py:188} INFO - [2025-01-18T07:44:39.558+0000] {dag.py:3947} INFO - Setting next_dagrun for example_complex to None, run_after=None
[2025-01-18T07:44:39.574+0000] {processor.py:183} INFO - Processing /home/airflow/.local/lib/python3.12/site-packages/airflow/example_dags/example_complex.py took 0.052 seconds
[2025-01-18T07:45:09.781+0000] {processor.py:161} INFO - Started process (PID=1943) to work on /home/airflow/.local/lib/python3.12/site-packages/airflow/example_dags/example_complex.py
[2025-01-18T07:45:09.781+0000] {processor.py:830} INFO - Processing file /home/airflow/.local/lib/python3.12/site-packages/airflow/example_dags/example_complex.py for tasks to queue
[2025-01-18T07:45:09.782+0000] {logging_mixin.py:188} INFO - [2025-01-18T07:45:09.782+0000] {dagbag.py:545} INFO - Filling up the DagBag from /home/airflow/.local/lib/python3.12/site-packages/airflow/example_dags/example_complex.py
[2025-01-18T07:45:09.788+0000] {processor.py:840} INFO - DAG(s) 'example_complex' retrieved from /home/airflow/.local/lib/python3.12/site-packages/airflow/example_dags/example_complex.py
[2025-01-18T07:45:09.806+0000] {logging_mixin.py:188} INFO - [2025-01-18T07:45:09.805+0000] {dag.py:3089} INFO - Sync 1 DAGs
[2025-01-18T07:45:09.814+0000] {logging_mixin.py:188} INFO - [2025-01-18T07:45:09.814+0000] {dag.py:3947} INFO - Setting next_dagrun for example_complex to None, run_after=None
[2025-01-18T07:45:09.824+0000] {processor.py:183} INFO - Processing /home/airflow/.local/lib/python3.12/site-packages/airflow/example_dags/example_complex.py took 0.047 seconds
[2025-01-18T07:45:40.449+0000] {processor.py:161} INFO - Started process (PID=2212) to work on /home/airflow/.local/lib/python3.12/site-packages/airflow/example_dags/example_complex.py
[2025-01-18T07:45:40.449+0000] {processor.py:830} INFO - Processing file /home/airflow/.local/lib/python3.12/site-packages/airflow/example_dags/example_complex.py for tasks to queue
[2025-01-18T07:45:40.450+0000] {logging_mixin.py:188} INFO - [2025-01-18T07:45:40.450+0000] {dagbag.py:545} INFO - Filling up the DagBag from /home/airflow/.local/lib/python3.12/site-packages/airflow/example_dags/example_complex.py
[2025-01-18T07:45:40.456+0000] {processor.py:840} INFO - DAG(s) 'example_complex' retrieved from /home/airflow/.local/lib/python3.12/site-packages/airflow/example_dags/example_complex.py
[2025-01-18T07:45:40.473+0000] {logging_mixin.py:188} INFO - [2025-01-18T07:45:40.473+0000] {dag.py:3089} INFO - Sync 1 DAGs
[2025-01-18T07:45:40.480+0000] {logging_mixin.py:188} INFO - [2025-01-18T07:45:40.480+0000] {dag.py:3947} INFO - Setting next_dagrun for example_complex to None, run_after=None
[2025-01-18T07:45:40.491+0000] {processor.py:183} INFO - Processing /home/airflow/.local/lib/python3.12/site-packages/airflow/example_dags/example_complex.py took 0.046 seconds
[2025-01-18T07:46:11.362+0000] {processor.py:161} INFO - Started process (PID=2477) to work on /home/airflow/.local/lib/python3.12/site-packages/airflow/example_dags/example_complex.py
[2025-01-18T07:46:11.363+0000] {processor.py:830} INFO - Processing file /home/airflow/.local/lib/python3.12/site-packages/airflow/example_dags/example_complex.py for tasks to queue
[2025-01-18T07:46:11.364+0000] {logging_mixin.py:188} INFO - [2025-01-18T07:46:11.364+0000] {dagbag.py:545} INFO - Filling up the DagBag from /home/airflow/.local/lib/python3.12/site-packages/airflow/example_dags/example_complex.py
[2025-01-18T07:46:11.370+0000] {processor.py:840} INFO - DAG(s) 'example_complex' retrieved from /home/airflow/.local/lib/python3.12/site-packages/airflow/example_dags/example_complex.py
[2025-01-18T07:46:11.387+0000] {logging_mixin.py:188} INFO - [2025-01-18T07:46:11.387+0000] {dag.py:3089} INFO - Sync 1 DAGs
[2025-01-18T07:46:11.395+0000] {logging_mixin.py:188} INFO - [2025-01-18T07:46:11.395+0000] {dag.py:3947} INFO - Setting next_dagrun for example_complex to None, run_after=None
[2025-01-18T07:46:11.404+0000] {processor.py:183} INFO - Processing /home/airflow/.local/lib/python3.12/site-packages/airflow/example_dags/example_complex.py took 0.047 seconds
[2025-01-18T07:46:41.784+0000] {processor.py:161} INFO - Started process (PID=2746) to work on /home/airflow/.local/lib/python3.12/site-packages/airflow/example_dags/example_complex.py
[2025-01-18T07:46:41.785+0000] {processor.py:830} INFO - Processing file /home/airflow/.local/lib/python3.12/site-packages/airflow/example_dags/example_complex.py for tasks to queue
[2025-01-18T07:46:41.786+0000] {logging_mixin.py:188} INFO - [2025-01-18T07:46:41.786+0000] {dagbag.py:545} INFO - Filling up the DagBag from /home/airflow/.local/lib/python3.12/site-packages/airflow/example_dags/example_complex.py
[2025-01-18T07:46:41.792+0000] {processor.py:840} INFO - DAG(s) 'example_complex' retrieved from /home/airflow/.local/lib/python3.12/site-packages/airflow/example_dags/example_complex.py
[2025-01-18T07:46:41.811+0000] {logging_mixin.py:188} INFO - [2025-01-18T07:46:41.811+0000] {dag.py:3089} INFO - Sync 1 DAGs
[2025-01-18T07:46:41.820+0000] {logging_mixin.py:188} INFO - [2025-01-18T07:46:41.820+0000] {dag.py:3947} INFO - Setting next_dagrun for example_complex to None, run_after=None
[2025-01-18T07:46:41.832+0000] {processor.py:183} INFO - Processing /home/airflow/.local/lib/python3.12/site-packages/airflow/example_dags/example_complex.py took 0.052 seconds
[2025-01-18T07:47:12.353+0000] {processor.py:161} INFO - Started process (PID=3012) to work on /home/airflow/.local/lib/python3.12/site-packages/airflow/example_dags/example_complex.py
[2025-01-18T07:47:12.353+0000] {processor.py:830} INFO - Processing file /home/airflow/.local/lib/python3.12/site-packages/airflow/example_dags/example_complex.py for tasks to queue
[2025-01-18T07:47:12.355+0000] {logging_mixin.py:188} INFO - [2025-01-18T07:47:12.354+0000] {dagbag.py:545} INFO - Filling up the DagBag from /home/airflow/.local/lib/python3.12/site-packages/airflow/example_dags/example_complex.py
[2025-01-18T07:47:12.361+0000] {processor.py:840} INFO - DAG(s) 'example_complex' retrieved from /home/airflow/.local/lib/python3.12/site-packages/airflow/example_dags/example_complex.py
[2025-01-18T07:47:12.377+0000] {logging_mixin.py:188} INFO - [2025-01-18T07:47:12.377+0000] {dag.py:3089} INFO - Sync 1 DAGs
[2025-01-18T07:47:12.384+0000] {logging_mixin.py:188} INFO - [2025-01-18T07:47:12.383+0000] {dag.py:3947} INFO - Setting next_dagrun for example_complex to None, run_after=None
[2025-01-18T07:47:12.394+0000] {processor.py:183} INFO - Processing /home/airflow/.local/lib/python3.12/site-packages/airflow/example_dags/example_complex.py took 0.045 seconds
[2025-01-18T07:47:42.708+0000] {processor.py:161} INFO - Started process (PID=3281) to work on /home/airflow/.local/lib/python3.12/site-packages/airflow/example_dags/example_complex.py
[2025-01-18T07:47:42.709+0000] {processor.py:830} INFO - Processing file /home/airflow/.local/lib/python3.12/site-packages/airflow/example_dags/example_complex.py for tasks to queue
[2025-01-18T07:47:42.710+0000] {logging_mixin.py:188} INFO - [2025-01-18T07:47:42.710+0000] {dagbag.py:545} INFO - Filling up the DagBag from /home/airflow/.local/lib/python3.12/site-packages/airflow/example_dags/example_complex.py
[2025-01-18T07:47:42.716+0000] {processor.py:840} INFO - DAG(s) 'example_complex' retrieved from /home/airflow/.local/lib/python3.12/site-packages/airflow/example_dags/example_complex.py
[2025-01-18T07:47:42.734+0000] {logging_mixin.py:188} INFO - [2025-01-18T07:47:42.734+0000] {dag.py:3089} INFO - Sync 1 DAGs
[2025-01-18T07:47:42.741+0000] {logging_mixin.py:188} INFO - [2025-01-18T07:47:42.741+0000] {dag.py:3947} INFO - Setting next_dagrun for example_complex to None, run_after=None
[2025-01-18T07:47:42.752+0000] {processor.py:183} INFO - Processing /home/airflow/.local/lib/python3.12/site-packages/airflow/example_dags/example_complex.py took 0.048 seconds
[2025-01-18T08:02:11.984+0000] {processor.py:161} INFO - Started process (PID=345) to work on /home/airflow/.local/lib/python3.12/site-packages/airflow/example_dags/example_complex.py
[2025-01-18T08:02:11.985+0000] {processor.py:830} INFO - Processing file /home/airflow/.local/lib/python3.12/site-packages/airflow/example_dags/example_complex.py for tasks to queue
[2025-01-18T08:02:11.986+0000] {logging_mixin.py:188} INFO - [2025-01-18T08:02:11.986+0000] {dagbag.py:545} INFO - Filling up the DagBag from /home/airflow/.local/lib/python3.12/site-packages/airflow/example_dags/example_complex.py
[2025-01-18T08:02:11.994+0000] {processor.py:840} INFO - DAG(s) 'example_complex' retrieved from /home/airflow/.local/lib/python3.12/site-packages/airflow/example_dags/example_complex.py
[2025-01-18T08:02:12.004+0000] {logging_mixin.py:188} INFO - [2025-01-18T08:02:12.004+0000] {dag.py:3089} INFO - Sync 1 DAGs
[2025-01-18T08:02:12.012+0000] {logging_mixin.py:188} INFO - [2025-01-18T08:02:12.012+0000] {dag.py:3947} INFO - Setting next_dagrun for example_complex to None, run_after=None
[2025-01-18T08:02:12.024+0000] {processor.py:183} INFO - Processing /home/airflow/.local/lib/python3.12/site-packages/airflow/example_dags/example_complex.py took 0.044 seconds
[2025-01-18T08:02:43.128+0000] {processor.py:161} INFO - Started process (PID=612) to work on /home/airflow/.local/lib/python3.12/site-packages/airflow/example_dags/example_complex.py
[2025-01-18T08:02:43.129+0000] {processor.py:830} INFO - Processing file /home/airflow/.local/lib/python3.12/site-packages/airflow/example_dags/example_complex.py for tasks to queue
[2025-01-18T08:02:43.131+0000] {logging_mixin.py:188} INFO - [2025-01-18T08:02:43.130+0000] {dagbag.py:545} INFO - Filling up the DagBag from /home/airflow/.local/lib/python3.12/site-packages/airflow/example_dags/example_complex.py
[2025-01-18T08:02:43.137+0000] {processor.py:840} INFO - DAG(s) 'example_complex' retrieved from /home/airflow/.local/lib/python3.12/site-packages/airflow/example_dags/example_complex.py
[2025-01-18T08:02:43.208+0000] {logging_mixin.py:188} INFO - [2025-01-18T08:02:43.207+0000] {dag.py:3089} INFO - Sync 1 DAGs
[2025-01-18T08:02:43.216+0000] {logging_mixin.py:188} INFO - [2025-01-18T08:02:43.216+0000] {dag.py:3947} INFO - Setting next_dagrun for example_complex to None, run_after=None
[2025-01-18T08:02:43.237+0000] {processor.py:183} INFO - Processing /home/airflow/.local/lib/python3.12/site-packages/airflow/example_dags/example_complex.py took 0.113 seconds
[2025-01-18T08:03:13.513+0000] {processor.py:161} INFO - Started process (PID=881) to work on /home/airflow/.local/lib/python3.12/site-packages/airflow/example_dags/example_complex.py
[2025-01-18T08:03:13.514+0000] {processor.py:830} INFO - Processing file /home/airflow/.local/lib/python3.12/site-packages/airflow/example_dags/example_complex.py for tasks to queue
[2025-01-18T08:03:13.515+0000] {logging_mixin.py:188} INFO - [2025-01-18T08:03:13.515+0000] {dagbag.py:545} INFO - Filling up the DagBag from /home/airflow/.local/lib/python3.12/site-packages/airflow/example_dags/example_complex.py
[2025-01-18T08:03:13.520+0000] {processor.py:840} INFO - DAG(s) 'example_complex' retrieved from /home/airflow/.local/lib/python3.12/site-packages/airflow/example_dags/example_complex.py
[2025-01-18T08:03:13.541+0000] {logging_mixin.py:188} INFO - [2025-01-18T08:03:13.541+0000] {dag.py:3089} INFO - Sync 1 DAGs
[2025-01-18T08:03:13.548+0000] {logging_mixin.py:188} INFO - [2025-01-18T08:03:13.548+0000] {dag.py:3947} INFO - Setting next_dagrun for example_complex to None, run_after=None
[2025-01-18T08:03:13.559+0000] {processor.py:183} INFO - Processing /home/airflow/.local/lib/python3.12/site-packages/airflow/example_dags/example_complex.py took 0.050 seconds
[2025-01-18T08:03:44.315+0000] {processor.py:161} INFO - Started process (PID=1148) to work on /home/airflow/.local/lib/python3.12/site-packages/airflow/example_dags/example_complex.py
[2025-01-18T08:03:44.316+0000] {processor.py:830} INFO - Processing file /home/airflow/.local/lib/python3.12/site-packages/airflow/example_dags/example_complex.py for tasks to queue
[2025-01-18T08:03:44.317+0000] {logging_mixin.py:188} INFO - [2025-01-18T08:03:44.317+0000] {dagbag.py:545} INFO - Filling up the DagBag from /home/airflow/.local/lib/python3.12/site-packages/airflow/example_dags/example_complex.py
[2025-01-18T08:03:44.324+0000] {processor.py:840} INFO - DAG(s) 'example_complex' retrieved from /home/airflow/.local/lib/python3.12/site-packages/airflow/example_dags/example_complex.py
[2025-01-18T08:03:44.342+0000] {logging_mixin.py:188} INFO - [2025-01-18T08:03:44.342+0000] {dag.py:3089} INFO - Sync 1 DAGs
[2025-01-18T08:03:44.350+0000] {logging_mixin.py:188} INFO - [2025-01-18T08:03:44.350+0000] {dag.py:3947} INFO - Setting next_dagrun for example_complex to None, run_after=None
[2025-01-18T08:03:44.361+0000] {processor.py:183} INFO - Processing /home/airflow/.local/lib/python3.12/site-packages/airflow/example_dags/example_complex.py took 0.050 seconds
[2025-01-18T08:04:14.549+0000] {processor.py:161} INFO - Started process (PID=1409) to work on /home/airflow/.local/lib/python3.12/site-packages/airflow/example_dags/example_complex.py
[2025-01-18T08:04:14.550+0000] {processor.py:830} INFO - Processing file /home/airflow/.local/lib/python3.12/site-packages/airflow/example_dags/example_complex.py for tasks to queue
[2025-01-18T08:04:14.551+0000] {logging_mixin.py:188} INFO - [2025-01-18T08:04:14.551+0000] {dagbag.py:545} INFO - Filling up the DagBag from /home/airflow/.local/lib/python3.12/site-packages/airflow/example_dags/example_complex.py
[2025-01-18T08:04:14.557+0000] {processor.py:840} INFO - DAG(s) 'example_complex' retrieved from /home/airflow/.local/lib/python3.12/site-packages/airflow/example_dags/example_complex.py
[2025-01-18T08:04:14.577+0000] {logging_mixin.py:188} INFO - [2025-01-18T08:04:14.577+0000] {dag.py:3089} INFO - Sync 1 DAGs
[2025-01-18T08:04:14.584+0000] {logging_mixin.py:188} INFO - [2025-01-18T08:04:14.584+0000] {dag.py:3947} INFO - Setting next_dagrun for example_complex to None, run_after=None
[2025-01-18T08:04:14.598+0000] {processor.py:183} INFO - Processing /home/airflow/.local/lib/python3.12/site-packages/airflow/example_dags/example_complex.py took 0.053 seconds
[2025-01-18T08:05:57.141+0000] {processor.py:161} INFO - Started process (PID=338) to work on /home/airflow/.local/lib/python3.12/site-packages/airflow/example_dags/example_complex.py
[2025-01-18T08:05:57.141+0000] {processor.py:830} INFO - Processing file /home/airflow/.local/lib/python3.12/site-packages/airflow/example_dags/example_complex.py for tasks to queue
[2025-01-18T08:05:57.143+0000] {logging_mixin.py:188} INFO - [2025-01-18T08:05:57.143+0000] {dagbag.py:545} INFO - Filling up the DagBag from /home/airflow/.local/lib/python3.12/site-packages/airflow/example_dags/example_complex.py
[2025-01-18T08:05:57.153+0000] {processor.py:840} INFO - DAG(s) 'example_complex' retrieved from /home/airflow/.local/lib/python3.12/site-packages/airflow/example_dags/example_complex.py
[2025-01-18T08:05:57.164+0000] {logging_mixin.py:188} INFO - [2025-01-18T08:05:57.164+0000] {dag.py:3089} INFO - Sync 1 DAGs
[2025-01-18T08:05:57.174+0000] {logging_mixin.py:188} INFO - [2025-01-18T08:05:57.173+0000] {dag.py:3947} INFO - Setting next_dagrun for example_complex to None, run_after=None
[2025-01-18T08:05:57.188+0000] {processor.py:183} INFO - Processing /home/airflow/.local/lib/python3.12/site-packages/airflow/example_dags/example_complex.py took 0.053 seconds
[2025-01-18T08:06:27.542+0000] {processor.py:161} INFO - Started process (PID=607) to work on /home/airflow/.local/lib/python3.12/site-packages/airflow/example_dags/example_complex.py
[2025-01-18T08:06:27.543+0000] {processor.py:830} INFO - Processing file /home/airflow/.local/lib/python3.12/site-packages/airflow/example_dags/example_complex.py for tasks to queue
[2025-01-18T08:06:27.543+0000] {logging_mixin.py:188} INFO - [2025-01-18T08:06:27.543+0000] {dagbag.py:545} INFO - Filling up the DagBag from /home/airflow/.local/lib/python3.12/site-packages/airflow/example_dags/example_complex.py
[2025-01-18T08:06:27.548+0000] {processor.py:840} INFO - DAG(s) 'example_complex' retrieved from /home/airflow/.local/lib/python3.12/site-packages/airflow/example_dags/example_complex.py
[2025-01-18T08:06:27.555+0000] {logging_mixin.py:188} INFO - [2025-01-18T08:06:27.555+0000] {dag.py:3089} INFO - Sync 1 DAGs
[2025-01-18T08:06:27.562+0000] {logging_mixin.py:188} INFO - [2025-01-18T08:06:27.562+0000] {dag.py:3947} INFO - Setting next_dagrun for example_complex to None, run_after=None
[2025-01-18T08:06:27.571+0000] {processor.py:183} INFO - Processing /home/airflow/.local/lib/python3.12/site-packages/airflow/example_dags/example_complex.py took 0.033 seconds
[2025-01-18T08:06:58.447+0000] {processor.py:161} INFO - Started process (PID=872) to work on /home/airflow/.local/lib/python3.12/site-packages/airflow/example_dags/example_complex.py
[2025-01-18T08:06:58.448+0000] {processor.py:830} INFO - Processing file /home/airflow/.local/lib/python3.12/site-packages/airflow/example_dags/example_complex.py for tasks to queue
[2025-01-18T08:06:58.450+0000] {logging_mixin.py:188} INFO - [2025-01-18T08:06:58.449+0000] {dagbag.py:545} INFO - Filling up the DagBag from /home/airflow/.local/lib/python3.12/site-packages/airflow/example_dags/example_complex.py
[2025-01-18T08:06:58.454+0000] {processor.py:840} INFO - DAG(s) 'example_complex' retrieved from /home/airflow/.local/lib/python3.12/site-packages/airflow/example_dags/example_complex.py
[2025-01-18T08:06:58.464+0000] {logging_mixin.py:188} INFO - [2025-01-18T08:06:58.464+0000] {dag.py:3089} INFO - Sync 1 DAGs
[2025-01-18T08:06:58.471+0000] {logging_mixin.py:188} INFO - [2025-01-18T08:06:58.471+0000] {dag.py:3947} INFO - Setting next_dagrun for example_complex to None, run_after=None
[2025-01-18T08:06:58.483+0000] {processor.py:183} INFO - Processing /home/airflow/.local/lib/python3.12/site-packages/airflow/example_dags/example_complex.py took 0.040 seconds
[2025-01-18T08:07:28.844+0000] {processor.py:161} INFO - Started process (PID=1141) to work on /home/airflow/.local/lib/python3.12/site-packages/airflow/example_dags/example_complex.py
[2025-01-18T08:07:28.845+0000] {processor.py:830} INFO - Processing file /home/airflow/.local/lib/python3.12/site-packages/airflow/example_dags/example_complex.py for tasks to queue
[2025-01-18T08:07:28.849+0000] {logging_mixin.py:188} INFO - [2025-01-18T08:07:28.849+0000] {dagbag.py:545} INFO - Filling up the DagBag from /home/airflow/.local/lib/python3.12/site-packages/airflow/example_dags/example_complex.py
[2025-01-18T08:07:28.855+0000] {processor.py:840} INFO - DAG(s) 'example_complex' retrieved from /home/airflow/.local/lib/python3.12/site-packages/airflow/example_dags/example_complex.py
[2025-01-18T08:07:28.865+0000] {logging_mixin.py:188} INFO - [2025-01-18T08:07:28.865+0000] {dag.py:3089} INFO - Sync 1 DAGs
[2025-01-18T08:07:28.874+0000] {logging_mixin.py:188} INFO - [2025-01-18T08:07:28.874+0000] {dag.py:3947} INFO - Setting next_dagrun for example_complex to None, run_after=None
[2025-01-18T08:07:28.887+0000] {processor.py:183} INFO - Processing /home/airflow/.local/lib/python3.12/site-packages/airflow/example_dags/example_complex.py took 0.047 seconds
[2025-01-18T08:07:59.872+0000] {processor.py:161} INFO - Started process (PID=1405) to work on /home/airflow/.local/lib/python3.12/site-packages/airflow/example_dags/example_complex.py
[2025-01-18T08:07:59.873+0000] {processor.py:830} INFO - Processing file /home/airflow/.local/lib/python3.12/site-packages/airflow/example_dags/example_complex.py for tasks to queue
[2025-01-18T08:07:59.874+0000] {logging_mixin.py:188} INFO - [2025-01-18T08:07:59.874+0000] {dagbag.py:545} INFO - Filling up the DagBag from /home/airflow/.local/lib/python3.12/site-packages/airflow/example_dags/example_complex.py
[2025-01-18T08:07:59.879+0000] {processor.py:840} INFO - DAG(s) 'example_complex' retrieved from /home/airflow/.local/lib/python3.12/site-packages/airflow/example_dags/example_complex.py
[2025-01-18T08:07:59.934+0000] {logging_mixin.py:188} INFO - [2025-01-18T08:07:59.933+0000] {dag.py:3089} INFO - Sync 1 DAGs
[2025-01-18T08:07:59.939+0000] {logging_mixin.py:188} INFO - [2025-01-18T08:07:59.939+0000] {dag.py:3947} INFO - Setting next_dagrun for example_complex to None, run_after=None
[2025-01-18T08:07:59.951+0000] {processor.py:183} INFO - Processing /home/airflow/.local/lib/python3.12/site-packages/airflow/example_dags/example_complex.py took 0.082 seconds
[2025-01-18T08:08:30.693+0000] {processor.py:161} INFO - Started process (PID=1672) to work on /home/airflow/.local/lib/python3.12/site-packages/airflow/example_dags/example_complex.py
[2025-01-18T08:08:30.694+0000] {processor.py:830} INFO - Processing file /home/airflow/.local/lib/python3.12/site-packages/airflow/example_dags/example_complex.py for tasks to queue
[2025-01-18T08:08:30.695+0000] {logging_mixin.py:188} INFO - [2025-01-18T08:08:30.695+0000] {dagbag.py:545} INFO - Filling up the DagBag from /home/airflow/.local/lib/python3.12/site-packages/airflow/example_dags/example_complex.py
[2025-01-18T08:08:30.701+0000] {processor.py:840} INFO - DAG(s) 'example_complex' retrieved from /home/airflow/.local/lib/python3.12/site-packages/airflow/example_dags/example_complex.py
[2025-01-18T08:08:30.719+0000] {logging_mixin.py:188} INFO - [2025-01-18T08:08:30.719+0000] {dag.py:3089} INFO - Sync 1 DAGs
[2025-01-18T08:08:30.726+0000] {logging_mixin.py:188} INFO - [2025-01-18T08:08:30.726+0000] {dag.py:3947} INFO - Setting next_dagrun for example_complex to None, run_after=None
[2025-01-18T08:08:30.737+0000] {processor.py:183} INFO - Processing /home/airflow/.local/lib/python3.12/site-packages/airflow/example_dags/example_complex.py took 0.047 seconds
[2025-01-18T08:09:00.849+0000] {processor.py:161} INFO - Started process (PID=1941) to work on /home/airflow/.local/lib/python3.12/site-packages/airflow/example_dags/example_complex.py
[2025-01-18T08:09:00.850+0000] {processor.py:830} INFO - Processing file /home/airflow/.local/lib/python3.12/site-packages/airflow/example_dags/example_complex.py for tasks to queue
[2025-01-18T08:09:00.851+0000] {logging_mixin.py:188} INFO - [2025-01-18T08:09:00.851+0000] {dagbag.py:545} INFO - Filling up the DagBag from /home/airflow/.local/lib/python3.12/site-packages/airflow/example_dags/example_complex.py
[2025-01-18T08:09:00.857+0000] {processor.py:840} INFO - DAG(s) 'example_complex' retrieved from /home/airflow/.local/lib/python3.12/site-packages/airflow/example_dags/example_complex.py
[2025-01-18T08:09:00.874+0000] {logging_mixin.py:188} INFO - [2025-01-18T08:09:00.874+0000] {dag.py:3089} INFO - Sync 1 DAGs
[2025-01-18T08:09:00.881+0000] {logging_mixin.py:188} INFO - [2025-01-18T08:09:00.880+0000] {dag.py:3947} INFO - Setting next_dagrun for example_complex to None, run_after=None
[2025-01-18T08:09:00.896+0000] {processor.py:183} INFO - Processing /home/airflow/.local/lib/python3.12/site-packages/airflow/example_dags/example_complex.py took 0.050 seconds
