[2025-01-11T11:45:56.054+0000] {processor.py:161} INFO - Started process (PID=186) to work on /opt/airflow/dags/first_dag.py
[2025-01-11T11:45:56.054+0000] {processor.py:830} INFO - Processing file /opt/airflow/dags/first_dag.py for tasks to queue
[2025-01-11T11:45:56.056+0000] {logging_mixin.py:188} INFO - [2025-01-11T11:45:56.055+0000] {dagbag.py:545} INFO - Filling up the DagBag from /opt/airflow/dags/first_dag.py
[2025-01-11T11:45:56.068+0000] {processor.py:840} INFO - DAG(s) 'first_dag' retrieved from /opt/airflow/dags/first_dag.py
[2025-01-11T11:45:56.078+0000] {logging_mixin.py:188} INFO - [2025-01-11T11:45:56.078+0000] {dag.py:3089} INFO - Sync 1 DAGs
[2025-01-11T11:45:56.092+0000] {logging_mixin.py:188} INFO - [2025-01-11T11:45:56.092+0000] {dag.py:3947} INFO - Setting next_dagrun for first_dag to 2024-07-23 00:00:00+00:00, run_after=2024-07-24 00:00:00+00:00
[2025-01-11T11:45:56.104+0000] {processor.py:183} INFO - Processing /opt/airflow/dags/first_dag.py took 0.054 seconds
[2025-01-11T11:46:26.910+0000] {processor.py:161} INFO - Started process (PID=463) to work on /opt/airflow/dags/first_dag.py
[2025-01-11T11:46:26.911+0000] {processor.py:830} INFO - Processing file /opt/airflow/dags/first_dag.py for tasks to queue
[2025-01-11T11:46:26.912+0000] {logging_mixin.py:188} INFO - [2025-01-11T11:46:26.912+0000] {dagbag.py:545} INFO - Filling up the DagBag from /opt/airflow/dags/first_dag.py
[2025-01-11T11:46:26.926+0000] {processor.py:840} INFO - DAG(s) 'first_dag' retrieved from /opt/airflow/dags/first_dag.py
[2025-01-11T11:46:26.936+0000] {logging_mixin.py:188} INFO - [2025-01-11T11:46:26.936+0000] {dag.py:3089} INFO - Sync 1 DAGs
[2025-01-11T11:46:26.950+0000] {logging_mixin.py:188} INFO - [2025-01-11T11:46:26.950+0000] {dag.py:3947} INFO - Setting next_dagrun for first_dag to 2024-07-23 00:00:00+00:00, run_after=2024-07-24 00:00:00+00:00
[2025-01-11T11:46:26.961+0000] {processor.py:183} INFO - Processing /opt/airflow/dags/first_dag.py took 0.055 seconds
[2025-01-11T11:46:57.155+0000] {processor.py:161} INFO - Started process (PID=740) to work on /opt/airflow/dags/first_dag.py
[2025-01-11T11:46:57.156+0000] {processor.py:830} INFO - Processing file /opt/airflow/dags/first_dag.py for tasks to queue
[2025-01-11T11:46:57.157+0000] {logging_mixin.py:188} INFO - [2025-01-11T11:46:57.156+0000] {dagbag.py:545} INFO - Filling up the DagBag from /opt/airflow/dags/first_dag.py
[2025-01-11T11:46:57.168+0000] {processor.py:840} INFO - DAG(s) 'first_dag' retrieved from /opt/airflow/dags/first_dag.py
[2025-01-11T11:46:57.225+0000] {logging_mixin.py:188} INFO - [2025-01-11T11:46:57.225+0000] {dag.py:3089} INFO - Sync 1 DAGs
[2025-01-11T11:46:57.235+0000] {logging_mixin.py:188} INFO - [2025-01-11T11:46:57.235+0000] {dag.py:3947} INFO - Setting next_dagrun for first_dag to 2024-07-23 00:00:00+00:00, run_after=2024-07-24 00:00:00+00:00
[2025-01-11T11:46:57.246+0000] {processor.py:183} INFO - Processing /opt/airflow/dags/first_dag.py took 0.095 seconds
[2025-01-11T11:47:27.573+0000] {processor.py:161} INFO - Started process (PID=1016) to work on /opt/airflow/dags/first_dag.py
[2025-01-11T11:47:27.574+0000] {processor.py:830} INFO - Processing file /opt/airflow/dags/first_dag.py for tasks to queue
[2025-01-11T11:47:27.576+0000] {logging_mixin.py:188} INFO - [2025-01-11T11:47:27.576+0000] {dagbag.py:545} INFO - Filling up the DagBag from /opt/airflow/dags/first_dag.py
[2025-01-11T11:47:27.589+0000] {processor.py:840} INFO - DAG(s) 'first_dag' retrieved from /opt/airflow/dags/first_dag.py
[2025-01-11T11:47:27.597+0000] {logging_mixin.py:188} INFO - [2025-01-11T11:47:27.597+0000] {dag.py:3089} INFO - Sync 1 DAGs
[2025-01-11T11:47:27.612+0000] {logging_mixin.py:188} INFO - [2025-01-11T11:47:27.612+0000] {dag.py:3947} INFO - Setting next_dagrun for first_dag to 2024-07-23 00:00:00+00:00, run_after=2024-07-24 00:00:00+00:00
[2025-01-11T11:47:27.628+0000] {processor.py:183} INFO - Processing /opt/airflow/dags/first_dag.py took 0.059 seconds
[2025-01-11T11:47:58.074+0000] {processor.py:161} INFO - Started process (PID=1295) to work on /opt/airflow/dags/first_dag.py
[2025-01-11T11:47:58.075+0000] {processor.py:830} INFO - Processing file /opt/airflow/dags/first_dag.py for tasks to queue
[2025-01-11T11:47:58.076+0000] {logging_mixin.py:188} INFO - [2025-01-11T11:47:58.076+0000] {dagbag.py:545} INFO - Filling up the DagBag from /opt/airflow/dags/first_dag.py
[2025-01-11T11:47:58.089+0000] {processor.py:840} INFO - DAG(s) 'first_dag' retrieved from /opt/airflow/dags/first_dag.py
[2025-01-11T11:47:58.143+0000] {logging_mixin.py:188} INFO - [2025-01-11T11:47:58.143+0000] {dag.py:3089} INFO - Sync 1 DAGs
[2025-01-11T11:47:58.153+0000] {logging_mixin.py:188} INFO - [2025-01-11T11:47:58.153+0000] {dag.py:3947} INFO - Setting next_dagrun for first_dag to 2024-07-23 00:00:00+00:00, run_after=2024-07-24 00:00:00+00:00
[2025-01-11T11:47:58.165+0000] {processor.py:183} INFO - Processing /opt/airflow/dags/first_dag.py took 0.095 seconds
[2025-01-11T11:48:29.426+0000] {processor.py:161} INFO - Started process (PID=1572) to work on /opt/airflow/dags/first_dag.py
[2025-01-11T11:48:29.427+0000] {processor.py:830} INFO - Processing file /opt/airflow/dags/first_dag.py for tasks to queue
[2025-01-11T11:48:29.429+0000] {logging_mixin.py:188} INFO - [2025-01-11T11:48:29.428+0000] {dagbag.py:545} INFO - Filling up the DagBag from /opt/airflow/dags/first_dag.py
[2025-01-11T11:48:29.440+0000] {processor.py:840} INFO - DAG(s) 'first_dag' retrieved from /opt/airflow/dags/first_dag.py
[2025-01-11T11:48:29.449+0000] {logging_mixin.py:188} INFO - [2025-01-11T11:48:29.449+0000] {dag.py:3089} INFO - Sync 1 DAGs
[2025-01-11T11:48:29.463+0000] {logging_mixin.py:188} INFO - [2025-01-11T11:48:29.463+0000] {dag.py:3947} INFO - Setting next_dagrun for first_dag to 2024-07-23 00:00:00+00:00, run_after=2024-07-24 00:00:00+00:00
[2025-01-11T11:48:29.475+0000] {processor.py:183} INFO - Processing /opt/airflow/dags/first_dag.py took 0.053 seconds
[2025-01-11T11:48:59.526+0000] {processor.py:161} INFO - Started process (PID=1841) to work on /opt/airflow/dags/first_dag.py
[2025-01-11T11:48:59.527+0000] {processor.py:830} INFO - Processing file /opt/airflow/dags/first_dag.py for tasks to queue
[2025-01-11T11:48:59.529+0000] {logging_mixin.py:188} INFO - [2025-01-11T11:48:59.528+0000] {dagbag.py:545} INFO - Filling up the DagBag from /opt/airflow/dags/first_dag.py
[2025-01-11T11:48:59.543+0000] {processor.py:840} INFO - DAG(s) 'first_dag' retrieved from /opt/airflow/dags/first_dag.py
[2025-01-11T11:48:59.607+0000] {logging_mixin.py:188} INFO - [2025-01-11T11:48:59.607+0000] {dag.py:3089} INFO - Sync 1 DAGs
[2025-01-11T11:48:59.620+0000] {logging_mixin.py:188} INFO - [2025-01-11T11:48:59.619+0000] {dag.py:3947} INFO - Setting next_dagrun for first_dag to 2024-07-23 00:00:00+00:00, run_after=2024-07-24 00:00:00+00:00
[2025-01-11T11:48:59.632+0000] {processor.py:183} INFO - Processing /opt/airflow/dags/first_dag.py took 0.113 seconds
[2025-01-11T11:49:29.898+0000] {processor.py:161} INFO - Started process (PID=1957) to work on /opt/airflow/dags/first_dag.py
[2025-01-11T11:49:29.899+0000] {processor.py:830} INFO - Processing file /opt/airflow/dags/first_dag.py for tasks to queue
[2025-01-11T11:49:29.900+0000] {logging_mixin.py:188} INFO - [2025-01-11T11:49:29.900+0000] {dagbag.py:545} INFO - Filling up the DagBag from /opt/airflow/dags/first_dag.py
[2025-01-11T11:49:29.913+0000] {processor.py:840} INFO - DAG(s) 'first_dag' retrieved from /opt/airflow/dags/first_dag.py
[2025-01-11T11:49:29.922+0000] {logging_mixin.py:188} INFO - [2025-01-11T11:49:29.922+0000] {dag.py:3089} INFO - Sync 1 DAGs
[2025-01-11T11:49:29.936+0000] {logging_mixin.py:188} INFO - [2025-01-11T11:49:29.936+0000] {dag.py:3947} INFO - Setting next_dagrun for first_dag to 2024-07-23 00:00:00+00:00, run_after=2024-07-24 00:00:00+00:00
[2025-01-11T11:49:29.948+0000] {processor.py:183} INFO - Processing /opt/airflow/dags/first_dag.py took 0.054 seconds
[2025-01-11T11:50:00.392+0000] {processor.py:161} INFO - Started process (PID=2236) to work on /opt/airflow/dags/first_dag.py
[2025-01-11T11:50:00.392+0000] {processor.py:830} INFO - Processing file /opt/airflow/dags/first_dag.py for tasks to queue
[2025-01-11T11:50:00.394+0000] {logging_mixin.py:188} INFO - [2025-01-11T11:50:00.393+0000] {dagbag.py:545} INFO - Filling up the DagBag from /opt/airflow/dags/first_dag.py
[2025-01-11T11:50:00.407+0000] {processor.py:840} INFO - DAG(s) 'first_dag' retrieved from /opt/airflow/dags/first_dag.py
[2025-01-11T11:50:00.466+0000] {logging_mixin.py:188} INFO - [2025-01-11T11:50:00.465+0000] {dag.py:3089} INFO - Sync 1 DAGs
[2025-01-11T11:50:00.476+0000] {logging_mixin.py:188} INFO - [2025-01-11T11:50:00.476+0000] {dag.py:3947} INFO - Setting next_dagrun for first_dag to 2024-07-23 00:00:00+00:00, run_after=2024-07-24 00:00:00+00:00
[2025-01-11T11:50:00.490+0000] {processor.py:183} INFO - Processing /opt/airflow/dags/first_dag.py took 0.103 seconds
[2025-01-11T11:50:31.101+0000] {processor.py:161} INFO - Started process (PID=2511) to work on /opt/airflow/dags/first_dag.py
[2025-01-11T11:50:31.102+0000] {processor.py:830} INFO - Processing file /opt/airflow/dags/first_dag.py for tasks to queue
[2025-01-11T11:50:31.104+0000] {logging_mixin.py:188} INFO - [2025-01-11T11:50:31.104+0000] {dagbag.py:545} INFO - Filling up the DagBag from /opt/airflow/dags/first_dag.py
[2025-01-11T11:50:31.119+0000] {processor.py:840} INFO - DAG(s) 'first_dag' retrieved from /opt/airflow/dags/first_dag.py
[2025-01-11T11:50:31.128+0000] {logging_mixin.py:188} INFO - [2025-01-11T11:50:31.128+0000] {dag.py:3089} INFO - Sync 1 DAGs
[2025-01-11T11:50:31.141+0000] {logging_mixin.py:188} INFO - [2025-01-11T11:50:31.141+0000] {dag.py:3947} INFO - Setting next_dagrun for first_dag to 2024-07-23 00:00:00+00:00, run_after=2024-07-24 00:00:00+00:00
[2025-01-11T11:50:31.155+0000] {processor.py:183} INFO - Processing /opt/airflow/dags/first_dag.py took 0.058 seconds
[2025-01-11T11:51:01.271+0000] {processor.py:161} INFO - Started process (PID=2790) to work on /opt/airflow/dags/first_dag.py
[2025-01-11T11:51:01.272+0000] {processor.py:830} INFO - Processing file /opt/airflow/dags/first_dag.py for tasks to queue
[2025-01-11T11:51:01.274+0000] {logging_mixin.py:188} INFO - [2025-01-11T11:51:01.273+0000] {dagbag.py:545} INFO - Filling up the DagBag from /opt/airflow/dags/first_dag.py
[2025-01-11T11:51:01.285+0000] {processor.py:840} INFO - DAG(s) 'first_dag' retrieved from /opt/airflow/dags/first_dag.py
[2025-01-11T11:51:01.335+0000] {logging_mixin.py:188} INFO - [2025-01-11T11:51:01.335+0000] {dag.py:3089} INFO - Sync 1 DAGs
[2025-01-11T11:51:01.344+0000] {logging_mixin.py:188} INFO - [2025-01-11T11:51:01.344+0000] {dag.py:3947} INFO - Setting next_dagrun for first_dag to 2024-07-23 00:00:00+00:00, run_after=2024-07-24 00:00:00+00:00
[2025-01-11T11:51:01.354+0000] {processor.py:183} INFO - Processing /opt/airflow/dags/first_dag.py took 0.088 seconds
[2025-01-11T11:51:34.650+0000] {processor.py:161} INFO - Started process (PID=3065) to work on /opt/airflow/dags/first_dag.py
[2025-01-11T11:51:34.650+0000] {processor.py:830} INFO - Processing file /opt/airflow/dags/first_dag.py for tasks to queue
[2025-01-11T11:51:34.652+0000] {logging_mixin.py:188} INFO - [2025-01-11T11:51:34.651+0000] {dagbag.py:545} INFO - Filling up the DagBag from /opt/airflow/dags/first_dag.py
[2025-01-11T11:51:34.664+0000] {processor.py:840} INFO - DAG(s) 'first_dag' retrieved from /opt/airflow/dags/first_dag.py
[2025-01-11T11:51:34.672+0000] {logging_mixin.py:188} INFO - [2025-01-11T11:51:34.672+0000] {dag.py:3089} INFO - Sync 1 DAGs
[2025-01-11T11:51:34.686+0000] {logging_mixin.py:188} INFO - [2025-01-11T11:51:34.686+0000] {dag.py:3947} INFO - Setting next_dagrun for first_dag to 2024-07-23 00:00:00+00:00, run_after=2024-07-24 00:00:00+00:00
[2025-01-11T11:51:34.698+0000] {processor.py:183} INFO - Processing /opt/airflow/dags/first_dag.py took 0.053 seconds
[2025-01-11T11:52:04.972+0000] {processor.py:161} INFO - Started process (PID=3344) to work on /opt/airflow/dags/first_dag.py
[2025-01-11T11:52:04.972+0000] {processor.py:830} INFO - Processing file /opt/airflow/dags/first_dag.py for tasks to queue
[2025-01-11T11:52:04.973+0000] {logging_mixin.py:188} INFO - [2025-01-11T11:52:04.973+0000] {dagbag.py:545} INFO - Filling up the DagBag from /opt/airflow/dags/first_dag.py
[2025-01-11T11:52:04.986+0000] {processor.py:840} INFO - DAG(s) 'first_dag' retrieved from /opt/airflow/dags/first_dag.py
[2025-01-11T11:52:05.044+0000] {logging_mixin.py:188} INFO - [2025-01-11T11:52:05.043+0000] {dag.py:3089} INFO - Sync 1 DAGs
[2025-01-11T11:52:05.054+0000] {logging_mixin.py:188} INFO - [2025-01-11T11:52:05.054+0000] {dag.py:3947} INFO - Setting next_dagrun for first_dag to 2024-07-23 00:00:00+00:00, run_after=2024-07-24 00:00:00+00:00
[2025-01-11T11:52:05.065+0000] {processor.py:183} INFO - Processing /opt/airflow/dags/first_dag.py took 0.098 seconds
[2025-01-11T11:52:35.551+0000] {processor.py:161} INFO - Started process (PID=3619) to work on /opt/airflow/dags/first_dag.py
[2025-01-11T11:52:35.552+0000] {processor.py:830} INFO - Processing file /opt/airflow/dags/first_dag.py for tasks to queue
[2025-01-11T11:52:35.553+0000] {logging_mixin.py:188} INFO - [2025-01-11T11:52:35.553+0000] {dagbag.py:545} INFO - Filling up the DagBag from /opt/airflow/dags/first_dag.py
[2025-01-11T11:52:35.567+0000] {processor.py:840} INFO - DAG(s) 'first_dag' retrieved from /opt/airflow/dags/first_dag.py
[2025-01-11T11:52:35.577+0000] {logging_mixin.py:188} INFO - [2025-01-11T11:52:35.576+0000] {dag.py:3089} INFO - Sync 1 DAGs
[2025-01-11T11:52:35.591+0000] {logging_mixin.py:188} INFO - [2025-01-11T11:52:35.591+0000] {dag.py:3947} INFO - Setting next_dagrun for first_dag to 2024-07-23 00:00:00+00:00, run_after=2024-07-24 00:00:00+00:00
[2025-01-11T11:52:35.605+0000] {processor.py:183} INFO - Processing /opt/airflow/dags/first_dag.py took 0.060 seconds
[2025-01-11T11:53:06.053+0000] {processor.py:161} INFO - Started process (PID=3898) to work on /opt/airflow/dags/first_dag.py
[2025-01-11T11:53:06.054+0000] {processor.py:830} INFO - Processing file /opt/airflow/dags/first_dag.py for tasks to queue
[2025-01-11T11:53:06.056+0000] {logging_mixin.py:188} INFO - [2025-01-11T11:53:06.055+0000] {dagbag.py:545} INFO - Filling up the DagBag from /opt/airflow/dags/first_dag.py
[2025-01-11T11:53:06.078+0000] {processor.py:840} INFO - DAG(s) 'first_dag' retrieved from /opt/airflow/dags/first_dag.py
[2025-01-11T11:53:06.162+0000] {logging_mixin.py:188} INFO - [2025-01-11T11:53:06.162+0000] {dag.py:3089} INFO - Sync 1 DAGs
[2025-01-11T11:53:06.176+0000] {logging_mixin.py:188} INFO - [2025-01-11T11:53:06.176+0000] {dag.py:3947} INFO - Setting next_dagrun for first_dag to 2024-07-23 00:00:00+00:00, run_after=2024-07-24 00:00:00+00:00
[2025-01-11T11:53:06.189+0000] {processor.py:183} INFO - Processing /opt/airflow/dags/first_dag.py took 0.140 seconds
[2025-01-11T11:53:37.015+0000] {processor.py:161} INFO - Started process (PID=4173) to work on /opt/airflow/dags/first_dag.py
[2025-01-11T11:53:37.016+0000] {processor.py:830} INFO - Processing file /opt/airflow/dags/first_dag.py for tasks to queue
[2025-01-11T11:53:37.018+0000] {logging_mixin.py:188} INFO - [2025-01-11T11:53:37.018+0000] {dagbag.py:545} INFO - Filling up the DagBag from /opt/airflow/dags/first_dag.py
[2025-01-11T11:53:37.030+0000] {processor.py:840} INFO - DAG(s) 'first_dag' retrieved from /opt/airflow/dags/first_dag.py
[2025-01-11T11:53:37.039+0000] {logging_mixin.py:188} INFO - [2025-01-11T11:53:37.039+0000] {dag.py:3089} INFO - Sync 1 DAGs
[2025-01-11T11:53:37.053+0000] {logging_mixin.py:188} INFO - [2025-01-11T11:53:37.053+0000] {dag.py:3947} INFO - Setting next_dagrun for first_dag to 2024-07-23 00:00:00+00:00, run_after=2024-07-24 00:00:00+00:00
[2025-01-11T11:53:37.067+0000] {processor.py:183} INFO - Processing /opt/airflow/dags/first_dag.py took 0.057 seconds
[2025-01-11T11:54:08.213+0000] {processor.py:161} INFO - Started process (PID=4452) to work on /opt/airflow/dags/first_dag.py
[2025-01-11T11:54:08.214+0000] {processor.py:830} INFO - Processing file /opt/airflow/dags/first_dag.py for tasks to queue
[2025-01-11T11:54:08.215+0000] {logging_mixin.py:188} INFO - [2025-01-11T11:54:08.215+0000] {dagbag.py:545} INFO - Filling up the DagBag from /opt/airflow/dags/first_dag.py
[2025-01-11T11:54:08.226+0000] {processor.py:840} INFO - DAG(s) 'first_dag' retrieved from /opt/airflow/dags/first_dag.py
[2025-01-11T11:54:08.279+0000] {logging_mixin.py:188} INFO - [2025-01-11T11:54:08.279+0000] {dag.py:3089} INFO - Sync 1 DAGs
[2025-01-11T11:54:08.289+0000] {logging_mixin.py:188} INFO - [2025-01-11T11:54:08.289+0000] {dag.py:3947} INFO - Setting next_dagrun for first_dag to 2024-07-23 00:00:00+00:00, run_after=2024-07-24 00:00:00+00:00
[2025-01-11T11:54:08.301+0000] {processor.py:183} INFO - Processing /opt/airflow/dags/first_dag.py took 0.092 seconds
[2025-01-11T11:54:38.519+0000] {processor.py:161} INFO - Started process (PID=4727) to work on /opt/airflow/dags/first_dag.py
[2025-01-11T11:54:38.519+0000] {processor.py:830} INFO - Processing file /opt/airflow/dags/first_dag.py for tasks to queue
[2025-01-11T11:54:38.520+0000] {logging_mixin.py:188} INFO - [2025-01-11T11:54:38.520+0000] {dagbag.py:545} INFO - Filling up the DagBag from /opt/airflow/dags/first_dag.py
[2025-01-11T11:54:38.538+0000] {processor.py:840} INFO - DAG(s) 'first_dag' retrieved from /opt/airflow/dags/first_dag.py
[2025-01-11T11:54:38.548+0000] {logging_mixin.py:188} INFO - [2025-01-11T11:54:38.548+0000] {dag.py:3089} INFO - Sync 1 DAGs
[2025-01-11T11:54:38.563+0000] {logging_mixin.py:188} INFO - [2025-01-11T11:54:38.563+0000] {dag.py:3947} INFO - Setting next_dagrun for first_dag to 2024-07-23 00:00:00+00:00, run_after=2024-07-24 00:00:00+00:00
[2025-01-11T11:54:38.578+0000] {processor.py:183} INFO - Processing /opt/airflow/dags/first_dag.py took 0.065 seconds
[2025-01-11T11:55:09.155+0000] {processor.py:161} INFO - Started process (PID=5006) to work on /opt/airflow/dags/first_dag.py
[2025-01-11T11:55:09.155+0000] {processor.py:830} INFO - Processing file /opt/airflow/dags/first_dag.py for tasks to queue
[2025-01-11T11:55:09.156+0000] {logging_mixin.py:188} INFO - [2025-01-11T11:55:09.156+0000] {dagbag.py:545} INFO - Filling up the DagBag from /opt/airflow/dags/first_dag.py
[2025-01-11T11:55:09.168+0000] {processor.py:840} INFO - DAG(s) 'first_dag' retrieved from /opt/airflow/dags/first_dag.py
[2025-01-11T11:55:09.222+0000] {logging_mixin.py:188} INFO - [2025-01-11T11:55:09.222+0000] {dag.py:3089} INFO - Sync 1 DAGs
[2025-01-11T11:55:09.231+0000] {logging_mixin.py:188} INFO - [2025-01-11T11:55:09.231+0000] {dag.py:3947} INFO - Setting next_dagrun for first_dag to 2024-07-23 00:00:00+00:00, run_after=2024-07-24 00:00:00+00:00
[2025-01-11T11:55:09.242+0000] {processor.py:183} INFO - Processing /opt/airflow/dags/first_dag.py took 0.092 seconds
[2025-01-11T11:55:40.107+0000] {processor.py:161} INFO - Started process (PID=5281) to work on /opt/airflow/dags/first_dag.py
[2025-01-11T11:55:40.108+0000] {processor.py:830} INFO - Processing file /opt/airflow/dags/first_dag.py for tasks to queue
[2025-01-11T11:55:40.109+0000] {logging_mixin.py:188} INFO - [2025-01-11T11:55:40.109+0000] {dagbag.py:545} INFO - Filling up the DagBag from /opt/airflow/dags/first_dag.py
[2025-01-11T11:55:40.122+0000] {processor.py:840} INFO - DAG(s) 'first_dag' retrieved from /opt/airflow/dags/first_dag.py
[2025-01-11T11:55:40.133+0000] {logging_mixin.py:188} INFO - [2025-01-11T11:55:40.133+0000] {dag.py:3089} INFO - Sync 1 DAGs
[2025-01-11T11:55:40.148+0000] {logging_mixin.py:188} INFO - [2025-01-11T11:55:40.148+0000] {dag.py:3947} INFO - Setting next_dagrun for first_dag to 2024-07-23 00:00:00+00:00, run_after=2024-07-24 00:00:00+00:00
[2025-01-11T11:55:40.159+0000] {processor.py:183} INFO - Processing /opt/airflow/dags/first_dag.py took 0.058 seconds
[2025-01-11T11:56:11.410+0000] {processor.py:161} INFO - Started process (PID=5561) to work on /opt/airflow/dags/first_dag.py
[2025-01-11T11:56:11.411+0000] {processor.py:830} INFO - Processing file /opt/airflow/dags/first_dag.py for tasks to queue
[2025-01-11T11:56:11.412+0000] {logging_mixin.py:188} INFO - [2025-01-11T11:56:11.412+0000] {dagbag.py:545} INFO - Filling up the DagBag from /opt/airflow/dags/first_dag.py
[2025-01-11T11:56:11.424+0000] {processor.py:840} INFO - DAG(s) 'first_dag' retrieved from /opt/airflow/dags/first_dag.py
[2025-01-11T11:56:11.477+0000] {logging_mixin.py:188} INFO - [2025-01-11T11:56:11.477+0000] {dag.py:3089} INFO - Sync 1 DAGs
[2025-01-11T11:56:11.487+0000] {logging_mixin.py:188} INFO - [2025-01-11T11:56:11.486+0000] {dag.py:3947} INFO - Setting next_dagrun for first_dag to 2024-07-23 00:00:00+00:00, run_after=2024-07-24 00:00:00+00:00
[2025-01-11T11:56:11.498+0000] {processor.py:183} INFO - Processing /opt/airflow/dags/first_dag.py took 0.091 seconds
[2025-01-11T11:56:41.716+0000] {processor.py:161} INFO - Started process (PID=5836) to work on /opt/airflow/dags/first_dag.py
[2025-01-11T11:56:41.717+0000] {processor.py:830} INFO - Processing file /opt/airflow/dags/first_dag.py for tasks to queue
[2025-01-11T11:56:41.718+0000] {logging_mixin.py:188} INFO - [2025-01-11T11:56:41.718+0000] {dagbag.py:545} INFO - Filling up the DagBag from /opt/airflow/dags/first_dag.py
[2025-01-11T11:56:41.733+0000] {processor.py:840} INFO - DAG(s) 'first_dag' retrieved from /opt/airflow/dags/first_dag.py
[2025-01-11T11:56:41.745+0000] {logging_mixin.py:188} INFO - [2025-01-11T11:56:41.744+0000] {dag.py:3089} INFO - Sync 1 DAGs
[2025-01-11T11:56:41.759+0000] {logging_mixin.py:188} INFO - [2025-01-11T11:56:41.759+0000] {dag.py:3947} INFO - Setting next_dagrun for first_dag to 2024-07-23 00:00:00+00:00, run_after=2024-07-24 00:00:00+00:00
[2025-01-11T11:56:41.771+0000] {processor.py:183} INFO - Processing /opt/airflow/dags/first_dag.py took 0.059 seconds
[2025-01-11T11:57:12.114+0000] {processor.py:161} INFO - Started process (PID=6115) to work on /opt/airflow/dags/first_dag.py
[2025-01-11T11:57:12.115+0000] {processor.py:830} INFO - Processing file /opt/airflow/dags/first_dag.py for tasks to queue
[2025-01-11T11:57:12.116+0000] {logging_mixin.py:188} INFO - [2025-01-11T11:57:12.116+0000] {dagbag.py:545} INFO - Filling up the DagBag from /opt/airflow/dags/first_dag.py
[2025-01-11T11:57:12.127+0000] {processor.py:840} INFO - DAG(s) 'first_dag' retrieved from /opt/airflow/dags/first_dag.py
[2025-01-11T11:57:12.176+0000] {logging_mixin.py:188} INFO - [2025-01-11T11:57:12.176+0000] {dag.py:3089} INFO - Sync 1 DAGs
[2025-01-11T11:57:12.186+0000] {logging_mixin.py:188} INFO - [2025-01-11T11:57:12.185+0000] {dag.py:3947} INFO - Setting next_dagrun for first_dag to 2024-07-23 00:00:00+00:00, run_after=2024-07-24 00:00:00+00:00
[2025-01-11T11:57:12.196+0000] {processor.py:183} INFO - Processing /opt/airflow/dags/first_dag.py took 0.086 seconds
[2025-01-11T11:57:45.291+0000] {processor.py:161} INFO - Started process (PID=6390) to work on /opt/airflow/dags/first_dag.py
[2025-01-11T11:57:45.292+0000] {processor.py:830} INFO - Processing file /opt/airflow/dags/first_dag.py for tasks to queue
[2025-01-11T11:57:45.294+0000] {logging_mixin.py:188} INFO - [2025-01-11T11:57:45.293+0000] {dagbag.py:545} INFO - Filling up the DagBag from /opt/airflow/dags/first_dag.py
[2025-01-11T11:57:45.307+0000] {processor.py:840} INFO - DAG(s) 'first_dag' retrieved from /opt/airflow/dags/first_dag.py
[2025-01-11T11:57:45.320+0000] {logging_mixin.py:188} INFO - [2025-01-11T11:57:45.320+0000] {dag.py:3089} INFO - Sync 1 DAGs
[2025-01-11T11:57:45.336+0000] {logging_mixin.py:188} INFO - [2025-01-11T11:57:45.336+0000] {dag.py:3947} INFO - Setting next_dagrun for first_dag to 2024-07-23 00:00:00+00:00, run_after=2024-07-24 00:00:00+00:00
[2025-01-11T11:57:45.350+0000] {processor.py:183} INFO - Processing /opt/airflow/dags/first_dag.py took 0.063 seconds
[2025-01-11T11:58:15.854+0000] {processor.py:161} INFO - Started process (PID=6669) to work on /opt/airflow/dags/first_dag.py
[2025-01-11T11:58:15.855+0000] {processor.py:830} INFO - Processing file /opt/airflow/dags/first_dag.py for tasks to queue
[2025-01-11T11:58:15.856+0000] {logging_mixin.py:188} INFO - [2025-01-11T11:58:15.855+0000] {dagbag.py:545} INFO - Filling up the DagBag from /opt/airflow/dags/first_dag.py
[2025-01-11T11:58:15.867+0000] {processor.py:840} INFO - DAG(s) 'first_dag' retrieved from /opt/airflow/dags/first_dag.py
[2025-01-11T11:58:15.919+0000] {logging_mixin.py:188} INFO - [2025-01-11T11:58:15.919+0000] {dag.py:3089} INFO - Sync 1 DAGs
[2025-01-11T11:58:15.928+0000] {logging_mixin.py:188} INFO - [2025-01-11T11:58:15.928+0000] {dag.py:3947} INFO - Setting next_dagrun for first_dag to 2024-07-23 00:00:00+00:00, run_after=2024-07-24 00:00:00+00:00
[2025-01-11T11:58:15.940+0000] {processor.py:183} INFO - Processing /opt/airflow/dags/first_dag.py took 0.090 seconds
[2025-01-11T11:58:46.355+0000] {processor.py:161} INFO - Started process (PID=6944) to work on /opt/airflow/dags/first_dag.py
[2025-01-11T11:58:46.356+0000] {processor.py:830} INFO - Processing file /opt/airflow/dags/first_dag.py for tasks to queue
[2025-01-11T11:58:46.357+0000] {logging_mixin.py:188} INFO - [2025-01-11T11:58:46.357+0000] {dagbag.py:545} INFO - Filling up the DagBag from /opt/airflow/dags/first_dag.py
[2025-01-11T11:58:46.369+0000] {processor.py:840} INFO - DAG(s) 'first_dag' retrieved from /opt/airflow/dags/first_dag.py
[2025-01-11T11:58:46.378+0000] {logging_mixin.py:188} INFO - [2025-01-11T11:58:46.378+0000] {dag.py:3089} INFO - Sync 1 DAGs
[2025-01-11T11:58:46.391+0000] {logging_mixin.py:188} INFO - [2025-01-11T11:58:46.390+0000] {dag.py:3947} INFO - Setting next_dagrun for first_dag to 2024-07-23 00:00:00+00:00, run_after=2024-07-24 00:00:00+00:00
[2025-01-11T11:58:46.402+0000] {processor.py:183} INFO - Processing /opt/airflow/dags/first_dag.py took 0.051 seconds
[2025-01-11T11:59:17.830+0000] {processor.py:161} INFO - Started process (PID=7223) to work on /opt/airflow/dags/first_dag.py
[2025-01-11T11:59:17.831+0000] {processor.py:830} INFO - Processing file /opt/airflow/dags/first_dag.py for tasks to queue
[2025-01-11T11:59:17.832+0000] {logging_mixin.py:188} INFO - [2025-01-11T11:59:17.832+0000] {dagbag.py:545} INFO - Filling up the DagBag from /opt/airflow/dags/first_dag.py
[2025-01-11T11:59:17.843+0000] {processor.py:840} INFO - DAG(s) 'first_dag' retrieved from /opt/airflow/dags/first_dag.py
[2025-01-11T11:59:17.891+0000] {logging_mixin.py:188} INFO - [2025-01-11T11:59:17.890+0000] {dag.py:3089} INFO - Sync 1 DAGs
[2025-01-11T11:59:17.901+0000] {logging_mixin.py:188} INFO - [2025-01-11T11:59:17.900+0000] {dag.py:3947} INFO - Setting next_dagrun for first_dag to 2024-07-23 00:00:00+00:00, run_after=2024-07-24 00:00:00+00:00
[2025-01-11T11:59:17.911+0000] {processor.py:183} INFO - Processing /opt/airflow/dags/first_dag.py took 0.085 seconds
[2025-01-11T11:59:48.247+0000] {processor.py:161} INFO - Started process (PID=7498) to work on /opt/airflow/dags/first_dag.py
[2025-01-11T11:59:48.247+0000] {processor.py:830} INFO - Processing file /opt/airflow/dags/first_dag.py for tasks to queue
[2025-01-11T11:59:48.248+0000] {logging_mixin.py:188} INFO - [2025-01-11T11:59:48.248+0000] {dagbag.py:545} INFO - Filling up the DagBag from /opt/airflow/dags/first_dag.py
[2025-01-11T11:59:48.260+0000] {processor.py:840} INFO - DAG(s) 'first_dag' retrieved from /opt/airflow/dags/first_dag.py
[2025-01-11T11:59:48.268+0000] {logging_mixin.py:188} INFO - [2025-01-11T11:59:48.268+0000] {dag.py:3089} INFO - Sync 1 DAGs
[2025-01-11T11:59:48.281+0000] {logging_mixin.py:188} INFO - [2025-01-11T11:59:48.281+0000] {dag.py:3947} INFO - Setting next_dagrun for first_dag to 2024-07-23 00:00:00+00:00, run_after=2024-07-24 00:00:00+00:00
[2025-01-11T11:59:48.292+0000] {processor.py:183} INFO - Processing /opt/airflow/dags/first_dag.py took 0.050 seconds
[2025-01-11T12:00:19.325+0000] {processor.py:161} INFO - Started process (PID=7777) to work on /opt/airflow/dags/first_dag.py
[2025-01-11T12:00:19.326+0000] {processor.py:830} INFO - Processing file /opt/airflow/dags/first_dag.py for tasks to queue
[2025-01-11T12:00:19.327+0000] {logging_mixin.py:188} INFO - [2025-01-11T12:00:19.326+0000] {dagbag.py:545} INFO - Filling up the DagBag from /opt/airflow/dags/first_dag.py
[2025-01-11T12:00:19.337+0000] {processor.py:840} INFO - DAG(s) 'first_dag' retrieved from /opt/airflow/dags/first_dag.py
[2025-01-11T12:00:19.381+0000] {logging_mixin.py:188} INFO - [2025-01-11T12:00:19.381+0000] {dag.py:3089} INFO - Sync 1 DAGs
[2025-01-11T12:00:19.390+0000] {logging_mixin.py:188} INFO - [2025-01-11T12:00:19.390+0000] {dag.py:3947} INFO - Setting next_dagrun for first_dag to 2024-07-23 00:00:00+00:00, run_after=2024-07-24 00:00:00+00:00
[2025-01-11T12:00:19.400+0000] {processor.py:183} INFO - Processing /opt/airflow/dags/first_dag.py took 0.079 seconds
[2025-01-11T12:00:52.288+0000] {processor.py:161} INFO - Started process (PID=8052) to work on /opt/airflow/dags/first_dag.py
[2025-01-11T12:00:52.289+0000] {processor.py:830} INFO - Processing file /opt/airflow/dags/first_dag.py for tasks to queue
[2025-01-11T12:00:52.290+0000] {logging_mixin.py:188} INFO - [2025-01-11T12:00:52.290+0000] {dagbag.py:545} INFO - Filling up the DagBag from /opt/airflow/dags/first_dag.py
[2025-01-11T12:00:52.303+0000] {processor.py:840} INFO - DAG(s) 'first_dag' retrieved from /opt/airflow/dags/first_dag.py
[2025-01-11T12:00:52.312+0000] {logging_mixin.py:188} INFO - [2025-01-11T12:00:52.312+0000] {dag.py:3089} INFO - Sync 1 DAGs
[2025-01-11T12:00:52.327+0000] {logging_mixin.py:188} INFO - [2025-01-11T12:00:52.327+0000] {dag.py:3947} INFO - Setting next_dagrun for first_dag to 2024-07-23 00:00:00+00:00, run_after=2024-07-24 00:00:00+00:00
[2025-01-11T12:00:52.340+0000] {processor.py:183} INFO - Processing /opt/airflow/dags/first_dag.py took 0.056 seconds
[2025-01-11T12:01:23.630+0000] {processor.py:161} INFO - Started process (PID=8331) to work on /opt/airflow/dags/first_dag.py
[2025-01-11T12:01:23.630+0000] {processor.py:830} INFO - Processing file /opt/airflow/dags/first_dag.py for tasks to queue
[2025-01-11T12:01:23.632+0000] {logging_mixin.py:188} INFO - [2025-01-11T12:01:23.631+0000] {dagbag.py:545} INFO - Filling up the DagBag from /opt/airflow/dags/first_dag.py
[2025-01-11T12:01:23.645+0000] {processor.py:840} INFO - DAG(s) 'first_dag' retrieved from /opt/airflow/dags/first_dag.py
[2025-01-11T12:01:23.702+0000] {logging_mixin.py:188} INFO - [2025-01-11T12:01:23.702+0000] {dag.py:3089} INFO - Sync 1 DAGs
[2025-01-11T12:01:23.715+0000] {logging_mixin.py:188} INFO - [2025-01-11T12:01:23.714+0000] {dag.py:3947} INFO - Setting next_dagrun for first_dag to 2024-07-23 00:00:00+00:00, run_after=2024-07-24 00:00:00+00:00
[2025-01-11T12:01:23.726+0000] {processor.py:183} INFO - Processing /opt/airflow/dags/first_dag.py took 0.100 seconds
[2025-01-11T12:01:54.427+0000] {processor.py:161} INFO - Started process (PID=8606) to work on /opt/airflow/dags/first_dag.py
[2025-01-11T12:01:54.428+0000] {processor.py:830} INFO - Processing file /opt/airflow/dags/first_dag.py for tasks to queue
[2025-01-11T12:01:54.429+0000] {logging_mixin.py:188} INFO - [2025-01-11T12:01:54.429+0000] {dagbag.py:545} INFO - Filling up the DagBag from /opt/airflow/dags/first_dag.py
[2025-01-11T12:01:54.441+0000] {processor.py:840} INFO - DAG(s) 'first_dag' retrieved from /opt/airflow/dags/first_dag.py
[2025-01-11T12:01:54.450+0000] {logging_mixin.py:188} INFO - [2025-01-11T12:01:54.450+0000] {dag.py:3089} INFO - Sync 1 DAGs
[2025-01-11T12:01:54.464+0000] {logging_mixin.py:188} INFO - [2025-01-11T12:01:54.464+0000] {dag.py:3947} INFO - Setting next_dagrun for first_dag to 2024-07-23 00:00:00+00:00, run_after=2024-07-24 00:00:00+00:00
[2025-01-11T12:01:54.476+0000] {processor.py:183} INFO - Processing /opt/airflow/dags/first_dag.py took 0.053 seconds
[2025-01-11T12:02:24.814+0000] {processor.py:161} INFO - Started process (PID=8885) to work on /opt/airflow/dags/first_dag.py
[2025-01-11T12:02:24.815+0000] {processor.py:830} INFO - Processing file /opt/airflow/dags/first_dag.py for tasks to queue
[2025-01-11T12:02:24.816+0000] {logging_mixin.py:188} INFO - [2025-01-11T12:02:24.816+0000] {dagbag.py:545} INFO - Filling up the DagBag from /opt/airflow/dags/first_dag.py
[2025-01-11T12:02:24.828+0000] {processor.py:840} INFO - DAG(s) 'first_dag' retrieved from /opt/airflow/dags/first_dag.py
[2025-01-11T12:02:24.879+0000] {logging_mixin.py:188} INFO - [2025-01-11T12:02:24.879+0000] {dag.py:3089} INFO - Sync 1 DAGs
[2025-01-11T12:02:24.891+0000] {logging_mixin.py:188} INFO - [2025-01-11T12:02:24.891+0000] {dag.py:3947} INFO - Setting next_dagrun for first_dag to 2024-07-23 00:00:00+00:00, run_after=2024-07-24 00:00:00+00:00
[2025-01-11T12:02:24.902+0000] {processor.py:183} INFO - Processing /opt/airflow/dags/first_dag.py took 0.092 seconds
[2025-01-11T12:02:55.864+0000] {processor.py:161} INFO - Started process (PID=9160) to work on /opt/airflow/dags/first_dag.py
[2025-01-11T12:02:55.865+0000] {processor.py:830} INFO - Processing file /opt/airflow/dags/first_dag.py for tasks to queue
[2025-01-11T12:02:55.867+0000] {logging_mixin.py:188} INFO - [2025-01-11T12:02:55.867+0000] {dagbag.py:545} INFO - Filling up the DagBag from /opt/airflow/dags/first_dag.py
[2025-01-11T12:02:55.881+0000] {processor.py:840} INFO - DAG(s) 'first_dag' retrieved from /opt/airflow/dags/first_dag.py
[2025-01-11T12:02:55.901+0000] {logging_mixin.py:188} INFO - [2025-01-11T12:02:55.901+0000] {dag.py:3089} INFO - Sync 1 DAGs
[2025-01-11T12:02:56.020+0000] {logging_mixin.py:188} INFO - [2025-01-11T12:02:56.019+0000] {dag.py:3947} INFO - Setting next_dagrun for first_dag to 2024-07-23 00:00:00+00:00, run_after=2024-07-24 00:00:00+00:00
[2025-01-11T12:02:56.034+0000] {processor.py:183} INFO - Processing /opt/airflow/dags/first_dag.py took 0.174 seconds
[2025-01-11T12:03:26.655+0000] {processor.py:161} INFO - Started process (PID=9439) to work on /opt/airflow/dags/first_dag.py
[2025-01-11T12:03:26.656+0000] {processor.py:830} INFO - Processing file /opt/airflow/dags/first_dag.py for tasks to queue
[2025-01-11T12:03:26.658+0000] {logging_mixin.py:188} INFO - [2025-01-11T12:03:26.658+0000] {dagbag.py:545} INFO - Filling up the DagBag from /opt/airflow/dags/first_dag.py
[2025-01-11T12:03:26.668+0000] {processor.py:840} INFO - DAG(s) 'first_dag' retrieved from /opt/airflow/dags/first_dag.py
[2025-01-11T12:03:26.716+0000] {logging_mixin.py:188} INFO - [2025-01-11T12:03:26.716+0000] {dag.py:3089} INFO - Sync 1 DAGs
[2025-01-11T12:03:26.726+0000] {logging_mixin.py:188} INFO - [2025-01-11T12:03:26.726+0000] {dag.py:3947} INFO - Setting next_dagrun for first_dag to 2024-07-23 00:00:00+00:00, run_after=2024-07-24 00:00:00+00:00
[2025-01-11T12:03:26.737+0000] {processor.py:183} INFO - Processing /opt/airflow/dags/first_dag.py took 0.085 seconds
[2025-01-11T12:03:59.950+0000] {processor.py:161} INFO - Started process (PID=9714) to work on /opt/airflow/dags/first_dag.py
[2025-01-11T12:03:59.950+0000] {processor.py:830} INFO - Processing file /opt/airflow/dags/first_dag.py for tasks to queue
[2025-01-11T12:03:59.951+0000] {logging_mixin.py:188} INFO - [2025-01-11T12:03:59.951+0000] {dagbag.py:545} INFO - Filling up the DagBag from /opt/airflow/dags/first_dag.py
[2025-01-11T12:03:59.964+0000] {processor.py:840} INFO - DAG(s) 'first_dag' retrieved from /opt/airflow/dags/first_dag.py
[2025-01-11T12:03:59.974+0000] {logging_mixin.py:188} INFO - [2025-01-11T12:03:59.973+0000] {dag.py:3089} INFO - Sync 1 DAGs
[2025-01-11T12:03:59.986+0000] {logging_mixin.py:188} INFO - [2025-01-11T12:03:59.986+0000] {dag.py:3947} INFO - Setting next_dagrun for first_dag to 2024-07-23 00:00:00+00:00, run_after=2024-07-24 00:00:00+00:00
[2025-01-11T12:03:59.996+0000] {processor.py:183} INFO - Processing /opt/airflow/dags/first_dag.py took 0.051 seconds
[2025-01-11T12:04:30.121+0000] {processor.py:161} INFO - Started process (PID=9993) to work on /opt/airflow/dags/first_dag.py
[2025-01-11T12:04:30.121+0000] {processor.py:830} INFO - Processing file /opt/airflow/dags/first_dag.py for tasks to queue
[2025-01-11T12:04:30.123+0000] {logging_mixin.py:188} INFO - [2025-01-11T12:04:30.123+0000] {dagbag.py:545} INFO - Filling up the DagBag from /opt/airflow/dags/first_dag.py
[2025-01-11T12:04:30.135+0000] {processor.py:840} INFO - DAG(s) 'first_dag' retrieved from /opt/airflow/dags/first_dag.py
[2025-01-11T12:04:30.185+0000] {logging_mixin.py:188} INFO - [2025-01-11T12:04:30.185+0000] {dag.py:3089} INFO - Sync 1 DAGs
[2025-01-11T12:04:30.194+0000] {logging_mixin.py:188} INFO - [2025-01-11T12:04:30.194+0000] {dag.py:3947} INFO - Setting next_dagrun for first_dag to 2024-07-23 00:00:00+00:00, run_after=2024-07-24 00:00:00+00:00
[2025-01-11T12:04:30.204+0000] {processor.py:183} INFO - Processing /opt/airflow/dags/first_dag.py took 0.088 seconds
[2025-01-11T12:05:01.202+0000] {processor.py:161} INFO - Started process (PID=10268) to work on /opt/airflow/dags/first_dag.py
[2025-01-11T12:05:01.202+0000] {processor.py:830} INFO - Processing file /opt/airflow/dags/first_dag.py for tasks to queue
[2025-01-11T12:05:01.204+0000] {logging_mixin.py:188} INFO - [2025-01-11T12:05:01.203+0000] {dagbag.py:545} INFO - Filling up the DagBag from /opt/airflow/dags/first_dag.py
[2025-01-11T12:05:01.216+0000] {processor.py:840} INFO - DAG(s) 'first_dag' retrieved from /opt/airflow/dags/first_dag.py
[2025-01-11T12:05:01.225+0000] {logging_mixin.py:188} INFO - [2025-01-11T12:05:01.225+0000] {dag.py:3089} INFO - Sync 1 DAGs
[2025-01-11T12:05:01.240+0000] {logging_mixin.py:188} INFO - [2025-01-11T12:05:01.240+0000] {dag.py:3947} INFO - Setting next_dagrun for first_dag to 2024-07-23 00:00:00+00:00, run_after=2024-07-24 00:00:00+00:00
[2025-01-11T12:05:01.252+0000] {processor.py:183} INFO - Processing /opt/airflow/dags/first_dag.py took 0.055 seconds
[2025-01-11T12:05:32.106+0000] {processor.py:161} INFO - Started process (PID=10547) to work on /opt/airflow/dags/first_dag.py
[2025-01-11T12:05:32.107+0000] {processor.py:830} INFO - Processing file /opt/airflow/dags/first_dag.py for tasks to queue
[2025-01-11T12:05:32.108+0000] {logging_mixin.py:188} INFO - [2025-01-11T12:05:32.108+0000] {dagbag.py:545} INFO - Filling up the DagBag from /opt/airflow/dags/first_dag.py
[2025-01-11T12:05:32.119+0000] {processor.py:840} INFO - DAG(s) 'first_dag' retrieved from /opt/airflow/dags/first_dag.py
[2025-01-11T12:05:32.170+0000] {logging_mixin.py:188} INFO - [2025-01-11T12:05:32.170+0000] {dag.py:3089} INFO - Sync 1 DAGs
[2025-01-11T12:05:32.331+0000] {logging_mixin.py:188} INFO - [2025-01-11T12:05:32.331+0000] {dag.py:3947} INFO - Setting next_dagrun for first_dag to 2024-07-23 00:00:00+00:00, run_after=2024-07-24 00:00:00+00:00
[2025-01-11T12:05:32.343+0000] {processor.py:183} INFO - Processing /opt/airflow/dags/first_dag.py took 0.241 seconds
[2025-01-11T12:06:02.868+0000] {processor.py:161} INFO - Started process (PID=10822) to work on /opt/airflow/dags/first_dag.py
[2025-01-11T12:06:02.869+0000] {processor.py:830} INFO - Processing file /opt/airflow/dags/first_dag.py for tasks to queue
[2025-01-11T12:06:02.870+0000] {logging_mixin.py:188} INFO - [2025-01-11T12:06:02.870+0000] {dagbag.py:545} INFO - Filling up the DagBag from /opt/airflow/dags/first_dag.py
[2025-01-11T12:06:02.883+0000] {processor.py:840} INFO - DAG(s) 'first_dag' retrieved from /opt/airflow/dags/first_dag.py
[2025-01-11T12:06:02.900+0000] {logging_mixin.py:188} INFO - [2025-01-11T12:06:02.900+0000] {dag.py:3089} INFO - Sync 1 DAGs
[2025-01-11T12:06:03.032+0000] {logging_mixin.py:188} INFO - [2025-01-11T12:06:03.031+0000] {dag.py:3947} INFO - Setting next_dagrun for first_dag to 2024-07-23 00:00:00+00:00, run_after=2024-07-24 00:00:00+00:00
[2025-01-11T12:06:03.045+0000] {processor.py:183} INFO - Processing /opt/airflow/dags/first_dag.py took 0.181 seconds
[2025-01-11T12:06:33.543+0000] {processor.py:161} INFO - Started process (PID=11101) to work on /opt/airflow/dags/first_dag.py
[2025-01-11T12:06:33.544+0000] {processor.py:830} INFO - Processing file /opt/airflow/dags/first_dag.py for tasks to queue
[2025-01-11T12:06:33.545+0000] {logging_mixin.py:188} INFO - [2025-01-11T12:06:33.545+0000] {dagbag.py:545} INFO - Filling up the DagBag from /opt/airflow/dags/first_dag.py
[2025-01-11T12:06:33.562+0000] {processor.py:840} INFO - DAG(s) 'first_dag' retrieved from /opt/airflow/dags/first_dag.py
[2025-01-11T12:06:33.612+0000] {logging_mixin.py:188} INFO - [2025-01-11T12:06:33.612+0000] {dag.py:3089} INFO - Sync 1 DAGs
[2025-01-11T12:06:33.622+0000] {logging_mixin.py:188} INFO - [2025-01-11T12:06:33.621+0000] {dag.py:3947} INFO - Setting next_dagrun for first_dag to 2024-07-23 00:00:00+00:00, run_after=2024-07-24 00:00:00+00:00
[2025-01-11T12:06:33.774+0000] {processor.py:183} INFO - Processing /opt/airflow/dags/first_dag.py took 0.235 seconds
[2025-01-11T12:07:04.077+0000] {processor.py:161} INFO - Started process (PID=11376) to work on /opt/airflow/dags/first_dag.py
[2025-01-11T12:07:04.078+0000] {processor.py:830} INFO - Processing file /opt/airflow/dags/first_dag.py for tasks to queue
[2025-01-11T12:07:04.079+0000] {logging_mixin.py:188} INFO - [2025-01-11T12:07:04.079+0000] {dagbag.py:545} INFO - Filling up the DagBag from /opt/airflow/dags/first_dag.py
[2025-01-11T12:07:04.091+0000] {processor.py:840} INFO - DAG(s) 'first_dag' retrieved from /opt/airflow/dags/first_dag.py
[2025-01-11T12:07:04.100+0000] {logging_mixin.py:188} INFO - [2025-01-11T12:07:04.100+0000] {dag.py:3089} INFO - Sync 1 DAGs
[2025-01-11T12:07:04.115+0000] {logging_mixin.py:188} INFO - [2025-01-11T12:07:04.114+0000] {dag.py:3947} INFO - Setting next_dagrun for first_dag to 2024-07-23 00:00:00+00:00, run_after=2024-07-24 00:00:00+00:00
[2025-01-11T12:07:04.127+0000] {processor.py:183} INFO - Processing /opt/airflow/dags/first_dag.py took 0.054 seconds
[2025-01-11T12:07:35.568+0000] {processor.py:161} INFO - Started process (PID=11655) to work on /opt/airflow/dags/first_dag.py
[2025-01-11T12:07:35.569+0000] {processor.py:830} INFO - Processing file /opt/airflow/dags/first_dag.py for tasks to queue
[2025-01-11T12:07:35.570+0000] {logging_mixin.py:188} INFO - [2025-01-11T12:07:35.569+0000] {dagbag.py:545} INFO - Filling up the DagBag from /opt/airflow/dags/first_dag.py
[2025-01-11T12:07:35.581+0000] {processor.py:840} INFO - DAG(s) 'first_dag' retrieved from /opt/airflow/dags/first_dag.py
[2025-01-11T12:07:35.735+0000] {logging_mixin.py:188} INFO - [2025-01-11T12:07:35.735+0000] {dag.py:3089} INFO - Sync 1 DAGs
[2025-01-11T12:07:35.743+0000] {logging_mixin.py:188} INFO - [2025-01-11T12:07:35.743+0000] {dag.py:3947} INFO - Setting next_dagrun for first_dag to 2024-07-23 00:00:00+00:00, run_after=2024-07-24 00:00:00+00:00
[2025-01-11T12:07:35.753+0000] {processor.py:183} INFO - Processing /opt/airflow/dags/first_dag.py took 0.189 seconds
[2025-01-11T12:08:06.556+0000] {processor.py:161} INFO - Started process (PID=11930) to work on /opt/airflow/dags/first_dag.py
[2025-01-11T12:08:06.557+0000] {processor.py:830} INFO - Processing file /opt/airflow/dags/first_dag.py for tasks to queue
[2025-01-11T12:08:06.559+0000] {logging_mixin.py:188} INFO - [2025-01-11T12:08:06.559+0000] {dagbag.py:545} INFO - Filling up the DagBag from /opt/airflow/dags/first_dag.py
[2025-01-11T12:08:06.573+0000] {processor.py:840} INFO - DAG(s) 'first_dag' retrieved from /opt/airflow/dags/first_dag.py
[2025-01-11T12:08:06.593+0000] {logging_mixin.py:188} INFO - [2025-01-11T12:08:06.592+0000] {dag.py:3089} INFO - Sync 1 DAGs
[2025-01-11T12:08:06.609+0000] {logging_mixin.py:188} INFO - [2025-01-11T12:08:06.609+0000] {dag.py:3947} INFO - Setting next_dagrun for first_dag to 2024-07-23 00:00:00+00:00, run_after=2024-07-24 00:00:00+00:00
[2025-01-11T12:08:06.623+0000] {processor.py:183} INFO - Processing /opt/airflow/dags/first_dag.py took 0.076 seconds
[2025-01-11T12:08:37.475+0000] {processor.py:161} INFO - Started process (PID=12209) to work on /opt/airflow/dags/first_dag.py
[2025-01-11T12:08:37.476+0000] {processor.py:830} INFO - Processing file /opt/airflow/dags/first_dag.py for tasks to queue
[2025-01-11T12:08:37.477+0000] {logging_mixin.py:188} INFO - [2025-01-11T12:08:37.477+0000] {dagbag.py:545} INFO - Filling up the DagBag from /opt/airflow/dags/first_dag.py
[2025-01-11T12:08:37.490+0000] {processor.py:840} INFO - DAG(s) 'first_dag' retrieved from /opt/airflow/dags/first_dag.py
[2025-01-11T12:08:37.549+0000] {logging_mixin.py:188} INFO - [2025-01-11T12:08:37.549+0000] {dag.py:3089} INFO - Sync 1 DAGs
[2025-01-11T12:08:37.676+0000] {logging_mixin.py:188} INFO - [2025-01-11T12:08:37.676+0000] {dag.py:3947} INFO - Setting next_dagrun for first_dag to 2024-07-23 00:00:00+00:00, run_after=2024-07-24 00:00:00+00:00
[2025-01-11T12:08:37.687+0000] {processor.py:183} INFO - Processing /opt/airflow/dags/first_dag.py took 0.216 seconds
[2025-01-11T12:09:08.509+0000] {processor.py:161} INFO - Started process (PID=12484) to work on /opt/airflow/dags/first_dag.py
[2025-01-11T12:09:08.510+0000] {processor.py:830} INFO - Processing file /opt/airflow/dags/first_dag.py for tasks to queue
[2025-01-11T12:09:08.511+0000] {logging_mixin.py:188} INFO - [2025-01-11T12:09:08.511+0000] {dagbag.py:545} INFO - Filling up the DagBag from /opt/airflow/dags/first_dag.py
[2025-01-11T12:09:08.523+0000] {processor.py:840} INFO - DAG(s) 'first_dag' retrieved from /opt/airflow/dags/first_dag.py
[2025-01-11T12:09:08.540+0000] {logging_mixin.py:188} INFO - [2025-01-11T12:09:08.540+0000] {dag.py:3089} INFO - Sync 1 DAGs
[2025-01-11T12:09:08.661+0000] {logging_mixin.py:188} INFO - [2025-01-11T12:09:08.661+0000] {dag.py:3947} INFO - Setting next_dagrun for first_dag to 2024-07-23 00:00:00+00:00, run_after=2024-07-24 00:00:00+00:00
[2025-01-11T12:09:08.673+0000] {processor.py:183} INFO - Processing /opt/airflow/dags/first_dag.py took 0.169 seconds
[2025-01-11T12:09:39.372+0000] {processor.py:161} INFO - Started process (PID=12763) to work on /opt/airflow/dags/first_dag.py
[2025-01-11T12:09:39.373+0000] {processor.py:830} INFO - Processing file /opt/airflow/dags/first_dag.py for tasks to queue
[2025-01-11T12:09:39.375+0000] {logging_mixin.py:188} INFO - [2025-01-11T12:09:39.375+0000] {dagbag.py:545} INFO - Filling up the DagBag from /opt/airflow/dags/first_dag.py
[2025-01-11T12:09:39.388+0000] {processor.py:840} INFO - DAG(s) 'first_dag' retrieved from /opt/airflow/dags/first_dag.py
[2025-01-11T12:09:39.607+0000] {logging_mixin.py:188} INFO - [2025-01-11T12:09:39.607+0000] {dag.py:3089} INFO - Sync 1 DAGs
[2025-01-11T12:09:39.620+0000] {logging_mixin.py:188} INFO - [2025-01-11T12:09:39.620+0000] {dag.py:3947} INFO - Setting next_dagrun for first_dag to 2024-07-23 00:00:00+00:00, run_after=2024-07-24 00:00:00+00:00
[2025-01-11T12:09:39.632+0000] {processor.py:183} INFO - Processing /opt/airflow/dags/first_dag.py took 0.265 seconds
[2025-01-11T12:10:10.168+0000] {processor.py:161} INFO - Started process (PID=13038) to work on /opt/airflow/dags/first_dag.py
[2025-01-11T12:10:10.171+0000] {processor.py:830} INFO - Processing file /opt/airflow/dags/first_dag.py for tasks to queue
[2025-01-11T12:10:10.176+0000] {logging_mixin.py:188} INFO - [2025-01-11T12:10:10.176+0000] {dagbag.py:545} INFO - Filling up the DagBag from /opt/airflow/dags/first_dag.py
[2025-01-11T12:10:10.193+0000] {processor.py:840} INFO - DAG(s) 'first_dag' retrieved from /opt/airflow/dags/first_dag.py
[2025-01-11T12:10:10.211+0000] {logging_mixin.py:188} INFO - [2025-01-11T12:10:10.211+0000] {dag.py:3089} INFO - Sync 1 DAGs
[2025-01-11T12:10:10.226+0000] {logging_mixin.py:188} INFO - [2025-01-11T12:10:10.225+0000] {dag.py:3947} INFO - Setting next_dagrun for first_dag to 2024-07-23 00:00:00+00:00, run_after=2024-07-24 00:00:00+00:00
[2025-01-11T12:10:10.238+0000] {processor.py:183} INFO - Processing /opt/airflow/dags/first_dag.py took 0.079 seconds
[2025-01-11T12:10:40.936+0000] {processor.py:161} INFO - Started process (PID=13317) to work on /opt/airflow/dags/first_dag.py
[2025-01-11T12:10:40.936+0000] {processor.py:830} INFO - Processing file /opt/airflow/dags/first_dag.py for tasks to queue
[2025-01-11T12:10:40.938+0000] {logging_mixin.py:188} INFO - [2025-01-11T12:10:40.937+0000] {dagbag.py:545} INFO - Filling up the DagBag from /opt/airflow/dags/first_dag.py
[2025-01-11T12:10:40.949+0000] {processor.py:840} INFO - DAG(s) 'first_dag' retrieved from /opt/airflow/dags/first_dag.py
[2025-01-11T12:10:41.003+0000] {logging_mixin.py:188} INFO - [2025-01-11T12:10:41.003+0000] {dag.py:3089} INFO - Sync 1 DAGs
[2025-01-11T12:10:41.012+0000] {logging_mixin.py:188} INFO - [2025-01-11T12:10:41.012+0000] {dag.py:3947} INFO - Setting next_dagrun for first_dag to 2024-07-23 00:00:00+00:00, run_after=2024-07-24 00:00:00+00:00
[2025-01-11T12:10:41.023+0000] {processor.py:183} INFO - Processing /opt/airflow/dags/first_dag.py took 0.091 seconds
[2025-01-11T12:11:12.000+0000] {processor.py:161} INFO - Started process (PID=13592) to work on /opt/airflow/dags/first_dag.py
[2025-01-11T12:11:12.001+0000] {processor.py:830} INFO - Processing file /opt/airflow/dags/first_dag.py for tasks to queue
[2025-01-11T12:11:12.002+0000] {logging_mixin.py:188} INFO - [2025-01-11T12:11:12.002+0000] {dagbag.py:545} INFO - Filling up the DagBag from /opt/airflow/dags/first_dag.py
[2025-01-11T12:11:12.014+0000] {processor.py:840} INFO - DAG(s) 'first_dag' retrieved from /opt/airflow/dags/first_dag.py
[2025-01-11T12:11:12.023+0000] {logging_mixin.py:188} INFO - [2025-01-11T12:11:12.023+0000] {dag.py:3089} INFO - Sync 1 DAGs
[2025-01-11T12:11:12.035+0000] {logging_mixin.py:188} INFO - [2025-01-11T12:11:12.035+0000] {dag.py:3947} INFO - Setting next_dagrun for first_dag to 2024-07-23 00:00:00+00:00, run_after=2024-07-24 00:00:00+00:00
[2025-01-11T12:11:12.046+0000] {processor.py:183} INFO - Processing /opt/airflow/dags/first_dag.py took 0.050 seconds
[2025-01-11T12:11:42.401+0000] {processor.py:161} INFO - Started process (PID=13871) to work on /opt/airflow/dags/first_dag.py
[2025-01-11T12:11:42.402+0000] {processor.py:830} INFO - Processing file /opt/airflow/dags/first_dag.py for tasks to queue
[2025-01-11T12:11:42.409+0000] {logging_mixin.py:188} INFO - [2025-01-11T12:11:42.409+0000] {dagbag.py:545} INFO - Filling up the DagBag from /opt/airflow/dags/first_dag.py
[2025-01-11T12:11:42.427+0000] {processor.py:840} INFO - DAG(s) 'first_dag' retrieved from /opt/airflow/dags/first_dag.py
[2025-01-11T12:11:42.495+0000] {logging_mixin.py:188} INFO - [2025-01-11T12:11:42.495+0000] {dag.py:3089} INFO - Sync 1 DAGs
[2025-01-11T12:11:42.511+0000] {logging_mixin.py:188} INFO - [2025-01-11T12:11:42.510+0000] {dag.py:3947} INFO - Setting next_dagrun for first_dag to 2024-07-23 00:00:00+00:00, run_after=2024-07-24 00:00:00+00:00
[2025-01-11T12:11:42.526+0000] {processor.py:183} INFO - Processing /opt/airflow/dags/first_dag.py took 0.129 seconds
[2025-01-11T12:12:12.960+0000] {processor.py:161} INFO - Started process (PID=14146) to work on /opt/airflow/dags/first_dag.py
[2025-01-11T12:12:12.961+0000] {processor.py:830} INFO - Processing file /opt/airflow/dags/first_dag.py for tasks to queue
[2025-01-11T12:12:12.962+0000] {logging_mixin.py:188} INFO - [2025-01-11T12:12:12.962+0000] {dagbag.py:545} INFO - Filling up the DagBag from /opt/airflow/dags/first_dag.py
[2025-01-11T12:12:12.975+0000] {processor.py:840} INFO - DAG(s) 'first_dag' retrieved from /opt/airflow/dags/first_dag.py
[2025-01-11T12:12:12.984+0000] {logging_mixin.py:188} INFO - [2025-01-11T12:12:12.984+0000] {dag.py:3089} INFO - Sync 1 DAGs
[2025-01-11T12:12:12.998+0000] {logging_mixin.py:188} INFO - [2025-01-11T12:12:12.998+0000] {dag.py:3947} INFO - Setting next_dagrun for first_dag to 2024-07-23 00:00:00+00:00, run_after=2024-07-24 00:00:00+00:00
[2025-01-11T12:12:13.010+0000] {processor.py:183} INFO - Processing /opt/airflow/dags/first_dag.py took 0.055 seconds
[2025-01-11T12:12:44.126+0000] {processor.py:161} INFO - Started process (PID=14425) to work on /opt/airflow/dags/first_dag.py
[2025-01-11T12:12:44.126+0000] {processor.py:830} INFO - Processing file /opt/airflow/dags/first_dag.py for tasks to queue
[2025-01-11T12:12:44.128+0000] {logging_mixin.py:188} INFO - [2025-01-11T12:12:44.127+0000] {dagbag.py:545} INFO - Filling up the DagBag from /opt/airflow/dags/first_dag.py
[2025-01-11T12:12:44.139+0000] {processor.py:840} INFO - DAG(s) 'first_dag' retrieved from /opt/airflow/dags/first_dag.py
[2025-01-11T12:12:44.200+0000] {logging_mixin.py:188} INFO - [2025-01-11T12:12:44.200+0000] {dag.py:3089} INFO - Sync 1 DAGs
[2025-01-11T12:12:44.211+0000] {logging_mixin.py:188} INFO - [2025-01-11T12:12:44.210+0000] {dag.py:3947} INFO - Setting next_dagrun for first_dag to 2024-07-23 00:00:00+00:00, run_after=2024-07-24 00:00:00+00:00
[2025-01-11T12:12:44.222+0000] {processor.py:183} INFO - Processing /opt/airflow/dags/first_dag.py took 0.101 seconds
[2025-01-11T12:13:17.079+0000] {processor.py:161} INFO - Started process (PID=14700) to work on /opt/airflow/dags/first_dag.py
[2025-01-11T12:13:17.079+0000] {processor.py:830} INFO - Processing file /opt/airflow/dags/first_dag.py for tasks to queue
[2025-01-11T12:13:17.081+0000] {logging_mixin.py:188} INFO - [2025-01-11T12:13:17.080+0000] {dagbag.py:545} INFO - Filling up the DagBag from /opt/airflow/dags/first_dag.py
[2025-01-11T12:13:17.092+0000] {processor.py:840} INFO - DAG(s) 'first_dag' retrieved from /opt/airflow/dags/first_dag.py
[2025-01-11T12:13:17.100+0000] {logging_mixin.py:188} INFO - [2025-01-11T12:13:17.100+0000] {dag.py:3089} INFO - Sync 1 DAGs
[2025-01-11T12:13:17.114+0000] {logging_mixin.py:188} INFO - [2025-01-11T12:13:17.114+0000] {dag.py:3947} INFO - Setting next_dagrun for first_dag to 2024-07-23 00:00:00+00:00, run_after=2024-07-24 00:00:00+00:00
[2025-01-11T12:13:17.126+0000] {processor.py:183} INFO - Processing /opt/airflow/dags/first_dag.py took 0.052 seconds
[2025-01-11T12:13:49.404+0000] {processor.py:161} INFO - Started process (PID=14979) to work on /opt/airflow/dags/first_dag.py
[2025-01-11T12:13:49.405+0000] {processor.py:830} INFO - Processing file /opt/airflow/dags/first_dag.py for tasks to queue
[2025-01-11T12:13:49.406+0000] {logging_mixin.py:188} INFO - [2025-01-11T12:13:49.405+0000] {dagbag.py:545} INFO - Filling up the DagBag from /opt/airflow/dags/first_dag.py
[2025-01-11T12:13:49.417+0000] {processor.py:840} INFO - DAG(s) 'first_dag' retrieved from /opt/airflow/dags/first_dag.py
[2025-01-11T12:13:49.466+0000] {logging_mixin.py:188} INFO - [2025-01-11T12:13:49.466+0000] {dag.py:3089} INFO - Sync 1 DAGs
[2025-01-11T12:13:49.475+0000] {logging_mixin.py:188} INFO - [2025-01-11T12:13:49.475+0000] {dag.py:3947} INFO - Setting next_dagrun for first_dag to 2024-07-23 00:00:00+00:00, run_after=2024-07-24 00:00:00+00:00
[2025-01-11T12:13:49.486+0000] {processor.py:183} INFO - Processing /opt/airflow/dags/first_dag.py took 0.087 seconds
[2025-01-11T12:14:19.804+0000] {processor.py:161} INFO - Started process (PID=15254) to work on /opt/airflow/dags/first_dag.py
[2025-01-11T12:14:19.805+0000] {processor.py:830} INFO - Processing file /opt/airflow/dags/first_dag.py for tasks to queue
[2025-01-11T12:14:19.806+0000] {logging_mixin.py:188} INFO - [2025-01-11T12:14:19.806+0000] {dagbag.py:545} INFO - Filling up the DagBag from /opt/airflow/dags/first_dag.py
[2025-01-11T12:14:19.817+0000] {processor.py:840} INFO - DAG(s) 'first_dag' retrieved from /opt/airflow/dags/first_dag.py
[2025-01-11T12:14:19.826+0000] {logging_mixin.py:188} INFO - [2025-01-11T12:14:19.826+0000] {dag.py:3089} INFO - Sync 1 DAGs
[2025-01-11T12:14:19.840+0000] {logging_mixin.py:188} INFO - [2025-01-11T12:14:19.840+0000] {dag.py:3947} INFO - Setting next_dagrun for first_dag to 2024-07-23 00:00:00+00:00, run_after=2024-07-24 00:00:00+00:00
[2025-01-11T12:14:19.852+0000] {processor.py:183} INFO - Processing /opt/airflow/dags/first_dag.py took 0.051 seconds
[2025-01-11T12:14:51.100+0000] {processor.py:161} INFO - Started process (PID=15533) to work on /opt/airflow/dags/first_dag.py
[2025-01-11T12:14:51.100+0000] {processor.py:830} INFO - Processing file /opt/airflow/dags/first_dag.py for tasks to queue
[2025-01-11T12:14:51.101+0000] {logging_mixin.py:188} INFO - [2025-01-11T12:14:51.101+0000] {dagbag.py:545} INFO - Filling up the DagBag from /opt/airflow/dags/first_dag.py
[2025-01-11T12:14:51.112+0000] {processor.py:840} INFO - DAG(s) 'first_dag' retrieved from /opt/airflow/dags/first_dag.py
[2025-01-11T12:14:51.162+0000] {logging_mixin.py:188} INFO - [2025-01-11T12:14:51.162+0000] {dag.py:3089} INFO - Sync 1 DAGs
[2025-01-11T12:14:51.171+0000] {logging_mixin.py:188} INFO - [2025-01-11T12:14:51.171+0000] {dag.py:3947} INFO - Setting next_dagrun for first_dag to 2024-07-23 00:00:00+00:00, run_after=2024-07-24 00:00:00+00:00
[2025-01-11T12:14:51.180+0000] {processor.py:183} INFO - Processing /opt/airflow/dags/first_dag.py took 0.084 seconds
[2025-01-11T12:15:22.111+0000] {processor.py:161} INFO - Started process (PID=15808) to work on /opt/airflow/dags/first_dag.py
[2025-01-11T12:15:22.112+0000] {processor.py:830} INFO - Processing file /opt/airflow/dags/first_dag.py for tasks to queue
[2025-01-11T12:15:22.113+0000] {logging_mixin.py:188} INFO - [2025-01-11T12:15:22.113+0000] {dagbag.py:545} INFO - Filling up the DagBag from /opt/airflow/dags/first_dag.py
[2025-01-11T12:15:22.125+0000] {processor.py:840} INFO - DAG(s) 'first_dag' retrieved from /opt/airflow/dags/first_dag.py
[2025-01-11T12:15:22.135+0000] {logging_mixin.py:188} INFO - [2025-01-11T12:15:22.134+0000] {dag.py:3089} INFO - Sync 1 DAGs
[2025-01-11T12:15:22.147+0000] {logging_mixin.py:188} INFO - [2025-01-11T12:15:22.146+0000] {dag.py:3947} INFO - Setting next_dagrun for first_dag to 2024-07-23 00:00:00+00:00, run_after=2024-07-24 00:00:00+00:00
[2025-01-11T12:15:22.157+0000] {processor.py:183} INFO - Processing /opt/airflow/dags/first_dag.py took 0.051 seconds
[2025-01-11T12:15:52.452+0000] {processor.py:161} INFO - Started process (PID=16087) to work on /opt/airflow/dags/first_dag.py
[2025-01-11T12:15:52.453+0000] {processor.py:830} INFO - Processing file /opt/airflow/dags/first_dag.py for tasks to queue
[2025-01-11T12:15:52.454+0000] {logging_mixin.py:188} INFO - [2025-01-11T12:15:52.454+0000] {dagbag.py:545} INFO - Filling up the DagBag from /opt/airflow/dags/first_dag.py
[2025-01-11T12:15:52.466+0000] {processor.py:840} INFO - DAG(s) 'first_dag' retrieved from /opt/airflow/dags/first_dag.py
[2025-01-11T12:15:52.521+0000] {logging_mixin.py:188} INFO - [2025-01-11T12:15:52.521+0000] {dag.py:3089} INFO - Sync 1 DAGs
[2025-01-11T12:15:52.530+0000] {logging_mixin.py:188} INFO - [2025-01-11T12:15:52.530+0000] {dag.py:3947} INFO - Setting next_dagrun for first_dag to 2024-07-23 00:00:00+00:00, run_after=2024-07-24 00:00:00+00:00
[2025-01-11T12:15:52.540+0000] {processor.py:183} INFO - Processing /opt/airflow/dags/first_dag.py took 0.091 seconds
[2025-01-11T12:16:25.342+0000] {processor.py:161} INFO - Started process (PID=16362) to work on /opt/airflow/dags/first_dag.py
[2025-01-11T12:16:25.343+0000] {processor.py:830} INFO - Processing file /opt/airflow/dags/first_dag.py for tasks to queue
[2025-01-11T12:16:25.344+0000] {logging_mixin.py:188} INFO - [2025-01-11T12:16:25.344+0000] {dagbag.py:545} INFO - Filling up the DagBag from /opt/airflow/dags/first_dag.py
[2025-01-11T12:16:25.356+0000] {processor.py:840} INFO - DAG(s) 'first_dag' retrieved from /opt/airflow/dags/first_dag.py
[2025-01-11T12:16:25.365+0000] {logging_mixin.py:188} INFO - [2025-01-11T12:16:25.365+0000] {dag.py:3089} INFO - Sync 1 DAGs
[2025-01-11T12:16:25.378+0000] {logging_mixin.py:188} INFO - [2025-01-11T12:16:25.378+0000] {dag.py:3947} INFO - Setting next_dagrun for first_dag to 2024-07-23 00:00:00+00:00, run_after=2024-07-24 00:00:00+00:00
[2025-01-11T12:16:25.389+0000] {processor.py:183} INFO - Processing /opt/airflow/dags/first_dag.py took 0.051 seconds
[2025-01-11T12:16:56.499+0000] {processor.py:161} INFO - Started process (PID=16641) to work on /opt/airflow/dags/first_dag.py
[2025-01-11T12:16:56.500+0000] {processor.py:830} INFO - Processing file /opt/airflow/dags/first_dag.py for tasks to queue
[2025-01-11T12:16:56.501+0000] {logging_mixin.py:188} INFO - [2025-01-11T12:16:56.501+0000] {dagbag.py:545} INFO - Filling up the DagBag from /opt/airflow/dags/first_dag.py
[2025-01-11T12:16:56.512+0000] {processor.py:840} INFO - DAG(s) 'first_dag' retrieved from /opt/airflow/dags/first_dag.py
[2025-01-11T12:16:56.563+0000] {logging_mixin.py:188} INFO - [2025-01-11T12:16:56.563+0000] {dag.py:3089} INFO - Sync 1 DAGs
[2025-01-11T12:16:56.573+0000] {logging_mixin.py:188} INFO - [2025-01-11T12:16:56.573+0000] {dag.py:3947} INFO - Setting next_dagrun for first_dag to 2024-07-23 00:00:00+00:00, run_after=2024-07-24 00:00:00+00:00
[2025-01-11T12:16:56.583+0000] {processor.py:183} INFO - Processing /opt/airflow/dags/first_dag.py took 0.088 seconds
[2025-01-11T12:18:46.909+0000] {processor.py:161} INFO - Started process (PID=16916) to work on /opt/airflow/dags/first_dag.py
[2025-01-11T12:18:46.911+0000] {processor.py:830} INFO - Processing file /opt/airflow/dags/first_dag.py for tasks to queue
[2025-01-11T12:18:46.916+0000] {logging_mixin.py:188} INFO - [2025-01-11T12:18:46.915+0000] {dagbag.py:545} INFO - Filling up the DagBag from /opt/airflow/dags/first_dag.py
[2025-01-11T12:18:46.943+0000] {processor.py:840} INFO - DAG(s) 'first_dag' retrieved from /opt/airflow/dags/first_dag.py
[2025-01-11T12:18:46.968+0000] {logging_mixin.py:188} INFO - [2025-01-11T12:18:46.968+0000] {dag.py:3089} INFO - Sync 1 DAGs
[2025-01-11T12:18:46.992+0000] {logging_mixin.py:188} INFO - [2025-01-11T12:18:46.992+0000] {dag.py:3947} INFO - Setting next_dagrun for first_dag to 2024-07-23 00:00:00+00:00, run_after=2024-07-24 00:00:00+00:00
[2025-01-11T12:18:47.013+0000] {processor.py:183} INFO - Processing /opt/airflow/dags/first_dag.py took 0.109 seconds
[2025-01-11T12:19:18.102+0000] {processor.py:161} INFO - Started process (PID=17195) to work on /opt/airflow/dags/first_dag.py
[2025-01-11T12:19:18.103+0000] {processor.py:830} INFO - Processing file /opt/airflow/dags/first_dag.py for tasks to queue
[2025-01-11T12:19:18.104+0000] {logging_mixin.py:188} INFO - [2025-01-11T12:19:18.104+0000] {dagbag.py:545} INFO - Filling up the DagBag from /opt/airflow/dags/first_dag.py
[2025-01-11T12:19:18.115+0000] {processor.py:840} INFO - DAG(s) 'first_dag' retrieved from /opt/airflow/dags/first_dag.py
[2025-01-11T12:19:18.168+0000] {logging_mixin.py:188} INFO - [2025-01-11T12:19:18.167+0000] {dag.py:3089} INFO - Sync 1 DAGs
[2025-01-11T12:19:18.177+0000] {logging_mixin.py:188} INFO - [2025-01-11T12:19:18.177+0000] {dag.py:3947} INFO - Setting next_dagrun for first_dag to 2024-07-23 00:00:00+00:00, run_after=2024-07-24 00:00:00+00:00
[2025-01-11T12:19:18.188+0000] {processor.py:183} INFO - Processing /opt/airflow/dags/first_dag.py took 0.090 seconds
[2025-01-11T12:19:48.653+0000] {processor.py:161} INFO - Started process (PID=17470) to work on /opt/airflow/dags/first_dag.py
[2025-01-11T12:19:48.654+0000] {processor.py:830} INFO - Processing file /opt/airflow/dags/first_dag.py for tasks to queue
[2025-01-11T12:19:48.655+0000] {logging_mixin.py:188} INFO - [2025-01-11T12:19:48.655+0000] {dagbag.py:545} INFO - Filling up the DagBag from /opt/airflow/dags/first_dag.py
[2025-01-11T12:19:48.666+0000] {processor.py:840} INFO - DAG(s) 'first_dag' retrieved from /opt/airflow/dags/first_dag.py
[2025-01-11T12:19:48.676+0000] {logging_mixin.py:188} INFO - [2025-01-11T12:19:48.676+0000] {dag.py:3089} INFO - Sync 1 DAGs
[2025-01-11T12:19:48.688+0000] {logging_mixin.py:188} INFO - [2025-01-11T12:19:48.688+0000] {dag.py:3947} INFO - Setting next_dagrun for first_dag to 2024-07-23 00:00:00+00:00, run_after=2024-07-24 00:00:00+00:00
[2025-01-11T12:19:48.699+0000] {processor.py:183} INFO - Processing /opt/airflow/dags/first_dag.py took 0.051 seconds
[2025-01-11T12:20:19.941+0000] {processor.py:161} INFO - Started process (PID=17749) to work on /opt/airflow/dags/first_dag.py
[2025-01-11T12:20:19.942+0000] {processor.py:830} INFO - Processing file /opt/airflow/dags/first_dag.py for tasks to queue
[2025-01-11T12:20:19.943+0000] {logging_mixin.py:188} INFO - [2025-01-11T12:20:19.943+0000] {dagbag.py:545} INFO - Filling up the DagBag from /opt/airflow/dags/first_dag.py
[2025-01-11T12:20:19.953+0000] {processor.py:840} INFO - DAG(s) 'first_dag' retrieved from /opt/airflow/dags/first_dag.py
[2025-01-11T12:20:20.003+0000] {logging_mixin.py:188} INFO - [2025-01-11T12:20:20.003+0000] {dag.py:3089} INFO - Sync 1 DAGs
[2025-01-11T12:20:20.013+0000] {logging_mixin.py:188} INFO - [2025-01-11T12:20:20.013+0000] {dag.py:3947} INFO - Setting next_dagrun for first_dag to 2024-07-23 00:00:00+00:00, run_after=2024-07-24 00:00:00+00:00
[2025-01-11T12:20:20.025+0000] {processor.py:183} INFO - Processing /opt/airflow/dags/first_dag.py took 0.088 seconds
[2025-01-11T12:20:50.166+0000] {processor.py:161} INFO - Started process (PID=18024) to work on /opt/airflow/dags/first_dag.py
[2025-01-11T12:20:50.166+0000] {processor.py:830} INFO - Processing file /opt/airflow/dags/first_dag.py for tasks to queue
[2025-01-11T12:20:50.168+0000] {logging_mixin.py:188} INFO - [2025-01-11T12:20:50.168+0000] {dagbag.py:545} INFO - Filling up the DagBag from /opt/airflow/dags/first_dag.py
[2025-01-11T12:20:50.177+0000] {processor.py:840} INFO - DAG(s) 'first_dag' retrieved from /opt/airflow/dags/first_dag.py
[2025-01-11T12:20:50.188+0000] {logging_mixin.py:188} INFO - [2025-01-11T12:20:50.188+0000] {dag.py:3089} INFO - Sync 1 DAGs
[2025-01-11T12:20:50.203+0000] {logging_mixin.py:188} INFO - [2025-01-11T12:20:50.203+0000] {dag.py:3947} INFO - Setting next_dagrun for first_dag to 2024-07-23 00:00:00+00:00, run_after=2024-07-24 00:00:00+00:00
[2025-01-11T12:20:50.216+0000] {processor.py:183} INFO - Processing /opt/airflow/dags/first_dag.py took 0.056 seconds
[2025-01-11T12:21:23.590+0000] {processor.py:161} INFO - Started process (PID=18304) to work on /opt/airflow/dags/first_dag.py
[2025-01-11T12:21:23.591+0000] {processor.py:830} INFO - Processing file /opt/airflow/dags/first_dag.py for tasks to queue
[2025-01-11T12:21:23.592+0000] {logging_mixin.py:188} INFO - [2025-01-11T12:21:23.592+0000] {dagbag.py:545} INFO - Filling up the DagBag from /opt/airflow/dags/first_dag.py
[2025-01-11T12:21:23.604+0000] {processor.py:840} INFO - DAG(s) 'first_dag' retrieved from /opt/airflow/dags/first_dag.py
[2025-01-11T12:21:23.658+0000] {logging_mixin.py:188} INFO - [2025-01-11T12:21:23.658+0000] {dag.py:3089} INFO - Sync 1 DAGs
[2025-01-11T12:21:23.668+0000] {logging_mixin.py:188} INFO - [2025-01-11T12:21:23.668+0000] {dag.py:3947} INFO - Setting next_dagrun for first_dag to 2024-07-23 00:00:00+00:00, run_after=2024-07-24 00:00:00+00:00
[2025-01-11T12:21:23.680+0000] {processor.py:183} INFO - Processing /opt/airflow/dags/first_dag.py took 0.093 seconds
[2025-01-11T12:21:54.229+0000] {processor.py:161} INFO - Started process (PID=18579) to work on /opt/airflow/dags/first_dag.py
[2025-01-11T12:21:54.229+0000] {processor.py:830} INFO - Processing file /opt/airflow/dags/first_dag.py for tasks to queue
[2025-01-11T12:21:54.231+0000] {logging_mixin.py:188} INFO - [2025-01-11T12:21:54.230+0000] {dagbag.py:545} INFO - Filling up the DagBag from /opt/airflow/dags/first_dag.py
[2025-01-11T12:21:54.242+0000] {processor.py:840} INFO - DAG(s) 'first_dag' retrieved from /opt/airflow/dags/first_dag.py
[2025-01-11T12:21:54.251+0000] {logging_mixin.py:188} INFO - [2025-01-11T12:21:54.251+0000] {dag.py:3089} INFO - Sync 1 DAGs
[2025-01-11T12:21:54.265+0000] {logging_mixin.py:188} INFO - [2025-01-11T12:21:54.265+0000] {dag.py:3947} INFO - Setting next_dagrun for first_dag to 2024-07-23 00:00:00+00:00, run_after=2024-07-24 00:00:00+00:00
[2025-01-11T12:21:54.275+0000] {processor.py:183} INFO - Processing /opt/airflow/dags/first_dag.py took 0.051 seconds
[2025-01-11T12:22:24.781+0000] {processor.py:161} INFO - Started process (PID=18858) to work on /opt/airflow/dags/first_dag.py
[2025-01-11T12:22:24.782+0000] {processor.py:830} INFO - Processing file /opt/airflow/dags/first_dag.py for tasks to queue
[2025-01-11T12:22:24.783+0000] {logging_mixin.py:188} INFO - [2025-01-11T12:22:24.783+0000] {dagbag.py:545} INFO - Filling up the DagBag from /opt/airflow/dags/first_dag.py
[2025-01-11T12:22:24.794+0000] {processor.py:840} INFO - DAG(s) 'first_dag' retrieved from /opt/airflow/dags/first_dag.py
[2025-01-11T12:22:24.843+0000] {logging_mixin.py:188} INFO - [2025-01-11T12:22:24.843+0000] {dag.py:3089} INFO - Sync 1 DAGs
[2025-01-11T12:22:24.854+0000] {logging_mixin.py:188} INFO - [2025-01-11T12:22:24.854+0000] {dag.py:3947} INFO - Setting next_dagrun for first_dag to 2024-07-23 00:00:00+00:00, run_after=2024-07-24 00:00:00+00:00
[2025-01-11T12:22:24.865+0000] {processor.py:183} INFO - Processing /opt/airflow/dags/first_dag.py took 0.088 seconds
[2025-01-11T12:22:56.188+0000] {processor.py:161} INFO - Started process (PID=19134) to work on /opt/airflow/dags/first_dag.py
[2025-01-11T12:22:56.188+0000] {processor.py:830} INFO - Processing file /opt/airflow/dags/first_dag.py for tasks to queue
[2025-01-11T12:22:56.190+0000] {logging_mixin.py:188} INFO - [2025-01-11T12:22:56.189+0000] {dagbag.py:545} INFO - Filling up the DagBag from /opt/airflow/dags/first_dag.py
[2025-01-11T12:22:56.201+0000] {processor.py:840} INFO - DAG(s) 'first_dag' retrieved from /opt/airflow/dags/first_dag.py
[2025-01-11T12:22:56.211+0000] {logging_mixin.py:188} INFO - [2025-01-11T12:22:56.211+0000] {dag.py:3089} INFO - Sync 1 DAGs
[2025-01-11T12:22:56.224+0000] {logging_mixin.py:188} INFO - [2025-01-11T12:22:56.224+0000] {dag.py:3947} INFO - Setting next_dagrun for first_dag to 2024-07-23 00:00:00+00:00, run_after=2024-07-24 00:00:00+00:00
[2025-01-11T12:22:56.236+0000] {processor.py:183} INFO - Processing /opt/airflow/dags/first_dag.py took 0.052 seconds
[2025-01-11T12:23:27.234+0000] {processor.py:161} INFO - Started process (PID=19413) to work on /opt/airflow/dags/first_dag.py
[2025-01-11T12:23:27.235+0000] {processor.py:830} INFO - Processing file /opt/airflow/dags/first_dag.py for tasks to queue
[2025-01-11T12:23:27.237+0000] {logging_mixin.py:188} INFO - [2025-01-11T12:23:27.236+0000] {dagbag.py:545} INFO - Filling up the DagBag from /opt/airflow/dags/first_dag.py
[2025-01-11T12:23:27.248+0000] {processor.py:840} INFO - DAG(s) 'first_dag' retrieved from /opt/airflow/dags/first_dag.py
[2025-01-11T12:23:27.300+0000] {logging_mixin.py:188} INFO - [2025-01-11T12:23:27.300+0000] {dag.py:3089} INFO - Sync 1 DAGs
[2025-01-11T12:23:27.309+0000] {logging_mixin.py:188} INFO - [2025-01-11T12:23:27.309+0000] {dag.py:3947} INFO - Setting next_dagrun for first_dag to 2024-07-23 00:00:00+00:00, run_after=2024-07-24 00:00:00+00:00
[2025-01-11T12:23:27.321+0000] {processor.py:183} INFO - Processing /opt/airflow/dags/first_dag.py took 0.092 seconds
[2025-01-11T12:23:59.367+0000] {processor.py:161} INFO - Started process (PID=19688) to work on /opt/airflow/dags/first_dag.py
[2025-01-11T12:23:59.368+0000] {processor.py:830} INFO - Processing file /opt/airflow/dags/first_dag.py for tasks to queue
[2025-01-11T12:23:59.369+0000] {logging_mixin.py:188} INFO - [2025-01-11T12:23:59.369+0000] {dagbag.py:545} INFO - Filling up the DagBag from /opt/airflow/dags/first_dag.py
[2025-01-11T12:23:59.381+0000] {processor.py:840} INFO - DAG(s) 'first_dag' retrieved from /opt/airflow/dags/first_dag.py
[2025-01-11T12:23:59.389+0000] {logging_mixin.py:188} INFO - [2025-01-11T12:23:59.389+0000] {dag.py:3089} INFO - Sync 1 DAGs
[2025-01-11T12:23:59.403+0000] {logging_mixin.py:188} INFO - [2025-01-11T12:23:59.403+0000] {dag.py:3947} INFO - Setting next_dagrun for first_dag to 2024-07-23 00:00:00+00:00, run_after=2024-07-24 00:00:00+00:00
[2025-01-11T12:23:59.414+0000] {processor.py:183} INFO - Processing /opt/airflow/dags/first_dag.py took 0.051 seconds
[2025-01-11T12:24:29.657+0000] {processor.py:161} INFO - Started process (PID=19967) to work on /opt/airflow/dags/first_dag.py
[2025-01-11T12:24:29.658+0000] {processor.py:830} INFO - Processing file /opt/airflow/dags/first_dag.py for tasks to queue
[2025-01-11T12:24:29.659+0000] {logging_mixin.py:188} INFO - [2025-01-11T12:24:29.659+0000] {dagbag.py:545} INFO - Filling up the DagBag from /opt/airflow/dags/first_dag.py
[2025-01-11T12:24:29.670+0000] {processor.py:840} INFO - DAG(s) 'first_dag' retrieved from /opt/airflow/dags/first_dag.py
[2025-01-11T12:24:29.723+0000] {logging_mixin.py:188} INFO - [2025-01-11T12:24:29.723+0000] {dag.py:3089} INFO - Sync 1 DAGs
[2025-01-11T12:24:29.733+0000] {logging_mixin.py:188} INFO - [2025-01-11T12:24:29.733+0000] {dag.py:3947} INFO - Setting next_dagrun for first_dag to 2024-07-23 00:00:00+00:00, run_after=2024-07-24 00:00:00+00:00
[2025-01-11T12:24:29.744+0000] {processor.py:183} INFO - Processing /opt/airflow/dags/first_dag.py took 0.092 seconds
[2025-01-11T12:25:00.773+0000] {processor.py:161} INFO - Started process (PID=20242) to work on /opt/airflow/dags/first_dag.py
[2025-01-11T12:25:00.773+0000] {processor.py:830} INFO - Processing file /opt/airflow/dags/first_dag.py for tasks to queue
[2025-01-11T12:25:00.775+0000] {logging_mixin.py:188} INFO - [2025-01-11T12:25:00.774+0000] {dagbag.py:545} INFO - Filling up the DagBag from /opt/airflow/dags/first_dag.py
[2025-01-11T12:25:00.786+0000] {processor.py:840} INFO - DAG(s) 'first_dag' retrieved from /opt/airflow/dags/first_dag.py
[2025-01-11T12:25:00.796+0000] {logging_mixin.py:188} INFO - [2025-01-11T12:25:00.795+0000] {dag.py:3089} INFO - Sync 1 DAGs
[2025-01-11T12:25:00.808+0000] {logging_mixin.py:188} INFO - [2025-01-11T12:25:00.808+0000] {dag.py:3947} INFO - Setting next_dagrun for first_dag to 2024-07-23 00:00:00+00:00, run_after=2024-07-24 00:00:00+00:00
[2025-01-11T12:25:00.819+0000] {processor.py:183} INFO - Processing /opt/airflow/dags/first_dag.py took 0.051 seconds
[2025-01-11T12:25:31.786+0000] {processor.py:161} INFO - Started process (PID=20521) to work on /opt/airflow/dags/first_dag.py
[2025-01-11T12:25:31.787+0000] {processor.py:830} INFO - Processing file /opt/airflow/dags/first_dag.py for tasks to queue
[2025-01-11T12:25:31.788+0000] {logging_mixin.py:188} INFO - [2025-01-11T12:25:31.788+0000] {dagbag.py:545} INFO - Filling up the DagBag from /opt/airflow/dags/first_dag.py
[2025-01-11T12:25:31.799+0000] {processor.py:840} INFO - DAG(s) 'first_dag' retrieved from /opt/airflow/dags/first_dag.py
[2025-01-11T12:25:31.849+0000] {logging_mixin.py:188} INFO - [2025-01-11T12:25:31.849+0000] {dag.py:3089} INFO - Sync 1 DAGs
[2025-01-11T12:25:31.859+0000] {logging_mixin.py:188} INFO - [2025-01-11T12:25:31.859+0000] {dag.py:3947} INFO - Setting next_dagrun for first_dag to 2024-07-23 00:00:00+00:00, run_after=2024-07-24 00:00:00+00:00
[2025-01-11T12:25:31.870+0000] {processor.py:183} INFO - Processing /opt/airflow/dags/first_dag.py took 0.088 seconds
[2025-01-11T12:26:02.316+0000] {processor.py:161} INFO - Started process (PID=20796) to work on /opt/airflow/dags/first_dag.py
[2025-01-11T12:26:02.316+0000] {processor.py:830} INFO - Processing file /opt/airflow/dags/first_dag.py for tasks to queue
[2025-01-11T12:26:02.317+0000] {logging_mixin.py:188} INFO - [2025-01-11T12:26:02.317+0000] {dagbag.py:545} INFO - Filling up the DagBag from /opt/airflow/dags/first_dag.py
[2025-01-11T12:26:02.329+0000] {processor.py:840} INFO - DAG(s) 'first_dag' retrieved from /opt/airflow/dags/first_dag.py
[2025-01-11T12:26:02.338+0000] {logging_mixin.py:188} INFO - [2025-01-11T12:26:02.338+0000] {dag.py:3089} INFO - Sync 1 DAGs
[2025-01-11T12:26:02.350+0000] {logging_mixin.py:188} INFO - [2025-01-11T12:26:02.350+0000] {dag.py:3947} INFO - Setting next_dagrun for first_dag to 2024-07-23 00:00:00+00:00, run_after=2024-07-24 00:00:00+00:00
[2025-01-11T12:26:02.361+0000] {processor.py:183} INFO - Processing /opt/airflow/dags/first_dag.py took 0.049 seconds
[2025-01-11T12:26:32.705+0000] {processor.py:161} INFO - Started process (PID=21075) to work on /opt/airflow/dags/first_dag.py
[2025-01-11T12:26:32.706+0000] {processor.py:830} INFO - Processing file /opt/airflow/dags/first_dag.py for tasks to queue
[2025-01-11T12:26:32.707+0000] {logging_mixin.py:188} INFO - [2025-01-11T12:26:32.707+0000] {dagbag.py:545} INFO - Filling up the DagBag from /opt/airflow/dags/first_dag.py
[2025-01-11T12:26:32.718+0000] {processor.py:840} INFO - DAG(s) 'first_dag' retrieved from /opt/airflow/dags/first_dag.py
[2025-01-11T12:26:32.770+0000] {logging_mixin.py:188} INFO - [2025-01-11T12:26:32.770+0000] {dag.py:3089} INFO - Sync 1 DAGs
[2025-01-11T12:26:32.780+0000] {logging_mixin.py:188} INFO - [2025-01-11T12:26:32.780+0000] {dag.py:3947} INFO - Setting next_dagrun for first_dag to 2024-07-23 00:00:00+00:00, run_after=2024-07-24 00:00:00+00:00
[2025-01-11T12:26:32.791+0000] {processor.py:183} INFO - Processing /opt/airflow/dags/first_dag.py took 0.090 seconds
[2025-01-11T12:27:03.074+0000] {processor.py:161} INFO - Started process (PID=21350) to work on /opt/airflow/dags/first_dag.py
[2025-01-11T12:27:03.075+0000] {processor.py:830} INFO - Processing file /opt/airflow/dags/first_dag.py for tasks to queue
[2025-01-11T12:27:03.076+0000] {logging_mixin.py:188} INFO - [2025-01-11T12:27:03.076+0000] {dagbag.py:545} INFO - Filling up the DagBag from /opt/airflow/dags/first_dag.py
[2025-01-11T12:27:03.087+0000] {processor.py:840} INFO - DAG(s) 'first_dag' retrieved from /opt/airflow/dags/first_dag.py
[2025-01-11T12:27:03.096+0000] {logging_mixin.py:188} INFO - [2025-01-11T12:27:03.096+0000] {dag.py:3089} INFO - Sync 1 DAGs
[2025-01-11T12:27:03.109+0000] {logging_mixin.py:188} INFO - [2025-01-11T12:27:03.109+0000] {dag.py:3947} INFO - Setting next_dagrun for first_dag to 2024-07-23 00:00:00+00:00, run_after=2024-07-24 00:00:00+00:00
[2025-01-11T12:27:03.120+0000] {processor.py:183} INFO - Processing /opt/airflow/dags/first_dag.py took 0.051 seconds
[2025-01-11T12:27:34.728+0000] {processor.py:161} INFO - Started process (PID=21629) to work on /opt/airflow/dags/first_dag.py
[2025-01-11T12:27:34.729+0000] {processor.py:830} INFO - Processing file /opt/airflow/dags/first_dag.py for tasks to queue
[2025-01-11T12:27:34.730+0000] {logging_mixin.py:188} INFO - [2025-01-11T12:27:34.730+0000] {dagbag.py:545} INFO - Filling up the DagBag from /opt/airflow/dags/first_dag.py
[2025-01-11T12:27:34.741+0000] {processor.py:840} INFO - DAG(s) 'first_dag' retrieved from /opt/airflow/dags/first_dag.py
[2025-01-11T12:27:34.796+0000] {logging_mixin.py:188} INFO - [2025-01-11T12:27:34.796+0000] {dag.py:3089} INFO - Sync 1 DAGs
[2025-01-11T12:27:34.806+0000] {logging_mixin.py:188} INFO - [2025-01-11T12:27:34.806+0000] {dag.py:3947} INFO - Setting next_dagrun for first_dag to 2024-07-23 00:00:00+00:00, run_after=2024-07-24 00:00:00+00:00
[2025-01-11T12:27:34.818+0000] {processor.py:183} INFO - Processing /opt/airflow/dags/first_dag.py took 0.094 seconds
[2025-01-11T12:28:05.353+0000] {processor.py:161} INFO - Started process (PID=21904) to work on /opt/airflow/dags/first_dag.py
[2025-01-11T12:28:05.353+0000] {processor.py:830} INFO - Processing file /opt/airflow/dags/first_dag.py for tasks to queue
[2025-01-11T12:28:05.354+0000] {logging_mixin.py:188} INFO - [2025-01-11T12:28:05.354+0000] {dagbag.py:545} INFO - Filling up the DagBag from /opt/airflow/dags/first_dag.py
[2025-01-11T12:28:05.366+0000] {processor.py:840} INFO - DAG(s) 'first_dag' retrieved from /opt/airflow/dags/first_dag.py
[2025-01-11T12:28:05.375+0000] {logging_mixin.py:188} INFO - [2025-01-11T12:28:05.375+0000] {dag.py:3089} INFO - Sync 1 DAGs
[2025-01-11T12:28:05.387+0000] {logging_mixin.py:188} INFO - [2025-01-11T12:28:05.387+0000] {dag.py:3947} INFO - Setting next_dagrun for first_dag to 2024-07-23 00:00:00+00:00, run_after=2024-07-24 00:00:00+00:00
[2025-01-11T12:28:05.398+0000] {processor.py:183} INFO - Processing /opt/airflow/dags/first_dag.py took 0.050 seconds
[2025-01-11T12:28:36.552+0000] {processor.py:161} INFO - Started process (PID=22181) to work on /opt/airflow/dags/first_dag.py
[2025-01-11T12:28:36.553+0000] {processor.py:830} INFO - Processing file /opt/airflow/dags/first_dag.py for tasks to queue
[2025-01-11T12:28:36.554+0000] {logging_mixin.py:188} INFO - [2025-01-11T12:28:36.554+0000] {dagbag.py:545} INFO - Filling up the DagBag from /opt/airflow/dags/first_dag.py
[2025-01-11T12:28:36.566+0000] {processor.py:840} INFO - DAG(s) 'first_dag' retrieved from /opt/airflow/dags/first_dag.py
[2025-01-11T12:28:36.623+0000] {logging_mixin.py:188} INFO - [2025-01-11T12:28:36.623+0000] {dag.py:3089} INFO - Sync 1 DAGs
[2025-01-11T12:28:36.633+0000] {logging_mixin.py:188} INFO - [2025-01-11T12:28:36.633+0000] {dag.py:3947} INFO - Setting next_dagrun for first_dag to 2024-07-23 00:00:00+00:00, run_after=2024-07-24 00:00:00+00:00
[2025-01-11T12:28:36.645+0000] {processor.py:183} INFO - Processing /opt/airflow/dags/first_dag.py took 0.097 seconds
[2025-01-11T12:29:07.534+0000] {processor.py:161} INFO - Started process (PID=22458) to work on /opt/airflow/dags/first_dag.py
[2025-01-11T12:29:07.535+0000] {processor.py:830} INFO - Processing file /opt/airflow/dags/first_dag.py for tasks to queue
[2025-01-11T12:29:07.536+0000] {logging_mixin.py:188} INFO - [2025-01-11T12:29:07.536+0000] {dagbag.py:545} INFO - Filling up the DagBag from /opt/airflow/dags/first_dag.py
[2025-01-11T12:29:07.548+0000] {processor.py:840} INFO - DAG(s) 'first_dag' retrieved from /opt/airflow/dags/first_dag.py
[2025-01-11T12:29:07.558+0000] {logging_mixin.py:188} INFO - [2025-01-11T12:29:07.558+0000] {dag.py:3089} INFO - Sync 1 DAGs
[2025-01-11T12:29:07.571+0000] {logging_mixin.py:188} INFO - [2025-01-11T12:29:07.571+0000] {dag.py:3947} INFO - Setting next_dagrun for first_dag to 2024-07-23 00:00:00+00:00, run_after=2024-07-24 00:00:00+00:00
[2025-01-11T12:29:07.583+0000] {processor.py:183} INFO - Processing /opt/airflow/dags/first_dag.py took 0.053 seconds
[2025-01-11T12:29:38.000+0000] {processor.py:161} INFO - Started process (PID=22737) to work on /opt/airflow/dags/first_dag.py
[2025-01-11T12:29:38.001+0000] {processor.py:830} INFO - Processing file /opt/airflow/dags/first_dag.py for tasks to queue
[2025-01-11T12:29:38.002+0000] {logging_mixin.py:188} INFO - [2025-01-11T12:29:38.002+0000] {dagbag.py:545} INFO - Filling up the DagBag from /opt/airflow/dags/first_dag.py
[2025-01-11T12:29:38.013+0000] {processor.py:840} INFO - DAG(s) 'first_dag' retrieved from /opt/airflow/dags/first_dag.py
[2025-01-11T12:29:38.064+0000] {logging_mixin.py:188} INFO - [2025-01-11T12:29:38.064+0000] {dag.py:3089} INFO - Sync 1 DAGs
[2025-01-11T12:29:38.073+0000] {logging_mixin.py:188} INFO - [2025-01-11T12:29:38.073+0000] {dag.py:3947} INFO - Setting next_dagrun for first_dag to 2024-07-23 00:00:00+00:00, run_after=2024-07-24 00:00:00+00:00
[2025-01-11T12:29:38.084+0000] {processor.py:183} INFO - Processing /opt/airflow/dags/first_dag.py took 0.087 seconds
[2025-01-11T12:30:09.585+0000] {processor.py:161} INFO - Started process (PID=23012) to work on /opt/airflow/dags/first_dag.py
[2025-01-11T12:30:09.586+0000] {processor.py:830} INFO - Processing file /opt/airflow/dags/first_dag.py for tasks to queue
[2025-01-11T12:30:09.587+0000] {logging_mixin.py:188} INFO - [2025-01-11T12:30:09.587+0000] {dagbag.py:545} INFO - Filling up the DagBag from /opt/airflow/dags/first_dag.py
[2025-01-11T12:30:09.598+0000] {processor.py:840} INFO - DAG(s) 'first_dag' retrieved from /opt/airflow/dags/first_dag.py
[2025-01-11T12:30:09.607+0000] {logging_mixin.py:188} INFO - [2025-01-11T12:30:09.607+0000] {dag.py:3089} INFO - Sync 1 DAGs
[2025-01-11T12:30:09.620+0000] {logging_mixin.py:188} INFO - [2025-01-11T12:30:09.620+0000] {dag.py:3947} INFO - Setting next_dagrun for first_dag to 2024-07-23 00:00:00+00:00, run_after=2024-07-24 00:00:00+00:00
[2025-01-11T12:30:09.631+0000] {processor.py:183} INFO - Processing /opt/airflow/dags/first_dag.py took 0.050 seconds
[2025-01-11T12:30:39.962+0000] {processor.py:161} INFO - Started process (PID=23291) to work on /opt/airflow/dags/first_dag.py
[2025-01-11T12:30:39.962+0000] {processor.py:830} INFO - Processing file /opt/airflow/dags/first_dag.py for tasks to queue
[2025-01-11T12:30:39.963+0000] {logging_mixin.py:188} INFO - [2025-01-11T12:30:39.963+0000] {dagbag.py:545} INFO - Filling up the DagBag from /opt/airflow/dags/first_dag.py
[2025-01-11T12:30:39.975+0000] {processor.py:840} INFO - DAG(s) 'first_dag' retrieved from /opt/airflow/dags/first_dag.py
[2025-01-11T12:30:40.024+0000] {logging_mixin.py:188} INFO - [2025-01-11T12:30:40.024+0000] {dag.py:3089} INFO - Sync 1 DAGs
[2025-01-11T12:30:40.035+0000] {logging_mixin.py:188} INFO - [2025-01-11T12:30:40.034+0000] {dag.py:3947} INFO - Setting next_dagrun for first_dag to 2024-07-23 00:00:00+00:00, run_after=2024-07-24 00:00:00+00:00
[2025-01-11T12:30:40.049+0000] {processor.py:183} INFO - Processing /opt/airflow/dags/first_dag.py took 0.091 seconds
[2025-01-11T12:31:11.030+0000] {processor.py:161} INFO - Started process (PID=23566) to work on /opt/airflow/dags/first_dag.py
[2025-01-11T12:31:11.031+0000] {processor.py:830} INFO - Processing file /opt/airflow/dags/first_dag.py for tasks to queue
[2025-01-11T12:31:11.032+0000] {logging_mixin.py:188} INFO - [2025-01-11T12:31:11.031+0000] {dagbag.py:545} INFO - Filling up the DagBag from /opt/airflow/dags/first_dag.py
[2025-01-11T12:31:11.042+0000] {processor.py:840} INFO - DAG(s) 'first_dag' retrieved from /opt/airflow/dags/first_dag.py
[2025-01-11T12:31:11.050+0000] {logging_mixin.py:188} INFO - [2025-01-11T12:31:11.050+0000] {dag.py:3089} INFO - Sync 1 DAGs
[2025-01-11T12:31:11.062+0000] {logging_mixin.py:188} INFO - [2025-01-11T12:31:11.062+0000] {dag.py:3947} INFO - Setting next_dagrun for first_dag to 2024-07-23 00:00:00+00:00, run_after=2024-07-24 00:00:00+00:00
[2025-01-11T12:31:11.072+0000] {processor.py:183} INFO - Processing /opt/airflow/dags/first_dag.py took 0.045 seconds
[2025-01-11T12:31:43.028+0000] {processor.py:161} INFO - Started process (PID=23845) to work on /opt/airflow/dags/first_dag.py
[2025-01-11T12:31:43.029+0000] {processor.py:830} INFO - Processing file /opt/airflow/dags/first_dag.py for tasks to queue
[2025-01-11T12:31:43.030+0000] {logging_mixin.py:188} INFO - [2025-01-11T12:31:43.030+0000] {dagbag.py:545} INFO - Filling up the DagBag from /opt/airflow/dags/first_dag.py
[2025-01-11T12:31:43.040+0000] {processor.py:840} INFO - DAG(s) 'first_dag' retrieved from /opt/airflow/dags/first_dag.py
[2025-01-11T12:31:43.099+0000] {logging_mixin.py:188} INFO - [2025-01-11T12:31:43.099+0000] {dag.py:3089} INFO - Sync 1 DAGs
[2025-01-11T12:31:43.109+0000] {logging_mixin.py:188} INFO - [2025-01-11T12:31:43.109+0000] {dag.py:3947} INFO - Setting next_dagrun for first_dag to 2024-07-23 00:00:00+00:00, run_after=2024-07-24 00:00:00+00:00
[2025-01-11T12:31:43.119+0000] {processor.py:183} INFO - Processing /opt/airflow/dags/first_dag.py took 0.095 seconds
[2025-01-11T12:32:16.141+0000] {processor.py:161} INFO - Started process (PID=24120) to work on /opt/airflow/dags/first_dag.py
[2025-01-11T12:32:16.142+0000] {processor.py:830} INFO - Processing file /opt/airflow/dags/first_dag.py for tasks to queue
[2025-01-11T12:32:16.143+0000] {logging_mixin.py:188} INFO - [2025-01-11T12:32:16.143+0000] {dagbag.py:545} INFO - Filling up the DagBag from /opt/airflow/dags/first_dag.py
[2025-01-11T12:32:16.155+0000] {processor.py:840} INFO - DAG(s) 'first_dag' retrieved from /opt/airflow/dags/first_dag.py
[2025-01-11T12:32:16.164+0000] {logging_mixin.py:188} INFO - [2025-01-11T12:32:16.163+0000] {dag.py:3089} INFO - Sync 1 DAGs
[2025-01-11T12:32:16.177+0000] {logging_mixin.py:188} INFO - [2025-01-11T12:32:16.176+0000] {dag.py:3947} INFO - Setting next_dagrun for first_dag to 2024-07-23 00:00:00+00:00, run_after=2024-07-24 00:00:00+00:00
[2025-01-11T12:32:16.188+0000] {processor.py:183} INFO - Processing /opt/airflow/dags/first_dag.py took 0.051 seconds
[2025-01-11T12:32:46.419+0000] {processor.py:161} INFO - Started process (PID=24399) to work on /opt/airflow/dags/first_dag.py
[2025-01-11T12:32:46.420+0000] {processor.py:830} INFO - Processing file /opt/airflow/dags/first_dag.py for tasks to queue
[2025-01-11T12:32:46.421+0000] {logging_mixin.py:188} INFO - [2025-01-11T12:32:46.421+0000] {dagbag.py:545} INFO - Filling up the DagBag from /opt/airflow/dags/first_dag.py
[2025-01-11T12:32:46.433+0000] {processor.py:840} INFO - DAG(s) 'first_dag' retrieved from /opt/airflow/dags/first_dag.py
[2025-01-11T12:32:46.488+0000] {logging_mixin.py:188} INFO - [2025-01-11T12:32:46.487+0000] {dag.py:3089} INFO - Sync 1 DAGs
[2025-01-11T12:32:46.497+0000] {logging_mixin.py:188} INFO - [2025-01-11T12:32:46.497+0000] {dag.py:3947} INFO - Setting next_dagrun for first_dag to 2024-07-23 00:00:00+00:00, run_after=2024-07-24 00:00:00+00:00
[2025-01-11T12:32:46.509+0000] {processor.py:183} INFO - Processing /opt/airflow/dags/first_dag.py took 0.095 seconds
[2025-01-11T12:53:55.908+0000] {processor.py:161} INFO - Started process (PID=24674) to work on /opt/airflow/dags/first_dag.py
[2025-01-11T12:53:55.909+0000] {processor.py:830} INFO - Processing file /opt/airflow/dags/first_dag.py for tasks to queue
[2025-01-11T12:53:55.911+0000] {logging_mixin.py:188} INFO - [2025-01-11T12:53:55.911+0000] {dagbag.py:545} INFO - Filling up the DagBag from /opt/airflow/dags/first_dag.py
[2025-01-11T12:53:55.931+0000] {processor.py:840} INFO - DAG(s) 'first_dag' retrieved from /opt/airflow/dags/first_dag.py
[2025-01-11T12:53:55.941+0000] {logging_mixin.py:188} INFO - [2025-01-11T12:53:55.941+0000] {dag.py:3089} INFO - Sync 1 DAGs
[2025-01-11T12:53:55.959+0000] {logging_mixin.py:188} INFO - [2025-01-11T12:53:55.959+0000] {dag.py:3947} INFO - Setting next_dagrun for first_dag to 2024-07-23 00:00:00+00:00, run_after=2024-07-24 00:00:00+00:00
[2025-01-11T12:53:55.977+0000] {processor.py:183} INFO - Processing /opt/airflow/dags/first_dag.py took 0.073 seconds
[2025-01-11T12:54:26.803+0000] {processor.py:161} INFO - Started process (PID=24953) to work on /opt/airflow/dags/first_dag.py
[2025-01-11T12:54:26.804+0000] {processor.py:830} INFO - Processing file /opt/airflow/dags/first_dag.py for tasks to queue
[2025-01-11T12:54:26.805+0000] {logging_mixin.py:188} INFO - [2025-01-11T12:54:26.805+0000] {dagbag.py:545} INFO - Filling up the DagBag from /opt/airflow/dags/first_dag.py
[2025-01-11T12:54:26.817+0000] {processor.py:840} INFO - DAG(s) 'first_dag' retrieved from /opt/airflow/dags/first_dag.py
[2025-01-11T12:54:26.873+0000] {logging_mixin.py:188} INFO - [2025-01-11T12:54:26.873+0000] {dag.py:3089} INFO - Sync 1 DAGs
[2025-01-11T12:54:26.885+0000] {logging_mixin.py:188} INFO - [2025-01-11T12:54:26.885+0000] {dag.py:3947} INFO - Setting next_dagrun for first_dag to 2024-07-23 00:00:00+00:00, run_after=2024-07-24 00:00:00+00:00
[2025-01-11T12:54:26.897+0000] {processor.py:183} INFO - Processing /opt/airflow/dags/first_dag.py took 0.098 seconds
[2025-01-11T12:54:57.152+0000] {processor.py:161} INFO - Started process (PID=25228) to work on /opt/airflow/dags/first_dag.py
[2025-01-11T12:54:57.152+0000] {processor.py:830} INFO - Processing file /opt/airflow/dags/first_dag.py for tasks to queue
[2025-01-11T12:54:57.154+0000] {logging_mixin.py:188} INFO - [2025-01-11T12:54:57.154+0000] {dagbag.py:545} INFO - Filling up the DagBag from /opt/airflow/dags/first_dag.py
[2025-01-11T12:54:57.166+0000] {processor.py:840} INFO - DAG(s) 'first_dag' retrieved from /opt/airflow/dags/first_dag.py
[2025-01-11T12:54:57.174+0000] {logging_mixin.py:188} INFO - [2025-01-11T12:54:57.174+0000] {dag.py:3089} INFO - Sync 1 DAGs
[2025-01-11T12:54:57.186+0000] {logging_mixin.py:188} INFO - [2025-01-11T12:54:57.186+0000] {dag.py:3947} INFO - Setting next_dagrun for first_dag to 2024-07-23 00:00:00+00:00, run_after=2024-07-24 00:00:00+00:00
[2025-01-11T12:54:57.198+0000] {processor.py:183} INFO - Processing /opt/airflow/dags/first_dag.py took 0.050 seconds
[2025-01-11T12:55:27.550+0000] {processor.py:161} INFO - Started process (PID=25507) to work on /opt/airflow/dags/first_dag.py
[2025-01-11T12:55:27.551+0000] {processor.py:830} INFO - Processing file /opt/airflow/dags/first_dag.py for tasks to queue
[2025-01-11T12:55:27.552+0000] {logging_mixin.py:188} INFO - [2025-01-11T12:55:27.552+0000] {dagbag.py:545} INFO - Filling up the DagBag from /opt/airflow/dags/first_dag.py
[2025-01-11T12:55:27.563+0000] {processor.py:840} INFO - DAG(s) 'first_dag' retrieved from /opt/airflow/dags/first_dag.py
[2025-01-11T12:55:27.614+0000] {logging_mixin.py:188} INFO - [2025-01-11T12:55:27.614+0000] {dag.py:3089} INFO - Sync 1 DAGs
[2025-01-11T12:55:27.625+0000] {logging_mixin.py:188} INFO - [2025-01-11T12:55:27.625+0000] {dag.py:3947} INFO - Setting next_dagrun for first_dag to 2024-07-23 00:00:00+00:00, run_after=2024-07-24 00:00:00+00:00
[2025-01-11T12:55:27.640+0000] {processor.py:183} INFO - Processing /opt/airflow/dags/first_dag.py took 0.094 seconds
[2025-01-11T12:55:57.934+0000] {processor.py:161} INFO - Started process (PID=25782) to work on /opt/airflow/dags/first_dag.py
[2025-01-11T12:55:57.935+0000] {processor.py:830} INFO - Processing file /opt/airflow/dags/first_dag.py for tasks to queue
[2025-01-11T12:55:57.937+0000] {logging_mixin.py:188} INFO - [2025-01-11T12:55:57.936+0000] {dagbag.py:545} INFO - Filling up the DagBag from /opt/airflow/dags/first_dag.py
[2025-01-11T12:55:57.948+0000] {processor.py:840} INFO - DAG(s) 'first_dag' retrieved from /opt/airflow/dags/first_dag.py
[2025-01-11T12:55:57.958+0000] {logging_mixin.py:188} INFO - [2025-01-11T12:55:57.958+0000] {dag.py:3089} INFO - Sync 1 DAGs
[2025-01-11T12:55:57.971+0000] {logging_mixin.py:188} INFO - [2025-01-11T12:55:57.971+0000] {dag.py:3947} INFO - Setting next_dagrun for first_dag to 2024-07-23 00:00:00+00:00, run_after=2024-07-24 00:00:00+00:00
[2025-01-11T12:55:57.982+0000] {processor.py:183} INFO - Processing /opt/airflow/dags/first_dag.py took 0.052 seconds
[2025-01-11T12:56:28.061+0000] {processor.py:161} INFO - Started process (PID=26059) to work on /opt/airflow/dags/first_dag.py
[2025-01-11T12:56:28.062+0000] {processor.py:830} INFO - Processing file /opt/airflow/dags/first_dag.py for tasks to queue
[2025-01-11T12:56:28.063+0000] {logging_mixin.py:188} INFO - [2025-01-11T12:56:28.063+0000] {dagbag.py:545} INFO - Filling up the DagBag from /opt/airflow/dags/first_dag.py
[2025-01-11T12:56:28.074+0000] {processor.py:840} INFO - DAG(s) 'first_dag' retrieved from /opt/airflow/dags/first_dag.py
[2025-01-11T12:56:28.137+0000] {logging_mixin.py:188} INFO - [2025-01-11T12:56:28.137+0000] {dag.py:3089} INFO - Sync 1 DAGs
[2025-01-11T12:56:28.147+0000] {logging_mixin.py:188} INFO - [2025-01-11T12:56:28.146+0000] {dag.py:3947} INFO - Setting next_dagrun for first_dag to 2024-07-23 00:00:00+00:00, run_after=2024-07-24 00:00:00+00:00
[2025-01-11T12:56:28.158+0000] {processor.py:183} INFO - Processing /opt/airflow/dags/first_dag.py took 0.102 seconds
[2025-01-11T12:56:58.683+0000] {processor.py:161} INFO - Started process (PID=26336) to work on /opt/airflow/dags/first_dag.py
[2025-01-11T12:56:58.684+0000] {processor.py:830} INFO - Processing file /opt/airflow/dags/first_dag.py for tasks to queue
[2025-01-11T12:56:58.686+0000] {logging_mixin.py:188} INFO - [2025-01-11T12:56:58.686+0000] {dagbag.py:545} INFO - Filling up the DagBag from /opt/airflow/dags/first_dag.py
[2025-01-11T12:56:58.697+0000] {processor.py:840} INFO - DAG(s) 'first_dag' retrieved from /opt/airflow/dags/first_dag.py
[2025-01-11T12:56:58.707+0000] {logging_mixin.py:188} INFO - [2025-01-11T12:56:58.707+0000] {dag.py:3089} INFO - Sync 1 DAGs
[2025-01-11T12:56:58.721+0000] {logging_mixin.py:188} INFO - [2025-01-11T12:56:58.721+0000] {dag.py:3947} INFO - Setting next_dagrun for first_dag to 2024-07-23 00:00:00+00:00, run_after=2024-07-24 00:00:00+00:00
[2025-01-11T12:56:58.732+0000] {processor.py:183} INFO - Processing /opt/airflow/dags/first_dag.py took 0.054 seconds
[2025-01-11T12:57:29.128+0000] {processor.py:161} INFO - Started process (PID=26615) to work on /opt/airflow/dags/first_dag.py
[2025-01-11T12:57:29.128+0000] {processor.py:830} INFO - Processing file /opt/airflow/dags/first_dag.py for tasks to queue
[2025-01-11T12:57:29.130+0000] {logging_mixin.py:188} INFO - [2025-01-11T12:57:29.129+0000] {dagbag.py:545} INFO - Filling up the DagBag from /opt/airflow/dags/first_dag.py
[2025-01-11T12:57:29.141+0000] {processor.py:840} INFO - DAG(s) 'first_dag' retrieved from /opt/airflow/dags/first_dag.py
[2025-01-11T12:57:29.193+0000] {logging_mixin.py:188} INFO - [2025-01-11T12:57:29.193+0000] {dag.py:3089} INFO - Sync 1 DAGs
[2025-01-11T12:57:29.203+0000] {logging_mixin.py:188} INFO - [2025-01-11T12:57:29.203+0000] {dag.py:3947} INFO - Setting next_dagrun for first_dag to 2024-07-23 00:00:00+00:00, run_after=2024-07-24 00:00:00+00:00
[2025-01-11T12:57:29.215+0000] {processor.py:183} INFO - Processing /opt/airflow/dags/first_dag.py took 0.092 seconds
[2025-01-11T12:57:59.483+0000] {processor.py:161} INFO - Started process (PID=26890) to work on /opt/airflow/dags/first_dag.py
[2025-01-11T12:57:59.484+0000] {processor.py:830} INFO - Processing file /opt/airflow/dags/first_dag.py for tasks to queue
[2025-01-11T12:57:59.485+0000] {logging_mixin.py:188} INFO - [2025-01-11T12:57:59.485+0000] {dagbag.py:545} INFO - Filling up the DagBag from /opt/airflow/dags/first_dag.py
[2025-01-11T12:57:59.497+0000] {processor.py:840} INFO - DAG(s) 'first_dag' retrieved from /opt/airflow/dags/first_dag.py
[2025-01-11T12:57:59.506+0000] {logging_mixin.py:188} INFO - [2025-01-11T12:57:59.506+0000] {dag.py:3089} INFO - Sync 1 DAGs
[2025-01-11T12:57:59.519+0000] {logging_mixin.py:188} INFO - [2025-01-11T12:57:59.519+0000] {dag.py:3947} INFO - Setting next_dagrun for first_dag to 2024-07-23 00:00:00+00:00, run_after=2024-07-24 00:00:00+00:00
[2025-01-11T12:57:59.532+0000] {processor.py:183} INFO - Processing /opt/airflow/dags/first_dag.py took 0.053 seconds
[2025-01-11T12:58:29.585+0000] {processor.py:161} INFO - Started process (PID=27167) to work on /opt/airflow/dags/first_dag.py
[2025-01-11T12:58:29.586+0000] {processor.py:830} INFO - Processing file /opt/airflow/dags/first_dag.py for tasks to queue
[2025-01-11T12:58:29.588+0000] {logging_mixin.py:188} INFO - [2025-01-11T12:58:29.587+0000] {dagbag.py:545} INFO - Filling up the DagBag from /opt/airflow/dags/first_dag.py
[2025-01-11T12:58:29.600+0000] {processor.py:840} INFO - DAG(s) 'first_dag' retrieved from /opt/airflow/dags/first_dag.py
[2025-01-11T12:58:29.653+0000] {logging_mixin.py:188} INFO - [2025-01-11T12:58:29.653+0000] {dag.py:3089} INFO - Sync 1 DAGs
[2025-01-11T12:58:29.662+0000] {logging_mixin.py:188} INFO - [2025-01-11T12:58:29.662+0000] {dag.py:3947} INFO - Setting next_dagrun for first_dag to 2024-07-23 00:00:00+00:00, run_after=2024-07-24 00:00:00+00:00
[2025-01-11T12:58:29.675+0000] {processor.py:183} INFO - Processing /opt/airflow/dags/first_dag.py took 0.093 seconds
[2025-01-11T12:58:59.844+0000] {processor.py:161} INFO - Started process (PID=27444) to work on /opt/airflow/dags/first_dag.py
[2025-01-11T12:58:59.845+0000] {processor.py:830} INFO - Processing file /opt/airflow/dags/first_dag.py for tasks to queue
[2025-01-11T12:58:59.847+0000] {logging_mixin.py:188} INFO - [2025-01-11T12:58:59.847+0000] {dagbag.py:545} INFO - Filling up the DagBag from /opt/airflow/dags/first_dag.py
[2025-01-11T12:58:59.858+0000] {processor.py:840} INFO - DAG(s) 'first_dag' retrieved from /opt/airflow/dags/first_dag.py
[2025-01-11T12:58:59.869+0000] {logging_mixin.py:188} INFO - [2025-01-11T12:58:59.868+0000] {dag.py:3089} INFO - Sync 1 DAGs
[2025-01-11T12:58:59.883+0000] {logging_mixin.py:188} INFO - [2025-01-11T12:58:59.882+0000] {dag.py:3947} INFO - Setting next_dagrun for first_dag to 2024-07-23 00:00:00+00:00, run_after=2024-07-24 00:00:00+00:00
[2025-01-11T12:58:59.894+0000] {processor.py:183} INFO - Processing /opt/airflow/dags/first_dag.py took 0.054 seconds
[2025-01-11T12:59:30.017+0000] {processor.py:161} INFO - Started process (PID=27723) to work on /opt/airflow/dags/first_dag.py
[2025-01-11T12:59:30.018+0000] {processor.py:830} INFO - Processing file /opt/airflow/dags/first_dag.py for tasks to queue
[2025-01-11T12:59:30.019+0000] {logging_mixin.py:188} INFO - [2025-01-11T12:59:30.019+0000] {dagbag.py:545} INFO - Filling up the DagBag from /opt/airflow/dags/first_dag.py
[2025-01-11T12:59:30.030+0000] {processor.py:840} INFO - DAG(s) 'first_dag' retrieved from /opt/airflow/dags/first_dag.py
[2025-01-11T12:59:30.086+0000] {logging_mixin.py:188} INFO - [2025-01-11T12:59:30.085+0000] {dag.py:3089} INFO - Sync 1 DAGs
[2025-01-11T12:59:30.095+0000] {logging_mixin.py:188} INFO - [2025-01-11T12:59:30.095+0000] {dag.py:3947} INFO - Setting next_dagrun for first_dag to 2024-07-23 00:00:00+00:00, run_after=2024-07-24 00:00:00+00:00
[2025-01-11T12:59:30.106+0000] {processor.py:183} INFO - Processing /opt/airflow/dags/first_dag.py took 0.093 seconds
[2025-01-11T13:00:00.343+0000] {processor.py:161} INFO - Started process (PID=27998) to work on /opt/airflow/dags/first_dag.py
[2025-01-11T13:00:00.344+0000] {processor.py:830} INFO - Processing file /opt/airflow/dags/first_dag.py for tasks to queue
[2025-01-11T13:00:00.345+0000] {logging_mixin.py:188} INFO - [2025-01-11T13:00:00.345+0000] {dagbag.py:545} INFO - Filling up the DagBag from /opt/airflow/dags/first_dag.py
[2025-01-11T13:00:00.357+0000] {processor.py:840} INFO - DAG(s) 'first_dag' retrieved from /opt/airflow/dags/first_dag.py
[2025-01-11T13:00:00.366+0000] {logging_mixin.py:188} INFO - [2025-01-11T13:00:00.366+0000] {dag.py:3089} INFO - Sync 1 DAGs
[2025-01-11T13:00:00.379+0000] {logging_mixin.py:188} INFO - [2025-01-11T13:00:00.379+0000] {dag.py:3947} INFO - Setting next_dagrun for first_dag to 2024-07-23 00:00:00+00:00, run_after=2024-07-24 00:00:00+00:00
[2025-01-11T13:00:00.390+0000] {processor.py:183} INFO - Processing /opt/airflow/dags/first_dag.py took 0.052 seconds
[2025-01-11T13:00:30.724+0000] {processor.py:161} INFO - Started process (PID=28277) to work on /opt/airflow/dags/first_dag.py
[2025-01-11T13:00:30.725+0000] {processor.py:830} INFO - Processing file /opt/airflow/dags/first_dag.py for tasks to queue
[2025-01-11T13:00:30.726+0000] {logging_mixin.py:188} INFO - [2025-01-11T13:00:30.726+0000] {dagbag.py:545} INFO - Filling up the DagBag from /opt/airflow/dags/first_dag.py
[2025-01-11T13:00:30.739+0000] {processor.py:840} INFO - DAG(s) 'first_dag' retrieved from /opt/airflow/dags/first_dag.py
[2025-01-11T13:00:30.798+0000] {logging_mixin.py:188} INFO - [2025-01-11T13:00:30.798+0000] {dag.py:3089} INFO - Sync 1 DAGs
[2025-01-11T13:00:30.809+0000] {logging_mixin.py:188} INFO - [2025-01-11T13:00:30.808+0000] {dag.py:3947} INFO - Setting next_dagrun for first_dag to 2024-07-23 00:00:00+00:00, run_after=2024-07-24 00:00:00+00:00
[2025-01-11T13:00:30.820+0000] {processor.py:183} INFO - Processing /opt/airflow/dags/first_dag.py took 0.100 seconds
[2025-01-11T13:03:13.943+0000] {processor.py:161} INFO - Started process (PID=28552) to work on /opt/airflow/dags/first_dag.py
[2025-01-11T13:03:13.944+0000] {processor.py:830} INFO - Processing file /opt/airflow/dags/first_dag.py for tasks to queue
[2025-01-11T13:03:13.946+0000] {logging_mixin.py:188} INFO - [2025-01-11T13:03:13.945+0000] {dagbag.py:545} INFO - Filling up the DagBag from /opt/airflow/dags/first_dag.py
[2025-01-11T13:03:13.960+0000] {processor.py:840} INFO - DAG(s) 'first_dag' retrieved from /opt/airflow/dags/first_dag.py
[2025-01-11T13:03:13.973+0000] {logging_mixin.py:188} INFO - [2025-01-11T13:03:13.973+0000] {dag.py:3089} INFO - Sync 1 DAGs
[2025-01-11T13:03:13.990+0000] {logging_mixin.py:188} INFO - [2025-01-11T13:03:13.990+0000] {dag.py:3947} INFO - Setting next_dagrun for first_dag to 2024-07-23 00:00:00+00:00, run_after=2024-07-24 00:00:00+00:00
[2025-01-11T13:03:14.006+0000] {processor.py:183} INFO - Processing /opt/airflow/dags/first_dag.py took 0.068 seconds
[2025-01-11T13:03:44.127+0000] {processor.py:161} INFO - Started process (PID=28831) to work on /opt/airflow/dags/first_dag.py
[2025-01-11T13:03:44.128+0000] {processor.py:830} INFO - Processing file /opt/airflow/dags/first_dag.py for tasks to queue
[2025-01-11T13:03:44.129+0000] {logging_mixin.py:188} INFO - [2025-01-11T13:03:44.129+0000] {dagbag.py:545} INFO - Filling up the DagBag from /opt/airflow/dags/first_dag.py
[2025-01-11T13:03:44.141+0000] {processor.py:840} INFO - DAG(s) 'first_dag' retrieved from /opt/airflow/dags/first_dag.py
[2025-01-11T13:03:44.200+0000] {logging_mixin.py:188} INFO - [2025-01-11T13:03:44.200+0000] {dag.py:3089} INFO - Sync 1 DAGs
[2025-01-11T13:03:44.210+0000] {logging_mixin.py:188} INFO - [2025-01-11T13:03:44.210+0000] {dag.py:3947} INFO - Setting next_dagrun for first_dag to 2024-07-23 00:00:00+00:00, run_after=2024-07-24 00:00:00+00:00
[2025-01-11T13:03:44.222+0000] {processor.py:183} INFO - Processing /opt/airflow/dags/first_dag.py took 0.099 seconds
[2025-01-11T13:04:14.417+0000] {processor.py:161} INFO - Started process (PID=29106) to work on /opt/airflow/dags/first_dag.py
[2025-01-11T13:04:14.419+0000] {processor.py:830} INFO - Processing file /opt/airflow/dags/first_dag.py for tasks to queue
[2025-01-11T13:04:14.420+0000] {logging_mixin.py:188} INFO - [2025-01-11T13:04:14.420+0000] {dagbag.py:545} INFO - Filling up the DagBag from /opt/airflow/dags/first_dag.py
[2025-01-11T13:04:14.432+0000] {processor.py:840} INFO - DAG(s) 'first_dag' retrieved from /opt/airflow/dags/first_dag.py
[2025-01-11T13:04:14.442+0000] {logging_mixin.py:188} INFO - [2025-01-11T13:04:14.442+0000] {dag.py:3089} INFO - Sync 1 DAGs
[2025-01-11T13:04:14.456+0000] {logging_mixin.py:188} INFO - [2025-01-11T13:04:14.456+0000] {dag.py:3947} INFO - Setting next_dagrun for first_dag to 2024-07-23 00:00:00+00:00, run_after=2024-07-24 00:00:00+00:00
[2025-01-11T13:04:14.466+0000] {processor.py:183} INFO - Processing /opt/airflow/dags/first_dag.py took 0.053 seconds
[2025-01-11T13:04:44.720+0000] {processor.py:161} INFO - Started process (PID=29379) to work on /opt/airflow/dags/first_dag.py
[2025-01-11T13:04:44.721+0000] {processor.py:830} INFO - Processing file /opt/airflow/dags/first_dag.py for tasks to queue
[2025-01-11T13:04:44.722+0000] {logging_mixin.py:188} INFO - [2025-01-11T13:04:44.722+0000] {dagbag.py:545} INFO - Filling up the DagBag from /opt/airflow/dags/first_dag.py
[2025-01-11T13:04:44.733+0000] {processor.py:840} INFO - DAG(s) 'first_dag' retrieved from /opt/airflow/dags/first_dag.py
[2025-01-11T13:04:44.783+0000] {logging_mixin.py:188} INFO - [2025-01-11T13:04:44.783+0000] {dag.py:3089} INFO - Sync 1 DAGs
[2025-01-11T13:04:44.792+0000] {logging_mixin.py:188} INFO - [2025-01-11T13:04:44.792+0000] {dag.py:3947} INFO - Setting next_dagrun for first_dag to 2024-07-23 00:00:00+00:00, run_after=2024-07-24 00:00:00+00:00
[2025-01-11T13:04:44.802+0000] {processor.py:183} INFO - Processing /opt/airflow/dags/first_dag.py took 0.086 seconds
[2025-01-11T13:05:15.214+0000] {processor.py:161} INFO - Started process (PID=29654) to work on /opt/airflow/dags/first_dag.py
[2025-01-11T13:05:15.214+0000] {processor.py:830} INFO - Processing file /opt/airflow/dags/first_dag.py for tasks to queue
[2025-01-11T13:05:15.215+0000] {logging_mixin.py:188} INFO - [2025-01-11T13:05:15.215+0000] {dagbag.py:545} INFO - Filling up the DagBag from /opt/airflow/dags/first_dag.py
[2025-01-11T13:05:15.226+0000] {processor.py:840} INFO - DAG(s) 'first_dag' retrieved from /opt/airflow/dags/first_dag.py
[2025-01-11T13:05:15.235+0000] {logging_mixin.py:188} INFO - [2025-01-11T13:05:15.235+0000] {dag.py:3089} INFO - Sync 1 DAGs
[2025-01-11T13:05:15.248+0000] {logging_mixin.py:188} INFO - [2025-01-11T13:05:15.248+0000] {dag.py:3947} INFO - Setting next_dagrun for first_dag to 2024-07-23 00:00:00+00:00, run_after=2024-07-24 00:00:00+00:00
[2025-01-11T13:05:15.260+0000] {processor.py:183} INFO - Processing /opt/airflow/dags/first_dag.py took 0.051 seconds
[2025-01-11T13:05:45.357+0000] {processor.py:161} INFO - Started process (PID=29931) to work on /opt/airflow/dags/first_dag.py
[2025-01-11T13:05:45.358+0000] {processor.py:830} INFO - Processing file /opt/airflow/dags/first_dag.py for tasks to queue
[2025-01-11T13:05:45.360+0000] {logging_mixin.py:188} INFO - [2025-01-11T13:05:45.359+0000] {dagbag.py:545} INFO - Filling up the DagBag from /opt/airflow/dags/first_dag.py
[2025-01-11T13:05:45.372+0000] {processor.py:840} INFO - DAG(s) 'first_dag' retrieved from /opt/airflow/dags/first_dag.py
[2025-01-11T13:05:45.443+0000] {logging_mixin.py:188} INFO - [2025-01-11T13:05:45.443+0000] {dag.py:3089} INFO - Sync 1 DAGs
[2025-01-11T13:05:45.454+0000] {logging_mixin.py:188} INFO - [2025-01-11T13:05:45.454+0000] {dag.py:3947} INFO - Setting next_dagrun for first_dag to 2024-07-23 00:00:00+00:00, run_after=2024-07-24 00:00:00+00:00
[2025-01-11T13:05:45.467+0000] {processor.py:183} INFO - Processing /opt/airflow/dags/first_dag.py took 0.115 seconds
[2025-01-11T13:06:15.775+0000] {processor.py:161} INFO - Started process (PID=30207) to work on /opt/airflow/dags/first_dag.py
[2025-01-11T13:06:15.776+0000] {processor.py:830} INFO - Processing file /opt/airflow/dags/first_dag.py for tasks to queue
[2025-01-11T13:06:15.777+0000] {logging_mixin.py:188} INFO - [2025-01-11T13:06:15.777+0000] {dagbag.py:545} INFO - Filling up the DagBag from /opt/airflow/dags/first_dag.py
[2025-01-11T13:06:15.788+0000] {processor.py:840} INFO - DAG(s) 'first_dag' retrieved from /opt/airflow/dags/first_dag.py
[2025-01-11T13:06:15.797+0000] {logging_mixin.py:188} INFO - [2025-01-11T13:06:15.797+0000] {dag.py:3089} INFO - Sync 1 DAGs
[2025-01-11T13:06:15.810+0000] {logging_mixin.py:188} INFO - [2025-01-11T13:06:15.810+0000] {dag.py:3947} INFO - Setting next_dagrun for first_dag to 2024-07-23 00:00:00+00:00, run_after=2024-07-24 00:00:00+00:00
[2025-01-11T13:06:15.821+0000] {processor.py:183} INFO - Processing /opt/airflow/dags/first_dag.py took 0.050 seconds
[2025-01-11T13:06:45.987+0000] {processor.py:161} INFO - Started process (PID=30486) to work on /opt/airflow/dags/first_dag.py
[2025-01-11T13:06:45.987+0000] {processor.py:830} INFO - Processing file /opt/airflow/dags/first_dag.py for tasks to queue
[2025-01-11T13:06:45.989+0000] {logging_mixin.py:188} INFO - [2025-01-11T13:06:45.989+0000] {dagbag.py:545} INFO - Filling up the DagBag from /opt/airflow/dags/first_dag.py
[2025-01-11T13:06:46.000+0000] {processor.py:840} INFO - DAG(s) 'first_dag' retrieved from /opt/airflow/dags/first_dag.py
[2025-01-11T13:06:46.050+0000] {logging_mixin.py:188} INFO - [2025-01-11T13:06:46.049+0000] {dag.py:3089} INFO - Sync 1 DAGs
[2025-01-11T13:06:46.059+0000] {logging_mixin.py:188} INFO - [2025-01-11T13:06:46.059+0000] {dag.py:3947} INFO - Setting next_dagrun for first_dag to 2024-07-23 00:00:00+00:00, run_after=2024-07-24 00:00:00+00:00
[2025-01-11T13:06:46.069+0000] {processor.py:183} INFO - Processing /opt/airflow/dags/first_dag.py took 0.086 seconds
[2025-01-11T13:07:16.292+0000] {processor.py:161} INFO - Started process (PID=30761) to work on /opt/airflow/dags/first_dag.py
[2025-01-11T13:07:16.293+0000] {processor.py:830} INFO - Processing file /opt/airflow/dags/first_dag.py for tasks to queue
[2025-01-11T13:07:16.294+0000] {logging_mixin.py:188} INFO - [2025-01-11T13:07:16.294+0000] {dagbag.py:545} INFO - Filling up the DagBag from /opt/airflow/dags/first_dag.py
[2025-01-11T13:07:16.306+0000] {processor.py:840} INFO - DAG(s) 'first_dag' retrieved from /opt/airflow/dags/first_dag.py
[2025-01-11T13:07:16.315+0000] {logging_mixin.py:188} INFO - [2025-01-11T13:07:16.315+0000] {dag.py:3089} INFO - Sync 1 DAGs
[2025-01-11T13:07:16.328+0000] {logging_mixin.py:188} INFO - [2025-01-11T13:07:16.328+0000] {dag.py:3947} INFO - Setting next_dagrun for first_dag to 2024-07-23 00:00:00+00:00, run_after=2024-07-24 00:00:00+00:00
[2025-01-11T13:07:16.339+0000] {processor.py:183} INFO - Processing /opt/airflow/dags/first_dag.py took 0.051 seconds
[2025-01-11T13:07:46.785+0000] {processor.py:161} INFO - Started process (PID=31040) to work on /opt/airflow/dags/first_dag.py
[2025-01-11T13:07:46.785+0000] {processor.py:830} INFO - Processing file /opt/airflow/dags/first_dag.py for tasks to queue
[2025-01-11T13:07:46.786+0000] {logging_mixin.py:188} INFO - [2025-01-11T13:07:46.786+0000] {dagbag.py:545} INFO - Filling up the DagBag from /opt/airflow/dags/first_dag.py
[2025-01-11T13:07:46.797+0000] {processor.py:840} INFO - DAG(s) 'first_dag' retrieved from /opt/airflow/dags/first_dag.py
[2025-01-11T13:07:46.845+0000] {logging_mixin.py:188} INFO - [2025-01-11T13:07:46.845+0000] {dag.py:3089} INFO - Sync 1 DAGs
[2025-01-11T13:07:46.854+0000] {logging_mixin.py:188} INFO - [2025-01-11T13:07:46.854+0000] {dag.py:3947} INFO - Setting next_dagrun for first_dag to 2024-07-23 00:00:00+00:00, run_after=2024-07-24 00:00:00+00:00
[2025-01-11T13:07:46.865+0000] {processor.py:183} INFO - Processing /opt/airflow/dags/first_dag.py took 0.084 seconds
[2025-01-11T13:08:17.750+0000] {processor.py:161} INFO - Started process (PID=31315) to work on /opt/airflow/dags/first_dag.py
[2025-01-11T13:08:17.750+0000] {processor.py:830} INFO - Processing file /opt/airflow/dags/first_dag.py for tasks to queue
[2025-01-11T13:08:17.752+0000] {logging_mixin.py:188} INFO - [2025-01-11T13:08:17.751+0000] {dagbag.py:545} INFO - Filling up the DagBag from /opt/airflow/dags/first_dag.py
[2025-01-11T13:08:17.764+0000] {processor.py:840} INFO - DAG(s) 'first_dag' retrieved from /opt/airflow/dags/first_dag.py
[2025-01-11T13:08:17.773+0000] {logging_mixin.py:188} INFO - [2025-01-11T13:08:17.772+0000] {dag.py:3089} INFO - Sync 1 DAGs
[2025-01-11T13:08:17.787+0000] {logging_mixin.py:188} INFO - [2025-01-11T13:08:17.787+0000] {dag.py:3947} INFO - Setting next_dagrun for first_dag to 2024-07-23 00:00:00+00:00, run_after=2024-07-24 00:00:00+00:00
[2025-01-11T13:08:17.798+0000] {processor.py:183} INFO - Processing /opt/airflow/dags/first_dag.py took 0.053 seconds
[2025-01-11T13:08:48.082+0000] {processor.py:161} INFO - Started process (PID=31594) to work on /opt/airflow/dags/first_dag.py
[2025-01-11T13:08:48.083+0000] {processor.py:830} INFO - Processing file /opt/airflow/dags/first_dag.py for tasks to queue
[2025-01-11T13:08:48.084+0000] {logging_mixin.py:188} INFO - [2025-01-11T13:08:48.084+0000] {dagbag.py:545} INFO - Filling up the DagBag from /opt/airflow/dags/first_dag.py
[2025-01-11T13:08:48.096+0000] {processor.py:840} INFO - DAG(s) 'first_dag' retrieved from /opt/airflow/dags/first_dag.py
[2025-01-11T13:08:48.149+0000] {logging_mixin.py:188} INFO - [2025-01-11T13:08:48.149+0000] {dag.py:3089} INFO - Sync 1 DAGs
[2025-01-11T13:08:48.159+0000] {logging_mixin.py:188} INFO - [2025-01-11T13:08:48.159+0000] {dag.py:3947} INFO - Setting next_dagrun for first_dag to 2024-07-23 00:00:00+00:00, run_after=2024-07-24 00:00:00+00:00
[2025-01-11T13:08:48.170+0000] {processor.py:183} INFO - Processing /opt/airflow/dags/first_dag.py took 0.091 seconds
[2025-01-11T13:09:19.546+0000] {processor.py:161} INFO - Started process (PID=31869) to work on /opt/airflow/dags/first_dag.py
[2025-01-11T13:09:19.546+0000] {processor.py:830} INFO - Processing file /opt/airflow/dags/first_dag.py for tasks to queue
[2025-01-11T13:09:19.548+0000] {logging_mixin.py:188} INFO - [2025-01-11T13:09:19.547+0000] {dagbag.py:545} INFO - Filling up the DagBag from /opt/airflow/dags/first_dag.py
[2025-01-11T13:09:19.561+0000] {processor.py:840} INFO - DAG(s) 'first_dag' retrieved from /opt/airflow/dags/first_dag.py
[2025-01-11T13:09:19.569+0000] {logging_mixin.py:188} INFO - [2025-01-11T13:09:19.569+0000] {dag.py:3089} INFO - Sync 1 DAGs
[2025-01-11T13:09:19.582+0000] {logging_mixin.py:188} INFO - [2025-01-11T13:09:19.582+0000] {dag.py:3947} INFO - Setting next_dagrun for first_dag to 2024-07-23 00:00:00+00:00, run_after=2024-07-24 00:00:00+00:00
[2025-01-11T13:09:19.592+0000] {processor.py:183} INFO - Processing /opt/airflow/dags/first_dag.py took 0.051 seconds
[2025-01-11T13:09:51.924+0000] {processor.py:161} INFO - Started process (PID=32148) to work on /opt/airflow/dags/first_dag.py
[2025-01-11T13:09:51.924+0000] {processor.py:830} INFO - Processing file /opt/airflow/dags/first_dag.py for tasks to queue
[2025-01-11T13:09:51.925+0000] {logging_mixin.py:188} INFO - [2025-01-11T13:09:51.925+0000] {dagbag.py:545} INFO - Filling up the DagBag from /opt/airflow/dags/first_dag.py
[2025-01-11T13:09:51.937+0000] {processor.py:840} INFO - DAG(s) 'first_dag' retrieved from /opt/airflow/dags/first_dag.py
[2025-01-11T13:09:51.990+0000] {logging_mixin.py:188} INFO - [2025-01-11T13:09:51.990+0000] {dag.py:3089} INFO - Sync 1 DAGs
[2025-01-11T13:09:52.000+0000] {logging_mixin.py:188} INFO - [2025-01-11T13:09:52.000+0000] {dag.py:3947} INFO - Setting next_dagrun for first_dag to 2024-07-23 00:00:00+00:00, run_after=2024-07-24 00:00:00+00:00
[2025-01-11T13:09:52.011+0000] {processor.py:183} INFO - Processing /opt/airflow/dags/first_dag.py took 0.091 seconds
[2025-01-11T13:10:22.300+0000] {processor.py:161} INFO - Started process (PID=32424) to work on /opt/airflow/dags/first_dag.py
[2025-01-11T13:10:22.301+0000] {processor.py:830} INFO - Processing file /opt/airflow/dags/first_dag.py for tasks to queue
[2025-01-11T13:10:22.303+0000] {logging_mixin.py:188} INFO - [2025-01-11T13:10:22.302+0000] {dagbag.py:545} INFO - Filling up the DagBag from /opt/airflow/dags/first_dag.py
[2025-01-11T13:10:22.314+0000] {processor.py:840} INFO - DAG(s) 'first_dag' retrieved from /opt/airflow/dags/first_dag.py
[2025-01-11T13:10:22.323+0000] {logging_mixin.py:188} INFO - [2025-01-11T13:10:22.323+0000] {dag.py:3089} INFO - Sync 1 DAGs
[2025-01-11T13:10:22.336+0000] {logging_mixin.py:188} INFO - [2025-01-11T13:10:22.336+0000] {dag.py:3947} INFO - Setting next_dagrun for first_dag to 2024-07-23 00:00:00+00:00, run_after=2024-07-24 00:00:00+00:00
[2025-01-11T13:10:22.347+0000] {processor.py:183} INFO - Processing /opt/airflow/dags/first_dag.py took 0.051 seconds
[2025-01-11T13:10:53.085+0000] {processor.py:161} INFO - Started process (PID=32703) to work on /opt/airflow/dags/first_dag.py
[2025-01-11T13:10:53.086+0000] {processor.py:830} INFO - Processing file /opt/airflow/dags/first_dag.py for tasks to queue
[2025-01-11T13:10:53.087+0000] {logging_mixin.py:188} INFO - [2025-01-11T13:10:53.087+0000] {dagbag.py:545} INFO - Filling up the DagBag from /opt/airflow/dags/first_dag.py
[2025-01-11T13:10:53.099+0000] {processor.py:840} INFO - DAG(s) 'first_dag' retrieved from /opt/airflow/dags/first_dag.py
[2025-01-11T13:10:53.150+0000] {logging_mixin.py:188} INFO - [2025-01-11T13:10:53.150+0000] {dag.py:3089} INFO - Sync 1 DAGs
[2025-01-11T13:10:53.160+0000] {logging_mixin.py:188} INFO - [2025-01-11T13:10:53.160+0000] {dag.py:3947} INFO - Setting next_dagrun for first_dag to 2024-07-23 00:00:00+00:00, run_after=2024-07-24 00:00:00+00:00
[2025-01-11T13:10:53.171+0000] {processor.py:183} INFO - Processing /opt/airflow/dags/first_dag.py took 0.090 seconds
[2025-01-11T13:11:24.023+0000] {processor.py:161} INFO - Started process (PID=32978) to work on /opt/airflow/dags/first_dag.py
[2025-01-11T13:11:24.024+0000] {processor.py:830} INFO - Processing file /opt/airflow/dags/first_dag.py for tasks to queue
[2025-01-11T13:11:24.025+0000] {logging_mixin.py:188} INFO - [2025-01-11T13:11:24.025+0000] {dagbag.py:545} INFO - Filling up the DagBag from /opt/airflow/dags/first_dag.py
[2025-01-11T13:11:24.038+0000] {processor.py:840} INFO - DAG(s) 'first_dag' retrieved from /opt/airflow/dags/first_dag.py
[2025-01-11T13:11:24.048+0000] {logging_mixin.py:188} INFO - [2025-01-11T13:11:24.048+0000] {dag.py:3089} INFO - Sync 1 DAGs
[2025-01-11T13:11:24.061+0000] {logging_mixin.py:188} INFO - [2025-01-11T13:11:24.061+0000] {dag.py:3947} INFO - Setting next_dagrun for first_dag to 2024-07-23 00:00:00+00:00, run_after=2024-07-24 00:00:00+00:00
[2025-01-11T13:11:24.073+0000] {processor.py:183} INFO - Processing /opt/airflow/dags/first_dag.py took 0.054 seconds
[2025-01-11T13:11:55.129+0000] {processor.py:161} INFO - Started process (PID=33257) to work on /opt/airflow/dags/first_dag.py
[2025-01-11T13:11:55.130+0000] {processor.py:830} INFO - Processing file /opt/airflow/dags/first_dag.py for tasks to queue
[2025-01-11T13:11:55.131+0000] {logging_mixin.py:188} INFO - [2025-01-11T13:11:55.131+0000] {dagbag.py:545} INFO - Filling up the DagBag from /opt/airflow/dags/first_dag.py
[2025-01-11T13:11:55.143+0000] {processor.py:840} INFO - DAG(s) 'first_dag' retrieved from /opt/airflow/dags/first_dag.py
[2025-01-11T13:11:55.193+0000] {logging_mixin.py:188} INFO - [2025-01-11T13:11:55.193+0000] {dag.py:3089} INFO - Sync 1 DAGs
[2025-01-11T13:11:55.203+0000] {logging_mixin.py:188} INFO - [2025-01-11T13:11:55.203+0000] {dag.py:3947} INFO - Setting next_dagrun for first_dag to 2024-07-23 00:00:00+00:00, run_after=2024-07-24 00:00:00+00:00
[2025-01-11T13:11:55.213+0000] {processor.py:183} INFO - Processing /opt/airflow/dags/first_dag.py took 0.088 seconds
[2025-01-11T13:12:25.338+0000] {processor.py:161} INFO - Started process (PID=33532) to work on /opt/airflow/dags/first_dag.py
[2025-01-11T13:12:25.339+0000] {processor.py:830} INFO - Processing file /opt/airflow/dags/first_dag.py for tasks to queue
[2025-01-11T13:12:25.340+0000] {logging_mixin.py:188} INFO - [2025-01-11T13:12:25.340+0000] {dagbag.py:545} INFO - Filling up the DagBag from /opt/airflow/dags/first_dag.py
[2025-01-11T13:12:25.351+0000] {processor.py:840} INFO - DAG(s) 'first_dag' retrieved from /opt/airflow/dags/first_dag.py
[2025-01-11T13:12:25.360+0000] {logging_mixin.py:188} INFO - [2025-01-11T13:12:25.359+0000] {dag.py:3089} INFO - Sync 1 DAGs
[2025-01-11T13:12:25.371+0000] {logging_mixin.py:188} INFO - [2025-01-11T13:12:25.371+0000] {dag.py:3947} INFO - Setting next_dagrun for first_dag to 2024-07-23 00:00:00+00:00, run_after=2024-07-24 00:00:00+00:00
[2025-01-11T13:12:25.381+0000] {processor.py:183} INFO - Processing /opt/airflow/dags/first_dag.py took 0.047 seconds
[2025-01-11T13:12:58.560+0000] {processor.py:161} INFO - Started process (PID=33811) to work on /opt/airflow/dags/first_dag.py
[2025-01-11T13:12:58.561+0000] {processor.py:830} INFO - Processing file /opt/airflow/dags/first_dag.py for tasks to queue
[2025-01-11T13:12:58.562+0000] {logging_mixin.py:188} INFO - [2025-01-11T13:12:58.562+0000] {dagbag.py:545} INFO - Filling up the DagBag from /opt/airflow/dags/first_dag.py
[2025-01-11T13:12:58.573+0000] {processor.py:840} INFO - DAG(s) 'first_dag' retrieved from /opt/airflow/dags/first_dag.py
[2025-01-11T13:12:58.625+0000] {logging_mixin.py:188} INFO - [2025-01-11T13:12:58.625+0000] {dag.py:3089} INFO - Sync 1 DAGs
[2025-01-11T13:12:58.635+0000] {logging_mixin.py:188} INFO - [2025-01-11T13:12:58.635+0000] {dag.py:3947} INFO - Setting next_dagrun for first_dag to 2024-07-23 00:00:00+00:00, run_after=2024-07-24 00:00:00+00:00
[2025-01-11T13:12:58.645+0000] {processor.py:183} INFO - Processing /opt/airflow/dags/first_dag.py took 0.089 seconds
[2025-01-11T13:13:29.152+0000] {processor.py:161} INFO - Started process (PID=34086) to work on /opt/airflow/dags/first_dag.py
[2025-01-11T13:13:29.153+0000] {processor.py:830} INFO - Processing file /opt/airflow/dags/first_dag.py for tasks to queue
[2025-01-11T13:13:29.154+0000] {logging_mixin.py:188} INFO - [2025-01-11T13:13:29.154+0000] {dagbag.py:545} INFO - Filling up the DagBag from /opt/airflow/dags/first_dag.py
[2025-01-11T13:13:29.166+0000] {processor.py:840} INFO - DAG(s) 'first_dag' retrieved from /opt/airflow/dags/first_dag.py
[2025-01-11T13:13:29.175+0000] {logging_mixin.py:188} INFO - [2025-01-11T13:13:29.175+0000] {dag.py:3089} INFO - Sync 1 DAGs
[2025-01-11T13:13:29.188+0000] {logging_mixin.py:188} INFO - [2025-01-11T13:13:29.188+0000] {dag.py:3947} INFO - Setting next_dagrun for first_dag to 2024-07-23 00:00:00+00:00, run_after=2024-07-24 00:00:00+00:00
[2025-01-11T13:13:29.200+0000] {processor.py:183} INFO - Processing /opt/airflow/dags/first_dag.py took 0.052 seconds
[2025-01-11T13:14:00.444+0000] {processor.py:161} INFO - Started process (PID=34366) to work on /opt/airflow/dags/first_dag.py
[2025-01-11T13:14:00.445+0000] {processor.py:830} INFO - Processing file /opt/airflow/dags/first_dag.py for tasks to queue
[2025-01-11T13:14:00.447+0000] {logging_mixin.py:188} INFO - [2025-01-11T13:14:00.446+0000] {dagbag.py:545} INFO - Filling up the DagBag from /opt/airflow/dags/first_dag.py
[2025-01-11T13:14:00.458+0000] {processor.py:840} INFO - DAG(s) 'first_dag' retrieved from /opt/airflow/dags/first_dag.py
[2025-01-11T13:14:00.510+0000] {logging_mixin.py:188} INFO - [2025-01-11T13:14:00.510+0000] {dag.py:3089} INFO - Sync 1 DAGs
[2025-01-11T13:14:00.520+0000] {logging_mixin.py:188} INFO - [2025-01-11T13:14:00.520+0000] {dag.py:3947} INFO - Setting next_dagrun for first_dag to 2024-07-23 00:00:00+00:00, run_after=2024-07-24 00:00:00+00:00
[2025-01-11T13:14:00.660+0000] {processor.py:183} INFO - Processing /opt/airflow/dags/first_dag.py took 0.220 seconds
[2025-01-11T13:14:30.714+0000] {processor.py:161} INFO - Started process (PID=34641) to work on /opt/airflow/dags/first_dag.py
[2025-01-11T13:14:30.715+0000] {processor.py:830} INFO - Processing file /opt/airflow/dags/first_dag.py for tasks to queue
[2025-01-11T13:14:30.717+0000] {logging_mixin.py:188} INFO - [2025-01-11T13:14:30.717+0000] {dagbag.py:545} INFO - Filling up the DagBag from /opt/airflow/dags/first_dag.py
[2025-01-11T13:14:30.728+0000] {processor.py:840} INFO - DAG(s) 'first_dag' retrieved from /opt/airflow/dags/first_dag.py
[2025-01-11T13:14:30.738+0000] {logging_mixin.py:188} INFO - [2025-01-11T13:14:30.738+0000] {dag.py:3089} INFO - Sync 1 DAGs
[2025-01-11T13:14:30.754+0000] {logging_mixin.py:188} INFO - [2025-01-11T13:14:30.754+0000] {dag.py:3947} INFO - Setting next_dagrun for first_dag to 2024-07-23 00:00:00+00:00, run_after=2024-07-24 00:00:00+00:00
[2025-01-11T13:14:30.766+0000] {processor.py:183} INFO - Processing /opt/airflow/dags/first_dag.py took 0.056 seconds
[2025-01-11T13:15:01.772+0000] {processor.py:161} INFO - Started process (PID=34920) to work on /opt/airflow/dags/first_dag.py
[2025-01-11T13:15:01.773+0000] {processor.py:830} INFO - Processing file /opt/airflow/dags/first_dag.py for tasks to queue
[2025-01-11T13:15:01.775+0000] {logging_mixin.py:188} INFO - [2025-01-11T13:15:01.775+0000] {dagbag.py:545} INFO - Filling up the DagBag from /opt/airflow/dags/first_dag.py
[2025-01-11T13:15:01.785+0000] {processor.py:840} INFO - DAG(s) 'first_dag' retrieved from /opt/airflow/dags/first_dag.py
[2025-01-11T13:15:01.837+0000] {logging_mixin.py:188} INFO - [2025-01-11T13:15:01.837+0000] {dag.py:3089} INFO - Sync 1 DAGs
[2025-01-11T13:15:01.847+0000] {logging_mixin.py:188} INFO - [2025-01-11T13:15:01.847+0000] {dag.py:3947} INFO - Setting next_dagrun for first_dag to 2024-07-23 00:00:00+00:00, run_after=2024-07-24 00:00:00+00:00
[2025-01-11T13:15:01.858+0000] {processor.py:183} INFO - Processing /opt/airflow/dags/first_dag.py took 0.090 seconds
[2025-01-11T13:15:32.795+0000] {processor.py:161} INFO - Started process (PID=35195) to work on /opt/airflow/dags/first_dag.py
[2025-01-11T13:15:32.795+0000] {processor.py:830} INFO - Processing file /opt/airflow/dags/first_dag.py for tasks to queue
[2025-01-11T13:15:32.797+0000] {logging_mixin.py:188} INFO - [2025-01-11T13:15:32.797+0000] {dagbag.py:545} INFO - Filling up the DagBag from /opt/airflow/dags/first_dag.py
[2025-01-11T13:15:32.808+0000] {processor.py:840} INFO - DAG(s) 'first_dag' retrieved from /opt/airflow/dags/first_dag.py
[2025-01-11T13:15:32.817+0000] {logging_mixin.py:188} INFO - [2025-01-11T13:15:32.816+0000] {dag.py:3089} INFO - Sync 1 DAGs
[2025-01-11T13:15:32.830+0000] {logging_mixin.py:188} INFO - [2025-01-11T13:15:32.829+0000] {dag.py:3947} INFO - Setting next_dagrun for first_dag to 2024-07-23 00:00:00+00:00, run_after=2024-07-24 00:00:00+00:00
[2025-01-11T13:15:32.841+0000] {processor.py:183} INFO - Processing /opt/airflow/dags/first_dag.py took 0.050 seconds
[2025-01-11T13:16:05.650+0000] {processor.py:161} INFO - Started process (PID=35474) to work on /opt/airflow/dags/first_dag.py
[2025-01-11T13:16:05.652+0000] {processor.py:830} INFO - Processing file /opt/airflow/dags/first_dag.py for tasks to queue
[2025-01-11T13:16:05.655+0000] {logging_mixin.py:188} INFO - [2025-01-11T13:16:05.654+0000] {dagbag.py:545} INFO - Filling up the DagBag from /opt/airflow/dags/first_dag.py
[2025-01-11T13:16:05.671+0000] {processor.py:840} INFO - DAG(s) 'first_dag' retrieved from /opt/airflow/dags/first_dag.py
[2025-01-11T13:16:05.726+0000] {logging_mixin.py:188} INFO - [2025-01-11T13:16:05.726+0000] {dag.py:3089} INFO - Sync 1 DAGs
[2025-01-11T13:16:05.735+0000] {logging_mixin.py:188} INFO - [2025-01-11T13:16:05.735+0000] {dag.py:3947} INFO - Setting next_dagrun for first_dag to 2024-07-23 00:00:00+00:00, run_after=2024-07-24 00:00:00+00:00
[2025-01-11T13:16:05.746+0000] {processor.py:183} INFO - Processing /opt/airflow/dags/first_dag.py took 0.101 seconds
[2025-01-11T13:16:36.027+0000] {processor.py:161} INFO - Started process (PID=35749) to work on /opt/airflow/dags/first_dag.py
[2025-01-11T13:16:36.028+0000] {processor.py:830} INFO - Processing file /opt/airflow/dags/first_dag.py for tasks to queue
[2025-01-11T13:16:36.029+0000] {logging_mixin.py:188} INFO - [2025-01-11T13:16:36.029+0000] {dagbag.py:545} INFO - Filling up the DagBag from /opt/airflow/dags/first_dag.py
[2025-01-11T13:16:36.044+0000] {processor.py:840} INFO - DAG(s) 'first_dag' retrieved from /opt/airflow/dags/first_dag.py
[2025-01-11T13:16:36.061+0000] {logging_mixin.py:188} INFO - [2025-01-11T13:16:36.061+0000] {dag.py:3089} INFO - Sync 1 DAGs
[2025-01-11T13:16:36.076+0000] {logging_mixin.py:188} INFO - [2025-01-11T13:16:36.076+0000] {dag.py:3947} INFO - Setting next_dagrun for first_dag to 2024-07-23 00:00:00+00:00, run_after=2024-07-24 00:00:00+00:00
[2025-01-11T13:16:36.087+0000] {processor.py:183} INFO - Processing /opt/airflow/dags/first_dag.py took 0.068 seconds
[2025-01-11T13:17:07.688+0000] {processor.py:161} INFO - Started process (PID=36029) to work on /opt/airflow/dags/first_dag.py
[2025-01-11T13:17:07.689+0000] {processor.py:830} INFO - Processing file /opt/airflow/dags/first_dag.py for tasks to queue
[2025-01-11T13:17:07.690+0000] {logging_mixin.py:188} INFO - [2025-01-11T13:17:07.690+0000] {dagbag.py:545} INFO - Filling up the DagBag from /opt/airflow/dags/first_dag.py
[2025-01-11T13:17:07.700+0000] {processor.py:840} INFO - DAG(s) 'first_dag' retrieved from /opt/airflow/dags/first_dag.py
[2025-01-11T13:17:07.748+0000] {logging_mixin.py:188} INFO - [2025-01-11T13:17:07.748+0000] {dag.py:3089} INFO - Sync 1 DAGs
[2025-01-11T13:17:07.875+0000] {logging_mixin.py:188} INFO - [2025-01-11T13:17:07.875+0000] {dag.py:3947} INFO - Setting next_dagrun for first_dag to 2024-07-23 00:00:00+00:00, run_after=2024-07-24 00:00:00+00:00
[2025-01-11T13:17:07.888+0000] {processor.py:183} INFO - Processing /opt/airflow/dags/first_dag.py took 0.205 seconds
[2025-01-11T13:17:38.366+0000] {processor.py:161} INFO - Started process (PID=36305) to work on /opt/airflow/dags/first_dag.py
[2025-01-11T13:17:38.367+0000] {processor.py:830} INFO - Processing file /opt/airflow/dags/first_dag.py for tasks to queue
[2025-01-11T13:17:38.368+0000] {logging_mixin.py:188} INFO - [2025-01-11T13:17:38.368+0000] {dagbag.py:545} INFO - Filling up the DagBag from /opt/airflow/dags/first_dag.py
[2025-01-11T13:17:38.382+0000] {processor.py:840} INFO - DAG(s) 'first_dag' retrieved from /opt/airflow/dags/first_dag.py
[2025-01-11T13:17:38.398+0000] {logging_mixin.py:188} INFO - [2025-01-11T13:17:38.398+0000] {dag.py:3089} INFO - Sync 1 DAGs
[2025-01-11T13:17:38.496+0000] {logging_mixin.py:188} INFO - [2025-01-11T13:17:38.496+0000] {dag.py:3947} INFO - Setting next_dagrun for first_dag to 2024-07-23 00:00:00+00:00, run_after=2024-07-24 00:00:00+00:00
[2025-01-11T13:17:38.508+0000] {processor.py:183} INFO - Processing /opt/airflow/dags/first_dag.py took 0.147 seconds
[2025-01-11T13:18:09.115+0000] {processor.py:161} INFO - Started process (PID=36584) to work on /opt/airflow/dags/first_dag.py
[2025-01-11T13:18:09.116+0000] {processor.py:830} INFO - Processing file /opt/airflow/dags/first_dag.py for tasks to queue
[2025-01-11T13:18:09.117+0000] {logging_mixin.py:188} INFO - [2025-01-11T13:18:09.117+0000] {dagbag.py:545} INFO - Filling up the DagBag from /opt/airflow/dags/first_dag.py
[2025-01-11T13:18:09.128+0000] {processor.py:840} INFO - DAG(s) 'first_dag' retrieved from /opt/airflow/dags/first_dag.py
[2025-01-11T13:18:09.182+0000] {logging_mixin.py:188} INFO - [2025-01-11T13:18:09.182+0000] {dag.py:3089} INFO - Sync 1 DAGs
[2025-01-11T13:18:09.197+0000] {logging_mixin.py:188} INFO - [2025-01-11T13:18:09.197+0000] {dag.py:3947} INFO - Setting next_dagrun for first_dag to 2024-07-23 00:00:00+00:00, run_after=2024-07-24 00:00:00+00:00
[2025-01-11T13:18:09.304+0000] {processor.py:183} INFO - Processing /opt/airflow/dags/first_dag.py took 0.194 seconds
[2025-01-11T13:18:41.717+0000] {processor.py:161} INFO - Started process (PID=36859) to work on /opt/airflow/dags/first_dag.py
[2025-01-11T13:18:41.718+0000] {processor.py:830} INFO - Processing file /opt/airflow/dags/first_dag.py for tasks to queue
[2025-01-11T13:18:41.721+0000] {logging_mixin.py:188} INFO - [2025-01-11T13:18:41.721+0000] {dagbag.py:545} INFO - Filling up the DagBag from /opt/airflow/dags/first_dag.py
[2025-01-11T13:18:41.737+0000] {processor.py:840} INFO - DAG(s) 'first_dag' retrieved from /opt/airflow/dags/first_dag.py
[2025-01-11T13:18:41.754+0000] {logging_mixin.py:188} INFO - [2025-01-11T13:18:41.754+0000] {dag.py:3089} INFO - Sync 1 DAGs
[2025-01-11T13:18:41.768+0000] {logging_mixin.py:188} INFO - [2025-01-11T13:18:41.768+0000] {dag.py:3947} INFO - Setting next_dagrun for first_dag to 2024-07-23 00:00:00+00:00, run_after=2024-07-24 00:00:00+00:00
[2025-01-11T13:18:41.781+0000] {processor.py:183} INFO - Processing /opt/airflow/dags/first_dag.py took 0.070 seconds
[2025-01-11T13:19:13.095+0000] {processor.py:161} INFO - Started process (PID=37138) to work on /opt/airflow/dags/first_dag.py
[2025-01-11T13:19:13.096+0000] {processor.py:830} INFO - Processing file /opt/airflow/dags/first_dag.py for tasks to queue
[2025-01-11T13:19:13.097+0000] {logging_mixin.py:188} INFO - [2025-01-11T13:19:13.096+0000] {dagbag.py:545} INFO - Filling up the DagBag from /opt/airflow/dags/first_dag.py
[2025-01-11T13:19:13.108+0000] {processor.py:840} INFO - DAG(s) 'first_dag' retrieved from /opt/airflow/dags/first_dag.py
[2025-01-11T13:19:13.290+0000] {logging_mixin.py:188} INFO - [2025-01-11T13:19:13.289+0000] {dag.py:3089} INFO - Sync 1 DAGs
[2025-01-11T13:19:13.300+0000] {logging_mixin.py:188} INFO - [2025-01-11T13:19:13.300+0000] {dag.py:3947} INFO - Setting next_dagrun for first_dag to 2024-07-23 00:00:00+00:00, run_after=2024-07-24 00:00:00+00:00
[2025-01-11T13:19:13.316+0000] {processor.py:183} INFO - Processing /opt/airflow/dags/first_dag.py took 0.225 seconds
[2025-01-11T13:19:44.529+0000] {processor.py:161} INFO - Started process (PID=37413) to work on /opt/airflow/dags/first_dag.py
[2025-01-11T13:19:44.531+0000] {processor.py:830} INFO - Processing file /opt/airflow/dags/first_dag.py for tasks to queue
[2025-01-11T13:19:44.532+0000] {logging_mixin.py:188} INFO - [2025-01-11T13:19:44.532+0000] {dagbag.py:545} INFO - Filling up the DagBag from /opt/airflow/dags/first_dag.py
[2025-01-11T13:19:44.548+0000] {processor.py:840} INFO - DAG(s) 'first_dag' retrieved from /opt/airflow/dags/first_dag.py
[2025-01-11T13:19:44.566+0000] {logging_mixin.py:188} INFO - [2025-01-11T13:19:44.566+0000] {dag.py:3089} INFO - Sync 1 DAGs
[2025-01-11T13:19:44.581+0000] {logging_mixin.py:188} INFO - [2025-01-11T13:19:44.581+0000] {dag.py:3947} INFO - Setting next_dagrun for first_dag to 2024-07-23 00:00:00+00:00, run_after=2024-07-24 00:00:00+00:00
[2025-01-11T13:19:44.592+0000] {processor.py:183} INFO - Processing /opt/airflow/dags/first_dag.py took 0.068 seconds
[2025-01-11T13:20:14.911+0000] {processor.py:161} INFO - Started process (PID=37693) to work on /opt/airflow/dags/first_dag.py
[2025-01-11T13:20:14.911+0000] {processor.py:830} INFO - Processing file /opt/airflow/dags/first_dag.py for tasks to queue
[2025-01-11T13:20:14.912+0000] {logging_mixin.py:188} INFO - [2025-01-11T13:20:14.912+0000] {dagbag.py:545} INFO - Filling up the DagBag from /opt/airflow/dags/first_dag.py
[2025-01-11T13:20:14.923+0000] {processor.py:840} INFO - DAG(s) 'first_dag' retrieved from /opt/airflow/dags/first_dag.py
[2025-01-11T13:20:14.974+0000] {logging_mixin.py:188} INFO - [2025-01-11T13:20:14.974+0000] {dag.py:3089} INFO - Sync 1 DAGs
[2025-01-11T13:20:15.096+0000] {logging_mixin.py:188} INFO - [2025-01-11T13:20:15.096+0000] {dag.py:3947} INFO - Setting next_dagrun for first_dag to 2024-07-23 00:00:00+00:00, run_after=2024-07-24 00:00:00+00:00
[2025-01-11T13:20:15.110+0000] {processor.py:183} INFO - Processing /opt/airflow/dags/first_dag.py took 0.204 seconds
[2025-01-11T13:23:00.319+0000] {processor.py:161} INFO - Started process (PID=37968) to work on /opt/airflow/dags/first_dag.py
[2025-01-11T13:23:00.320+0000] {processor.py:830} INFO - Processing file /opt/airflow/dags/first_dag.py for tasks to queue
[2025-01-11T13:23:00.322+0000] {logging_mixin.py:188} INFO - [2025-01-11T13:23:00.322+0000] {dagbag.py:545} INFO - Filling up the DagBag from /opt/airflow/dags/first_dag.py
[2025-01-11T13:23:00.338+0000] {processor.py:840} INFO - DAG(s) 'first_dag' retrieved from /opt/airflow/dags/first_dag.py
[2025-01-11T13:23:00.348+0000] {logging_mixin.py:188} INFO - [2025-01-11T13:23:00.348+0000] {dag.py:3089} INFO - Sync 1 DAGs
[2025-01-11T13:23:00.364+0000] {logging_mixin.py:188} INFO - [2025-01-11T13:23:00.364+0000] {dag.py:3947} INFO - Setting next_dagrun for first_dag to 2024-07-23 00:00:00+00:00, run_after=2024-07-24 00:00:00+00:00
[2025-01-11T13:23:00.504+0000] {processor.py:183} INFO - Processing /opt/airflow/dags/first_dag.py took 0.190 seconds
[2025-01-11T13:23:31.297+0000] {processor.py:161} INFO - Started process (PID=38241) to work on /opt/airflow/dags/first_dag.py
[2025-01-11T13:23:31.298+0000] {processor.py:830} INFO - Processing file /opt/airflow/dags/first_dag.py for tasks to queue
[2025-01-11T13:23:31.299+0000] {logging_mixin.py:188} INFO - [2025-01-11T13:23:31.299+0000] {dagbag.py:545} INFO - Filling up the DagBag from /opt/airflow/dags/first_dag.py
[2025-01-11T13:23:31.313+0000] {processor.py:840} INFO - DAG(s) 'first_dag' retrieved from /opt/airflow/dags/first_dag.py
[2025-01-11T13:23:31.471+0000] {logging_mixin.py:188} INFO - [2025-01-11T13:23:31.471+0000] {dag.py:3089} INFO - Sync 1 DAGs
[2025-01-11T13:23:31.480+0000] {logging_mixin.py:188} INFO - [2025-01-11T13:23:31.480+0000] {dag.py:3947} INFO - Setting next_dagrun for first_dag to 2024-07-23 00:00:00+00:00, run_after=2024-07-24 00:00:00+00:00
[2025-01-11T13:23:31.491+0000] {processor.py:183} INFO - Processing /opt/airflow/dags/first_dag.py took 0.199 seconds
[2025-01-11T13:24:02.705+0000] {processor.py:161} INFO - Started process (PID=38500) to work on /opt/airflow/dags/first_dag.py
[2025-01-11T13:24:02.705+0000] {processor.py:830} INFO - Processing file /opt/airflow/dags/first_dag.py for tasks to queue
[2025-01-11T13:24:02.707+0000] {logging_mixin.py:188} INFO - [2025-01-11T13:24:02.707+0000] {dagbag.py:545} INFO - Filling up the DagBag from /opt/airflow/dags/first_dag.py
[2025-01-11T13:24:02.717+0000] {processor.py:840} INFO - DAG(s) 'first_dag' retrieved from /opt/airflow/dags/first_dag.py
[2025-01-11T13:24:02.729+0000] {logging_mixin.py:188} INFO - [2025-01-11T13:24:02.729+0000] {dag.py:3089} INFO - Sync 1 DAGs
[2025-01-11T13:24:02.740+0000] {logging_mixin.py:188} INFO - [2025-01-11T13:24:02.739+0000] {dag.py:3947} INFO - Setting next_dagrun for first_dag to 2024-07-23 00:00:00+00:00, run_after=2024-07-24 00:00:00+00:00
[2025-01-11T13:24:02.749+0000] {processor.py:183} INFO - Processing /opt/airflow/dags/first_dag.py took 0.048 seconds
[2025-01-11T13:24:32.963+0000] {processor.py:161} INFO - Started process (PID=38772) to work on /opt/airflow/dags/first_dag.py
[2025-01-11T13:24:32.964+0000] {processor.py:830} INFO - Processing file /opt/airflow/dags/first_dag.py for tasks to queue
[2025-01-11T13:24:32.965+0000] {logging_mixin.py:188} INFO - [2025-01-11T13:24:32.965+0000] {dagbag.py:545} INFO - Filling up the DagBag from /opt/airflow/dags/first_dag.py
[2025-01-11T13:24:32.976+0000] {processor.py:840} INFO - DAG(s) 'first_dag' retrieved from /opt/airflow/dags/first_dag.py
[2025-01-11T13:24:33.026+0000] {logging_mixin.py:188} INFO - [2025-01-11T13:24:33.026+0000] {dag.py:3089} INFO - Sync 1 DAGs
[2025-01-11T13:24:33.034+0000] {logging_mixin.py:188} INFO - [2025-01-11T13:24:33.034+0000] {dag.py:3947} INFO - Setting next_dagrun for first_dag to 2024-07-23 00:00:00+00:00, run_after=2024-07-24 00:00:00+00:00
[2025-01-11T13:24:33.045+0000] {processor.py:183} INFO - Processing /opt/airflow/dags/first_dag.py took 0.085 seconds
[2025-01-11T13:25:03.270+0000] {processor.py:161} INFO - Started process (PID=39051) to work on /opt/airflow/dags/first_dag.py
[2025-01-11T13:25:03.271+0000] {processor.py:830} INFO - Processing file /opt/airflow/dags/first_dag.py for tasks to queue
[2025-01-11T13:25:03.273+0000] {logging_mixin.py:188} INFO - [2025-01-11T13:25:03.272+0000] {dagbag.py:545} INFO - Filling up the DagBag from /opt/airflow/dags/first_dag.py
[2025-01-11T13:25:03.285+0000] {processor.py:840} INFO - DAG(s) 'first_dag' retrieved from /opt/airflow/dags/first_dag.py
[2025-01-11T13:25:03.293+0000] {logging_mixin.py:188} INFO - [2025-01-11T13:25:03.293+0000] {dag.py:3089} INFO - Sync 1 DAGs
[2025-01-11T13:25:03.307+0000] {logging_mixin.py:188} INFO - [2025-01-11T13:25:03.307+0000] {dag.py:3947} INFO - Setting next_dagrun for first_dag to 2024-07-23 00:00:00+00:00, run_after=2024-07-24 00:00:00+00:00
[2025-01-11T13:25:03.319+0000] {processor.py:183} INFO - Processing /opt/airflow/dags/first_dag.py took 0.053 seconds
[2025-01-11T13:25:33.437+0000] {processor.py:161} INFO - Started process (PID=39313) to work on /opt/airflow/dags/first_dag.py
[2025-01-11T13:25:33.438+0000] {processor.py:830} INFO - Processing file /opt/airflow/dags/first_dag.py for tasks to queue
[2025-01-11T13:25:33.439+0000] {logging_mixin.py:188} INFO - [2025-01-11T13:25:33.439+0000] {dagbag.py:545} INFO - Filling up the DagBag from /opt/airflow/dags/first_dag.py
[2025-01-11T13:25:33.452+0000] {processor.py:840} INFO - DAG(s) 'first_dag' retrieved from /opt/airflow/dags/first_dag.py
[2025-01-11T13:25:33.506+0000] {logging_mixin.py:188} INFO - [2025-01-11T13:25:33.506+0000] {dag.py:3089} INFO - Sync 1 DAGs
[2025-01-11T13:25:33.517+0000] {logging_mixin.py:188} INFO - [2025-01-11T13:25:33.517+0000] {dag.py:3947} INFO - Setting next_dagrun for first_dag to 2024-07-23 00:00:00+00:00, run_after=2024-07-24 00:00:00+00:00
[2025-01-11T13:25:33.528+0000] {processor.py:183} INFO - Processing /opt/airflow/dags/first_dag.py took 0.095 seconds
[2025-01-11T13:26:03.579+0000] {processor.py:161} INFO - Started process (PID=39593) to work on /opt/airflow/dags/first_dag.py
[2025-01-11T13:26:03.579+0000] {processor.py:830} INFO - Processing file /opt/airflow/dags/first_dag.py for tasks to queue
[2025-01-11T13:26:03.581+0000] {logging_mixin.py:188} INFO - [2025-01-11T13:26:03.580+0000] {dagbag.py:545} INFO - Filling up the DagBag from /opt/airflow/dags/first_dag.py
[2025-01-11T13:26:03.592+0000] {processor.py:840} INFO - DAG(s) 'first_dag' retrieved from /opt/airflow/dags/first_dag.py
[2025-01-11T13:26:03.604+0000] {logging_mixin.py:188} INFO - [2025-01-11T13:26:03.604+0000] {dag.py:3089} INFO - Sync 1 DAGs
[2025-01-11T13:26:03.618+0000] {logging_mixin.py:188} INFO - [2025-01-11T13:26:03.618+0000] {dag.py:3947} INFO - Setting next_dagrun for first_dag to 2024-07-23 00:00:00+00:00, run_after=2024-07-24 00:00:00+00:00
[2025-01-11T13:26:03.629+0000] {processor.py:183} INFO - Processing /opt/airflow/dags/first_dag.py took 0.054 seconds
[2025-01-11T13:26:33.949+0000] {processor.py:161} INFO - Started process (PID=39845) to work on /opt/airflow/dags/first_dag.py
[2025-01-11T13:26:33.949+0000] {processor.py:830} INFO - Processing file /opt/airflow/dags/first_dag.py for tasks to queue
[2025-01-11T13:26:33.950+0000] {logging_mixin.py:188} INFO - [2025-01-11T13:26:33.950+0000] {dagbag.py:545} INFO - Filling up the DagBag from /opt/airflow/dags/first_dag.py
[2025-01-11T13:26:33.962+0000] {processor.py:840} INFO - DAG(s) 'first_dag' retrieved from /opt/airflow/dags/first_dag.py
[2025-01-11T13:26:33.976+0000] {logging_mixin.py:188} INFO - [2025-01-11T13:26:33.976+0000] {dag.py:3089} INFO - Sync 1 DAGs
[2025-01-11T13:26:33.987+0000] {logging_mixin.py:188} INFO - [2025-01-11T13:26:33.987+0000] {dag.py:3947} INFO - Setting next_dagrun for first_dag to 2024-07-23 00:00:00+00:00, run_after=2024-07-24 00:00:00+00:00
[2025-01-11T13:26:33.999+0000] {processor.py:183} INFO - Processing /opt/airflow/dags/first_dag.py took 0.054 seconds
[2025-01-11T13:27:04.149+0000] {processor.py:161} INFO - Started process (PID=40113) to work on /opt/airflow/dags/first_dag.py
[2025-01-11T13:27:04.150+0000] {processor.py:830} INFO - Processing file /opt/airflow/dags/first_dag.py for tasks to queue
[2025-01-11T13:27:04.151+0000] {logging_mixin.py:188} INFO - [2025-01-11T13:27:04.151+0000] {dagbag.py:545} INFO - Filling up the DagBag from /opt/airflow/dags/first_dag.py
[2025-01-11T13:27:04.161+0000] {processor.py:840} INFO - DAG(s) 'first_dag' retrieved from /opt/airflow/dags/first_dag.py
[2025-01-11T13:27:04.211+0000] {logging_mixin.py:188} INFO - [2025-01-11T13:27:04.211+0000] {dag.py:3089} INFO - Sync 1 DAGs
[2025-01-11T13:27:04.221+0000] {logging_mixin.py:188} INFO - [2025-01-11T13:27:04.221+0000] {dag.py:3947} INFO - Setting next_dagrun for first_dag to 2024-07-23 00:00:00+00:00, run_after=2024-07-24 00:00:00+00:00
[2025-01-11T13:27:04.230+0000] {processor.py:183} INFO - Processing /opt/airflow/dags/first_dag.py took 0.084 seconds
[2025-01-11T13:27:34.754+0000] {processor.py:161} INFO - Started process (PID=40350) to work on /opt/airflow/dags/first_dag.py
[2025-01-11T13:27:34.755+0000] {processor.py:830} INFO - Processing file /opt/airflow/dags/first_dag.py for tasks to queue
[2025-01-11T13:27:34.756+0000] {logging_mixin.py:188} INFO - [2025-01-11T13:27:34.756+0000] {dagbag.py:545} INFO - Filling up the DagBag from /opt/airflow/dags/first_dag.py
[2025-01-11T13:27:34.768+0000] {processor.py:840} INFO - DAG(s) 'first_dag' retrieved from /opt/airflow/dags/first_dag.py
[2025-01-11T13:27:34.776+0000] {logging_mixin.py:188} INFO - [2025-01-11T13:27:34.776+0000] {dag.py:3089} INFO - Sync 1 DAGs
[2025-01-11T13:27:34.789+0000] {logging_mixin.py:188} INFO - [2025-01-11T13:27:34.789+0000] {dag.py:3947} INFO - Setting next_dagrun for first_dag to 2024-07-23 00:00:00+00:00, run_after=2024-07-24 00:00:00+00:00
[2025-01-11T13:27:34.800+0000] {processor.py:183} INFO - Processing /opt/airflow/dags/first_dag.py took 0.050 seconds
[2025-01-11T13:28:05.383+0000] {processor.py:161} INFO - Started process (PID=40629) to work on /opt/airflow/dags/first_dag.py
[2025-01-11T13:28:05.384+0000] {processor.py:830} INFO - Processing file /opt/airflow/dags/first_dag.py for tasks to queue
[2025-01-11T13:28:05.385+0000] {logging_mixin.py:188} INFO - [2025-01-11T13:28:05.385+0000] {dagbag.py:545} INFO - Filling up the DagBag from /opt/airflow/dags/first_dag.py
[2025-01-11T13:28:05.396+0000] {processor.py:840} INFO - DAG(s) 'first_dag' retrieved from /opt/airflow/dags/first_dag.py
[2025-01-11T13:28:05.445+0000] {logging_mixin.py:188} INFO - [2025-01-11T13:28:05.445+0000] {dag.py:3089} INFO - Sync 1 DAGs
[2025-01-11T13:28:05.456+0000] {logging_mixin.py:188} INFO - [2025-01-11T13:28:05.455+0000] {dag.py:3947} INFO - Setting next_dagrun for first_dag to 2024-07-23 00:00:00+00:00, run_after=2024-07-24 00:00:00+00:00
[2025-01-11T13:28:05.466+0000] {processor.py:183} INFO - Processing /opt/airflow/dags/first_dag.py took 0.087 seconds
[2025-01-11T13:28:35.938+0000] {processor.py:161} INFO - Started process (PID=40904) to work on /opt/airflow/dags/first_dag.py
[2025-01-11T13:28:35.939+0000] {processor.py:830} INFO - Processing file /opt/airflow/dags/first_dag.py for tasks to queue
[2025-01-11T13:28:35.940+0000] {logging_mixin.py:188} INFO - [2025-01-11T13:28:35.939+0000] {dagbag.py:545} INFO - Filling up the DagBag from /opt/airflow/dags/first_dag.py
[2025-01-11T13:28:35.951+0000] {processor.py:840} INFO - DAG(s) 'first_dag' retrieved from /opt/airflow/dags/first_dag.py
[2025-01-11T13:28:35.960+0000] {logging_mixin.py:188} INFO - [2025-01-11T13:28:35.960+0000] {dag.py:3089} INFO - Sync 1 DAGs
[2025-01-11T13:28:35.972+0000] {logging_mixin.py:188} INFO - [2025-01-11T13:28:35.972+0000] {dag.py:3947} INFO - Setting next_dagrun for first_dag to 2024-07-23 00:00:00+00:00, run_after=2024-07-24 00:00:00+00:00
[2025-01-11T13:28:35.983+0000] {processor.py:183} INFO - Processing /opt/airflow/dags/first_dag.py took 0.049 seconds
[2025-01-11T13:29:06.242+0000] {processor.py:161} INFO - Started process (PID=41183) to work on /opt/airflow/dags/first_dag.py
[2025-01-11T13:29:06.243+0000] {processor.py:830} INFO - Processing file /opt/airflow/dags/first_dag.py for tasks to queue
[2025-01-11T13:29:06.244+0000] {logging_mixin.py:188} INFO - [2025-01-11T13:29:06.244+0000] {dagbag.py:545} INFO - Filling up the DagBag from /opt/airflow/dags/first_dag.py
[2025-01-11T13:29:06.255+0000] {processor.py:840} INFO - DAG(s) 'first_dag' retrieved from /opt/airflow/dags/first_dag.py
[2025-01-11T13:29:06.306+0000] {logging_mixin.py:188} INFO - [2025-01-11T13:29:06.306+0000] {dag.py:3089} INFO - Sync 1 DAGs
[2025-01-11T13:29:06.315+0000] {logging_mixin.py:188} INFO - [2025-01-11T13:29:06.315+0000] {dag.py:3947} INFO - Setting next_dagrun for first_dag to 2024-07-23 00:00:00+00:00, run_after=2024-07-24 00:00:00+00:00
[2025-01-11T13:29:06.325+0000] {processor.py:183} INFO - Processing /opt/airflow/dags/first_dag.py took 0.087 seconds
[2025-01-11T15:30:08.642+0000] {processor.py:161} INFO - Started process (PID=41384) to work on /opt/airflow/dags/first_dag.py
[2025-01-11T15:30:08.645+0000] {processor.py:830} INFO - Processing file /opt/airflow/dags/first_dag.py for tasks to queue
[2025-01-11T15:30:08.647+0000] {logging_mixin.py:188} INFO - [2025-01-11T15:30:08.647+0000] {dagbag.py:545} INFO - Filling up the DagBag from /opt/airflow/dags/first_dag.py
[2025-01-11T15:30:08.690+0000] {processor.py:840} INFO - DAG(s) 'first_dag' retrieved from /opt/airflow/dags/first_dag.py
[2025-01-11T15:30:08.710+0000] {logging_mixin.py:188} INFO - [2025-01-11T15:30:08.710+0000] {dag.py:3089} INFO - Sync 1 DAGs
[2025-01-11T15:30:08.729+0000] {logging_mixin.py:188} INFO - [2025-01-11T15:30:08.729+0000] {dag.py:3947} INFO - Setting next_dagrun for first_dag to 2024-07-23 00:00:00+00:00, run_after=2024-07-24 00:00:00+00:00
[2025-01-11T15:30:08.750+0000] {processor.py:183} INFO - Processing /opt/airflow/dags/first_dag.py took 0.114 seconds
[2025-01-11T15:30:40.724+0000] {processor.py:161} INFO - Started process (PID=41653) to work on /opt/airflow/dags/first_dag.py
[2025-01-11T15:30:40.725+0000] {processor.py:830} INFO - Processing file /opt/airflow/dags/first_dag.py for tasks to queue
[2025-01-11T15:30:40.727+0000] {logging_mixin.py:188} INFO - [2025-01-11T15:30:40.727+0000] {dagbag.py:545} INFO - Filling up the DagBag from /opt/airflow/dags/first_dag.py
[2025-01-11T15:30:40.746+0000] {processor.py:840} INFO - DAG(s) 'first_dag' retrieved from /opt/airflow/dags/first_dag.py
[2025-01-11T15:30:40.820+0000] {logging_mixin.py:188} INFO - [2025-01-11T15:30:40.820+0000] {dag.py:3089} INFO - Sync 1 DAGs
[2025-01-11T15:30:40.835+0000] {logging_mixin.py:188} INFO - [2025-01-11T15:30:40.835+0000] {dag.py:3947} INFO - Setting next_dagrun for first_dag to 2024-07-23 00:00:00+00:00, run_after=2024-07-24 00:00:00+00:00
[2025-01-11T15:30:40.851+0000] {processor.py:183} INFO - Processing /opt/airflow/dags/first_dag.py took 0.133 seconds
