[2024-12-22T01:45:51.200+0000] {processor.py:161} INFO - Started process (PID=216) to work on /home/airflow/.local/lib/python3.12/site-packages/airflow/example_dags/example_branch_day_of_week_operator.py
[2024-12-22T01:45:51.201+0000] {processor.py:830} INFO - Processing file /home/airflow/.local/lib/python3.12/site-packages/airflow/example_dags/example_branch_day_of_week_operator.py for tasks to queue
[2024-12-22T01:45:51.203+0000] {logging_mixin.py:188} INFO - [2024-12-22T01:45:51.202+0000] {dagbag.py:545} INFO - Filling up the DagBag from /home/airflow/.local/lib/python3.12/site-packages/airflow/example_dags/example_branch_day_of_week_operator.py
[2024-12-22T01:45:51.211+0000] {processor.py:840} INFO - DAG(s) 'example_weekday_branch_operator' retrieved from /home/airflow/.local/lib/python3.12/site-packages/airflow/example_dags/example_branch_day_of_week_operator.py
[2024-12-22T01:45:51.220+0000] {logging_mixin.py:188} INFO - [2024-12-22T01:45:51.220+0000] {dag.py:3089} INFO - Sync 1 DAGs
[2024-12-22T01:45:51.233+0000] {logging_mixin.py:188} INFO - [2024-12-22T01:45:51.233+0000] {dag.py:3947} INFO - Setting next_dagrun for example_weekday_branch_operator to 2024-12-21 00:00:00+00:00, run_after=2024-12-22 00:00:00+00:00
[2024-12-22T01:45:51.244+0000] {processor.py:183} INFO - Processing /home/airflow/.local/lib/python3.12/site-packages/airflow/example_dags/example_branch_day_of_week_operator.py took 0.048 seconds
[2024-12-22T01:46:21.456+0000] {processor.py:161} INFO - Started process (PID=491) to work on /home/airflow/.local/lib/python3.12/site-packages/airflow/example_dags/example_branch_day_of_week_operator.py
[2024-12-22T01:46:21.457+0000] {processor.py:830} INFO - Processing file /home/airflow/.local/lib/python3.12/site-packages/airflow/example_dags/example_branch_day_of_week_operator.py for tasks to queue
[2024-12-22T01:46:21.458+0000] {logging_mixin.py:188} INFO - [2024-12-22T01:46:21.458+0000] {dagbag.py:545} INFO - Filling up the DagBag from /home/airflow/.local/lib/python3.12/site-packages/airflow/example_dags/example_branch_day_of_week_operator.py
[2024-12-22T01:46:21.463+0000] {processor.py:840} INFO - DAG(s) 'example_weekday_branch_operator' retrieved from /home/airflow/.local/lib/python3.12/site-packages/airflow/example_dags/example_branch_day_of_week_operator.py
[2024-12-22T01:46:21.516+0000] {logging_mixin.py:188} INFO - [2024-12-22T01:46:21.515+0000] {dag.py:3089} INFO - Sync 1 DAGs
[2024-12-22T01:46:21.526+0000] {logging_mixin.py:188} INFO - [2024-12-22T01:46:21.526+0000] {dag.py:3947} INFO - Setting next_dagrun for example_weekday_branch_operator to 2024-12-21 00:00:00+00:00, run_after=2024-12-22 00:00:00+00:00
[2024-12-22T01:46:21.538+0000] {processor.py:183} INFO - Processing /home/airflow/.local/lib/python3.12/site-packages/airflow/example_dags/example_branch_day_of_week_operator.py took 0.085 seconds
[2024-12-22T01:46:52.130+0000] {processor.py:161} INFO - Started process (PID=768) to work on /home/airflow/.local/lib/python3.12/site-packages/airflow/example_dags/example_branch_day_of_week_operator.py
[2024-12-22T01:46:52.131+0000] {processor.py:830} INFO - Processing file /home/airflow/.local/lib/python3.12/site-packages/airflow/example_dags/example_branch_day_of_week_operator.py for tasks to queue
[2024-12-22T01:46:52.132+0000] {logging_mixin.py:188} INFO - [2024-12-22T01:46:52.132+0000] {dagbag.py:545} INFO - Filling up the DagBag from /home/airflow/.local/lib/python3.12/site-packages/airflow/example_dags/example_branch_day_of_week_operator.py
[2024-12-22T01:46:52.137+0000] {processor.py:840} INFO - DAG(s) 'example_weekday_branch_operator' retrieved from /home/airflow/.local/lib/python3.12/site-packages/airflow/example_dags/example_branch_day_of_week_operator.py
[2024-12-22T01:46:52.150+0000] {logging_mixin.py:188} INFO - [2024-12-22T01:46:52.149+0000] {dag.py:3089} INFO - Sync 1 DAGs
[2024-12-22T01:46:52.162+0000] {logging_mixin.py:188} INFO - [2024-12-22T01:46:52.162+0000] {dag.py:3947} INFO - Setting next_dagrun for example_weekday_branch_operator to 2024-12-21 00:00:00+00:00, run_after=2024-12-22 00:00:00+00:00
[2024-12-22T01:46:52.174+0000] {processor.py:183} INFO - Processing /home/airflow/.local/lib/python3.12/site-packages/airflow/example_dags/example_branch_day_of_week_operator.py took 0.047 seconds
[2024-12-22T01:47:22.438+0000] {processor.py:161} INFO - Started process (PID=1045) to work on /home/airflow/.local/lib/python3.12/site-packages/airflow/example_dags/example_branch_day_of_week_operator.py
[2024-12-22T01:47:22.438+0000] {processor.py:830} INFO - Processing file /home/airflow/.local/lib/python3.12/site-packages/airflow/example_dags/example_branch_day_of_week_operator.py for tasks to queue
[2024-12-22T01:47:22.440+0000] {logging_mixin.py:188} INFO - [2024-12-22T01:47:22.439+0000] {dagbag.py:545} INFO - Filling up the DagBag from /home/airflow/.local/lib/python3.12/site-packages/airflow/example_dags/example_branch_day_of_week_operator.py
[2024-12-22T01:47:22.444+0000] {processor.py:840} INFO - DAG(s) 'example_weekday_branch_operator' retrieved from /home/airflow/.local/lib/python3.12/site-packages/airflow/example_dags/example_branch_day_of_week_operator.py
[2024-12-22T01:47:22.458+0000] {logging_mixin.py:188} INFO - [2024-12-22T01:47:22.458+0000] {dag.py:3089} INFO - Sync 1 DAGs
[2024-12-22T01:47:22.470+0000] {logging_mixin.py:188} INFO - [2024-12-22T01:47:22.469+0000] {dag.py:3947} INFO - Setting next_dagrun for example_weekday_branch_operator to 2024-12-21 00:00:00+00:00, run_after=2024-12-22 00:00:00+00:00
[2024-12-22T01:47:22.480+0000] {processor.py:183} INFO - Processing /home/airflow/.local/lib/python3.12/site-packages/airflow/example_dags/example_branch_day_of_week_operator.py took 0.046 seconds
[2024-12-22T01:47:52.700+0000] {processor.py:161} INFO - Started process (PID=1323) to work on /home/airflow/.local/lib/python3.12/site-packages/airflow/example_dags/example_branch_day_of_week_operator.py
[2024-12-22T01:47:52.701+0000] {processor.py:830} INFO - Processing file /home/airflow/.local/lib/python3.12/site-packages/airflow/example_dags/example_branch_day_of_week_operator.py for tasks to queue
[2024-12-22T01:47:52.703+0000] {logging_mixin.py:188} INFO - [2024-12-22T01:47:52.702+0000] {dagbag.py:545} INFO - Filling up the DagBag from /home/airflow/.local/lib/python3.12/site-packages/airflow/example_dags/example_branch_day_of_week_operator.py
[2024-12-22T01:47:52.708+0000] {processor.py:840} INFO - DAG(s) 'example_weekday_branch_operator' retrieved from /home/airflow/.local/lib/python3.12/site-packages/airflow/example_dags/example_branch_day_of_week_operator.py
[2024-12-22T01:47:52.724+0000] {logging_mixin.py:188} INFO - [2024-12-22T01:47:52.723+0000] {dag.py:3089} INFO - Sync 1 DAGs
[2024-12-22T01:47:52.738+0000] {logging_mixin.py:188} INFO - [2024-12-22T01:47:52.738+0000] {dag.py:3947} INFO - Setting next_dagrun for example_weekday_branch_operator to 2024-12-21 00:00:00+00:00, run_after=2024-12-22 00:00:00+00:00
[2024-12-22T01:47:52.751+0000] {processor.py:183} INFO - Processing /home/airflow/.local/lib/python3.12/site-packages/airflow/example_dags/example_branch_day_of_week_operator.py took 0.055 seconds
[2024-12-22T01:48:23.095+0000] {processor.py:161} INFO - Started process (PID=1600) to work on /home/airflow/.local/lib/python3.12/site-packages/airflow/example_dags/example_branch_day_of_week_operator.py
[2024-12-22T01:48:23.096+0000] {processor.py:830} INFO - Processing file /home/airflow/.local/lib/python3.12/site-packages/airflow/example_dags/example_branch_day_of_week_operator.py for tasks to queue
[2024-12-22T01:48:23.097+0000] {logging_mixin.py:188} INFO - [2024-12-22T01:48:23.097+0000] {dagbag.py:545} INFO - Filling up the DagBag from /home/airflow/.local/lib/python3.12/site-packages/airflow/example_dags/example_branch_day_of_week_operator.py
[2024-12-22T01:48:23.102+0000] {processor.py:840} INFO - DAG(s) 'example_weekday_branch_operator' retrieved from /home/airflow/.local/lib/python3.12/site-packages/airflow/example_dags/example_branch_day_of_week_operator.py
[2024-12-22T01:48:23.116+0000] {logging_mixin.py:188} INFO - [2024-12-22T01:48:23.116+0000] {dag.py:3089} INFO - Sync 1 DAGs
[2024-12-22T01:48:23.129+0000] {logging_mixin.py:188} INFO - [2024-12-22T01:48:23.129+0000] {dag.py:3947} INFO - Setting next_dagrun for example_weekday_branch_operator to 2024-12-21 00:00:00+00:00, run_after=2024-12-22 00:00:00+00:00
[2024-12-22T01:48:23.140+0000] {processor.py:183} INFO - Processing /home/airflow/.local/lib/python3.12/site-packages/airflow/example_dags/example_branch_day_of_week_operator.py took 0.049 seconds
[2024-12-22T01:48:53.352+0000] {processor.py:161} INFO - Started process (PID=1877) to work on /home/airflow/.local/lib/python3.12/site-packages/airflow/example_dags/example_branch_day_of_week_operator.py
[2024-12-22T01:48:53.352+0000] {processor.py:830} INFO - Processing file /home/airflow/.local/lib/python3.12/site-packages/airflow/example_dags/example_branch_day_of_week_operator.py for tasks to queue
[2024-12-22T01:48:53.354+0000] {logging_mixin.py:188} INFO - [2024-12-22T01:48:53.353+0000] {dagbag.py:545} INFO - Filling up the DagBag from /home/airflow/.local/lib/python3.12/site-packages/airflow/example_dags/example_branch_day_of_week_operator.py
[2024-12-22T01:48:53.358+0000] {processor.py:840} INFO - DAG(s) 'example_weekday_branch_operator' retrieved from /home/airflow/.local/lib/python3.12/site-packages/airflow/example_dags/example_branch_day_of_week_operator.py
[2024-12-22T01:48:53.372+0000] {logging_mixin.py:188} INFO - [2024-12-22T01:48:53.372+0000] {dag.py:3089} INFO - Sync 1 DAGs
[2024-12-22T01:48:53.384+0000] {logging_mixin.py:188} INFO - [2024-12-22T01:48:53.384+0000] {dag.py:3947} INFO - Setting next_dagrun for example_weekday_branch_operator to 2024-12-21 00:00:00+00:00, run_after=2024-12-22 00:00:00+00:00
[2024-12-22T01:48:53.394+0000] {processor.py:183} INFO - Processing /home/airflow/.local/lib/python3.12/site-packages/airflow/example_dags/example_branch_day_of_week_operator.py took 0.048 seconds
[2024-12-22T01:49:24.054+0000] {processor.py:161} INFO - Started process (PID=2156) to work on /home/airflow/.local/lib/python3.12/site-packages/airflow/example_dags/example_branch_day_of_week_operator.py
[2024-12-22T01:49:24.055+0000] {processor.py:830} INFO - Processing file /home/airflow/.local/lib/python3.12/site-packages/airflow/example_dags/example_branch_day_of_week_operator.py for tasks to queue
[2024-12-22T01:49:24.058+0000] {logging_mixin.py:188} INFO - [2024-12-22T01:49:24.057+0000] {dagbag.py:545} INFO - Filling up the DagBag from /home/airflow/.local/lib/python3.12/site-packages/airflow/example_dags/example_branch_day_of_week_operator.py
[2024-12-22T01:49:24.063+0000] {processor.py:840} INFO - DAG(s) 'example_weekday_branch_operator' retrieved from /home/airflow/.local/lib/python3.12/site-packages/airflow/example_dags/example_branch_day_of_week_operator.py
[2024-12-22T01:49:24.080+0000] {logging_mixin.py:188} INFO - [2024-12-22T01:49:24.079+0000] {dag.py:3089} INFO - Sync 1 DAGs
[2024-12-22T01:49:24.092+0000] {logging_mixin.py:188} INFO - [2024-12-22T01:49:24.092+0000] {dag.py:3947} INFO - Setting next_dagrun for example_weekday_branch_operator to 2024-12-21 00:00:00+00:00, run_after=2024-12-22 00:00:00+00:00
[2024-12-22T01:49:24.104+0000] {processor.py:183} INFO - Processing /home/airflow/.local/lib/python3.12/site-packages/airflow/example_dags/example_branch_day_of_week_operator.py took 0.053 seconds
[2024-12-22T01:49:54.328+0000] {processor.py:161} INFO - Started process (PID=2431) to work on /home/airflow/.local/lib/python3.12/site-packages/airflow/example_dags/example_branch_day_of_week_operator.py
[2024-12-22T01:49:54.329+0000] {processor.py:830} INFO - Processing file /home/airflow/.local/lib/python3.12/site-packages/airflow/example_dags/example_branch_day_of_week_operator.py for tasks to queue
[2024-12-22T01:49:54.331+0000] {logging_mixin.py:188} INFO - [2024-12-22T01:49:54.331+0000] {dagbag.py:545} INFO - Filling up the DagBag from /home/airflow/.local/lib/python3.12/site-packages/airflow/example_dags/example_branch_day_of_week_operator.py
[2024-12-22T01:49:54.335+0000] {processor.py:840} INFO - DAG(s) 'example_weekday_branch_operator' retrieved from /home/airflow/.local/lib/python3.12/site-packages/airflow/example_dags/example_branch_day_of_week_operator.py
[2024-12-22T01:49:54.348+0000] {logging_mixin.py:188} INFO - [2024-12-22T01:49:54.348+0000] {dag.py:3089} INFO - Sync 1 DAGs
[2024-12-22T01:49:54.358+0000] {logging_mixin.py:188} INFO - [2024-12-22T01:49:54.358+0000] {dag.py:3947} INFO - Setting next_dagrun for example_weekday_branch_operator to 2024-12-21 00:00:00+00:00, run_after=2024-12-22 00:00:00+00:00
[2024-12-22T01:49:54.367+0000] {processor.py:183} INFO - Processing /home/airflow/.local/lib/python3.12/site-packages/airflow/example_dags/example_branch_day_of_week_operator.py took 0.043 seconds
[2024-12-22T01:50:25.250+0000] {processor.py:161} INFO - Started process (PID=2708) to work on /home/airflow/.local/lib/python3.12/site-packages/airflow/example_dags/example_branch_day_of_week_operator.py
[2024-12-22T01:50:25.251+0000] {processor.py:830} INFO - Processing file /home/airflow/.local/lib/python3.12/site-packages/airflow/example_dags/example_branch_day_of_week_operator.py for tasks to queue
[2024-12-22T01:50:25.253+0000] {logging_mixin.py:188} INFO - [2024-12-22T01:50:25.253+0000] {dagbag.py:545} INFO - Filling up the DagBag from /home/airflow/.local/lib/python3.12/site-packages/airflow/example_dags/example_branch_day_of_week_operator.py
[2024-12-22T01:50:25.257+0000] {processor.py:840} INFO - DAG(s) 'example_weekday_branch_operator' retrieved from /home/airflow/.local/lib/python3.12/site-packages/airflow/example_dags/example_branch_day_of_week_operator.py
[2024-12-22T01:50:25.269+0000] {logging_mixin.py:188} INFO - [2024-12-22T01:50:25.269+0000] {dag.py:3089} INFO - Sync 1 DAGs
[2024-12-22T01:50:25.280+0000] {logging_mixin.py:188} INFO - [2024-12-22T01:50:25.280+0000] {dag.py:3947} INFO - Setting next_dagrun for example_weekday_branch_operator to 2024-12-21 00:00:00+00:00, run_after=2024-12-22 00:00:00+00:00
[2024-12-22T01:50:25.290+0000] {processor.py:183} INFO - Processing /home/airflow/.local/lib/python3.12/site-packages/airflow/example_dags/example_branch_day_of_week_operator.py took 0.044 seconds
[2024-12-22T01:50:58.119+0000] {processor.py:161} INFO - Started process (PID=2985) to work on /home/airflow/.local/lib/python3.12/site-packages/airflow/example_dags/example_branch_day_of_week_operator.py
[2024-12-22T01:50:58.120+0000] {processor.py:830} INFO - Processing file /home/airflow/.local/lib/python3.12/site-packages/airflow/example_dags/example_branch_day_of_week_operator.py for tasks to queue
[2024-12-22T01:50:58.121+0000] {logging_mixin.py:188} INFO - [2024-12-22T01:50:58.120+0000] {dagbag.py:545} INFO - Filling up the DagBag from /home/airflow/.local/lib/python3.12/site-packages/airflow/example_dags/example_branch_day_of_week_operator.py
[2024-12-22T01:50:58.126+0000] {processor.py:840} INFO - DAG(s) 'example_weekday_branch_operator' retrieved from /home/airflow/.local/lib/python3.12/site-packages/airflow/example_dags/example_branch_day_of_week_operator.py
[2024-12-22T01:50:58.140+0000] {logging_mixin.py:188} INFO - [2024-12-22T01:50:58.140+0000] {dag.py:3089} INFO - Sync 1 DAGs
[2024-12-22T01:50:58.152+0000] {logging_mixin.py:188} INFO - [2024-12-22T01:50:58.152+0000] {dag.py:3947} INFO - Setting next_dagrun for example_weekday_branch_operator to 2024-12-21 00:00:00+00:00, run_after=2024-12-22 00:00:00+00:00
[2024-12-22T01:50:58.163+0000] {processor.py:183} INFO - Processing /home/airflow/.local/lib/python3.12/site-packages/airflow/example_dags/example_branch_day_of_week_operator.py took 0.048 seconds
[2024-12-22T01:51:31.220+0000] {processor.py:161} INFO - Started process (PID=3262) to work on /home/airflow/.local/lib/python3.12/site-packages/airflow/example_dags/example_branch_day_of_week_operator.py
[2024-12-22T01:51:31.221+0000] {processor.py:830} INFO - Processing file /home/airflow/.local/lib/python3.12/site-packages/airflow/example_dags/example_branch_day_of_week_operator.py for tasks to queue
[2024-12-22T01:51:31.222+0000] {logging_mixin.py:188} INFO - [2024-12-22T01:51:31.222+0000] {dagbag.py:545} INFO - Filling up the DagBag from /home/airflow/.local/lib/python3.12/site-packages/airflow/example_dags/example_branch_day_of_week_operator.py
[2024-12-22T01:51:31.227+0000] {processor.py:840} INFO - DAG(s) 'example_weekday_branch_operator' retrieved from /home/airflow/.local/lib/python3.12/site-packages/airflow/example_dags/example_branch_day_of_week_operator.py
[2024-12-22T01:51:31.239+0000] {logging_mixin.py:188} INFO - [2024-12-22T01:51:31.239+0000] {dag.py:3089} INFO - Sync 1 DAGs
[2024-12-22T01:51:31.251+0000] {logging_mixin.py:188} INFO - [2024-12-22T01:51:31.251+0000] {dag.py:3947} INFO - Setting next_dagrun for example_weekday_branch_operator to 2024-12-21 00:00:00+00:00, run_after=2024-12-22 00:00:00+00:00
[2024-12-22T01:51:31.262+0000] {processor.py:183} INFO - Processing /home/airflow/.local/lib/python3.12/site-packages/airflow/example_dags/example_branch_day_of_week_operator.py took 0.046 seconds
[2024-12-22T01:52:01.742+0000] {processor.py:161} INFO - Started process (PID=3539) to work on /home/airflow/.local/lib/python3.12/site-packages/airflow/example_dags/example_branch_day_of_week_operator.py
[2024-12-22T01:52:01.743+0000] {processor.py:830} INFO - Processing file /home/airflow/.local/lib/python3.12/site-packages/airflow/example_dags/example_branch_day_of_week_operator.py for tasks to queue
[2024-12-22T01:52:01.745+0000] {logging_mixin.py:188} INFO - [2024-12-22T01:52:01.745+0000] {dagbag.py:545} INFO - Filling up the DagBag from /home/airflow/.local/lib/python3.12/site-packages/airflow/example_dags/example_branch_day_of_week_operator.py
[2024-12-22T01:52:01.750+0000] {processor.py:840} INFO - DAG(s) 'example_weekday_branch_operator' retrieved from /home/airflow/.local/lib/python3.12/site-packages/airflow/example_dags/example_branch_day_of_week_operator.py
[2024-12-22T01:52:01.767+0000] {logging_mixin.py:188} INFO - [2024-12-22T01:52:01.766+0000] {dag.py:3089} INFO - Sync 1 DAGs
[2024-12-22T01:52:01.780+0000] {logging_mixin.py:188} INFO - [2024-12-22T01:52:01.780+0000] {dag.py:3947} INFO - Setting next_dagrun for example_weekday_branch_operator to 2024-12-21 00:00:00+00:00, run_after=2024-12-22 00:00:00+00:00
[2024-12-22T01:52:01.793+0000] {processor.py:183} INFO - Processing /home/airflow/.local/lib/python3.12/site-packages/airflow/example_dags/example_branch_day_of_week_operator.py took 0.056 seconds
[2024-12-22T01:52:32.283+0000] {processor.py:161} INFO - Started process (PID=3816) to work on /home/airflow/.local/lib/python3.12/site-packages/airflow/example_dags/example_branch_day_of_week_operator.py
[2024-12-22T01:52:32.283+0000] {processor.py:830} INFO - Processing file /home/airflow/.local/lib/python3.12/site-packages/airflow/example_dags/example_branch_day_of_week_operator.py for tasks to queue
[2024-12-22T01:52:32.285+0000] {logging_mixin.py:188} INFO - [2024-12-22T01:52:32.285+0000] {dagbag.py:545} INFO - Filling up the DagBag from /home/airflow/.local/lib/python3.12/site-packages/airflow/example_dags/example_branch_day_of_week_operator.py
[2024-12-22T01:52:32.290+0000] {processor.py:840} INFO - DAG(s) 'example_weekday_branch_operator' retrieved from /home/airflow/.local/lib/python3.12/site-packages/airflow/example_dags/example_branch_day_of_week_operator.py
[2024-12-22T01:52:32.304+0000] {logging_mixin.py:188} INFO - [2024-12-22T01:52:32.304+0000] {dag.py:3089} INFO - Sync 1 DAGs
[2024-12-22T01:52:32.317+0000] {logging_mixin.py:188} INFO - [2024-12-22T01:52:32.317+0000] {dag.py:3947} INFO - Setting next_dagrun for example_weekday_branch_operator to 2024-12-21 00:00:00+00:00, run_after=2024-12-22 00:00:00+00:00
[2024-12-22T01:52:32.328+0000] {processor.py:183} INFO - Processing /home/airflow/.local/lib/python3.12/site-packages/airflow/example_dags/example_branch_day_of_week_operator.py took 0.049 seconds
[2024-12-22T01:53:03.234+0000] {processor.py:161} INFO - Started process (PID=4093) to work on /home/airflow/.local/lib/python3.12/site-packages/airflow/example_dags/example_branch_day_of_week_operator.py
[2024-12-22T01:53:03.235+0000] {processor.py:830} INFO - Processing file /home/airflow/.local/lib/python3.12/site-packages/airflow/example_dags/example_branch_day_of_week_operator.py for tasks to queue
[2024-12-22T01:53:03.236+0000] {logging_mixin.py:188} INFO - [2024-12-22T01:53:03.236+0000] {dagbag.py:545} INFO - Filling up the DagBag from /home/airflow/.local/lib/python3.12/site-packages/airflow/example_dags/example_branch_day_of_week_operator.py
[2024-12-22T01:53:03.241+0000] {processor.py:840} INFO - DAG(s) 'example_weekday_branch_operator' retrieved from /home/airflow/.local/lib/python3.12/site-packages/airflow/example_dags/example_branch_day_of_week_operator.py
[2024-12-22T01:53:03.255+0000] {logging_mixin.py:188} INFO - [2024-12-22T01:53:03.255+0000] {dag.py:3089} INFO - Sync 1 DAGs
[2024-12-22T01:53:03.268+0000] {logging_mixin.py:188} INFO - [2024-12-22T01:53:03.268+0000] {dag.py:3947} INFO - Setting next_dagrun for example_weekday_branch_operator to 2024-12-21 00:00:00+00:00, run_after=2024-12-22 00:00:00+00:00
[2024-12-22T01:53:03.278+0000] {processor.py:183} INFO - Processing /home/airflow/.local/lib/python3.12/site-packages/airflow/example_dags/example_branch_day_of_week_operator.py took 0.049 seconds
[2024-12-22T01:53:34.792+0000] {processor.py:161} INFO - Started process (PID=4372) to work on /home/airflow/.local/lib/python3.12/site-packages/airflow/example_dags/example_branch_day_of_week_operator.py
[2024-12-22T01:53:34.793+0000] {processor.py:830} INFO - Processing file /home/airflow/.local/lib/python3.12/site-packages/airflow/example_dags/example_branch_day_of_week_operator.py for tasks to queue
[2024-12-22T01:53:34.794+0000] {logging_mixin.py:188} INFO - [2024-12-22T01:53:34.794+0000] {dagbag.py:545} INFO - Filling up the DagBag from /home/airflow/.local/lib/python3.12/site-packages/airflow/example_dags/example_branch_day_of_week_operator.py
[2024-12-22T01:53:34.799+0000] {processor.py:840} INFO - DAG(s) 'example_weekday_branch_operator' retrieved from /home/airflow/.local/lib/python3.12/site-packages/airflow/example_dags/example_branch_day_of_week_operator.py
[2024-12-22T01:53:34.812+0000] {logging_mixin.py:188} INFO - [2024-12-22T01:53:34.812+0000] {dag.py:3089} INFO - Sync 1 DAGs
[2024-12-22T01:53:34.825+0000] {logging_mixin.py:188} INFO - [2024-12-22T01:53:34.824+0000] {dag.py:3947} INFO - Setting next_dagrun for example_weekday_branch_operator to 2024-12-21 00:00:00+00:00, run_after=2024-12-22 00:00:00+00:00
[2024-12-22T01:53:34.834+0000] {processor.py:183} INFO - Processing /home/airflow/.local/lib/python3.12/site-packages/airflow/example_dags/example_branch_day_of_week_operator.py took 0.047 seconds
[2024-12-22T01:54:06.890+0000] {processor.py:161} INFO - Started process (PID=4648) to work on /home/airflow/.local/lib/python3.12/site-packages/airflow/example_dags/example_branch_day_of_week_operator.py
[2024-12-22T01:54:06.891+0000] {processor.py:830} INFO - Processing file /home/airflow/.local/lib/python3.12/site-packages/airflow/example_dags/example_branch_day_of_week_operator.py for tasks to queue
[2024-12-22T01:54:06.892+0000] {logging_mixin.py:188} INFO - [2024-12-22T01:54:06.892+0000] {dagbag.py:545} INFO - Filling up the DagBag from /home/airflow/.local/lib/python3.12/site-packages/airflow/example_dags/example_branch_day_of_week_operator.py
[2024-12-22T01:54:06.896+0000] {processor.py:840} INFO - DAG(s) 'example_weekday_branch_operator' retrieved from /home/airflow/.local/lib/python3.12/site-packages/airflow/example_dags/example_branch_day_of_week_operator.py
[2024-12-22T01:54:06.910+0000] {logging_mixin.py:188} INFO - [2024-12-22T01:54:06.910+0000] {dag.py:3089} INFO - Sync 1 DAGs
[2024-12-22T01:54:06.921+0000] {logging_mixin.py:188} INFO - [2024-12-22T01:54:06.921+0000] {dag.py:3947} INFO - Setting next_dagrun for example_weekday_branch_operator to 2024-12-21 00:00:00+00:00, run_after=2024-12-22 00:00:00+00:00
[2024-12-22T01:54:06.931+0000] {processor.py:183} INFO - Processing /home/airflow/.local/lib/python3.12/site-packages/airflow/example_dags/example_branch_day_of_week_operator.py took 0.044 seconds
[2024-12-22T01:54:39.887+0000] {processor.py:161} INFO - Started process (PID=4925) to work on /home/airflow/.local/lib/python3.12/site-packages/airflow/example_dags/example_branch_day_of_week_operator.py
[2024-12-22T01:54:39.888+0000] {processor.py:830} INFO - Processing file /home/airflow/.local/lib/python3.12/site-packages/airflow/example_dags/example_branch_day_of_week_operator.py for tasks to queue
[2024-12-22T01:54:39.889+0000] {logging_mixin.py:188} INFO - [2024-12-22T01:54:39.889+0000] {dagbag.py:545} INFO - Filling up the DagBag from /home/airflow/.local/lib/python3.12/site-packages/airflow/example_dags/example_branch_day_of_week_operator.py
[2024-12-22T01:54:39.894+0000] {processor.py:840} INFO - DAG(s) 'example_weekday_branch_operator' retrieved from /home/airflow/.local/lib/python3.12/site-packages/airflow/example_dags/example_branch_day_of_week_operator.py
[2024-12-22T01:54:39.907+0000] {logging_mixin.py:188} INFO - [2024-12-22T01:54:39.907+0000] {dag.py:3089} INFO - Sync 1 DAGs
[2024-12-22T01:54:39.918+0000] {logging_mixin.py:188} INFO - [2024-12-22T01:54:39.918+0000] {dag.py:3947} INFO - Setting next_dagrun for example_weekday_branch_operator to 2024-12-21 00:00:00+00:00, run_after=2024-12-22 00:00:00+00:00
[2024-12-22T01:54:39.929+0000] {processor.py:183} INFO - Processing /home/airflow/.local/lib/python3.12/site-packages/airflow/example_dags/example_branch_day_of_week_operator.py took 0.045 seconds
[2024-12-22T01:55:12.737+0000] {processor.py:161} INFO - Started process (PID=5202) to work on /home/airflow/.local/lib/python3.12/site-packages/airflow/example_dags/example_branch_day_of_week_operator.py
[2024-12-22T01:55:12.738+0000] {processor.py:830} INFO - Processing file /home/airflow/.local/lib/python3.12/site-packages/airflow/example_dags/example_branch_day_of_week_operator.py for tasks to queue
[2024-12-22T01:55:12.739+0000] {logging_mixin.py:188} INFO - [2024-12-22T01:55:12.739+0000] {dagbag.py:545} INFO - Filling up the DagBag from /home/airflow/.local/lib/python3.12/site-packages/airflow/example_dags/example_branch_day_of_week_operator.py
[2024-12-22T01:55:12.744+0000] {processor.py:840} INFO - DAG(s) 'example_weekday_branch_operator' retrieved from /home/airflow/.local/lib/python3.12/site-packages/airflow/example_dags/example_branch_day_of_week_operator.py
[2024-12-22T01:55:12.757+0000] {logging_mixin.py:188} INFO - [2024-12-22T01:55:12.757+0000] {dag.py:3089} INFO - Sync 1 DAGs
[2024-12-22T01:55:12.769+0000] {logging_mixin.py:188} INFO - [2024-12-22T01:55:12.769+0000] {dag.py:3947} INFO - Setting next_dagrun for example_weekday_branch_operator to 2024-12-21 00:00:00+00:00, run_after=2024-12-22 00:00:00+00:00
[2024-12-22T01:55:12.780+0000] {processor.py:183} INFO - Processing /home/airflow/.local/lib/python3.12/site-packages/airflow/example_dags/example_branch_day_of_week_operator.py took 0.047 seconds
[2024-12-22T01:55:43.435+0000] {processor.py:161} INFO - Started process (PID=5479) to work on /home/airflow/.local/lib/python3.12/site-packages/airflow/example_dags/example_branch_day_of_week_operator.py
[2024-12-22T01:55:43.436+0000] {processor.py:830} INFO - Processing file /home/airflow/.local/lib/python3.12/site-packages/airflow/example_dags/example_branch_day_of_week_operator.py for tasks to queue
[2024-12-22T01:55:43.437+0000] {logging_mixin.py:188} INFO - [2024-12-22T01:55:43.437+0000] {dagbag.py:545} INFO - Filling up the DagBag from /home/airflow/.local/lib/python3.12/site-packages/airflow/example_dags/example_branch_day_of_week_operator.py
[2024-12-22T01:55:43.442+0000] {processor.py:840} INFO - DAG(s) 'example_weekday_branch_operator' retrieved from /home/airflow/.local/lib/python3.12/site-packages/airflow/example_dags/example_branch_day_of_week_operator.py
[2024-12-22T01:55:43.456+0000] {logging_mixin.py:188} INFO - [2024-12-22T01:55:43.456+0000] {dag.py:3089} INFO - Sync 1 DAGs
[2024-12-22T01:55:43.468+0000] {logging_mixin.py:188} INFO - [2024-12-22T01:55:43.468+0000] {dag.py:3947} INFO - Setting next_dagrun for example_weekday_branch_operator to 2024-12-21 00:00:00+00:00, run_after=2024-12-22 00:00:00+00:00
[2024-12-22T01:55:43.479+0000] {processor.py:183} INFO - Processing /home/airflow/.local/lib/python3.12/site-packages/airflow/example_dags/example_branch_day_of_week_operator.py took 0.047 seconds
[2024-12-22T01:56:14.925+0000] {processor.py:161} INFO - Started process (PID=5756) to work on /home/airflow/.local/lib/python3.12/site-packages/airflow/example_dags/example_branch_day_of_week_operator.py
[2024-12-22T01:56:14.926+0000] {processor.py:830} INFO - Processing file /home/airflow/.local/lib/python3.12/site-packages/airflow/example_dags/example_branch_day_of_week_operator.py for tasks to queue
[2024-12-22T01:56:14.928+0000] {logging_mixin.py:188} INFO - [2024-12-22T01:56:14.928+0000] {dagbag.py:545} INFO - Filling up the DagBag from /home/airflow/.local/lib/python3.12/site-packages/airflow/example_dags/example_branch_day_of_week_operator.py
[2024-12-22T01:56:14.933+0000] {processor.py:840} INFO - DAG(s) 'example_weekday_branch_operator' retrieved from /home/airflow/.local/lib/python3.12/site-packages/airflow/example_dags/example_branch_day_of_week_operator.py
[2024-12-22T01:56:14.947+0000] {logging_mixin.py:188} INFO - [2024-12-22T01:56:14.946+0000] {dag.py:3089} INFO - Sync 1 DAGs
[2024-12-22T01:56:14.959+0000] {logging_mixin.py:188} INFO - [2024-12-22T01:56:14.959+0000] {dag.py:3947} INFO - Setting next_dagrun for example_weekday_branch_operator to 2024-12-21 00:00:00+00:00, run_after=2024-12-22 00:00:00+00:00
[2024-12-22T01:56:14.970+0000] {processor.py:183} INFO - Processing /home/airflow/.local/lib/python3.12/site-packages/airflow/example_dags/example_branch_day_of_week_operator.py took 0.048 seconds
[2024-12-22T01:56:45.279+0000] {processor.py:161} INFO - Started process (PID=6035) to work on /home/airflow/.local/lib/python3.12/site-packages/airflow/example_dags/example_branch_day_of_week_operator.py
[2024-12-22T01:56:45.280+0000] {processor.py:830} INFO - Processing file /home/airflow/.local/lib/python3.12/site-packages/airflow/example_dags/example_branch_day_of_week_operator.py for tasks to queue
[2024-12-22T01:56:45.281+0000] {logging_mixin.py:188} INFO - [2024-12-22T01:56:45.281+0000] {dagbag.py:545} INFO - Filling up the DagBag from /home/airflow/.local/lib/python3.12/site-packages/airflow/example_dags/example_branch_day_of_week_operator.py
[2024-12-22T01:56:45.286+0000] {processor.py:840} INFO - DAG(s) 'example_weekday_branch_operator' retrieved from /home/airflow/.local/lib/python3.12/site-packages/airflow/example_dags/example_branch_day_of_week_operator.py
[2024-12-22T01:56:45.300+0000] {logging_mixin.py:188} INFO - [2024-12-22T01:56:45.300+0000] {dag.py:3089} INFO - Sync 1 DAGs
[2024-12-22T01:56:45.312+0000] {logging_mixin.py:188} INFO - [2024-12-22T01:56:45.312+0000] {dag.py:3947} INFO - Setting next_dagrun for example_weekday_branch_operator to 2024-12-21 00:00:00+00:00, run_after=2024-12-22 00:00:00+00:00
[2024-12-22T01:56:45.322+0000] {processor.py:183} INFO - Processing /home/airflow/.local/lib/python3.12/site-packages/airflow/example_dags/example_branch_day_of_week_operator.py took 0.046 seconds
[2024-12-22T01:57:16.030+0000] {processor.py:161} INFO - Started process (PID=6311) to work on /home/airflow/.local/lib/python3.12/site-packages/airflow/example_dags/example_branch_day_of_week_operator.py
[2024-12-22T01:57:16.031+0000] {processor.py:830} INFO - Processing file /home/airflow/.local/lib/python3.12/site-packages/airflow/example_dags/example_branch_day_of_week_operator.py for tasks to queue
[2024-12-22T01:57:16.032+0000] {logging_mixin.py:188} INFO - [2024-12-22T01:57:16.032+0000] {dagbag.py:545} INFO - Filling up the DagBag from /home/airflow/.local/lib/python3.12/site-packages/airflow/example_dags/example_branch_day_of_week_operator.py
[2024-12-22T01:57:16.037+0000] {processor.py:840} INFO - DAG(s) 'example_weekday_branch_operator' retrieved from /home/airflow/.local/lib/python3.12/site-packages/airflow/example_dags/example_branch_day_of_week_operator.py
[2024-12-22T01:57:16.050+0000] {logging_mixin.py:188} INFO - [2024-12-22T01:57:16.050+0000] {dag.py:3089} INFO - Sync 1 DAGs
[2024-12-22T01:57:16.062+0000] {logging_mixin.py:188} INFO - [2024-12-22T01:57:16.062+0000] {dag.py:3947} INFO - Setting next_dagrun for example_weekday_branch_operator to 2024-12-21 00:00:00+00:00, run_after=2024-12-22 00:00:00+00:00
[2024-12-22T01:57:16.072+0000] {processor.py:183} INFO - Processing /home/airflow/.local/lib/python3.12/site-packages/airflow/example_dags/example_branch_day_of_week_operator.py took 0.046 seconds
[2024-12-22T01:57:48.933+0000] {processor.py:161} INFO - Started process (PID=6590) to work on /home/airflow/.local/lib/python3.12/site-packages/airflow/example_dags/example_branch_day_of_week_operator.py
[2024-12-22T01:57:48.934+0000] {processor.py:830} INFO - Processing file /home/airflow/.local/lib/python3.12/site-packages/airflow/example_dags/example_branch_day_of_week_operator.py for tasks to queue
[2024-12-22T01:57:48.935+0000] {logging_mixin.py:188} INFO - [2024-12-22T01:57:48.935+0000] {dagbag.py:545} INFO - Filling up the DagBag from /home/airflow/.local/lib/python3.12/site-packages/airflow/example_dags/example_branch_day_of_week_operator.py
[2024-12-22T01:57:48.939+0000] {processor.py:840} INFO - DAG(s) 'example_weekday_branch_operator' retrieved from /home/airflow/.local/lib/python3.12/site-packages/airflow/example_dags/example_branch_day_of_week_operator.py
[2024-12-22T01:57:48.952+0000] {logging_mixin.py:188} INFO - [2024-12-22T01:57:48.952+0000] {dag.py:3089} INFO - Sync 1 DAGs
[2024-12-22T01:57:48.965+0000] {logging_mixin.py:188} INFO - [2024-12-22T01:57:48.965+0000] {dag.py:3947} INFO - Setting next_dagrun for example_weekday_branch_operator to 2024-12-21 00:00:00+00:00, run_after=2024-12-22 00:00:00+00:00
[2024-12-22T01:57:48.975+0000] {processor.py:183} INFO - Processing /home/airflow/.local/lib/python3.12/site-packages/airflow/example_dags/example_branch_day_of_week_operator.py took 0.046 seconds
[2024-12-22T01:58:21.312+0000] {processor.py:161} INFO - Started process (PID=6865) to work on /home/airflow/.local/lib/python3.12/site-packages/airflow/example_dags/example_branch_day_of_week_operator.py
[2024-12-22T01:58:21.313+0000] {processor.py:830} INFO - Processing file /home/airflow/.local/lib/python3.12/site-packages/airflow/example_dags/example_branch_day_of_week_operator.py for tasks to queue
[2024-12-22T01:58:21.314+0000] {logging_mixin.py:188} INFO - [2024-12-22T01:58:21.314+0000] {dagbag.py:545} INFO - Filling up the DagBag from /home/airflow/.local/lib/python3.12/site-packages/airflow/example_dags/example_branch_day_of_week_operator.py
[2024-12-22T01:58:21.318+0000] {processor.py:840} INFO - DAG(s) 'example_weekday_branch_operator' retrieved from /home/airflow/.local/lib/python3.12/site-packages/airflow/example_dags/example_branch_day_of_week_operator.py
[2024-12-22T01:58:21.331+0000] {logging_mixin.py:188} INFO - [2024-12-22T01:58:21.331+0000] {dag.py:3089} INFO - Sync 1 DAGs
[2024-12-22T01:58:21.342+0000] {logging_mixin.py:188} INFO - [2024-12-22T01:58:21.342+0000] {dag.py:3947} INFO - Setting next_dagrun for example_weekday_branch_operator to 2024-12-21 00:00:00+00:00, run_after=2024-12-22 00:00:00+00:00
[2024-12-22T01:58:21.353+0000] {processor.py:183} INFO - Processing /home/airflow/.local/lib/python3.12/site-packages/airflow/example_dags/example_branch_day_of_week_operator.py took 0.044 seconds
[2024-12-22T01:58:54.237+0000] {processor.py:161} INFO - Started process (PID=7144) to work on /home/airflow/.local/lib/python3.12/site-packages/airflow/example_dags/example_branch_day_of_week_operator.py
[2024-12-22T01:58:54.238+0000] {processor.py:830} INFO - Processing file /home/airflow/.local/lib/python3.12/site-packages/airflow/example_dags/example_branch_day_of_week_operator.py for tasks to queue
[2024-12-22T01:58:54.239+0000] {logging_mixin.py:188} INFO - [2024-12-22T01:58:54.239+0000] {dagbag.py:545} INFO - Filling up the DagBag from /home/airflow/.local/lib/python3.12/site-packages/airflow/example_dags/example_branch_day_of_week_operator.py
[2024-12-22T01:58:54.244+0000] {processor.py:840} INFO - DAG(s) 'example_weekday_branch_operator' retrieved from /home/airflow/.local/lib/python3.12/site-packages/airflow/example_dags/example_branch_day_of_week_operator.py
[2024-12-22T01:58:54.257+0000] {logging_mixin.py:188} INFO - [2024-12-22T01:58:54.257+0000] {dag.py:3089} INFO - Sync 1 DAGs
[2024-12-22T01:58:54.269+0000] {logging_mixin.py:188} INFO - [2024-12-22T01:58:54.269+0000] {dag.py:3947} INFO - Setting next_dagrun for example_weekday_branch_operator to 2024-12-21 00:00:00+00:00, run_after=2024-12-22 00:00:00+00:00
[2024-12-22T01:58:54.279+0000] {processor.py:183} INFO - Processing /home/airflow/.local/lib/python3.12/site-packages/airflow/example_dags/example_branch_day_of_week_operator.py took 0.045 seconds
[2024-12-22T01:59:25.155+0000] {processor.py:161} INFO - Started process (PID=7419) to work on /home/airflow/.local/lib/python3.12/site-packages/airflow/example_dags/example_branch_day_of_week_operator.py
[2024-12-22T01:59:25.156+0000] {processor.py:830} INFO - Processing file /home/airflow/.local/lib/python3.12/site-packages/airflow/example_dags/example_branch_day_of_week_operator.py for tasks to queue
[2024-12-22T01:59:25.157+0000] {logging_mixin.py:188} INFO - [2024-12-22T01:59:25.157+0000] {dagbag.py:545} INFO - Filling up the DagBag from /home/airflow/.local/lib/python3.12/site-packages/airflow/example_dags/example_branch_day_of_week_operator.py
[2024-12-22T01:59:25.163+0000] {processor.py:840} INFO - DAG(s) 'example_weekday_branch_operator' retrieved from /home/airflow/.local/lib/python3.12/site-packages/airflow/example_dags/example_branch_day_of_week_operator.py
[2024-12-22T01:59:25.179+0000] {logging_mixin.py:188} INFO - [2024-12-22T01:59:25.179+0000] {dag.py:3089} INFO - Sync 1 DAGs
[2024-12-22T01:59:25.192+0000] {logging_mixin.py:188} INFO - [2024-12-22T01:59:25.192+0000] {dag.py:3947} INFO - Setting next_dagrun for example_weekday_branch_operator to 2024-12-21 00:00:00+00:00, run_after=2024-12-22 00:00:00+00:00
[2024-12-22T01:59:25.203+0000] {processor.py:183} INFO - Processing /home/airflow/.local/lib/python3.12/site-packages/airflow/example_dags/example_branch_day_of_week_operator.py took 0.052 seconds
[2024-12-22T01:59:55.814+0000] {processor.py:161} INFO - Started process (PID=7698) to work on /home/airflow/.local/lib/python3.12/site-packages/airflow/example_dags/example_branch_day_of_week_operator.py
[2024-12-22T01:59:55.815+0000] {processor.py:830} INFO - Processing file /home/airflow/.local/lib/python3.12/site-packages/airflow/example_dags/example_branch_day_of_week_operator.py for tasks to queue
[2024-12-22T01:59:55.816+0000] {logging_mixin.py:188} INFO - [2024-12-22T01:59:55.816+0000] {dagbag.py:545} INFO - Filling up the DagBag from /home/airflow/.local/lib/python3.12/site-packages/airflow/example_dags/example_branch_day_of_week_operator.py
[2024-12-22T01:59:55.821+0000] {processor.py:840} INFO - DAG(s) 'example_weekday_branch_operator' retrieved from /home/airflow/.local/lib/python3.12/site-packages/airflow/example_dags/example_branch_day_of_week_operator.py
[2024-12-22T01:59:55.835+0000] {logging_mixin.py:188} INFO - [2024-12-22T01:59:55.835+0000] {dag.py:3089} INFO - Sync 1 DAGs
[2024-12-22T01:59:55.847+0000] {logging_mixin.py:188} INFO - [2024-12-22T01:59:55.847+0000] {dag.py:3947} INFO - Setting next_dagrun for example_weekday_branch_operator to 2024-12-21 00:00:00+00:00, run_after=2024-12-22 00:00:00+00:00
[2024-12-22T01:59:55.864+0000] {processor.py:183} INFO - Processing /home/airflow/.local/lib/python3.12/site-packages/airflow/example_dags/example_branch_day_of_week_operator.py took 0.054 seconds
[2024-12-22T02:00:27.042+0000] {processor.py:161} INFO - Started process (PID=7973) to work on /home/airflow/.local/lib/python3.12/site-packages/airflow/example_dags/example_branch_day_of_week_operator.py
[2024-12-22T02:00:27.043+0000] {processor.py:830} INFO - Processing file /home/airflow/.local/lib/python3.12/site-packages/airflow/example_dags/example_branch_day_of_week_operator.py for tasks to queue
[2024-12-22T02:00:27.044+0000] {logging_mixin.py:188} INFO - [2024-12-22T02:00:27.044+0000] {dagbag.py:545} INFO - Filling up the DagBag from /home/airflow/.local/lib/python3.12/site-packages/airflow/example_dags/example_branch_day_of_week_operator.py
[2024-12-22T02:00:27.048+0000] {processor.py:840} INFO - DAG(s) 'example_weekday_branch_operator' retrieved from /home/airflow/.local/lib/python3.12/site-packages/airflow/example_dags/example_branch_day_of_week_operator.py
[2024-12-22T02:00:27.062+0000] {logging_mixin.py:188} INFO - [2024-12-22T02:00:27.062+0000] {dag.py:3089} INFO - Sync 1 DAGs
[2024-12-22T02:00:27.074+0000] {logging_mixin.py:188} INFO - [2024-12-22T02:00:27.074+0000] {dag.py:3947} INFO - Setting next_dagrun for example_weekday_branch_operator to 2024-12-21 00:00:00+00:00, run_after=2024-12-22 00:00:00+00:00
[2024-12-22T02:00:27.086+0000] {processor.py:183} INFO - Processing /home/airflow/.local/lib/python3.12/site-packages/airflow/example_dags/example_branch_day_of_week_operator.py took 0.047 seconds
[2024-12-22T02:00:57.346+0000] {processor.py:161} INFO - Started process (PID=8250) to work on /home/airflow/.local/lib/python3.12/site-packages/airflow/example_dags/example_branch_day_of_week_operator.py
[2024-12-22T02:00:57.347+0000] {processor.py:830} INFO - Processing file /home/airflow/.local/lib/python3.12/site-packages/airflow/example_dags/example_branch_day_of_week_operator.py for tasks to queue
[2024-12-22T02:00:57.348+0000] {logging_mixin.py:188} INFO - [2024-12-22T02:00:57.348+0000] {dagbag.py:545} INFO - Filling up the DagBag from /home/airflow/.local/lib/python3.12/site-packages/airflow/example_dags/example_branch_day_of_week_operator.py
[2024-12-22T02:00:57.354+0000] {processor.py:840} INFO - DAG(s) 'example_weekday_branch_operator' retrieved from /home/airflow/.local/lib/python3.12/site-packages/airflow/example_dags/example_branch_day_of_week_operator.py
[2024-12-22T02:00:57.366+0000] {logging_mixin.py:188} INFO - [2024-12-22T02:00:57.366+0000] {dag.py:3089} INFO - Sync 1 DAGs
[2024-12-22T02:00:57.377+0000] {logging_mixin.py:188} INFO - [2024-12-22T02:00:57.377+0000] {dag.py:3947} INFO - Setting next_dagrun for example_weekday_branch_operator to 2024-12-21 00:00:00+00:00, run_after=2024-12-22 00:00:00+00:00
[2024-12-22T02:00:57.388+0000] {processor.py:183} INFO - Processing /home/airflow/.local/lib/python3.12/site-packages/airflow/example_dags/example_branch_day_of_week_operator.py took 0.046 seconds
[2024-12-22T02:01:30.550+0000] {processor.py:161} INFO - Started process (PID=8527) to work on /home/airflow/.local/lib/python3.12/site-packages/airflow/example_dags/example_branch_day_of_week_operator.py
[2024-12-22T02:01:30.551+0000] {processor.py:830} INFO - Processing file /home/airflow/.local/lib/python3.12/site-packages/airflow/example_dags/example_branch_day_of_week_operator.py for tasks to queue
[2024-12-22T02:01:30.552+0000] {logging_mixin.py:188} INFO - [2024-12-22T02:01:30.552+0000] {dagbag.py:545} INFO - Filling up the DagBag from /home/airflow/.local/lib/python3.12/site-packages/airflow/example_dags/example_branch_day_of_week_operator.py
[2024-12-22T02:01:30.556+0000] {processor.py:840} INFO - DAG(s) 'example_weekday_branch_operator' retrieved from /home/airflow/.local/lib/python3.12/site-packages/airflow/example_dags/example_branch_day_of_week_operator.py
[2024-12-22T02:01:30.569+0000] {logging_mixin.py:188} INFO - [2024-12-22T02:01:30.569+0000] {dag.py:3089} INFO - Sync 1 DAGs
[2024-12-22T02:01:30.580+0000] {logging_mixin.py:188} INFO - [2024-12-22T02:01:30.580+0000] {dag.py:3947} INFO - Setting next_dagrun for example_weekday_branch_operator to 2024-12-21 00:00:00+00:00, run_after=2024-12-22 00:00:00+00:00
[2024-12-22T02:01:30.590+0000] {processor.py:183} INFO - Processing /home/airflow/.local/lib/python3.12/site-packages/airflow/example_dags/example_branch_day_of_week_operator.py took 0.044 seconds
[2024-12-22T02:02:03.448+0000] {processor.py:161} INFO - Started process (PID=8806) to work on /home/airflow/.local/lib/python3.12/site-packages/airflow/example_dags/example_branch_day_of_week_operator.py
[2024-12-22T02:02:03.449+0000] {processor.py:830} INFO - Processing file /home/airflow/.local/lib/python3.12/site-packages/airflow/example_dags/example_branch_day_of_week_operator.py for tasks to queue
[2024-12-22T02:02:03.450+0000] {logging_mixin.py:188} INFO - [2024-12-22T02:02:03.450+0000] {dagbag.py:545} INFO - Filling up the DagBag from /home/airflow/.local/lib/python3.12/site-packages/airflow/example_dags/example_branch_day_of_week_operator.py
[2024-12-22T02:02:03.454+0000] {processor.py:840} INFO - DAG(s) 'example_weekday_branch_operator' retrieved from /home/airflow/.local/lib/python3.12/site-packages/airflow/example_dags/example_branch_day_of_week_operator.py
[2024-12-22T02:02:03.467+0000] {logging_mixin.py:188} INFO - [2024-12-22T02:02:03.467+0000] {dag.py:3089} INFO - Sync 1 DAGs
[2024-12-22T02:02:03.478+0000] {logging_mixin.py:188} INFO - [2024-12-22T02:02:03.478+0000] {dag.py:3947} INFO - Setting next_dagrun for example_weekday_branch_operator to 2024-12-21 00:00:00+00:00, run_after=2024-12-22 00:00:00+00:00
[2024-12-22T02:02:03.487+0000] {processor.py:183} INFO - Processing /home/airflow/.local/lib/python3.12/site-packages/airflow/example_dags/example_branch_day_of_week_operator.py took 0.043 seconds
[2024-12-22T02:02:35.452+0000] {processor.py:161} INFO - Started process (PID=9081) to work on /home/airflow/.local/lib/python3.12/site-packages/airflow/example_dags/example_branch_day_of_week_operator.py
[2024-12-22T02:02:35.452+0000] {processor.py:830} INFO - Processing file /home/airflow/.local/lib/python3.12/site-packages/airflow/example_dags/example_branch_day_of_week_operator.py for tasks to queue
[2024-12-22T02:02:35.453+0000] {logging_mixin.py:188} INFO - [2024-12-22T02:02:35.453+0000] {dagbag.py:545} INFO - Filling up the DagBag from /home/airflow/.local/lib/python3.12/site-packages/airflow/example_dags/example_branch_day_of_week_operator.py
[2024-12-22T02:02:35.459+0000] {processor.py:840} INFO - DAG(s) 'example_weekday_branch_operator' retrieved from /home/airflow/.local/lib/python3.12/site-packages/airflow/example_dags/example_branch_day_of_week_operator.py
[2024-12-22T02:02:35.473+0000] {logging_mixin.py:188} INFO - [2024-12-22T02:02:35.473+0000] {dag.py:3089} INFO - Sync 1 DAGs
[2024-12-22T02:02:35.486+0000] {logging_mixin.py:188} INFO - [2024-12-22T02:02:35.486+0000] {dag.py:3947} INFO - Setting next_dagrun for example_weekday_branch_operator to 2024-12-21 00:00:00+00:00, run_after=2024-12-22 00:00:00+00:00
[2024-12-22T02:02:35.497+0000] {processor.py:183} INFO - Processing /home/airflow/.local/lib/python3.12/site-packages/airflow/example_dags/example_branch_day_of_week_operator.py took 0.049 seconds
[2024-12-22T02:03:06.638+0000] {processor.py:161} INFO - Started process (PID=9360) to work on /home/airflow/.local/lib/python3.12/site-packages/airflow/example_dags/example_branch_day_of_week_operator.py
[2024-12-22T02:03:06.639+0000] {processor.py:830} INFO - Processing file /home/airflow/.local/lib/python3.12/site-packages/airflow/example_dags/example_branch_day_of_week_operator.py for tasks to queue
[2024-12-22T02:03:06.641+0000] {logging_mixin.py:188} INFO - [2024-12-22T02:03:06.640+0000] {dagbag.py:545} INFO - Filling up the DagBag from /home/airflow/.local/lib/python3.12/site-packages/airflow/example_dags/example_branch_day_of_week_operator.py
[2024-12-22T02:03:06.647+0000] {processor.py:840} INFO - DAG(s) 'example_weekday_branch_operator' retrieved from /home/airflow/.local/lib/python3.12/site-packages/airflow/example_dags/example_branch_day_of_week_operator.py
[2024-12-22T02:03:06.665+0000] {logging_mixin.py:188} INFO - [2024-12-22T02:03:06.664+0000] {dag.py:3089} INFO - Sync 1 DAGs
[2024-12-22T02:03:06.679+0000] {logging_mixin.py:188} INFO - [2024-12-22T02:03:06.679+0000] {dag.py:3947} INFO - Setting next_dagrun for example_weekday_branch_operator to 2024-12-21 00:00:00+00:00, run_after=2024-12-22 00:00:00+00:00
[2024-12-22T02:03:06.691+0000] {processor.py:183} INFO - Processing /home/airflow/.local/lib/python3.12/site-packages/airflow/example_dags/example_branch_day_of_week_operator.py took 0.063 seconds
[2024-12-22T02:03:37.251+0000] {processor.py:161} INFO - Started process (PID=9637) to work on /home/airflow/.local/lib/python3.12/site-packages/airflow/example_dags/example_branch_day_of_week_operator.py
[2024-12-22T02:03:37.252+0000] {processor.py:830} INFO - Processing file /home/airflow/.local/lib/python3.12/site-packages/airflow/example_dags/example_branch_day_of_week_operator.py for tasks to queue
[2024-12-22T02:03:37.253+0000] {logging_mixin.py:188} INFO - [2024-12-22T02:03:37.253+0000] {dagbag.py:545} INFO - Filling up the DagBag from /home/airflow/.local/lib/python3.12/site-packages/airflow/example_dags/example_branch_day_of_week_operator.py
[2024-12-22T02:03:37.257+0000] {processor.py:840} INFO - DAG(s) 'example_weekday_branch_operator' retrieved from /home/airflow/.local/lib/python3.12/site-packages/airflow/example_dags/example_branch_day_of_week_operator.py
[2024-12-22T02:03:37.272+0000] {logging_mixin.py:188} INFO - [2024-12-22T02:03:37.272+0000] {dag.py:3089} INFO - Sync 1 DAGs
[2024-12-22T02:03:37.283+0000] {logging_mixin.py:188} INFO - [2024-12-22T02:03:37.283+0000] {dag.py:3947} INFO - Setting next_dagrun for example_weekday_branch_operator to 2024-12-21 00:00:00+00:00, run_after=2024-12-22 00:00:00+00:00
[2024-12-22T02:03:37.293+0000] {processor.py:183} INFO - Processing /home/airflow/.local/lib/python3.12/site-packages/airflow/example_dags/example_branch_day_of_week_operator.py took 0.046 seconds
[2024-12-22T02:04:07.945+0000] {processor.py:161} INFO - Started process (PID=9912) to work on /home/airflow/.local/lib/python3.12/site-packages/airflow/example_dags/example_branch_day_of_week_operator.py
[2024-12-22T02:04:07.946+0000] {processor.py:830} INFO - Processing file /home/airflow/.local/lib/python3.12/site-packages/airflow/example_dags/example_branch_day_of_week_operator.py for tasks to queue
[2024-12-22T02:04:07.947+0000] {logging_mixin.py:188} INFO - [2024-12-22T02:04:07.947+0000] {dagbag.py:545} INFO - Filling up the DagBag from /home/airflow/.local/lib/python3.12/site-packages/airflow/example_dags/example_branch_day_of_week_operator.py
[2024-12-22T02:04:07.953+0000] {processor.py:840} INFO - DAG(s) 'example_weekday_branch_operator' retrieved from /home/airflow/.local/lib/python3.12/site-packages/airflow/example_dags/example_branch_day_of_week_operator.py
[2024-12-22T02:04:07.968+0000] {logging_mixin.py:188} INFO - [2024-12-22T02:04:07.968+0000] {dag.py:3089} INFO - Sync 1 DAGs
[2024-12-22T02:04:07.983+0000] {logging_mixin.py:188} INFO - [2024-12-22T02:04:07.983+0000] {dag.py:3947} INFO - Setting next_dagrun for example_weekday_branch_operator to 2024-12-21 00:00:00+00:00, run_after=2024-12-22 00:00:00+00:00
[2024-12-22T02:04:07.995+0000] {processor.py:183} INFO - Processing /home/airflow/.local/lib/python3.12/site-packages/airflow/example_dags/example_branch_day_of_week_operator.py took 0.054 seconds
[2024-12-22T02:04:38.944+0000] {processor.py:161} INFO - Started process (PID=10189) to work on /home/airflow/.local/lib/python3.12/site-packages/airflow/example_dags/example_branch_day_of_week_operator.py
[2024-12-22T02:04:38.945+0000] {processor.py:830} INFO - Processing file /home/airflow/.local/lib/python3.12/site-packages/airflow/example_dags/example_branch_day_of_week_operator.py for tasks to queue
[2024-12-22T02:04:38.947+0000] {logging_mixin.py:188} INFO - [2024-12-22T02:04:38.947+0000] {dagbag.py:545} INFO - Filling up the DagBag from /home/airflow/.local/lib/python3.12/site-packages/airflow/example_dags/example_branch_day_of_week_operator.py
[2024-12-22T02:04:38.951+0000] {processor.py:840} INFO - DAG(s) 'example_weekday_branch_operator' retrieved from /home/airflow/.local/lib/python3.12/site-packages/airflow/example_dags/example_branch_day_of_week_operator.py
[2024-12-22T02:04:38.966+0000] {logging_mixin.py:188} INFO - [2024-12-22T02:04:38.965+0000] {dag.py:3089} INFO - Sync 1 DAGs
[2024-12-22T02:04:38.977+0000] {logging_mixin.py:188} INFO - [2024-12-22T02:04:38.976+0000] {dag.py:3947} INFO - Setting next_dagrun for example_weekday_branch_operator to 2024-12-21 00:00:00+00:00, run_after=2024-12-22 00:00:00+00:00
[2024-12-22T02:04:38.986+0000] {processor.py:183} INFO - Processing /home/airflow/.local/lib/python3.12/site-packages/airflow/example_dags/example_branch_day_of_week_operator.py took 0.045 seconds
[2024-12-22T02:05:11.955+0000] {processor.py:161} INFO - Started process (PID=10466) to work on /home/airflow/.local/lib/python3.12/site-packages/airflow/example_dags/example_branch_day_of_week_operator.py
[2024-12-22T02:05:11.956+0000] {processor.py:830} INFO - Processing file /home/airflow/.local/lib/python3.12/site-packages/airflow/example_dags/example_branch_day_of_week_operator.py for tasks to queue
[2024-12-22T02:05:11.957+0000] {logging_mixin.py:188} INFO - [2024-12-22T02:05:11.957+0000] {dagbag.py:545} INFO - Filling up the DagBag from /home/airflow/.local/lib/python3.12/site-packages/airflow/example_dags/example_branch_day_of_week_operator.py
[2024-12-22T02:05:11.962+0000] {processor.py:840} INFO - DAG(s) 'example_weekday_branch_operator' retrieved from /home/airflow/.local/lib/python3.12/site-packages/airflow/example_dags/example_branch_day_of_week_operator.py
[2024-12-22T02:05:11.974+0000] {logging_mixin.py:188} INFO - [2024-12-22T02:05:11.974+0000] {dag.py:3089} INFO - Sync 1 DAGs
[2024-12-22T02:05:11.985+0000] {logging_mixin.py:188} INFO - [2024-12-22T02:05:11.984+0000] {dag.py:3947} INFO - Setting next_dagrun for example_weekday_branch_operator to 2024-12-21 00:00:00+00:00, run_after=2024-12-22 00:00:00+00:00
[2024-12-22T02:05:11.994+0000] {processor.py:183} INFO - Processing /home/airflow/.local/lib/python3.12/site-packages/airflow/example_dags/example_branch_day_of_week_operator.py took 0.043 seconds
[2024-12-22T02:05:44.380+0000] {processor.py:161} INFO - Started process (PID=10743) to work on /home/airflow/.local/lib/python3.12/site-packages/airflow/example_dags/example_branch_day_of_week_operator.py
[2024-12-22T02:05:44.381+0000] {processor.py:830} INFO - Processing file /home/airflow/.local/lib/python3.12/site-packages/airflow/example_dags/example_branch_day_of_week_operator.py for tasks to queue
[2024-12-22T02:05:44.382+0000] {logging_mixin.py:188} INFO - [2024-12-22T02:05:44.382+0000] {dagbag.py:545} INFO - Filling up the DagBag from /home/airflow/.local/lib/python3.12/site-packages/airflow/example_dags/example_branch_day_of_week_operator.py
[2024-12-22T02:05:44.386+0000] {processor.py:840} INFO - DAG(s) 'example_weekday_branch_operator' retrieved from /home/airflow/.local/lib/python3.12/site-packages/airflow/example_dags/example_branch_day_of_week_operator.py
[2024-12-22T02:05:44.400+0000] {logging_mixin.py:188} INFO - [2024-12-22T02:05:44.400+0000] {dag.py:3089} INFO - Sync 1 DAGs
[2024-12-22T02:05:44.414+0000] {logging_mixin.py:188} INFO - [2024-12-22T02:05:44.413+0000] {dag.py:3947} INFO - Setting next_dagrun for example_weekday_branch_operator to 2024-12-21 00:00:00+00:00, run_after=2024-12-22 00:00:00+00:00
[2024-12-22T02:05:44.426+0000] {processor.py:183} INFO - Processing /home/airflow/.local/lib/python3.12/site-packages/airflow/example_dags/example_branch_day_of_week_operator.py took 0.050 seconds
[2024-12-22T02:06:15.621+0000] {processor.py:161} INFO - Started process (PID=11020) to work on /home/airflow/.local/lib/python3.12/site-packages/airflow/example_dags/example_branch_day_of_week_operator.py
[2024-12-22T02:06:15.621+0000] {processor.py:830} INFO - Processing file /home/airflow/.local/lib/python3.12/site-packages/airflow/example_dags/example_branch_day_of_week_operator.py for tasks to queue
[2024-12-22T02:06:15.623+0000] {logging_mixin.py:188} INFO - [2024-12-22T02:06:15.623+0000] {dagbag.py:545} INFO - Filling up the DagBag from /home/airflow/.local/lib/python3.12/site-packages/airflow/example_dags/example_branch_day_of_week_operator.py
[2024-12-22T02:06:15.628+0000] {processor.py:840} INFO - DAG(s) 'example_weekday_branch_operator' retrieved from /home/airflow/.local/lib/python3.12/site-packages/airflow/example_dags/example_branch_day_of_week_operator.py
[2024-12-22T02:06:15.641+0000] {logging_mixin.py:188} INFO - [2024-12-22T02:06:15.641+0000] {dag.py:3089} INFO - Sync 1 DAGs
[2024-12-22T02:06:15.655+0000] {logging_mixin.py:188} INFO - [2024-12-22T02:06:15.655+0000] {dag.py:3947} INFO - Setting next_dagrun for example_weekday_branch_operator to 2024-12-21 00:00:00+00:00, run_after=2024-12-22 00:00:00+00:00
[2024-12-22T02:06:15.667+0000] {processor.py:183} INFO - Processing /home/airflow/.local/lib/python3.12/site-packages/airflow/example_dags/example_branch_day_of_week_operator.py took 0.050 seconds
[2024-12-22T02:06:46.700+0000] {processor.py:161} INFO - Started process (PID=11299) to work on /home/airflow/.local/lib/python3.12/site-packages/airflow/example_dags/example_branch_day_of_week_operator.py
[2024-12-22T02:06:46.701+0000] {processor.py:830} INFO - Processing file /home/airflow/.local/lib/python3.12/site-packages/airflow/example_dags/example_branch_day_of_week_operator.py for tasks to queue
[2024-12-22T02:06:46.703+0000] {logging_mixin.py:188} INFO - [2024-12-22T02:06:46.703+0000] {dagbag.py:545} INFO - Filling up the DagBag from /home/airflow/.local/lib/python3.12/site-packages/airflow/example_dags/example_branch_day_of_week_operator.py
[2024-12-22T02:06:46.707+0000] {processor.py:840} INFO - DAG(s) 'example_weekday_branch_operator' retrieved from /home/airflow/.local/lib/python3.12/site-packages/airflow/example_dags/example_branch_day_of_week_operator.py
[2024-12-22T02:06:46.721+0000] {logging_mixin.py:188} INFO - [2024-12-22T02:06:46.720+0000] {dag.py:3089} INFO - Sync 1 DAGs
[2024-12-22T02:06:46.733+0000] {logging_mixin.py:188} INFO - [2024-12-22T02:06:46.733+0000] {dag.py:3947} INFO - Setting next_dagrun for example_weekday_branch_operator to 2024-12-21 00:00:00+00:00, run_after=2024-12-22 00:00:00+00:00
[2024-12-22T02:06:46.744+0000] {processor.py:183} INFO - Processing /home/airflow/.local/lib/python3.12/site-packages/airflow/example_dags/example_branch_day_of_week_operator.py took 0.048 seconds
[2024-12-22T02:07:17.341+0000] {processor.py:161} INFO - Started process (PID=11579) to work on /home/airflow/.local/lib/python3.12/site-packages/airflow/example_dags/example_branch_day_of_week_operator.py
[2024-12-22T02:07:17.342+0000] {processor.py:830} INFO - Processing file /home/airflow/.local/lib/python3.12/site-packages/airflow/example_dags/example_branch_day_of_week_operator.py for tasks to queue
[2024-12-22T02:07:17.343+0000] {logging_mixin.py:188} INFO - [2024-12-22T02:07:17.343+0000] {dagbag.py:545} INFO - Filling up the DagBag from /home/airflow/.local/lib/python3.12/site-packages/airflow/example_dags/example_branch_day_of_week_operator.py
[2024-12-22T02:07:17.348+0000] {processor.py:840} INFO - DAG(s) 'example_weekday_branch_operator' retrieved from /home/airflow/.local/lib/python3.12/site-packages/airflow/example_dags/example_branch_day_of_week_operator.py
[2024-12-22T02:07:17.361+0000] {logging_mixin.py:188} INFO - [2024-12-22T02:07:17.361+0000] {dag.py:3089} INFO - Sync 1 DAGs
[2024-12-22T02:07:17.373+0000] {logging_mixin.py:188} INFO - [2024-12-22T02:07:17.373+0000] {dag.py:3947} INFO - Setting next_dagrun for example_weekday_branch_operator to 2024-12-21 00:00:00+00:00, run_after=2024-12-22 00:00:00+00:00
[2024-12-22T02:07:17.383+0000] {processor.py:183} INFO - Processing /home/airflow/.local/lib/python3.12/site-packages/airflow/example_dags/example_branch_day_of_week_operator.py took 0.046 seconds
[2024-12-22T02:07:50.424+0000] {processor.py:161} INFO - Started process (PID=11851) to work on /home/airflow/.local/lib/python3.12/site-packages/airflow/example_dags/example_branch_day_of_week_operator.py
[2024-12-22T02:07:50.425+0000] {processor.py:830} INFO - Processing file /home/airflow/.local/lib/python3.12/site-packages/airflow/example_dags/example_branch_day_of_week_operator.py for tasks to queue
[2024-12-22T02:07:50.426+0000] {logging_mixin.py:188} INFO - [2024-12-22T02:07:50.426+0000] {dagbag.py:545} INFO - Filling up the DagBag from /home/airflow/.local/lib/python3.12/site-packages/airflow/example_dags/example_branch_day_of_week_operator.py
[2024-12-22T02:07:50.432+0000] {processor.py:840} INFO - DAG(s) 'example_weekday_branch_operator' retrieved from /home/airflow/.local/lib/python3.12/site-packages/airflow/example_dags/example_branch_day_of_week_operator.py
[2024-12-22T02:07:50.446+0000] {logging_mixin.py:188} INFO - [2024-12-22T02:07:50.446+0000] {dag.py:3089} INFO - Sync 1 DAGs
[2024-12-22T02:07:50.460+0000] {logging_mixin.py:188} INFO - [2024-12-22T02:07:50.460+0000] {dag.py:3947} INFO - Setting next_dagrun for example_weekday_branch_operator to 2024-12-21 00:00:00+00:00, run_after=2024-12-22 00:00:00+00:00
[2024-12-22T02:07:50.472+0000] {processor.py:183} INFO - Processing /home/airflow/.local/lib/python3.12/site-packages/airflow/example_dags/example_branch_day_of_week_operator.py took 0.052 seconds
[2024-12-22T02:08:23.204+0000] {processor.py:161} INFO - Started process (PID=12128) to work on /home/airflow/.local/lib/python3.12/site-packages/airflow/example_dags/example_branch_day_of_week_operator.py
[2024-12-22T02:08:23.206+0000] {processor.py:830} INFO - Processing file /home/airflow/.local/lib/python3.12/site-packages/airflow/example_dags/example_branch_day_of_week_operator.py for tasks to queue
[2024-12-22T02:08:23.207+0000] {logging_mixin.py:188} INFO - [2024-12-22T02:08:23.207+0000] {dagbag.py:545} INFO - Filling up the DagBag from /home/airflow/.local/lib/python3.12/site-packages/airflow/example_dags/example_branch_day_of_week_operator.py
[2024-12-22T02:08:23.212+0000] {processor.py:840} INFO - DAG(s) 'example_weekday_branch_operator' retrieved from /home/airflow/.local/lib/python3.12/site-packages/airflow/example_dags/example_branch_day_of_week_operator.py
[2024-12-22T02:08:23.226+0000] {logging_mixin.py:188} INFO - [2024-12-22T02:08:23.225+0000] {dag.py:3089} INFO - Sync 1 DAGs
[2024-12-22T02:08:23.249+0000] {logging_mixin.py:188} INFO - [2024-12-22T02:08:23.249+0000] {dag.py:3947} INFO - Setting next_dagrun for example_weekday_branch_operator to 2024-12-21 00:00:00+00:00, run_after=2024-12-22 00:00:00+00:00
[2024-12-22T02:08:23.262+0000] {processor.py:183} INFO - Processing /home/airflow/.local/lib/python3.12/site-packages/airflow/example_dags/example_branch_day_of_week_operator.py took 0.062 seconds
[2024-12-22T02:08:55.529+0000] {processor.py:161} INFO - Started process (PID=12407) to work on /home/airflow/.local/lib/python3.12/site-packages/airflow/example_dags/example_branch_day_of_week_operator.py
[2024-12-22T02:08:55.529+0000] {processor.py:830} INFO - Processing file /home/airflow/.local/lib/python3.12/site-packages/airflow/example_dags/example_branch_day_of_week_operator.py for tasks to queue
[2024-12-22T02:08:55.530+0000] {logging_mixin.py:188} INFO - [2024-12-22T02:08:55.530+0000] {dagbag.py:545} INFO - Filling up the DagBag from /home/airflow/.local/lib/python3.12/site-packages/airflow/example_dags/example_branch_day_of_week_operator.py
[2024-12-22T02:08:55.535+0000] {processor.py:840} INFO - DAG(s) 'example_weekday_branch_operator' retrieved from /home/airflow/.local/lib/python3.12/site-packages/airflow/example_dags/example_branch_day_of_week_operator.py
[2024-12-22T02:08:55.551+0000] {logging_mixin.py:188} INFO - [2024-12-22T02:08:55.550+0000] {dag.py:3089} INFO - Sync 1 DAGs
[2024-12-22T02:08:55.562+0000] {logging_mixin.py:188} INFO - [2024-12-22T02:08:55.562+0000] {dag.py:3947} INFO - Setting next_dagrun for example_weekday_branch_operator to 2024-12-21 00:00:00+00:00, run_after=2024-12-22 00:00:00+00:00
[2024-12-22T02:08:55.573+0000] {processor.py:183} INFO - Processing /home/airflow/.local/lib/python3.12/site-packages/airflow/example_dags/example_branch_day_of_week_operator.py took 0.049 seconds
[2024-12-22T02:09:27.122+0000] {processor.py:161} INFO - Started process (PID=12682) to work on /home/airflow/.local/lib/python3.12/site-packages/airflow/example_dags/example_branch_day_of_week_operator.py
[2024-12-22T02:09:27.123+0000] {processor.py:830} INFO - Processing file /home/airflow/.local/lib/python3.12/site-packages/airflow/example_dags/example_branch_day_of_week_operator.py for tasks to queue
[2024-12-22T02:09:27.124+0000] {logging_mixin.py:188} INFO - [2024-12-22T02:09:27.124+0000] {dagbag.py:545} INFO - Filling up the DagBag from /home/airflow/.local/lib/python3.12/site-packages/airflow/example_dags/example_branch_day_of_week_operator.py
[2024-12-22T02:09:27.128+0000] {processor.py:840} INFO - DAG(s) 'example_weekday_branch_operator' retrieved from /home/airflow/.local/lib/python3.12/site-packages/airflow/example_dags/example_branch_day_of_week_operator.py
[2024-12-22T02:09:27.143+0000] {logging_mixin.py:188} INFO - [2024-12-22T02:09:27.143+0000] {dag.py:3089} INFO - Sync 1 DAGs
[2024-12-22T02:09:27.266+0000] {logging_mixin.py:188} INFO - [2024-12-22T02:09:27.266+0000] {dag.py:3947} INFO - Setting next_dagrun for example_weekday_branch_operator to 2024-12-21 00:00:00+00:00, run_after=2024-12-22 00:00:00+00:00
[2024-12-22T02:09:27.279+0000] {processor.py:183} INFO - Processing /home/airflow/.local/lib/python3.12/site-packages/airflow/example_dags/example_branch_day_of_week_operator.py took 0.161 seconds
[2024-12-22T02:09:57.662+0000] {processor.py:161} INFO - Started process (PID=12959) to work on /home/airflow/.local/lib/python3.12/site-packages/airflow/example_dags/example_branch_day_of_week_operator.py
[2024-12-22T02:09:57.662+0000] {processor.py:830} INFO - Processing file /home/airflow/.local/lib/python3.12/site-packages/airflow/example_dags/example_branch_day_of_week_operator.py for tasks to queue
[2024-12-22T02:09:57.663+0000] {logging_mixin.py:188} INFO - [2024-12-22T02:09:57.663+0000] {dagbag.py:545} INFO - Filling up the DagBag from /home/airflow/.local/lib/python3.12/site-packages/airflow/example_dags/example_branch_day_of_week_operator.py
[2024-12-22T02:09:57.669+0000] {processor.py:840} INFO - DAG(s) 'example_weekday_branch_operator' retrieved from /home/airflow/.local/lib/python3.12/site-packages/airflow/example_dags/example_branch_day_of_week_operator.py
[2024-12-22T02:09:57.684+0000] {logging_mixin.py:188} INFO - [2024-12-22T02:09:57.683+0000] {dag.py:3089} INFO - Sync 1 DAGs
[2024-12-22T02:09:57.697+0000] {logging_mixin.py:188} INFO - [2024-12-22T02:09:57.697+0000] {dag.py:3947} INFO - Setting next_dagrun for example_weekday_branch_operator to 2024-12-21 00:00:00+00:00, run_after=2024-12-22 00:00:00+00:00
[2024-12-22T02:09:57.829+0000] {processor.py:183} INFO - Processing /home/airflow/.local/lib/python3.12/site-packages/airflow/example_dags/example_branch_day_of_week_operator.py took 0.171 seconds
[2024-12-22T02:10:28.256+0000] {processor.py:161} INFO - Started process (PID=13236) to work on /home/airflow/.local/lib/python3.12/site-packages/airflow/example_dags/example_branch_day_of_week_operator.py
[2024-12-22T02:10:28.257+0000] {processor.py:830} INFO - Processing file /home/airflow/.local/lib/python3.12/site-packages/airflow/example_dags/example_branch_day_of_week_operator.py for tasks to queue
[2024-12-22T02:10:28.259+0000] {logging_mixin.py:188} INFO - [2024-12-22T02:10:28.259+0000] {dagbag.py:545} INFO - Filling up the DagBag from /home/airflow/.local/lib/python3.12/site-packages/airflow/example_dags/example_branch_day_of_week_operator.py
[2024-12-22T02:10:28.264+0000] {processor.py:840} INFO - DAG(s) 'example_weekday_branch_operator' retrieved from /home/airflow/.local/lib/python3.12/site-packages/airflow/example_dags/example_branch_day_of_week_operator.py
[2024-12-22T02:10:28.278+0000] {logging_mixin.py:188} INFO - [2024-12-22T02:10:28.277+0000] {dag.py:3089} INFO - Sync 1 DAGs
[2024-12-22T02:10:28.290+0000] {logging_mixin.py:188} INFO - [2024-12-22T02:10:28.290+0000] {dag.py:3947} INFO - Setting next_dagrun for example_weekday_branch_operator to 2024-12-21 00:00:00+00:00, run_after=2024-12-22 00:00:00+00:00
[2024-12-22T02:10:28.301+0000] {processor.py:183} INFO - Processing /home/airflow/.local/lib/python3.12/site-packages/airflow/example_dags/example_branch_day_of_week_operator.py took 0.048 seconds
[2024-12-22T02:11:00.793+0000] {processor.py:161} INFO - Started process (PID=13513) to work on /home/airflow/.local/lib/python3.12/site-packages/airflow/example_dags/example_branch_day_of_week_operator.py
[2024-12-22T02:11:00.794+0000] {processor.py:830} INFO - Processing file /home/airflow/.local/lib/python3.12/site-packages/airflow/example_dags/example_branch_day_of_week_operator.py for tasks to queue
[2024-12-22T02:11:00.795+0000] {logging_mixin.py:188} INFO - [2024-12-22T02:11:00.795+0000] {dagbag.py:545} INFO - Filling up the DagBag from /home/airflow/.local/lib/python3.12/site-packages/airflow/example_dags/example_branch_day_of_week_operator.py
[2024-12-22T02:11:00.800+0000] {processor.py:840} INFO - DAG(s) 'example_weekday_branch_operator' retrieved from /home/airflow/.local/lib/python3.12/site-packages/airflow/example_dags/example_branch_day_of_week_operator.py
[2024-12-22T02:11:00.814+0000] {logging_mixin.py:188} INFO - [2024-12-22T02:11:00.814+0000] {dag.py:3089} INFO - Sync 1 DAGs
[2024-12-22T02:11:00.841+0000] {logging_mixin.py:188} INFO - [2024-12-22T02:11:00.841+0000] {dag.py:3947} INFO - Setting next_dagrun for example_weekday_branch_operator to 2024-12-21 00:00:00+00:00, run_after=2024-12-22 00:00:00+00:00
[2024-12-22T02:11:00.852+0000] {processor.py:183} INFO - Processing /home/airflow/.local/lib/python3.12/site-packages/airflow/example_dags/example_branch_day_of_week_operator.py took 0.064 seconds
[2024-12-22T02:11:33.129+0000] {processor.py:161} INFO - Started process (PID=13792) to work on /home/airflow/.local/lib/python3.12/site-packages/airflow/example_dags/example_branch_day_of_week_operator.py
[2024-12-22T02:11:33.130+0000] {processor.py:830} INFO - Processing file /home/airflow/.local/lib/python3.12/site-packages/airflow/example_dags/example_branch_day_of_week_operator.py for tasks to queue
[2024-12-22T02:11:33.131+0000] {logging_mixin.py:188} INFO - [2024-12-22T02:11:33.131+0000] {dagbag.py:545} INFO - Filling up the DagBag from /home/airflow/.local/lib/python3.12/site-packages/airflow/example_dags/example_branch_day_of_week_operator.py
[2024-12-22T02:11:33.135+0000] {processor.py:840} INFO - DAG(s) 'example_weekday_branch_operator' retrieved from /home/airflow/.local/lib/python3.12/site-packages/airflow/example_dags/example_branch_day_of_week_operator.py
[2024-12-22T02:11:33.149+0000] {logging_mixin.py:188} INFO - [2024-12-22T02:11:33.149+0000] {dag.py:3089} INFO - Sync 1 DAGs
[2024-12-22T02:11:33.160+0000] {logging_mixin.py:188} INFO - [2024-12-22T02:11:33.160+0000] {dag.py:3947} INFO - Setting next_dagrun for example_weekday_branch_operator to 2024-12-21 00:00:00+00:00, run_after=2024-12-22 00:00:00+00:00
[2024-12-22T02:11:33.170+0000] {processor.py:183} INFO - Processing /home/airflow/.local/lib/python3.12/site-packages/airflow/example_dags/example_branch_day_of_week_operator.py took 0.045 seconds
[2024-12-22T02:12:03.337+0000] {processor.py:161} INFO - Started process (PID=14070) to work on /home/airflow/.local/lib/python3.12/site-packages/airflow/example_dags/example_branch_day_of_week_operator.py
[2024-12-22T02:12:03.338+0000] {processor.py:830} INFO - Processing file /home/airflow/.local/lib/python3.12/site-packages/airflow/example_dags/example_branch_day_of_week_operator.py for tasks to queue
[2024-12-22T02:12:03.339+0000] {logging_mixin.py:188} INFO - [2024-12-22T02:12:03.339+0000] {dagbag.py:545} INFO - Filling up the DagBag from /home/airflow/.local/lib/python3.12/site-packages/airflow/example_dags/example_branch_day_of_week_operator.py
[2024-12-22T02:12:03.344+0000] {processor.py:840} INFO - DAG(s) 'example_weekday_branch_operator' retrieved from /home/airflow/.local/lib/python3.12/site-packages/airflow/example_dags/example_branch_day_of_week_operator.py
[2024-12-22T02:12:03.358+0000] {logging_mixin.py:188} INFO - [2024-12-22T02:12:03.358+0000] {dag.py:3089} INFO - Sync 1 DAGs
[2024-12-22T02:12:03.371+0000] {logging_mixin.py:188} INFO - [2024-12-22T02:12:03.371+0000] {dag.py:3947} INFO - Setting next_dagrun for example_weekday_branch_operator to 2024-12-21 00:00:00+00:00, run_after=2024-12-22 00:00:00+00:00
[2024-12-22T02:12:03.382+0000] {processor.py:183} INFO - Processing /home/airflow/.local/lib/python3.12/site-packages/airflow/example_dags/example_branch_day_of_week_operator.py took 0.049 seconds
[2024-12-22T02:12:35.105+0000] {processor.py:161} INFO - Started process (PID=14345) to work on /home/airflow/.local/lib/python3.12/site-packages/airflow/example_dags/example_branch_day_of_week_operator.py
[2024-12-22T02:12:35.106+0000] {processor.py:830} INFO - Processing file /home/airflow/.local/lib/python3.12/site-packages/airflow/example_dags/example_branch_day_of_week_operator.py for tasks to queue
[2024-12-22T02:12:35.108+0000] {logging_mixin.py:188} INFO - [2024-12-22T02:12:35.108+0000] {dagbag.py:545} INFO - Filling up the DagBag from /home/airflow/.local/lib/python3.12/site-packages/airflow/example_dags/example_branch_day_of_week_operator.py
[2024-12-22T02:12:35.113+0000] {processor.py:840} INFO - DAG(s) 'example_weekday_branch_operator' retrieved from /home/airflow/.local/lib/python3.12/site-packages/airflow/example_dags/example_branch_day_of_week_operator.py
[2024-12-22T02:12:35.130+0000] {logging_mixin.py:188} INFO - [2024-12-22T02:12:35.130+0000] {dag.py:3089} INFO - Sync 1 DAGs
[2024-12-22T02:12:35.144+0000] {logging_mixin.py:188} INFO - [2024-12-22T02:12:35.144+0000] {dag.py:3947} INFO - Setting next_dagrun for example_weekday_branch_operator to 2024-12-21 00:00:00+00:00, run_after=2024-12-22 00:00:00+00:00
[2024-12-22T02:12:35.155+0000] {processor.py:183} INFO - Processing /home/airflow/.local/lib/python3.12/site-packages/airflow/example_dags/example_branch_day_of_week_operator.py took 0.054 seconds
[2024-12-22T02:13:05.689+0000] {processor.py:161} INFO - Started process (PID=14622) to work on /home/airflow/.local/lib/python3.12/site-packages/airflow/example_dags/example_branch_day_of_week_operator.py
[2024-12-22T02:13:05.691+0000] {processor.py:830} INFO - Processing file /home/airflow/.local/lib/python3.12/site-packages/airflow/example_dags/example_branch_day_of_week_operator.py for tasks to queue
[2024-12-22T02:13:05.692+0000] {logging_mixin.py:188} INFO - [2024-12-22T02:13:05.692+0000] {dagbag.py:545} INFO - Filling up the DagBag from /home/airflow/.local/lib/python3.12/site-packages/airflow/example_dags/example_branch_day_of_week_operator.py
[2024-12-22T02:13:05.697+0000] {processor.py:840} INFO - DAG(s) 'example_weekday_branch_operator' retrieved from /home/airflow/.local/lib/python3.12/site-packages/airflow/example_dags/example_branch_day_of_week_operator.py
[2024-12-22T02:13:05.711+0000] {logging_mixin.py:188} INFO - [2024-12-22T02:13:05.711+0000] {dag.py:3089} INFO - Sync 1 DAGs
[2024-12-22T02:13:05.725+0000] {logging_mixin.py:188} INFO - [2024-12-22T02:13:05.725+0000] {dag.py:3947} INFO - Setting next_dagrun for example_weekday_branch_operator to 2024-12-21 00:00:00+00:00, run_after=2024-12-22 00:00:00+00:00
[2024-12-22T02:13:05.741+0000] {processor.py:183} INFO - Processing /home/airflow/.local/lib/python3.12/site-packages/airflow/example_dags/example_branch_day_of_week_operator.py took 0.067 seconds
[2024-12-22T02:13:35.937+0000] {processor.py:161} INFO - Started process (PID=14901) to work on /home/airflow/.local/lib/python3.12/site-packages/airflow/example_dags/example_branch_day_of_week_operator.py
[2024-12-22T02:13:35.938+0000] {processor.py:830} INFO - Processing file /home/airflow/.local/lib/python3.12/site-packages/airflow/example_dags/example_branch_day_of_week_operator.py for tasks to queue
[2024-12-22T02:13:35.939+0000] {logging_mixin.py:188} INFO - [2024-12-22T02:13:35.939+0000] {dagbag.py:545} INFO - Filling up the DagBag from /home/airflow/.local/lib/python3.12/site-packages/airflow/example_dags/example_branch_day_of_week_operator.py
[2024-12-22T02:13:35.943+0000] {processor.py:840} INFO - DAG(s) 'example_weekday_branch_operator' retrieved from /home/airflow/.local/lib/python3.12/site-packages/airflow/example_dags/example_branch_day_of_week_operator.py
[2024-12-22T02:13:35.957+0000] {logging_mixin.py:188} INFO - [2024-12-22T02:13:35.957+0000] {dag.py:3089} INFO - Sync 1 DAGs
[2024-12-22T02:13:35.968+0000] {logging_mixin.py:188} INFO - [2024-12-22T02:13:35.968+0000] {dag.py:3947} INFO - Setting next_dagrun for example_weekday_branch_operator to 2024-12-21 00:00:00+00:00, run_after=2024-12-22 00:00:00+00:00
[2024-12-22T02:13:35.977+0000] {processor.py:183} INFO - Processing /home/airflow/.local/lib/python3.12/site-packages/airflow/example_dags/example_branch_day_of_week_operator.py took 0.044 seconds
[2024-12-22T02:14:09.400+0000] {processor.py:161} INFO - Started process (PID=15176) to work on /home/airflow/.local/lib/python3.12/site-packages/airflow/example_dags/example_branch_day_of_week_operator.py
[2024-12-22T02:14:09.400+0000] {processor.py:830} INFO - Processing file /home/airflow/.local/lib/python3.12/site-packages/airflow/example_dags/example_branch_day_of_week_operator.py for tasks to queue
[2024-12-22T02:14:09.403+0000] {logging_mixin.py:188} INFO - [2024-12-22T02:14:09.402+0000] {dagbag.py:545} INFO - Filling up the DagBag from /home/airflow/.local/lib/python3.12/site-packages/airflow/example_dags/example_branch_day_of_week_operator.py
[2024-12-22T02:14:09.408+0000] {processor.py:840} INFO - DAG(s) 'example_weekday_branch_operator' retrieved from /home/airflow/.local/lib/python3.12/site-packages/airflow/example_dags/example_branch_day_of_week_operator.py
[2024-12-22T02:14:09.424+0000] {logging_mixin.py:188} INFO - [2024-12-22T02:14:09.424+0000] {dag.py:3089} INFO - Sync 1 DAGs
[2024-12-22T02:14:09.438+0000] {logging_mixin.py:188} INFO - [2024-12-22T02:14:09.438+0000] {dag.py:3947} INFO - Setting next_dagrun for example_weekday_branch_operator to 2024-12-21 00:00:00+00:00, run_after=2024-12-22 00:00:00+00:00
[2024-12-22T02:14:09.450+0000] {processor.py:183} INFO - Processing /home/airflow/.local/lib/python3.12/site-packages/airflow/example_dags/example_branch_day_of_week_operator.py took 0.054 seconds
[2024-12-22T02:14:40.643+0000] {processor.py:161} INFO - Started process (PID=15455) to work on /home/airflow/.local/lib/python3.12/site-packages/airflow/example_dags/example_branch_day_of_week_operator.py
[2024-12-22T02:14:40.644+0000] {processor.py:830} INFO - Processing file /home/airflow/.local/lib/python3.12/site-packages/airflow/example_dags/example_branch_day_of_week_operator.py for tasks to queue
[2024-12-22T02:14:40.645+0000] {logging_mixin.py:188} INFO - [2024-12-22T02:14:40.645+0000] {dagbag.py:545} INFO - Filling up the DagBag from /home/airflow/.local/lib/python3.12/site-packages/airflow/example_dags/example_branch_day_of_week_operator.py
[2024-12-22T02:14:40.650+0000] {processor.py:840} INFO - DAG(s) 'example_weekday_branch_operator' retrieved from /home/airflow/.local/lib/python3.12/site-packages/airflow/example_dags/example_branch_day_of_week_operator.py
[2024-12-22T02:14:40.667+0000] {logging_mixin.py:188} INFO - [2024-12-22T02:14:40.667+0000] {dag.py:3089} INFO - Sync 1 DAGs
[2024-12-22T02:14:40.680+0000] {logging_mixin.py:188} INFO - [2024-12-22T02:14:40.680+0000] {dag.py:3947} INFO - Setting next_dagrun for example_weekday_branch_operator to 2024-12-21 00:00:00+00:00, run_after=2024-12-22 00:00:00+00:00
[2024-12-22T02:14:40.692+0000] {processor.py:183} INFO - Processing /home/airflow/.local/lib/python3.12/site-packages/airflow/example_dags/example_branch_day_of_week_operator.py took 0.054 seconds
[2024-12-22T02:15:10.753+0000] {processor.py:161} INFO - Started process (PID=15732) to work on /home/airflow/.local/lib/python3.12/site-packages/airflow/example_dags/example_branch_day_of_week_operator.py
[2024-12-22T02:15:10.754+0000] {processor.py:830} INFO - Processing file /home/airflow/.local/lib/python3.12/site-packages/airflow/example_dags/example_branch_day_of_week_operator.py for tasks to queue
[2024-12-22T02:15:10.755+0000] {logging_mixin.py:188} INFO - [2024-12-22T02:15:10.755+0000] {dagbag.py:545} INFO - Filling up the DagBag from /home/airflow/.local/lib/python3.12/site-packages/airflow/example_dags/example_branch_day_of_week_operator.py
[2024-12-22T02:15:10.759+0000] {processor.py:840} INFO - DAG(s) 'example_weekday_branch_operator' retrieved from /home/airflow/.local/lib/python3.12/site-packages/airflow/example_dags/example_branch_day_of_week_operator.py
[2024-12-22T02:15:10.774+0000] {logging_mixin.py:188} INFO - [2024-12-22T02:15:10.774+0000] {dag.py:3089} INFO - Sync 1 DAGs
[2024-12-22T02:15:10.786+0000] {logging_mixin.py:188} INFO - [2024-12-22T02:15:10.786+0000] {dag.py:3947} INFO - Setting next_dagrun for example_weekday_branch_operator to 2024-12-21 00:00:00+00:00, run_after=2024-12-22 00:00:00+00:00
[2024-12-22T02:15:10.796+0000] {processor.py:183} INFO - Processing /home/airflow/.local/lib/python3.12/site-packages/airflow/example_dags/example_branch_day_of_week_operator.py took 0.046 seconds
[2024-12-22T02:15:41.561+0000] {processor.py:161} INFO - Started process (PID=16007) to work on /home/airflow/.local/lib/python3.12/site-packages/airflow/example_dags/example_branch_day_of_week_operator.py
[2024-12-22T02:15:41.561+0000] {processor.py:830} INFO - Processing file /home/airflow/.local/lib/python3.12/site-packages/airflow/example_dags/example_branch_day_of_week_operator.py for tasks to queue
[2024-12-22T02:15:41.563+0000] {logging_mixin.py:188} INFO - [2024-12-22T02:15:41.563+0000] {dagbag.py:545} INFO - Filling up the DagBag from /home/airflow/.local/lib/python3.12/site-packages/airflow/example_dags/example_branch_day_of_week_operator.py
[2024-12-22T02:15:41.568+0000] {processor.py:840} INFO - DAG(s) 'example_weekday_branch_operator' retrieved from /home/airflow/.local/lib/python3.12/site-packages/airflow/example_dags/example_branch_day_of_week_operator.py
[2024-12-22T02:15:41.581+0000] {logging_mixin.py:188} INFO - [2024-12-22T02:15:41.581+0000] {dag.py:3089} INFO - Sync 1 DAGs
[2024-12-22T02:15:41.594+0000] {logging_mixin.py:188} INFO - [2024-12-22T02:15:41.594+0000] {dag.py:3947} INFO - Setting next_dagrun for example_weekday_branch_operator to 2024-12-21 00:00:00+00:00, run_after=2024-12-22 00:00:00+00:00
[2024-12-22T02:15:41.605+0000] {processor.py:183} INFO - Processing /home/airflow/.local/lib/python3.12/site-packages/airflow/example_dags/example_branch_day_of_week_operator.py took 0.049 seconds
[2024-12-22T02:16:12.688+0000] {processor.py:161} INFO - Started process (PID=16284) to work on /home/airflow/.local/lib/python3.12/site-packages/airflow/example_dags/example_branch_day_of_week_operator.py
[2024-12-22T02:16:12.689+0000] {processor.py:830} INFO - Processing file /home/airflow/.local/lib/python3.12/site-packages/airflow/example_dags/example_branch_day_of_week_operator.py for tasks to queue
[2024-12-22T02:16:12.690+0000] {logging_mixin.py:188} INFO - [2024-12-22T02:16:12.690+0000] {dagbag.py:545} INFO - Filling up the DagBag from /home/airflow/.local/lib/python3.12/site-packages/airflow/example_dags/example_branch_day_of_week_operator.py
[2024-12-22T02:16:12.694+0000] {processor.py:840} INFO - DAG(s) 'example_weekday_branch_operator' retrieved from /home/airflow/.local/lib/python3.12/site-packages/airflow/example_dags/example_branch_day_of_week_operator.py
[2024-12-22T02:16:12.707+0000] {logging_mixin.py:188} INFO - [2024-12-22T02:16:12.707+0000] {dag.py:3089} INFO - Sync 1 DAGs
[2024-12-22T02:16:12.720+0000] {logging_mixin.py:188} INFO - [2024-12-22T02:16:12.720+0000] {dag.py:3947} INFO - Setting next_dagrun for example_weekday_branch_operator to 2024-12-21 00:00:00+00:00, run_after=2024-12-22 00:00:00+00:00
[2024-12-22T02:16:12.731+0000] {processor.py:183} INFO - Processing /home/airflow/.local/lib/python3.12/site-packages/airflow/example_dags/example_branch_day_of_week_operator.py took 0.047 seconds
[2024-12-22T02:16:45.023+0000] {processor.py:161} INFO - Started process (PID=16563) to work on /home/airflow/.local/lib/python3.12/site-packages/airflow/example_dags/example_branch_day_of_week_operator.py
[2024-12-22T02:16:45.024+0000] {processor.py:830} INFO - Processing file /home/airflow/.local/lib/python3.12/site-packages/airflow/example_dags/example_branch_day_of_week_operator.py for tasks to queue
[2024-12-22T02:16:45.025+0000] {logging_mixin.py:188} INFO - [2024-12-22T02:16:45.025+0000] {dagbag.py:545} INFO - Filling up the DagBag from /home/airflow/.local/lib/python3.12/site-packages/airflow/example_dags/example_branch_day_of_week_operator.py
[2024-12-22T02:16:45.030+0000] {processor.py:840} INFO - DAG(s) 'example_weekday_branch_operator' retrieved from /home/airflow/.local/lib/python3.12/site-packages/airflow/example_dags/example_branch_day_of_week_operator.py
[2024-12-22T02:16:45.044+0000] {logging_mixin.py:188} INFO - [2024-12-22T02:16:45.044+0000] {dag.py:3089} INFO - Sync 1 DAGs
[2024-12-22T02:16:45.056+0000] {logging_mixin.py:188} INFO - [2024-12-22T02:16:45.055+0000] {dag.py:3947} INFO - Setting next_dagrun for example_weekday_branch_operator to 2024-12-21 00:00:00+00:00, run_after=2024-12-22 00:00:00+00:00
[2024-12-22T02:16:45.072+0000] {processor.py:183} INFO - Processing /home/airflow/.local/lib/python3.12/site-packages/airflow/example_dags/example_branch_day_of_week_operator.py took 0.053 seconds
[2024-12-22T02:17:18.313+0000] {processor.py:161} INFO - Started process (PID=16840) to work on /home/airflow/.local/lib/python3.12/site-packages/airflow/example_dags/example_branch_day_of_week_operator.py
[2024-12-22T02:17:18.314+0000] {processor.py:830} INFO - Processing file /home/airflow/.local/lib/python3.12/site-packages/airflow/example_dags/example_branch_day_of_week_operator.py for tasks to queue
[2024-12-22T02:17:18.315+0000] {logging_mixin.py:188} INFO - [2024-12-22T02:17:18.315+0000] {dagbag.py:545} INFO - Filling up the DagBag from /home/airflow/.local/lib/python3.12/site-packages/airflow/example_dags/example_branch_day_of_week_operator.py
[2024-12-22T02:17:18.319+0000] {processor.py:840} INFO - DAG(s) 'example_weekday_branch_operator' retrieved from /home/airflow/.local/lib/python3.12/site-packages/airflow/example_dags/example_branch_day_of_week_operator.py
[2024-12-22T02:17:18.333+0000] {logging_mixin.py:188} INFO - [2024-12-22T02:17:18.333+0000] {dag.py:3089} INFO - Sync 1 DAGs
[2024-12-22T02:17:18.344+0000] {logging_mixin.py:188} INFO - [2024-12-22T02:17:18.344+0000] {dag.py:3947} INFO - Setting next_dagrun for example_weekday_branch_operator to 2024-12-21 00:00:00+00:00, run_after=2024-12-22 00:00:00+00:00
[2024-12-22T02:17:18.355+0000] {processor.py:183} INFO - Processing /home/airflow/.local/lib/python3.12/site-packages/airflow/example_dags/example_branch_day_of_week_operator.py took 0.046 seconds
[2024-12-22T02:17:48.881+0000] {processor.py:161} INFO - Started process (PID=17115) to work on /home/airflow/.local/lib/python3.12/site-packages/airflow/example_dags/example_branch_day_of_week_operator.py
[2024-12-22T02:17:48.882+0000] {processor.py:830} INFO - Processing file /home/airflow/.local/lib/python3.12/site-packages/airflow/example_dags/example_branch_day_of_week_operator.py for tasks to queue
[2024-12-22T02:17:48.883+0000] {logging_mixin.py:188} INFO - [2024-12-22T02:17:48.883+0000] {dagbag.py:545} INFO - Filling up the DagBag from /home/airflow/.local/lib/python3.12/site-packages/airflow/example_dags/example_branch_day_of_week_operator.py
[2024-12-22T02:17:48.888+0000] {processor.py:840} INFO - DAG(s) 'example_weekday_branch_operator' retrieved from /home/airflow/.local/lib/python3.12/site-packages/airflow/example_dags/example_branch_day_of_week_operator.py
[2024-12-22T02:17:48.903+0000] {logging_mixin.py:188} INFO - [2024-12-22T02:17:48.903+0000] {dag.py:3089} INFO - Sync 1 DAGs
[2024-12-22T02:17:48.916+0000] {logging_mixin.py:188} INFO - [2024-12-22T02:17:48.916+0000] {dag.py:3947} INFO - Setting next_dagrun for example_weekday_branch_operator to 2024-12-21 00:00:00+00:00, run_after=2024-12-22 00:00:00+00:00
[2024-12-22T02:17:48.928+0000] {processor.py:183} INFO - Processing /home/airflow/.local/lib/python3.12/site-packages/airflow/example_dags/example_branch_day_of_week_operator.py took 0.052 seconds
[2024-12-22T02:18:19.909+0000] {processor.py:161} INFO - Started process (PID=17394) to work on /home/airflow/.local/lib/python3.12/site-packages/airflow/example_dags/example_branch_day_of_week_operator.py
[2024-12-22T02:18:19.910+0000] {processor.py:830} INFO - Processing file /home/airflow/.local/lib/python3.12/site-packages/airflow/example_dags/example_branch_day_of_week_operator.py for tasks to queue
[2024-12-22T02:18:19.911+0000] {logging_mixin.py:188} INFO - [2024-12-22T02:18:19.911+0000] {dagbag.py:545} INFO - Filling up the DagBag from /home/airflow/.local/lib/python3.12/site-packages/airflow/example_dags/example_branch_day_of_week_operator.py
[2024-12-22T02:18:19.915+0000] {processor.py:840} INFO - DAG(s) 'example_weekday_branch_operator' retrieved from /home/airflow/.local/lib/python3.12/site-packages/airflow/example_dags/example_branch_day_of_week_operator.py
[2024-12-22T02:18:19.929+0000] {logging_mixin.py:188} INFO - [2024-12-22T02:18:19.929+0000] {dag.py:3089} INFO - Sync 1 DAGs
[2024-12-22T02:18:19.940+0000] {logging_mixin.py:188} INFO - [2024-12-22T02:18:19.939+0000] {dag.py:3947} INFO - Setting next_dagrun for example_weekday_branch_operator to 2024-12-21 00:00:00+00:00, run_after=2024-12-22 00:00:00+00:00
[2024-12-22T02:18:19.953+0000] {processor.py:183} INFO - Processing /home/airflow/.local/lib/python3.12/site-packages/airflow/example_dags/example_branch_day_of_week_operator.py took 0.048 seconds
[2024-12-22T02:18:50.618+0000] {processor.py:161} INFO - Started process (PID=17669) to work on /home/airflow/.local/lib/python3.12/site-packages/airflow/example_dags/example_branch_day_of_week_operator.py
[2024-12-22T02:18:50.619+0000] {processor.py:830} INFO - Processing file /home/airflow/.local/lib/python3.12/site-packages/airflow/example_dags/example_branch_day_of_week_operator.py for tasks to queue
[2024-12-22T02:18:50.620+0000] {logging_mixin.py:188} INFO - [2024-12-22T02:18:50.620+0000] {dagbag.py:545} INFO - Filling up the DagBag from /home/airflow/.local/lib/python3.12/site-packages/airflow/example_dags/example_branch_day_of_week_operator.py
[2024-12-22T02:18:50.624+0000] {processor.py:840} INFO - DAG(s) 'example_weekday_branch_operator' retrieved from /home/airflow/.local/lib/python3.12/site-packages/airflow/example_dags/example_branch_day_of_week_operator.py
[2024-12-22T02:18:50.638+0000] {logging_mixin.py:188} INFO - [2024-12-22T02:18:50.638+0000] {dag.py:3089} INFO - Sync 1 DAGs
[2024-12-22T02:18:50.650+0000] {logging_mixin.py:188} INFO - [2024-12-22T02:18:50.650+0000] {dag.py:3947} INFO - Setting next_dagrun for example_weekday_branch_operator to 2024-12-21 00:00:00+00:00, run_after=2024-12-22 00:00:00+00:00
[2024-12-22T02:18:50.660+0000] {processor.py:183} INFO - Processing /home/airflow/.local/lib/python3.12/site-packages/airflow/example_dags/example_branch_day_of_week_operator.py took 0.046 seconds
[2024-12-22T02:19:38.487+0000] {processor.py:161} INFO - Started process (PID=17949) to work on /home/airflow/.local/lib/python3.12/site-packages/airflow/example_dags/example_branch_day_of_week_operator.py
[2024-12-22T02:19:38.488+0000] {processor.py:830} INFO - Processing file /home/airflow/.local/lib/python3.12/site-packages/airflow/example_dags/example_branch_day_of_week_operator.py for tasks to queue
[2024-12-22T02:19:38.489+0000] {logging_mixin.py:188} INFO - [2024-12-22T02:19:38.489+0000] {dagbag.py:545} INFO - Filling up the DagBag from /home/airflow/.local/lib/python3.12/site-packages/airflow/example_dags/example_branch_day_of_week_operator.py
[2024-12-22T02:19:38.495+0000] {processor.py:840} INFO - DAG(s) 'example_weekday_branch_operator' retrieved from /home/airflow/.local/lib/python3.12/site-packages/airflow/example_dags/example_branch_day_of_week_operator.py
[2024-12-22T02:19:38.516+0000] {logging_mixin.py:188} INFO - [2024-12-22T02:19:38.516+0000] {dag.py:3089} INFO - Sync 1 DAGs
[2024-12-22T02:19:38.532+0000] {logging_mixin.py:188} INFO - [2024-12-22T02:19:38.532+0000] {dag.py:3947} INFO - Setting next_dagrun for example_weekday_branch_operator to 2024-12-21 00:00:00+00:00, run_after=2024-12-22 00:00:00+00:00
[2024-12-22T02:19:38.547+0000] {processor.py:183} INFO - Processing /home/airflow/.local/lib/python3.12/site-packages/airflow/example_dags/example_branch_day_of_week_operator.py took 0.068 seconds
[2024-12-22T02:20:08.657+0000] {processor.py:161} INFO - Started process (PID=18226) to work on /home/airflow/.local/lib/python3.12/site-packages/airflow/example_dags/example_branch_day_of_week_operator.py
[2024-12-22T02:20:08.658+0000] {processor.py:830} INFO - Processing file /home/airflow/.local/lib/python3.12/site-packages/airflow/example_dags/example_branch_day_of_week_operator.py for tasks to queue
[2024-12-22T02:20:08.660+0000] {logging_mixin.py:188} INFO - [2024-12-22T02:20:08.659+0000] {dagbag.py:545} INFO - Filling up the DagBag from /home/airflow/.local/lib/python3.12/site-packages/airflow/example_dags/example_branch_day_of_week_operator.py
[2024-12-22T02:20:08.665+0000] {processor.py:840} INFO - DAG(s) 'example_weekday_branch_operator' retrieved from /home/airflow/.local/lib/python3.12/site-packages/airflow/example_dags/example_branch_day_of_week_operator.py
[2024-12-22T02:20:08.679+0000] {logging_mixin.py:188} INFO - [2024-12-22T02:20:08.679+0000] {dag.py:3089} INFO - Sync 1 DAGs
[2024-12-22T02:20:08.692+0000] {logging_mixin.py:188} INFO - [2024-12-22T02:20:08.692+0000] {dag.py:3947} INFO - Setting next_dagrun for example_weekday_branch_operator to 2024-12-21 00:00:00+00:00, run_after=2024-12-22 00:00:00+00:00
[2024-12-22T02:20:08.704+0000] {processor.py:183} INFO - Processing /home/airflow/.local/lib/python3.12/site-packages/airflow/example_dags/example_branch_day_of_week_operator.py took 0.050 seconds
[2024-12-22T02:20:38.923+0000] {processor.py:161} INFO - Started process (PID=18503) to work on /home/airflow/.local/lib/python3.12/site-packages/airflow/example_dags/example_branch_day_of_week_operator.py
[2024-12-22T02:20:38.924+0000] {processor.py:830} INFO - Processing file /home/airflow/.local/lib/python3.12/site-packages/airflow/example_dags/example_branch_day_of_week_operator.py for tasks to queue
[2024-12-22T02:20:38.925+0000] {logging_mixin.py:188} INFO - [2024-12-22T02:20:38.925+0000] {dagbag.py:545} INFO - Filling up the DagBag from /home/airflow/.local/lib/python3.12/site-packages/airflow/example_dags/example_branch_day_of_week_operator.py
[2024-12-22T02:20:38.929+0000] {processor.py:840} INFO - DAG(s) 'example_weekday_branch_operator' retrieved from /home/airflow/.local/lib/python3.12/site-packages/airflow/example_dags/example_branch_day_of_week_operator.py
[2024-12-22T02:20:38.943+0000] {logging_mixin.py:188} INFO - [2024-12-22T02:20:38.943+0000] {dag.py:3089} INFO - Sync 1 DAGs
[2024-12-22T02:20:38.955+0000] {logging_mixin.py:188} INFO - [2024-12-22T02:20:38.955+0000] {dag.py:3947} INFO - Setting next_dagrun for example_weekday_branch_operator to 2024-12-21 00:00:00+00:00, run_after=2024-12-22 00:00:00+00:00
[2024-12-22T02:20:38.968+0000] {processor.py:183} INFO - Processing /home/airflow/.local/lib/python3.12/site-packages/airflow/example_dags/example_branch_day_of_week_operator.py took 0.049 seconds
[2024-12-22T02:21:09.140+0000] {processor.py:161} INFO - Started process (PID=18778) to work on /home/airflow/.local/lib/python3.12/site-packages/airflow/example_dags/example_branch_day_of_week_operator.py
[2024-12-22T02:21:09.141+0000] {processor.py:830} INFO - Processing file /home/airflow/.local/lib/python3.12/site-packages/airflow/example_dags/example_branch_day_of_week_operator.py for tasks to queue
[2024-12-22T02:21:09.142+0000] {logging_mixin.py:188} INFO - [2024-12-22T02:21:09.141+0000] {dagbag.py:545} INFO - Filling up the DagBag from /home/airflow/.local/lib/python3.12/site-packages/airflow/example_dags/example_branch_day_of_week_operator.py
[2024-12-22T02:21:09.146+0000] {processor.py:840} INFO - DAG(s) 'example_weekday_branch_operator' retrieved from /home/airflow/.local/lib/python3.12/site-packages/airflow/example_dags/example_branch_day_of_week_operator.py
[2024-12-22T02:21:09.161+0000] {logging_mixin.py:188} INFO - [2024-12-22T02:21:09.161+0000] {dag.py:3089} INFO - Sync 1 DAGs
[2024-12-22T02:21:09.176+0000] {logging_mixin.py:188} INFO - [2024-12-22T02:21:09.176+0000] {dag.py:3947} INFO - Setting next_dagrun for example_weekday_branch_operator to 2024-12-21 00:00:00+00:00, run_after=2024-12-22 00:00:00+00:00
[2024-12-22T02:21:09.187+0000] {processor.py:183} INFO - Processing /home/airflow/.local/lib/python3.12/site-packages/airflow/example_dags/example_branch_day_of_week_operator.py took 0.051 seconds
[2024-12-22T02:21:39.991+0000] {processor.py:161} INFO - Started process (PID=19057) to work on /home/airflow/.local/lib/python3.12/site-packages/airflow/example_dags/example_branch_day_of_week_operator.py
[2024-12-22T02:21:39.992+0000] {processor.py:830} INFO - Processing file /home/airflow/.local/lib/python3.12/site-packages/airflow/example_dags/example_branch_day_of_week_operator.py for tasks to queue
[2024-12-22T02:21:39.993+0000] {logging_mixin.py:188} INFO - [2024-12-22T02:21:39.993+0000] {dagbag.py:545} INFO - Filling up the DagBag from /home/airflow/.local/lib/python3.12/site-packages/airflow/example_dags/example_branch_day_of_week_operator.py
[2024-12-22T02:21:39.998+0000] {processor.py:840} INFO - DAG(s) 'example_weekday_branch_operator' retrieved from /home/airflow/.local/lib/python3.12/site-packages/airflow/example_dags/example_branch_day_of_week_operator.py
[2024-12-22T02:21:40.014+0000] {logging_mixin.py:188} INFO - [2024-12-22T02:21:40.014+0000] {dag.py:3089} INFO - Sync 1 DAGs
[2024-12-22T02:21:40.029+0000] {logging_mixin.py:188} INFO - [2024-12-22T02:21:40.028+0000] {dag.py:3947} INFO - Setting next_dagrun for example_weekday_branch_operator to 2024-12-21 00:00:00+00:00, run_after=2024-12-22 00:00:00+00:00
[2024-12-22T02:21:40.040+0000] {processor.py:183} INFO - Processing /home/airflow/.local/lib/python3.12/site-packages/airflow/example_dags/example_branch_day_of_week_operator.py took 0.053 seconds
[2024-12-22T02:22:10.396+0000] {processor.py:161} INFO - Started process (PID=19332) to work on /home/airflow/.local/lib/python3.12/site-packages/airflow/example_dags/example_branch_day_of_week_operator.py
[2024-12-22T02:22:10.397+0000] {processor.py:830} INFO - Processing file /home/airflow/.local/lib/python3.12/site-packages/airflow/example_dags/example_branch_day_of_week_operator.py for tasks to queue
[2024-12-22T02:22:10.398+0000] {logging_mixin.py:188} INFO - [2024-12-22T02:22:10.398+0000] {dagbag.py:545} INFO - Filling up the DagBag from /home/airflow/.local/lib/python3.12/site-packages/airflow/example_dags/example_branch_day_of_week_operator.py
[2024-12-22T02:22:10.402+0000] {processor.py:840} INFO - DAG(s) 'example_weekday_branch_operator' retrieved from /home/airflow/.local/lib/python3.12/site-packages/airflow/example_dags/example_branch_day_of_week_operator.py
[2024-12-22T02:22:10.422+0000] {logging_mixin.py:188} INFO - [2024-12-22T02:22:10.421+0000] {dag.py:3089} INFO - Sync 1 DAGs
[2024-12-22T02:22:10.436+0000] {logging_mixin.py:188} INFO - [2024-12-22T02:22:10.436+0000] {dag.py:3947} INFO - Setting next_dagrun for example_weekday_branch_operator to 2024-12-21 00:00:00+00:00, run_after=2024-12-22 00:00:00+00:00
[2024-12-22T02:22:10.448+0000] {processor.py:183} INFO - Processing /home/airflow/.local/lib/python3.12/site-packages/airflow/example_dags/example_branch_day_of_week_operator.py took 0.055 seconds
[2024-12-22T02:22:41.067+0000] {processor.py:161} INFO - Started process (PID=19609) to work on /home/airflow/.local/lib/python3.12/site-packages/airflow/example_dags/example_branch_day_of_week_operator.py
[2024-12-22T02:22:41.068+0000] {processor.py:830} INFO - Processing file /home/airflow/.local/lib/python3.12/site-packages/airflow/example_dags/example_branch_day_of_week_operator.py for tasks to queue
[2024-12-22T02:22:41.069+0000] {logging_mixin.py:188} INFO - [2024-12-22T02:22:41.069+0000] {dagbag.py:545} INFO - Filling up the DagBag from /home/airflow/.local/lib/python3.12/site-packages/airflow/example_dags/example_branch_day_of_week_operator.py
[2024-12-22T02:22:41.074+0000] {processor.py:840} INFO - DAG(s) 'example_weekday_branch_operator' retrieved from /home/airflow/.local/lib/python3.12/site-packages/airflow/example_dags/example_branch_day_of_week_operator.py
[2024-12-22T02:22:41.087+0000] {logging_mixin.py:188} INFO - [2024-12-22T02:22:41.087+0000] {dag.py:3089} INFO - Sync 1 DAGs
[2024-12-22T02:22:41.100+0000] {logging_mixin.py:188} INFO - [2024-12-22T02:22:41.100+0000] {dag.py:3947} INFO - Setting next_dagrun for example_weekday_branch_operator to 2024-12-21 00:00:00+00:00, run_after=2024-12-22 00:00:00+00:00
[2024-12-22T02:22:41.112+0000] {processor.py:183} INFO - Processing /home/airflow/.local/lib/python3.12/site-packages/airflow/example_dags/example_branch_day_of_week_operator.py took 0.049 seconds
[2024-12-22T02:23:11.385+0000] {processor.py:161} INFO - Started process (PID=19886) to work on /home/airflow/.local/lib/python3.12/site-packages/airflow/example_dags/example_branch_day_of_week_operator.py
[2024-12-22T02:23:11.386+0000] {processor.py:830} INFO - Processing file /home/airflow/.local/lib/python3.12/site-packages/airflow/example_dags/example_branch_day_of_week_operator.py for tasks to queue
[2024-12-22T02:23:11.387+0000] {logging_mixin.py:188} INFO - [2024-12-22T02:23:11.387+0000] {dagbag.py:545} INFO - Filling up the DagBag from /home/airflow/.local/lib/python3.12/site-packages/airflow/example_dags/example_branch_day_of_week_operator.py
[2024-12-22T02:23:11.393+0000] {processor.py:840} INFO - DAG(s) 'example_weekday_branch_operator' retrieved from /home/airflow/.local/lib/python3.12/site-packages/airflow/example_dags/example_branch_day_of_week_operator.py
[2024-12-22T02:23:11.409+0000] {logging_mixin.py:188} INFO - [2024-12-22T02:23:11.409+0000] {dag.py:3089} INFO - Sync 1 DAGs
[2024-12-22T02:23:11.421+0000] {logging_mixin.py:188} INFO - [2024-12-22T02:23:11.421+0000] {dag.py:3947} INFO - Setting next_dagrun for example_weekday_branch_operator to 2024-12-21 00:00:00+00:00, run_after=2024-12-22 00:00:00+00:00
[2024-12-22T02:23:11.433+0000] {processor.py:183} INFO - Processing /home/airflow/.local/lib/python3.12/site-packages/airflow/example_dags/example_branch_day_of_week_operator.py took 0.053 seconds
[2024-12-22T02:23:42.181+0000] {processor.py:161} INFO - Started process (PID=20163) to work on /home/airflow/.local/lib/python3.12/site-packages/airflow/example_dags/example_branch_day_of_week_operator.py
[2024-12-22T02:23:42.182+0000] {processor.py:830} INFO - Processing file /home/airflow/.local/lib/python3.12/site-packages/airflow/example_dags/example_branch_day_of_week_operator.py for tasks to queue
[2024-12-22T02:23:42.183+0000] {logging_mixin.py:188} INFO - [2024-12-22T02:23:42.183+0000] {dagbag.py:545} INFO - Filling up the DagBag from /home/airflow/.local/lib/python3.12/site-packages/airflow/example_dags/example_branch_day_of_week_operator.py
[2024-12-22T02:23:42.189+0000] {processor.py:840} INFO - DAG(s) 'example_weekday_branch_operator' retrieved from /home/airflow/.local/lib/python3.12/site-packages/airflow/example_dags/example_branch_day_of_week_operator.py
[2024-12-22T02:23:42.205+0000] {logging_mixin.py:188} INFO - [2024-12-22T02:23:42.205+0000] {dag.py:3089} INFO - Sync 1 DAGs
[2024-12-22T02:23:42.220+0000] {logging_mixin.py:188} INFO - [2024-12-22T02:23:42.220+0000] {dag.py:3947} INFO - Setting next_dagrun for example_weekday_branch_operator to 2024-12-21 00:00:00+00:00, run_after=2024-12-22 00:00:00+00:00
[2024-12-22T02:23:42.238+0000] {processor.py:183} INFO - Processing /home/airflow/.local/lib/python3.12/site-packages/airflow/example_dags/example_branch_day_of_week_operator.py took 0.062 seconds
[2024-12-22T02:24:12.554+0000] {processor.py:161} INFO - Started process (PID=20440) to work on /home/airflow/.local/lib/python3.12/site-packages/airflow/example_dags/example_branch_day_of_week_operator.py
[2024-12-22T02:24:12.554+0000] {processor.py:830} INFO - Processing file /home/airflow/.local/lib/python3.12/site-packages/airflow/example_dags/example_branch_day_of_week_operator.py for tasks to queue
[2024-12-22T02:24:12.555+0000] {logging_mixin.py:188} INFO - [2024-12-22T02:24:12.555+0000] {dagbag.py:545} INFO - Filling up the DagBag from /home/airflow/.local/lib/python3.12/site-packages/airflow/example_dags/example_branch_day_of_week_operator.py
[2024-12-22T02:24:12.561+0000] {processor.py:840} INFO - DAG(s) 'example_weekday_branch_operator' retrieved from /home/airflow/.local/lib/python3.12/site-packages/airflow/example_dags/example_branch_day_of_week_operator.py
[2024-12-22T02:24:12.578+0000] {logging_mixin.py:188} INFO - [2024-12-22T02:24:12.578+0000] {dag.py:3089} INFO - Sync 1 DAGs
[2024-12-22T02:24:12.591+0000] {logging_mixin.py:188} INFO - [2024-12-22T02:24:12.591+0000] {dag.py:3947} INFO - Setting next_dagrun for example_weekday_branch_operator to 2024-12-21 00:00:00+00:00, run_after=2024-12-22 00:00:00+00:00
[2024-12-22T02:24:12.603+0000] {processor.py:183} INFO - Processing /home/airflow/.local/lib/python3.12/site-packages/airflow/example_dags/example_branch_day_of_week_operator.py took 0.054 seconds
[2024-12-22T02:24:43.555+0000] {processor.py:161} INFO - Started process (PID=20719) to work on /home/airflow/.local/lib/python3.12/site-packages/airflow/example_dags/example_branch_day_of_week_operator.py
[2024-12-22T02:24:43.556+0000] {processor.py:830} INFO - Processing file /home/airflow/.local/lib/python3.12/site-packages/airflow/example_dags/example_branch_day_of_week_operator.py for tasks to queue
[2024-12-22T02:24:43.557+0000] {logging_mixin.py:188} INFO - [2024-12-22T02:24:43.557+0000] {dagbag.py:545} INFO - Filling up the DagBag from /home/airflow/.local/lib/python3.12/site-packages/airflow/example_dags/example_branch_day_of_week_operator.py
[2024-12-22T02:24:43.561+0000] {processor.py:840} INFO - DAG(s) 'example_weekday_branch_operator' retrieved from /home/airflow/.local/lib/python3.12/site-packages/airflow/example_dags/example_branch_day_of_week_operator.py
[2024-12-22T02:24:43.574+0000] {logging_mixin.py:188} INFO - [2024-12-22T02:24:43.574+0000] {dag.py:3089} INFO - Sync 1 DAGs
[2024-12-22T02:24:43.587+0000] {logging_mixin.py:188} INFO - [2024-12-22T02:24:43.587+0000] {dag.py:3947} INFO - Setting next_dagrun for example_weekday_branch_operator to 2024-12-21 00:00:00+00:00, run_after=2024-12-22 00:00:00+00:00
[2024-12-22T02:24:43.598+0000] {processor.py:183} INFO - Processing /home/airflow/.local/lib/python3.12/site-packages/airflow/example_dags/example_branch_day_of_week_operator.py took 0.046 seconds
[2024-12-22T02:25:13.962+0000] {processor.py:161} INFO - Started process (PID=20996) to work on /home/airflow/.local/lib/python3.12/site-packages/airflow/example_dags/example_branch_day_of_week_operator.py
[2024-12-22T02:25:13.963+0000] {processor.py:830} INFO - Processing file /home/airflow/.local/lib/python3.12/site-packages/airflow/example_dags/example_branch_day_of_week_operator.py for tasks to queue
[2024-12-22T02:25:13.964+0000] {logging_mixin.py:188} INFO - [2024-12-22T02:25:13.964+0000] {dagbag.py:545} INFO - Filling up the DagBag from /home/airflow/.local/lib/python3.12/site-packages/airflow/example_dags/example_branch_day_of_week_operator.py
[2024-12-22T02:25:13.969+0000] {processor.py:840} INFO - DAG(s) 'example_weekday_branch_operator' retrieved from /home/airflow/.local/lib/python3.12/site-packages/airflow/example_dags/example_branch_day_of_week_operator.py
[2024-12-22T02:25:13.983+0000] {logging_mixin.py:188} INFO - [2024-12-22T02:25:13.983+0000] {dag.py:3089} INFO - Sync 1 DAGs
[2024-12-22T02:25:13.995+0000] {logging_mixin.py:188} INFO - [2024-12-22T02:25:13.995+0000] {dag.py:3947} INFO - Setting next_dagrun for example_weekday_branch_operator to 2024-12-21 00:00:00+00:00, run_after=2024-12-22 00:00:00+00:00
[2024-12-22T02:25:14.004+0000] {processor.py:183} INFO - Processing /home/airflow/.local/lib/python3.12/site-packages/airflow/example_dags/example_branch_day_of_week_operator.py took 0.046 seconds
[2024-12-22T02:25:44.318+0000] {processor.py:161} INFO - Started process (PID=21274) to work on /home/airflow/.local/lib/python3.12/site-packages/airflow/example_dags/example_branch_day_of_week_operator.py
[2024-12-22T02:25:44.318+0000] {processor.py:830} INFO - Processing file /home/airflow/.local/lib/python3.12/site-packages/airflow/example_dags/example_branch_day_of_week_operator.py for tasks to queue
[2024-12-22T02:25:44.319+0000] {logging_mixin.py:188} INFO - [2024-12-22T02:25:44.319+0000] {dagbag.py:545} INFO - Filling up the DagBag from /home/airflow/.local/lib/python3.12/site-packages/airflow/example_dags/example_branch_day_of_week_operator.py
[2024-12-22T02:25:44.324+0000] {processor.py:840} INFO - DAG(s) 'example_weekday_branch_operator' retrieved from /home/airflow/.local/lib/python3.12/site-packages/airflow/example_dags/example_branch_day_of_week_operator.py
[2024-12-22T02:25:44.337+0000] {logging_mixin.py:188} INFO - [2024-12-22T02:25:44.337+0000] {dag.py:3089} INFO - Sync 1 DAGs
[2024-12-22T02:25:44.350+0000] {logging_mixin.py:188} INFO - [2024-12-22T02:25:44.350+0000] {dag.py:3947} INFO - Setting next_dagrun for example_weekday_branch_operator to 2024-12-21 00:00:00+00:00, run_after=2024-12-22 00:00:00+00:00
[2024-12-22T02:25:44.360+0000] {processor.py:183} INFO - Processing /home/airflow/.local/lib/python3.12/site-packages/airflow/example_dags/example_branch_day_of_week_operator.py took 0.048 seconds
[2024-12-22T02:26:14.596+0000] {processor.py:161} INFO - Started process (PID=21549) to work on /home/airflow/.local/lib/python3.12/site-packages/airflow/example_dags/example_branch_day_of_week_operator.py
[2024-12-22T02:26:14.597+0000] {processor.py:830} INFO - Processing file /home/airflow/.local/lib/python3.12/site-packages/airflow/example_dags/example_branch_day_of_week_operator.py for tasks to queue
[2024-12-22T02:26:14.598+0000] {logging_mixin.py:188} INFO - [2024-12-22T02:26:14.598+0000] {dagbag.py:545} INFO - Filling up the DagBag from /home/airflow/.local/lib/python3.12/site-packages/airflow/example_dags/example_branch_day_of_week_operator.py
[2024-12-22T02:26:14.603+0000] {processor.py:840} INFO - DAG(s) 'example_weekday_branch_operator' retrieved from /home/airflow/.local/lib/python3.12/site-packages/airflow/example_dags/example_branch_day_of_week_operator.py
[2024-12-22T02:26:14.618+0000] {logging_mixin.py:188} INFO - [2024-12-22T02:26:14.618+0000] {dag.py:3089} INFO - Sync 1 DAGs
[2024-12-22T02:26:14.631+0000] {logging_mixin.py:188} INFO - [2024-12-22T02:26:14.631+0000] {dag.py:3947} INFO - Setting next_dagrun for example_weekday_branch_operator to 2024-12-21 00:00:00+00:00, run_after=2024-12-22 00:00:00+00:00
[2024-12-22T02:26:14.642+0000] {processor.py:183} INFO - Processing /home/airflow/.local/lib/python3.12/site-packages/airflow/example_dags/example_branch_day_of_week_operator.py took 0.050 seconds
[2024-12-22T02:26:45.664+0000] {processor.py:161} INFO - Started process (PID=21826) to work on /home/airflow/.local/lib/python3.12/site-packages/airflow/example_dags/example_branch_day_of_week_operator.py
[2024-12-22T02:26:45.665+0000] {processor.py:830} INFO - Processing file /home/airflow/.local/lib/python3.12/site-packages/airflow/example_dags/example_branch_day_of_week_operator.py for tasks to queue
[2024-12-22T02:26:45.666+0000] {logging_mixin.py:188} INFO - [2024-12-22T02:26:45.666+0000] {dagbag.py:545} INFO - Filling up the DagBag from /home/airflow/.local/lib/python3.12/site-packages/airflow/example_dags/example_branch_day_of_week_operator.py
[2024-12-22T02:26:45.672+0000] {processor.py:840} INFO - DAG(s) 'example_weekday_branch_operator' retrieved from /home/airflow/.local/lib/python3.12/site-packages/airflow/example_dags/example_branch_day_of_week_operator.py
[2024-12-22T02:26:45.687+0000] {logging_mixin.py:188} INFO - [2024-12-22T02:26:45.687+0000] {dag.py:3089} INFO - Sync 1 DAGs
[2024-12-22T02:26:45.701+0000] {logging_mixin.py:188} INFO - [2024-12-22T02:26:45.701+0000] {dag.py:3947} INFO - Setting next_dagrun for example_weekday_branch_operator to 2024-12-21 00:00:00+00:00, run_after=2024-12-22 00:00:00+00:00
[2024-12-22T02:26:45.715+0000] {processor.py:183} INFO - Processing /home/airflow/.local/lib/python3.12/site-packages/airflow/example_dags/example_branch_day_of_week_operator.py took 0.056 seconds
[2024-12-22T02:27:16.293+0000] {processor.py:161} INFO - Started process (PID=22103) to work on /home/airflow/.local/lib/python3.12/site-packages/airflow/example_dags/example_branch_day_of_week_operator.py
[2024-12-22T02:27:16.293+0000] {processor.py:830} INFO - Processing file /home/airflow/.local/lib/python3.12/site-packages/airflow/example_dags/example_branch_day_of_week_operator.py for tasks to queue
[2024-12-22T02:27:16.295+0000] {logging_mixin.py:188} INFO - [2024-12-22T02:27:16.294+0000] {dagbag.py:545} INFO - Filling up the DagBag from /home/airflow/.local/lib/python3.12/site-packages/airflow/example_dags/example_branch_day_of_week_operator.py
[2024-12-22T02:27:16.299+0000] {processor.py:840} INFO - DAG(s) 'example_weekday_branch_operator' retrieved from /home/airflow/.local/lib/python3.12/site-packages/airflow/example_dags/example_branch_day_of_week_operator.py
[2024-12-22T02:27:16.314+0000] {logging_mixin.py:188} INFO - [2024-12-22T02:27:16.314+0000] {dag.py:3089} INFO - Sync 1 DAGs
[2024-12-22T02:27:16.327+0000] {logging_mixin.py:188} INFO - [2024-12-22T02:27:16.327+0000] {dag.py:3947} INFO - Setting next_dagrun for example_weekday_branch_operator to 2024-12-21 00:00:00+00:00, run_after=2024-12-22 00:00:00+00:00
[2024-12-22T02:27:16.340+0000] {processor.py:183} INFO - Processing /home/airflow/.local/lib/python3.12/site-packages/airflow/example_dags/example_branch_day_of_week_operator.py took 0.052 seconds
[2024-12-22T02:27:46.881+0000] {processor.py:161} INFO - Started process (PID=22380) to work on /home/airflow/.local/lib/python3.12/site-packages/airflow/example_dags/example_branch_day_of_week_operator.py
[2024-12-22T02:27:46.882+0000] {processor.py:830} INFO - Processing file /home/airflow/.local/lib/python3.12/site-packages/airflow/example_dags/example_branch_day_of_week_operator.py for tasks to queue
[2024-12-22T02:27:46.883+0000] {logging_mixin.py:188} INFO - [2024-12-22T02:27:46.883+0000] {dagbag.py:545} INFO - Filling up the DagBag from /home/airflow/.local/lib/python3.12/site-packages/airflow/example_dags/example_branch_day_of_week_operator.py
[2024-12-22T02:27:46.887+0000] {processor.py:840} INFO - DAG(s) 'example_weekday_branch_operator' retrieved from /home/airflow/.local/lib/python3.12/site-packages/airflow/example_dags/example_branch_day_of_week_operator.py
[2024-12-22T02:27:46.900+0000] {logging_mixin.py:188} INFO - [2024-12-22T02:27:46.900+0000] {dag.py:3089} INFO - Sync 1 DAGs
[2024-12-22T02:27:46.912+0000] {logging_mixin.py:188} INFO - [2024-12-22T02:27:46.912+0000] {dag.py:3947} INFO - Setting next_dagrun for example_weekday_branch_operator to 2024-12-21 00:00:00+00:00, run_after=2024-12-22 00:00:00+00:00
[2024-12-22T02:27:46.922+0000] {processor.py:183} INFO - Processing /home/airflow/.local/lib/python3.12/site-packages/airflow/example_dags/example_branch_day_of_week_operator.py took 0.044 seconds
[2024-12-22T02:28:18.353+0000] {processor.py:161} INFO - Started process (PID=22657) to work on /home/airflow/.local/lib/python3.12/site-packages/airflow/example_dags/example_branch_day_of_week_operator.py
[2024-12-22T02:28:18.354+0000] {processor.py:830} INFO - Processing file /home/airflow/.local/lib/python3.12/site-packages/airflow/example_dags/example_branch_day_of_week_operator.py for tasks to queue
[2024-12-22T02:28:18.355+0000] {logging_mixin.py:188} INFO - [2024-12-22T02:28:18.355+0000] {dagbag.py:545} INFO - Filling up the DagBag from /home/airflow/.local/lib/python3.12/site-packages/airflow/example_dags/example_branch_day_of_week_operator.py
[2024-12-22T02:28:18.359+0000] {processor.py:840} INFO - DAG(s) 'example_weekday_branch_operator' retrieved from /home/airflow/.local/lib/python3.12/site-packages/airflow/example_dags/example_branch_day_of_week_operator.py
[2024-12-22T02:28:18.379+0000] {logging_mixin.py:188} INFO - [2024-12-22T02:28:18.379+0000] {dag.py:3089} INFO - Sync 1 DAGs
[2024-12-22T02:28:18.390+0000] {logging_mixin.py:188} INFO - [2024-12-22T02:28:18.390+0000] {dag.py:3947} INFO - Setting next_dagrun for example_weekday_branch_operator to 2024-12-21 00:00:00+00:00, run_after=2024-12-22 00:00:00+00:00
[2024-12-22T02:28:18.402+0000] {processor.py:183} INFO - Processing /home/airflow/.local/lib/python3.12/site-packages/airflow/example_dags/example_branch_day_of_week_operator.py took 0.052 seconds
[2024-12-22T02:28:51.925+0000] {processor.py:161} INFO - Started process (PID=22934) to work on /home/airflow/.local/lib/python3.12/site-packages/airflow/example_dags/example_branch_day_of_week_operator.py
[2024-12-22T02:28:51.926+0000] {processor.py:830} INFO - Processing file /home/airflow/.local/lib/python3.12/site-packages/airflow/example_dags/example_branch_day_of_week_operator.py for tasks to queue
[2024-12-22T02:28:51.927+0000] {logging_mixin.py:188} INFO - [2024-12-22T02:28:51.927+0000] {dagbag.py:545} INFO - Filling up the DagBag from /home/airflow/.local/lib/python3.12/site-packages/airflow/example_dags/example_branch_day_of_week_operator.py
[2024-12-22T02:28:51.932+0000] {processor.py:840} INFO - DAG(s) 'example_weekday_branch_operator' retrieved from /home/airflow/.local/lib/python3.12/site-packages/airflow/example_dags/example_branch_day_of_week_operator.py
[2024-12-22T02:28:51.945+0000] {logging_mixin.py:188} INFO - [2024-12-22T02:28:51.945+0000] {dag.py:3089} INFO - Sync 1 DAGs
[2024-12-22T02:28:51.957+0000] {logging_mixin.py:188} INFO - [2024-12-22T02:28:51.957+0000] {dag.py:3947} INFO - Setting next_dagrun for example_weekday_branch_operator to 2024-12-21 00:00:00+00:00, run_after=2024-12-22 00:00:00+00:00
[2024-12-22T02:28:51.968+0000] {processor.py:183} INFO - Processing /home/airflow/.local/lib/python3.12/site-packages/airflow/example_dags/example_branch_day_of_week_operator.py took 0.046 seconds
[2024-12-22T02:29:37.750+0000] {processor.py:161} INFO - Started process (PID=23211) to work on /home/airflow/.local/lib/python3.12/site-packages/airflow/example_dags/example_branch_day_of_week_operator.py
[2024-12-22T02:29:37.751+0000] {processor.py:830} INFO - Processing file /home/airflow/.local/lib/python3.12/site-packages/airflow/example_dags/example_branch_day_of_week_operator.py for tasks to queue
[2024-12-22T02:29:37.752+0000] {logging_mixin.py:188} INFO - [2024-12-22T02:29:37.752+0000] {dagbag.py:545} INFO - Filling up the DagBag from /home/airflow/.local/lib/python3.12/site-packages/airflow/example_dags/example_branch_day_of_week_operator.py
[2024-12-22T02:29:37.757+0000] {processor.py:840} INFO - DAG(s) 'example_weekday_branch_operator' retrieved from /home/airflow/.local/lib/python3.12/site-packages/airflow/example_dags/example_branch_day_of_week_operator.py
[2024-12-22T02:29:37.773+0000] {logging_mixin.py:188} INFO - [2024-12-22T02:29:37.772+0000] {dag.py:3089} INFO - Sync 1 DAGs
[2024-12-22T02:29:37.786+0000] {logging_mixin.py:188} INFO - [2024-12-22T02:29:37.785+0000] {dag.py:3947} INFO - Setting next_dagrun for example_weekday_branch_operator to 2024-12-21 00:00:00+00:00, run_after=2024-12-22 00:00:00+00:00
[2024-12-22T02:29:37.799+0000] {processor.py:183} INFO - Processing /home/airflow/.local/lib/python3.12/site-packages/airflow/example_dags/example_branch_day_of_week_operator.py took 0.053 seconds
[2024-12-22T02:30:08.362+0000] {processor.py:161} INFO - Started process (PID=23488) to work on /home/airflow/.local/lib/python3.12/site-packages/airflow/example_dags/example_branch_day_of_week_operator.py
[2024-12-22T02:30:08.363+0000] {processor.py:830} INFO - Processing file /home/airflow/.local/lib/python3.12/site-packages/airflow/example_dags/example_branch_day_of_week_operator.py for tasks to queue
[2024-12-22T02:30:08.364+0000] {logging_mixin.py:188} INFO - [2024-12-22T02:30:08.364+0000] {dagbag.py:545} INFO - Filling up the DagBag from /home/airflow/.local/lib/python3.12/site-packages/airflow/example_dags/example_branch_day_of_week_operator.py
[2024-12-22T02:30:08.368+0000] {processor.py:840} INFO - DAG(s) 'example_weekday_branch_operator' retrieved from /home/airflow/.local/lib/python3.12/site-packages/airflow/example_dags/example_branch_day_of_week_operator.py
[2024-12-22T02:30:08.384+0000] {logging_mixin.py:188} INFO - [2024-12-22T02:30:08.384+0000] {dag.py:3089} INFO - Sync 1 DAGs
[2024-12-22T02:30:08.397+0000] {logging_mixin.py:188} INFO - [2024-12-22T02:30:08.397+0000] {dag.py:3947} INFO - Setting next_dagrun for example_weekday_branch_operator to 2024-12-21 00:00:00+00:00, run_after=2024-12-22 00:00:00+00:00
[2024-12-22T02:30:08.410+0000] {processor.py:183} INFO - Processing /home/airflow/.local/lib/python3.12/site-packages/airflow/example_dags/example_branch_day_of_week_operator.py took 0.052 seconds
[2024-12-22T02:30:38.457+0000] {processor.py:161} INFO - Started process (PID=23765) to work on /home/airflow/.local/lib/python3.12/site-packages/airflow/example_dags/example_branch_day_of_week_operator.py
[2024-12-22T02:30:38.458+0000] {processor.py:830} INFO - Processing file /home/airflow/.local/lib/python3.12/site-packages/airflow/example_dags/example_branch_day_of_week_operator.py for tasks to queue
[2024-12-22T02:30:38.459+0000] {logging_mixin.py:188} INFO - [2024-12-22T02:30:38.459+0000] {dagbag.py:545} INFO - Filling up the DagBag from /home/airflow/.local/lib/python3.12/site-packages/airflow/example_dags/example_branch_day_of_week_operator.py
[2024-12-22T02:30:38.464+0000] {processor.py:840} INFO - DAG(s) 'example_weekday_branch_operator' retrieved from /home/airflow/.local/lib/python3.12/site-packages/airflow/example_dags/example_branch_day_of_week_operator.py
[2024-12-22T02:30:38.478+0000] {logging_mixin.py:188} INFO - [2024-12-22T02:30:38.478+0000] {dag.py:3089} INFO - Sync 1 DAGs
[2024-12-22T02:30:38.492+0000] {logging_mixin.py:188} INFO - [2024-12-22T02:30:38.492+0000] {dag.py:3947} INFO - Setting next_dagrun for example_weekday_branch_operator to 2024-12-21 00:00:00+00:00, run_after=2024-12-22 00:00:00+00:00
[2024-12-22T02:30:38.506+0000] {processor.py:183} INFO - Processing /home/airflow/.local/lib/python3.12/site-packages/airflow/example_dags/example_branch_day_of_week_operator.py took 0.053 seconds
[2024-12-22T02:31:09.002+0000] {processor.py:161} INFO - Started process (PID=24042) to work on /home/airflow/.local/lib/python3.12/site-packages/airflow/example_dags/example_branch_day_of_week_operator.py
[2024-12-22T02:31:09.003+0000] {processor.py:830} INFO - Processing file /home/airflow/.local/lib/python3.12/site-packages/airflow/example_dags/example_branch_day_of_week_operator.py for tasks to queue
[2024-12-22T02:31:09.004+0000] {logging_mixin.py:188} INFO - [2024-12-22T02:31:09.004+0000] {dagbag.py:545} INFO - Filling up the DagBag from /home/airflow/.local/lib/python3.12/site-packages/airflow/example_dags/example_branch_day_of_week_operator.py
[2024-12-22T02:31:09.008+0000] {processor.py:840} INFO - DAG(s) 'example_weekday_branch_operator' retrieved from /home/airflow/.local/lib/python3.12/site-packages/airflow/example_dags/example_branch_day_of_week_operator.py
[2024-12-22T02:31:09.021+0000] {logging_mixin.py:188} INFO - [2024-12-22T02:31:09.021+0000] {dag.py:3089} INFO - Sync 1 DAGs
[2024-12-22T02:31:09.034+0000] {logging_mixin.py:188} INFO - [2024-12-22T02:31:09.033+0000] {dag.py:3947} INFO - Setting next_dagrun for example_weekday_branch_operator to 2024-12-21 00:00:00+00:00, run_after=2024-12-22 00:00:00+00:00
[2024-12-22T02:31:09.044+0000] {processor.py:183} INFO - Processing /home/airflow/.local/lib/python3.12/site-packages/airflow/example_dags/example_branch_day_of_week_operator.py took 0.046 seconds
[2024-12-22T02:31:39.475+0000] {processor.py:161} INFO - Started process (PID=24319) to work on /home/airflow/.local/lib/python3.12/site-packages/airflow/example_dags/example_branch_day_of_week_operator.py
[2024-12-22T02:31:39.476+0000] {processor.py:830} INFO - Processing file /home/airflow/.local/lib/python3.12/site-packages/airflow/example_dags/example_branch_day_of_week_operator.py for tasks to queue
[2024-12-22T02:31:39.477+0000] {logging_mixin.py:188} INFO - [2024-12-22T02:31:39.477+0000] {dagbag.py:545} INFO - Filling up the DagBag from /home/airflow/.local/lib/python3.12/site-packages/airflow/example_dags/example_branch_day_of_week_operator.py
[2024-12-22T02:31:39.482+0000] {processor.py:840} INFO - DAG(s) 'example_weekday_branch_operator' retrieved from /home/airflow/.local/lib/python3.12/site-packages/airflow/example_dags/example_branch_day_of_week_operator.py
[2024-12-22T02:31:39.497+0000] {logging_mixin.py:188} INFO - [2024-12-22T02:31:39.496+0000] {dag.py:3089} INFO - Sync 1 DAGs
[2024-12-22T02:31:39.509+0000] {logging_mixin.py:188} INFO - [2024-12-22T02:31:39.509+0000] {dag.py:3947} INFO - Setting next_dagrun for example_weekday_branch_operator to 2024-12-21 00:00:00+00:00, run_after=2024-12-22 00:00:00+00:00
[2024-12-22T02:31:39.520+0000] {processor.py:183} INFO - Processing /home/airflow/.local/lib/python3.12/site-packages/airflow/example_dags/example_branch_day_of_week_operator.py took 0.050 seconds
[2024-12-22T02:32:09.840+0000] {processor.py:161} INFO - Started process (PID=24596) to work on /home/airflow/.local/lib/python3.12/site-packages/airflow/example_dags/example_branch_day_of_week_operator.py
[2024-12-22T02:32:09.841+0000] {processor.py:830} INFO - Processing file /home/airflow/.local/lib/python3.12/site-packages/airflow/example_dags/example_branch_day_of_week_operator.py for tasks to queue
[2024-12-22T02:32:09.842+0000] {logging_mixin.py:188} INFO - [2024-12-22T02:32:09.842+0000] {dagbag.py:545} INFO - Filling up the DagBag from /home/airflow/.local/lib/python3.12/site-packages/airflow/example_dags/example_branch_day_of_week_operator.py
[2024-12-22T02:32:09.847+0000] {processor.py:840} INFO - DAG(s) 'example_weekday_branch_operator' retrieved from /home/airflow/.local/lib/python3.12/site-packages/airflow/example_dags/example_branch_day_of_week_operator.py
[2024-12-22T02:32:09.862+0000] {logging_mixin.py:188} INFO - [2024-12-22T02:32:09.862+0000] {dag.py:3089} INFO - Sync 1 DAGs
[2024-12-22T02:32:09.876+0000] {logging_mixin.py:188} INFO - [2024-12-22T02:32:09.876+0000] {dag.py:3947} INFO - Setting next_dagrun for example_weekday_branch_operator to 2024-12-21 00:00:00+00:00, run_after=2024-12-22 00:00:00+00:00
[2024-12-22T02:32:09.888+0000] {processor.py:183} INFO - Processing /home/airflow/.local/lib/python3.12/site-packages/airflow/example_dags/example_branch_day_of_week_operator.py took 0.052 seconds
[2024-12-22T02:32:40.116+0000] {processor.py:161} INFO - Started process (PID=24873) to work on /home/airflow/.local/lib/python3.12/site-packages/airflow/example_dags/example_branch_day_of_week_operator.py
[2024-12-22T02:32:40.116+0000] {processor.py:830} INFO - Processing file /home/airflow/.local/lib/python3.12/site-packages/airflow/example_dags/example_branch_day_of_week_operator.py for tasks to queue
[2024-12-22T02:32:40.117+0000] {logging_mixin.py:188} INFO - [2024-12-22T02:32:40.117+0000] {dagbag.py:545} INFO - Filling up the DagBag from /home/airflow/.local/lib/python3.12/site-packages/airflow/example_dags/example_branch_day_of_week_operator.py
[2024-12-22T02:32:40.123+0000] {processor.py:840} INFO - DAG(s) 'example_weekday_branch_operator' retrieved from /home/airflow/.local/lib/python3.12/site-packages/airflow/example_dags/example_branch_day_of_week_operator.py
[2024-12-22T02:32:40.138+0000] {logging_mixin.py:188} INFO - [2024-12-22T02:32:40.138+0000] {dag.py:3089} INFO - Sync 1 DAGs
[2024-12-22T02:32:40.152+0000] {logging_mixin.py:188} INFO - [2024-12-22T02:32:40.152+0000] {dag.py:3947} INFO - Setting next_dagrun for example_weekday_branch_operator to 2024-12-21 00:00:00+00:00, run_after=2024-12-22 00:00:00+00:00
[2024-12-22T02:32:40.164+0000] {processor.py:183} INFO - Processing /home/airflow/.local/lib/python3.12/site-packages/airflow/example_dags/example_branch_day_of_week_operator.py took 0.052 seconds
[2024-12-22T02:33:10.390+0000] {processor.py:161} INFO - Started process (PID=25152) to work on /home/airflow/.local/lib/python3.12/site-packages/airflow/example_dags/example_branch_day_of_week_operator.py
[2024-12-22T02:33:10.392+0000] {processor.py:830} INFO - Processing file /home/airflow/.local/lib/python3.12/site-packages/airflow/example_dags/example_branch_day_of_week_operator.py for tasks to queue
[2024-12-22T02:33:10.393+0000] {logging_mixin.py:188} INFO - [2024-12-22T02:33:10.393+0000] {dagbag.py:545} INFO - Filling up the DagBag from /home/airflow/.local/lib/python3.12/site-packages/airflow/example_dags/example_branch_day_of_week_operator.py
[2024-12-22T02:33:10.397+0000] {processor.py:840} INFO - DAG(s) 'example_weekday_branch_operator' retrieved from /home/airflow/.local/lib/python3.12/site-packages/airflow/example_dags/example_branch_day_of_week_operator.py
[2024-12-22T02:33:10.414+0000] {logging_mixin.py:188} INFO - [2024-12-22T02:33:10.414+0000] {dag.py:3089} INFO - Sync 1 DAGs
[2024-12-22T02:33:10.428+0000] {logging_mixin.py:188} INFO - [2024-12-22T02:33:10.428+0000] {dag.py:3947} INFO - Setting next_dagrun for example_weekday_branch_operator to 2024-12-21 00:00:00+00:00, run_after=2024-12-22 00:00:00+00:00
[2024-12-22T02:33:10.440+0000] {processor.py:183} INFO - Processing /home/airflow/.local/lib/python3.12/site-packages/airflow/example_dags/example_branch_day_of_week_operator.py took 0.054 seconds
[2024-12-22T02:33:40.779+0000] {processor.py:161} INFO - Started process (PID=25427) to work on /home/airflow/.local/lib/python3.12/site-packages/airflow/example_dags/example_branch_day_of_week_operator.py
[2024-12-22T02:33:40.781+0000] {processor.py:830} INFO - Processing file /home/airflow/.local/lib/python3.12/site-packages/airflow/example_dags/example_branch_day_of_week_operator.py for tasks to queue
[2024-12-22T02:33:40.782+0000] {logging_mixin.py:188} INFO - [2024-12-22T02:33:40.782+0000] {dagbag.py:545} INFO - Filling up the DagBag from /home/airflow/.local/lib/python3.12/site-packages/airflow/example_dags/example_branch_day_of_week_operator.py
[2024-12-22T02:33:40.787+0000] {processor.py:840} INFO - DAG(s) 'example_weekday_branch_operator' retrieved from /home/airflow/.local/lib/python3.12/site-packages/airflow/example_dags/example_branch_day_of_week_operator.py
[2024-12-22T02:33:40.801+0000] {logging_mixin.py:188} INFO - [2024-12-22T02:33:40.801+0000] {dag.py:3089} INFO - Sync 1 DAGs
[2024-12-22T02:33:40.814+0000] {logging_mixin.py:188} INFO - [2024-12-22T02:33:40.814+0000] {dag.py:3947} INFO - Setting next_dagrun for example_weekday_branch_operator to 2024-12-21 00:00:00+00:00, run_after=2024-12-22 00:00:00+00:00
[2024-12-22T02:33:40.826+0000] {processor.py:183} INFO - Processing /home/airflow/.local/lib/python3.12/site-packages/airflow/example_dags/example_branch_day_of_week_operator.py took 0.050 seconds
[2024-12-22T02:34:11.163+0000] {processor.py:161} INFO - Started process (PID=25704) to work on /home/airflow/.local/lib/python3.12/site-packages/airflow/example_dags/example_branch_day_of_week_operator.py
[2024-12-22T02:34:11.163+0000] {processor.py:830} INFO - Processing file /home/airflow/.local/lib/python3.12/site-packages/airflow/example_dags/example_branch_day_of_week_operator.py for tasks to queue
[2024-12-22T02:34:11.164+0000] {logging_mixin.py:188} INFO - [2024-12-22T02:34:11.164+0000] {dagbag.py:545} INFO - Filling up the DagBag from /home/airflow/.local/lib/python3.12/site-packages/airflow/example_dags/example_branch_day_of_week_operator.py
[2024-12-22T02:34:11.170+0000] {processor.py:840} INFO - DAG(s) 'example_weekday_branch_operator' retrieved from /home/airflow/.local/lib/python3.12/site-packages/airflow/example_dags/example_branch_day_of_week_operator.py
[2024-12-22T02:34:11.184+0000] {logging_mixin.py:188} INFO - [2024-12-22T02:34:11.184+0000] {dag.py:3089} INFO - Sync 1 DAGs
[2024-12-22T02:34:11.199+0000] {logging_mixin.py:188} INFO - [2024-12-22T02:34:11.199+0000] {dag.py:3947} INFO - Setting next_dagrun for example_weekday_branch_operator to 2024-12-21 00:00:00+00:00, run_after=2024-12-22 00:00:00+00:00
[2024-12-22T02:34:11.212+0000] {processor.py:183} INFO - Processing /home/airflow/.local/lib/python3.12/site-packages/airflow/example_dags/example_branch_day_of_week_operator.py took 0.053 seconds
[2024-12-22T02:34:41.606+0000] {processor.py:161} INFO - Started process (PID=25981) to work on /home/airflow/.local/lib/python3.12/site-packages/airflow/example_dags/example_branch_day_of_week_operator.py
[2024-12-22T02:34:41.607+0000] {processor.py:830} INFO - Processing file /home/airflow/.local/lib/python3.12/site-packages/airflow/example_dags/example_branch_day_of_week_operator.py for tasks to queue
[2024-12-22T02:34:41.608+0000] {logging_mixin.py:188} INFO - [2024-12-22T02:34:41.608+0000] {dagbag.py:545} INFO - Filling up the DagBag from /home/airflow/.local/lib/python3.12/site-packages/airflow/example_dags/example_branch_day_of_week_operator.py
[2024-12-22T02:34:41.613+0000] {processor.py:840} INFO - DAG(s) 'example_weekday_branch_operator' retrieved from /home/airflow/.local/lib/python3.12/site-packages/airflow/example_dags/example_branch_day_of_week_operator.py
[2024-12-22T02:34:41.629+0000] {logging_mixin.py:188} INFO - [2024-12-22T02:34:41.629+0000] {dag.py:3089} INFO - Sync 1 DAGs
[2024-12-22T02:34:41.641+0000] {logging_mixin.py:188} INFO - [2024-12-22T02:34:41.641+0000] {dag.py:3947} INFO - Setting next_dagrun for example_weekday_branch_operator to 2024-12-21 00:00:00+00:00, run_after=2024-12-22 00:00:00+00:00
[2024-12-22T02:34:41.655+0000] {processor.py:183} INFO - Processing /home/airflow/.local/lib/python3.12/site-packages/airflow/example_dags/example_branch_day_of_week_operator.py took 0.053 seconds
[2024-12-22T02:35:11.900+0000] {processor.py:161} INFO - Started process (PID=26259) to work on /home/airflow/.local/lib/python3.12/site-packages/airflow/example_dags/example_branch_day_of_week_operator.py
[2024-12-22T02:35:11.901+0000] {processor.py:830} INFO - Processing file /home/airflow/.local/lib/python3.12/site-packages/airflow/example_dags/example_branch_day_of_week_operator.py for tasks to queue
[2024-12-22T02:35:11.903+0000] {logging_mixin.py:188} INFO - [2024-12-22T02:35:11.903+0000] {dagbag.py:545} INFO - Filling up the DagBag from /home/airflow/.local/lib/python3.12/site-packages/airflow/example_dags/example_branch_day_of_week_operator.py
[2024-12-22T02:35:11.908+0000] {processor.py:840} INFO - DAG(s) 'example_weekday_branch_operator' retrieved from /home/airflow/.local/lib/python3.12/site-packages/airflow/example_dags/example_branch_day_of_week_operator.py
[2024-12-22T02:35:11.926+0000] {logging_mixin.py:188} INFO - [2024-12-22T02:35:11.926+0000] {dag.py:3089} INFO - Sync 1 DAGs
[2024-12-22T02:35:11.941+0000] {logging_mixin.py:188} INFO - [2024-12-22T02:35:11.941+0000] {dag.py:3947} INFO - Setting next_dagrun for example_weekday_branch_operator to 2024-12-21 00:00:00+00:00, run_after=2024-12-22 00:00:00+00:00
[2024-12-22T02:35:11.956+0000] {processor.py:183} INFO - Processing /home/airflow/.local/lib/python3.12/site-packages/airflow/example_dags/example_branch_day_of_week_operator.py took 0.061 seconds
[2024-12-22T02:35:42.134+0000] {processor.py:161} INFO - Started process (PID=26536) to work on /home/airflow/.local/lib/python3.12/site-packages/airflow/example_dags/example_branch_day_of_week_operator.py
[2024-12-22T02:35:42.135+0000] {processor.py:830} INFO - Processing file /home/airflow/.local/lib/python3.12/site-packages/airflow/example_dags/example_branch_day_of_week_operator.py for tasks to queue
[2024-12-22T02:35:42.137+0000] {logging_mixin.py:188} INFO - [2024-12-22T02:35:42.136+0000] {dagbag.py:545} INFO - Filling up the DagBag from /home/airflow/.local/lib/python3.12/site-packages/airflow/example_dags/example_branch_day_of_week_operator.py
[2024-12-22T02:35:42.142+0000] {processor.py:840} INFO - DAG(s) 'example_weekday_branch_operator' retrieved from /home/airflow/.local/lib/python3.12/site-packages/airflow/example_dags/example_branch_day_of_week_operator.py
[2024-12-22T02:35:42.156+0000] {logging_mixin.py:188} INFO - [2024-12-22T02:35:42.156+0000] {dag.py:3089} INFO - Sync 1 DAGs
[2024-12-22T02:35:42.170+0000] {logging_mixin.py:188} INFO - [2024-12-22T02:35:42.169+0000] {dag.py:3947} INFO - Setting next_dagrun for example_weekday_branch_operator to 2024-12-21 00:00:00+00:00, run_after=2024-12-22 00:00:00+00:00
[2024-12-22T02:35:42.182+0000] {processor.py:183} INFO - Processing /home/airflow/.local/lib/python3.12/site-packages/airflow/example_dags/example_branch_day_of_week_operator.py took 0.053 seconds
[2024-12-22T02:36:13.243+0000] {processor.py:161} INFO - Started process (PID=26815) to work on /home/airflow/.local/lib/python3.12/site-packages/airflow/example_dags/example_branch_day_of_week_operator.py
[2024-12-22T02:36:13.244+0000] {processor.py:830} INFO - Processing file /home/airflow/.local/lib/python3.12/site-packages/airflow/example_dags/example_branch_day_of_week_operator.py for tasks to queue
[2024-12-22T02:36:13.246+0000] {logging_mixin.py:188} INFO - [2024-12-22T02:36:13.246+0000] {dagbag.py:545} INFO - Filling up the DagBag from /home/airflow/.local/lib/python3.12/site-packages/airflow/example_dags/example_branch_day_of_week_operator.py
[2024-12-22T02:36:13.252+0000] {processor.py:840} INFO - DAG(s) 'example_weekday_branch_operator' retrieved from /home/airflow/.local/lib/python3.12/site-packages/airflow/example_dags/example_branch_day_of_week_operator.py
[2024-12-22T02:36:13.270+0000] {logging_mixin.py:188} INFO - [2024-12-22T02:36:13.270+0000] {dag.py:3089} INFO - Sync 1 DAGs
[2024-12-22T02:36:13.286+0000] {logging_mixin.py:188} INFO - [2024-12-22T02:36:13.286+0000] {dag.py:3947} INFO - Setting next_dagrun for example_weekday_branch_operator to 2024-12-21 00:00:00+00:00, run_after=2024-12-22 00:00:00+00:00
[2024-12-22T02:36:13.302+0000] {processor.py:183} INFO - Processing /home/airflow/.local/lib/python3.12/site-packages/airflow/example_dags/example_branch_day_of_week_operator.py took 0.063 seconds
[2024-12-22T02:36:43.676+0000] {processor.py:161} INFO - Started process (PID=27092) to work on /home/airflow/.local/lib/python3.12/site-packages/airflow/example_dags/example_branch_day_of_week_operator.py
[2024-12-22T02:36:43.676+0000] {processor.py:830} INFO - Processing file /home/airflow/.local/lib/python3.12/site-packages/airflow/example_dags/example_branch_day_of_week_operator.py for tasks to queue
[2024-12-22T02:36:43.678+0000] {logging_mixin.py:188} INFO - [2024-12-22T02:36:43.677+0000] {dagbag.py:545} INFO - Filling up the DagBag from /home/airflow/.local/lib/python3.12/site-packages/airflow/example_dags/example_branch_day_of_week_operator.py
[2024-12-22T02:36:43.682+0000] {processor.py:840} INFO - DAG(s) 'example_weekday_branch_operator' retrieved from /home/airflow/.local/lib/python3.12/site-packages/airflow/example_dags/example_branch_day_of_week_operator.py
[2024-12-22T02:36:43.697+0000] {logging_mixin.py:188} INFO - [2024-12-22T02:36:43.696+0000] {dag.py:3089} INFO - Sync 1 DAGs
[2024-12-22T02:36:43.707+0000] {logging_mixin.py:188} INFO - [2024-12-22T02:36:43.707+0000] {dag.py:3947} INFO - Setting next_dagrun for example_weekday_branch_operator to 2024-12-21 00:00:00+00:00, run_after=2024-12-22 00:00:00+00:00
[2024-12-22T02:36:43.719+0000] {processor.py:183} INFO - Processing /home/airflow/.local/lib/python3.12/site-packages/airflow/example_dags/example_branch_day_of_week_operator.py took 0.046 seconds
[2024-12-22T02:37:14.252+0000] {processor.py:161} INFO - Started process (PID=27367) to work on /home/airflow/.local/lib/python3.12/site-packages/airflow/example_dags/example_branch_day_of_week_operator.py
[2024-12-22T02:37:14.253+0000] {processor.py:830} INFO - Processing file /home/airflow/.local/lib/python3.12/site-packages/airflow/example_dags/example_branch_day_of_week_operator.py for tasks to queue
[2024-12-22T02:37:14.255+0000] {logging_mixin.py:188} INFO - [2024-12-22T02:37:14.255+0000] {dagbag.py:545} INFO - Filling up the DagBag from /home/airflow/.local/lib/python3.12/site-packages/airflow/example_dags/example_branch_day_of_week_operator.py
[2024-12-22T02:37:14.260+0000] {processor.py:840} INFO - DAG(s) 'example_weekday_branch_operator' retrieved from /home/airflow/.local/lib/python3.12/site-packages/airflow/example_dags/example_branch_day_of_week_operator.py
[2024-12-22T02:37:14.283+0000] {logging_mixin.py:188} INFO - [2024-12-22T02:37:14.282+0000] {dag.py:3089} INFO - Sync 1 DAGs
[2024-12-22T02:37:14.296+0000] {logging_mixin.py:188} INFO - [2024-12-22T02:37:14.296+0000] {dag.py:3947} INFO - Setting next_dagrun for example_weekday_branch_operator to 2024-12-21 00:00:00+00:00, run_after=2024-12-22 00:00:00+00:00
[2024-12-22T02:37:14.307+0000] {processor.py:183} INFO - Processing /home/airflow/.local/lib/python3.12/site-packages/airflow/example_dags/example_branch_day_of_week_operator.py took 0.059 seconds
[2024-12-22T02:37:46.982+0000] {processor.py:161} INFO - Started process (PID=27646) to work on /home/airflow/.local/lib/python3.12/site-packages/airflow/example_dags/example_branch_day_of_week_operator.py
[2024-12-22T02:37:46.983+0000] {processor.py:830} INFO - Processing file /home/airflow/.local/lib/python3.12/site-packages/airflow/example_dags/example_branch_day_of_week_operator.py for tasks to queue
[2024-12-22T02:37:46.984+0000] {logging_mixin.py:188} INFO - [2024-12-22T02:37:46.984+0000] {dagbag.py:545} INFO - Filling up the DagBag from /home/airflow/.local/lib/python3.12/site-packages/airflow/example_dags/example_branch_day_of_week_operator.py
[2024-12-22T02:37:46.988+0000] {processor.py:840} INFO - DAG(s) 'example_weekday_branch_operator' retrieved from /home/airflow/.local/lib/python3.12/site-packages/airflow/example_dags/example_branch_day_of_week_operator.py
[2024-12-22T02:37:47.000+0000] {logging_mixin.py:188} INFO - [2024-12-22T02:37:47.000+0000] {dag.py:3089} INFO - Sync 1 DAGs
[2024-12-22T02:37:47.013+0000] {logging_mixin.py:188} INFO - [2024-12-22T02:37:47.012+0000] {dag.py:3947} INFO - Setting next_dagrun for example_weekday_branch_operator to 2024-12-21 00:00:00+00:00, run_after=2024-12-22 00:00:00+00:00
[2024-12-22T02:37:47.024+0000] {processor.py:183} INFO - Processing /home/airflow/.local/lib/python3.12/site-packages/airflow/example_dags/example_branch_day_of_week_operator.py took 0.046 seconds
[2024-12-22T02:38:19.708+0000] {processor.py:161} INFO - Started process (PID=27921) to work on /home/airflow/.local/lib/python3.12/site-packages/airflow/example_dags/example_branch_day_of_week_operator.py
[2024-12-22T02:38:19.708+0000] {processor.py:830} INFO - Processing file /home/airflow/.local/lib/python3.12/site-packages/airflow/example_dags/example_branch_day_of_week_operator.py for tasks to queue
[2024-12-22T02:38:19.709+0000] {logging_mixin.py:188} INFO - [2024-12-22T02:38:19.709+0000] {dagbag.py:545} INFO - Filling up the DagBag from /home/airflow/.local/lib/python3.12/site-packages/airflow/example_dags/example_branch_day_of_week_operator.py
[2024-12-22T02:38:19.714+0000] {processor.py:840} INFO - DAG(s) 'example_weekday_branch_operator' retrieved from /home/airflow/.local/lib/python3.12/site-packages/airflow/example_dags/example_branch_day_of_week_operator.py
[2024-12-22T02:38:19.728+0000] {logging_mixin.py:188} INFO - [2024-12-22T02:38:19.728+0000] {dag.py:3089} INFO - Sync 1 DAGs
[2024-12-22T02:38:19.740+0000] {logging_mixin.py:188} INFO - [2024-12-22T02:38:19.740+0000] {dag.py:3947} INFO - Setting next_dagrun for example_weekday_branch_operator to 2024-12-21 00:00:00+00:00, run_after=2024-12-22 00:00:00+00:00
[2024-12-22T02:38:19.752+0000] {processor.py:183} INFO - Processing /home/airflow/.local/lib/python3.12/site-packages/airflow/example_dags/example_branch_day_of_week_operator.py took 0.048 seconds
[2024-12-22T02:38:50.924+0000] {processor.py:161} INFO - Started process (PID=28200) to work on /home/airflow/.local/lib/python3.12/site-packages/airflow/example_dags/example_branch_day_of_week_operator.py
[2024-12-22T02:38:50.924+0000] {processor.py:830} INFO - Processing file /home/airflow/.local/lib/python3.12/site-packages/airflow/example_dags/example_branch_day_of_week_operator.py for tasks to queue
[2024-12-22T02:38:50.926+0000] {logging_mixin.py:188} INFO - [2024-12-22T02:38:50.925+0000] {dagbag.py:545} INFO - Filling up the DagBag from /home/airflow/.local/lib/python3.12/site-packages/airflow/example_dags/example_branch_day_of_week_operator.py
[2024-12-22T02:38:50.930+0000] {processor.py:840} INFO - DAG(s) 'example_weekday_branch_operator' retrieved from /home/airflow/.local/lib/python3.12/site-packages/airflow/example_dags/example_branch_day_of_week_operator.py
[2024-12-22T02:38:50.943+0000] {logging_mixin.py:188} INFO - [2024-12-22T02:38:50.943+0000] {dag.py:3089} INFO - Sync 1 DAGs
[2024-12-22T02:38:50.954+0000] {logging_mixin.py:188} INFO - [2024-12-22T02:38:50.954+0000] {dag.py:3947} INFO - Setting next_dagrun for example_weekday_branch_operator to 2024-12-21 00:00:00+00:00, run_after=2024-12-22 00:00:00+00:00
[2024-12-22T02:38:50.965+0000] {processor.py:183} INFO - Processing /home/airflow/.local/lib/python3.12/site-packages/airflow/example_dags/example_branch_day_of_week_operator.py took 0.046 seconds
[2024-12-22T02:39:21.832+0000] {processor.py:161} INFO - Started process (PID=28475) to work on /home/airflow/.local/lib/python3.12/site-packages/airflow/example_dags/example_branch_day_of_week_operator.py
[2024-12-22T02:39:21.833+0000] {processor.py:830} INFO - Processing file /home/airflow/.local/lib/python3.12/site-packages/airflow/example_dags/example_branch_day_of_week_operator.py for tasks to queue
[2024-12-22T02:39:21.834+0000] {logging_mixin.py:188} INFO - [2024-12-22T02:39:21.834+0000] {dagbag.py:545} INFO - Filling up the DagBag from /home/airflow/.local/lib/python3.12/site-packages/airflow/example_dags/example_branch_day_of_week_operator.py
[2024-12-22T02:39:21.839+0000] {processor.py:840} INFO - DAG(s) 'example_weekday_branch_operator' retrieved from /home/airflow/.local/lib/python3.12/site-packages/airflow/example_dags/example_branch_day_of_week_operator.py
[2024-12-22T02:39:21.856+0000] {logging_mixin.py:188} INFO - [2024-12-22T02:39:21.856+0000] {dag.py:3089} INFO - Sync 1 DAGs
[2024-12-22T02:39:21.870+0000] {logging_mixin.py:188} INFO - [2024-12-22T02:39:21.869+0000] {dag.py:3947} INFO - Setting next_dagrun for example_weekday_branch_operator to 2024-12-21 00:00:00+00:00, run_after=2024-12-22 00:00:00+00:00
[2024-12-22T02:39:21.882+0000] {processor.py:183} INFO - Processing /home/airflow/.local/lib/python3.12/site-packages/airflow/example_dags/example_branch_day_of_week_operator.py took 0.054 seconds
[2024-12-22T02:39:52.642+0000] {processor.py:161} INFO - Started process (PID=28753) to work on /home/airflow/.local/lib/python3.12/site-packages/airflow/example_dags/example_branch_day_of_week_operator.py
[2024-12-22T02:39:52.643+0000] {processor.py:830} INFO - Processing file /home/airflow/.local/lib/python3.12/site-packages/airflow/example_dags/example_branch_day_of_week_operator.py for tasks to queue
[2024-12-22T02:39:52.644+0000] {logging_mixin.py:188} INFO - [2024-12-22T02:39:52.644+0000] {dagbag.py:545} INFO - Filling up the DagBag from /home/airflow/.local/lib/python3.12/site-packages/airflow/example_dags/example_branch_day_of_week_operator.py
[2024-12-22T02:39:52.649+0000] {processor.py:840} INFO - DAG(s) 'example_weekday_branch_operator' retrieved from /home/airflow/.local/lib/python3.12/site-packages/airflow/example_dags/example_branch_day_of_week_operator.py
[2024-12-22T02:39:52.664+0000] {logging_mixin.py:188} INFO - [2024-12-22T02:39:52.663+0000] {dag.py:3089} INFO - Sync 1 DAGs
[2024-12-22T02:39:52.676+0000] {logging_mixin.py:188} INFO - [2024-12-22T02:39:52.676+0000] {dag.py:3947} INFO - Setting next_dagrun for example_weekday_branch_operator to 2024-12-21 00:00:00+00:00, run_after=2024-12-22 00:00:00+00:00
[2024-12-22T02:39:52.688+0000] {processor.py:183} INFO - Processing /home/airflow/.local/lib/python3.12/site-packages/airflow/example_dags/example_branch_day_of_week_operator.py took 0.049 seconds
[2024-12-22T02:40:26.021+0000] {processor.py:161} INFO - Started process (PID=29030) to work on /home/airflow/.local/lib/python3.12/site-packages/airflow/example_dags/example_branch_day_of_week_operator.py
[2024-12-22T02:40:26.022+0000] {processor.py:830} INFO - Processing file /home/airflow/.local/lib/python3.12/site-packages/airflow/example_dags/example_branch_day_of_week_operator.py for tasks to queue
[2024-12-22T02:40:26.023+0000] {logging_mixin.py:188} INFO - [2024-12-22T02:40:26.023+0000] {dagbag.py:545} INFO - Filling up the DagBag from /home/airflow/.local/lib/python3.12/site-packages/airflow/example_dags/example_branch_day_of_week_operator.py
[2024-12-22T02:40:26.028+0000] {processor.py:840} INFO - DAG(s) 'example_weekday_branch_operator' retrieved from /home/airflow/.local/lib/python3.12/site-packages/airflow/example_dags/example_branch_day_of_week_operator.py
[2024-12-22T02:40:26.041+0000] {logging_mixin.py:188} INFO - [2024-12-22T02:40:26.041+0000] {dag.py:3089} INFO - Sync 1 DAGs
[2024-12-22T02:40:26.053+0000] {logging_mixin.py:188} INFO - [2024-12-22T02:40:26.053+0000] {dag.py:3947} INFO - Setting next_dagrun for example_weekday_branch_operator to 2024-12-21 00:00:00+00:00, run_after=2024-12-22 00:00:00+00:00
[2024-12-22T02:40:26.070+0000] {processor.py:183} INFO - Processing /home/airflow/.local/lib/python3.12/site-packages/airflow/example_dags/example_branch_day_of_week_operator.py took 0.052 seconds
[2024-12-22T02:40:58.365+0000] {processor.py:161} INFO - Started process (PID=29307) to work on /home/airflow/.local/lib/python3.12/site-packages/airflow/example_dags/example_branch_day_of_week_operator.py
[2024-12-22T02:40:58.366+0000] {processor.py:830} INFO - Processing file /home/airflow/.local/lib/python3.12/site-packages/airflow/example_dags/example_branch_day_of_week_operator.py for tasks to queue
[2024-12-22T02:40:58.367+0000] {logging_mixin.py:188} INFO - [2024-12-22T02:40:58.367+0000] {dagbag.py:545} INFO - Filling up the DagBag from /home/airflow/.local/lib/python3.12/site-packages/airflow/example_dags/example_branch_day_of_week_operator.py
[2024-12-22T02:40:58.373+0000] {processor.py:840} INFO - DAG(s) 'example_weekday_branch_operator' retrieved from /home/airflow/.local/lib/python3.12/site-packages/airflow/example_dags/example_branch_day_of_week_operator.py
[2024-12-22T02:40:58.388+0000] {logging_mixin.py:188} INFO - [2024-12-22T02:40:58.388+0000] {dag.py:3089} INFO - Sync 1 DAGs
[2024-12-22T02:40:58.401+0000] {logging_mixin.py:188} INFO - [2024-12-22T02:40:58.400+0000] {dag.py:3947} INFO - Setting next_dagrun for example_weekday_branch_operator to 2024-12-21 00:00:00+00:00, run_after=2024-12-22 00:00:00+00:00
[2024-12-22T02:40:58.412+0000] {processor.py:183} INFO - Processing /home/airflow/.local/lib/python3.12/site-packages/airflow/example_dags/example_branch_day_of_week_operator.py took 0.052 seconds
[2024-12-22T02:41:30.894+0000] {processor.py:161} INFO - Started process (PID=29584) to work on /home/airflow/.local/lib/python3.12/site-packages/airflow/example_dags/example_branch_day_of_week_operator.py
[2024-12-22T02:41:30.895+0000] {processor.py:830} INFO - Processing file /home/airflow/.local/lib/python3.12/site-packages/airflow/example_dags/example_branch_day_of_week_operator.py for tasks to queue
[2024-12-22T02:41:30.896+0000] {logging_mixin.py:188} INFO - [2024-12-22T02:41:30.896+0000] {dagbag.py:545} INFO - Filling up the DagBag from /home/airflow/.local/lib/python3.12/site-packages/airflow/example_dags/example_branch_day_of_week_operator.py
[2024-12-22T02:41:30.902+0000] {processor.py:840} INFO - DAG(s) 'example_weekday_branch_operator' retrieved from /home/airflow/.local/lib/python3.12/site-packages/airflow/example_dags/example_branch_day_of_week_operator.py
[2024-12-22T02:41:30.917+0000] {logging_mixin.py:188} INFO - [2024-12-22T02:41:30.917+0000] {dag.py:3089} INFO - Sync 1 DAGs
[2024-12-22T02:41:30.931+0000] {logging_mixin.py:188} INFO - [2024-12-22T02:41:30.930+0000] {dag.py:3947} INFO - Setting next_dagrun for example_weekday_branch_operator to 2024-12-21 00:00:00+00:00, run_after=2024-12-22 00:00:00+00:00
[2024-12-22T02:41:30.942+0000] {processor.py:183} INFO - Processing /home/airflow/.local/lib/python3.12/site-packages/airflow/example_dags/example_branch_day_of_week_operator.py took 0.051 seconds
[2024-12-22T02:42:01.784+0000] {processor.py:161} INFO - Started process (PID=29863) to work on /home/airflow/.local/lib/python3.12/site-packages/airflow/example_dags/example_branch_day_of_week_operator.py
[2024-12-22T02:42:01.784+0000] {processor.py:830} INFO - Processing file /home/airflow/.local/lib/python3.12/site-packages/airflow/example_dags/example_branch_day_of_week_operator.py for tasks to queue
[2024-12-22T02:42:01.786+0000] {logging_mixin.py:188} INFO - [2024-12-22T02:42:01.785+0000] {dagbag.py:545} INFO - Filling up the DagBag from /home/airflow/.local/lib/python3.12/site-packages/airflow/example_dags/example_branch_day_of_week_operator.py
[2024-12-22T02:42:01.791+0000] {processor.py:840} INFO - DAG(s) 'example_weekday_branch_operator' retrieved from /home/airflow/.local/lib/python3.12/site-packages/airflow/example_dags/example_branch_day_of_week_operator.py
[2024-12-22T02:42:01.807+0000] {logging_mixin.py:188} INFO - [2024-12-22T02:42:01.807+0000] {dag.py:3089} INFO - Sync 1 DAGs
[2024-12-22T02:42:01.822+0000] {logging_mixin.py:188} INFO - [2024-12-22T02:42:01.822+0000] {dag.py:3947} INFO - Setting next_dagrun for example_weekday_branch_operator to 2024-12-21 00:00:00+00:00, run_after=2024-12-22 00:00:00+00:00
[2024-12-22T02:42:01.835+0000] {processor.py:183} INFO - Processing /home/airflow/.local/lib/python3.12/site-packages/airflow/example_dags/example_branch_day_of_week_operator.py took 0.056 seconds
[2024-12-22T02:42:33.032+0000] {processor.py:161} INFO - Started process (PID=30138) to work on /home/airflow/.local/lib/python3.12/site-packages/airflow/example_dags/example_branch_day_of_week_operator.py
[2024-12-22T02:42:33.033+0000] {processor.py:830} INFO - Processing file /home/airflow/.local/lib/python3.12/site-packages/airflow/example_dags/example_branch_day_of_week_operator.py for tasks to queue
[2024-12-22T02:42:33.034+0000] {logging_mixin.py:188} INFO - [2024-12-22T02:42:33.034+0000] {dagbag.py:545} INFO - Filling up the DagBag from /home/airflow/.local/lib/python3.12/site-packages/airflow/example_dags/example_branch_day_of_week_operator.py
[2024-12-22T02:42:33.041+0000] {processor.py:840} INFO - DAG(s) 'example_weekday_branch_operator' retrieved from /home/airflow/.local/lib/python3.12/site-packages/airflow/example_dags/example_branch_day_of_week_operator.py
[2024-12-22T02:42:33.061+0000] {logging_mixin.py:188} INFO - [2024-12-22T02:42:33.060+0000] {dag.py:3089} INFO - Sync 1 DAGs
[2024-12-22T02:42:33.076+0000] {logging_mixin.py:188} INFO - [2024-12-22T02:42:33.076+0000] {dag.py:3947} INFO - Setting next_dagrun for example_weekday_branch_operator to 2024-12-21 00:00:00+00:00, run_after=2024-12-22 00:00:00+00:00
[2024-12-22T02:42:33.090+0000] {processor.py:183} INFO - Processing /home/airflow/.local/lib/python3.12/site-packages/airflow/example_dags/example_branch_day_of_week_operator.py took 0.064 seconds
[2024-12-22T02:43:05.531+0000] {processor.py:161} INFO - Started process (PID=30415) to work on /home/airflow/.local/lib/python3.12/site-packages/airflow/example_dags/example_branch_day_of_week_operator.py
[2024-12-22T02:43:05.533+0000] {processor.py:830} INFO - Processing file /home/airflow/.local/lib/python3.12/site-packages/airflow/example_dags/example_branch_day_of_week_operator.py for tasks to queue
[2024-12-22T02:43:05.534+0000] {logging_mixin.py:188} INFO - [2024-12-22T02:43:05.534+0000] {dagbag.py:545} INFO - Filling up the DagBag from /home/airflow/.local/lib/python3.12/site-packages/airflow/example_dags/example_branch_day_of_week_operator.py
[2024-12-22T02:43:05.539+0000] {processor.py:840} INFO - DAG(s) 'example_weekday_branch_operator' retrieved from /home/airflow/.local/lib/python3.12/site-packages/airflow/example_dags/example_branch_day_of_week_operator.py
[2024-12-22T02:43:05.554+0000] {logging_mixin.py:188} INFO - [2024-12-22T02:43:05.554+0000] {dag.py:3089} INFO - Sync 1 DAGs
[2024-12-22T02:43:05.566+0000] {logging_mixin.py:188} INFO - [2024-12-22T02:43:05.566+0000] {dag.py:3947} INFO - Setting next_dagrun for example_weekday_branch_operator to 2024-12-21 00:00:00+00:00, run_after=2024-12-22 00:00:00+00:00
[2024-12-22T02:43:05.577+0000] {processor.py:183} INFO - Processing /home/airflow/.local/lib/python3.12/site-packages/airflow/example_dags/example_branch_day_of_week_operator.py took 0.051 seconds
[2024-12-22T02:43:38.029+0000] {processor.py:161} INFO - Started process (PID=30692) to work on /home/airflow/.local/lib/python3.12/site-packages/airflow/example_dags/example_branch_day_of_week_operator.py
[2024-12-22T02:43:38.029+0000] {processor.py:830} INFO - Processing file /home/airflow/.local/lib/python3.12/site-packages/airflow/example_dags/example_branch_day_of_week_operator.py for tasks to queue
[2024-12-22T02:43:38.031+0000] {logging_mixin.py:188} INFO - [2024-12-22T02:43:38.030+0000] {dagbag.py:545} INFO - Filling up the DagBag from /home/airflow/.local/lib/python3.12/site-packages/airflow/example_dags/example_branch_day_of_week_operator.py
[2024-12-22T02:43:38.035+0000] {processor.py:840} INFO - DAG(s) 'example_weekday_branch_operator' retrieved from /home/airflow/.local/lib/python3.12/site-packages/airflow/example_dags/example_branch_day_of_week_operator.py
[2024-12-22T02:43:38.051+0000] {logging_mixin.py:188} INFO - [2024-12-22T02:43:38.051+0000] {dag.py:3089} INFO - Sync 1 DAGs
[2024-12-22T02:43:38.063+0000] {logging_mixin.py:188} INFO - [2024-12-22T02:43:38.062+0000] {dag.py:3947} INFO - Setting next_dagrun for example_weekday_branch_operator to 2024-12-21 00:00:00+00:00, run_after=2024-12-22 00:00:00+00:00
[2024-12-22T02:43:38.073+0000] {processor.py:183} INFO - Processing /home/airflow/.local/lib/python3.12/site-packages/airflow/example_dags/example_branch_day_of_week_operator.py took 0.049 seconds
[2024-12-22T02:44:10.489+0000] {processor.py:161} INFO - Started process (PID=30969) to work on /home/airflow/.local/lib/python3.12/site-packages/airflow/example_dags/example_branch_day_of_week_operator.py
[2024-12-22T02:44:10.490+0000] {processor.py:830} INFO - Processing file /home/airflow/.local/lib/python3.12/site-packages/airflow/example_dags/example_branch_day_of_week_operator.py for tasks to queue
[2024-12-22T02:44:10.492+0000] {logging_mixin.py:188} INFO - [2024-12-22T02:44:10.491+0000] {dagbag.py:545} INFO - Filling up the DagBag from /home/airflow/.local/lib/python3.12/site-packages/airflow/example_dags/example_branch_day_of_week_operator.py
[2024-12-22T02:44:10.497+0000] {processor.py:840} INFO - DAG(s) 'example_weekday_branch_operator' retrieved from /home/airflow/.local/lib/python3.12/site-packages/airflow/example_dags/example_branch_day_of_week_operator.py
[2024-12-22T02:44:10.512+0000] {logging_mixin.py:188} INFO - [2024-12-22T02:44:10.512+0000] {dag.py:3089} INFO - Sync 1 DAGs
[2024-12-22T02:44:10.525+0000] {logging_mixin.py:188} INFO - [2024-12-22T02:44:10.525+0000] {dag.py:3947} INFO - Setting next_dagrun for example_weekday_branch_operator to 2024-12-21 00:00:00+00:00, run_after=2024-12-22 00:00:00+00:00
[2024-12-22T02:44:10.537+0000] {processor.py:183} INFO - Processing /home/airflow/.local/lib/python3.12/site-packages/airflow/example_dags/example_branch_day_of_week_operator.py took 0.054 seconds
[2024-12-22T02:44:43.165+0000] {processor.py:161} INFO - Started process (PID=31246) to work on /home/airflow/.local/lib/python3.12/site-packages/airflow/example_dags/example_branch_day_of_week_operator.py
[2024-12-22T02:44:43.166+0000] {processor.py:830} INFO - Processing file /home/airflow/.local/lib/python3.12/site-packages/airflow/example_dags/example_branch_day_of_week_operator.py for tasks to queue
[2024-12-22T02:44:43.167+0000] {logging_mixin.py:188} INFO - [2024-12-22T02:44:43.167+0000] {dagbag.py:545} INFO - Filling up the DagBag from /home/airflow/.local/lib/python3.12/site-packages/airflow/example_dags/example_branch_day_of_week_operator.py
[2024-12-22T02:44:43.173+0000] {processor.py:840} INFO - DAG(s) 'example_weekday_branch_operator' retrieved from /home/airflow/.local/lib/python3.12/site-packages/airflow/example_dags/example_branch_day_of_week_operator.py
[2024-12-22T02:44:43.189+0000] {logging_mixin.py:188} INFO - [2024-12-22T02:44:43.188+0000] {dag.py:3089} INFO - Sync 1 DAGs
[2024-12-22T02:44:43.201+0000] {logging_mixin.py:188} INFO - [2024-12-22T02:44:43.201+0000] {dag.py:3947} INFO - Setting next_dagrun for example_weekday_branch_operator to 2024-12-21 00:00:00+00:00, run_after=2024-12-22 00:00:00+00:00
[2024-12-22T02:44:43.212+0000] {processor.py:183} INFO - Processing /home/airflow/.local/lib/python3.12/site-packages/airflow/example_dags/example_branch_day_of_week_operator.py took 0.050 seconds
[2024-12-22T02:45:14.419+0000] {processor.py:161} INFO - Started process (PID=31525) to work on /home/airflow/.local/lib/python3.12/site-packages/airflow/example_dags/example_branch_day_of_week_operator.py
[2024-12-22T02:45:14.420+0000] {processor.py:830} INFO - Processing file /home/airflow/.local/lib/python3.12/site-packages/airflow/example_dags/example_branch_day_of_week_operator.py for tasks to queue
[2024-12-22T02:45:14.424+0000] {logging_mixin.py:188} INFO - [2024-12-22T02:45:14.423+0000] {dagbag.py:545} INFO - Filling up the DagBag from /home/airflow/.local/lib/python3.12/site-packages/airflow/example_dags/example_branch_day_of_week_operator.py
[2024-12-22T02:45:14.430+0000] {processor.py:840} INFO - DAG(s) 'example_weekday_branch_operator' retrieved from /home/airflow/.local/lib/python3.12/site-packages/airflow/example_dags/example_branch_day_of_week_operator.py
[2024-12-22T02:45:14.446+0000] {logging_mixin.py:188} INFO - [2024-12-22T02:45:14.446+0000] {dag.py:3089} INFO - Sync 1 DAGs
[2024-12-22T02:45:14.463+0000] {logging_mixin.py:188} INFO - [2024-12-22T02:45:14.463+0000] {dag.py:3947} INFO - Setting next_dagrun for example_weekday_branch_operator to 2024-12-21 00:00:00+00:00, run_after=2024-12-22 00:00:00+00:00
[2024-12-22T02:45:14.477+0000] {processor.py:183} INFO - Processing /home/airflow/.local/lib/python3.12/site-packages/airflow/example_dags/example_branch_day_of_week_operator.py took 0.063 seconds
[2024-12-22T02:45:45.274+0000] {processor.py:161} INFO - Started process (PID=31800) to work on /home/airflow/.local/lib/python3.12/site-packages/airflow/example_dags/example_branch_day_of_week_operator.py
[2024-12-22T02:45:45.275+0000] {processor.py:830} INFO - Processing file /home/airflow/.local/lib/python3.12/site-packages/airflow/example_dags/example_branch_day_of_week_operator.py for tasks to queue
[2024-12-22T02:45:45.277+0000] {logging_mixin.py:188} INFO - [2024-12-22T02:45:45.276+0000] {dagbag.py:545} INFO - Filling up the DagBag from /home/airflow/.local/lib/python3.12/site-packages/airflow/example_dags/example_branch_day_of_week_operator.py
[2024-12-22T02:45:45.281+0000] {processor.py:840} INFO - DAG(s) 'example_weekday_branch_operator' retrieved from /home/airflow/.local/lib/python3.12/site-packages/airflow/example_dags/example_branch_day_of_week_operator.py
[2024-12-22T02:45:45.298+0000] {logging_mixin.py:188} INFO - [2024-12-22T02:45:45.297+0000] {dag.py:3089} INFO - Sync 1 DAGs
[2024-12-22T02:45:45.312+0000] {logging_mixin.py:188} INFO - [2024-12-22T02:45:45.312+0000] {dag.py:3947} INFO - Setting next_dagrun for example_weekday_branch_operator to 2024-12-21 00:00:00+00:00, run_after=2024-12-22 00:00:00+00:00
[2024-12-22T02:45:45.328+0000] {processor.py:183} INFO - Processing /home/airflow/.local/lib/python3.12/site-packages/airflow/example_dags/example_branch_day_of_week_operator.py took 0.058 seconds
[2024-12-22T02:46:16.512+0000] {processor.py:161} INFO - Started process (PID=32079) to work on /home/airflow/.local/lib/python3.12/site-packages/airflow/example_dags/example_branch_day_of_week_operator.py
[2024-12-22T02:46:16.512+0000] {processor.py:830} INFO - Processing file /home/airflow/.local/lib/python3.12/site-packages/airflow/example_dags/example_branch_day_of_week_operator.py for tasks to queue
[2024-12-22T02:46:16.514+0000] {logging_mixin.py:188} INFO - [2024-12-22T02:46:16.513+0000] {dagbag.py:545} INFO - Filling up the DagBag from /home/airflow/.local/lib/python3.12/site-packages/airflow/example_dags/example_branch_day_of_week_operator.py
[2024-12-22T02:46:16.520+0000] {processor.py:840} INFO - DAG(s) 'example_weekday_branch_operator' retrieved from /home/airflow/.local/lib/python3.12/site-packages/airflow/example_dags/example_branch_day_of_week_operator.py
[2024-12-22T02:46:16.534+0000] {logging_mixin.py:188} INFO - [2024-12-22T02:46:16.534+0000] {dag.py:3089} INFO - Sync 1 DAGs
[2024-12-22T02:46:16.547+0000] {logging_mixin.py:188} INFO - [2024-12-22T02:46:16.547+0000] {dag.py:3947} INFO - Setting next_dagrun for example_weekday_branch_operator to 2024-12-21 00:00:00+00:00, run_after=2024-12-22 00:00:00+00:00
[2024-12-22T02:46:16.559+0000] {processor.py:183} INFO - Processing /home/airflow/.local/lib/python3.12/site-packages/airflow/example_dags/example_branch_day_of_week_operator.py took 0.052 seconds
[2024-12-22T02:46:47.321+0000] {processor.py:161} INFO - Started process (PID=32353) to work on /home/airflow/.local/lib/python3.12/site-packages/airflow/example_dags/example_branch_day_of_week_operator.py
[2024-12-22T02:46:47.323+0000] {processor.py:830} INFO - Processing file /home/airflow/.local/lib/python3.12/site-packages/airflow/example_dags/example_branch_day_of_week_operator.py for tasks to queue
[2024-12-22T02:46:47.324+0000] {logging_mixin.py:188} INFO - [2024-12-22T02:46:47.324+0000] {dagbag.py:545} INFO - Filling up the DagBag from /home/airflow/.local/lib/python3.12/site-packages/airflow/example_dags/example_branch_day_of_week_operator.py
[2024-12-22T02:46:47.329+0000] {processor.py:840} INFO - DAG(s) 'example_weekday_branch_operator' retrieved from /home/airflow/.local/lib/python3.12/site-packages/airflow/example_dags/example_branch_day_of_week_operator.py
[2024-12-22T02:46:47.345+0000] {logging_mixin.py:188} INFO - [2024-12-22T02:46:47.344+0000] {dag.py:3089} INFO - Sync 1 DAGs
[2024-12-22T02:46:47.359+0000] {logging_mixin.py:188} INFO - [2024-12-22T02:46:47.359+0000] {dag.py:3947} INFO - Setting next_dagrun for example_weekday_branch_operator to 2024-12-21 00:00:00+00:00, run_after=2024-12-22 00:00:00+00:00
[2024-12-22T02:46:47.372+0000] {processor.py:183} INFO - Processing /home/airflow/.local/lib/python3.12/site-packages/airflow/example_dags/example_branch_day_of_week_operator.py took 0.055 seconds
[2024-12-22T02:47:19.374+0000] {processor.py:161} INFO - Started process (PID=32632) to work on /home/airflow/.local/lib/python3.12/site-packages/airflow/example_dags/example_branch_day_of_week_operator.py
[2024-12-22T02:47:19.375+0000] {processor.py:830} INFO - Processing file /home/airflow/.local/lib/python3.12/site-packages/airflow/example_dags/example_branch_day_of_week_operator.py for tasks to queue
[2024-12-22T02:47:19.376+0000] {logging_mixin.py:188} INFO - [2024-12-22T02:47:19.376+0000] {dagbag.py:545} INFO - Filling up the DagBag from /home/airflow/.local/lib/python3.12/site-packages/airflow/example_dags/example_branch_day_of_week_operator.py
[2024-12-22T02:47:19.380+0000] {processor.py:840} INFO - DAG(s) 'example_weekday_branch_operator' retrieved from /home/airflow/.local/lib/python3.12/site-packages/airflow/example_dags/example_branch_day_of_week_operator.py
[2024-12-22T02:47:19.394+0000] {logging_mixin.py:188} INFO - [2024-12-22T02:47:19.394+0000] {dag.py:3089} INFO - Sync 1 DAGs
[2024-12-22T02:47:19.406+0000] {logging_mixin.py:188} INFO - [2024-12-22T02:47:19.405+0000] {dag.py:3947} INFO - Setting next_dagrun for example_weekday_branch_operator to 2024-12-21 00:00:00+00:00, run_after=2024-12-22 00:00:00+00:00
[2024-12-22T02:47:19.416+0000] {processor.py:183} INFO - Processing /home/airflow/.local/lib/python3.12/site-packages/airflow/example_dags/example_branch_day_of_week_operator.py took 0.047 seconds
[2024-12-22T02:47:52.227+0000] {processor.py:161} INFO - Started process (PID=32907) to work on /home/airflow/.local/lib/python3.12/site-packages/airflow/example_dags/example_branch_day_of_week_operator.py
[2024-12-22T02:47:52.228+0000] {processor.py:830} INFO - Processing file /home/airflow/.local/lib/python3.12/site-packages/airflow/example_dags/example_branch_day_of_week_operator.py for tasks to queue
[2024-12-22T02:47:52.230+0000] {logging_mixin.py:188} INFO - [2024-12-22T02:47:52.230+0000] {dagbag.py:545} INFO - Filling up the DagBag from /home/airflow/.local/lib/python3.12/site-packages/airflow/example_dags/example_branch_day_of_week_operator.py
[2024-12-22T02:47:52.234+0000] {processor.py:840} INFO - DAG(s) 'example_weekday_branch_operator' retrieved from /home/airflow/.local/lib/python3.12/site-packages/airflow/example_dags/example_branch_day_of_week_operator.py
[2024-12-22T02:47:52.249+0000] {logging_mixin.py:188} INFO - [2024-12-22T02:47:52.249+0000] {dag.py:3089} INFO - Sync 1 DAGs
[2024-12-22T02:47:52.262+0000] {logging_mixin.py:188} INFO - [2024-12-22T02:47:52.262+0000] {dag.py:3947} INFO - Setting next_dagrun for example_weekday_branch_operator to 2024-12-21 00:00:00+00:00, run_after=2024-12-22 00:00:00+00:00
[2024-12-22T02:47:52.273+0000] {processor.py:183} INFO - Processing /home/airflow/.local/lib/python3.12/site-packages/airflow/example_dags/example_branch_day_of_week_operator.py took 0.050 seconds
[2024-12-22T02:48:24.984+0000] {processor.py:161} INFO - Started process (PID=33186) to work on /home/airflow/.local/lib/python3.12/site-packages/airflow/example_dags/example_branch_day_of_week_operator.py
[2024-12-22T02:48:24.985+0000] {processor.py:830} INFO - Processing file /home/airflow/.local/lib/python3.12/site-packages/airflow/example_dags/example_branch_day_of_week_operator.py for tasks to queue
[2024-12-22T02:48:24.986+0000] {logging_mixin.py:188} INFO - [2024-12-22T02:48:24.986+0000] {dagbag.py:545} INFO - Filling up the DagBag from /home/airflow/.local/lib/python3.12/site-packages/airflow/example_dags/example_branch_day_of_week_operator.py
[2024-12-22T02:48:24.992+0000] {processor.py:840} INFO - DAG(s) 'example_weekday_branch_operator' retrieved from /home/airflow/.local/lib/python3.12/site-packages/airflow/example_dags/example_branch_day_of_week_operator.py
[2024-12-22T02:48:25.010+0000] {logging_mixin.py:188} INFO - [2024-12-22T02:48:25.010+0000] {dag.py:3089} INFO - Sync 1 DAGs
[2024-12-22T02:48:25.023+0000] {logging_mixin.py:188} INFO - [2024-12-22T02:48:25.022+0000] {dag.py:3947} INFO - Setting next_dagrun for example_weekday_branch_operator to 2024-12-21 00:00:00+00:00, run_after=2024-12-22 00:00:00+00:00
[2024-12-22T02:48:25.034+0000] {processor.py:183} INFO - Processing /home/airflow/.local/lib/python3.12/site-packages/airflow/example_dags/example_branch_day_of_week_operator.py took 0.054 seconds
[2024-12-22T02:48:57.659+0000] {processor.py:161} INFO - Started process (PID=33463) to work on /home/airflow/.local/lib/python3.12/site-packages/airflow/example_dags/example_branch_day_of_week_operator.py
[2024-12-22T02:48:57.661+0000] {processor.py:830} INFO - Processing file /home/airflow/.local/lib/python3.12/site-packages/airflow/example_dags/example_branch_day_of_week_operator.py for tasks to queue
[2024-12-22T02:48:57.663+0000] {logging_mixin.py:188} INFO - [2024-12-22T02:48:57.662+0000] {dagbag.py:545} INFO - Filling up the DagBag from /home/airflow/.local/lib/python3.12/site-packages/airflow/example_dags/example_branch_day_of_week_operator.py
[2024-12-22T02:48:57.668+0000] {processor.py:840} INFO - DAG(s) 'example_weekday_branch_operator' retrieved from /home/airflow/.local/lib/python3.12/site-packages/airflow/example_dags/example_branch_day_of_week_operator.py
[2024-12-22T02:48:57.684+0000] {logging_mixin.py:188} INFO - [2024-12-22T02:48:57.684+0000] {dag.py:3089} INFO - Sync 1 DAGs
[2024-12-22T02:48:57.696+0000] {logging_mixin.py:188} INFO - [2024-12-22T02:48:57.696+0000] {dag.py:3947} INFO - Setting next_dagrun for example_weekday_branch_operator to 2024-12-21 00:00:00+00:00, run_after=2024-12-22 00:00:00+00:00
[2024-12-22T02:48:57.707+0000] {processor.py:183} INFO - Processing /home/airflow/.local/lib/python3.12/site-packages/airflow/example_dags/example_branch_day_of_week_operator.py took 0.053 seconds
[2024-12-22T02:49:28.938+0000] {processor.py:161} INFO - Started process (PID=33740) to work on /home/airflow/.local/lib/python3.12/site-packages/airflow/example_dags/example_branch_day_of_week_operator.py
[2024-12-22T02:49:28.939+0000] {processor.py:830} INFO - Processing file /home/airflow/.local/lib/python3.12/site-packages/airflow/example_dags/example_branch_day_of_week_operator.py for tasks to queue
[2024-12-22T02:49:28.940+0000] {logging_mixin.py:188} INFO - [2024-12-22T02:49:28.940+0000] {dagbag.py:545} INFO - Filling up the DagBag from /home/airflow/.local/lib/python3.12/site-packages/airflow/example_dags/example_branch_day_of_week_operator.py
[2024-12-22T02:49:28.947+0000] {processor.py:840} INFO - DAG(s) 'example_weekday_branch_operator' retrieved from /home/airflow/.local/lib/python3.12/site-packages/airflow/example_dags/example_branch_day_of_week_operator.py
[2024-12-22T02:49:28.964+0000] {logging_mixin.py:188} INFO - [2024-12-22T02:49:28.964+0000] {dag.py:3089} INFO - Sync 1 DAGs
[2024-12-22T02:49:28.978+0000] {logging_mixin.py:188} INFO - [2024-12-22T02:49:28.977+0000] {dag.py:3947} INFO - Setting next_dagrun for example_weekday_branch_operator to 2024-12-21 00:00:00+00:00, run_after=2024-12-22 00:00:00+00:00
[2024-12-22T02:49:28.992+0000] {processor.py:183} INFO - Processing /home/airflow/.local/lib/python3.12/site-packages/airflow/example_dags/example_branch_day_of_week_operator.py took 0.059 seconds
[2024-12-22T02:50:00.049+0000] {processor.py:161} INFO - Started process (PID=34014) to work on /home/airflow/.local/lib/python3.12/site-packages/airflow/example_dags/example_branch_day_of_week_operator.py
[2024-12-22T02:50:00.050+0000] {processor.py:830} INFO - Processing file /home/airflow/.local/lib/python3.12/site-packages/airflow/example_dags/example_branch_day_of_week_operator.py for tasks to queue
[2024-12-22T02:50:00.052+0000] {logging_mixin.py:188} INFO - [2024-12-22T02:50:00.052+0000] {dagbag.py:545} INFO - Filling up the DagBag from /home/airflow/.local/lib/python3.12/site-packages/airflow/example_dags/example_branch_day_of_week_operator.py
[2024-12-22T02:50:00.058+0000] {processor.py:840} INFO - DAG(s) 'example_weekday_branch_operator' retrieved from /home/airflow/.local/lib/python3.12/site-packages/airflow/example_dags/example_branch_day_of_week_operator.py
[2024-12-22T02:50:00.074+0000] {logging_mixin.py:188} INFO - [2024-12-22T02:50:00.074+0000] {dag.py:3089} INFO - Sync 1 DAGs
[2024-12-22T02:50:00.088+0000] {logging_mixin.py:188} INFO - [2024-12-22T02:50:00.088+0000] {dag.py:3947} INFO - Setting next_dagrun for example_weekday_branch_operator to 2024-12-21 00:00:00+00:00, run_after=2024-12-22 00:00:00+00:00
[2024-12-22T02:50:00.108+0000] {processor.py:183} INFO - Processing /home/airflow/.local/lib/python3.12/site-packages/airflow/example_dags/example_branch_day_of_week_operator.py took 0.063 seconds
[2024-12-22T02:50:30.274+0000] {processor.py:161} INFO - Started process (PID=34292) to work on /home/airflow/.local/lib/python3.12/site-packages/airflow/example_dags/example_branch_day_of_week_operator.py
[2024-12-22T02:50:30.275+0000] {processor.py:830} INFO - Processing file /home/airflow/.local/lib/python3.12/site-packages/airflow/example_dags/example_branch_day_of_week_operator.py for tasks to queue
[2024-12-22T02:50:30.276+0000] {logging_mixin.py:188} INFO - [2024-12-22T02:50:30.276+0000] {dagbag.py:545} INFO - Filling up the DagBag from /home/airflow/.local/lib/python3.12/site-packages/airflow/example_dags/example_branch_day_of_week_operator.py
[2024-12-22T02:50:30.280+0000] {processor.py:840} INFO - DAG(s) 'example_weekday_branch_operator' retrieved from /home/airflow/.local/lib/python3.12/site-packages/airflow/example_dags/example_branch_day_of_week_operator.py
[2024-12-22T02:50:30.295+0000] {logging_mixin.py:188} INFO - [2024-12-22T02:50:30.295+0000] {dag.py:3089} INFO - Sync 1 DAGs
[2024-12-22T02:50:30.311+0000] {logging_mixin.py:188} INFO - [2024-12-22T02:50:30.311+0000] {dag.py:3947} INFO - Setting next_dagrun for example_weekday_branch_operator to 2024-12-21 00:00:00+00:00, run_after=2024-12-22 00:00:00+00:00
[2024-12-22T02:50:30.323+0000] {processor.py:183} INFO - Processing /home/airflow/.local/lib/python3.12/site-packages/airflow/example_dags/example_branch_day_of_week_operator.py took 0.054 seconds
[2024-12-22T02:51:01.051+0000] {processor.py:161} INFO - Started process (PID=34570) to work on /home/airflow/.local/lib/python3.12/site-packages/airflow/example_dags/example_branch_day_of_week_operator.py
[2024-12-22T02:51:01.052+0000] {processor.py:830} INFO - Processing file /home/airflow/.local/lib/python3.12/site-packages/airflow/example_dags/example_branch_day_of_week_operator.py for tasks to queue
[2024-12-22T02:51:01.053+0000] {logging_mixin.py:188} INFO - [2024-12-22T02:51:01.053+0000] {dagbag.py:545} INFO - Filling up the DagBag from /home/airflow/.local/lib/python3.12/site-packages/airflow/example_dags/example_branch_day_of_week_operator.py
[2024-12-22T02:51:01.059+0000] {processor.py:840} INFO - DAG(s) 'example_weekday_branch_operator' retrieved from /home/airflow/.local/lib/python3.12/site-packages/airflow/example_dags/example_branch_day_of_week_operator.py
[2024-12-22T02:51:01.072+0000] {logging_mixin.py:188} INFO - [2024-12-22T02:51:01.072+0000] {dag.py:3089} INFO - Sync 1 DAGs
[2024-12-22T02:51:01.084+0000] {logging_mixin.py:188} INFO - [2024-12-22T02:51:01.084+0000] {dag.py:3947} INFO - Setting next_dagrun for example_weekday_branch_operator to 2024-12-21 00:00:00+00:00, run_after=2024-12-22 00:00:00+00:00
[2024-12-22T02:51:01.096+0000] {processor.py:183} INFO - Processing /home/airflow/.local/lib/python3.12/site-packages/airflow/example_dags/example_branch_day_of_week_operator.py took 0.049 seconds
[2024-12-22T02:51:33.763+0000] {processor.py:161} INFO - Started process (PID=34846) to work on /home/airflow/.local/lib/python3.12/site-packages/airflow/example_dags/example_branch_day_of_week_operator.py
[2024-12-22T02:51:33.763+0000] {processor.py:830} INFO - Processing file /home/airflow/.local/lib/python3.12/site-packages/airflow/example_dags/example_branch_day_of_week_operator.py for tasks to queue
[2024-12-22T02:51:33.765+0000] {logging_mixin.py:188} INFO - [2024-12-22T02:51:33.765+0000] {dagbag.py:545} INFO - Filling up the DagBag from /home/airflow/.local/lib/python3.12/site-packages/airflow/example_dags/example_branch_day_of_week_operator.py
[2024-12-22T02:51:33.769+0000] {processor.py:840} INFO - DAG(s) 'example_weekday_branch_operator' retrieved from /home/airflow/.local/lib/python3.12/site-packages/airflow/example_dags/example_branch_day_of_week_operator.py
[2024-12-22T02:51:33.783+0000] {logging_mixin.py:188} INFO - [2024-12-22T02:51:33.783+0000] {dag.py:3089} INFO - Sync 1 DAGs
[2024-12-22T02:51:33.795+0000] {logging_mixin.py:188} INFO - [2024-12-22T02:51:33.795+0000] {dag.py:3947} INFO - Setting next_dagrun for example_weekday_branch_operator to 2024-12-21 00:00:00+00:00, run_after=2024-12-22 00:00:00+00:00
[2024-12-22T02:51:33.805+0000] {processor.py:183} INFO - Processing /home/airflow/.local/lib/python3.12/site-packages/airflow/example_dags/example_branch_day_of_week_operator.py took 0.047 seconds
[2024-12-22T02:52:07.007+0000] {processor.py:161} INFO - Started process (PID=35125) to work on /home/airflow/.local/lib/python3.12/site-packages/airflow/example_dags/example_branch_day_of_week_operator.py
[2024-12-22T02:52:07.008+0000] {processor.py:830} INFO - Processing file /home/airflow/.local/lib/python3.12/site-packages/airflow/example_dags/example_branch_day_of_week_operator.py for tasks to queue
[2024-12-22T02:52:07.009+0000] {logging_mixin.py:188} INFO - [2024-12-22T02:52:07.009+0000] {dagbag.py:545} INFO - Filling up the DagBag from /home/airflow/.local/lib/python3.12/site-packages/airflow/example_dags/example_branch_day_of_week_operator.py
[2024-12-22T02:52:07.015+0000] {processor.py:840} INFO - DAG(s) 'example_weekday_branch_operator' retrieved from /home/airflow/.local/lib/python3.12/site-packages/airflow/example_dags/example_branch_day_of_week_operator.py
[2024-12-22T02:52:07.029+0000] {logging_mixin.py:188} INFO - [2024-12-22T02:52:07.029+0000] {dag.py:3089} INFO - Sync 1 DAGs
[2024-12-22T02:52:07.041+0000] {logging_mixin.py:188} INFO - [2024-12-22T02:52:07.041+0000] {dag.py:3947} INFO - Setting next_dagrun for example_weekday_branch_operator to 2024-12-21 00:00:00+00:00, run_after=2024-12-22 00:00:00+00:00
[2024-12-22T02:52:07.051+0000] {processor.py:183} INFO - Processing /home/airflow/.local/lib/python3.12/site-packages/airflow/example_dags/example_branch_day_of_week_operator.py took 0.047 seconds
[2024-12-22T02:52:39.620+0000] {processor.py:161} INFO - Started process (PID=35400) to work on /home/airflow/.local/lib/python3.12/site-packages/airflow/example_dags/example_branch_day_of_week_operator.py
[2024-12-22T02:52:39.623+0000] {processor.py:830} INFO - Processing file /home/airflow/.local/lib/python3.12/site-packages/airflow/example_dags/example_branch_day_of_week_operator.py for tasks to queue
[2024-12-22T02:52:39.625+0000] {logging_mixin.py:188} INFO - [2024-12-22T02:52:39.625+0000] {dagbag.py:545} INFO - Filling up the DagBag from /home/airflow/.local/lib/python3.12/site-packages/airflow/example_dags/example_branch_day_of_week_operator.py
[2024-12-22T02:52:39.634+0000] {processor.py:840} INFO - DAG(s) 'example_weekday_branch_operator' retrieved from /home/airflow/.local/lib/python3.12/site-packages/airflow/example_dags/example_branch_day_of_week_operator.py
[2024-12-22T02:52:39.657+0000] {logging_mixin.py:188} INFO - [2024-12-22T02:52:39.657+0000] {dag.py:3089} INFO - Sync 1 DAGs
[2024-12-22T02:52:39.681+0000] {logging_mixin.py:188} INFO - [2024-12-22T02:52:39.681+0000] {dag.py:3947} INFO - Setting next_dagrun for example_weekday_branch_operator to 2024-12-21 00:00:00+00:00, run_after=2024-12-22 00:00:00+00:00
[2024-12-22T02:52:39.697+0000] {processor.py:183} INFO - Processing /home/airflow/.local/lib/python3.12/site-packages/airflow/example_dags/example_branch_day_of_week_operator.py took 0.081 seconds
[2024-12-22T02:53:09.811+0000] {processor.py:161} INFO - Started process (PID=35677) to work on /home/airflow/.local/lib/python3.12/site-packages/airflow/example_dags/example_branch_day_of_week_operator.py
[2024-12-22T02:53:09.811+0000] {processor.py:830} INFO - Processing file /home/airflow/.local/lib/python3.12/site-packages/airflow/example_dags/example_branch_day_of_week_operator.py for tasks to queue
[2024-12-22T02:53:09.813+0000] {logging_mixin.py:188} INFO - [2024-12-22T02:53:09.813+0000] {dagbag.py:545} INFO - Filling up the DagBag from /home/airflow/.local/lib/python3.12/site-packages/airflow/example_dags/example_branch_day_of_week_operator.py
[2024-12-22T02:53:09.819+0000] {processor.py:840} INFO - DAG(s) 'example_weekday_branch_operator' retrieved from /home/airflow/.local/lib/python3.12/site-packages/airflow/example_dags/example_branch_day_of_week_operator.py
[2024-12-22T02:53:09.837+0000] {logging_mixin.py:188} INFO - [2024-12-22T02:53:09.837+0000] {dag.py:3089} INFO - Sync 1 DAGs
[2024-12-22T02:53:09.852+0000] {logging_mixin.py:188} INFO - [2024-12-22T02:53:09.852+0000] {dag.py:3947} INFO - Setting next_dagrun for example_weekday_branch_operator to 2024-12-21 00:00:00+00:00, run_after=2024-12-22 00:00:00+00:00
[2024-12-22T02:53:09.866+0000] {processor.py:183} INFO - Processing /home/airflow/.local/lib/python3.12/site-packages/airflow/example_dags/example_branch_day_of_week_operator.py took 0.059 seconds
[2024-12-22T02:53:41.057+0000] {processor.py:161} INFO - Started process (PID=35956) to work on /home/airflow/.local/lib/python3.12/site-packages/airflow/example_dags/example_branch_day_of_week_operator.py
[2024-12-22T02:53:41.058+0000] {processor.py:830} INFO - Processing file /home/airflow/.local/lib/python3.12/site-packages/airflow/example_dags/example_branch_day_of_week_operator.py for tasks to queue
[2024-12-22T02:53:41.059+0000] {logging_mixin.py:188} INFO - [2024-12-22T02:53:41.059+0000] {dagbag.py:545} INFO - Filling up the DagBag from /home/airflow/.local/lib/python3.12/site-packages/airflow/example_dags/example_branch_day_of_week_operator.py
[2024-12-22T02:53:41.065+0000] {processor.py:840} INFO - DAG(s) 'example_weekday_branch_operator' retrieved from /home/airflow/.local/lib/python3.12/site-packages/airflow/example_dags/example_branch_day_of_week_operator.py
[2024-12-22T02:53:41.079+0000] {logging_mixin.py:188} INFO - [2024-12-22T02:53:41.079+0000] {dag.py:3089} INFO - Sync 1 DAGs
[2024-12-22T02:53:41.093+0000] {logging_mixin.py:188} INFO - [2024-12-22T02:53:41.093+0000] {dag.py:3947} INFO - Setting next_dagrun for example_weekday_branch_operator to 2024-12-21 00:00:00+00:00, run_after=2024-12-22 00:00:00+00:00
[2024-12-22T02:53:41.105+0000] {processor.py:183} INFO - Processing /home/airflow/.local/lib/python3.12/site-packages/airflow/example_dags/example_branch_day_of_week_operator.py took 0.052 seconds
[2024-12-22T02:54:12.295+0000] {processor.py:161} INFO - Started process (PID=36233) to work on /home/airflow/.local/lib/python3.12/site-packages/airflow/example_dags/example_branch_day_of_week_operator.py
[2024-12-22T02:54:12.296+0000] {processor.py:830} INFO - Processing file /home/airflow/.local/lib/python3.12/site-packages/airflow/example_dags/example_branch_day_of_week_operator.py for tasks to queue
[2024-12-22T02:54:12.298+0000] {logging_mixin.py:188} INFO - [2024-12-22T02:54:12.297+0000] {dagbag.py:545} INFO - Filling up the DagBag from /home/airflow/.local/lib/python3.12/site-packages/airflow/example_dags/example_branch_day_of_week_operator.py
[2024-12-22T02:54:12.303+0000] {processor.py:840} INFO - DAG(s) 'example_weekday_branch_operator' retrieved from /home/airflow/.local/lib/python3.12/site-packages/airflow/example_dags/example_branch_day_of_week_operator.py
[2024-12-22T02:54:12.320+0000] {logging_mixin.py:188} INFO - [2024-12-22T02:54:12.320+0000] {dag.py:3089} INFO - Sync 1 DAGs
[2024-12-22T02:54:12.340+0000] {logging_mixin.py:188} INFO - [2024-12-22T02:54:12.340+0000] {dag.py:3947} INFO - Setting next_dagrun for example_weekday_branch_operator to 2024-12-21 00:00:00+00:00, run_after=2024-12-22 00:00:00+00:00
[2024-12-22T02:54:12.353+0000] {processor.py:183} INFO - Processing /home/airflow/.local/lib/python3.12/site-packages/airflow/example_dags/example_branch_day_of_week_operator.py took 0.062 seconds
[2024-12-22T02:54:43.009+0000] {processor.py:161} INFO - Started process (PID=36509) to work on /home/airflow/.local/lib/python3.12/site-packages/airflow/example_dags/example_branch_day_of_week_operator.py
[2024-12-22T02:54:43.010+0000] {processor.py:830} INFO - Processing file /home/airflow/.local/lib/python3.12/site-packages/airflow/example_dags/example_branch_day_of_week_operator.py for tasks to queue
[2024-12-22T02:54:43.012+0000] {logging_mixin.py:188} INFO - [2024-12-22T02:54:43.011+0000] {dagbag.py:545} INFO - Filling up the DagBag from /home/airflow/.local/lib/python3.12/site-packages/airflow/example_dags/example_branch_day_of_week_operator.py
[2024-12-22T02:54:43.016+0000] {processor.py:840} INFO - DAG(s) 'example_weekday_branch_operator' retrieved from /home/airflow/.local/lib/python3.12/site-packages/airflow/example_dags/example_branch_day_of_week_operator.py
[2024-12-22T02:54:43.031+0000] {logging_mixin.py:188} INFO - [2024-12-22T02:54:43.031+0000] {dag.py:3089} INFO - Sync 1 DAGs
[2024-12-22T02:54:43.164+0000] {logging_mixin.py:188} INFO - [2024-12-22T02:54:43.164+0000] {dag.py:3947} INFO - Setting next_dagrun for example_weekday_branch_operator to 2024-12-21 00:00:00+00:00, run_after=2024-12-22 00:00:00+00:00
[2024-12-22T02:54:43.176+0000] {processor.py:183} INFO - Processing /home/airflow/.local/lib/python3.12/site-packages/airflow/example_dags/example_branch_day_of_week_operator.py took 0.171 seconds
[2024-12-22T02:55:15.538+0000] {processor.py:161} INFO - Started process (PID=36787) to work on /home/airflow/.local/lib/python3.12/site-packages/airflow/example_dags/example_branch_day_of_week_operator.py
[2024-12-22T02:55:15.539+0000] {processor.py:830} INFO - Processing file /home/airflow/.local/lib/python3.12/site-packages/airflow/example_dags/example_branch_day_of_week_operator.py for tasks to queue
[2024-12-22T02:55:15.540+0000] {logging_mixin.py:188} INFO - [2024-12-22T02:55:15.540+0000] {dagbag.py:545} INFO - Filling up the DagBag from /home/airflow/.local/lib/python3.12/site-packages/airflow/example_dags/example_branch_day_of_week_operator.py
[2024-12-22T02:55:15.545+0000] {processor.py:840} INFO - DAG(s) 'example_weekday_branch_operator' retrieved from /home/airflow/.local/lib/python3.12/site-packages/airflow/example_dags/example_branch_day_of_week_operator.py
[2024-12-22T02:55:15.559+0000] {logging_mixin.py:188} INFO - [2024-12-22T02:55:15.559+0000] {dag.py:3089} INFO - Sync 1 DAGs
[2024-12-22T02:55:15.572+0000] {logging_mixin.py:188} INFO - [2024-12-22T02:55:15.571+0000] {dag.py:3947} INFO - Setting next_dagrun for example_weekday_branch_operator to 2024-12-21 00:00:00+00:00, run_after=2024-12-22 00:00:00+00:00
[2024-12-22T02:55:15.676+0000] {processor.py:183} INFO - Processing /home/airflow/.local/lib/python3.12/site-packages/airflow/example_dags/example_branch_day_of_week_operator.py took 0.142 seconds
[2024-12-22T02:55:48.490+0000] {processor.py:161} INFO - Started process (PID=37062) to work on /home/airflow/.local/lib/python3.12/site-packages/airflow/example_dags/example_branch_day_of_week_operator.py
[2024-12-22T02:55:48.491+0000] {processor.py:830} INFO - Processing file /home/airflow/.local/lib/python3.12/site-packages/airflow/example_dags/example_branch_day_of_week_operator.py for tasks to queue
[2024-12-22T02:55:48.492+0000] {logging_mixin.py:188} INFO - [2024-12-22T02:55:48.492+0000] {dagbag.py:545} INFO - Filling up the DagBag from /home/airflow/.local/lib/python3.12/site-packages/airflow/example_dags/example_branch_day_of_week_operator.py
[2024-12-22T02:55:48.497+0000] {processor.py:840} INFO - DAG(s) 'example_weekday_branch_operator' retrieved from /home/airflow/.local/lib/python3.12/site-packages/airflow/example_dags/example_branch_day_of_week_operator.py
[2024-12-22T02:55:48.513+0000] {logging_mixin.py:188} INFO - [2024-12-22T02:55:48.513+0000] {dag.py:3089} INFO - Sync 1 DAGs
[2024-12-22T02:55:48.526+0000] {logging_mixin.py:188} INFO - [2024-12-22T02:55:48.525+0000] {dag.py:3947} INFO - Setting next_dagrun for example_weekday_branch_operator to 2024-12-21 00:00:00+00:00, run_after=2024-12-22 00:00:00+00:00
[2024-12-22T02:55:48.539+0000] {processor.py:183} INFO - Processing /home/airflow/.local/lib/python3.12/site-packages/airflow/example_dags/example_branch_day_of_week_operator.py took 0.054 seconds
[2024-12-22T02:56:19.482+0000] {processor.py:161} INFO - Started process (PID=37339) to work on /home/airflow/.local/lib/python3.12/site-packages/airflow/example_dags/example_branch_day_of_week_operator.py
[2024-12-22T02:56:19.483+0000] {processor.py:830} INFO - Processing file /home/airflow/.local/lib/python3.12/site-packages/airflow/example_dags/example_branch_day_of_week_operator.py for tasks to queue
[2024-12-22T02:56:19.485+0000] {logging_mixin.py:188} INFO - [2024-12-22T02:56:19.485+0000] {dagbag.py:545} INFO - Filling up the DagBag from /home/airflow/.local/lib/python3.12/site-packages/airflow/example_dags/example_branch_day_of_week_operator.py
[2024-12-22T02:56:19.490+0000] {processor.py:840} INFO - DAG(s) 'example_weekday_branch_operator' retrieved from /home/airflow/.local/lib/python3.12/site-packages/airflow/example_dags/example_branch_day_of_week_operator.py
[2024-12-22T02:56:19.508+0000] {logging_mixin.py:188} INFO - [2024-12-22T02:56:19.508+0000] {dag.py:3089} INFO - Sync 1 DAGs
[2024-12-22T02:56:19.524+0000] {logging_mixin.py:188} INFO - [2024-12-22T02:56:19.524+0000] {dag.py:3947} INFO - Setting next_dagrun for example_weekday_branch_operator to 2024-12-21 00:00:00+00:00, run_after=2024-12-22 00:00:00+00:00
[2024-12-22T02:56:19.538+0000] {processor.py:183} INFO - Processing /home/airflow/.local/lib/python3.12/site-packages/airflow/example_dags/example_branch_day_of_week_operator.py took 0.060 seconds
[2024-12-22T02:56:50.267+0000] {processor.py:161} INFO - Started process (PID=37616) to work on /home/airflow/.local/lib/python3.12/site-packages/airflow/example_dags/example_branch_day_of_week_operator.py
[2024-12-22T02:56:50.268+0000] {processor.py:830} INFO - Processing file /home/airflow/.local/lib/python3.12/site-packages/airflow/example_dags/example_branch_day_of_week_operator.py for tasks to queue
[2024-12-22T02:56:50.269+0000] {logging_mixin.py:188} INFO - [2024-12-22T02:56:50.269+0000] {dagbag.py:545} INFO - Filling up the DagBag from /home/airflow/.local/lib/python3.12/site-packages/airflow/example_dags/example_branch_day_of_week_operator.py
[2024-12-22T02:56:50.274+0000] {processor.py:840} INFO - DAG(s) 'example_weekday_branch_operator' retrieved from /home/airflow/.local/lib/python3.12/site-packages/airflow/example_dags/example_branch_day_of_week_operator.py
[2024-12-22T02:56:50.290+0000] {logging_mixin.py:188} INFO - [2024-12-22T02:56:50.290+0000] {dag.py:3089} INFO - Sync 1 DAGs
[2024-12-22T02:56:50.305+0000] {logging_mixin.py:188} INFO - [2024-12-22T02:56:50.305+0000] {dag.py:3947} INFO - Setting next_dagrun for example_weekday_branch_operator to 2024-12-21 00:00:00+00:00, run_after=2024-12-22 00:00:00+00:00
[2024-12-22T02:56:50.318+0000] {processor.py:183} INFO - Processing /home/airflow/.local/lib/python3.12/site-packages/airflow/example_dags/example_branch_day_of_week_operator.py took 0.056 seconds
[2024-12-22T02:57:20.850+0000] {processor.py:161} INFO - Started process (PID=37894) to work on /home/airflow/.local/lib/python3.12/site-packages/airflow/example_dags/example_branch_day_of_week_operator.py
[2024-12-22T02:57:20.851+0000] {processor.py:830} INFO - Processing file /home/airflow/.local/lib/python3.12/site-packages/airflow/example_dags/example_branch_day_of_week_operator.py for tasks to queue
[2024-12-22T02:57:20.852+0000] {logging_mixin.py:188} INFO - [2024-12-22T02:57:20.852+0000] {dagbag.py:545} INFO - Filling up the DagBag from /home/airflow/.local/lib/python3.12/site-packages/airflow/example_dags/example_branch_day_of_week_operator.py
[2024-12-22T02:57:20.860+0000] {processor.py:840} INFO - DAG(s) 'example_weekday_branch_operator' retrieved from /home/airflow/.local/lib/python3.12/site-packages/airflow/example_dags/example_branch_day_of_week_operator.py
[2024-12-22T02:57:20.881+0000] {logging_mixin.py:188} INFO - [2024-12-22T02:57:20.881+0000] {dag.py:3089} INFO - Sync 1 DAGs
[2024-12-22T02:57:20.895+0000] {logging_mixin.py:188} INFO - [2024-12-22T02:57:20.895+0000] {dag.py:3947} INFO - Setting next_dagrun for example_weekday_branch_operator to 2024-12-21 00:00:00+00:00, run_after=2024-12-22 00:00:00+00:00
[2024-12-22T02:57:20.908+0000] {processor.py:183} INFO - Processing /home/airflow/.local/lib/python3.12/site-packages/airflow/example_dags/example_branch_day_of_week_operator.py took 0.062 seconds
[2024-12-22T02:57:51.937+0000] {processor.py:161} INFO - Started process (PID=38173) to work on /home/airflow/.local/lib/python3.12/site-packages/airflow/example_dags/example_branch_day_of_week_operator.py
[2024-12-22T02:57:51.938+0000] {processor.py:830} INFO - Processing file /home/airflow/.local/lib/python3.12/site-packages/airflow/example_dags/example_branch_day_of_week_operator.py for tasks to queue
[2024-12-22T02:57:51.939+0000] {logging_mixin.py:188} INFO - [2024-12-22T02:57:51.939+0000] {dagbag.py:545} INFO - Filling up the DagBag from /home/airflow/.local/lib/python3.12/site-packages/airflow/example_dags/example_branch_day_of_week_operator.py
[2024-12-22T02:57:51.944+0000] {processor.py:840} INFO - DAG(s) 'example_weekday_branch_operator' retrieved from /home/airflow/.local/lib/python3.12/site-packages/airflow/example_dags/example_branch_day_of_week_operator.py
[2024-12-22T02:57:51.959+0000] {logging_mixin.py:188} INFO - [2024-12-22T02:57:51.958+0000] {dag.py:3089} INFO - Sync 1 DAGs
[2024-12-22T02:57:51.972+0000] {logging_mixin.py:188} INFO - [2024-12-22T02:57:51.972+0000] {dag.py:3947} INFO - Setting next_dagrun for example_weekday_branch_operator to 2024-12-21 00:00:00+00:00, run_after=2024-12-22 00:00:00+00:00
[2024-12-22T02:57:51.982+0000] {processor.py:183} INFO - Processing /home/airflow/.local/lib/python3.12/site-packages/airflow/example_dags/example_branch_day_of_week_operator.py took 0.049 seconds
[2024-12-22T02:58:24.376+0000] {processor.py:161} INFO - Started process (PID=38449) to work on /home/airflow/.local/lib/python3.12/site-packages/airflow/example_dags/example_branch_day_of_week_operator.py
[2024-12-22T02:58:24.377+0000] {processor.py:830} INFO - Processing file /home/airflow/.local/lib/python3.12/site-packages/airflow/example_dags/example_branch_day_of_week_operator.py for tasks to queue
[2024-12-22T02:58:24.379+0000] {logging_mixin.py:188} INFO - [2024-12-22T02:58:24.378+0000] {dagbag.py:545} INFO - Filling up the DagBag from /home/airflow/.local/lib/python3.12/site-packages/airflow/example_dags/example_branch_day_of_week_operator.py
[2024-12-22T02:58:24.383+0000] {processor.py:840} INFO - DAG(s) 'example_weekday_branch_operator' retrieved from /home/airflow/.local/lib/python3.12/site-packages/airflow/example_dags/example_branch_day_of_week_operator.py
[2024-12-22T02:58:24.398+0000] {logging_mixin.py:188} INFO - [2024-12-22T02:58:24.398+0000] {dag.py:3089} INFO - Sync 1 DAGs
[2024-12-22T02:58:24.412+0000] {logging_mixin.py:188} INFO - [2024-12-22T02:58:24.412+0000] {dag.py:3947} INFO - Setting next_dagrun for example_weekday_branch_operator to 2024-12-21 00:00:00+00:00, run_after=2024-12-22 00:00:00+00:00
[2024-12-22T02:58:24.423+0000] {processor.py:183} INFO - Processing /home/airflow/.local/lib/python3.12/site-packages/airflow/example_dags/example_branch_day_of_week_operator.py took 0.051 seconds
[2024-12-22T02:58:56.777+0000] {processor.py:161} INFO - Started process (PID=38728) to work on /home/airflow/.local/lib/python3.12/site-packages/airflow/example_dags/example_branch_day_of_week_operator.py
[2024-12-22T02:58:56.777+0000] {processor.py:830} INFO - Processing file /home/airflow/.local/lib/python3.12/site-packages/airflow/example_dags/example_branch_day_of_week_operator.py for tasks to queue
[2024-12-22T02:58:56.778+0000] {logging_mixin.py:188} INFO - [2024-12-22T02:58:56.778+0000] {dagbag.py:545} INFO - Filling up the DagBag from /home/airflow/.local/lib/python3.12/site-packages/airflow/example_dags/example_branch_day_of_week_operator.py
[2024-12-22T02:58:56.782+0000] {processor.py:840} INFO - DAG(s) 'example_weekday_branch_operator' retrieved from /home/airflow/.local/lib/python3.12/site-packages/airflow/example_dags/example_branch_day_of_week_operator.py
[2024-12-22T02:58:56.796+0000] {logging_mixin.py:188} INFO - [2024-12-22T02:58:56.796+0000] {dag.py:3089} INFO - Sync 1 DAGs
[2024-12-22T02:58:56.806+0000] {logging_mixin.py:188} INFO - [2024-12-22T02:58:56.806+0000] {dag.py:3947} INFO - Setting next_dagrun for example_weekday_branch_operator to 2024-12-21 00:00:00+00:00, run_after=2024-12-22 00:00:00+00:00
[2024-12-22T02:58:56.818+0000] {processor.py:183} INFO - Processing /home/airflow/.local/lib/python3.12/site-packages/airflow/example_dags/example_branch_day_of_week_operator.py took 0.045 seconds
[2024-12-22T02:59:29.090+0000] {processor.py:161} INFO - Started process (PID=39003) to work on /home/airflow/.local/lib/python3.12/site-packages/airflow/example_dags/example_branch_day_of_week_operator.py
[2024-12-22T02:59:29.090+0000] {processor.py:830} INFO - Processing file /home/airflow/.local/lib/python3.12/site-packages/airflow/example_dags/example_branch_day_of_week_operator.py for tasks to queue
[2024-12-22T02:59:29.092+0000] {logging_mixin.py:188} INFO - [2024-12-22T02:59:29.092+0000] {dagbag.py:545} INFO - Filling up the DagBag from /home/airflow/.local/lib/python3.12/site-packages/airflow/example_dags/example_branch_day_of_week_operator.py
[2024-12-22T02:59:29.096+0000] {processor.py:840} INFO - DAG(s) 'example_weekday_branch_operator' retrieved from /home/airflow/.local/lib/python3.12/site-packages/airflow/example_dags/example_branch_day_of_week_operator.py
[2024-12-22T02:59:29.113+0000] {logging_mixin.py:188} INFO - [2024-12-22T02:59:29.112+0000] {dag.py:3089} INFO - Sync 1 DAGs
[2024-12-22T02:59:29.125+0000] {logging_mixin.py:188} INFO - [2024-12-22T02:59:29.125+0000] {dag.py:3947} INFO - Setting next_dagrun for example_weekday_branch_operator to 2024-12-21 00:00:00+00:00, run_after=2024-12-22 00:00:00+00:00
[2024-12-22T02:59:29.137+0000] {processor.py:183} INFO - Processing /home/airflow/.local/lib/python3.12/site-packages/airflow/example_dags/example_branch_day_of_week_operator.py took 0.053 seconds
[2024-12-22T03:00:00.259+0000] {processor.py:161} INFO - Started process (PID=39280) to work on /home/airflow/.local/lib/python3.12/site-packages/airflow/example_dags/example_branch_day_of_week_operator.py
[2024-12-22T03:00:00.260+0000] {processor.py:830} INFO - Processing file /home/airflow/.local/lib/python3.12/site-packages/airflow/example_dags/example_branch_day_of_week_operator.py for tasks to queue
[2024-12-22T03:00:00.261+0000] {logging_mixin.py:188} INFO - [2024-12-22T03:00:00.261+0000] {dagbag.py:545} INFO - Filling up the DagBag from /home/airflow/.local/lib/python3.12/site-packages/airflow/example_dags/example_branch_day_of_week_operator.py
[2024-12-22T03:00:00.266+0000] {processor.py:840} INFO - DAG(s) 'example_weekday_branch_operator' retrieved from /home/airflow/.local/lib/python3.12/site-packages/airflow/example_dags/example_branch_day_of_week_operator.py
[2024-12-22T03:00:00.281+0000] {logging_mixin.py:188} INFO - [2024-12-22T03:00:00.281+0000] {dag.py:3089} INFO - Sync 1 DAGs
[2024-12-22T03:00:00.294+0000] {logging_mixin.py:188} INFO - [2024-12-22T03:00:00.294+0000] {dag.py:3947} INFO - Setting next_dagrun for example_weekday_branch_operator to 2024-12-21 00:00:00+00:00, run_after=2024-12-22 00:00:00+00:00
[2024-12-22T03:00:00.305+0000] {processor.py:183} INFO - Processing /home/airflow/.local/lib/python3.12/site-packages/airflow/example_dags/example_branch_day_of_week_operator.py took 0.051 seconds
[2024-12-22T03:00:31.057+0000] {processor.py:161} INFO - Started process (PID=39557) to work on /home/airflow/.local/lib/python3.12/site-packages/airflow/example_dags/example_branch_day_of_week_operator.py
[2024-12-22T03:00:31.058+0000] {processor.py:830} INFO - Processing file /home/airflow/.local/lib/python3.12/site-packages/airflow/example_dags/example_branch_day_of_week_operator.py for tasks to queue
[2024-12-22T03:00:31.060+0000] {logging_mixin.py:188} INFO - [2024-12-22T03:00:31.059+0000] {dagbag.py:545} INFO - Filling up the DagBag from /home/airflow/.local/lib/python3.12/site-packages/airflow/example_dags/example_branch_day_of_week_operator.py
[2024-12-22T03:00:31.065+0000] {processor.py:840} INFO - DAG(s) 'example_weekday_branch_operator' retrieved from /home/airflow/.local/lib/python3.12/site-packages/airflow/example_dags/example_branch_day_of_week_operator.py
[2024-12-22T03:00:31.082+0000] {logging_mixin.py:188} INFO - [2024-12-22T03:00:31.082+0000] {dag.py:3089} INFO - Sync 1 DAGs
[2024-12-22T03:00:31.095+0000] {logging_mixin.py:188} INFO - [2024-12-22T03:00:31.095+0000] {dag.py:3947} INFO - Setting next_dagrun for example_weekday_branch_operator to 2024-12-21 00:00:00+00:00, run_after=2024-12-22 00:00:00+00:00
[2024-12-22T03:00:31.108+0000] {processor.py:183} INFO - Processing /home/airflow/.local/lib/python3.12/site-packages/airflow/example_dags/example_branch_day_of_week_operator.py took 0.055 seconds
[2024-12-22T03:01:01.847+0000] {processor.py:161} INFO - Started process (PID=39836) to work on /home/airflow/.local/lib/python3.12/site-packages/airflow/example_dags/example_branch_day_of_week_operator.py
[2024-12-22T03:01:01.848+0000] {processor.py:830} INFO - Processing file /home/airflow/.local/lib/python3.12/site-packages/airflow/example_dags/example_branch_day_of_week_operator.py for tasks to queue
[2024-12-22T03:01:01.849+0000] {logging_mixin.py:188} INFO - [2024-12-22T03:01:01.849+0000] {dagbag.py:545} INFO - Filling up the DagBag from /home/airflow/.local/lib/python3.12/site-packages/airflow/example_dags/example_branch_day_of_week_operator.py
[2024-12-22T03:01:01.855+0000] {processor.py:840} INFO - DAG(s) 'example_weekday_branch_operator' retrieved from /home/airflow/.local/lib/python3.12/site-packages/airflow/example_dags/example_branch_day_of_week_operator.py
[2024-12-22T03:01:01.871+0000] {logging_mixin.py:188} INFO - [2024-12-22T03:01:01.871+0000] {dag.py:3089} INFO - Sync 1 DAGs
[2024-12-22T03:01:01.885+0000] {logging_mixin.py:188} INFO - [2024-12-22T03:01:01.885+0000] {dag.py:3947} INFO - Setting next_dagrun for example_weekday_branch_operator to 2024-12-21 00:00:00+00:00, run_after=2024-12-22 00:00:00+00:00
[2024-12-22T03:01:01.898+0000] {processor.py:183} INFO - Processing /home/airflow/.local/lib/python3.12/site-packages/airflow/example_dags/example_branch_day_of_week_operator.py took 0.055 seconds
[2024-12-22T03:01:32.911+0000] {processor.py:161} INFO - Started process (PID=40112) to work on /home/airflow/.local/lib/python3.12/site-packages/airflow/example_dags/example_branch_day_of_week_operator.py
[2024-12-22T03:01:32.912+0000] {processor.py:830} INFO - Processing file /home/airflow/.local/lib/python3.12/site-packages/airflow/example_dags/example_branch_day_of_week_operator.py for tasks to queue
[2024-12-22T03:01:32.913+0000] {logging_mixin.py:188} INFO - [2024-12-22T03:01:32.913+0000] {dagbag.py:545} INFO - Filling up the DagBag from /home/airflow/.local/lib/python3.12/site-packages/airflow/example_dags/example_branch_day_of_week_operator.py
[2024-12-22T03:01:32.917+0000] {processor.py:840} INFO - DAG(s) 'example_weekday_branch_operator' retrieved from /home/airflow/.local/lib/python3.12/site-packages/airflow/example_dags/example_branch_day_of_week_operator.py
[2024-12-22T03:01:32.932+0000] {logging_mixin.py:188} INFO - [2024-12-22T03:01:32.932+0000] {dag.py:3089} INFO - Sync 1 DAGs
[2024-12-22T03:01:32.945+0000] {logging_mixin.py:188} INFO - [2024-12-22T03:01:32.945+0000] {dag.py:3947} INFO - Setting next_dagrun for example_weekday_branch_operator to 2024-12-21 00:00:00+00:00, run_after=2024-12-22 00:00:00+00:00
[2024-12-22T03:01:32.956+0000] {processor.py:183} INFO - Processing /home/airflow/.local/lib/python3.12/site-packages/airflow/example_dags/example_branch_day_of_week_operator.py took 0.050 seconds
[2024-12-22T03:02:05.355+0000] {processor.py:161} INFO - Started process (PID=40391) to work on /home/airflow/.local/lib/python3.12/site-packages/airflow/example_dags/example_branch_day_of_week_operator.py
[2024-12-22T03:02:05.356+0000] {processor.py:830} INFO - Processing file /home/airflow/.local/lib/python3.12/site-packages/airflow/example_dags/example_branch_day_of_week_operator.py for tasks to queue
[2024-12-22T03:02:05.357+0000] {logging_mixin.py:188} INFO - [2024-12-22T03:02:05.357+0000] {dagbag.py:545} INFO - Filling up the DagBag from /home/airflow/.local/lib/python3.12/site-packages/airflow/example_dags/example_branch_day_of_week_operator.py
[2024-12-22T03:02:05.361+0000] {processor.py:840} INFO - DAG(s) 'example_weekday_branch_operator' retrieved from /home/airflow/.local/lib/python3.12/site-packages/airflow/example_dags/example_branch_day_of_week_operator.py
[2024-12-22T03:02:05.375+0000] {logging_mixin.py:188} INFO - [2024-12-22T03:02:05.375+0000] {dag.py:3089} INFO - Sync 1 DAGs
[2024-12-22T03:02:05.386+0000] {logging_mixin.py:188} INFO - [2024-12-22T03:02:05.386+0000] {dag.py:3947} INFO - Setting next_dagrun for example_weekday_branch_operator to 2024-12-21 00:00:00+00:00, run_after=2024-12-22 00:00:00+00:00
[2024-12-22T03:02:05.397+0000] {processor.py:183} INFO - Processing /home/airflow/.local/lib/python3.12/site-packages/airflow/example_dags/example_branch_day_of_week_operator.py took 0.046 seconds
[2024-12-22T03:02:37.902+0000] {processor.py:161} INFO - Started process (PID=40666) to work on /home/airflow/.local/lib/python3.12/site-packages/airflow/example_dags/example_branch_day_of_week_operator.py
[2024-12-22T03:02:37.902+0000] {processor.py:830} INFO - Processing file /home/airflow/.local/lib/python3.12/site-packages/airflow/example_dags/example_branch_day_of_week_operator.py for tasks to queue
[2024-12-22T03:02:37.903+0000] {logging_mixin.py:188} INFO - [2024-12-22T03:02:37.903+0000] {dagbag.py:545} INFO - Filling up the DagBag from /home/airflow/.local/lib/python3.12/site-packages/airflow/example_dags/example_branch_day_of_week_operator.py
[2024-12-22T03:02:37.908+0000] {processor.py:840} INFO - DAG(s) 'example_weekday_branch_operator' retrieved from /home/airflow/.local/lib/python3.12/site-packages/airflow/example_dags/example_branch_day_of_week_operator.py
[2024-12-22T03:02:37.923+0000] {logging_mixin.py:188} INFO - [2024-12-22T03:02:37.923+0000] {dag.py:3089} INFO - Sync 1 DAGs
[2024-12-22T03:02:37.937+0000] {logging_mixin.py:188} INFO - [2024-12-22T03:02:37.936+0000] {dag.py:3947} INFO - Setting next_dagrun for example_weekday_branch_operator to 2024-12-21 00:00:00+00:00, run_after=2024-12-22 00:00:00+00:00
[2024-12-22T03:02:37.948+0000] {processor.py:183} INFO - Processing /home/airflow/.local/lib/python3.12/site-packages/airflow/example_dags/example_branch_day_of_week_operator.py took 0.051 seconds
[2024-12-22T03:03:11.132+0000] {processor.py:161} INFO - Started process (PID=40943) to work on /home/airflow/.local/lib/python3.12/site-packages/airflow/example_dags/example_branch_day_of_week_operator.py
[2024-12-22T03:03:11.133+0000] {processor.py:830} INFO - Processing file /home/airflow/.local/lib/python3.12/site-packages/airflow/example_dags/example_branch_day_of_week_operator.py for tasks to queue
[2024-12-22T03:03:11.135+0000] {logging_mixin.py:188} INFO - [2024-12-22T03:03:11.134+0000] {dagbag.py:545} INFO - Filling up the DagBag from /home/airflow/.local/lib/python3.12/site-packages/airflow/example_dags/example_branch_day_of_week_operator.py
[2024-12-22T03:03:11.140+0000] {processor.py:840} INFO - DAG(s) 'example_weekday_branch_operator' retrieved from /home/airflow/.local/lib/python3.12/site-packages/airflow/example_dags/example_branch_day_of_week_operator.py
[2024-12-22T03:03:11.155+0000] {logging_mixin.py:188} INFO - [2024-12-22T03:03:11.155+0000] {dag.py:3089} INFO - Sync 1 DAGs
[2024-12-22T03:03:11.170+0000] {logging_mixin.py:188} INFO - [2024-12-22T03:03:11.170+0000] {dag.py:3947} INFO - Setting next_dagrun for example_weekday_branch_operator to 2024-12-21 00:00:00+00:00, run_after=2024-12-22 00:00:00+00:00
[2024-12-22T03:03:11.182+0000] {processor.py:183} INFO - Processing /home/airflow/.local/lib/python3.12/site-packages/airflow/example_dags/example_branch_day_of_week_operator.py took 0.055 seconds
[2024-12-22T03:03:41.270+0000] {processor.py:161} INFO - Started process (PID=41222) to work on /home/airflow/.local/lib/python3.12/site-packages/airflow/example_dags/example_branch_day_of_week_operator.py
[2024-12-22T03:03:41.272+0000] {processor.py:830} INFO - Processing file /home/airflow/.local/lib/python3.12/site-packages/airflow/example_dags/example_branch_day_of_week_operator.py for tasks to queue
[2024-12-22T03:03:41.275+0000] {logging_mixin.py:188} INFO - [2024-12-22T03:03:41.274+0000] {dagbag.py:545} INFO - Filling up the DagBag from /home/airflow/.local/lib/python3.12/site-packages/airflow/example_dags/example_branch_day_of_week_operator.py
[2024-12-22T03:03:41.280+0000] {processor.py:840} INFO - DAG(s) 'example_weekday_branch_operator' retrieved from /home/airflow/.local/lib/python3.12/site-packages/airflow/example_dags/example_branch_day_of_week_operator.py
[2024-12-22T03:03:41.297+0000] {logging_mixin.py:188} INFO - [2024-12-22T03:03:41.296+0000] {dag.py:3089} INFO - Sync 1 DAGs
[2024-12-22T03:03:41.310+0000] {logging_mixin.py:188} INFO - [2024-12-22T03:03:41.309+0000] {dag.py:3947} INFO - Setting next_dagrun for example_weekday_branch_operator to 2024-12-21 00:00:00+00:00, run_after=2024-12-22 00:00:00+00:00
[2024-12-22T03:03:41.321+0000] {processor.py:183} INFO - Processing /home/airflow/.local/lib/python3.12/site-packages/airflow/example_dags/example_branch_day_of_week_operator.py took 0.056 seconds
[2024-12-22T03:04:12.066+0000] {processor.py:161} INFO - Started process (PID=41499) to work on /home/airflow/.local/lib/python3.12/site-packages/airflow/example_dags/example_branch_day_of_week_operator.py
[2024-12-22T03:04:12.067+0000] {processor.py:830} INFO - Processing file /home/airflow/.local/lib/python3.12/site-packages/airflow/example_dags/example_branch_day_of_week_operator.py for tasks to queue
[2024-12-22T03:04:12.068+0000] {logging_mixin.py:188} INFO - [2024-12-22T03:04:12.068+0000] {dagbag.py:545} INFO - Filling up the DagBag from /home/airflow/.local/lib/python3.12/site-packages/airflow/example_dags/example_branch_day_of_week_operator.py
[2024-12-22T03:04:12.075+0000] {processor.py:840} INFO - DAG(s) 'example_weekday_branch_operator' retrieved from /home/airflow/.local/lib/python3.12/site-packages/airflow/example_dags/example_branch_day_of_week_operator.py
[2024-12-22T03:04:12.091+0000] {logging_mixin.py:188} INFO - [2024-12-22T03:04:12.091+0000] {dag.py:3089} INFO - Sync 1 DAGs
[2024-12-22T03:04:12.106+0000] {logging_mixin.py:188} INFO - [2024-12-22T03:04:12.106+0000] {dag.py:3947} INFO - Setting next_dagrun for example_weekday_branch_operator to 2024-12-21 00:00:00+00:00, run_after=2024-12-22 00:00:00+00:00
[2024-12-22T03:04:12.118+0000] {processor.py:183} INFO - Processing /home/airflow/.local/lib/python3.12/site-packages/airflow/example_dags/example_branch_day_of_week_operator.py took 0.056 seconds
