[2024-12-22T01:45:51.668+0000] {processor.py:161} INFO - Started process (PID=251) to work on /home/airflow/.local/lib/python3.12/site-packages/airflow/example_dags/example_branch_datetime_operator.py
[2024-12-22T01:45:51.669+0000] {processor.py:830} INFO - Processing file /home/airflow/.local/lib/python3.12/site-packages/airflow/example_dags/example_branch_datetime_operator.py for tasks to queue
[2024-12-22T01:45:51.671+0000] {logging_mixin.py:188} INFO - [2024-12-22T01:45:51.670+0000] {dagbag.py:545} INFO - Filling up the DagBag from /home/airflow/.local/lib/python3.12/site-packages/airflow/example_dags/example_branch_datetime_operator.py
[2024-12-22T01:45:51.682+0000] {processor.py:840} INFO - DAG(s) 'example_branch_datetime_operator_2', 'example_branch_datetime_operator', 'example_branch_datetime_operator_3' retrieved from /home/airflow/.local/lib/python3.12/site-packages/airflow/example_dags/example_branch_datetime_operator.py
[2024-12-22T01:45:51.698+0000] {logging_mixin.py:188} INFO - [2024-12-22T01:45:51.697+0000] {dag.py:3089} INFO - Sync 3 DAGs
[2024-12-22T01:45:51.714+0000] {logging_mixin.py:188} INFO - [2024-12-22T01:45:51.714+0000] {dag.py:3947} INFO - Setting next_dagrun for example_branch_datetime_operator to 2024-12-21 00:00:00+00:00, run_after=2024-12-22 00:00:00+00:00
[2024-12-22T01:45:51.718+0000] {logging_mixin.py:188} INFO - [2024-12-22T01:45:51.718+0000] {dag.py:3947} INFO - Setting next_dagrun for example_branch_datetime_operator_2 to 2024-12-21 00:00:00+00:00, run_after=2024-12-22 00:00:00+00:00
[2024-12-22T01:45:51.720+0000] {logging_mixin.py:188} INFO - [2024-12-22T01:45:51.720+0000] {dag.py:3947} INFO - Setting next_dagrun for example_branch_datetime_operator_3 to 2024-12-21 00:00:00+00:00, run_after=2024-12-22 00:00:00+00:00
[2024-12-22T01:45:51.733+0000] {processor.py:183} INFO - Processing /home/airflow/.local/lib/python3.12/site-packages/airflow/example_dags/example_branch_datetime_operator.py took 0.068 seconds
[2024-12-22T01:46:21.973+0000] {processor.py:161} INFO - Started process (PID=528) to work on /home/airflow/.local/lib/python3.12/site-packages/airflow/example_dags/example_branch_datetime_operator.py
[2024-12-22T01:46:21.974+0000] {processor.py:830} INFO - Processing file /home/airflow/.local/lib/python3.12/site-packages/airflow/example_dags/example_branch_datetime_operator.py for tasks to queue
[2024-12-22T01:46:21.976+0000] {logging_mixin.py:188} INFO - [2024-12-22T01:46:21.976+0000] {dagbag.py:545} INFO - Filling up the DagBag from /home/airflow/.local/lib/python3.12/site-packages/airflow/example_dags/example_branch_datetime_operator.py
[2024-12-22T01:46:21.982+0000] {processor.py:840} INFO - DAG(s) 'example_branch_datetime_operator_3', 'example_branch_datetime_operator', 'example_branch_datetime_operator_2' retrieved from /home/airflow/.local/lib/python3.12/site-packages/airflow/example_dags/example_branch_datetime_operator.py
[2024-12-22T01:46:22.055+0000] {logging_mixin.py:188} INFO - [2024-12-22T01:46:22.055+0000] {dag.py:3089} INFO - Sync 3 DAGs
[2024-12-22T01:46:22.064+0000] {logging_mixin.py:188} INFO - [2024-12-22T01:46:22.064+0000] {dag.py:3947} INFO - Setting next_dagrun for example_branch_datetime_operator to 2024-12-21 00:00:00+00:00, run_after=2024-12-22 00:00:00+00:00
[2024-12-22T01:46:22.066+0000] {logging_mixin.py:188} INFO - [2024-12-22T01:46:22.066+0000] {dag.py:3947} INFO - Setting next_dagrun for example_branch_datetime_operator_2 to 2024-12-21 00:00:00+00:00, run_after=2024-12-22 00:00:00+00:00
[2024-12-22T01:46:22.067+0000] {logging_mixin.py:188} INFO - [2024-12-22T01:46:22.067+0000] {dag.py:3947} INFO - Setting next_dagrun for example_branch_datetime_operator_3 to 2024-12-21 00:00:00+00:00, run_after=2024-12-22 00:00:00+00:00
[2024-12-22T01:46:22.077+0000] {processor.py:183} INFO - Processing /home/airflow/.local/lib/python3.12/site-packages/airflow/example_dags/example_branch_datetime_operator.py took 0.108 seconds
[2024-12-22T01:46:52.352+0000] {processor.py:161} INFO - Started process (PID=803) to work on /home/airflow/.local/lib/python3.12/site-packages/airflow/example_dags/example_branch_datetime_operator.py
[2024-12-22T01:46:52.353+0000] {processor.py:830} INFO - Processing file /home/airflow/.local/lib/python3.12/site-packages/airflow/example_dags/example_branch_datetime_operator.py for tasks to queue
[2024-12-22T01:46:52.354+0000] {logging_mixin.py:188} INFO - [2024-12-22T01:46:52.354+0000] {dagbag.py:545} INFO - Filling up the DagBag from /home/airflow/.local/lib/python3.12/site-packages/airflow/example_dags/example_branch_datetime_operator.py
[2024-12-22T01:46:52.359+0000] {processor.py:840} INFO - DAG(s) 'example_branch_datetime_operator', 'example_branch_datetime_operator_2', 'example_branch_datetime_operator_3' retrieved from /home/airflow/.local/lib/python3.12/site-packages/airflow/example_dags/example_branch_datetime_operator.py
[2024-12-22T01:46:52.376+0000] {logging_mixin.py:188} INFO - [2024-12-22T01:46:52.376+0000] {dag.py:3089} INFO - Sync 3 DAGs
[2024-12-22T01:46:52.388+0000] {logging_mixin.py:188} INFO - [2024-12-22T01:46:52.388+0000] {dag.py:3947} INFO - Setting next_dagrun for example_branch_datetime_operator to 2024-12-21 00:00:00+00:00, run_after=2024-12-22 00:00:00+00:00
[2024-12-22T01:46:52.391+0000] {logging_mixin.py:188} INFO - [2024-12-22T01:46:52.391+0000] {dag.py:3947} INFO - Setting next_dagrun for example_branch_datetime_operator_2 to 2024-12-21 00:00:00+00:00, run_after=2024-12-22 00:00:00+00:00
[2024-12-22T01:46:52.393+0000] {logging_mixin.py:188} INFO - [2024-12-22T01:46:52.393+0000] {dag.py:3947} INFO - Setting next_dagrun for example_branch_datetime_operator_3 to 2024-12-21 00:00:00+00:00, run_after=2024-12-22 00:00:00+00:00
[2024-12-22T01:46:52.402+0000] {processor.py:183} INFO - Processing /home/airflow/.local/lib/python3.12/site-packages/airflow/example_dags/example_branch_datetime_operator.py took 0.053 seconds
[2024-12-22T01:47:22.721+0000] {processor.py:161} INFO - Started process (PID=1080) to work on /home/airflow/.local/lib/python3.12/site-packages/airflow/example_dags/example_branch_datetime_operator.py
[2024-12-22T01:47:22.721+0000] {processor.py:830} INFO - Processing file /home/airflow/.local/lib/python3.12/site-packages/airflow/example_dags/example_branch_datetime_operator.py for tasks to queue
[2024-12-22T01:47:22.723+0000] {logging_mixin.py:188} INFO - [2024-12-22T01:47:22.722+0000] {dagbag.py:545} INFO - Filling up the DagBag from /home/airflow/.local/lib/python3.12/site-packages/airflow/example_dags/example_branch_datetime_operator.py
[2024-12-22T01:47:22.728+0000] {processor.py:840} INFO - DAG(s) 'example_branch_datetime_operator_2', 'example_branch_datetime_operator_3', 'example_branch_datetime_operator' retrieved from /home/airflow/.local/lib/python3.12/site-packages/airflow/example_dags/example_branch_datetime_operator.py
[2024-12-22T01:47:22.744+0000] {logging_mixin.py:188} INFO - [2024-12-22T01:47:22.744+0000] {dag.py:3089} INFO - Sync 3 DAGs
[2024-12-22T01:47:22.757+0000] {logging_mixin.py:188} INFO - [2024-12-22T01:47:22.757+0000] {dag.py:3947} INFO - Setting next_dagrun for example_branch_datetime_operator to 2024-12-21 00:00:00+00:00, run_after=2024-12-22 00:00:00+00:00
[2024-12-22T01:47:22.759+0000] {logging_mixin.py:188} INFO - [2024-12-22T01:47:22.759+0000] {dag.py:3947} INFO - Setting next_dagrun for example_branch_datetime_operator_2 to 2024-12-21 00:00:00+00:00, run_after=2024-12-22 00:00:00+00:00
[2024-12-22T01:47:22.760+0000] {logging_mixin.py:188} INFO - [2024-12-22T01:47:22.760+0000] {dag.py:3947} INFO - Setting next_dagrun for example_branch_datetime_operator_3 to 2024-12-21 00:00:00+00:00, run_after=2024-12-22 00:00:00+00:00
[2024-12-22T01:47:22.770+0000] {processor.py:183} INFO - Processing /home/airflow/.local/lib/python3.12/site-packages/airflow/example_dags/example_branch_datetime_operator.py took 0.053 seconds
[2024-12-22T01:47:52.973+0000] {processor.py:161} INFO - Started process (PID=1358) to work on /home/airflow/.local/lib/python3.12/site-packages/airflow/example_dags/example_branch_datetime_operator.py
[2024-12-22T01:47:52.974+0000] {processor.py:830} INFO - Processing file /home/airflow/.local/lib/python3.12/site-packages/airflow/example_dags/example_branch_datetime_operator.py for tasks to queue
[2024-12-22T01:47:52.975+0000] {logging_mixin.py:188} INFO - [2024-12-22T01:47:52.975+0000] {dagbag.py:545} INFO - Filling up the DagBag from /home/airflow/.local/lib/python3.12/site-packages/airflow/example_dags/example_branch_datetime_operator.py
[2024-12-22T01:47:52.981+0000] {processor.py:840} INFO - DAG(s) 'example_branch_datetime_operator', 'example_branch_datetime_operator_3', 'example_branch_datetime_operator_2' retrieved from /home/airflow/.local/lib/python3.12/site-packages/airflow/example_dags/example_branch_datetime_operator.py
[2024-12-22T01:47:53.000+0000] {logging_mixin.py:188} INFO - [2024-12-22T01:47:53.000+0000] {dag.py:3089} INFO - Sync 3 DAGs
[2024-12-22T01:47:53.013+0000] {logging_mixin.py:188} INFO - [2024-12-22T01:47:53.013+0000] {dag.py:3947} INFO - Setting next_dagrun for example_branch_datetime_operator to 2024-12-21 00:00:00+00:00, run_after=2024-12-22 00:00:00+00:00
[2024-12-22T01:47:53.017+0000] {logging_mixin.py:188} INFO - [2024-12-22T01:47:53.017+0000] {dag.py:3947} INFO - Setting next_dagrun for example_branch_datetime_operator_2 to 2024-12-21 00:00:00+00:00, run_after=2024-12-22 00:00:00+00:00
[2024-12-22T01:47:53.018+0000] {logging_mixin.py:188} INFO - [2024-12-22T01:47:53.018+0000] {dag.py:3947} INFO - Setting next_dagrun for example_branch_datetime_operator_3 to 2024-12-21 00:00:00+00:00, run_after=2024-12-22 00:00:00+00:00
[2024-12-22T01:47:53.028+0000] {processor.py:183} INFO - Processing /home/airflow/.local/lib/python3.12/site-packages/airflow/example_dags/example_branch_datetime_operator.py took 0.059 seconds
[2024-12-22T01:48:23.477+0000] {processor.py:161} INFO - Started process (PID=1637) to work on /home/airflow/.local/lib/python3.12/site-packages/airflow/example_dags/example_branch_datetime_operator.py
[2024-12-22T01:48:23.478+0000] {processor.py:830} INFO - Processing file /home/airflow/.local/lib/python3.12/site-packages/airflow/example_dags/example_branch_datetime_operator.py for tasks to queue
[2024-12-22T01:48:23.479+0000] {logging_mixin.py:188} INFO - [2024-12-22T01:48:23.479+0000] {dagbag.py:545} INFO - Filling up the DagBag from /home/airflow/.local/lib/python3.12/site-packages/airflow/example_dags/example_branch_datetime_operator.py
[2024-12-22T01:48:23.484+0000] {processor.py:840} INFO - DAG(s) 'example_branch_datetime_operator_3', 'example_branch_datetime_operator', 'example_branch_datetime_operator_2' retrieved from /home/airflow/.local/lib/python3.12/site-packages/airflow/example_dags/example_branch_datetime_operator.py
[2024-12-22T01:48:23.502+0000] {logging_mixin.py:188} INFO - [2024-12-22T01:48:23.502+0000] {dag.py:3089} INFO - Sync 3 DAGs
[2024-12-22T01:48:23.515+0000] {logging_mixin.py:188} INFO - [2024-12-22T01:48:23.514+0000] {dag.py:3947} INFO - Setting next_dagrun for example_branch_datetime_operator to 2024-12-21 00:00:00+00:00, run_after=2024-12-22 00:00:00+00:00
[2024-12-22T01:48:23.518+0000] {logging_mixin.py:188} INFO - [2024-12-22T01:48:23.518+0000] {dag.py:3947} INFO - Setting next_dagrun for example_branch_datetime_operator_2 to 2024-12-21 00:00:00+00:00, run_after=2024-12-22 00:00:00+00:00
[2024-12-22T01:48:23.520+0000] {logging_mixin.py:188} INFO - [2024-12-22T01:48:23.520+0000] {dag.py:3947} INFO - Setting next_dagrun for example_branch_datetime_operator_3 to 2024-12-21 00:00:00+00:00, run_after=2024-12-22 00:00:00+00:00
[2024-12-22T01:48:23.529+0000] {processor.py:183} INFO - Processing /home/airflow/.local/lib/python3.12/site-packages/airflow/example_dags/example_branch_datetime_operator.py took 0.056 seconds
[2024-12-22T01:48:53.594+0000] {processor.py:161} INFO - Started process (PID=1912) to work on /home/airflow/.local/lib/python3.12/site-packages/airflow/example_dags/example_branch_datetime_operator.py
[2024-12-22T01:48:53.595+0000] {processor.py:830} INFO - Processing file /home/airflow/.local/lib/python3.12/site-packages/airflow/example_dags/example_branch_datetime_operator.py for tasks to queue
[2024-12-22T01:48:53.596+0000] {logging_mixin.py:188} INFO - [2024-12-22T01:48:53.596+0000] {dagbag.py:545} INFO - Filling up the DagBag from /home/airflow/.local/lib/python3.12/site-packages/airflow/example_dags/example_branch_datetime_operator.py
[2024-12-22T01:48:53.602+0000] {processor.py:840} INFO - DAG(s) 'example_branch_datetime_operator', 'example_branch_datetime_operator_3', 'example_branch_datetime_operator_2' retrieved from /home/airflow/.local/lib/python3.12/site-packages/airflow/example_dags/example_branch_datetime_operator.py
[2024-12-22T01:48:53.616+0000] {logging_mixin.py:188} INFO - [2024-12-22T01:48:53.616+0000] {dag.py:3089} INFO - Sync 3 DAGs
[2024-12-22T01:48:53.628+0000] {logging_mixin.py:188} INFO - [2024-12-22T01:48:53.628+0000] {dag.py:3947} INFO - Setting next_dagrun for example_branch_datetime_operator to 2024-12-21 00:00:00+00:00, run_after=2024-12-22 00:00:00+00:00
[2024-12-22T01:48:53.630+0000] {logging_mixin.py:188} INFO - [2024-12-22T01:48:53.630+0000] {dag.py:3947} INFO - Setting next_dagrun for example_branch_datetime_operator_2 to 2024-12-21 00:00:00+00:00, run_after=2024-12-22 00:00:00+00:00
[2024-12-22T01:48:53.631+0000] {logging_mixin.py:188} INFO - [2024-12-22T01:48:53.631+0000] {dag.py:3947} INFO - Setting next_dagrun for example_branch_datetime_operator_3 to 2024-12-21 00:00:00+00:00, run_after=2024-12-22 00:00:00+00:00
[2024-12-22T01:48:53.639+0000] {processor.py:183} INFO - Processing /home/airflow/.local/lib/python3.12/site-packages/airflow/example_dags/example_branch_datetime_operator.py took 0.049 seconds
[2024-12-22T01:49:24.343+0000] {processor.py:161} INFO - Started process (PID=2189) to work on /home/airflow/.local/lib/python3.12/site-packages/airflow/example_dags/example_branch_datetime_operator.py
[2024-12-22T01:49:24.344+0000] {processor.py:830} INFO - Processing file /home/airflow/.local/lib/python3.12/site-packages/airflow/example_dags/example_branch_datetime_operator.py for tasks to queue
[2024-12-22T01:49:24.345+0000] {logging_mixin.py:188} INFO - [2024-12-22T01:49:24.344+0000] {dagbag.py:545} INFO - Filling up the DagBag from /home/airflow/.local/lib/python3.12/site-packages/airflow/example_dags/example_branch_datetime_operator.py
[2024-12-22T01:49:24.351+0000] {processor.py:840} INFO - DAG(s) 'example_branch_datetime_operator_2', 'example_branch_datetime_operator', 'example_branch_datetime_operator_3' retrieved from /home/airflow/.local/lib/python3.12/site-packages/airflow/example_dags/example_branch_datetime_operator.py
[2024-12-22T01:49:24.367+0000] {logging_mixin.py:188} INFO - [2024-12-22T01:49:24.366+0000] {dag.py:3089} INFO - Sync 3 DAGs
[2024-12-22T01:49:24.379+0000] {logging_mixin.py:188} INFO - [2024-12-22T01:49:24.378+0000] {dag.py:3947} INFO - Setting next_dagrun for example_branch_datetime_operator to 2024-12-21 00:00:00+00:00, run_after=2024-12-22 00:00:00+00:00
[2024-12-22T01:49:24.382+0000] {logging_mixin.py:188} INFO - [2024-12-22T01:49:24.382+0000] {dag.py:3947} INFO - Setting next_dagrun for example_branch_datetime_operator_2 to 2024-12-21 00:00:00+00:00, run_after=2024-12-22 00:00:00+00:00
[2024-12-22T01:49:24.383+0000] {logging_mixin.py:188} INFO - [2024-12-22T01:49:24.383+0000] {dag.py:3947} INFO - Setting next_dagrun for example_branch_datetime_operator_3 to 2024-12-21 00:00:00+00:00, run_after=2024-12-22 00:00:00+00:00
[2024-12-22T01:49:24.394+0000] {processor.py:183} INFO - Processing /home/airflow/.local/lib/python3.12/site-packages/airflow/example_dags/example_branch_datetime_operator.py took 0.055 seconds
[2024-12-22T01:49:54.669+0000] {processor.py:161} INFO - Started process (PID=2468) to work on /home/airflow/.local/lib/python3.12/site-packages/airflow/example_dags/example_branch_datetime_operator.py
[2024-12-22T01:49:54.670+0000] {processor.py:830} INFO - Processing file /home/airflow/.local/lib/python3.12/site-packages/airflow/example_dags/example_branch_datetime_operator.py for tasks to queue
[2024-12-22T01:49:54.671+0000] {logging_mixin.py:188} INFO - [2024-12-22T01:49:54.671+0000] {dagbag.py:545} INFO - Filling up the DagBag from /home/airflow/.local/lib/python3.12/site-packages/airflow/example_dags/example_branch_datetime_operator.py
[2024-12-22T01:49:54.676+0000] {processor.py:840} INFO - DAG(s) 'example_branch_datetime_operator_3', 'example_branch_datetime_operator', 'example_branch_datetime_operator_2' retrieved from /home/airflow/.local/lib/python3.12/site-packages/airflow/example_dags/example_branch_datetime_operator.py
[2024-12-22T01:49:54.696+0000] {logging_mixin.py:188} INFO - [2024-12-22T01:49:54.696+0000] {dag.py:3089} INFO - Sync 3 DAGs
[2024-12-22T01:49:54.707+0000] {logging_mixin.py:188} INFO - [2024-12-22T01:49:54.707+0000] {dag.py:3947} INFO - Setting next_dagrun for example_branch_datetime_operator to 2024-12-21 00:00:00+00:00, run_after=2024-12-22 00:00:00+00:00
[2024-12-22T01:49:54.709+0000] {logging_mixin.py:188} INFO - [2024-12-22T01:49:54.709+0000] {dag.py:3947} INFO - Setting next_dagrun for example_branch_datetime_operator_2 to 2024-12-21 00:00:00+00:00, run_after=2024-12-22 00:00:00+00:00
[2024-12-22T01:49:54.710+0000] {logging_mixin.py:188} INFO - [2024-12-22T01:49:54.710+0000] {dag.py:3947} INFO - Setting next_dagrun for example_branch_datetime_operator_3 to 2024-12-21 00:00:00+00:00, run_after=2024-12-22 00:00:00+00:00
[2024-12-22T01:49:54.718+0000] {processor.py:183} INFO - Processing /home/airflow/.local/lib/python3.12/site-packages/airflow/example_dags/example_branch_datetime_operator.py took 0.053 seconds
[2024-12-22T01:50:25.489+0000] {processor.py:161} INFO - Started process (PID=2745) to work on /home/airflow/.local/lib/python3.12/site-packages/airflow/example_dags/example_branch_datetime_operator.py
[2024-12-22T01:50:25.490+0000] {processor.py:830} INFO - Processing file /home/airflow/.local/lib/python3.12/site-packages/airflow/example_dags/example_branch_datetime_operator.py for tasks to queue
[2024-12-22T01:50:25.491+0000] {logging_mixin.py:188} INFO - [2024-12-22T01:50:25.491+0000] {dagbag.py:545} INFO - Filling up the DagBag from /home/airflow/.local/lib/python3.12/site-packages/airflow/example_dags/example_branch_datetime_operator.py
[2024-12-22T01:50:25.496+0000] {processor.py:840} INFO - DAG(s) 'example_branch_datetime_operator_3', 'example_branch_datetime_operator', 'example_branch_datetime_operator_2' retrieved from /home/airflow/.local/lib/python3.12/site-packages/airflow/example_dags/example_branch_datetime_operator.py
[2024-12-22T01:50:25.512+0000] {logging_mixin.py:188} INFO - [2024-12-22T01:50:25.512+0000] {dag.py:3089} INFO - Sync 3 DAGs
[2024-12-22T01:50:25.524+0000] {logging_mixin.py:188} INFO - [2024-12-22T01:50:25.524+0000] {dag.py:3947} INFO - Setting next_dagrun for example_branch_datetime_operator to 2024-12-21 00:00:00+00:00, run_after=2024-12-22 00:00:00+00:00
[2024-12-22T01:50:25.526+0000] {logging_mixin.py:188} INFO - [2024-12-22T01:50:25.526+0000] {dag.py:3947} INFO - Setting next_dagrun for example_branch_datetime_operator_2 to 2024-12-21 00:00:00+00:00, run_after=2024-12-22 00:00:00+00:00
[2024-12-22T01:50:25.528+0000] {logging_mixin.py:188} INFO - [2024-12-22T01:50:25.528+0000] {dag.py:3947} INFO - Setting next_dagrun for example_branch_datetime_operator_3 to 2024-12-21 00:00:00+00:00, run_after=2024-12-22 00:00:00+00:00
[2024-12-22T01:50:25.539+0000] {processor.py:183} INFO - Processing /home/airflow/.local/lib/python3.12/site-packages/airflow/example_dags/example_branch_datetime_operator.py took 0.054 seconds
[2024-12-22T01:50:58.363+0000] {processor.py:161} INFO - Started process (PID=3020) to work on /home/airflow/.local/lib/python3.12/site-packages/airflow/example_dags/example_branch_datetime_operator.py
[2024-12-22T01:50:58.364+0000] {processor.py:830} INFO - Processing file /home/airflow/.local/lib/python3.12/site-packages/airflow/example_dags/example_branch_datetime_operator.py for tasks to queue
[2024-12-22T01:50:58.366+0000] {logging_mixin.py:188} INFO - [2024-12-22T01:50:58.365+0000] {dagbag.py:545} INFO - Filling up the DagBag from /home/airflow/.local/lib/python3.12/site-packages/airflow/example_dags/example_branch_datetime_operator.py
[2024-12-22T01:50:58.371+0000] {processor.py:840} INFO - DAG(s) 'example_branch_datetime_operator_2', 'example_branch_datetime_operator', 'example_branch_datetime_operator_3' retrieved from /home/airflow/.local/lib/python3.12/site-packages/airflow/example_dags/example_branch_datetime_operator.py
[2024-12-22T01:50:58.391+0000] {logging_mixin.py:188} INFO - [2024-12-22T01:50:58.391+0000] {dag.py:3089} INFO - Sync 3 DAGs
[2024-12-22T01:50:58.404+0000] {logging_mixin.py:188} INFO - [2024-12-22T01:50:58.404+0000] {dag.py:3947} INFO - Setting next_dagrun for example_branch_datetime_operator to 2024-12-21 00:00:00+00:00, run_after=2024-12-22 00:00:00+00:00
[2024-12-22T01:50:58.407+0000] {logging_mixin.py:188} INFO - [2024-12-22T01:50:58.407+0000] {dag.py:3947} INFO - Setting next_dagrun for example_branch_datetime_operator_2 to 2024-12-21 00:00:00+00:00, run_after=2024-12-22 00:00:00+00:00
[2024-12-22T01:50:58.408+0000] {logging_mixin.py:188} INFO - [2024-12-22T01:50:58.408+0000] {dag.py:3947} INFO - Setting next_dagrun for example_branch_datetime_operator_3 to 2024-12-21 00:00:00+00:00, run_after=2024-12-22 00:00:00+00:00
[2024-12-22T01:50:58.418+0000] {processor.py:183} INFO - Processing /home/airflow/.local/lib/python3.12/site-packages/airflow/example_dags/example_branch_datetime_operator.py took 0.060 seconds
[2024-12-22T01:51:31.478+0000] {processor.py:161} INFO - Started process (PID=3297) to work on /home/airflow/.local/lib/python3.12/site-packages/airflow/example_dags/example_branch_datetime_operator.py
[2024-12-22T01:51:31.479+0000] {processor.py:830} INFO - Processing file /home/airflow/.local/lib/python3.12/site-packages/airflow/example_dags/example_branch_datetime_operator.py for tasks to queue
[2024-12-22T01:51:31.480+0000] {logging_mixin.py:188} INFO - [2024-12-22T01:51:31.480+0000] {dagbag.py:545} INFO - Filling up the DagBag from /home/airflow/.local/lib/python3.12/site-packages/airflow/example_dags/example_branch_datetime_operator.py
[2024-12-22T01:51:31.486+0000] {processor.py:840} INFO - DAG(s) 'example_branch_datetime_operator_3', 'example_branch_datetime_operator_2', 'example_branch_datetime_operator' retrieved from /home/airflow/.local/lib/python3.12/site-packages/airflow/example_dags/example_branch_datetime_operator.py
[2024-12-22T01:51:31.504+0000] {logging_mixin.py:188} INFO - [2024-12-22T01:51:31.504+0000] {dag.py:3089} INFO - Sync 3 DAGs
[2024-12-22T01:51:31.517+0000] {logging_mixin.py:188} INFO - [2024-12-22T01:51:31.517+0000] {dag.py:3947} INFO - Setting next_dagrun for example_branch_datetime_operator to 2024-12-21 00:00:00+00:00, run_after=2024-12-22 00:00:00+00:00
[2024-12-22T01:51:31.520+0000] {logging_mixin.py:188} INFO - [2024-12-22T01:51:31.520+0000] {dag.py:3947} INFO - Setting next_dagrun for example_branch_datetime_operator_2 to 2024-12-21 00:00:00+00:00, run_after=2024-12-22 00:00:00+00:00
[2024-12-22T01:51:31.522+0000] {logging_mixin.py:188} INFO - [2024-12-22T01:51:31.522+0000] {dag.py:3947} INFO - Setting next_dagrun for example_branch_datetime_operator_3 to 2024-12-21 00:00:00+00:00, run_after=2024-12-22 00:00:00+00:00
[2024-12-22T01:51:31.531+0000] {processor.py:183} INFO - Processing /home/airflow/.local/lib/python3.12/site-packages/airflow/example_dags/example_branch_datetime_operator.py took 0.057 seconds
[2024-12-22T01:52:02.016+0000] {processor.py:161} INFO - Started process (PID=3574) to work on /home/airflow/.local/lib/python3.12/site-packages/airflow/example_dags/example_branch_datetime_operator.py
[2024-12-22T01:52:02.017+0000] {processor.py:830} INFO - Processing file /home/airflow/.local/lib/python3.12/site-packages/airflow/example_dags/example_branch_datetime_operator.py for tasks to queue
[2024-12-22T01:52:02.018+0000] {logging_mixin.py:188} INFO - [2024-12-22T01:52:02.018+0000] {dagbag.py:545} INFO - Filling up the DagBag from /home/airflow/.local/lib/python3.12/site-packages/airflow/example_dags/example_branch_datetime_operator.py
[2024-12-22T01:52:02.025+0000] {processor.py:840} INFO - DAG(s) 'example_branch_datetime_operator_3', 'example_branch_datetime_operator_2', 'example_branch_datetime_operator' retrieved from /home/airflow/.local/lib/python3.12/site-packages/airflow/example_dags/example_branch_datetime_operator.py
[2024-12-22T01:52:02.042+0000] {logging_mixin.py:188} INFO - [2024-12-22T01:52:02.042+0000] {dag.py:3089} INFO - Sync 3 DAGs
[2024-12-22T01:52:02.055+0000] {logging_mixin.py:188} INFO - [2024-12-22T01:52:02.055+0000] {dag.py:3947} INFO - Setting next_dagrun for example_branch_datetime_operator to 2024-12-21 00:00:00+00:00, run_after=2024-12-22 00:00:00+00:00
[2024-12-22T01:52:02.057+0000] {logging_mixin.py:188} INFO - [2024-12-22T01:52:02.057+0000] {dag.py:3947} INFO - Setting next_dagrun for example_branch_datetime_operator_2 to 2024-12-21 00:00:00+00:00, run_after=2024-12-22 00:00:00+00:00
[2024-12-22T01:52:02.059+0000] {logging_mixin.py:188} INFO - [2024-12-22T01:52:02.059+0000] {dag.py:3947} INFO - Setting next_dagrun for example_branch_datetime_operator_3 to 2024-12-21 00:00:00+00:00, run_after=2024-12-22 00:00:00+00:00
[2024-12-22T01:52:02.068+0000] {processor.py:183} INFO - Processing /home/airflow/.local/lib/python3.12/site-packages/airflow/example_dags/example_branch_datetime_operator.py took 0.056 seconds
[2024-12-22T01:52:32.527+0000] {processor.py:161} INFO - Started process (PID=3851) to work on /home/airflow/.local/lib/python3.12/site-packages/airflow/example_dags/example_branch_datetime_operator.py
[2024-12-22T01:52:32.527+0000] {processor.py:830} INFO - Processing file /home/airflow/.local/lib/python3.12/site-packages/airflow/example_dags/example_branch_datetime_operator.py for tasks to queue
[2024-12-22T01:52:32.529+0000] {logging_mixin.py:188} INFO - [2024-12-22T01:52:32.529+0000] {dagbag.py:545} INFO - Filling up the DagBag from /home/airflow/.local/lib/python3.12/site-packages/airflow/example_dags/example_branch_datetime_operator.py
[2024-12-22T01:52:32.534+0000] {processor.py:840} INFO - DAG(s) 'example_branch_datetime_operator_2', 'example_branch_datetime_operator_3', 'example_branch_datetime_operator' retrieved from /home/airflow/.local/lib/python3.12/site-packages/airflow/example_dags/example_branch_datetime_operator.py
[2024-12-22T01:52:32.553+0000] {logging_mixin.py:188} INFO - [2024-12-22T01:52:32.553+0000] {dag.py:3089} INFO - Sync 3 DAGs
[2024-12-22T01:52:32.566+0000] {logging_mixin.py:188} INFO - [2024-12-22T01:52:32.565+0000] {dag.py:3947} INFO - Setting next_dagrun for example_branch_datetime_operator to 2024-12-21 00:00:00+00:00, run_after=2024-12-22 00:00:00+00:00
[2024-12-22T01:52:32.568+0000] {logging_mixin.py:188} INFO - [2024-12-22T01:52:32.568+0000] {dag.py:3947} INFO - Setting next_dagrun for example_branch_datetime_operator_2 to 2024-12-21 00:00:00+00:00, run_after=2024-12-22 00:00:00+00:00
[2024-12-22T01:52:32.572+0000] {logging_mixin.py:188} INFO - [2024-12-22T01:52:32.572+0000] {dag.py:3947} INFO - Setting next_dagrun for example_branch_datetime_operator_3 to 2024-12-21 00:00:00+00:00, run_after=2024-12-22 00:00:00+00:00
[2024-12-22T01:52:32.583+0000] {processor.py:183} INFO - Processing /home/airflow/.local/lib/python3.12/site-packages/airflow/example_dags/example_branch_datetime_operator.py took 0.060 seconds
[2024-12-22T01:53:03.483+0000] {processor.py:161} INFO - Started process (PID=4128) to work on /home/airflow/.local/lib/python3.12/site-packages/airflow/example_dags/example_branch_datetime_operator.py
[2024-12-22T01:53:03.483+0000] {processor.py:830} INFO - Processing file /home/airflow/.local/lib/python3.12/site-packages/airflow/example_dags/example_branch_datetime_operator.py for tasks to queue
[2024-12-22T01:53:03.485+0000] {logging_mixin.py:188} INFO - [2024-12-22T01:53:03.485+0000] {dagbag.py:545} INFO - Filling up the DagBag from /home/airflow/.local/lib/python3.12/site-packages/airflow/example_dags/example_branch_datetime_operator.py
[2024-12-22T01:53:03.490+0000] {processor.py:840} INFO - DAG(s) 'example_branch_datetime_operator_2', 'example_branch_datetime_operator', 'example_branch_datetime_operator_3' retrieved from /home/airflow/.local/lib/python3.12/site-packages/airflow/example_dags/example_branch_datetime_operator.py
[2024-12-22T01:53:03.510+0000] {logging_mixin.py:188} INFO - [2024-12-22T01:53:03.509+0000] {dag.py:3089} INFO - Sync 3 DAGs
[2024-12-22T01:53:03.523+0000] {logging_mixin.py:188} INFO - [2024-12-22T01:53:03.523+0000] {dag.py:3947} INFO - Setting next_dagrun for example_branch_datetime_operator to 2024-12-21 00:00:00+00:00, run_after=2024-12-22 00:00:00+00:00
[2024-12-22T01:53:03.526+0000] {logging_mixin.py:188} INFO - [2024-12-22T01:53:03.526+0000] {dag.py:3947} INFO - Setting next_dagrun for example_branch_datetime_operator_2 to 2024-12-21 00:00:00+00:00, run_after=2024-12-22 00:00:00+00:00
[2024-12-22T01:53:03.527+0000] {logging_mixin.py:188} INFO - [2024-12-22T01:53:03.527+0000] {dag.py:3947} INFO - Setting next_dagrun for example_branch_datetime_operator_3 to 2024-12-21 00:00:00+00:00, run_after=2024-12-22 00:00:00+00:00
[2024-12-22T01:53:03.539+0000] {processor.py:183} INFO - Processing /home/airflow/.local/lib/python3.12/site-packages/airflow/example_dags/example_branch_datetime_operator.py took 0.061 seconds
[2024-12-22T01:53:35.063+0000] {processor.py:161} INFO - Started process (PID=4405) to work on /home/airflow/.local/lib/python3.12/site-packages/airflow/example_dags/example_branch_datetime_operator.py
[2024-12-22T01:53:35.064+0000] {processor.py:830} INFO - Processing file /home/airflow/.local/lib/python3.12/site-packages/airflow/example_dags/example_branch_datetime_operator.py for tasks to queue
[2024-12-22T01:53:35.065+0000] {logging_mixin.py:188} INFO - [2024-12-22T01:53:35.065+0000] {dagbag.py:545} INFO - Filling up the DagBag from /home/airflow/.local/lib/python3.12/site-packages/airflow/example_dags/example_branch_datetime_operator.py
[2024-12-22T01:53:35.071+0000] {processor.py:840} INFO - DAG(s) 'example_branch_datetime_operator', 'example_branch_datetime_operator_2', 'example_branch_datetime_operator_3' retrieved from /home/airflow/.local/lib/python3.12/site-packages/airflow/example_dags/example_branch_datetime_operator.py
[2024-12-22T01:53:35.088+0000] {logging_mixin.py:188} INFO - [2024-12-22T01:53:35.087+0000] {dag.py:3089} INFO - Sync 3 DAGs
[2024-12-22T01:53:35.102+0000] {logging_mixin.py:188} INFO - [2024-12-22T01:53:35.102+0000] {dag.py:3947} INFO - Setting next_dagrun for example_branch_datetime_operator to 2024-12-21 00:00:00+00:00, run_after=2024-12-22 00:00:00+00:00
[2024-12-22T01:53:35.105+0000] {logging_mixin.py:188} INFO - [2024-12-22T01:53:35.105+0000] {dag.py:3947} INFO - Setting next_dagrun for example_branch_datetime_operator_2 to 2024-12-21 00:00:00+00:00, run_after=2024-12-22 00:00:00+00:00
[2024-12-22T01:53:35.106+0000] {logging_mixin.py:188} INFO - [2024-12-22T01:53:35.106+0000] {dag.py:3947} INFO - Setting next_dagrun for example_branch_datetime_operator_3 to 2024-12-21 00:00:00+00:00, run_after=2024-12-22 00:00:00+00:00
[2024-12-22T01:53:35.117+0000] {processor.py:183} INFO - Processing /home/airflow/.local/lib/python3.12/site-packages/airflow/example_dags/example_branch_datetime_operator.py took 0.058 seconds
[2024-12-22T01:54:07.101+0000] {processor.py:161} INFO - Started process (PID=4683) to work on /home/airflow/.local/lib/python3.12/site-packages/airflow/example_dags/example_branch_datetime_operator.py
[2024-12-22T01:54:07.101+0000] {processor.py:830} INFO - Processing file /home/airflow/.local/lib/python3.12/site-packages/airflow/example_dags/example_branch_datetime_operator.py for tasks to queue
[2024-12-22T01:54:07.102+0000] {logging_mixin.py:188} INFO - [2024-12-22T01:54:07.102+0000] {dagbag.py:545} INFO - Filling up the DagBag from /home/airflow/.local/lib/python3.12/site-packages/airflow/example_dags/example_branch_datetime_operator.py
[2024-12-22T01:54:07.107+0000] {processor.py:840} INFO - DAG(s) 'example_branch_datetime_operator_2', 'example_branch_datetime_operator', 'example_branch_datetime_operator_3' retrieved from /home/airflow/.local/lib/python3.12/site-packages/airflow/example_dags/example_branch_datetime_operator.py
[2024-12-22T01:54:07.122+0000] {logging_mixin.py:188} INFO - [2024-12-22T01:54:07.122+0000] {dag.py:3089} INFO - Sync 3 DAGs
[2024-12-22T01:54:07.135+0000] {logging_mixin.py:188} INFO - [2024-12-22T01:54:07.135+0000] {dag.py:3947} INFO - Setting next_dagrun for example_branch_datetime_operator to 2024-12-21 00:00:00+00:00, run_after=2024-12-22 00:00:00+00:00
[2024-12-22T01:54:07.137+0000] {logging_mixin.py:188} INFO - [2024-12-22T01:54:07.137+0000] {dag.py:3947} INFO - Setting next_dagrun for example_branch_datetime_operator_2 to 2024-12-21 00:00:00+00:00, run_after=2024-12-22 00:00:00+00:00
[2024-12-22T01:54:07.138+0000] {logging_mixin.py:188} INFO - [2024-12-22T01:54:07.138+0000] {dag.py:3947} INFO - Setting next_dagrun for example_branch_datetime_operator_3 to 2024-12-21 00:00:00+00:00, run_after=2024-12-22 00:00:00+00:00
[2024-12-22T01:54:07.147+0000] {processor.py:183} INFO - Processing /home/airflow/.local/lib/python3.12/site-packages/airflow/example_dags/example_branch_datetime_operator.py took 0.050 seconds
[2024-12-22T01:54:40.091+0000] {processor.py:161} INFO - Started process (PID=4960) to work on /home/airflow/.local/lib/python3.12/site-packages/airflow/example_dags/example_branch_datetime_operator.py
[2024-12-22T01:54:40.092+0000] {processor.py:830} INFO - Processing file /home/airflow/.local/lib/python3.12/site-packages/airflow/example_dags/example_branch_datetime_operator.py for tasks to queue
[2024-12-22T01:54:40.093+0000] {logging_mixin.py:188} INFO - [2024-12-22T01:54:40.093+0000] {dagbag.py:545} INFO - Filling up the DagBag from /home/airflow/.local/lib/python3.12/site-packages/airflow/example_dags/example_branch_datetime_operator.py
[2024-12-22T01:54:40.099+0000] {processor.py:840} INFO - DAG(s) 'example_branch_datetime_operator', 'example_branch_datetime_operator_2', 'example_branch_datetime_operator_3' retrieved from /home/airflow/.local/lib/python3.12/site-packages/airflow/example_dags/example_branch_datetime_operator.py
[2024-12-22T01:54:40.115+0000] {logging_mixin.py:188} INFO - [2024-12-22T01:54:40.115+0000] {dag.py:3089} INFO - Sync 3 DAGs
[2024-12-22T01:54:40.127+0000] {logging_mixin.py:188} INFO - [2024-12-22T01:54:40.127+0000] {dag.py:3947} INFO - Setting next_dagrun for example_branch_datetime_operator to 2024-12-21 00:00:00+00:00, run_after=2024-12-22 00:00:00+00:00
[2024-12-22T01:54:40.130+0000] {logging_mixin.py:188} INFO - [2024-12-22T01:54:40.130+0000] {dag.py:3947} INFO - Setting next_dagrun for example_branch_datetime_operator_2 to 2024-12-21 00:00:00+00:00, run_after=2024-12-22 00:00:00+00:00
[2024-12-22T01:54:40.131+0000] {logging_mixin.py:188} INFO - [2024-12-22T01:54:40.131+0000] {dag.py:3947} INFO - Setting next_dagrun for example_branch_datetime_operator_3 to 2024-12-21 00:00:00+00:00, run_after=2024-12-22 00:00:00+00:00
[2024-12-22T01:54:40.140+0000] {processor.py:183} INFO - Processing /home/airflow/.local/lib/python3.12/site-packages/airflow/example_dags/example_branch_datetime_operator.py took 0.052 seconds
[2024-12-22T01:55:12.980+0000] {processor.py:161} INFO - Started process (PID=5237) to work on /home/airflow/.local/lib/python3.12/site-packages/airflow/example_dags/example_branch_datetime_operator.py
[2024-12-22T01:55:12.981+0000] {processor.py:830} INFO - Processing file /home/airflow/.local/lib/python3.12/site-packages/airflow/example_dags/example_branch_datetime_operator.py for tasks to queue
[2024-12-22T01:55:12.982+0000] {logging_mixin.py:188} INFO - [2024-12-22T01:55:12.982+0000] {dagbag.py:545} INFO - Filling up the DagBag from /home/airflow/.local/lib/python3.12/site-packages/airflow/example_dags/example_branch_datetime_operator.py
[2024-12-22T01:55:12.988+0000] {processor.py:840} INFO - DAG(s) 'example_branch_datetime_operator', 'example_branch_datetime_operator_2', 'example_branch_datetime_operator_3' retrieved from /home/airflow/.local/lib/python3.12/site-packages/airflow/example_dags/example_branch_datetime_operator.py
[2024-12-22T01:55:13.006+0000] {logging_mixin.py:188} INFO - [2024-12-22T01:55:13.006+0000] {dag.py:3089} INFO - Sync 3 DAGs
[2024-12-22T01:55:13.019+0000] {logging_mixin.py:188} INFO - [2024-12-22T01:55:13.019+0000] {dag.py:3947} INFO - Setting next_dagrun for example_branch_datetime_operator to 2024-12-21 00:00:00+00:00, run_after=2024-12-22 00:00:00+00:00
[2024-12-22T01:55:13.021+0000] {logging_mixin.py:188} INFO - [2024-12-22T01:55:13.021+0000] {dag.py:3947} INFO - Setting next_dagrun for example_branch_datetime_operator_2 to 2024-12-21 00:00:00+00:00, run_after=2024-12-22 00:00:00+00:00
[2024-12-22T01:55:13.022+0000] {logging_mixin.py:188} INFO - [2024-12-22T01:55:13.022+0000] {dag.py:3947} INFO - Setting next_dagrun for example_branch_datetime_operator_3 to 2024-12-21 00:00:00+00:00, run_after=2024-12-22 00:00:00+00:00
[2024-12-22T01:55:13.031+0000] {processor.py:183} INFO - Processing /home/airflow/.local/lib/python3.12/site-packages/airflow/example_dags/example_branch_datetime_operator.py took 0.055 seconds
[2024-12-22T01:55:43.659+0000] {processor.py:161} INFO - Started process (PID=5514) to work on /home/airflow/.local/lib/python3.12/site-packages/airflow/example_dags/example_branch_datetime_operator.py
[2024-12-22T01:55:43.660+0000] {processor.py:830} INFO - Processing file /home/airflow/.local/lib/python3.12/site-packages/airflow/example_dags/example_branch_datetime_operator.py for tasks to queue
[2024-12-22T01:55:43.661+0000] {logging_mixin.py:188} INFO - [2024-12-22T01:55:43.660+0000] {dagbag.py:545} INFO - Filling up the DagBag from /home/airflow/.local/lib/python3.12/site-packages/airflow/example_dags/example_branch_datetime_operator.py
[2024-12-22T01:55:43.666+0000] {processor.py:840} INFO - DAG(s) 'example_branch_datetime_operator_3', 'example_branch_datetime_operator_2', 'example_branch_datetime_operator' retrieved from /home/airflow/.local/lib/python3.12/site-packages/airflow/example_dags/example_branch_datetime_operator.py
[2024-12-22T01:55:43.682+0000] {logging_mixin.py:188} INFO - [2024-12-22T01:55:43.682+0000] {dag.py:3089} INFO - Sync 3 DAGs
[2024-12-22T01:55:43.695+0000] {logging_mixin.py:188} INFO - [2024-12-22T01:55:43.695+0000] {dag.py:3947} INFO - Setting next_dagrun for example_branch_datetime_operator to 2024-12-21 00:00:00+00:00, run_after=2024-12-22 00:00:00+00:00
[2024-12-22T01:55:43.698+0000] {logging_mixin.py:188} INFO - [2024-12-22T01:55:43.698+0000] {dag.py:3947} INFO - Setting next_dagrun for example_branch_datetime_operator_2 to 2024-12-21 00:00:00+00:00, run_after=2024-12-22 00:00:00+00:00
[2024-12-22T01:55:43.700+0000] {logging_mixin.py:188} INFO - [2024-12-22T01:55:43.699+0000] {dag.py:3947} INFO - Setting next_dagrun for example_branch_datetime_operator_3 to 2024-12-21 00:00:00+00:00, run_after=2024-12-22 00:00:00+00:00
[2024-12-22T01:55:43.710+0000] {processor.py:183} INFO - Processing /home/airflow/.local/lib/python3.12/site-packages/airflow/example_dags/example_branch_datetime_operator.py took 0.055 seconds
[2024-12-22T01:56:15.162+0000] {processor.py:161} INFO - Started process (PID=5791) to work on /home/airflow/.local/lib/python3.12/site-packages/airflow/example_dags/example_branch_datetime_operator.py
[2024-12-22T01:56:15.163+0000] {processor.py:830} INFO - Processing file /home/airflow/.local/lib/python3.12/site-packages/airflow/example_dags/example_branch_datetime_operator.py for tasks to queue
[2024-12-22T01:56:15.164+0000] {logging_mixin.py:188} INFO - [2024-12-22T01:56:15.164+0000] {dagbag.py:545} INFO - Filling up the DagBag from /home/airflow/.local/lib/python3.12/site-packages/airflow/example_dags/example_branch_datetime_operator.py
[2024-12-22T01:56:15.170+0000] {processor.py:840} INFO - DAG(s) 'example_branch_datetime_operator_3', 'example_branch_datetime_operator', 'example_branch_datetime_operator_2' retrieved from /home/airflow/.local/lib/python3.12/site-packages/airflow/example_dags/example_branch_datetime_operator.py
[2024-12-22T01:56:15.186+0000] {logging_mixin.py:188} INFO - [2024-12-22T01:56:15.186+0000] {dag.py:3089} INFO - Sync 3 DAGs
[2024-12-22T01:56:15.199+0000] {logging_mixin.py:188} INFO - [2024-12-22T01:56:15.199+0000] {dag.py:3947} INFO - Setting next_dagrun for example_branch_datetime_operator to 2024-12-21 00:00:00+00:00, run_after=2024-12-22 00:00:00+00:00
[2024-12-22T01:56:15.202+0000] {logging_mixin.py:188} INFO - [2024-12-22T01:56:15.202+0000] {dag.py:3947} INFO - Setting next_dagrun for example_branch_datetime_operator_2 to 2024-12-21 00:00:00+00:00, run_after=2024-12-22 00:00:00+00:00
[2024-12-22T01:56:15.203+0000] {logging_mixin.py:188} INFO - [2024-12-22T01:56:15.203+0000] {dag.py:3947} INFO - Setting next_dagrun for example_branch_datetime_operator_3 to 2024-12-21 00:00:00+00:00, run_after=2024-12-22 00:00:00+00:00
[2024-12-22T01:56:15.213+0000] {processor.py:183} INFO - Processing /home/airflow/.local/lib/python3.12/site-packages/airflow/example_dags/example_branch_datetime_operator.py took 0.054 seconds
[2024-12-22T01:56:45.555+0000] {processor.py:161} INFO - Started process (PID=6068) to work on /home/airflow/.local/lib/python3.12/site-packages/airflow/example_dags/example_branch_datetime_operator.py
[2024-12-22T01:56:45.556+0000] {processor.py:830} INFO - Processing file /home/airflow/.local/lib/python3.12/site-packages/airflow/example_dags/example_branch_datetime_operator.py for tasks to queue
[2024-12-22T01:56:45.557+0000] {logging_mixin.py:188} INFO - [2024-12-22T01:56:45.557+0000] {dagbag.py:545} INFO - Filling up the DagBag from /home/airflow/.local/lib/python3.12/site-packages/airflow/example_dags/example_branch_datetime_operator.py
[2024-12-22T01:56:45.562+0000] {processor.py:840} INFO - DAG(s) 'example_branch_datetime_operator_3', 'example_branch_datetime_operator', 'example_branch_datetime_operator_2' retrieved from /home/airflow/.local/lib/python3.12/site-packages/airflow/example_dags/example_branch_datetime_operator.py
[2024-12-22T01:56:45.578+0000] {logging_mixin.py:188} INFO - [2024-12-22T01:56:45.578+0000] {dag.py:3089} INFO - Sync 3 DAGs
[2024-12-22T01:56:45.590+0000] {logging_mixin.py:188} INFO - [2024-12-22T01:56:45.590+0000] {dag.py:3947} INFO - Setting next_dagrun for example_branch_datetime_operator to 2024-12-21 00:00:00+00:00, run_after=2024-12-22 00:00:00+00:00
[2024-12-22T01:56:45.593+0000] {logging_mixin.py:188} INFO - [2024-12-22T01:56:45.593+0000] {dag.py:3947} INFO - Setting next_dagrun for example_branch_datetime_operator_2 to 2024-12-21 00:00:00+00:00, run_after=2024-12-22 00:00:00+00:00
[2024-12-22T01:56:45.594+0000] {logging_mixin.py:188} INFO - [2024-12-22T01:56:45.594+0000] {dag.py:3947} INFO - Setting next_dagrun for example_branch_datetime_operator_3 to 2024-12-21 00:00:00+00:00, run_after=2024-12-22 00:00:00+00:00
[2024-12-22T01:56:45.602+0000] {processor.py:183} INFO - Processing /home/airflow/.local/lib/python3.12/site-packages/airflow/example_dags/example_branch_datetime_operator.py took 0.052 seconds
[2024-12-22T01:57:16.255+0000] {processor.py:161} INFO - Started process (PID=6346) to work on /home/airflow/.local/lib/python3.12/site-packages/airflow/example_dags/example_branch_datetime_operator.py
[2024-12-22T01:57:16.256+0000] {processor.py:830} INFO - Processing file /home/airflow/.local/lib/python3.12/site-packages/airflow/example_dags/example_branch_datetime_operator.py for tasks to queue
[2024-12-22T01:57:16.258+0000] {logging_mixin.py:188} INFO - [2024-12-22T01:57:16.257+0000] {dagbag.py:545} INFO - Filling up the DagBag from /home/airflow/.local/lib/python3.12/site-packages/airflow/example_dags/example_branch_datetime_operator.py
[2024-12-22T01:57:16.262+0000] {processor.py:840} INFO - DAG(s) 'example_branch_datetime_operator_2', 'example_branch_datetime_operator', 'example_branch_datetime_operator_3' retrieved from /home/airflow/.local/lib/python3.12/site-packages/airflow/example_dags/example_branch_datetime_operator.py
[2024-12-22T01:57:16.278+0000] {logging_mixin.py:188} INFO - [2024-12-22T01:57:16.278+0000] {dag.py:3089} INFO - Sync 3 DAGs
[2024-12-22T01:57:16.290+0000] {logging_mixin.py:188} INFO - [2024-12-22T01:57:16.290+0000] {dag.py:3947} INFO - Setting next_dagrun for example_branch_datetime_operator to 2024-12-21 00:00:00+00:00, run_after=2024-12-22 00:00:00+00:00
[2024-12-22T01:57:16.292+0000] {logging_mixin.py:188} INFO - [2024-12-22T01:57:16.292+0000] {dag.py:3947} INFO - Setting next_dagrun for example_branch_datetime_operator_2 to 2024-12-21 00:00:00+00:00, run_after=2024-12-22 00:00:00+00:00
[2024-12-22T01:57:16.293+0000] {logging_mixin.py:188} INFO - [2024-12-22T01:57:16.293+0000] {dag.py:3947} INFO - Setting next_dagrun for example_branch_datetime_operator_3 to 2024-12-21 00:00:00+00:00, run_after=2024-12-22 00:00:00+00:00
[2024-12-22T01:57:16.302+0000] {processor.py:183} INFO - Processing /home/airflow/.local/lib/python3.12/site-packages/airflow/example_dags/example_branch_datetime_operator.py took 0.050 seconds
[2024-12-22T01:57:49.189+0000] {processor.py:161} INFO - Started process (PID=6623) to work on /home/airflow/.local/lib/python3.12/site-packages/airflow/example_dags/example_branch_datetime_operator.py
[2024-12-22T01:57:49.190+0000] {processor.py:830} INFO - Processing file /home/airflow/.local/lib/python3.12/site-packages/airflow/example_dags/example_branch_datetime_operator.py for tasks to queue
[2024-12-22T01:57:49.191+0000] {logging_mixin.py:188} INFO - [2024-12-22T01:57:49.191+0000] {dagbag.py:545} INFO - Filling up the DagBag from /home/airflow/.local/lib/python3.12/site-packages/airflow/example_dags/example_branch_datetime_operator.py
[2024-12-22T01:57:49.197+0000] {processor.py:840} INFO - DAG(s) 'example_branch_datetime_operator_2', 'example_branch_datetime_operator', 'example_branch_datetime_operator_3' retrieved from /home/airflow/.local/lib/python3.12/site-packages/airflow/example_dags/example_branch_datetime_operator.py
[2024-12-22T01:57:49.212+0000] {logging_mixin.py:188} INFO - [2024-12-22T01:57:49.212+0000] {dag.py:3089} INFO - Sync 3 DAGs
[2024-12-22T01:57:49.224+0000] {logging_mixin.py:188} INFO - [2024-12-22T01:57:49.223+0000] {dag.py:3947} INFO - Setting next_dagrun for example_branch_datetime_operator to 2024-12-21 00:00:00+00:00, run_after=2024-12-22 00:00:00+00:00
[2024-12-22T01:57:49.226+0000] {logging_mixin.py:188} INFO - [2024-12-22T01:57:49.226+0000] {dag.py:3947} INFO - Setting next_dagrun for example_branch_datetime_operator_2 to 2024-12-21 00:00:00+00:00, run_after=2024-12-22 00:00:00+00:00
[2024-12-22T01:57:49.227+0000] {logging_mixin.py:188} INFO - [2024-12-22T01:57:49.227+0000] {dag.py:3947} INFO - Setting next_dagrun for example_branch_datetime_operator_3 to 2024-12-21 00:00:00+00:00, run_after=2024-12-22 00:00:00+00:00
[2024-12-22T01:57:49.237+0000] {processor.py:183} INFO - Processing /home/airflow/.local/lib/python3.12/site-packages/airflow/example_dags/example_branch_datetime_operator.py took 0.051 seconds
[2024-12-22T01:58:21.532+0000] {processor.py:161} INFO - Started process (PID=6900) to work on /home/airflow/.local/lib/python3.12/site-packages/airflow/example_dags/example_branch_datetime_operator.py
[2024-12-22T01:58:21.532+0000] {processor.py:830} INFO - Processing file /home/airflow/.local/lib/python3.12/site-packages/airflow/example_dags/example_branch_datetime_operator.py for tasks to queue
[2024-12-22T01:58:21.534+0000] {logging_mixin.py:188} INFO - [2024-12-22T01:58:21.533+0000] {dagbag.py:545} INFO - Filling up the DagBag from /home/airflow/.local/lib/python3.12/site-packages/airflow/example_dags/example_branch_datetime_operator.py
[2024-12-22T01:58:21.539+0000] {processor.py:840} INFO - DAG(s) 'example_branch_datetime_operator_3', 'example_branch_datetime_operator_2', 'example_branch_datetime_operator' retrieved from /home/airflow/.local/lib/python3.12/site-packages/airflow/example_dags/example_branch_datetime_operator.py
[2024-12-22T01:58:21.553+0000] {logging_mixin.py:188} INFO - [2024-12-22T01:58:21.553+0000] {dag.py:3089} INFO - Sync 3 DAGs
[2024-12-22T01:58:21.565+0000] {logging_mixin.py:188} INFO - [2024-12-22T01:58:21.565+0000] {dag.py:3947} INFO - Setting next_dagrun for example_branch_datetime_operator to 2024-12-21 00:00:00+00:00, run_after=2024-12-22 00:00:00+00:00
[2024-12-22T01:58:21.567+0000] {logging_mixin.py:188} INFO - [2024-12-22T01:58:21.567+0000] {dag.py:3947} INFO - Setting next_dagrun for example_branch_datetime_operator_2 to 2024-12-21 00:00:00+00:00, run_after=2024-12-22 00:00:00+00:00
[2024-12-22T01:58:21.568+0000] {logging_mixin.py:188} INFO - [2024-12-22T01:58:21.568+0000] {dag.py:3947} INFO - Setting next_dagrun for example_branch_datetime_operator_3 to 2024-12-21 00:00:00+00:00, run_after=2024-12-22 00:00:00+00:00
[2024-12-22T01:58:21.579+0000] {processor.py:183} INFO - Processing /home/airflow/.local/lib/python3.12/site-packages/airflow/example_dags/example_branch_datetime_operator.py took 0.051 seconds
[2024-12-22T01:58:54.511+0000] {processor.py:161} INFO - Started process (PID=7177) to work on /home/airflow/.local/lib/python3.12/site-packages/airflow/example_dags/example_branch_datetime_operator.py
[2024-12-22T01:58:54.511+0000] {processor.py:830} INFO - Processing file /home/airflow/.local/lib/python3.12/site-packages/airflow/example_dags/example_branch_datetime_operator.py for tasks to queue
[2024-12-22T01:58:54.513+0000] {logging_mixin.py:188} INFO - [2024-12-22T01:58:54.512+0000] {dagbag.py:545} INFO - Filling up the DagBag from /home/airflow/.local/lib/python3.12/site-packages/airflow/example_dags/example_branch_datetime_operator.py
[2024-12-22T01:58:54.519+0000] {processor.py:840} INFO - DAG(s) 'example_branch_datetime_operator', 'example_branch_datetime_operator_2', 'example_branch_datetime_operator_3' retrieved from /home/airflow/.local/lib/python3.12/site-packages/airflow/example_dags/example_branch_datetime_operator.py
[2024-12-22T01:58:54.536+0000] {logging_mixin.py:188} INFO - [2024-12-22T01:58:54.536+0000] {dag.py:3089} INFO - Sync 3 DAGs
[2024-12-22T01:58:54.548+0000] {logging_mixin.py:188} INFO - [2024-12-22T01:58:54.547+0000] {dag.py:3947} INFO - Setting next_dagrun for example_branch_datetime_operator to 2024-12-21 00:00:00+00:00, run_after=2024-12-22 00:00:00+00:00
[2024-12-22T01:58:54.551+0000] {logging_mixin.py:188} INFO - [2024-12-22T01:58:54.550+0000] {dag.py:3947} INFO - Setting next_dagrun for example_branch_datetime_operator_2 to 2024-12-21 00:00:00+00:00, run_after=2024-12-22 00:00:00+00:00
[2024-12-22T01:58:54.552+0000] {logging_mixin.py:188} INFO - [2024-12-22T01:58:54.552+0000] {dag.py:3947} INFO - Setting next_dagrun for example_branch_datetime_operator_3 to 2024-12-21 00:00:00+00:00, run_after=2024-12-22 00:00:00+00:00
[2024-12-22T01:58:54.562+0000] {processor.py:183} INFO - Processing /home/airflow/.local/lib/python3.12/site-packages/airflow/example_dags/example_branch_datetime_operator.py took 0.055 seconds
[2024-12-22T01:59:25.395+0000] {processor.py:161} INFO - Started process (PID=7454) to work on /home/airflow/.local/lib/python3.12/site-packages/airflow/example_dags/example_branch_datetime_operator.py
[2024-12-22T01:59:25.396+0000] {processor.py:830} INFO - Processing file /home/airflow/.local/lib/python3.12/site-packages/airflow/example_dags/example_branch_datetime_operator.py for tasks to queue
[2024-12-22T01:59:25.397+0000] {logging_mixin.py:188} INFO - [2024-12-22T01:59:25.397+0000] {dagbag.py:545} INFO - Filling up the DagBag from /home/airflow/.local/lib/python3.12/site-packages/airflow/example_dags/example_branch_datetime_operator.py
[2024-12-22T01:59:25.402+0000] {processor.py:840} INFO - DAG(s) 'example_branch_datetime_operator', 'example_branch_datetime_operator_3', 'example_branch_datetime_operator_2' retrieved from /home/airflow/.local/lib/python3.12/site-packages/airflow/example_dags/example_branch_datetime_operator.py
[2024-12-22T01:59:25.420+0000] {logging_mixin.py:188} INFO - [2024-12-22T01:59:25.420+0000] {dag.py:3089} INFO - Sync 3 DAGs
[2024-12-22T01:59:25.434+0000] {logging_mixin.py:188} INFO - [2024-12-22T01:59:25.433+0000] {dag.py:3947} INFO - Setting next_dagrun for example_branch_datetime_operator to 2024-12-21 00:00:00+00:00, run_after=2024-12-22 00:00:00+00:00
[2024-12-22T01:59:25.437+0000] {logging_mixin.py:188} INFO - [2024-12-22T01:59:25.437+0000] {dag.py:3947} INFO - Setting next_dagrun for example_branch_datetime_operator_2 to 2024-12-21 00:00:00+00:00, run_after=2024-12-22 00:00:00+00:00
[2024-12-22T01:59:25.438+0000] {logging_mixin.py:188} INFO - [2024-12-22T01:59:25.438+0000] {dag.py:3947} INFO - Setting next_dagrun for example_branch_datetime_operator_3 to 2024-12-21 00:00:00+00:00, run_after=2024-12-22 00:00:00+00:00
[2024-12-22T01:59:25.447+0000] {processor.py:183} INFO - Processing /home/airflow/.local/lib/python3.12/site-packages/airflow/example_dags/example_branch_datetime_operator.py took 0.056 seconds
[2024-12-22T01:59:56.033+0000] {processor.py:161} INFO - Started process (PID=7731) to work on /home/airflow/.local/lib/python3.12/site-packages/airflow/example_dags/example_branch_datetime_operator.py
[2024-12-22T01:59:56.034+0000] {processor.py:830} INFO - Processing file /home/airflow/.local/lib/python3.12/site-packages/airflow/example_dags/example_branch_datetime_operator.py for tasks to queue
[2024-12-22T01:59:56.036+0000] {logging_mixin.py:188} INFO - [2024-12-22T01:59:56.035+0000] {dagbag.py:545} INFO - Filling up the DagBag from /home/airflow/.local/lib/python3.12/site-packages/airflow/example_dags/example_branch_datetime_operator.py
[2024-12-22T01:59:56.043+0000] {processor.py:840} INFO - DAG(s) 'example_branch_datetime_operator', 'example_branch_datetime_operator_2', 'example_branch_datetime_operator_3' retrieved from /home/airflow/.local/lib/python3.12/site-packages/airflow/example_dags/example_branch_datetime_operator.py
[2024-12-22T01:59:56.061+0000] {logging_mixin.py:188} INFO - [2024-12-22T01:59:56.061+0000] {dag.py:3089} INFO - Sync 3 DAGs
[2024-12-22T01:59:56.075+0000] {logging_mixin.py:188} INFO - [2024-12-22T01:59:56.075+0000] {dag.py:3947} INFO - Setting next_dagrun for example_branch_datetime_operator to 2024-12-21 00:00:00+00:00, run_after=2024-12-22 00:00:00+00:00
[2024-12-22T01:59:56.078+0000] {logging_mixin.py:188} INFO - [2024-12-22T01:59:56.078+0000] {dag.py:3947} INFO - Setting next_dagrun for example_branch_datetime_operator_2 to 2024-12-21 00:00:00+00:00, run_after=2024-12-22 00:00:00+00:00
[2024-12-22T01:59:56.080+0000] {logging_mixin.py:188} INFO - [2024-12-22T01:59:56.079+0000] {dag.py:3947} INFO - Setting next_dagrun for example_branch_datetime_operator_3 to 2024-12-21 00:00:00+00:00, run_after=2024-12-22 00:00:00+00:00
[2024-12-22T01:59:56.091+0000] {processor.py:183} INFO - Processing /home/airflow/.local/lib/python3.12/site-packages/airflow/example_dags/example_branch_datetime_operator.py took 0.062 seconds
[2024-12-22T02:00:27.280+0000] {processor.py:161} INFO - Started process (PID=8008) to work on /home/airflow/.local/lib/python3.12/site-packages/airflow/example_dags/example_branch_datetime_operator.py
[2024-12-22T02:00:27.281+0000] {processor.py:830} INFO - Processing file /home/airflow/.local/lib/python3.12/site-packages/airflow/example_dags/example_branch_datetime_operator.py for tasks to queue
[2024-12-22T02:00:27.282+0000] {logging_mixin.py:188} INFO - [2024-12-22T02:00:27.282+0000] {dagbag.py:545} INFO - Filling up the DagBag from /home/airflow/.local/lib/python3.12/site-packages/airflow/example_dags/example_branch_datetime_operator.py
[2024-12-22T02:00:27.287+0000] {processor.py:840} INFO - DAG(s) 'example_branch_datetime_operator', 'example_branch_datetime_operator_2', 'example_branch_datetime_operator_3' retrieved from /home/airflow/.local/lib/python3.12/site-packages/airflow/example_dags/example_branch_datetime_operator.py
[2024-12-22T02:00:27.304+0000] {logging_mixin.py:188} INFO - [2024-12-22T02:00:27.304+0000] {dag.py:3089} INFO - Sync 3 DAGs
[2024-12-22T02:00:27.317+0000] {logging_mixin.py:188} INFO - [2024-12-22T02:00:27.317+0000] {dag.py:3947} INFO - Setting next_dagrun for example_branch_datetime_operator to 2024-12-21 00:00:00+00:00, run_after=2024-12-22 00:00:00+00:00
[2024-12-22T02:00:27.319+0000] {logging_mixin.py:188} INFO - [2024-12-22T02:00:27.319+0000] {dag.py:3947} INFO - Setting next_dagrun for example_branch_datetime_operator_2 to 2024-12-21 00:00:00+00:00, run_after=2024-12-22 00:00:00+00:00
[2024-12-22T02:00:27.321+0000] {logging_mixin.py:188} INFO - [2024-12-22T02:00:27.321+0000] {dag.py:3947} INFO - Setting next_dagrun for example_branch_datetime_operator_3 to 2024-12-21 00:00:00+00:00, run_after=2024-12-22 00:00:00+00:00
[2024-12-22T02:00:27.330+0000] {processor.py:183} INFO - Processing /home/airflow/.local/lib/python3.12/site-packages/airflow/example_dags/example_branch_datetime_operator.py took 0.054 seconds
[2024-12-22T02:00:57.684+0000] {processor.py:161} INFO - Started process (PID=8287) to work on /home/airflow/.local/lib/python3.12/site-packages/airflow/example_dags/example_branch_datetime_operator.py
[2024-12-22T02:00:57.684+0000] {processor.py:830} INFO - Processing file /home/airflow/.local/lib/python3.12/site-packages/airflow/example_dags/example_branch_datetime_operator.py for tasks to queue
[2024-12-22T02:00:57.685+0000] {logging_mixin.py:188} INFO - [2024-12-22T02:00:57.685+0000] {dagbag.py:545} INFO - Filling up the DagBag from /home/airflow/.local/lib/python3.12/site-packages/airflow/example_dags/example_branch_datetime_operator.py
[2024-12-22T02:00:57.690+0000] {processor.py:840} INFO - DAG(s) 'example_branch_datetime_operator_3', 'example_branch_datetime_operator', 'example_branch_datetime_operator_2' retrieved from /home/airflow/.local/lib/python3.12/site-packages/airflow/example_dags/example_branch_datetime_operator.py
[2024-12-22T02:00:57.705+0000] {logging_mixin.py:188} INFO - [2024-12-22T02:00:57.704+0000] {dag.py:3089} INFO - Sync 3 DAGs
[2024-12-22T02:00:57.715+0000] {logging_mixin.py:188} INFO - [2024-12-22T02:00:57.715+0000] {dag.py:3947} INFO - Setting next_dagrun for example_branch_datetime_operator to 2024-12-21 00:00:00+00:00, run_after=2024-12-22 00:00:00+00:00
[2024-12-22T02:00:57.718+0000] {logging_mixin.py:188} INFO - [2024-12-22T02:00:57.718+0000] {dag.py:3947} INFO - Setting next_dagrun for example_branch_datetime_operator_2 to 2024-12-21 00:00:00+00:00, run_after=2024-12-22 00:00:00+00:00
[2024-12-22T02:00:57.719+0000] {logging_mixin.py:188} INFO - [2024-12-22T02:00:57.719+0000] {dag.py:3947} INFO - Setting next_dagrun for example_branch_datetime_operator_3 to 2024-12-21 00:00:00+00:00, run_after=2024-12-22 00:00:00+00:00
[2024-12-22T02:00:57.727+0000] {processor.py:183} INFO - Processing /home/airflow/.local/lib/python3.12/site-packages/airflow/example_dags/example_branch_datetime_operator.py took 0.047 seconds
[2024-12-22T02:01:30.775+0000] {processor.py:161} INFO - Started process (PID=8562) to work on /home/airflow/.local/lib/python3.12/site-packages/airflow/example_dags/example_branch_datetime_operator.py
[2024-12-22T02:01:30.775+0000] {processor.py:830} INFO - Processing file /home/airflow/.local/lib/python3.12/site-packages/airflow/example_dags/example_branch_datetime_operator.py for tasks to queue
[2024-12-22T02:01:30.776+0000] {logging_mixin.py:188} INFO - [2024-12-22T02:01:30.776+0000] {dagbag.py:545} INFO - Filling up the DagBag from /home/airflow/.local/lib/python3.12/site-packages/airflow/example_dags/example_branch_datetime_operator.py
[2024-12-22T02:01:30.781+0000] {processor.py:840} INFO - DAG(s) 'example_branch_datetime_operator_2', 'example_branch_datetime_operator_3', 'example_branch_datetime_operator' retrieved from /home/airflow/.local/lib/python3.12/site-packages/airflow/example_dags/example_branch_datetime_operator.py
[2024-12-22T02:01:30.797+0000] {logging_mixin.py:188} INFO - [2024-12-22T02:01:30.797+0000] {dag.py:3089} INFO - Sync 3 DAGs
[2024-12-22T02:01:30.809+0000] {logging_mixin.py:188} INFO - [2024-12-22T02:01:30.809+0000] {dag.py:3947} INFO - Setting next_dagrun for example_branch_datetime_operator to 2024-12-21 00:00:00+00:00, run_after=2024-12-22 00:00:00+00:00
[2024-12-22T02:01:30.811+0000] {logging_mixin.py:188} INFO - [2024-12-22T02:01:30.811+0000] {dag.py:3947} INFO - Setting next_dagrun for example_branch_datetime_operator_2 to 2024-12-21 00:00:00+00:00, run_after=2024-12-22 00:00:00+00:00
[2024-12-22T02:01:30.812+0000] {logging_mixin.py:188} INFO - [2024-12-22T02:01:30.812+0000] {dag.py:3947} INFO - Setting next_dagrun for example_branch_datetime_operator_3 to 2024-12-21 00:00:00+00:00, run_after=2024-12-22 00:00:00+00:00
[2024-12-22T02:01:30.820+0000] {processor.py:183} INFO - Processing /home/airflow/.local/lib/python3.12/site-packages/airflow/example_dags/example_branch_datetime_operator.py took 0.049 seconds
[2024-12-22T02:02:03.717+0000] {processor.py:161} INFO - Started process (PID=8839) to work on /home/airflow/.local/lib/python3.12/site-packages/airflow/example_dags/example_branch_datetime_operator.py
[2024-12-22T02:02:03.718+0000] {processor.py:830} INFO - Processing file /home/airflow/.local/lib/python3.12/site-packages/airflow/example_dags/example_branch_datetime_operator.py for tasks to queue
[2024-12-22T02:02:03.720+0000] {logging_mixin.py:188} INFO - [2024-12-22T02:02:03.719+0000] {dagbag.py:545} INFO - Filling up the DagBag from /home/airflow/.local/lib/python3.12/site-packages/airflow/example_dags/example_branch_datetime_operator.py
[2024-12-22T02:02:03.725+0000] {processor.py:840} INFO - DAG(s) 'example_branch_datetime_operator_2', 'example_branch_datetime_operator_3', 'example_branch_datetime_operator' retrieved from /home/airflow/.local/lib/python3.12/site-packages/airflow/example_dags/example_branch_datetime_operator.py
[2024-12-22T02:02:03.740+0000] {logging_mixin.py:188} INFO - [2024-12-22T02:02:03.740+0000] {dag.py:3089} INFO - Sync 3 DAGs
[2024-12-22T02:02:03.751+0000] {logging_mixin.py:188} INFO - [2024-12-22T02:02:03.750+0000] {dag.py:3947} INFO - Setting next_dagrun for example_branch_datetime_operator to 2024-12-21 00:00:00+00:00, run_after=2024-12-22 00:00:00+00:00
[2024-12-22T02:02:03.753+0000] {logging_mixin.py:188} INFO - [2024-12-22T02:02:03.752+0000] {dag.py:3947} INFO - Setting next_dagrun for example_branch_datetime_operator_2 to 2024-12-21 00:00:00+00:00, run_after=2024-12-22 00:00:00+00:00
[2024-12-22T02:02:03.754+0000] {logging_mixin.py:188} INFO - [2024-12-22T02:02:03.754+0000] {dag.py:3947} INFO - Setting next_dagrun for example_branch_datetime_operator_3 to 2024-12-21 00:00:00+00:00, run_after=2024-12-22 00:00:00+00:00
[2024-12-22T02:02:03.762+0000] {processor.py:183} INFO - Processing /home/airflow/.local/lib/python3.12/site-packages/airflow/example_dags/example_branch_datetime_operator.py took 0.049 seconds
[2024-12-22T02:02:35.698+0000] {processor.py:161} INFO - Started process (PID=9116) to work on /home/airflow/.local/lib/python3.12/site-packages/airflow/example_dags/example_branch_datetime_operator.py
[2024-12-22T02:02:35.699+0000] {processor.py:830} INFO - Processing file /home/airflow/.local/lib/python3.12/site-packages/airflow/example_dags/example_branch_datetime_operator.py for tasks to queue
[2024-12-22T02:02:35.700+0000] {logging_mixin.py:188} INFO - [2024-12-22T02:02:35.700+0000] {dagbag.py:545} INFO - Filling up the DagBag from /home/airflow/.local/lib/python3.12/site-packages/airflow/example_dags/example_branch_datetime_operator.py
[2024-12-22T02:02:35.706+0000] {processor.py:840} INFO - DAG(s) 'example_branch_datetime_operator', 'example_branch_datetime_operator_3', 'example_branch_datetime_operator_2' retrieved from /home/airflow/.local/lib/python3.12/site-packages/airflow/example_dags/example_branch_datetime_operator.py
[2024-12-22T02:02:35.724+0000] {logging_mixin.py:188} INFO - [2024-12-22T02:02:35.724+0000] {dag.py:3089} INFO - Sync 3 DAGs
[2024-12-22T02:02:35.738+0000] {logging_mixin.py:188} INFO - [2024-12-22T02:02:35.738+0000] {dag.py:3947} INFO - Setting next_dagrun for example_branch_datetime_operator to 2024-12-21 00:00:00+00:00, run_after=2024-12-22 00:00:00+00:00
[2024-12-22T02:02:35.741+0000] {logging_mixin.py:188} INFO - [2024-12-22T02:02:35.740+0000] {dag.py:3947} INFO - Setting next_dagrun for example_branch_datetime_operator_2 to 2024-12-21 00:00:00+00:00, run_after=2024-12-22 00:00:00+00:00
[2024-12-22T02:02:35.742+0000] {logging_mixin.py:188} INFO - [2024-12-22T02:02:35.742+0000] {dag.py:3947} INFO - Setting next_dagrun for example_branch_datetime_operator_3 to 2024-12-21 00:00:00+00:00, run_after=2024-12-22 00:00:00+00:00
[2024-12-22T02:02:35.751+0000] {processor.py:183} INFO - Processing /home/airflow/.local/lib/python3.12/site-packages/airflow/example_dags/example_branch_datetime_operator.py took 0.057 seconds
[2024-12-22T02:03:06.984+0000] {processor.py:161} INFO - Started process (PID=9395) to work on /home/airflow/.local/lib/python3.12/site-packages/airflow/example_dags/example_branch_datetime_operator.py
[2024-12-22T02:03:06.985+0000] {processor.py:830} INFO - Processing file /home/airflow/.local/lib/python3.12/site-packages/airflow/example_dags/example_branch_datetime_operator.py for tasks to queue
[2024-12-22T02:03:06.987+0000] {logging_mixin.py:188} INFO - [2024-12-22T02:03:06.987+0000] {dagbag.py:545} INFO - Filling up the DagBag from /home/airflow/.local/lib/python3.12/site-packages/airflow/example_dags/example_branch_datetime_operator.py
[2024-12-22T02:03:06.994+0000] {processor.py:840} INFO - DAG(s) 'example_branch_datetime_operator_3', 'example_branch_datetime_operator', 'example_branch_datetime_operator_2' retrieved from /home/airflow/.local/lib/python3.12/site-packages/airflow/example_dags/example_branch_datetime_operator.py
[2024-12-22T02:03:07.013+0000] {logging_mixin.py:188} INFO - [2024-12-22T02:03:07.013+0000] {dag.py:3089} INFO - Sync 3 DAGs
[2024-12-22T02:03:07.027+0000] {logging_mixin.py:188} INFO - [2024-12-22T02:03:07.026+0000] {dag.py:3947} INFO - Setting next_dagrun for example_branch_datetime_operator to 2024-12-21 00:00:00+00:00, run_after=2024-12-22 00:00:00+00:00
[2024-12-22T02:03:07.029+0000] {logging_mixin.py:188} INFO - [2024-12-22T02:03:07.029+0000] {dag.py:3947} INFO - Setting next_dagrun for example_branch_datetime_operator_2 to 2024-12-21 00:00:00+00:00, run_after=2024-12-22 00:00:00+00:00
[2024-12-22T02:03:07.031+0000] {logging_mixin.py:188} INFO - [2024-12-22T02:03:07.031+0000] {dag.py:3947} INFO - Setting next_dagrun for example_branch_datetime_operator_3 to 2024-12-21 00:00:00+00:00, run_after=2024-12-22 00:00:00+00:00
[2024-12-22T02:03:07.040+0000] {processor.py:183} INFO - Processing /home/airflow/.local/lib/python3.12/site-packages/airflow/example_dags/example_branch_datetime_operator.py took 0.061 seconds
[2024-12-22T02:03:37.613+0000] {processor.py:161} INFO - Started process (PID=9672) to work on /home/airflow/.local/lib/python3.12/site-packages/airflow/example_dags/example_branch_datetime_operator.py
[2024-12-22T02:03:37.614+0000] {processor.py:830} INFO - Processing file /home/airflow/.local/lib/python3.12/site-packages/airflow/example_dags/example_branch_datetime_operator.py for tasks to queue
[2024-12-22T02:03:37.616+0000] {logging_mixin.py:188} INFO - [2024-12-22T02:03:37.615+0000] {dagbag.py:545} INFO - Filling up the DagBag from /home/airflow/.local/lib/python3.12/site-packages/airflow/example_dags/example_branch_datetime_operator.py
[2024-12-22T02:03:37.621+0000] {processor.py:840} INFO - DAG(s) 'example_branch_datetime_operator_3', 'example_branch_datetime_operator', 'example_branch_datetime_operator_2' retrieved from /home/airflow/.local/lib/python3.12/site-packages/airflow/example_dags/example_branch_datetime_operator.py
[2024-12-22T02:03:37.643+0000] {logging_mixin.py:188} INFO - [2024-12-22T02:03:37.642+0000] {dag.py:3089} INFO - Sync 3 DAGs
[2024-12-22T02:03:37.661+0000] {logging_mixin.py:188} INFO - [2024-12-22T02:03:37.661+0000] {dag.py:3947} INFO - Setting next_dagrun for example_branch_datetime_operator to 2024-12-21 00:00:00+00:00, run_after=2024-12-22 00:00:00+00:00
[2024-12-22T02:03:37.670+0000] {logging_mixin.py:188} INFO - [2024-12-22T02:03:37.670+0000] {dag.py:3947} INFO - Setting next_dagrun for example_branch_datetime_operator_2 to 2024-12-21 00:00:00+00:00, run_after=2024-12-22 00:00:00+00:00
[2024-12-22T02:03:37.672+0000] {logging_mixin.py:188} INFO - [2024-12-22T02:03:37.672+0000] {dag.py:3947} INFO - Setting next_dagrun for example_branch_datetime_operator_3 to 2024-12-21 00:00:00+00:00, run_after=2024-12-22 00:00:00+00:00
[2024-12-22T02:03:37.686+0000] {processor.py:183} INFO - Processing /home/airflow/.local/lib/python3.12/site-packages/airflow/example_dags/example_branch_datetime_operator.py took 0.076 seconds
[2024-12-22T02:04:08.229+0000] {processor.py:161} INFO - Started process (PID=9947) to work on /home/airflow/.local/lib/python3.12/site-packages/airflow/example_dags/example_branch_datetime_operator.py
[2024-12-22T02:04:08.230+0000] {processor.py:830} INFO - Processing file /home/airflow/.local/lib/python3.12/site-packages/airflow/example_dags/example_branch_datetime_operator.py for tasks to queue
[2024-12-22T02:04:08.231+0000] {logging_mixin.py:188} INFO - [2024-12-22T02:04:08.231+0000] {dagbag.py:545} INFO - Filling up the DagBag from /home/airflow/.local/lib/python3.12/site-packages/airflow/example_dags/example_branch_datetime_operator.py
[2024-12-22T02:04:08.240+0000] {processor.py:840} INFO - DAG(s) 'example_branch_datetime_operator', 'example_branch_datetime_operator_3', 'example_branch_datetime_operator_2' retrieved from /home/airflow/.local/lib/python3.12/site-packages/airflow/example_dags/example_branch_datetime_operator.py
[2024-12-22T02:04:08.268+0000] {logging_mixin.py:188} INFO - [2024-12-22T02:04:08.268+0000] {dag.py:3089} INFO - Sync 3 DAGs
[2024-12-22T02:04:08.284+0000] {logging_mixin.py:188} INFO - [2024-12-22T02:04:08.284+0000] {dag.py:3947} INFO - Setting next_dagrun for example_branch_datetime_operator to 2024-12-21 00:00:00+00:00, run_after=2024-12-22 00:00:00+00:00
[2024-12-22T02:04:08.288+0000] {logging_mixin.py:188} INFO - [2024-12-22T02:04:08.288+0000] {dag.py:3947} INFO - Setting next_dagrun for example_branch_datetime_operator_2 to 2024-12-21 00:00:00+00:00, run_after=2024-12-22 00:00:00+00:00
[2024-12-22T02:04:08.290+0000] {logging_mixin.py:188} INFO - [2024-12-22T02:04:08.290+0000] {dag.py:3947} INFO - Setting next_dagrun for example_branch_datetime_operator_3 to 2024-12-21 00:00:00+00:00, run_after=2024-12-22 00:00:00+00:00
[2024-12-22T02:04:08.304+0000] {processor.py:183} INFO - Processing /home/airflow/.local/lib/python3.12/site-packages/airflow/example_dags/example_branch_datetime_operator.py took 0.079 seconds
[2024-12-22T02:04:39.205+0000] {processor.py:161} INFO - Started process (PID=10224) to work on /home/airflow/.local/lib/python3.12/site-packages/airflow/example_dags/example_branch_datetime_operator.py
[2024-12-22T02:04:39.206+0000] {processor.py:830} INFO - Processing file /home/airflow/.local/lib/python3.12/site-packages/airflow/example_dags/example_branch_datetime_operator.py for tasks to queue
[2024-12-22T02:04:39.207+0000] {logging_mixin.py:188} INFO - [2024-12-22T02:04:39.207+0000] {dagbag.py:545} INFO - Filling up the DagBag from /home/airflow/.local/lib/python3.12/site-packages/airflow/example_dags/example_branch_datetime_operator.py
[2024-12-22T02:04:39.213+0000] {processor.py:840} INFO - DAG(s) 'example_branch_datetime_operator_2', 'example_branch_datetime_operator_3', 'example_branch_datetime_operator' retrieved from /home/airflow/.local/lib/python3.12/site-packages/airflow/example_dags/example_branch_datetime_operator.py
[2024-12-22T02:04:39.232+0000] {logging_mixin.py:188} INFO - [2024-12-22T02:04:39.231+0000] {dag.py:3089} INFO - Sync 3 DAGs
[2024-12-22T02:04:39.245+0000] {logging_mixin.py:188} INFO - [2024-12-22T02:04:39.245+0000] {dag.py:3947} INFO - Setting next_dagrun for example_branch_datetime_operator to 2024-12-21 00:00:00+00:00, run_after=2024-12-22 00:00:00+00:00
[2024-12-22T02:04:39.247+0000] {logging_mixin.py:188} INFO - [2024-12-22T02:04:39.247+0000] {dag.py:3947} INFO - Setting next_dagrun for example_branch_datetime_operator_2 to 2024-12-21 00:00:00+00:00, run_after=2024-12-22 00:00:00+00:00
[2024-12-22T02:04:39.249+0000] {logging_mixin.py:188} INFO - [2024-12-22T02:04:39.249+0000] {dag.py:3947} INFO - Setting next_dagrun for example_branch_datetime_operator_3 to 2024-12-21 00:00:00+00:00, run_after=2024-12-22 00:00:00+00:00
[2024-12-22T02:04:39.259+0000] {processor.py:183} INFO - Processing /home/airflow/.local/lib/python3.12/site-packages/airflow/example_dags/example_branch_datetime_operator.py took 0.059 seconds
[2024-12-22T02:05:12.289+0000] {processor.py:161} INFO - Started process (PID=10503) to work on /home/airflow/.local/lib/python3.12/site-packages/airflow/example_dags/example_branch_datetime_operator.py
[2024-12-22T02:05:12.290+0000] {processor.py:830} INFO - Processing file /home/airflow/.local/lib/python3.12/site-packages/airflow/example_dags/example_branch_datetime_operator.py for tasks to queue
[2024-12-22T02:05:12.291+0000] {logging_mixin.py:188} INFO - [2024-12-22T02:05:12.291+0000] {dagbag.py:545} INFO - Filling up the DagBag from /home/airflow/.local/lib/python3.12/site-packages/airflow/example_dags/example_branch_datetime_operator.py
[2024-12-22T02:05:12.296+0000] {processor.py:840} INFO - DAG(s) 'example_branch_datetime_operator', 'example_branch_datetime_operator_3', 'example_branch_datetime_operator_2' retrieved from /home/airflow/.local/lib/python3.12/site-packages/airflow/example_dags/example_branch_datetime_operator.py
[2024-12-22T02:05:12.311+0000] {logging_mixin.py:188} INFO - [2024-12-22T02:05:12.311+0000] {dag.py:3089} INFO - Sync 3 DAGs
[2024-12-22T02:05:12.322+0000] {logging_mixin.py:188} INFO - [2024-12-22T02:05:12.322+0000] {dag.py:3947} INFO - Setting next_dagrun for example_branch_datetime_operator to 2024-12-21 00:00:00+00:00, run_after=2024-12-22 00:00:00+00:00
[2024-12-22T02:05:12.324+0000] {logging_mixin.py:188} INFO - [2024-12-22T02:05:12.324+0000] {dag.py:3947} INFO - Setting next_dagrun for example_branch_datetime_operator_2 to 2024-12-21 00:00:00+00:00, run_after=2024-12-22 00:00:00+00:00
[2024-12-22T02:05:12.325+0000] {logging_mixin.py:188} INFO - [2024-12-22T02:05:12.325+0000] {dag.py:3947} INFO - Setting next_dagrun for example_branch_datetime_operator_3 to 2024-12-21 00:00:00+00:00, run_after=2024-12-22 00:00:00+00:00
[2024-12-22T02:05:12.334+0000] {processor.py:183} INFO - Processing /home/airflow/.local/lib/python3.12/site-packages/airflow/example_dags/example_branch_datetime_operator.py took 0.048 seconds
[2024-12-22T02:05:44.740+0000] {processor.py:161} INFO - Started process (PID=10780) to work on /home/airflow/.local/lib/python3.12/site-packages/airflow/example_dags/example_branch_datetime_operator.py
[2024-12-22T02:05:44.741+0000] {processor.py:830} INFO - Processing file /home/airflow/.local/lib/python3.12/site-packages/airflow/example_dags/example_branch_datetime_operator.py for tasks to queue
[2024-12-22T02:05:44.743+0000] {logging_mixin.py:188} INFO - [2024-12-22T02:05:44.742+0000] {dagbag.py:545} INFO - Filling up the DagBag from /home/airflow/.local/lib/python3.12/site-packages/airflow/example_dags/example_branch_datetime_operator.py
[2024-12-22T02:05:44.748+0000] {processor.py:840} INFO - DAG(s) 'example_branch_datetime_operator_3', 'example_branch_datetime_operator', 'example_branch_datetime_operator_2' retrieved from /home/airflow/.local/lib/python3.12/site-packages/airflow/example_dags/example_branch_datetime_operator.py
[2024-12-22T02:05:44.765+0000] {logging_mixin.py:188} INFO - [2024-12-22T02:05:44.765+0000] {dag.py:3089} INFO - Sync 3 DAGs
[2024-12-22T02:05:44.777+0000] {logging_mixin.py:188} INFO - [2024-12-22T02:05:44.776+0000] {dag.py:3947} INFO - Setting next_dagrun for example_branch_datetime_operator to 2024-12-21 00:00:00+00:00, run_after=2024-12-22 00:00:00+00:00
[2024-12-22T02:05:44.779+0000] {logging_mixin.py:188} INFO - [2024-12-22T02:05:44.779+0000] {dag.py:3947} INFO - Setting next_dagrun for example_branch_datetime_operator_2 to 2024-12-21 00:00:00+00:00, run_after=2024-12-22 00:00:00+00:00
[2024-12-22T02:05:44.780+0000] {logging_mixin.py:188} INFO - [2024-12-22T02:05:44.780+0000] {dag.py:3947} INFO - Setting next_dagrun for example_branch_datetime_operator_3 to 2024-12-21 00:00:00+00:00, run_after=2024-12-22 00:00:00+00:00
[2024-12-22T02:05:44.789+0000] {processor.py:183} INFO - Processing /home/airflow/.local/lib/python3.12/site-packages/airflow/example_dags/example_branch_datetime_operator.py took 0.053 seconds
[2024-12-22T02:06:15.879+0000] {processor.py:161} INFO - Started process (PID=11055) to work on /home/airflow/.local/lib/python3.12/site-packages/airflow/example_dags/example_branch_datetime_operator.py
[2024-12-22T02:06:15.880+0000] {processor.py:830} INFO - Processing file /home/airflow/.local/lib/python3.12/site-packages/airflow/example_dags/example_branch_datetime_operator.py for tasks to queue
[2024-12-22T02:06:15.881+0000] {logging_mixin.py:188} INFO - [2024-12-22T02:06:15.881+0000] {dagbag.py:545} INFO - Filling up the DagBag from /home/airflow/.local/lib/python3.12/site-packages/airflow/example_dags/example_branch_datetime_operator.py
[2024-12-22T02:06:15.887+0000] {processor.py:840} INFO - DAG(s) 'example_branch_datetime_operator', 'example_branch_datetime_operator_2', 'example_branch_datetime_operator_3' retrieved from /home/airflow/.local/lib/python3.12/site-packages/airflow/example_dags/example_branch_datetime_operator.py
[2024-12-22T02:06:15.914+0000] {logging_mixin.py:188} INFO - [2024-12-22T02:06:15.913+0000] {dag.py:3089} INFO - Sync 3 DAGs
[2024-12-22T02:06:15.927+0000] {logging_mixin.py:188} INFO - [2024-12-22T02:06:15.927+0000] {dag.py:3947} INFO - Setting next_dagrun for example_branch_datetime_operator to 2024-12-21 00:00:00+00:00, run_after=2024-12-22 00:00:00+00:00
[2024-12-22T02:06:15.930+0000] {logging_mixin.py:188} INFO - [2024-12-22T02:06:15.930+0000] {dag.py:3947} INFO - Setting next_dagrun for example_branch_datetime_operator_2 to 2024-12-21 00:00:00+00:00, run_after=2024-12-22 00:00:00+00:00
[2024-12-22T02:06:15.931+0000] {logging_mixin.py:188} INFO - [2024-12-22T02:06:15.931+0000] {dag.py:3947} INFO - Setting next_dagrun for example_branch_datetime_operator_3 to 2024-12-21 00:00:00+00:00, run_after=2024-12-22 00:00:00+00:00
[2024-12-22T02:06:15.941+0000] {processor.py:183} INFO - Processing /home/airflow/.local/lib/python3.12/site-packages/airflow/example_dags/example_branch_datetime_operator.py took 0.066 seconds
[2024-12-22T02:06:47.004+0000] {processor.py:161} INFO - Started process (PID=11332) to work on /home/airflow/.local/lib/python3.12/site-packages/airflow/example_dags/example_branch_datetime_operator.py
[2024-12-22T02:06:47.005+0000] {processor.py:830} INFO - Processing file /home/airflow/.local/lib/python3.12/site-packages/airflow/example_dags/example_branch_datetime_operator.py for tasks to queue
[2024-12-22T02:06:47.006+0000] {logging_mixin.py:188} INFO - [2024-12-22T02:06:47.006+0000] {dagbag.py:545} INFO - Filling up the DagBag from /home/airflow/.local/lib/python3.12/site-packages/airflow/example_dags/example_branch_datetime_operator.py
[2024-12-22T02:06:47.012+0000] {processor.py:840} INFO - DAG(s) 'example_branch_datetime_operator_3', 'example_branch_datetime_operator_2', 'example_branch_datetime_operator' retrieved from /home/airflow/.local/lib/python3.12/site-packages/airflow/example_dags/example_branch_datetime_operator.py
[2024-12-22T02:06:47.032+0000] {logging_mixin.py:188} INFO - [2024-12-22T02:06:47.032+0000] {dag.py:3089} INFO - Sync 3 DAGs
[2024-12-22T02:06:47.045+0000] {logging_mixin.py:188} INFO - [2024-12-22T02:06:47.045+0000] {dag.py:3947} INFO - Setting next_dagrun for example_branch_datetime_operator to 2024-12-21 00:00:00+00:00, run_after=2024-12-22 00:00:00+00:00
[2024-12-22T02:06:47.047+0000] {logging_mixin.py:188} INFO - [2024-12-22T02:06:47.047+0000] {dag.py:3947} INFO - Setting next_dagrun for example_branch_datetime_operator_2 to 2024-12-21 00:00:00+00:00, run_after=2024-12-22 00:00:00+00:00
[2024-12-22T02:06:47.049+0000] {logging_mixin.py:188} INFO - [2024-12-22T02:06:47.049+0000] {dag.py:3947} INFO - Setting next_dagrun for example_branch_datetime_operator_3 to 2024-12-21 00:00:00+00:00, run_after=2024-12-22 00:00:00+00:00
[2024-12-22T02:06:47.062+0000] {processor.py:183} INFO - Processing /home/airflow/.local/lib/python3.12/site-packages/airflow/example_dags/example_branch_datetime_operator.py took 0.062 seconds
[2024-12-22T02:07:17.609+0000] {processor.py:161} INFO - Started process (PID=11611) to work on /home/airflow/.local/lib/python3.12/site-packages/airflow/example_dags/example_branch_datetime_operator.py
[2024-12-22T02:07:17.610+0000] {processor.py:830} INFO - Processing file /home/airflow/.local/lib/python3.12/site-packages/airflow/example_dags/example_branch_datetime_operator.py for tasks to queue
[2024-12-22T02:07:17.611+0000] {logging_mixin.py:188} INFO - [2024-12-22T02:07:17.611+0000] {dagbag.py:545} INFO - Filling up the DagBag from /home/airflow/.local/lib/python3.12/site-packages/airflow/example_dags/example_branch_datetime_operator.py
[2024-12-22T02:07:17.616+0000] {processor.py:840} INFO - DAG(s) 'example_branch_datetime_operator', 'example_branch_datetime_operator_2', 'example_branch_datetime_operator_3' retrieved from /home/airflow/.local/lib/python3.12/site-packages/airflow/example_dags/example_branch_datetime_operator.py
[2024-12-22T02:07:17.632+0000] {logging_mixin.py:188} INFO - [2024-12-22T02:07:17.632+0000] {dag.py:3089} INFO - Sync 3 DAGs
[2024-12-22T02:07:17.643+0000] {logging_mixin.py:188} INFO - [2024-12-22T02:07:17.643+0000] {dag.py:3947} INFO - Setting next_dagrun for example_branch_datetime_operator to 2024-12-21 00:00:00+00:00, run_after=2024-12-22 00:00:00+00:00
[2024-12-22T02:07:17.645+0000] {logging_mixin.py:188} INFO - [2024-12-22T02:07:17.645+0000] {dag.py:3947} INFO - Setting next_dagrun for example_branch_datetime_operator_2 to 2024-12-21 00:00:00+00:00, run_after=2024-12-22 00:00:00+00:00
[2024-12-22T02:07:17.646+0000] {logging_mixin.py:188} INFO - [2024-12-22T02:07:17.646+0000] {dag.py:3947} INFO - Setting next_dagrun for example_branch_datetime_operator_3 to 2024-12-21 00:00:00+00:00, run_after=2024-12-22 00:00:00+00:00
[2024-12-22T02:07:17.655+0000] {processor.py:183} INFO - Processing /home/airflow/.local/lib/python3.12/site-packages/airflow/example_dags/example_branch_datetime_operator.py took 0.049 seconds
[2024-12-22T02:07:50.816+0000] {processor.py:161} INFO - Started process (PID=11888) to work on /home/airflow/.local/lib/python3.12/site-packages/airflow/example_dags/example_branch_datetime_operator.py
[2024-12-22T02:07:50.816+0000] {processor.py:830} INFO - Processing file /home/airflow/.local/lib/python3.12/site-packages/airflow/example_dags/example_branch_datetime_operator.py for tasks to queue
[2024-12-22T02:07:50.818+0000] {logging_mixin.py:188} INFO - [2024-12-22T02:07:50.818+0000] {dagbag.py:545} INFO - Filling up the DagBag from /home/airflow/.local/lib/python3.12/site-packages/airflow/example_dags/example_branch_datetime_operator.py
[2024-12-22T02:07:50.824+0000] {processor.py:840} INFO - DAG(s) 'example_branch_datetime_operator_2', 'example_branch_datetime_operator_3', 'example_branch_datetime_operator' retrieved from /home/airflow/.local/lib/python3.12/site-packages/airflow/example_dags/example_branch_datetime_operator.py
[2024-12-22T02:07:50.842+0000] {logging_mixin.py:188} INFO - [2024-12-22T02:07:50.842+0000] {dag.py:3089} INFO - Sync 3 DAGs
[2024-12-22T02:07:50.858+0000] {logging_mixin.py:188} INFO - [2024-12-22T02:07:50.857+0000] {dag.py:3947} INFO - Setting next_dagrun for example_branch_datetime_operator to 2024-12-21 00:00:00+00:00, run_after=2024-12-22 00:00:00+00:00
[2024-12-22T02:07:50.860+0000] {logging_mixin.py:188} INFO - [2024-12-22T02:07:50.860+0000] {dag.py:3947} INFO - Setting next_dagrun for example_branch_datetime_operator_2 to 2024-12-21 00:00:00+00:00, run_after=2024-12-22 00:00:00+00:00
[2024-12-22T02:07:50.862+0000] {logging_mixin.py:188} INFO - [2024-12-22T02:07:50.862+0000] {dag.py:3947} INFO - Setting next_dagrun for example_branch_datetime_operator_3 to 2024-12-21 00:00:00+00:00, run_after=2024-12-22 00:00:00+00:00
[2024-12-22T02:07:50.871+0000] {processor.py:183} INFO - Processing /home/airflow/.local/lib/python3.12/site-packages/airflow/example_dags/example_branch_datetime_operator.py took 0.063 seconds
[2024-12-22T02:08:23.436+0000] {processor.py:161} INFO - Started process (PID=12163) to work on /home/airflow/.local/lib/python3.12/site-packages/airflow/example_dags/example_branch_datetime_operator.py
[2024-12-22T02:08:23.436+0000] {processor.py:830} INFO - Processing file /home/airflow/.local/lib/python3.12/site-packages/airflow/example_dags/example_branch_datetime_operator.py for tasks to queue
[2024-12-22T02:08:23.437+0000] {logging_mixin.py:188} INFO - [2024-12-22T02:08:23.437+0000] {dagbag.py:545} INFO - Filling up the DagBag from /home/airflow/.local/lib/python3.12/site-packages/airflow/example_dags/example_branch_datetime_operator.py
[2024-12-22T02:08:23.442+0000] {processor.py:840} INFO - DAG(s) 'example_branch_datetime_operator_2', 'example_branch_datetime_operator_3', 'example_branch_datetime_operator' retrieved from /home/airflow/.local/lib/python3.12/site-packages/airflow/example_dags/example_branch_datetime_operator.py
[2024-12-22T02:08:23.459+0000] {logging_mixin.py:188} INFO - [2024-12-22T02:08:23.459+0000] {dag.py:3089} INFO - Sync 3 DAGs
[2024-12-22T02:08:23.471+0000] {logging_mixin.py:188} INFO - [2024-12-22T02:08:23.471+0000] {dag.py:3947} INFO - Setting next_dagrun for example_branch_datetime_operator to 2024-12-21 00:00:00+00:00, run_after=2024-12-22 00:00:00+00:00
[2024-12-22T02:08:23.473+0000] {logging_mixin.py:188} INFO - [2024-12-22T02:08:23.473+0000] {dag.py:3947} INFO - Setting next_dagrun for example_branch_datetime_operator_2 to 2024-12-21 00:00:00+00:00, run_after=2024-12-22 00:00:00+00:00
[2024-12-22T02:08:23.474+0000] {logging_mixin.py:188} INFO - [2024-12-22T02:08:23.474+0000] {dag.py:3947} INFO - Setting next_dagrun for example_branch_datetime_operator_3 to 2024-12-21 00:00:00+00:00, run_after=2024-12-22 00:00:00+00:00
[2024-12-22T02:08:23.485+0000] {processor.py:183} INFO - Processing /home/airflow/.local/lib/python3.12/site-packages/airflow/example_dags/example_branch_datetime_operator.py took 0.054 seconds
[2024-12-22T02:08:55.904+0000] {processor.py:161} INFO - Started process (PID=12442) to work on /home/airflow/.local/lib/python3.12/site-packages/airflow/example_dags/example_branch_datetime_operator.py
[2024-12-22T02:08:55.905+0000] {processor.py:830} INFO - Processing file /home/airflow/.local/lib/python3.12/site-packages/airflow/example_dags/example_branch_datetime_operator.py for tasks to queue
[2024-12-22T02:08:55.907+0000] {logging_mixin.py:188} INFO - [2024-12-22T02:08:55.907+0000] {dagbag.py:545} INFO - Filling up the DagBag from /home/airflow/.local/lib/python3.12/site-packages/airflow/example_dags/example_branch_datetime_operator.py
[2024-12-22T02:08:55.913+0000] {processor.py:840} INFO - DAG(s) 'example_branch_datetime_operator', 'example_branch_datetime_operator_3', 'example_branch_datetime_operator_2' retrieved from /home/airflow/.local/lib/python3.12/site-packages/airflow/example_dags/example_branch_datetime_operator.py
[2024-12-22T02:08:55.931+0000] {logging_mixin.py:188} INFO - [2024-12-22T02:08:55.931+0000] {dag.py:3089} INFO - Sync 3 DAGs
[2024-12-22T02:08:55.943+0000] {logging_mixin.py:188} INFO - [2024-12-22T02:08:55.943+0000] {dag.py:3947} INFO - Setting next_dagrun for example_branch_datetime_operator to 2024-12-21 00:00:00+00:00, run_after=2024-12-22 00:00:00+00:00
[2024-12-22T02:08:55.945+0000] {logging_mixin.py:188} INFO - [2024-12-22T02:08:55.945+0000] {dag.py:3947} INFO - Setting next_dagrun for example_branch_datetime_operator_2 to 2024-12-21 00:00:00+00:00, run_after=2024-12-22 00:00:00+00:00
[2024-12-22T02:08:55.947+0000] {logging_mixin.py:188} INFO - [2024-12-22T02:08:55.947+0000] {dag.py:3947} INFO - Setting next_dagrun for example_branch_datetime_operator_3 to 2024-12-21 00:00:00+00:00, run_after=2024-12-22 00:00:00+00:00
[2024-12-22T02:08:55.956+0000] {processor.py:183} INFO - Processing /home/airflow/.local/lib/python3.12/site-packages/airflow/example_dags/example_branch_datetime_operator.py took 0.055 seconds
[2024-12-22T02:09:27.881+0000] {processor.py:161} INFO - Started process (PID=12719) to work on /home/airflow/.local/lib/python3.12/site-packages/airflow/example_dags/example_branch_datetime_operator.py
[2024-12-22T02:09:27.882+0000] {processor.py:830} INFO - Processing file /home/airflow/.local/lib/python3.12/site-packages/airflow/example_dags/example_branch_datetime_operator.py for tasks to queue
[2024-12-22T02:09:27.883+0000] {logging_mixin.py:188} INFO - [2024-12-22T02:09:27.883+0000] {dagbag.py:545} INFO - Filling up the DagBag from /home/airflow/.local/lib/python3.12/site-packages/airflow/example_dags/example_branch_datetime_operator.py
[2024-12-22T02:09:27.888+0000] {processor.py:840} INFO - DAG(s) 'example_branch_datetime_operator_3', 'example_branch_datetime_operator', 'example_branch_datetime_operator_2' retrieved from /home/airflow/.local/lib/python3.12/site-packages/airflow/example_dags/example_branch_datetime_operator.py
[2024-12-22T02:09:27.905+0000] {logging_mixin.py:188} INFO - [2024-12-22T02:09:27.905+0000] {dag.py:3089} INFO - Sync 3 DAGs
[2024-12-22T02:09:28.019+0000] {logging_mixin.py:188} INFO - [2024-12-22T02:09:28.019+0000] {dag.py:3947} INFO - Setting next_dagrun for example_branch_datetime_operator to 2024-12-21 00:00:00+00:00, run_after=2024-12-22 00:00:00+00:00
[2024-12-22T02:09:28.022+0000] {logging_mixin.py:188} INFO - [2024-12-22T02:09:28.022+0000] {dag.py:3947} INFO - Setting next_dagrun for example_branch_datetime_operator_2 to 2024-12-21 00:00:00+00:00, run_after=2024-12-22 00:00:00+00:00
[2024-12-22T02:09:28.024+0000] {logging_mixin.py:188} INFO - [2024-12-22T02:09:28.024+0000] {dag.py:3947} INFO - Setting next_dagrun for example_branch_datetime_operator_3 to 2024-12-21 00:00:00+00:00, run_after=2024-12-22 00:00:00+00:00
[2024-12-22T02:09:28.033+0000] {processor.py:183} INFO - Processing /home/airflow/.local/lib/python3.12/site-packages/airflow/example_dags/example_branch_datetime_operator.py took 0.156 seconds
[2024-12-22T02:09:58.265+0000] {processor.py:161} INFO - Started process (PID=12994) to work on /home/airflow/.local/lib/python3.12/site-packages/airflow/example_dags/example_branch_datetime_operator.py
[2024-12-22T02:09:58.266+0000] {processor.py:830} INFO - Processing file /home/airflow/.local/lib/python3.12/site-packages/airflow/example_dags/example_branch_datetime_operator.py for tasks to queue
[2024-12-22T02:09:58.267+0000] {logging_mixin.py:188} INFO - [2024-12-22T02:09:58.267+0000] {dagbag.py:545} INFO - Filling up the DagBag from /home/airflow/.local/lib/python3.12/site-packages/airflow/example_dags/example_branch_datetime_operator.py
[2024-12-22T02:09:58.272+0000] {processor.py:840} INFO - DAG(s) 'example_branch_datetime_operator', 'example_branch_datetime_operator_2', 'example_branch_datetime_operator_3' retrieved from /home/airflow/.local/lib/python3.12/site-packages/airflow/example_dags/example_branch_datetime_operator.py
[2024-12-22T02:09:58.290+0000] {logging_mixin.py:188} INFO - [2024-12-22T02:09:58.290+0000] {dag.py:3089} INFO - Sync 3 DAGs
[2024-12-22T02:09:58.419+0000] {logging_mixin.py:188} INFO - [2024-12-22T02:09:58.419+0000] {dag.py:3947} INFO - Setting next_dagrun for example_branch_datetime_operator to 2024-12-21 00:00:00+00:00, run_after=2024-12-22 00:00:00+00:00
[2024-12-22T02:09:58.422+0000] {logging_mixin.py:188} INFO - [2024-12-22T02:09:58.422+0000] {dag.py:3947} INFO - Setting next_dagrun for example_branch_datetime_operator_2 to 2024-12-21 00:00:00+00:00, run_after=2024-12-22 00:00:00+00:00
[2024-12-22T02:09:58.424+0000] {logging_mixin.py:188} INFO - [2024-12-22T02:09:58.424+0000] {dag.py:3947} INFO - Setting next_dagrun for example_branch_datetime_operator_3 to 2024-12-21 00:00:00+00:00, run_after=2024-12-22 00:00:00+00:00
[2024-12-22T02:09:58.436+0000] {processor.py:183} INFO - Processing /home/airflow/.local/lib/python3.12/site-packages/airflow/example_dags/example_branch_datetime_operator.py took 0.176 seconds
[2024-12-22T02:10:28.486+0000] {processor.py:161} INFO - Started process (PID=13271) to work on /home/airflow/.local/lib/python3.12/site-packages/airflow/example_dags/example_branch_datetime_operator.py
[2024-12-22T02:10:28.487+0000] {processor.py:830} INFO - Processing file /home/airflow/.local/lib/python3.12/site-packages/airflow/example_dags/example_branch_datetime_operator.py for tasks to queue
[2024-12-22T02:10:28.489+0000] {logging_mixin.py:188} INFO - [2024-12-22T02:10:28.488+0000] {dagbag.py:545} INFO - Filling up the DagBag from /home/airflow/.local/lib/python3.12/site-packages/airflow/example_dags/example_branch_datetime_operator.py
[2024-12-22T02:10:28.494+0000] {processor.py:840} INFO - DAG(s) 'example_branch_datetime_operator_2', 'example_branch_datetime_operator_3', 'example_branch_datetime_operator' retrieved from /home/airflow/.local/lib/python3.12/site-packages/airflow/example_dags/example_branch_datetime_operator.py
[2024-12-22T02:10:28.513+0000] {logging_mixin.py:188} INFO - [2024-12-22T02:10:28.513+0000] {dag.py:3089} INFO - Sync 3 DAGs
[2024-12-22T02:10:28.525+0000] {logging_mixin.py:188} INFO - [2024-12-22T02:10:28.525+0000] {dag.py:3947} INFO - Setting next_dagrun for example_branch_datetime_operator to 2024-12-21 00:00:00+00:00, run_after=2024-12-22 00:00:00+00:00
[2024-12-22T02:10:28.527+0000] {logging_mixin.py:188} INFO - [2024-12-22T02:10:28.527+0000] {dag.py:3947} INFO - Setting next_dagrun for example_branch_datetime_operator_2 to 2024-12-21 00:00:00+00:00, run_after=2024-12-22 00:00:00+00:00
[2024-12-22T02:10:28.529+0000] {logging_mixin.py:188} INFO - [2024-12-22T02:10:28.529+0000] {dag.py:3947} INFO - Setting next_dagrun for example_branch_datetime_operator_3 to 2024-12-21 00:00:00+00:00, run_after=2024-12-22 00:00:00+00:00
[2024-12-22T02:10:28.539+0000] {processor.py:183} INFO - Processing /home/airflow/.local/lib/python3.12/site-packages/airflow/example_dags/example_branch_datetime_operator.py took 0.057 seconds
[2024-12-22T02:11:01.027+0000] {processor.py:161} INFO - Started process (PID=13548) to work on /home/airflow/.local/lib/python3.12/site-packages/airflow/example_dags/example_branch_datetime_operator.py
[2024-12-22T02:11:01.028+0000] {processor.py:830} INFO - Processing file /home/airflow/.local/lib/python3.12/site-packages/airflow/example_dags/example_branch_datetime_operator.py for tasks to queue
[2024-12-22T02:11:01.029+0000] {logging_mixin.py:188} INFO - [2024-12-22T02:11:01.029+0000] {dagbag.py:545} INFO - Filling up the DagBag from /home/airflow/.local/lib/python3.12/site-packages/airflow/example_dags/example_branch_datetime_operator.py
[2024-12-22T02:11:01.034+0000] {processor.py:840} INFO - DAG(s) 'example_branch_datetime_operator_3', 'example_branch_datetime_operator_2', 'example_branch_datetime_operator' retrieved from /home/airflow/.local/lib/python3.12/site-packages/airflow/example_dags/example_branch_datetime_operator.py
[2024-12-22T02:11:01.050+0000] {logging_mixin.py:188} INFO - [2024-12-22T02:11:01.050+0000] {dag.py:3089} INFO - Sync 3 DAGs
[2024-12-22T02:11:01.062+0000] {logging_mixin.py:188} INFO - [2024-12-22T02:11:01.062+0000] {dag.py:3947} INFO - Setting next_dagrun for example_branch_datetime_operator to 2024-12-21 00:00:00+00:00, run_after=2024-12-22 00:00:00+00:00
[2024-12-22T02:11:01.064+0000] {logging_mixin.py:188} INFO - [2024-12-22T02:11:01.064+0000] {dag.py:3947} INFO - Setting next_dagrun for example_branch_datetime_operator_2 to 2024-12-21 00:00:00+00:00, run_after=2024-12-22 00:00:00+00:00
[2024-12-22T02:11:01.065+0000] {logging_mixin.py:188} INFO - [2024-12-22T02:11:01.065+0000] {dag.py:3947} INFO - Setting next_dagrun for example_branch_datetime_operator_3 to 2024-12-21 00:00:00+00:00, run_after=2024-12-22 00:00:00+00:00
[2024-12-22T02:11:01.076+0000] {processor.py:183} INFO - Processing /home/airflow/.local/lib/python3.12/site-packages/airflow/example_dags/example_branch_datetime_operator.py took 0.053 seconds
[2024-12-22T02:11:33.490+0000] {processor.py:161} INFO - Started process (PID=13827) to work on /home/airflow/.local/lib/python3.12/site-packages/airflow/example_dags/example_branch_datetime_operator.py
[2024-12-22T02:11:33.491+0000] {processor.py:830} INFO - Processing file /home/airflow/.local/lib/python3.12/site-packages/airflow/example_dags/example_branch_datetime_operator.py for tasks to queue
[2024-12-22T02:11:33.492+0000] {logging_mixin.py:188} INFO - [2024-12-22T02:11:33.492+0000] {dagbag.py:545} INFO - Filling up the DagBag from /home/airflow/.local/lib/python3.12/site-packages/airflow/example_dags/example_branch_datetime_operator.py
[2024-12-22T02:11:33.498+0000] {processor.py:840} INFO - DAG(s) 'example_branch_datetime_operator_2', 'example_branch_datetime_operator_3', 'example_branch_datetime_operator' retrieved from /home/airflow/.local/lib/python3.12/site-packages/airflow/example_dags/example_branch_datetime_operator.py
[2024-12-22T02:11:33.515+0000] {logging_mixin.py:188} INFO - [2024-12-22T02:11:33.515+0000] {dag.py:3089} INFO - Sync 3 DAGs
[2024-12-22T02:11:33.534+0000] {logging_mixin.py:188} INFO - [2024-12-22T02:11:33.533+0000] {dag.py:3947} INFO - Setting next_dagrun for example_branch_datetime_operator to 2024-12-21 00:00:00+00:00, run_after=2024-12-22 00:00:00+00:00
[2024-12-22T02:11:33.537+0000] {logging_mixin.py:188} INFO - [2024-12-22T02:11:33.537+0000] {dag.py:3947} INFO - Setting next_dagrun for example_branch_datetime_operator_2 to 2024-12-21 00:00:00+00:00, run_after=2024-12-22 00:00:00+00:00
[2024-12-22T02:11:33.538+0000] {logging_mixin.py:188} INFO - [2024-12-22T02:11:33.538+0000] {dag.py:3947} INFO - Setting next_dagrun for example_branch_datetime_operator_3 to 2024-12-21 00:00:00+00:00, run_after=2024-12-22 00:00:00+00:00
[2024-12-22T02:11:33.549+0000] {processor.py:183} INFO - Processing /home/airflow/.local/lib/python3.12/site-packages/airflow/example_dags/example_branch_datetime_operator.py took 0.062 seconds
[2024-12-22T02:12:03.583+0000] {processor.py:161} INFO - Started process (PID=14103) to work on /home/airflow/.local/lib/python3.12/site-packages/airflow/example_dags/example_branch_datetime_operator.py
[2024-12-22T02:12:03.584+0000] {processor.py:830} INFO - Processing file /home/airflow/.local/lib/python3.12/site-packages/airflow/example_dags/example_branch_datetime_operator.py for tasks to queue
[2024-12-22T02:12:03.585+0000] {logging_mixin.py:188} INFO - [2024-12-22T02:12:03.585+0000] {dagbag.py:545} INFO - Filling up the DagBag from /home/airflow/.local/lib/python3.12/site-packages/airflow/example_dags/example_branch_datetime_operator.py
[2024-12-22T02:12:03.591+0000] {processor.py:840} INFO - DAG(s) 'example_branch_datetime_operator_3', 'example_branch_datetime_operator_2', 'example_branch_datetime_operator' retrieved from /home/airflow/.local/lib/python3.12/site-packages/airflow/example_dags/example_branch_datetime_operator.py
[2024-12-22T02:12:03.608+0000] {logging_mixin.py:188} INFO - [2024-12-22T02:12:03.608+0000] {dag.py:3089} INFO - Sync 3 DAGs
[2024-12-22T02:12:03.622+0000] {logging_mixin.py:188} INFO - [2024-12-22T02:12:03.622+0000] {dag.py:3947} INFO - Setting next_dagrun for example_branch_datetime_operator to 2024-12-21 00:00:00+00:00, run_after=2024-12-22 00:00:00+00:00
[2024-12-22T02:12:03.625+0000] {logging_mixin.py:188} INFO - [2024-12-22T02:12:03.625+0000] {dag.py:3947} INFO - Setting next_dagrun for example_branch_datetime_operator_2 to 2024-12-21 00:00:00+00:00, run_after=2024-12-22 00:00:00+00:00
[2024-12-22T02:12:03.626+0000] {logging_mixin.py:188} INFO - [2024-12-22T02:12:03.626+0000] {dag.py:3947} INFO - Setting next_dagrun for example_branch_datetime_operator_3 to 2024-12-21 00:00:00+00:00, run_after=2024-12-22 00:00:00+00:00
[2024-12-22T02:12:03.635+0000] {processor.py:183} INFO - Processing /home/airflow/.local/lib/python3.12/site-packages/airflow/example_dags/example_branch_datetime_operator.py took 0.056 seconds
[2024-12-22T02:12:35.354+0000] {processor.py:161} INFO - Started process (PID=14380) to work on /home/airflow/.local/lib/python3.12/site-packages/airflow/example_dags/example_branch_datetime_operator.py
[2024-12-22T02:12:35.355+0000] {processor.py:830} INFO - Processing file /home/airflow/.local/lib/python3.12/site-packages/airflow/example_dags/example_branch_datetime_operator.py for tasks to queue
[2024-12-22T02:12:35.356+0000] {logging_mixin.py:188} INFO - [2024-12-22T02:12:35.356+0000] {dagbag.py:545} INFO - Filling up the DagBag from /home/airflow/.local/lib/python3.12/site-packages/airflow/example_dags/example_branch_datetime_operator.py
[2024-12-22T02:12:35.362+0000] {processor.py:840} INFO - DAG(s) 'example_branch_datetime_operator_3', 'example_branch_datetime_operator_2', 'example_branch_datetime_operator' retrieved from /home/airflow/.local/lib/python3.12/site-packages/airflow/example_dags/example_branch_datetime_operator.py
[2024-12-22T02:12:35.380+0000] {logging_mixin.py:188} INFO - [2024-12-22T02:12:35.380+0000] {dag.py:3089} INFO - Sync 3 DAGs
[2024-12-22T02:12:35.394+0000] {logging_mixin.py:188} INFO - [2024-12-22T02:12:35.394+0000] {dag.py:3947} INFO - Setting next_dagrun for example_branch_datetime_operator to 2024-12-21 00:00:00+00:00, run_after=2024-12-22 00:00:00+00:00
[2024-12-22T02:12:35.397+0000] {logging_mixin.py:188} INFO - [2024-12-22T02:12:35.397+0000] {dag.py:3947} INFO - Setting next_dagrun for example_branch_datetime_operator_2 to 2024-12-21 00:00:00+00:00, run_after=2024-12-22 00:00:00+00:00
[2024-12-22T02:12:35.398+0000] {logging_mixin.py:188} INFO - [2024-12-22T02:12:35.398+0000] {dag.py:3947} INFO - Setting next_dagrun for example_branch_datetime_operator_3 to 2024-12-21 00:00:00+00:00, run_after=2024-12-22 00:00:00+00:00
[2024-12-22T02:12:35.409+0000] {processor.py:183} INFO - Processing /home/airflow/.local/lib/python3.12/site-packages/airflow/example_dags/example_branch_datetime_operator.py took 0.059 seconds
[2024-12-22T02:13:05.932+0000] {processor.py:161} INFO - Started process (PID=14657) to work on /home/airflow/.local/lib/python3.12/site-packages/airflow/example_dags/example_branch_datetime_operator.py
[2024-12-22T02:13:05.933+0000] {processor.py:830} INFO - Processing file /home/airflow/.local/lib/python3.12/site-packages/airflow/example_dags/example_branch_datetime_operator.py for tasks to queue
[2024-12-22T02:13:05.934+0000] {logging_mixin.py:188} INFO - [2024-12-22T02:13:05.934+0000] {dagbag.py:545} INFO - Filling up the DagBag from /home/airflow/.local/lib/python3.12/site-packages/airflow/example_dags/example_branch_datetime_operator.py
[2024-12-22T02:13:05.940+0000] {processor.py:840} INFO - DAG(s) 'example_branch_datetime_operator_2', 'example_branch_datetime_operator_3', 'example_branch_datetime_operator' retrieved from /home/airflow/.local/lib/python3.12/site-packages/airflow/example_dags/example_branch_datetime_operator.py
[2024-12-22T02:13:05.958+0000] {logging_mixin.py:188} INFO - [2024-12-22T02:13:05.958+0000] {dag.py:3089} INFO - Sync 3 DAGs
[2024-12-22T02:13:05.972+0000] {logging_mixin.py:188} INFO - [2024-12-22T02:13:05.972+0000] {dag.py:3947} INFO - Setting next_dagrun for example_branch_datetime_operator to 2024-12-21 00:00:00+00:00, run_after=2024-12-22 00:00:00+00:00
[2024-12-22T02:13:05.975+0000] {logging_mixin.py:188} INFO - [2024-12-22T02:13:05.975+0000] {dag.py:3947} INFO - Setting next_dagrun for example_branch_datetime_operator_2 to 2024-12-21 00:00:00+00:00, run_after=2024-12-22 00:00:00+00:00
[2024-12-22T02:13:05.976+0000] {logging_mixin.py:188} INFO - [2024-12-22T02:13:05.976+0000] {dag.py:3947} INFO - Setting next_dagrun for example_branch_datetime_operator_3 to 2024-12-21 00:00:00+00:00, run_after=2024-12-22 00:00:00+00:00
[2024-12-22T02:13:05.985+0000] {processor.py:183} INFO - Processing /home/airflow/.local/lib/python3.12/site-packages/airflow/example_dags/example_branch_datetime_operator.py took 0.057 seconds
[2024-12-22T02:13:36.311+0000] {processor.py:161} INFO - Started process (PID=14936) to work on /home/airflow/.local/lib/python3.12/site-packages/airflow/example_dags/example_branch_datetime_operator.py
[2024-12-22T02:13:36.312+0000] {processor.py:830} INFO - Processing file /home/airflow/.local/lib/python3.12/site-packages/airflow/example_dags/example_branch_datetime_operator.py for tasks to queue
[2024-12-22T02:13:36.313+0000] {logging_mixin.py:188} INFO - [2024-12-22T02:13:36.313+0000] {dagbag.py:545} INFO - Filling up the DagBag from /home/airflow/.local/lib/python3.12/site-packages/airflow/example_dags/example_branch_datetime_operator.py
[2024-12-22T02:13:36.318+0000] {processor.py:840} INFO - DAG(s) 'example_branch_datetime_operator_3', 'example_branch_datetime_operator', 'example_branch_datetime_operator_2' retrieved from /home/airflow/.local/lib/python3.12/site-packages/airflow/example_dags/example_branch_datetime_operator.py
[2024-12-22T02:13:36.334+0000] {logging_mixin.py:188} INFO - [2024-12-22T02:13:36.334+0000] {dag.py:3089} INFO - Sync 3 DAGs
[2024-12-22T02:13:36.345+0000] {logging_mixin.py:188} INFO - [2024-12-22T02:13:36.345+0000] {dag.py:3947} INFO - Setting next_dagrun for example_branch_datetime_operator to 2024-12-21 00:00:00+00:00, run_after=2024-12-22 00:00:00+00:00
[2024-12-22T02:13:36.348+0000] {logging_mixin.py:188} INFO - [2024-12-22T02:13:36.347+0000] {dag.py:3947} INFO - Setting next_dagrun for example_branch_datetime_operator_2 to 2024-12-21 00:00:00+00:00, run_after=2024-12-22 00:00:00+00:00
[2024-12-22T02:13:36.349+0000] {logging_mixin.py:188} INFO - [2024-12-22T02:13:36.349+0000] {dag.py:3947} INFO - Setting next_dagrun for example_branch_datetime_operator_3 to 2024-12-21 00:00:00+00:00, run_after=2024-12-22 00:00:00+00:00
[2024-12-22T02:13:36.359+0000] {processor.py:183} INFO - Processing /home/airflow/.local/lib/python3.12/site-packages/airflow/example_dags/example_branch_datetime_operator.py took 0.052 seconds
[2024-12-22T02:14:09.671+0000] {processor.py:161} INFO - Started process (PID=15213) to work on /home/airflow/.local/lib/python3.12/site-packages/airflow/example_dags/example_branch_datetime_operator.py
[2024-12-22T02:14:09.671+0000] {processor.py:830} INFO - Processing file /home/airflow/.local/lib/python3.12/site-packages/airflow/example_dags/example_branch_datetime_operator.py for tasks to queue
[2024-12-22T02:14:09.673+0000] {logging_mixin.py:188} INFO - [2024-12-22T02:14:09.673+0000] {dagbag.py:545} INFO - Filling up the DagBag from /home/airflow/.local/lib/python3.12/site-packages/airflow/example_dags/example_branch_datetime_operator.py
[2024-12-22T02:14:09.678+0000] {processor.py:840} INFO - DAG(s) 'example_branch_datetime_operator', 'example_branch_datetime_operator_3', 'example_branch_datetime_operator_2' retrieved from /home/airflow/.local/lib/python3.12/site-packages/airflow/example_dags/example_branch_datetime_operator.py
[2024-12-22T02:14:09.696+0000] {logging_mixin.py:188} INFO - [2024-12-22T02:14:09.696+0000] {dag.py:3089} INFO - Sync 3 DAGs
[2024-12-22T02:14:09.709+0000] {logging_mixin.py:188} INFO - [2024-12-22T02:14:09.709+0000] {dag.py:3947} INFO - Setting next_dagrun for example_branch_datetime_operator to 2024-12-21 00:00:00+00:00, run_after=2024-12-22 00:00:00+00:00
[2024-12-22T02:14:09.711+0000] {logging_mixin.py:188} INFO - [2024-12-22T02:14:09.711+0000] {dag.py:3947} INFO - Setting next_dagrun for example_branch_datetime_operator_2 to 2024-12-21 00:00:00+00:00, run_after=2024-12-22 00:00:00+00:00
[2024-12-22T02:14:09.712+0000] {logging_mixin.py:188} INFO - [2024-12-22T02:14:09.712+0000] {dag.py:3947} INFO - Setting next_dagrun for example_branch_datetime_operator_3 to 2024-12-21 00:00:00+00:00, run_after=2024-12-22 00:00:00+00:00
[2024-12-22T02:14:09.722+0000] {processor.py:183} INFO - Processing /home/airflow/.local/lib/python3.12/site-packages/airflow/example_dags/example_branch_datetime_operator.py took 0.056 seconds
[2024-12-22T02:14:41.057+0000] {processor.py:161} INFO - Started process (PID=15490) to work on /home/airflow/.local/lib/python3.12/site-packages/airflow/example_dags/example_branch_datetime_operator.py
[2024-12-22T02:14:41.058+0000] {processor.py:830} INFO - Processing file /home/airflow/.local/lib/python3.12/site-packages/airflow/example_dags/example_branch_datetime_operator.py for tasks to queue
[2024-12-22T02:14:41.059+0000] {logging_mixin.py:188} INFO - [2024-12-22T02:14:41.059+0000] {dagbag.py:545} INFO - Filling up the DagBag from /home/airflow/.local/lib/python3.12/site-packages/airflow/example_dags/example_branch_datetime_operator.py
[2024-12-22T02:14:41.066+0000] {processor.py:840} INFO - DAG(s) 'example_branch_datetime_operator_3', 'example_branch_datetime_operator', 'example_branch_datetime_operator_2' retrieved from /home/airflow/.local/lib/python3.12/site-packages/airflow/example_dags/example_branch_datetime_operator.py
[2024-12-22T02:14:41.083+0000] {logging_mixin.py:188} INFO - [2024-12-22T02:14:41.083+0000] {dag.py:3089} INFO - Sync 3 DAGs
[2024-12-22T02:14:41.097+0000] {logging_mixin.py:188} INFO - [2024-12-22T02:14:41.096+0000] {dag.py:3947} INFO - Setting next_dagrun for example_branch_datetime_operator to 2024-12-21 00:00:00+00:00, run_after=2024-12-22 00:00:00+00:00
[2024-12-22T02:14:41.099+0000] {logging_mixin.py:188} INFO - [2024-12-22T02:14:41.099+0000] {dag.py:3947} INFO - Setting next_dagrun for example_branch_datetime_operator_2 to 2024-12-21 00:00:00+00:00, run_after=2024-12-22 00:00:00+00:00
[2024-12-22T02:14:41.100+0000] {logging_mixin.py:188} INFO - [2024-12-22T02:14:41.100+0000] {dag.py:3947} INFO - Setting next_dagrun for example_branch_datetime_operator_3 to 2024-12-21 00:00:00+00:00, run_after=2024-12-22 00:00:00+00:00
[2024-12-22T02:14:41.109+0000] {processor.py:183} INFO - Processing /home/airflow/.local/lib/python3.12/site-packages/airflow/example_dags/example_branch_datetime_operator.py took 0.056 seconds
[2024-12-22T02:15:11.177+0000] {processor.py:161} INFO - Started process (PID=15767) to work on /home/airflow/.local/lib/python3.12/site-packages/airflow/example_dags/example_branch_datetime_operator.py
[2024-12-22T02:15:11.178+0000] {processor.py:830} INFO - Processing file /home/airflow/.local/lib/python3.12/site-packages/airflow/example_dags/example_branch_datetime_operator.py for tasks to queue
[2024-12-22T02:15:11.180+0000] {logging_mixin.py:188} INFO - [2024-12-22T02:15:11.180+0000] {dagbag.py:545} INFO - Filling up the DagBag from /home/airflow/.local/lib/python3.12/site-packages/airflow/example_dags/example_branch_datetime_operator.py
[2024-12-22T02:15:11.185+0000] {processor.py:840} INFO - DAG(s) 'example_branch_datetime_operator_2', 'example_branch_datetime_operator', 'example_branch_datetime_operator_3' retrieved from /home/airflow/.local/lib/python3.12/site-packages/airflow/example_dags/example_branch_datetime_operator.py
[2024-12-22T02:15:11.205+0000] {logging_mixin.py:188} INFO - [2024-12-22T02:15:11.204+0000] {dag.py:3089} INFO - Sync 3 DAGs
[2024-12-22T02:15:11.220+0000] {logging_mixin.py:188} INFO - [2024-12-22T02:15:11.219+0000] {dag.py:3947} INFO - Setting next_dagrun for example_branch_datetime_operator to 2024-12-21 00:00:00+00:00, run_after=2024-12-22 00:00:00+00:00
[2024-12-22T02:15:11.223+0000] {logging_mixin.py:188} INFO - [2024-12-22T02:15:11.223+0000] {dag.py:3947} INFO - Setting next_dagrun for example_branch_datetime_operator_2 to 2024-12-21 00:00:00+00:00, run_after=2024-12-22 00:00:00+00:00
[2024-12-22T02:15:11.224+0000] {logging_mixin.py:188} INFO - [2024-12-22T02:15:11.224+0000] {dag.py:3947} INFO - Setting next_dagrun for example_branch_datetime_operator_3 to 2024-12-21 00:00:00+00:00, run_after=2024-12-22 00:00:00+00:00
[2024-12-22T02:15:11.235+0000] {processor.py:183} INFO - Processing /home/airflow/.local/lib/python3.12/site-packages/airflow/example_dags/example_branch_datetime_operator.py took 0.061 seconds
[2024-12-22T02:15:41.802+0000] {processor.py:161} INFO - Started process (PID=16042) to work on /home/airflow/.local/lib/python3.12/site-packages/airflow/example_dags/example_branch_datetime_operator.py
[2024-12-22T02:15:41.803+0000] {processor.py:830} INFO - Processing file /home/airflow/.local/lib/python3.12/site-packages/airflow/example_dags/example_branch_datetime_operator.py for tasks to queue
[2024-12-22T02:15:41.804+0000] {logging_mixin.py:188} INFO - [2024-12-22T02:15:41.804+0000] {dagbag.py:545} INFO - Filling up the DagBag from /home/airflow/.local/lib/python3.12/site-packages/airflow/example_dags/example_branch_datetime_operator.py
[2024-12-22T02:15:41.810+0000] {processor.py:840} INFO - DAG(s) 'example_branch_datetime_operator_3', 'example_branch_datetime_operator', 'example_branch_datetime_operator_2' retrieved from /home/airflow/.local/lib/python3.12/site-packages/airflow/example_dags/example_branch_datetime_operator.py
[2024-12-22T02:15:41.829+0000] {logging_mixin.py:188} INFO - [2024-12-22T02:15:41.829+0000] {dag.py:3089} INFO - Sync 3 DAGs
[2024-12-22T02:15:41.844+0000] {logging_mixin.py:188} INFO - [2024-12-22T02:15:41.844+0000] {dag.py:3947} INFO - Setting next_dagrun for example_branch_datetime_operator to 2024-12-21 00:00:00+00:00, run_after=2024-12-22 00:00:00+00:00
[2024-12-22T02:15:41.847+0000] {logging_mixin.py:188} INFO - [2024-12-22T02:15:41.846+0000] {dag.py:3947} INFO - Setting next_dagrun for example_branch_datetime_operator_2 to 2024-12-21 00:00:00+00:00, run_after=2024-12-22 00:00:00+00:00
[2024-12-22T02:15:41.848+0000] {logging_mixin.py:188} INFO - [2024-12-22T02:15:41.848+0000] {dag.py:3947} INFO - Setting next_dagrun for example_branch_datetime_operator_3 to 2024-12-21 00:00:00+00:00, run_after=2024-12-22 00:00:00+00:00
[2024-12-22T02:15:41.858+0000] {processor.py:183} INFO - Processing /home/airflow/.local/lib/python3.12/site-packages/airflow/example_dags/example_branch_datetime_operator.py took 0.060 seconds
[2024-12-22T02:16:12.931+0000] {processor.py:161} INFO - Started process (PID=16319) to work on /home/airflow/.local/lib/python3.12/site-packages/airflow/example_dags/example_branch_datetime_operator.py
[2024-12-22T02:16:12.932+0000] {processor.py:830} INFO - Processing file /home/airflow/.local/lib/python3.12/site-packages/airflow/example_dags/example_branch_datetime_operator.py for tasks to queue
[2024-12-22T02:16:12.933+0000] {logging_mixin.py:188} INFO - [2024-12-22T02:16:12.933+0000] {dagbag.py:545} INFO - Filling up the DagBag from /home/airflow/.local/lib/python3.12/site-packages/airflow/example_dags/example_branch_datetime_operator.py
[2024-12-22T02:16:12.938+0000] {processor.py:840} INFO - DAG(s) 'example_branch_datetime_operator_3', 'example_branch_datetime_operator_2', 'example_branch_datetime_operator' retrieved from /home/airflow/.local/lib/python3.12/site-packages/airflow/example_dags/example_branch_datetime_operator.py
[2024-12-22T02:16:12.958+0000] {logging_mixin.py:188} INFO - [2024-12-22T02:16:12.958+0000] {dag.py:3089} INFO - Sync 3 DAGs
[2024-12-22T02:16:12.971+0000] {logging_mixin.py:188} INFO - [2024-12-22T02:16:12.970+0000] {dag.py:3947} INFO - Setting next_dagrun for example_branch_datetime_operator to 2024-12-21 00:00:00+00:00, run_after=2024-12-22 00:00:00+00:00
[2024-12-22T02:16:12.974+0000] {logging_mixin.py:188} INFO - [2024-12-22T02:16:12.974+0000] {dag.py:3947} INFO - Setting next_dagrun for example_branch_datetime_operator_2 to 2024-12-21 00:00:00+00:00, run_after=2024-12-22 00:00:00+00:00
[2024-12-22T02:16:12.975+0000] {logging_mixin.py:188} INFO - [2024-12-22T02:16:12.975+0000] {dag.py:3947} INFO - Setting next_dagrun for example_branch_datetime_operator_3 to 2024-12-21 00:00:00+00:00, run_after=2024-12-22 00:00:00+00:00
[2024-12-22T02:16:12.984+0000] {processor.py:183} INFO - Processing /home/airflow/.local/lib/python3.12/site-packages/airflow/example_dags/example_branch_datetime_operator.py took 0.057 seconds
[2024-12-22T02:16:45.309+0000] {processor.py:161} INFO - Started process (PID=16598) to work on /home/airflow/.local/lib/python3.12/site-packages/airflow/example_dags/example_branch_datetime_operator.py
[2024-12-22T02:16:45.310+0000] {processor.py:830} INFO - Processing file /home/airflow/.local/lib/python3.12/site-packages/airflow/example_dags/example_branch_datetime_operator.py for tasks to queue
[2024-12-22T02:16:45.311+0000] {logging_mixin.py:188} INFO - [2024-12-22T02:16:45.311+0000] {dagbag.py:545} INFO - Filling up the DagBag from /home/airflow/.local/lib/python3.12/site-packages/airflow/example_dags/example_branch_datetime_operator.py
[2024-12-22T02:16:45.316+0000] {processor.py:840} INFO - DAG(s) 'example_branch_datetime_operator_2', 'example_branch_datetime_operator_3', 'example_branch_datetime_operator' retrieved from /home/airflow/.local/lib/python3.12/site-packages/airflow/example_dags/example_branch_datetime_operator.py
[2024-12-22T02:16:45.332+0000] {logging_mixin.py:188} INFO - [2024-12-22T02:16:45.332+0000] {dag.py:3089} INFO - Sync 3 DAGs
[2024-12-22T02:16:45.343+0000] {logging_mixin.py:188} INFO - [2024-12-22T02:16:45.343+0000] {dag.py:3947} INFO - Setting next_dagrun for example_branch_datetime_operator to 2024-12-21 00:00:00+00:00, run_after=2024-12-22 00:00:00+00:00
[2024-12-22T02:16:45.345+0000] {logging_mixin.py:188} INFO - [2024-12-22T02:16:45.345+0000] {dag.py:3947} INFO - Setting next_dagrun for example_branch_datetime_operator_2 to 2024-12-21 00:00:00+00:00, run_after=2024-12-22 00:00:00+00:00
[2024-12-22T02:16:45.346+0000] {logging_mixin.py:188} INFO - [2024-12-22T02:16:45.346+0000] {dag.py:3947} INFO - Setting next_dagrun for example_branch_datetime_operator_3 to 2024-12-21 00:00:00+00:00, run_after=2024-12-22 00:00:00+00:00
[2024-12-22T02:16:45.354+0000] {processor.py:183} INFO - Processing /home/airflow/.local/lib/python3.12/site-packages/airflow/example_dags/example_branch_datetime_operator.py took 0.049 seconds
[2024-12-22T02:17:18.685+0000] {processor.py:161} INFO - Started process (PID=16875) to work on /home/airflow/.local/lib/python3.12/site-packages/airflow/example_dags/example_branch_datetime_operator.py
[2024-12-22T02:17:18.686+0000] {processor.py:830} INFO - Processing file /home/airflow/.local/lib/python3.12/site-packages/airflow/example_dags/example_branch_datetime_operator.py for tasks to queue
[2024-12-22T02:17:18.687+0000] {logging_mixin.py:188} INFO - [2024-12-22T02:17:18.687+0000] {dagbag.py:545} INFO - Filling up the DagBag from /home/airflow/.local/lib/python3.12/site-packages/airflow/example_dags/example_branch_datetime_operator.py
[2024-12-22T02:17:18.693+0000] {processor.py:840} INFO - DAG(s) 'example_branch_datetime_operator_3', 'example_branch_datetime_operator_2', 'example_branch_datetime_operator' retrieved from /home/airflow/.local/lib/python3.12/site-packages/airflow/example_dags/example_branch_datetime_operator.py
[2024-12-22T02:17:18.711+0000] {logging_mixin.py:188} INFO - [2024-12-22T02:17:18.711+0000] {dag.py:3089} INFO - Sync 3 DAGs
[2024-12-22T02:17:18.724+0000] {logging_mixin.py:188} INFO - [2024-12-22T02:17:18.724+0000] {dag.py:3947} INFO - Setting next_dagrun for example_branch_datetime_operator to 2024-12-21 00:00:00+00:00, run_after=2024-12-22 00:00:00+00:00
[2024-12-22T02:17:18.726+0000] {logging_mixin.py:188} INFO - [2024-12-22T02:17:18.726+0000] {dag.py:3947} INFO - Setting next_dagrun for example_branch_datetime_operator_2 to 2024-12-21 00:00:00+00:00, run_after=2024-12-22 00:00:00+00:00
[2024-12-22T02:17:18.728+0000] {logging_mixin.py:188} INFO - [2024-12-22T02:17:18.728+0000] {dag.py:3947} INFO - Setting next_dagrun for example_branch_datetime_operator_3 to 2024-12-21 00:00:00+00:00, run_after=2024-12-22 00:00:00+00:00
[2024-12-22T02:17:18.737+0000] {processor.py:183} INFO - Processing /home/airflow/.local/lib/python3.12/site-packages/airflow/example_dags/example_branch_datetime_operator.py took 0.056 seconds
[2024-12-22T02:17:49.141+0000] {processor.py:161} INFO - Started process (PID=17150) to work on /home/airflow/.local/lib/python3.12/site-packages/airflow/example_dags/example_branch_datetime_operator.py
[2024-12-22T02:17:49.142+0000] {processor.py:830} INFO - Processing file /home/airflow/.local/lib/python3.12/site-packages/airflow/example_dags/example_branch_datetime_operator.py for tasks to queue
[2024-12-22T02:17:49.143+0000] {logging_mixin.py:188} INFO - [2024-12-22T02:17:49.143+0000] {dagbag.py:545} INFO - Filling up the DagBag from /home/airflow/.local/lib/python3.12/site-packages/airflow/example_dags/example_branch_datetime_operator.py
[2024-12-22T02:17:49.149+0000] {processor.py:840} INFO - DAG(s) 'example_branch_datetime_operator_2', 'example_branch_datetime_operator_3', 'example_branch_datetime_operator' retrieved from /home/airflow/.local/lib/python3.12/site-packages/airflow/example_dags/example_branch_datetime_operator.py
[2024-12-22T02:17:49.169+0000] {logging_mixin.py:188} INFO - [2024-12-22T02:17:49.168+0000] {dag.py:3089} INFO - Sync 3 DAGs
[2024-12-22T02:17:49.183+0000] {logging_mixin.py:188} INFO - [2024-12-22T02:17:49.183+0000] {dag.py:3947} INFO - Setting next_dagrun for example_branch_datetime_operator to 2024-12-21 00:00:00+00:00, run_after=2024-12-22 00:00:00+00:00
[2024-12-22T02:17:49.186+0000] {logging_mixin.py:188} INFO - [2024-12-22T02:17:49.186+0000] {dag.py:3947} INFO - Setting next_dagrun for example_branch_datetime_operator_2 to 2024-12-21 00:00:00+00:00, run_after=2024-12-22 00:00:00+00:00
[2024-12-22T02:17:49.188+0000] {logging_mixin.py:188} INFO - [2024-12-22T02:17:49.188+0000] {dag.py:3947} INFO - Setting next_dagrun for example_branch_datetime_operator_3 to 2024-12-21 00:00:00+00:00, run_after=2024-12-22 00:00:00+00:00
[2024-12-22T02:17:49.200+0000] {processor.py:183} INFO - Processing /home/airflow/.local/lib/python3.12/site-packages/airflow/example_dags/example_branch_datetime_operator.py took 0.063 seconds
[2024-12-22T02:18:20.216+0000] {processor.py:161} INFO - Started process (PID=17427) to work on /home/airflow/.local/lib/python3.12/site-packages/airflow/example_dags/example_branch_datetime_operator.py
[2024-12-22T02:18:20.216+0000] {processor.py:830} INFO - Processing file /home/airflow/.local/lib/python3.12/site-packages/airflow/example_dags/example_branch_datetime_operator.py for tasks to queue
[2024-12-22T02:18:20.217+0000] {logging_mixin.py:188} INFO - [2024-12-22T02:18:20.217+0000] {dagbag.py:545} INFO - Filling up the DagBag from /home/airflow/.local/lib/python3.12/site-packages/airflow/example_dags/example_branch_datetime_operator.py
[2024-12-22T02:18:20.222+0000] {processor.py:840} INFO - DAG(s) 'example_branch_datetime_operator_2', 'example_branch_datetime_operator', 'example_branch_datetime_operator_3' retrieved from /home/airflow/.local/lib/python3.12/site-packages/airflow/example_dags/example_branch_datetime_operator.py
[2024-12-22T02:18:20.239+0000] {logging_mixin.py:188} INFO - [2024-12-22T02:18:20.239+0000] {dag.py:3089} INFO - Sync 3 DAGs
[2024-12-22T02:18:20.252+0000] {logging_mixin.py:188} INFO - [2024-12-22T02:18:20.252+0000] {dag.py:3947} INFO - Setting next_dagrun for example_branch_datetime_operator to 2024-12-21 00:00:00+00:00, run_after=2024-12-22 00:00:00+00:00
[2024-12-22T02:18:20.255+0000] {logging_mixin.py:188} INFO - [2024-12-22T02:18:20.255+0000] {dag.py:3947} INFO - Setting next_dagrun for example_branch_datetime_operator_2 to 2024-12-21 00:00:00+00:00, run_after=2024-12-22 00:00:00+00:00
[2024-12-22T02:18:20.256+0000] {logging_mixin.py:188} INFO - [2024-12-22T02:18:20.256+0000] {dag.py:3947} INFO - Setting next_dagrun for example_branch_datetime_operator_3 to 2024-12-21 00:00:00+00:00, run_after=2024-12-22 00:00:00+00:00
[2024-12-22T02:18:20.266+0000] {processor.py:183} INFO - Processing /home/airflow/.local/lib/python3.12/site-packages/airflow/example_dags/example_branch_datetime_operator.py took 0.054 seconds
[2024-12-22T02:18:50.859+0000] {processor.py:161} INFO - Started process (PID=17705) to work on /home/airflow/.local/lib/python3.12/site-packages/airflow/example_dags/example_branch_datetime_operator.py
[2024-12-22T02:18:50.860+0000] {processor.py:830} INFO - Processing file /home/airflow/.local/lib/python3.12/site-packages/airflow/example_dags/example_branch_datetime_operator.py for tasks to queue
[2024-12-22T02:18:50.861+0000] {logging_mixin.py:188} INFO - [2024-12-22T02:18:50.861+0000] {dagbag.py:545} INFO - Filling up the DagBag from /home/airflow/.local/lib/python3.12/site-packages/airflow/example_dags/example_branch_datetime_operator.py
[2024-12-22T02:18:50.866+0000] {processor.py:840} INFO - DAG(s) 'example_branch_datetime_operator_2', 'example_branch_datetime_operator', 'example_branch_datetime_operator_3' retrieved from /home/airflow/.local/lib/python3.12/site-packages/airflow/example_dags/example_branch_datetime_operator.py
[2024-12-22T02:18:50.884+0000] {logging_mixin.py:188} INFO - [2024-12-22T02:18:50.883+0000] {dag.py:3089} INFO - Sync 3 DAGs
[2024-12-22T02:18:50.897+0000] {logging_mixin.py:188} INFO - [2024-12-22T02:18:50.897+0000] {dag.py:3947} INFO - Setting next_dagrun for example_branch_datetime_operator to 2024-12-21 00:00:00+00:00, run_after=2024-12-22 00:00:00+00:00
[2024-12-22T02:18:50.899+0000] {logging_mixin.py:188} INFO - [2024-12-22T02:18:50.899+0000] {dag.py:3947} INFO - Setting next_dagrun for example_branch_datetime_operator_2 to 2024-12-21 00:00:00+00:00, run_after=2024-12-22 00:00:00+00:00
[2024-12-22T02:18:50.900+0000] {logging_mixin.py:188} INFO - [2024-12-22T02:18:50.900+0000] {dag.py:3947} INFO - Setting next_dagrun for example_branch_datetime_operator_3 to 2024-12-21 00:00:00+00:00, run_after=2024-12-22 00:00:00+00:00
[2024-12-22T02:18:50.910+0000] {processor.py:183} INFO - Processing /home/airflow/.local/lib/python3.12/site-packages/airflow/example_dags/example_branch_datetime_operator.py took 0.055 seconds
[2024-12-22T02:19:38.839+0000] {processor.py:161} INFO - Started process (PID=17984) to work on /home/airflow/.local/lib/python3.12/site-packages/airflow/example_dags/example_branch_datetime_operator.py
[2024-12-22T02:19:38.840+0000] {processor.py:830} INFO - Processing file /home/airflow/.local/lib/python3.12/site-packages/airflow/example_dags/example_branch_datetime_operator.py for tasks to queue
[2024-12-22T02:19:38.841+0000] {logging_mixin.py:188} INFO - [2024-12-22T02:19:38.841+0000] {dagbag.py:545} INFO - Filling up the DagBag from /home/airflow/.local/lib/python3.12/site-packages/airflow/example_dags/example_branch_datetime_operator.py
[2024-12-22T02:19:38.848+0000] {processor.py:840} INFO - DAG(s) 'example_branch_datetime_operator', 'example_branch_datetime_operator_2', 'example_branch_datetime_operator_3' retrieved from /home/airflow/.local/lib/python3.12/site-packages/airflow/example_dags/example_branch_datetime_operator.py
[2024-12-22T02:19:38.868+0000] {logging_mixin.py:188} INFO - [2024-12-22T02:19:38.868+0000] {dag.py:3089} INFO - Sync 3 DAGs
[2024-12-22T02:19:38.889+0000] {logging_mixin.py:188} INFO - [2024-12-22T02:19:38.889+0000] {dag.py:3947} INFO - Setting next_dagrun for example_branch_datetime_operator to 2024-12-21 00:00:00+00:00, run_after=2024-12-22 00:00:00+00:00
[2024-12-22T02:19:38.892+0000] {logging_mixin.py:188} INFO - [2024-12-22T02:19:38.892+0000] {dag.py:3947} INFO - Setting next_dagrun for example_branch_datetime_operator_2 to 2024-12-21 00:00:00+00:00, run_after=2024-12-22 00:00:00+00:00
[2024-12-22T02:19:38.893+0000] {logging_mixin.py:188} INFO - [2024-12-22T02:19:38.893+0000] {dag.py:3947} INFO - Setting next_dagrun for example_branch_datetime_operator_3 to 2024-12-21 00:00:00+00:00, run_after=2024-12-22 00:00:00+00:00
[2024-12-22T02:19:38.903+0000] {processor.py:183} INFO - Processing /home/airflow/.local/lib/python3.12/site-packages/airflow/example_dags/example_branch_datetime_operator.py took 0.068 seconds
[2024-12-22T02:20:08.990+0000] {processor.py:161} INFO - Started process (PID=18261) to work on /home/airflow/.local/lib/python3.12/site-packages/airflow/example_dags/example_branch_datetime_operator.py
[2024-12-22T02:20:08.991+0000] {processor.py:830} INFO - Processing file /home/airflow/.local/lib/python3.12/site-packages/airflow/example_dags/example_branch_datetime_operator.py for tasks to queue
[2024-12-22T02:20:08.992+0000] {logging_mixin.py:188} INFO - [2024-12-22T02:20:08.992+0000] {dagbag.py:545} INFO - Filling up the DagBag from /home/airflow/.local/lib/python3.12/site-packages/airflow/example_dags/example_branch_datetime_operator.py
[2024-12-22T02:20:08.997+0000] {processor.py:840} INFO - DAG(s) 'example_branch_datetime_operator_3', 'example_branch_datetime_operator', 'example_branch_datetime_operator_2' retrieved from /home/airflow/.local/lib/python3.12/site-packages/airflow/example_dags/example_branch_datetime_operator.py
[2024-12-22T02:20:09.015+0000] {logging_mixin.py:188} INFO - [2024-12-22T02:20:09.015+0000] {dag.py:3089} INFO - Sync 3 DAGs
[2024-12-22T02:20:09.028+0000] {logging_mixin.py:188} INFO - [2024-12-22T02:20:09.028+0000] {dag.py:3947} INFO - Setting next_dagrun for example_branch_datetime_operator to 2024-12-21 00:00:00+00:00, run_after=2024-12-22 00:00:00+00:00
[2024-12-22T02:20:09.031+0000] {logging_mixin.py:188} INFO - [2024-12-22T02:20:09.031+0000] {dag.py:3947} INFO - Setting next_dagrun for example_branch_datetime_operator_2 to 2024-12-21 00:00:00+00:00, run_after=2024-12-22 00:00:00+00:00
[2024-12-22T02:20:09.032+0000] {logging_mixin.py:188} INFO - [2024-12-22T02:20:09.032+0000] {dag.py:3947} INFO - Setting next_dagrun for example_branch_datetime_operator_3 to 2024-12-21 00:00:00+00:00, run_after=2024-12-22 00:00:00+00:00
[2024-12-22T02:20:09.043+0000] {processor.py:183} INFO - Processing /home/airflow/.local/lib/python3.12/site-packages/airflow/example_dags/example_branch_datetime_operator.py took 0.056 seconds
[2024-12-22T02:20:39.309+0000] {processor.py:161} INFO - Started process (PID=18538) to work on /home/airflow/.local/lib/python3.12/site-packages/airflow/example_dags/example_branch_datetime_operator.py
[2024-12-22T02:20:39.310+0000] {processor.py:830} INFO - Processing file /home/airflow/.local/lib/python3.12/site-packages/airflow/example_dags/example_branch_datetime_operator.py for tasks to queue
[2024-12-22T02:20:39.311+0000] {logging_mixin.py:188} INFO - [2024-12-22T02:20:39.311+0000] {dagbag.py:545} INFO - Filling up the DagBag from /home/airflow/.local/lib/python3.12/site-packages/airflow/example_dags/example_branch_datetime_operator.py
[2024-12-22T02:20:39.317+0000] {processor.py:840} INFO - DAG(s) 'example_branch_datetime_operator_3', 'example_branch_datetime_operator', 'example_branch_datetime_operator_2' retrieved from /home/airflow/.local/lib/python3.12/site-packages/airflow/example_dags/example_branch_datetime_operator.py
[2024-12-22T02:20:39.336+0000] {logging_mixin.py:188} INFO - [2024-12-22T02:20:39.336+0000] {dag.py:3089} INFO - Sync 3 DAGs
[2024-12-22T02:20:39.350+0000] {logging_mixin.py:188} INFO - [2024-12-22T02:20:39.349+0000] {dag.py:3947} INFO - Setting next_dagrun for example_branch_datetime_operator to 2024-12-21 00:00:00+00:00, run_after=2024-12-22 00:00:00+00:00
[2024-12-22T02:20:39.352+0000] {logging_mixin.py:188} INFO - [2024-12-22T02:20:39.352+0000] {dag.py:3947} INFO - Setting next_dagrun for example_branch_datetime_operator_2 to 2024-12-21 00:00:00+00:00, run_after=2024-12-22 00:00:00+00:00
[2024-12-22T02:20:39.353+0000] {logging_mixin.py:188} INFO - [2024-12-22T02:20:39.353+0000] {dag.py:3947} INFO - Setting next_dagrun for example_branch_datetime_operator_3 to 2024-12-21 00:00:00+00:00, run_after=2024-12-22 00:00:00+00:00
[2024-12-22T02:20:39.363+0000] {processor.py:183} INFO - Processing /home/airflow/.local/lib/python3.12/site-packages/airflow/example_dags/example_branch_datetime_operator.py took 0.058 seconds
[2024-12-22T02:21:09.412+0000] {processor.py:161} INFO - Started process (PID=18815) to work on /home/airflow/.local/lib/python3.12/site-packages/airflow/example_dags/example_branch_datetime_operator.py
[2024-12-22T02:21:09.413+0000] {processor.py:830} INFO - Processing file /home/airflow/.local/lib/python3.12/site-packages/airflow/example_dags/example_branch_datetime_operator.py for tasks to queue
[2024-12-22T02:21:09.415+0000] {logging_mixin.py:188} INFO - [2024-12-22T02:21:09.414+0000] {dagbag.py:545} INFO - Filling up the DagBag from /home/airflow/.local/lib/python3.12/site-packages/airflow/example_dags/example_branch_datetime_operator.py
[2024-12-22T02:21:09.421+0000] {processor.py:840} INFO - DAG(s) 'example_branch_datetime_operator', 'example_branch_datetime_operator_3', 'example_branch_datetime_operator_2' retrieved from /home/airflow/.local/lib/python3.12/site-packages/airflow/example_dags/example_branch_datetime_operator.py
[2024-12-22T02:21:09.442+0000] {logging_mixin.py:188} INFO - [2024-12-22T02:21:09.442+0000] {dag.py:3089} INFO - Sync 3 DAGs
[2024-12-22T02:21:09.456+0000] {logging_mixin.py:188} INFO - [2024-12-22T02:21:09.456+0000] {dag.py:3947} INFO - Setting next_dagrun for example_branch_datetime_operator to 2024-12-21 00:00:00+00:00, run_after=2024-12-22 00:00:00+00:00
[2024-12-22T02:21:09.459+0000] {logging_mixin.py:188} INFO - [2024-12-22T02:21:09.459+0000] {dag.py:3947} INFO - Setting next_dagrun for example_branch_datetime_operator_2 to 2024-12-21 00:00:00+00:00, run_after=2024-12-22 00:00:00+00:00
[2024-12-22T02:21:09.460+0000] {logging_mixin.py:188} INFO - [2024-12-22T02:21:09.460+0000] {dag.py:3947} INFO - Setting next_dagrun for example_branch_datetime_operator_3 to 2024-12-21 00:00:00+00:00, run_after=2024-12-22 00:00:00+00:00
[2024-12-22T02:21:09.470+0000] {processor.py:183} INFO - Processing /home/airflow/.local/lib/python3.12/site-packages/airflow/example_dags/example_branch_datetime_operator.py took 0.062 seconds
[2024-12-22T02:21:40.403+0000] {processor.py:161} INFO - Started process (PID=19092) to work on /home/airflow/.local/lib/python3.12/site-packages/airflow/example_dags/example_branch_datetime_operator.py
[2024-12-22T02:21:40.404+0000] {processor.py:830} INFO - Processing file /home/airflow/.local/lib/python3.12/site-packages/airflow/example_dags/example_branch_datetime_operator.py for tasks to queue
[2024-12-22T02:21:40.405+0000] {logging_mixin.py:188} INFO - [2024-12-22T02:21:40.405+0000] {dagbag.py:545} INFO - Filling up the DagBag from /home/airflow/.local/lib/python3.12/site-packages/airflow/example_dags/example_branch_datetime_operator.py
[2024-12-22T02:21:40.410+0000] {processor.py:840} INFO - DAG(s) 'example_branch_datetime_operator_2', 'example_branch_datetime_operator', 'example_branch_datetime_operator_3' retrieved from /home/airflow/.local/lib/python3.12/site-packages/airflow/example_dags/example_branch_datetime_operator.py
[2024-12-22T02:21:40.429+0000] {logging_mixin.py:188} INFO - [2024-12-22T02:21:40.428+0000] {dag.py:3089} INFO - Sync 3 DAGs
[2024-12-22T02:21:40.446+0000] {logging_mixin.py:188} INFO - [2024-12-22T02:21:40.445+0000] {dag.py:3947} INFO - Setting next_dagrun for example_branch_datetime_operator to 2024-12-21 00:00:00+00:00, run_after=2024-12-22 00:00:00+00:00
[2024-12-22T02:21:40.448+0000] {logging_mixin.py:188} INFO - [2024-12-22T02:21:40.448+0000] {dag.py:3947} INFO - Setting next_dagrun for example_branch_datetime_operator_2 to 2024-12-21 00:00:00+00:00, run_after=2024-12-22 00:00:00+00:00
[2024-12-22T02:21:40.450+0000] {logging_mixin.py:188} INFO - [2024-12-22T02:21:40.450+0000] {dag.py:3947} INFO - Setting next_dagrun for example_branch_datetime_operator_3 to 2024-12-21 00:00:00+00:00, run_after=2024-12-22 00:00:00+00:00
[2024-12-22T02:21:40.459+0000] {processor.py:183} INFO - Processing /home/airflow/.local/lib/python3.12/site-packages/airflow/example_dags/example_branch_datetime_operator.py took 0.061 seconds
[2024-12-22T02:22:10.651+0000] {processor.py:161} INFO - Started process (PID=19367) to work on /home/airflow/.local/lib/python3.12/site-packages/airflow/example_dags/example_branch_datetime_operator.py
[2024-12-22T02:22:10.652+0000] {processor.py:830} INFO - Processing file /home/airflow/.local/lib/python3.12/site-packages/airflow/example_dags/example_branch_datetime_operator.py for tasks to queue
[2024-12-22T02:22:10.654+0000] {logging_mixin.py:188} INFO - [2024-12-22T02:22:10.653+0000] {dagbag.py:545} INFO - Filling up the DagBag from /home/airflow/.local/lib/python3.12/site-packages/airflow/example_dags/example_branch_datetime_operator.py
[2024-12-22T02:22:10.659+0000] {processor.py:840} INFO - DAG(s) 'example_branch_datetime_operator_3', 'example_branch_datetime_operator_2', 'example_branch_datetime_operator' retrieved from /home/airflow/.local/lib/python3.12/site-packages/airflow/example_dags/example_branch_datetime_operator.py
[2024-12-22T02:22:10.677+0000] {logging_mixin.py:188} INFO - [2024-12-22T02:22:10.677+0000] {dag.py:3089} INFO - Sync 3 DAGs
[2024-12-22T02:22:10.690+0000] {logging_mixin.py:188} INFO - [2024-12-22T02:22:10.690+0000] {dag.py:3947} INFO - Setting next_dagrun for example_branch_datetime_operator to 2024-12-21 00:00:00+00:00, run_after=2024-12-22 00:00:00+00:00
[2024-12-22T02:22:10.692+0000] {logging_mixin.py:188} INFO - [2024-12-22T02:22:10.692+0000] {dag.py:3947} INFO - Setting next_dagrun for example_branch_datetime_operator_2 to 2024-12-21 00:00:00+00:00, run_after=2024-12-22 00:00:00+00:00
[2024-12-22T02:22:10.694+0000] {logging_mixin.py:188} INFO - [2024-12-22T02:22:10.694+0000] {dag.py:3947} INFO - Setting next_dagrun for example_branch_datetime_operator_3 to 2024-12-21 00:00:00+00:00, run_after=2024-12-22 00:00:00+00:00
[2024-12-22T02:22:10.703+0000] {processor.py:183} INFO - Processing /home/airflow/.local/lib/python3.12/site-packages/airflow/example_dags/example_branch_datetime_operator.py took 0.056 seconds
[2024-12-22T02:22:41.290+0000] {processor.py:161} INFO - Started process (PID=19644) to work on /home/airflow/.local/lib/python3.12/site-packages/airflow/example_dags/example_branch_datetime_operator.py
[2024-12-22T02:22:41.291+0000] {processor.py:830} INFO - Processing file /home/airflow/.local/lib/python3.12/site-packages/airflow/example_dags/example_branch_datetime_operator.py for tasks to queue
[2024-12-22T02:22:41.291+0000] {logging_mixin.py:188} INFO - [2024-12-22T02:22:41.291+0000] {dagbag.py:545} INFO - Filling up the DagBag from /home/airflow/.local/lib/python3.12/site-packages/airflow/example_dags/example_branch_datetime_operator.py
[2024-12-22T02:22:41.297+0000] {processor.py:840} INFO - DAG(s) 'example_branch_datetime_operator_3', 'example_branch_datetime_operator_2', 'example_branch_datetime_operator' retrieved from /home/airflow/.local/lib/python3.12/site-packages/airflow/example_dags/example_branch_datetime_operator.py
[2024-12-22T02:22:41.313+0000] {logging_mixin.py:188} INFO - [2024-12-22T02:22:41.313+0000] {dag.py:3089} INFO - Sync 3 DAGs
[2024-12-22T02:22:41.326+0000] {logging_mixin.py:188} INFO - [2024-12-22T02:22:41.326+0000] {dag.py:3947} INFO - Setting next_dagrun for example_branch_datetime_operator to 2024-12-21 00:00:00+00:00, run_after=2024-12-22 00:00:00+00:00
[2024-12-22T02:22:41.329+0000] {logging_mixin.py:188} INFO - [2024-12-22T02:22:41.329+0000] {dag.py:3947} INFO - Setting next_dagrun for example_branch_datetime_operator_2 to 2024-12-21 00:00:00+00:00, run_after=2024-12-22 00:00:00+00:00
[2024-12-22T02:22:41.330+0000] {logging_mixin.py:188} INFO - [2024-12-22T02:22:41.330+0000] {dag.py:3947} INFO - Setting next_dagrun for example_branch_datetime_operator_3 to 2024-12-21 00:00:00+00:00, run_after=2024-12-22 00:00:00+00:00
[2024-12-22T02:22:41.339+0000] {processor.py:183} INFO - Processing /home/airflow/.local/lib/python3.12/site-packages/airflow/example_dags/example_branch_datetime_operator.py took 0.053 seconds
[2024-12-22T02:23:11.621+0000] {processor.py:161} INFO - Started process (PID=19921) to work on /home/airflow/.local/lib/python3.12/site-packages/airflow/example_dags/example_branch_datetime_operator.py
[2024-12-22T02:23:11.623+0000] {processor.py:830} INFO - Processing file /home/airflow/.local/lib/python3.12/site-packages/airflow/example_dags/example_branch_datetime_operator.py for tasks to queue
[2024-12-22T02:23:11.625+0000] {logging_mixin.py:188} INFO - [2024-12-22T02:23:11.624+0000] {dagbag.py:545} INFO - Filling up the DagBag from /home/airflow/.local/lib/python3.12/site-packages/airflow/example_dags/example_branch_datetime_operator.py
[2024-12-22T02:23:11.630+0000] {processor.py:840} INFO - DAG(s) 'example_branch_datetime_operator', 'example_branch_datetime_operator_3', 'example_branch_datetime_operator_2' retrieved from /home/airflow/.local/lib/python3.12/site-packages/airflow/example_dags/example_branch_datetime_operator.py
[2024-12-22T02:23:11.649+0000] {logging_mixin.py:188} INFO - [2024-12-22T02:23:11.649+0000] {dag.py:3089} INFO - Sync 3 DAGs
[2024-12-22T02:23:11.662+0000] {logging_mixin.py:188} INFO - [2024-12-22T02:23:11.662+0000] {dag.py:3947} INFO - Setting next_dagrun for example_branch_datetime_operator to 2024-12-21 00:00:00+00:00, run_after=2024-12-22 00:00:00+00:00
[2024-12-22T02:23:11.666+0000] {logging_mixin.py:188} INFO - [2024-12-22T02:23:11.666+0000] {dag.py:3947} INFO - Setting next_dagrun for example_branch_datetime_operator_2 to 2024-12-21 00:00:00+00:00, run_after=2024-12-22 00:00:00+00:00
[2024-12-22T02:23:11.667+0000] {logging_mixin.py:188} INFO - [2024-12-22T02:23:11.667+0000] {dag.py:3947} INFO - Setting next_dagrun for example_branch_datetime_operator_3 to 2024-12-21 00:00:00+00:00, run_after=2024-12-22 00:00:00+00:00
[2024-12-22T02:23:11.678+0000] {processor.py:183} INFO - Processing /home/airflow/.local/lib/python3.12/site-packages/airflow/example_dags/example_branch_datetime_operator.py took 0.062 seconds
[2024-12-22T02:23:42.442+0000] {processor.py:161} INFO - Started process (PID=20198) to work on /home/airflow/.local/lib/python3.12/site-packages/airflow/example_dags/example_branch_datetime_operator.py
[2024-12-22T02:23:42.443+0000] {processor.py:830} INFO - Processing file /home/airflow/.local/lib/python3.12/site-packages/airflow/example_dags/example_branch_datetime_operator.py for tasks to queue
[2024-12-22T02:23:42.444+0000] {logging_mixin.py:188} INFO - [2024-12-22T02:23:42.444+0000] {dagbag.py:545} INFO - Filling up the DagBag from /home/airflow/.local/lib/python3.12/site-packages/airflow/example_dags/example_branch_datetime_operator.py
[2024-12-22T02:23:42.451+0000] {processor.py:840} INFO - DAG(s) 'example_branch_datetime_operator_3', 'example_branch_datetime_operator', 'example_branch_datetime_operator_2' retrieved from /home/airflow/.local/lib/python3.12/site-packages/airflow/example_dags/example_branch_datetime_operator.py
[2024-12-22T02:23:42.469+0000] {logging_mixin.py:188} INFO - [2024-12-22T02:23:42.468+0000] {dag.py:3089} INFO - Sync 3 DAGs
[2024-12-22T02:23:42.482+0000] {logging_mixin.py:188} INFO - [2024-12-22T02:23:42.481+0000] {dag.py:3947} INFO - Setting next_dagrun for example_branch_datetime_operator to 2024-12-21 00:00:00+00:00, run_after=2024-12-22 00:00:00+00:00
[2024-12-22T02:23:42.485+0000] {logging_mixin.py:188} INFO - [2024-12-22T02:23:42.485+0000] {dag.py:3947} INFO - Setting next_dagrun for example_branch_datetime_operator_2 to 2024-12-21 00:00:00+00:00, run_after=2024-12-22 00:00:00+00:00
[2024-12-22T02:23:42.486+0000] {logging_mixin.py:188} INFO - [2024-12-22T02:23:42.486+0000] {dag.py:3947} INFO - Setting next_dagrun for example_branch_datetime_operator_3 to 2024-12-21 00:00:00+00:00, run_after=2024-12-22 00:00:00+00:00
[2024-12-22T02:23:42.497+0000] {processor.py:183} INFO - Processing /home/airflow/.local/lib/python3.12/site-packages/airflow/example_dags/example_branch_datetime_operator.py took 0.059 seconds
[2024-12-22T02:24:12.879+0000] {processor.py:161} INFO - Started process (PID=20477) to work on /home/airflow/.local/lib/python3.12/site-packages/airflow/example_dags/example_branch_datetime_operator.py
[2024-12-22T02:24:12.880+0000] {processor.py:830} INFO - Processing file /home/airflow/.local/lib/python3.12/site-packages/airflow/example_dags/example_branch_datetime_operator.py for tasks to queue
[2024-12-22T02:24:12.881+0000] {logging_mixin.py:188} INFO - [2024-12-22T02:24:12.881+0000] {dagbag.py:545} INFO - Filling up the DagBag from /home/airflow/.local/lib/python3.12/site-packages/airflow/example_dags/example_branch_datetime_operator.py
[2024-12-22T02:24:12.886+0000] {processor.py:840} INFO - DAG(s) 'example_branch_datetime_operator', 'example_branch_datetime_operator_3', 'example_branch_datetime_operator_2' retrieved from /home/airflow/.local/lib/python3.12/site-packages/airflow/example_dags/example_branch_datetime_operator.py
[2024-12-22T02:24:12.904+0000] {logging_mixin.py:188} INFO - [2024-12-22T02:24:12.904+0000] {dag.py:3089} INFO - Sync 3 DAGs
[2024-12-22T02:24:12.919+0000] {logging_mixin.py:188} INFO - [2024-12-22T02:24:12.918+0000] {dag.py:3947} INFO - Setting next_dagrun for example_branch_datetime_operator to 2024-12-21 00:00:00+00:00, run_after=2024-12-22 00:00:00+00:00
[2024-12-22T02:24:12.921+0000] {logging_mixin.py:188} INFO - [2024-12-22T02:24:12.921+0000] {dag.py:3947} INFO - Setting next_dagrun for example_branch_datetime_operator_2 to 2024-12-21 00:00:00+00:00, run_after=2024-12-22 00:00:00+00:00
[2024-12-22T02:24:12.922+0000] {logging_mixin.py:188} INFO - [2024-12-22T02:24:12.922+0000] {dag.py:3947} INFO - Setting next_dagrun for example_branch_datetime_operator_3 to 2024-12-21 00:00:00+00:00, run_after=2024-12-22 00:00:00+00:00
[2024-12-22T02:24:12.933+0000] {processor.py:183} INFO - Processing /home/airflow/.local/lib/python3.12/site-packages/airflow/example_dags/example_branch_datetime_operator.py took 0.058 seconds
[2024-12-22T02:24:43.901+0000] {processor.py:161} INFO - Started process (PID=20754) to work on /home/airflow/.local/lib/python3.12/site-packages/airflow/example_dags/example_branch_datetime_operator.py
[2024-12-22T02:24:43.901+0000] {processor.py:830} INFO - Processing file /home/airflow/.local/lib/python3.12/site-packages/airflow/example_dags/example_branch_datetime_operator.py for tasks to queue
[2024-12-22T02:24:43.902+0000] {logging_mixin.py:188} INFO - [2024-12-22T02:24:43.902+0000] {dagbag.py:545} INFO - Filling up the DagBag from /home/airflow/.local/lib/python3.12/site-packages/airflow/example_dags/example_branch_datetime_operator.py
[2024-12-22T02:24:43.907+0000] {processor.py:840} INFO - DAG(s) 'example_branch_datetime_operator', 'example_branch_datetime_operator_2', 'example_branch_datetime_operator_3' retrieved from /home/airflow/.local/lib/python3.12/site-packages/airflow/example_dags/example_branch_datetime_operator.py
[2024-12-22T02:24:43.924+0000] {logging_mixin.py:188} INFO - [2024-12-22T02:24:43.924+0000] {dag.py:3089} INFO - Sync 3 DAGs
[2024-12-22T02:24:43.937+0000] {logging_mixin.py:188} INFO - [2024-12-22T02:24:43.937+0000] {dag.py:3947} INFO - Setting next_dagrun for example_branch_datetime_operator to 2024-12-21 00:00:00+00:00, run_after=2024-12-22 00:00:00+00:00
[2024-12-22T02:24:43.939+0000] {logging_mixin.py:188} INFO - [2024-12-22T02:24:43.939+0000] {dag.py:3947} INFO - Setting next_dagrun for example_branch_datetime_operator_2 to 2024-12-21 00:00:00+00:00, run_after=2024-12-22 00:00:00+00:00
[2024-12-22T02:24:43.940+0000] {logging_mixin.py:188} INFO - [2024-12-22T02:24:43.940+0000] {dag.py:3947} INFO - Setting next_dagrun for example_branch_datetime_operator_3 to 2024-12-21 00:00:00+00:00, run_after=2024-12-22 00:00:00+00:00
[2024-12-22T02:24:43.951+0000] {processor.py:183} INFO - Processing /home/airflow/.local/lib/python3.12/site-packages/airflow/example_dags/example_branch_datetime_operator.py took 0.055 seconds
[2024-12-22T02:25:14.237+0000] {processor.py:161} INFO - Started process (PID=21031) to work on /home/airflow/.local/lib/python3.12/site-packages/airflow/example_dags/example_branch_datetime_operator.py
[2024-12-22T02:25:14.237+0000] {processor.py:830} INFO - Processing file /home/airflow/.local/lib/python3.12/site-packages/airflow/example_dags/example_branch_datetime_operator.py for tasks to queue
[2024-12-22T02:25:14.239+0000] {logging_mixin.py:188} INFO - [2024-12-22T02:25:14.238+0000] {dagbag.py:545} INFO - Filling up the DagBag from /home/airflow/.local/lib/python3.12/site-packages/airflow/example_dags/example_branch_datetime_operator.py
[2024-12-22T02:25:14.245+0000] {processor.py:840} INFO - DAG(s) 'example_branch_datetime_operator_2', 'example_branch_datetime_operator', 'example_branch_datetime_operator_3' retrieved from /home/airflow/.local/lib/python3.12/site-packages/airflow/example_dags/example_branch_datetime_operator.py
[2024-12-22T02:25:14.261+0000] {logging_mixin.py:188} INFO - [2024-12-22T02:25:14.261+0000] {dag.py:3089} INFO - Sync 3 DAGs
[2024-12-22T02:25:14.274+0000] {logging_mixin.py:188} INFO - [2024-12-22T02:25:14.274+0000] {dag.py:3947} INFO - Setting next_dagrun for example_branch_datetime_operator to 2024-12-21 00:00:00+00:00, run_after=2024-12-22 00:00:00+00:00
[2024-12-22T02:25:14.276+0000] {logging_mixin.py:188} INFO - [2024-12-22T02:25:14.276+0000] {dag.py:3947} INFO - Setting next_dagrun for example_branch_datetime_operator_2 to 2024-12-21 00:00:00+00:00, run_after=2024-12-22 00:00:00+00:00
[2024-12-22T02:25:14.277+0000] {logging_mixin.py:188} INFO - [2024-12-22T02:25:14.277+0000] {dag.py:3947} INFO - Setting next_dagrun for example_branch_datetime_operator_3 to 2024-12-21 00:00:00+00:00, run_after=2024-12-22 00:00:00+00:00
[2024-12-22T02:25:14.287+0000] {processor.py:183} INFO - Processing /home/airflow/.local/lib/python3.12/site-packages/airflow/example_dags/example_branch_datetime_operator.py took 0.055 seconds
[2024-12-22T02:25:44.612+0000] {processor.py:161} INFO - Started process (PID=21309) to work on /home/airflow/.local/lib/python3.12/site-packages/airflow/example_dags/example_branch_datetime_operator.py
[2024-12-22T02:25:44.613+0000] {processor.py:830} INFO - Processing file /home/airflow/.local/lib/python3.12/site-packages/airflow/example_dags/example_branch_datetime_operator.py for tasks to queue
[2024-12-22T02:25:44.614+0000] {logging_mixin.py:188} INFO - [2024-12-22T02:25:44.614+0000] {dagbag.py:545} INFO - Filling up the DagBag from /home/airflow/.local/lib/python3.12/site-packages/airflow/example_dags/example_branch_datetime_operator.py
[2024-12-22T02:25:44.618+0000] {processor.py:840} INFO - DAG(s) 'example_branch_datetime_operator_3', 'example_branch_datetime_operator_2', 'example_branch_datetime_operator' retrieved from /home/airflow/.local/lib/python3.12/site-packages/airflow/example_dags/example_branch_datetime_operator.py
[2024-12-22T02:25:44.638+0000] {logging_mixin.py:188} INFO - [2024-12-22T02:25:44.637+0000] {dag.py:3089} INFO - Sync 3 DAGs
[2024-12-22T02:25:44.652+0000] {logging_mixin.py:188} INFO - [2024-12-22T02:25:44.652+0000] {dag.py:3947} INFO - Setting next_dagrun for example_branch_datetime_operator to 2024-12-21 00:00:00+00:00, run_after=2024-12-22 00:00:00+00:00
[2024-12-22T02:25:44.655+0000] {logging_mixin.py:188} INFO - [2024-12-22T02:25:44.655+0000] {dag.py:3947} INFO - Setting next_dagrun for example_branch_datetime_operator_2 to 2024-12-21 00:00:00+00:00, run_after=2024-12-22 00:00:00+00:00
[2024-12-22T02:25:44.656+0000] {logging_mixin.py:188} INFO - [2024-12-22T02:25:44.656+0000] {dag.py:3947} INFO - Setting next_dagrun for example_branch_datetime_operator_3 to 2024-12-21 00:00:00+00:00, run_after=2024-12-22 00:00:00+00:00
[2024-12-22T02:25:44.665+0000] {processor.py:183} INFO - Processing /home/airflow/.local/lib/python3.12/site-packages/airflow/example_dags/example_branch_datetime_operator.py took 0.057 seconds
[2024-12-22T02:26:14.855+0000] {processor.py:161} INFO - Started process (PID=21584) to work on /home/airflow/.local/lib/python3.12/site-packages/airflow/example_dags/example_branch_datetime_operator.py
[2024-12-22T02:26:14.856+0000] {processor.py:830} INFO - Processing file /home/airflow/.local/lib/python3.12/site-packages/airflow/example_dags/example_branch_datetime_operator.py for tasks to queue
[2024-12-22T02:26:14.858+0000] {logging_mixin.py:188} INFO - [2024-12-22T02:26:14.857+0000] {dagbag.py:545} INFO - Filling up the DagBag from /home/airflow/.local/lib/python3.12/site-packages/airflow/example_dags/example_branch_datetime_operator.py
[2024-12-22T02:26:14.863+0000] {processor.py:840} INFO - DAG(s) 'example_branch_datetime_operator_3', 'example_branch_datetime_operator', 'example_branch_datetime_operator_2' retrieved from /home/airflow/.local/lib/python3.12/site-packages/airflow/example_dags/example_branch_datetime_operator.py
[2024-12-22T02:26:14.880+0000] {logging_mixin.py:188} INFO - [2024-12-22T02:26:14.880+0000] {dag.py:3089} INFO - Sync 3 DAGs
[2024-12-22T02:26:14.893+0000] {logging_mixin.py:188} INFO - [2024-12-22T02:26:14.893+0000] {dag.py:3947} INFO - Setting next_dagrun for example_branch_datetime_operator to 2024-12-21 00:00:00+00:00, run_after=2024-12-22 00:00:00+00:00
[2024-12-22T02:26:14.895+0000] {logging_mixin.py:188} INFO - [2024-12-22T02:26:14.895+0000] {dag.py:3947} INFO - Setting next_dagrun for example_branch_datetime_operator_2 to 2024-12-21 00:00:00+00:00, run_after=2024-12-22 00:00:00+00:00
[2024-12-22T02:26:14.897+0000] {logging_mixin.py:188} INFO - [2024-12-22T02:26:14.896+0000] {dag.py:3947} INFO - Setting next_dagrun for example_branch_datetime_operator_3 to 2024-12-21 00:00:00+00:00, run_after=2024-12-22 00:00:00+00:00
[2024-12-22T02:26:14.907+0000] {processor.py:183} INFO - Processing /home/airflow/.local/lib/python3.12/site-packages/airflow/example_dags/example_branch_datetime_operator.py took 0.056 seconds
[2024-12-22T02:26:45.907+0000] {processor.py:161} INFO - Started process (PID=21861) to work on /home/airflow/.local/lib/python3.12/site-packages/airflow/example_dags/example_branch_datetime_operator.py
[2024-12-22T02:26:45.908+0000] {processor.py:830} INFO - Processing file /home/airflow/.local/lib/python3.12/site-packages/airflow/example_dags/example_branch_datetime_operator.py for tasks to queue
[2024-12-22T02:26:45.910+0000] {logging_mixin.py:188} INFO - [2024-12-22T02:26:45.910+0000] {dagbag.py:545} INFO - Filling up the DagBag from /home/airflow/.local/lib/python3.12/site-packages/airflow/example_dags/example_branch_datetime_operator.py
[2024-12-22T02:26:45.915+0000] {processor.py:840} INFO - DAG(s) 'example_branch_datetime_operator', 'example_branch_datetime_operator_3', 'example_branch_datetime_operator_2' retrieved from /home/airflow/.local/lib/python3.12/site-packages/airflow/example_dags/example_branch_datetime_operator.py
[2024-12-22T02:26:45.932+0000] {logging_mixin.py:188} INFO - [2024-12-22T02:26:45.932+0000] {dag.py:3089} INFO - Sync 3 DAGs
[2024-12-22T02:26:45.946+0000] {logging_mixin.py:188} INFO - [2024-12-22T02:26:45.946+0000] {dag.py:3947} INFO - Setting next_dagrun for example_branch_datetime_operator to 2024-12-21 00:00:00+00:00, run_after=2024-12-22 00:00:00+00:00
[2024-12-22T02:26:45.949+0000] {logging_mixin.py:188} INFO - [2024-12-22T02:26:45.949+0000] {dag.py:3947} INFO - Setting next_dagrun for example_branch_datetime_operator_2 to 2024-12-21 00:00:00+00:00, run_after=2024-12-22 00:00:00+00:00
[2024-12-22T02:26:45.950+0000] {logging_mixin.py:188} INFO - [2024-12-22T02:26:45.950+0000] {dag.py:3947} INFO - Setting next_dagrun for example_branch_datetime_operator_3 to 2024-12-21 00:00:00+00:00, run_after=2024-12-22 00:00:00+00:00
[2024-12-22T02:26:45.963+0000] {processor.py:183} INFO - Processing /home/airflow/.local/lib/python3.12/site-packages/airflow/example_dags/example_branch_datetime_operator.py took 0.060 seconds
[2024-12-22T02:27:16.561+0000] {processor.py:161} INFO - Started process (PID=22138) to work on /home/airflow/.local/lib/python3.12/site-packages/airflow/example_dags/example_branch_datetime_operator.py
[2024-12-22T02:27:16.562+0000] {processor.py:830} INFO - Processing file /home/airflow/.local/lib/python3.12/site-packages/airflow/example_dags/example_branch_datetime_operator.py for tasks to queue
[2024-12-22T02:27:16.563+0000] {logging_mixin.py:188} INFO - [2024-12-22T02:27:16.563+0000] {dagbag.py:545} INFO - Filling up the DagBag from /home/airflow/.local/lib/python3.12/site-packages/airflow/example_dags/example_branch_datetime_operator.py
[2024-12-22T02:27:16.569+0000] {processor.py:840} INFO - DAG(s) 'example_branch_datetime_operator', 'example_branch_datetime_operator_2', 'example_branch_datetime_operator_3' retrieved from /home/airflow/.local/lib/python3.12/site-packages/airflow/example_dags/example_branch_datetime_operator.py
[2024-12-22T02:27:16.588+0000] {logging_mixin.py:188} INFO - [2024-12-22T02:27:16.588+0000] {dag.py:3089} INFO - Sync 3 DAGs
[2024-12-22T02:27:16.603+0000] {logging_mixin.py:188} INFO - [2024-12-22T02:27:16.603+0000] {dag.py:3947} INFO - Setting next_dagrun for example_branch_datetime_operator to 2024-12-21 00:00:00+00:00, run_after=2024-12-22 00:00:00+00:00
[2024-12-22T02:27:16.605+0000] {logging_mixin.py:188} INFO - [2024-12-22T02:27:16.605+0000] {dag.py:3947} INFO - Setting next_dagrun for example_branch_datetime_operator_2 to 2024-12-21 00:00:00+00:00, run_after=2024-12-22 00:00:00+00:00
[2024-12-22T02:27:16.607+0000] {logging_mixin.py:188} INFO - [2024-12-22T02:27:16.607+0000] {dag.py:3947} INFO - Setting next_dagrun for example_branch_datetime_operator_3 to 2024-12-21 00:00:00+00:00, run_after=2024-12-22 00:00:00+00:00
[2024-12-22T02:27:16.617+0000] {processor.py:183} INFO - Processing /home/airflow/.local/lib/python3.12/site-packages/airflow/example_dags/example_branch_datetime_operator.py took 0.060 seconds
[2024-12-22T02:27:47.106+0000] {processor.py:161} INFO - Started process (PID=22415) to work on /home/airflow/.local/lib/python3.12/site-packages/airflow/example_dags/example_branch_datetime_operator.py
[2024-12-22T02:27:47.107+0000] {processor.py:830} INFO - Processing file /home/airflow/.local/lib/python3.12/site-packages/airflow/example_dags/example_branch_datetime_operator.py for tasks to queue
[2024-12-22T02:27:47.108+0000] {logging_mixin.py:188} INFO - [2024-12-22T02:27:47.108+0000] {dagbag.py:545} INFO - Filling up the DagBag from /home/airflow/.local/lib/python3.12/site-packages/airflow/example_dags/example_branch_datetime_operator.py
[2024-12-22T02:27:47.113+0000] {processor.py:840} INFO - DAG(s) 'example_branch_datetime_operator_2', 'example_branch_datetime_operator_3', 'example_branch_datetime_operator' retrieved from /home/airflow/.local/lib/python3.12/site-packages/airflow/example_dags/example_branch_datetime_operator.py
[2024-12-22T02:27:47.130+0000] {logging_mixin.py:188} INFO - [2024-12-22T02:27:47.130+0000] {dag.py:3089} INFO - Sync 3 DAGs
[2024-12-22T02:27:47.143+0000] {logging_mixin.py:188} INFO - [2024-12-22T02:27:47.143+0000] {dag.py:3947} INFO - Setting next_dagrun for example_branch_datetime_operator to 2024-12-21 00:00:00+00:00, run_after=2024-12-22 00:00:00+00:00
[2024-12-22T02:27:47.146+0000] {logging_mixin.py:188} INFO - [2024-12-22T02:27:47.146+0000] {dag.py:3947} INFO - Setting next_dagrun for example_branch_datetime_operator_2 to 2024-12-21 00:00:00+00:00, run_after=2024-12-22 00:00:00+00:00
[2024-12-22T02:27:47.147+0000] {logging_mixin.py:188} INFO - [2024-12-22T02:27:47.147+0000] {dag.py:3947} INFO - Setting next_dagrun for example_branch_datetime_operator_3 to 2024-12-21 00:00:00+00:00, run_after=2024-12-22 00:00:00+00:00
[2024-12-22T02:27:47.156+0000] {processor.py:183} INFO - Processing /home/airflow/.local/lib/python3.12/site-packages/airflow/example_dags/example_branch_datetime_operator.py took 0.054 seconds
[2024-12-22T02:28:18.588+0000] {processor.py:161} INFO - Started process (PID=22692) to work on /home/airflow/.local/lib/python3.12/site-packages/airflow/example_dags/example_branch_datetime_operator.py
[2024-12-22T02:28:18.588+0000] {processor.py:830} INFO - Processing file /home/airflow/.local/lib/python3.12/site-packages/airflow/example_dags/example_branch_datetime_operator.py for tasks to queue
[2024-12-22T02:28:18.589+0000] {logging_mixin.py:188} INFO - [2024-12-22T02:28:18.589+0000] {dagbag.py:545} INFO - Filling up the DagBag from /home/airflow/.local/lib/python3.12/site-packages/airflow/example_dags/example_branch_datetime_operator.py
[2024-12-22T02:28:18.595+0000] {processor.py:840} INFO - DAG(s) 'example_branch_datetime_operator_2', 'example_branch_datetime_operator_3', 'example_branch_datetime_operator' retrieved from /home/airflow/.local/lib/python3.12/site-packages/airflow/example_dags/example_branch_datetime_operator.py
[2024-12-22T02:28:18.611+0000] {logging_mixin.py:188} INFO - [2024-12-22T02:28:18.611+0000] {dag.py:3089} INFO - Sync 3 DAGs
[2024-12-22T02:28:18.623+0000] {logging_mixin.py:188} INFO - [2024-12-22T02:28:18.623+0000] {dag.py:3947} INFO - Setting next_dagrun for example_branch_datetime_operator to 2024-12-21 00:00:00+00:00, run_after=2024-12-22 00:00:00+00:00
[2024-12-22T02:28:18.625+0000] {logging_mixin.py:188} INFO - [2024-12-22T02:28:18.625+0000] {dag.py:3947} INFO - Setting next_dagrun for example_branch_datetime_operator_2 to 2024-12-21 00:00:00+00:00, run_after=2024-12-22 00:00:00+00:00
[2024-12-22T02:28:18.626+0000] {logging_mixin.py:188} INFO - [2024-12-22T02:28:18.626+0000] {dag.py:3947} INFO - Setting next_dagrun for example_branch_datetime_operator_3 to 2024-12-21 00:00:00+00:00, run_after=2024-12-22 00:00:00+00:00
[2024-12-22T02:28:18.637+0000] {processor.py:183} INFO - Processing /home/airflow/.local/lib/python3.12/site-packages/airflow/example_dags/example_branch_datetime_operator.py took 0.053 seconds
[2024-12-22T02:28:52.170+0000] {processor.py:161} INFO - Started process (PID=22969) to work on /home/airflow/.local/lib/python3.12/site-packages/airflow/example_dags/example_branch_datetime_operator.py
[2024-12-22T02:28:52.170+0000] {processor.py:830} INFO - Processing file /home/airflow/.local/lib/python3.12/site-packages/airflow/example_dags/example_branch_datetime_operator.py for tasks to queue
[2024-12-22T02:28:52.172+0000] {logging_mixin.py:188} INFO - [2024-12-22T02:28:52.171+0000] {dagbag.py:545} INFO - Filling up the DagBag from /home/airflow/.local/lib/python3.12/site-packages/airflow/example_dags/example_branch_datetime_operator.py
[2024-12-22T02:28:52.177+0000] {processor.py:840} INFO - DAG(s) 'example_branch_datetime_operator', 'example_branch_datetime_operator_3', 'example_branch_datetime_operator_2' retrieved from /home/airflow/.local/lib/python3.12/site-packages/airflow/example_dags/example_branch_datetime_operator.py
[2024-12-22T02:28:52.196+0000] {logging_mixin.py:188} INFO - [2024-12-22T02:28:52.195+0000] {dag.py:3089} INFO - Sync 3 DAGs
[2024-12-22T02:28:52.211+0000] {logging_mixin.py:188} INFO - [2024-12-22T02:28:52.211+0000] {dag.py:3947} INFO - Setting next_dagrun for example_branch_datetime_operator to 2024-12-21 00:00:00+00:00, run_after=2024-12-22 00:00:00+00:00
[2024-12-22T02:28:52.214+0000] {logging_mixin.py:188} INFO - [2024-12-22T02:28:52.214+0000] {dag.py:3947} INFO - Setting next_dagrun for example_branch_datetime_operator_2 to 2024-12-21 00:00:00+00:00, run_after=2024-12-22 00:00:00+00:00
[2024-12-22T02:28:52.216+0000] {logging_mixin.py:188} INFO - [2024-12-22T02:28:52.216+0000] {dag.py:3947} INFO - Setting next_dagrun for example_branch_datetime_operator_3 to 2024-12-21 00:00:00+00:00, run_after=2024-12-22 00:00:00+00:00
[2024-12-22T02:28:52.225+0000] {processor.py:183} INFO - Processing /home/airflow/.local/lib/python3.12/site-packages/airflow/example_dags/example_branch_datetime_operator.py took 0.060 seconds
[2024-12-22T02:29:38.005+0000] {processor.py:161} INFO - Started process (PID=23246) to work on /home/airflow/.local/lib/python3.12/site-packages/airflow/example_dags/example_branch_datetime_operator.py
[2024-12-22T02:29:38.005+0000] {processor.py:830} INFO - Processing file /home/airflow/.local/lib/python3.12/site-packages/airflow/example_dags/example_branch_datetime_operator.py for tasks to queue
[2024-12-22T02:29:38.007+0000] {logging_mixin.py:188} INFO - [2024-12-22T02:29:38.007+0000] {dagbag.py:545} INFO - Filling up the DagBag from /home/airflow/.local/lib/python3.12/site-packages/airflow/example_dags/example_branch_datetime_operator.py
[2024-12-22T02:29:38.012+0000] {processor.py:840} INFO - DAG(s) 'example_branch_datetime_operator_2', 'example_branch_datetime_operator', 'example_branch_datetime_operator_3' retrieved from /home/airflow/.local/lib/python3.12/site-packages/airflow/example_dags/example_branch_datetime_operator.py
[2024-12-22T02:29:38.029+0000] {logging_mixin.py:188} INFO - [2024-12-22T02:29:38.029+0000] {dag.py:3089} INFO - Sync 3 DAGs
[2024-12-22T02:29:38.043+0000] {logging_mixin.py:188} INFO - [2024-12-22T02:29:38.043+0000] {dag.py:3947} INFO - Setting next_dagrun for example_branch_datetime_operator to 2024-12-21 00:00:00+00:00, run_after=2024-12-22 00:00:00+00:00
[2024-12-22T02:29:38.046+0000] {logging_mixin.py:188} INFO - [2024-12-22T02:29:38.045+0000] {dag.py:3947} INFO - Setting next_dagrun for example_branch_datetime_operator_2 to 2024-12-21 00:00:00+00:00, run_after=2024-12-22 00:00:00+00:00
[2024-12-22T02:29:38.047+0000] {logging_mixin.py:188} INFO - [2024-12-22T02:29:38.047+0000] {dag.py:3947} INFO - Setting next_dagrun for example_branch_datetime_operator_3 to 2024-12-21 00:00:00+00:00, run_after=2024-12-22 00:00:00+00:00
[2024-12-22T02:29:38.057+0000] {processor.py:183} INFO - Processing /home/airflow/.local/lib/python3.12/site-packages/airflow/example_dags/example_branch_datetime_operator.py took 0.056 seconds
[2024-12-22T02:30:08.616+0000] {processor.py:161} INFO - Started process (PID=23523) to work on /home/airflow/.local/lib/python3.12/site-packages/airflow/example_dags/example_branch_datetime_operator.py
[2024-12-22T02:30:08.617+0000] {processor.py:830} INFO - Processing file /home/airflow/.local/lib/python3.12/site-packages/airflow/example_dags/example_branch_datetime_operator.py for tasks to queue
[2024-12-22T02:30:08.618+0000] {logging_mixin.py:188} INFO - [2024-12-22T02:30:08.618+0000] {dagbag.py:545} INFO - Filling up the DagBag from /home/airflow/.local/lib/python3.12/site-packages/airflow/example_dags/example_branch_datetime_operator.py
[2024-12-22T02:30:08.623+0000] {processor.py:840} INFO - DAG(s) 'example_branch_datetime_operator', 'example_branch_datetime_operator_3', 'example_branch_datetime_operator_2' retrieved from /home/airflow/.local/lib/python3.12/site-packages/airflow/example_dags/example_branch_datetime_operator.py
[2024-12-22T02:30:08.642+0000] {logging_mixin.py:188} INFO - [2024-12-22T02:30:08.642+0000] {dag.py:3089} INFO - Sync 3 DAGs
[2024-12-22T02:30:08.655+0000] {logging_mixin.py:188} INFO - [2024-12-22T02:30:08.655+0000] {dag.py:3947} INFO - Setting next_dagrun for example_branch_datetime_operator to 2024-12-21 00:00:00+00:00, run_after=2024-12-22 00:00:00+00:00
[2024-12-22T02:30:08.659+0000] {logging_mixin.py:188} INFO - [2024-12-22T02:30:08.659+0000] {dag.py:3947} INFO - Setting next_dagrun for example_branch_datetime_operator_2 to 2024-12-21 00:00:00+00:00, run_after=2024-12-22 00:00:00+00:00
[2024-12-22T02:30:08.660+0000] {logging_mixin.py:188} INFO - [2024-12-22T02:30:08.660+0000] {dag.py:3947} INFO - Setting next_dagrun for example_branch_datetime_operator_3 to 2024-12-21 00:00:00+00:00, run_after=2024-12-22 00:00:00+00:00
[2024-12-22T02:30:08.671+0000] {processor.py:183} INFO - Processing /home/airflow/.local/lib/python3.12/site-packages/airflow/example_dags/example_branch_datetime_operator.py took 0.059 seconds
[2024-12-22T02:30:38.712+0000] {processor.py:161} INFO - Started process (PID=23800) to work on /home/airflow/.local/lib/python3.12/site-packages/airflow/example_dags/example_branch_datetime_operator.py
[2024-12-22T02:30:38.713+0000] {processor.py:830} INFO - Processing file /home/airflow/.local/lib/python3.12/site-packages/airflow/example_dags/example_branch_datetime_operator.py for tasks to queue
[2024-12-22T02:30:38.714+0000] {logging_mixin.py:188} INFO - [2024-12-22T02:30:38.714+0000] {dagbag.py:545} INFO - Filling up the DagBag from /home/airflow/.local/lib/python3.12/site-packages/airflow/example_dags/example_branch_datetime_operator.py
[2024-12-22T02:30:38.720+0000] {processor.py:840} INFO - DAG(s) 'example_branch_datetime_operator', 'example_branch_datetime_operator_2', 'example_branch_datetime_operator_3' retrieved from /home/airflow/.local/lib/python3.12/site-packages/airflow/example_dags/example_branch_datetime_operator.py
[2024-12-22T02:30:38.737+0000] {logging_mixin.py:188} INFO - [2024-12-22T02:30:38.737+0000] {dag.py:3089} INFO - Sync 3 DAGs
[2024-12-22T02:30:38.750+0000] {logging_mixin.py:188} INFO - [2024-12-22T02:30:38.750+0000] {dag.py:3947} INFO - Setting next_dagrun for example_branch_datetime_operator to 2024-12-21 00:00:00+00:00, run_after=2024-12-22 00:00:00+00:00
[2024-12-22T02:30:38.753+0000] {logging_mixin.py:188} INFO - [2024-12-22T02:30:38.752+0000] {dag.py:3947} INFO - Setting next_dagrun for example_branch_datetime_operator_2 to 2024-12-21 00:00:00+00:00, run_after=2024-12-22 00:00:00+00:00
[2024-12-22T02:30:38.754+0000] {logging_mixin.py:188} INFO - [2024-12-22T02:30:38.754+0000] {dag.py:3947} INFO - Setting next_dagrun for example_branch_datetime_operator_3 to 2024-12-21 00:00:00+00:00, run_after=2024-12-22 00:00:00+00:00
[2024-12-22T02:30:38.765+0000] {processor.py:183} INFO - Processing /home/airflow/.local/lib/python3.12/site-packages/airflow/example_dags/example_branch_datetime_operator.py took 0.057 seconds
[2024-12-22T02:31:09.253+0000] {processor.py:161} INFO - Started process (PID=24077) to work on /home/airflow/.local/lib/python3.12/site-packages/airflow/example_dags/example_branch_datetime_operator.py
[2024-12-22T02:31:09.253+0000] {processor.py:830} INFO - Processing file /home/airflow/.local/lib/python3.12/site-packages/airflow/example_dags/example_branch_datetime_operator.py for tasks to queue
[2024-12-22T02:31:09.254+0000] {logging_mixin.py:188} INFO - [2024-12-22T02:31:09.254+0000] {dagbag.py:545} INFO - Filling up the DagBag from /home/airflow/.local/lib/python3.12/site-packages/airflow/example_dags/example_branch_datetime_operator.py
[2024-12-22T02:31:09.259+0000] {processor.py:840} INFO - DAG(s) 'example_branch_datetime_operator_3', 'example_branch_datetime_operator', 'example_branch_datetime_operator_2' retrieved from /home/airflow/.local/lib/python3.12/site-packages/airflow/example_dags/example_branch_datetime_operator.py
[2024-12-22T02:31:09.276+0000] {logging_mixin.py:188} INFO - [2024-12-22T02:31:09.276+0000] {dag.py:3089} INFO - Sync 3 DAGs
[2024-12-22T02:31:09.289+0000] {logging_mixin.py:188} INFO - [2024-12-22T02:31:09.289+0000] {dag.py:3947} INFO - Setting next_dagrun for example_branch_datetime_operator to 2024-12-21 00:00:00+00:00, run_after=2024-12-22 00:00:00+00:00
[2024-12-22T02:31:09.291+0000] {logging_mixin.py:188} INFO - [2024-12-22T02:31:09.291+0000] {dag.py:3947} INFO - Setting next_dagrun for example_branch_datetime_operator_2 to 2024-12-21 00:00:00+00:00, run_after=2024-12-22 00:00:00+00:00
[2024-12-22T02:31:09.292+0000] {logging_mixin.py:188} INFO - [2024-12-22T02:31:09.292+0000] {dag.py:3947} INFO - Setting next_dagrun for example_branch_datetime_operator_3 to 2024-12-21 00:00:00+00:00, run_after=2024-12-22 00:00:00+00:00
[2024-12-22T02:31:09.301+0000] {processor.py:183} INFO - Processing /home/airflow/.local/lib/python3.12/site-packages/airflow/example_dags/example_branch_datetime_operator.py took 0.052 seconds
[2024-12-22T02:31:39.709+0000] {processor.py:161} INFO - Started process (PID=24354) to work on /home/airflow/.local/lib/python3.12/site-packages/airflow/example_dags/example_branch_datetime_operator.py
[2024-12-22T02:31:39.709+0000] {processor.py:830} INFO - Processing file /home/airflow/.local/lib/python3.12/site-packages/airflow/example_dags/example_branch_datetime_operator.py for tasks to queue
[2024-12-22T02:31:39.710+0000] {logging_mixin.py:188} INFO - [2024-12-22T02:31:39.710+0000] {dagbag.py:545} INFO - Filling up the DagBag from /home/airflow/.local/lib/python3.12/site-packages/airflow/example_dags/example_branch_datetime_operator.py
[2024-12-22T02:31:39.716+0000] {processor.py:840} INFO - DAG(s) 'example_branch_datetime_operator_3', 'example_branch_datetime_operator_2', 'example_branch_datetime_operator' retrieved from /home/airflow/.local/lib/python3.12/site-packages/airflow/example_dags/example_branch_datetime_operator.py
[2024-12-22T02:31:39.733+0000] {logging_mixin.py:188} INFO - [2024-12-22T02:31:39.733+0000] {dag.py:3089} INFO - Sync 3 DAGs
[2024-12-22T02:31:39.746+0000] {logging_mixin.py:188} INFO - [2024-12-22T02:31:39.746+0000] {dag.py:3947} INFO - Setting next_dagrun for example_branch_datetime_operator to 2024-12-21 00:00:00+00:00, run_after=2024-12-22 00:00:00+00:00
[2024-12-22T02:31:39.749+0000] {logging_mixin.py:188} INFO - [2024-12-22T02:31:39.749+0000] {dag.py:3947} INFO - Setting next_dagrun for example_branch_datetime_operator_2 to 2024-12-21 00:00:00+00:00, run_after=2024-12-22 00:00:00+00:00
[2024-12-22T02:31:39.750+0000] {logging_mixin.py:188} INFO - [2024-12-22T02:31:39.750+0000] {dag.py:3947} INFO - Setting next_dagrun for example_branch_datetime_operator_3 to 2024-12-21 00:00:00+00:00, run_after=2024-12-22 00:00:00+00:00
[2024-12-22T02:31:39.761+0000] {processor.py:183} INFO - Processing /home/airflow/.local/lib/python3.12/site-packages/airflow/example_dags/example_branch_datetime_operator.py took 0.057 seconds
[2024-12-22T02:32:10.085+0000] {processor.py:161} INFO - Started process (PID=24631) to work on /home/airflow/.local/lib/python3.12/site-packages/airflow/example_dags/example_branch_datetime_operator.py
[2024-12-22T02:32:10.086+0000] {processor.py:830} INFO - Processing file /home/airflow/.local/lib/python3.12/site-packages/airflow/example_dags/example_branch_datetime_operator.py for tasks to queue
[2024-12-22T02:32:10.088+0000] {logging_mixin.py:188} INFO - [2024-12-22T02:32:10.087+0000] {dagbag.py:545} INFO - Filling up the DagBag from /home/airflow/.local/lib/python3.12/site-packages/airflow/example_dags/example_branch_datetime_operator.py
[2024-12-22T02:32:10.093+0000] {processor.py:840} INFO - DAG(s) 'example_branch_datetime_operator', 'example_branch_datetime_operator_3', 'example_branch_datetime_operator_2' retrieved from /home/airflow/.local/lib/python3.12/site-packages/airflow/example_dags/example_branch_datetime_operator.py
[2024-12-22T02:32:10.112+0000] {logging_mixin.py:188} INFO - [2024-12-22T02:32:10.112+0000] {dag.py:3089} INFO - Sync 3 DAGs
[2024-12-22T02:32:10.125+0000] {logging_mixin.py:188} INFO - [2024-12-22T02:32:10.125+0000] {dag.py:3947} INFO - Setting next_dagrun for example_branch_datetime_operator to 2024-12-21 00:00:00+00:00, run_after=2024-12-22 00:00:00+00:00
[2024-12-22T02:32:10.128+0000] {logging_mixin.py:188} INFO - [2024-12-22T02:32:10.128+0000] {dag.py:3947} INFO - Setting next_dagrun for example_branch_datetime_operator_2 to 2024-12-21 00:00:00+00:00, run_after=2024-12-22 00:00:00+00:00
[2024-12-22T02:32:10.129+0000] {logging_mixin.py:188} INFO - [2024-12-22T02:32:10.129+0000] {dag.py:3947} INFO - Setting next_dagrun for example_branch_datetime_operator_3 to 2024-12-21 00:00:00+00:00, run_after=2024-12-22 00:00:00+00:00
[2024-12-22T02:32:10.141+0000] {processor.py:183} INFO - Processing /home/airflow/.local/lib/python3.12/site-packages/airflow/example_dags/example_branch_datetime_operator.py took 0.060 seconds
[2024-12-22T02:32:40.370+0000] {processor.py:161} INFO - Started process (PID=24908) to work on /home/airflow/.local/lib/python3.12/site-packages/airflow/example_dags/example_branch_datetime_operator.py
[2024-12-22T02:32:40.371+0000] {processor.py:830} INFO - Processing file /home/airflow/.local/lib/python3.12/site-packages/airflow/example_dags/example_branch_datetime_operator.py for tasks to queue
[2024-12-22T02:32:40.372+0000] {logging_mixin.py:188} INFO - [2024-12-22T02:32:40.372+0000] {dagbag.py:545} INFO - Filling up the DagBag from /home/airflow/.local/lib/python3.12/site-packages/airflow/example_dags/example_branch_datetime_operator.py
[2024-12-22T02:32:40.377+0000] {processor.py:840} INFO - DAG(s) 'example_branch_datetime_operator_2', 'example_branch_datetime_operator', 'example_branch_datetime_operator_3' retrieved from /home/airflow/.local/lib/python3.12/site-packages/airflow/example_dags/example_branch_datetime_operator.py
[2024-12-22T02:32:40.395+0000] {logging_mixin.py:188} INFO - [2024-12-22T02:32:40.395+0000] {dag.py:3089} INFO - Sync 3 DAGs
[2024-12-22T02:32:40.409+0000] {logging_mixin.py:188} INFO - [2024-12-22T02:32:40.409+0000] {dag.py:3947} INFO - Setting next_dagrun for example_branch_datetime_operator to 2024-12-21 00:00:00+00:00, run_after=2024-12-22 00:00:00+00:00
[2024-12-22T02:32:40.413+0000] {logging_mixin.py:188} INFO - [2024-12-22T02:32:40.413+0000] {dag.py:3947} INFO - Setting next_dagrun for example_branch_datetime_operator_2 to 2024-12-21 00:00:00+00:00, run_after=2024-12-22 00:00:00+00:00
[2024-12-22T02:32:40.414+0000] {logging_mixin.py:188} INFO - [2024-12-22T02:32:40.414+0000] {dag.py:3947} INFO - Setting next_dagrun for example_branch_datetime_operator_3 to 2024-12-21 00:00:00+00:00, run_after=2024-12-22 00:00:00+00:00
[2024-12-22T02:32:40.428+0000] {processor.py:183} INFO - Processing /home/airflow/.local/lib/python3.12/site-packages/airflow/example_dags/example_branch_datetime_operator.py took 0.063 seconds
[2024-12-22T02:33:10.618+0000] {processor.py:161} INFO - Started process (PID=25185) to work on /home/airflow/.local/lib/python3.12/site-packages/airflow/example_dags/example_branch_datetime_operator.py
[2024-12-22T02:33:10.618+0000] {processor.py:830} INFO - Processing file /home/airflow/.local/lib/python3.12/site-packages/airflow/example_dags/example_branch_datetime_operator.py for tasks to queue
[2024-12-22T02:33:10.619+0000] {logging_mixin.py:188} INFO - [2024-12-22T02:33:10.619+0000] {dagbag.py:545} INFO - Filling up the DagBag from /home/airflow/.local/lib/python3.12/site-packages/airflow/example_dags/example_branch_datetime_operator.py
[2024-12-22T02:33:10.624+0000] {processor.py:840} INFO - DAG(s) 'example_branch_datetime_operator_3', 'example_branch_datetime_operator', 'example_branch_datetime_operator_2' retrieved from /home/airflow/.local/lib/python3.12/site-packages/airflow/example_dags/example_branch_datetime_operator.py
[2024-12-22T02:33:10.640+0000] {logging_mixin.py:188} INFO - [2024-12-22T02:33:10.640+0000] {dag.py:3089} INFO - Sync 3 DAGs
[2024-12-22T02:33:10.652+0000] {logging_mixin.py:188} INFO - [2024-12-22T02:33:10.652+0000] {dag.py:3947} INFO - Setting next_dagrun for example_branch_datetime_operator to 2024-12-21 00:00:00+00:00, run_after=2024-12-22 00:00:00+00:00
[2024-12-22T02:33:10.654+0000] {logging_mixin.py:188} INFO - [2024-12-22T02:33:10.654+0000] {dag.py:3947} INFO - Setting next_dagrun for example_branch_datetime_operator_2 to 2024-12-21 00:00:00+00:00, run_after=2024-12-22 00:00:00+00:00
[2024-12-22T02:33:10.656+0000] {logging_mixin.py:188} INFO - [2024-12-22T02:33:10.655+0000] {dag.py:3947} INFO - Setting next_dagrun for example_branch_datetime_operator_3 to 2024-12-21 00:00:00+00:00, run_after=2024-12-22 00:00:00+00:00
[2024-12-22T02:33:10.665+0000] {processor.py:183} INFO - Processing /home/airflow/.local/lib/python3.12/site-packages/airflow/example_dags/example_branch_datetime_operator.py took 0.051 seconds
[2024-12-22T02:33:41.063+0000] {processor.py:161} INFO - Started process (PID=25464) to work on /home/airflow/.local/lib/python3.12/site-packages/airflow/example_dags/example_branch_datetime_operator.py
[2024-12-22T02:33:41.064+0000] {processor.py:830} INFO - Processing file /home/airflow/.local/lib/python3.12/site-packages/airflow/example_dags/example_branch_datetime_operator.py for tasks to queue
[2024-12-22T02:33:41.065+0000] {logging_mixin.py:188} INFO - [2024-12-22T02:33:41.065+0000] {dagbag.py:545} INFO - Filling up the DagBag from /home/airflow/.local/lib/python3.12/site-packages/airflow/example_dags/example_branch_datetime_operator.py
[2024-12-22T02:33:41.070+0000] {processor.py:840} INFO - DAG(s) 'example_branch_datetime_operator_3', 'example_branch_datetime_operator', 'example_branch_datetime_operator_2' retrieved from /home/airflow/.local/lib/python3.12/site-packages/airflow/example_dags/example_branch_datetime_operator.py
[2024-12-22T02:33:41.089+0000] {logging_mixin.py:188} INFO - [2024-12-22T02:33:41.089+0000] {dag.py:3089} INFO - Sync 3 DAGs
[2024-12-22T02:33:41.103+0000] {logging_mixin.py:188} INFO - [2024-12-22T02:33:41.103+0000] {dag.py:3947} INFO - Setting next_dagrun for example_branch_datetime_operator to 2024-12-21 00:00:00+00:00, run_after=2024-12-22 00:00:00+00:00
[2024-12-22T02:33:41.105+0000] {logging_mixin.py:188} INFO - [2024-12-22T02:33:41.105+0000] {dag.py:3947} INFO - Setting next_dagrun for example_branch_datetime_operator_2 to 2024-12-21 00:00:00+00:00, run_after=2024-12-22 00:00:00+00:00
[2024-12-22T02:33:41.106+0000] {logging_mixin.py:188} INFO - [2024-12-22T02:33:41.106+0000] {dag.py:3947} INFO - Setting next_dagrun for example_branch_datetime_operator_3 to 2024-12-21 00:00:00+00:00, run_after=2024-12-22 00:00:00+00:00
[2024-12-22T02:33:41.117+0000] {processor.py:183} INFO - Processing /home/airflow/.local/lib/python3.12/site-packages/airflow/example_dags/example_branch_datetime_operator.py took 0.059 seconds
[2024-12-22T02:34:11.572+0000] {processor.py:161} INFO - Started process (PID=25741) to work on /home/airflow/.local/lib/python3.12/site-packages/airflow/example_dags/example_branch_datetime_operator.py
[2024-12-22T02:34:11.573+0000] {processor.py:830} INFO - Processing file /home/airflow/.local/lib/python3.12/site-packages/airflow/example_dags/example_branch_datetime_operator.py for tasks to queue
[2024-12-22T02:34:11.574+0000] {logging_mixin.py:188} INFO - [2024-12-22T02:34:11.574+0000] {dagbag.py:545} INFO - Filling up the DagBag from /home/airflow/.local/lib/python3.12/site-packages/airflow/example_dags/example_branch_datetime_operator.py
[2024-12-22T02:34:11.579+0000] {processor.py:840} INFO - DAG(s) 'example_branch_datetime_operator_2', 'example_branch_datetime_operator', 'example_branch_datetime_operator_3' retrieved from /home/airflow/.local/lib/python3.12/site-packages/airflow/example_dags/example_branch_datetime_operator.py
[2024-12-22T02:34:11.595+0000] {logging_mixin.py:188} INFO - [2024-12-22T02:34:11.595+0000] {dag.py:3089} INFO - Sync 3 DAGs
[2024-12-22T02:34:11.607+0000] {logging_mixin.py:188} INFO - [2024-12-22T02:34:11.607+0000] {dag.py:3947} INFO - Setting next_dagrun for example_branch_datetime_operator to 2024-12-21 00:00:00+00:00, run_after=2024-12-22 00:00:00+00:00
[2024-12-22T02:34:11.609+0000] {logging_mixin.py:188} INFO - [2024-12-22T02:34:11.609+0000] {dag.py:3947} INFO - Setting next_dagrun for example_branch_datetime_operator_2 to 2024-12-21 00:00:00+00:00, run_after=2024-12-22 00:00:00+00:00
[2024-12-22T02:34:11.611+0000] {logging_mixin.py:188} INFO - [2024-12-22T02:34:11.611+0000] {dag.py:3947} INFO - Setting next_dagrun for example_branch_datetime_operator_3 to 2024-12-21 00:00:00+00:00, run_after=2024-12-22 00:00:00+00:00
[2024-12-22T02:34:11.620+0000] {processor.py:183} INFO - Processing /home/airflow/.local/lib/python3.12/site-packages/airflow/example_dags/example_branch_datetime_operator.py took 0.051 seconds
[2024-12-22T02:34:41.892+0000] {processor.py:161} INFO - Started process (PID=26016) to work on /home/airflow/.local/lib/python3.12/site-packages/airflow/example_dags/example_branch_datetime_operator.py
[2024-12-22T02:34:41.893+0000] {processor.py:830} INFO - Processing file /home/airflow/.local/lib/python3.12/site-packages/airflow/example_dags/example_branch_datetime_operator.py for tasks to queue
[2024-12-22T02:34:41.896+0000] {logging_mixin.py:188} INFO - [2024-12-22T02:34:41.895+0000] {dagbag.py:545} INFO - Filling up the DagBag from /home/airflow/.local/lib/python3.12/site-packages/airflow/example_dags/example_branch_datetime_operator.py
[2024-12-22T02:34:41.904+0000] {processor.py:840} INFO - DAG(s) 'example_branch_datetime_operator_3', 'example_branch_datetime_operator_2', 'example_branch_datetime_operator' retrieved from /home/airflow/.local/lib/python3.12/site-packages/airflow/example_dags/example_branch_datetime_operator.py
[2024-12-22T02:34:41.924+0000] {logging_mixin.py:188} INFO - [2024-12-22T02:34:41.924+0000] {dag.py:3089} INFO - Sync 3 DAGs
[2024-12-22T02:34:41.939+0000] {logging_mixin.py:188} INFO - [2024-12-22T02:34:41.939+0000] {dag.py:3947} INFO - Setting next_dagrun for example_branch_datetime_operator to 2024-12-21 00:00:00+00:00, run_after=2024-12-22 00:00:00+00:00
[2024-12-22T02:34:41.941+0000] {logging_mixin.py:188} INFO - [2024-12-22T02:34:41.941+0000] {dag.py:3947} INFO - Setting next_dagrun for example_branch_datetime_operator_2 to 2024-12-21 00:00:00+00:00, run_after=2024-12-22 00:00:00+00:00
[2024-12-22T02:34:41.943+0000] {logging_mixin.py:188} INFO - [2024-12-22T02:34:41.943+0000] {dag.py:3947} INFO - Setting next_dagrun for example_branch_datetime_operator_3 to 2024-12-21 00:00:00+00:00, run_after=2024-12-22 00:00:00+00:00
[2024-12-22T02:34:41.955+0000] {processor.py:183} INFO - Processing /home/airflow/.local/lib/python3.12/site-packages/airflow/example_dags/example_branch_datetime_operator.py took 0.069 seconds
[2024-12-22T02:35:12.237+0000] {processor.py:161} INFO - Started process (PID=26296) to work on /home/airflow/.local/lib/python3.12/site-packages/airflow/example_dags/example_branch_datetime_operator.py
[2024-12-22T02:35:12.238+0000] {processor.py:830} INFO - Processing file /home/airflow/.local/lib/python3.12/site-packages/airflow/example_dags/example_branch_datetime_operator.py for tasks to queue
[2024-12-22T02:35:12.240+0000] {logging_mixin.py:188} INFO - [2024-12-22T02:35:12.240+0000] {dagbag.py:545} INFO - Filling up the DagBag from /home/airflow/.local/lib/python3.12/site-packages/airflow/example_dags/example_branch_datetime_operator.py
[2024-12-22T02:35:12.246+0000] {processor.py:840} INFO - DAG(s) 'example_branch_datetime_operator_2', 'example_branch_datetime_operator_3', 'example_branch_datetime_operator' retrieved from /home/airflow/.local/lib/python3.12/site-packages/airflow/example_dags/example_branch_datetime_operator.py
[2024-12-22T02:35:12.265+0000] {logging_mixin.py:188} INFO - [2024-12-22T02:35:12.265+0000] {dag.py:3089} INFO - Sync 3 DAGs
[2024-12-22T02:35:12.285+0000] {logging_mixin.py:188} INFO - [2024-12-22T02:35:12.285+0000] {dag.py:3947} INFO - Setting next_dagrun for example_branch_datetime_operator to 2024-12-21 00:00:00+00:00, run_after=2024-12-22 00:00:00+00:00
[2024-12-22T02:35:12.287+0000] {logging_mixin.py:188} INFO - [2024-12-22T02:35:12.287+0000] {dag.py:3947} INFO - Setting next_dagrun for example_branch_datetime_operator_2 to 2024-12-21 00:00:00+00:00, run_after=2024-12-22 00:00:00+00:00
[2024-12-22T02:35:12.288+0000] {logging_mixin.py:188} INFO - [2024-12-22T02:35:12.288+0000] {dag.py:3947} INFO - Setting next_dagrun for example_branch_datetime_operator_3 to 2024-12-21 00:00:00+00:00, run_after=2024-12-22 00:00:00+00:00
[2024-12-22T02:35:12.299+0000] {processor.py:183} INFO - Processing /home/airflow/.local/lib/python3.12/site-packages/airflow/example_dags/example_branch_datetime_operator.py took 0.066 seconds
[2024-12-22T02:35:42.435+0000] {processor.py:161} INFO - Started process (PID=26573) to work on /home/airflow/.local/lib/python3.12/site-packages/airflow/example_dags/example_branch_datetime_operator.py
[2024-12-22T02:35:42.435+0000] {processor.py:830} INFO - Processing file /home/airflow/.local/lib/python3.12/site-packages/airflow/example_dags/example_branch_datetime_operator.py for tasks to queue
[2024-12-22T02:35:42.437+0000] {logging_mixin.py:188} INFO - [2024-12-22T02:35:42.436+0000] {dagbag.py:545} INFO - Filling up the DagBag from /home/airflow/.local/lib/python3.12/site-packages/airflow/example_dags/example_branch_datetime_operator.py
[2024-12-22T02:35:42.442+0000] {processor.py:840} INFO - DAG(s) 'example_branch_datetime_operator_2', 'example_branch_datetime_operator', 'example_branch_datetime_operator_3' retrieved from /home/airflow/.local/lib/python3.12/site-packages/airflow/example_dags/example_branch_datetime_operator.py
[2024-12-22T02:35:42.461+0000] {logging_mixin.py:188} INFO - [2024-12-22T02:35:42.461+0000] {dag.py:3089} INFO - Sync 3 DAGs
[2024-12-22T02:35:42.474+0000] {logging_mixin.py:188} INFO - [2024-12-22T02:35:42.473+0000] {dag.py:3947} INFO - Setting next_dagrun for example_branch_datetime_operator to 2024-12-21 00:00:00+00:00, run_after=2024-12-22 00:00:00+00:00
[2024-12-22T02:35:42.476+0000] {logging_mixin.py:188} INFO - [2024-12-22T02:35:42.476+0000] {dag.py:3947} INFO - Setting next_dagrun for example_branch_datetime_operator_2 to 2024-12-21 00:00:00+00:00, run_after=2024-12-22 00:00:00+00:00
[2024-12-22T02:35:42.477+0000] {logging_mixin.py:188} INFO - [2024-12-22T02:35:42.477+0000] {dag.py:3947} INFO - Setting next_dagrun for example_branch_datetime_operator_3 to 2024-12-21 00:00:00+00:00, run_after=2024-12-22 00:00:00+00:00
[2024-12-22T02:35:42.486+0000] {processor.py:183} INFO - Processing /home/airflow/.local/lib/python3.12/site-packages/airflow/example_dags/example_branch_datetime_operator.py took 0.056 seconds
[2024-12-22T02:36:13.720+0000] {processor.py:161} INFO - Started process (PID=26850) to work on /home/airflow/.local/lib/python3.12/site-packages/airflow/example_dags/example_branch_datetime_operator.py
[2024-12-22T02:36:13.721+0000] {processor.py:830} INFO - Processing file /home/airflow/.local/lib/python3.12/site-packages/airflow/example_dags/example_branch_datetime_operator.py for tasks to queue
[2024-12-22T02:36:13.722+0000] {logging_mixin.py:188} INFO - [2024-12-22T02:36:13.722+0000] {dagbag.py:545} INFO - Filling up the DagBag from /home/airflow/.local/lib/python3.12/site-packages/airflow/example_dags/example_branch_datetime_operator.py
[2024-12-22T02:36:13.729+0000] {processor.py:840} INFO - DAG(s) 'example_branch_datetime_operator_2', 'example_branch_datetime_operator', 'example_branch_datetime_operator_3' retrieved from /home/airflow/.local/lib/python3.12/site-packages/airflow/example_dags/example_branch_datetime_operator.py
[2024-12-22T02:36:13.753+0000] {logging_mixin.py:188} INFO - [2024-12-22T02:36:13.753+0000] {dag.py:3089} INFO - Sync 3 DAGs
[2024-12-22T02:36:13.771+0000] {logging_mixin.py:188} INFO - [2024-12-22T02:36:13.770+0000] {dag.py:3947} INFO - Setting next_dagrun for example_branch_datetime_operator to 2024-12-21 00:00:00+00:00, run_after=2024-12-22 00:00:00+00:00
[2024-12-22T02:36:13.778+0000] {logging_mixin.py:188} INFO - [2024-12-22T02:36:13.778+0000] {dag.py:3947} INFO - Setting next_dagrun for example_branch_datetime_operator_2 to 2024-12-21 00:00:00+00:00, run_after=2024-12-22 00:00:00+00:00
[2024-12-22T02:36:13.784+0000] {logging_mixin.py:188} INFO - [2024-12-22T02:36:13.784+0000] {dag.py:3947} INFO - Setting next_dagrun for example_branch_datetime_operator_3 to 2024-12-21 00:00:00+00:00, run_after=2024-12-22 00:00:00+00:00
[2024-12-22T02:36:13.800+0000] {processor.py:183} INFO - Processing /home/airflow/.local/lib/python3.12/site-packages/airflow/example_dags/example_branch_datetime_operator.py took 0.084 seconds
[2024-12-22T02:36:44.037+0000] {processor.py:161} INFO - Started process (PID=27127) to work on /home/airflow/.local/lib/python3.12/site-packages/airflow/example_dags/example_branch_datetime_operator.py
[2024-12-22T02:36:44.037+0000] {processor.py:830} INFO - Processing file /home/airflow/.local/lib/python3.12/site-packages/airflow/example_dags/example_branch_datetime_operator.py for tasks to queue
[2024-12-22T02:36:44.039+0000] {logging_mixin.py:188} INFO - [2024-12-22T02:36:44.038+0000] {dagbag.py:545} INFO - Filling up the DagBag from /home/airflow/.local/lib/python3.12/site-packages/airflow/example_dags/example_branch_datetime_operator.py
[2024-12-22T02:36:44.044+0000] {processor.py:840} INFO - DAG(s) 'example_branch_datetime_operator_2', 'example_branch_datetime_operator', 'example_branch_datetime_operator_3' retrieved from /home/airflow/.local/lib/python3.12/site-packages/airflow/example_dags/example_branch_datetime_operator.py
[2024-12-22T02:36:44.061+0000] {logging_mixin.py:188} INFO - [2024-12-22T02:36:44.060+0000] {dag.py:3089} INFO - Sync 3 DAGs
[2024-12-22T02:36:44.073+0000] {logging_mixin.py:188} INFO - [2024-12-22T02:36:44.073+0000] {dag.py:3947} INFO - Setting next_dagrun for example_branch_datetime_operator to 2024-12-21 00:00:00+00:00, run_after=2024-12-22 00:00:00+00:00
[2024-12-22T02:36:44.076+0000] {logging_mixin.py:188} INFO - [2024-12-22T02:36:44.076+0000] {dag.py:3947} INFO - Setting next_dagrun for example_branch_datetime_operator_2 to 2024-12-21 00:00:00+00:00, run_after=2024-12-22 00:00:00+00:00
[2024-12-22T02:36:44.077+0000] {logging_mixin.py:188} INFO - [2024-12-22T02:36:44.077+0000] {dag.py:3947} INFO - Setting next_dagrun for example_branch_datetime_operator_3 to 2024-12-21 00:00:00+00:00, run_after=2024-12-22 00:00:00+00:00
[2024-12-22T02:36:44.089+0000] {processor.py:183} INFO - Processing /home/airflow/.local/lib/python3.12/site-packages/airflow/example_dags/example_branch_datetime_operator.py took 0.057 seconds
[2024-12-22T02:37:14.562+0000] {processor.py:161} INFO - Started process (PID=27402) to work on /home/airflow/.local/lib/python3.12/site-packages/airflow/example_dags/example_branch_datetime_operator.py
[2024-12-22T02:37:14.563+0000] {processor.py:830} INFO - Processing file /home/airflow/.local/lib/python3.12/site-packages/airflow/example_dags/example_branch_datetime_operator.py for tasks to queue
[2024-12-22T02:37:14.564+0000] {logging_mixin.py:188} INFO - [2024-12-22T02:37:14.564+0000] {dagbag.py:545} INFO - Filling up the DagBag from /home/airflow/.local/lib/python3.12/site-packages/airflow/example_dags/example_branch_datetime_operator.py
[2024-12-22T02:37:14.568+0000] {processor.py:840} INFO - DAG(s) 'example_branch_datetime_operator_3', 'example_branch_datetime_operator_2', 'example_branch_datetime_operator' retrieved from /home/airflow/.local/lib/python3.12/site-packages/airflow/example_dags/example_branch_datetime_operator.py
[2024-12-22T02:37:14.585+0000] {logging_mixin.py:188} INFO - [2024-12-22T02:37:14.585+0000] {dag.py:3089} INFO - Sync 3 DAGs
[2024-12-22T02:37:14.597+0000] {logging_mixin.py:188} INFO - [2024-12-22T02:37:14.597+0000] {dag.py:3947} INFO - Setting next_dagrun for example_branch_datetime_operator to 2024-12-21 00:00:00+00:00, run_after=2024-12-22 00:00:00+00:00
[2024-12-22T02:37:14.600+0000] {logging_mixin.py:188} INFO - [2024-12-22T02:37:14.600+0000] {dag.py:3947} INFO - Setting next_dagrun for example_branch_datetime_operator_2 to 2024-12-21 00:00:00+00:00, run_after=2024-12-22 00:00:00+00:00
[2024-12-22T02:37:14.601+0000] {logging_mixin.py:188} INFO - [2024-12-22T02:37:14.601+0000] {dag.py:3947} INFO - Setting next_dagrun for example_branch_datetime_operator_3 to 2024-12-21 00:00:00+00:00, run_after=2024-12-22 00:00:00+00:00
[2024-12-22T02:37:14.610+0000] {processor.py:183} INFO - Processing /home/airflow/.local/lib/python3.12/site-packages/airflow/example_dags/example_branch_datetime_operator.py took 0.053 seconds
[2024-12-22T02:37:47.330+0000] {processor.py:161} INFO - Started process (PID=27681) to work on /home/airflow/.local/lib/python3.12/site-packages/airflow/example_dags/example_branch_datetime_operator.py
[2024-12-22T02:37:47.331+0000] {processor.py:830} INFO - Processing file /home/airflow/.local/lib/python3.12/site-packages/airflow/example_dags/example_branch_datetime_operator.py for tasks to queue
[2024-12-22T02:37:47.332+0000] {logging_mixin.py:188} INFO - [2024-12-22T02:37:47.332+0000] {dagbag.py:545} INFO - Filling up the DagBag from /home/airflow/.local/lib/python3.12/site-packages/airflow/example_dags/example_branch_datetime_operator.py
[2024-12-22T02:37:47.337+0000] {processor.py:840} INFO - DAG(s) 'example_branch_datetime_operator_3', 'example_branch_datetime_operator', 'example_branch_datetime_operator_2' retrieved from /home/airflow/.local/lib/python3.12/site-packages/airflow/example_dags/example_branch_datetime_operator.py
[2024-12-22T02:37:47.355+0000] {logging_mixin.py:188} INFO - [2024-12-22T02:37:47.354+0000] {dag.py:3089} INFO - Sync 3 DAGs
[2024-12-22T02:37:47.366+0000] {logging_mixin.py:188} INFO - [2024-12-22T02:37:47.366+0000] {dag.py:3947} INFO - Setting next_dagrun for example_branch_datetime_operator to 2024-12-21 00:00:00+00:00, run_after=2024-12-22 00:00:00+00:00
[2024-12-22T02:37:47.369+0000] {logging_mixin.py:188} INFO - [2024-12-22T02:37:47.369+0000] {dag.py:3947} INFO - Setting next_dagrun for example_branch_datetime_operator_2 to 2024-12-21 00:00:00+00:00, run_after=2024-12-22 00:00:00+00:00
[2024-12-22T02:37:47.370+0000] {logging_mixin.py:188} INFO - [2024-12-22T02:37:47.370+0000] {dag.py:3947} INFO - Setting next_dagrun for example_branch_datetime_operator_3 to 2024-12-21 00:00:00+00:00, run_after=2024-12-22 00:00:00+00:00
[2024-12-22T02:37:47.380+0000] {processor.py:183} INFO - Processing /home/airflow/.local/lib/python3.12/site-packages/airflow/example_dags/example_branch_datetime_operator.py took 0.053 seconds
[2024-12-22T02:38:19.975+0000] {processor.py:161} INFO - Started process (PID=27956) to work on /home/airflow/.local/lib/python3.12/site-packages/airflow/example_dags/example_branch_datetime_operator.py
[2024-12-22T02:38:19.975+0000] {processor.py:830} INFO - Processing file /home/airflow/.local/lib/python3.12/site-packages/airflow/example_dags/example_branch_datetime_operator.py for tasks to queue
[2024-12-22T02:38:19.977+0000] {logging_mixin.py:188} INFO - [2024-12-22T02:38:19.976+0000] {dagbag.py:545} INFO - Filling up the DagBag from /home/airflow/.local/lib/python3.12/site-packages/airflow/example_dags/example_branch_datetime_operator.py
[2024-12-22T02:38:19.982+0000] {processor.py:840} INFO - DAG(s) 'example_branch_datetime_operator', 'example_branch_datetime_operator_3', 'example_branch_datetime_operator_2' retrieved from /home/airflow/.local/lib/python3.12/site-packages/airflow/example_dags/example_branch_datetime_operator.py
[2024-12-22T02:38:19.998+0000] {logging_mixin.py:188} INFO - [2024-12-22T02:38:19.998+0000] {dag.py:3089} INFO - Sync 3 DAGs
[2024-12-22T02:38:20.011+0000] {logging_mixin.py:188} INFO - [2024-12-22T02:38:20.011+0000] {dag.py:3947} INFO - Setting next_dagrun for example_branch_datetime_operator to 2024-12-21 00:00:00+00:00, run_after=2024-12-22 00:00:00+00:00
[2024-12-22T02:38:20.013+0000] {logging_mixin.py:188} INFO - [2024-12-22T02:38:20.013+0000] {dag.py:3947} INFO - Setting next_dagrun for example_branch_datetime_operator_2 to 2024-12-21 00:00:00+00:00, run_after=2024-12-22 00:00:00+00:00
[2024-12-22T02:38:20.015+0000] {logging_mixin.py:188} INFO - [2024-12-22T02:38:20.015+0000] {dag.py:3947} INFO - Setting next_dagrun for example_branch_datetime_operator_3 to 2024-12-21 00:00:00+00:00, run_after=2024-12-22 00:00:00+00:00
[2024-12-22T02:38:20.025+0000] {processor.py:183} INFO - Processing /home/airflow/.local/lib/python3.12/site-packages/airflow/example_dags/example_branch_datetime_operator.py took 0.054 seconds
[2024-12-22T02:38:51.281+0000] {processor.py:161} INFO - Started process (PID=28235) to work on /home/airflow/.local/lib/python3.12/site-packages/airflow/example_dags/example_branch_datetime_operator.py
[2024-12-22T02:38:51.282+0000] {processor.py:830} INFO - Processing file /home/airflow/.local/lib/python3.12/site-packages/airflow/example_dags/example_branch_datetime_operator.py for tasks to queue
[2024-12-22T02:38:51.284+0000] {logging_mixin.py:188} INFO - [2024-12-22T02:38:51.283+0000] {dagbag.py:545} INFO - Filling up the DagBag from /home/airflow/.local/lib/python3.12/site-packages/airflow/example_dags/example_branch_datetime_operator.py
[2024-12-22T02:38:51.290+0000] {processor.py:840} INFO - DAG(s) 'example_branch_datetime_operator_3', 'example_branch_datetime_operator', 'example_branch_datetime_operator_2' retrieved from /home/airflow/.local/lib/python3.12/site-packages/airflow/example_dags/example_branch_datetime_operator.py
[2024-12-22T02:38:51.308+0000] {logging_mixin.py:188} INFO - [2024-12-22T02:38:51.308+0000] {dag.py:3089} INFO - Sync 3 DAGs
[2024-12-22T02:38:51.322+0000] {logging_mixin.py:188} INFO - [2024-12-22T02:38:51.322+0000] {dag.py:3947} INFO - Setting next_dagrun for example_branch_datetime_operator to 2024-12-21 00:00:00+00:00, run_after=2024-12-22 00:00:00+00:00
[2024-12-22T02:38:51.324+0000] {logging_mixin.py:188} INFO - [2024-12-22T02:38:51.324+0000] {dag.py:3947} INFO - Setting next_dagrun for example_branch_datetime_operator_2 to 2024-12-21 00:00:00+00:00, run_after=2024-12-22 00:00:00+00:00
[2024-12-22T02:38:51.326+0000] {logging_mixin.py:188} INFO - [2024-12-22T02:38:51.326+0000] {dag.py:3947} INFO - Setting next_dagrun for example_branch_datetime_operator_3 to 2024-12-21 00:00:00+00:00, run_after=2024-12-22 00:00:00+00:00
[2024-12-22T02:38:51.337+0000] {processor.py:183} INFO - Processing /home/airflow/.local/lib/python3.12/site-packages/airflow/example_dags/example_branch_datetime_operator.py took 0.059 seconds
[2024-12-22T02:39:22.106+0000] {processor.py:161} INFO - Started process (PID=28510) to work on /home/airflow/.local/lib/python3.12/site-packages/airflow/example_dags/example_branch_datetime_operator.py
[2024-12-22T02:39:22.107+0000] {processor.py:830} INFO - Processing file /home/airflow/.local/lib/python3.12/site-packages/airflow/example_dags/example_branch_datetime_operator.py for tasks to queue
[2024-12-22T02:39:22.108+0000] {logging_mixin.py:188} INFO - [2024-12-22T02:39:22.108+0000] {dagbag.py:545} INFO - Filling up the DagBag from /home/airflow/.local/lib/python3.12/site-packages/airflow/example_dags/example_branch_datetime_operator.py
[2024-12-22T02:39:22.115+0000] {processor.py:840} INFO - DAG(s) 'example_branch_datetime_operator', 'example_branch_datetime_operator_2', 'example_branch_datetime_operator_3' retrieved from /home/airflow/.local/lib/python3.12/site-packages/airflow/example_dags/example_branch_datetime_operator.py
[2024-12-22T02:39:22.137+0000] {logging_mixin.py:188} INFO - [2024-12-22T02:39:22.137+0000] {dag.py:3089} INFO - Sync 3 DAGs
[2024-12-22T02:39:22.158+0000] {logging_mixin.py:188} INFO - [2024-12-22T02:39:22.158+0000] {dag.py:3947} INFO - Setting next_dagrun for example_branch_datetime_operator to 2024-12-21 00:00:00+00:00, run_after=2024-12-22 00:00:00+00:00
[2024-12-22T02:39:22.160+0000] {logging_mixin.py:188} INFO - [2024-12-22T02:39:22.160+0000] {dag.py:3947} INFO - Setting next_dagrun for example_branch_datetime_operator_2 to 2024-12-21 00:00:00+00:00, run_after=2024-12-22 00:00:00+00:00
[2024-12-22T02:39:22.163+0000] {logging_mixin.py:188} INFO - [2024-12-22T02:39:22.163+0000] {dag.py:3947} INFO - Setting next_dagrun for example_branch_datetime_operator_3 to 2024-12-21 00:00:00+00:00, run_after=2024-12-22 00:00:00+00:00
[2024-12-22T02:39:22.176+0000] {processor.py:183} INFO - Processing /home/airflow/.local/lib/python3.12/site-packages/airflow/example_dags/example_branch_datetime_operator.py took 0.075 seconds
[2024-12-22T02:39:52.879+0000] {processor.py:161} INFO - Started process (PID=28788) to work on /home/airflow/.local/lib/python3.12/site-packages/airflow/example_dags/example_branch_datetime_operator.py
[2024-12-22T02:39:52.880+0000] {processor.py:830} INFO - Processing file /home/airflow/.local/lib/python3.12/site-packages/airflow/example_dags/example_branch_datetime_operator.py for tasks to queue
[2024-12-22T02:39:52.881+0000] {logging_mixin.py:188} INFO - [2024-12-22T02:39:52.881+0000] {dagbag.py:545} INFO - Filling up the DagBag from /home/airflow/.local/lib/python3.12/site-packages/airflow/example_dags/example_branch_datetime_operator.py
[2024-12-22T02:39:52.886+0000] {processor.py:840} INFO - DAG(s) 'example_branch_datetime_operator', 'example_branch_datetime_operator_3', 'example_branch_datetime_operator_2' retrieved from /home/airflow/.local/lib/python3.12/site-packages/airflow/example_dags/example_branch_datetime_operator.py
[2024-12-22T02:39:52.905+0000] {logging_mixin.py:188} INFO - [2024-12-22T02:39:52.904+0000] {dag.py:3089} INFO - Sync 3 DAGs
[2024-12-22T02:39:52.918+0000] {logging_mixin.py:188} INFO - [2024-12-22T02:39:52.918+0000] {dag.py:3947} INFO - Setting next_dagrun for example_branch_datetime_operator to 2024-12-21 00:00:00+00:00, run_after=2024-12-22 00:00:00+00:00
[2024-12-22T02:39:52.920+0000] {logging_mixin.py:188} INFO - [2024-12-22T02:39:52.920+0000] {dag.py:3947} INFO - Setting next_dagrun for example_branch_datetime_operator_2 to 2024-12-21 00:00:00+00:00, run_after=2024-12-22 00:00:00+00:00
[2024-12-22T02:39:52.921+0000] {logging_mixin.py:188} INFO - [2024-12-22T02:39:52.921+0000] {dag.py:3947} INFO - Setting next_dagrun for example_branch_datetime_operator_3 to 2024-12-21 00:00:00+00:00, run_after=2024-12-22 00:00:00+00:00
[2024-12-22T02:39:52.930+0000] {processor.py:183} INFO - Processing /home/airflow/.local/lib/python3.12/site-packages/airflow/example_dags/example_branch_datetime_operator.py took 0.055 seconds
[2024-12-22T02:40:26.256+0000] {processor.py:161} INFO - Started process (PID=29065) to work on /home/airflow/.local/lib/python3.12/site-packages/airflow/example_dags/example_branch_datetime_operator.py
[2024-12-22T02:40:26.257+0000] {processor.py:830} INFO - Processing file /home/airflow/.local/lib/python3.12/site-packages/airflow/example_dags/example_branch_datetime_operator.py for tasks to queue
[2024-12-22T02:40:26.258+0000] {logging_mixin.py:188} INFO - [2024-12-22T02:40:26.258+0000] {dagbag.py:545} INFO - Filling up the DagBag from /home/airflow/.local/lib/python3.12/site-packages/airflow/example_dags/example_branch_datetime_operator.py
[2024-12-22T02:40:26.263+0000] {processor.py:840} INFO - DAG(s) 'example_branch_datetime_operator', 'example_branch_datetime_operator_3', 'example_branch_datetime_operator_2' retrieved from /home/airflow/.local/lib/python3.12/site-packages/airflow/example_dags/example_branch_datetime_operator.py
[2024-12-22T02:40:26.279+0000] {logging_mixin.py:188} INFO - [2024-12-22T02:40:26.279+0000] {dag.py:3089} INFO - Sync 3 DAGs
[2024-12-22T02:40:26.291+0000] {logging_mixin.py:188} INFO - [2024-12-22T02:40:26.291+0000] {dag.py:3947} INFO - Setting next_dagrun for example_branch_datetime_operator to 2024-12-21 00:00:00+00:00, run_after=2024-12-22 00:00:00+00:00
[2024-12-22T02:40:26.295+0000] {logging_mixin.py:188} INFO - [2024-12-22T02:40:26.294+0000] {dag.py:3947} INFO - Setting next_dagrun for example_branch_datetime_operator_2 to 2024-12-21 00:00:00+00:00, run_after=2024-12-22 00:00:00+00:00
[2024-12-22T02:40:26.296+0000] {logging_mixin.py:188} INFO - [2024-12-22T02:40:26.296+0000] {dag.py:3947} INFO - Setting next_dagrun for example_branch_datetime_operator_3 to 2024-12-21 00:00:00+00:00, run_after=2024-12-22 00:00:00+00:00
[2024-12-22T02:40:26.306+0000] {processor.py:183} INFO - Processing /home/airflow/.local/lib/python3.12/site-packages/airflow/example_dags/example_branch_datetime_operator.py took 0.055 seconds
[2024-12-22T02:40:58.603+0000] {processor.py:161} INFO - Started process (PID=29342) to work on /home/airflow/.local/lib/python3.12/site-packages/airflow/example_dags/example_branch_datetime_operator.py
[2024-12-22T02:40:58.603+0000] {processor.py:830} INFO - Processing file /home/airflow/.local/lib/python3.12/site-packages/airflow/example_dags/example_branch_datetime_operator.py for tasks to queue
[2024-12-22T02:40:58.605+0000] {logging_mixin.py:188} INFO - [2024-12-22T02:40:58.604+0000] {dagbag.py:545} INFO - Filling up the DagBag from /home/airflow/.local/lib/python3.12/site-packages/airflow/example_dags/example_branch_datetime_operator.py
[2024-12-22T02:40:58.610+0000] {processor.py:840} INFO - DAG(s) 'example_branch_datetime_operator', 'example_branch_datetime_operator_2', 'example_branch_datetime_operator_3' retrieved from /home/airflow/.local/lib/python3.12/site-packages/airflow/example_dags/example_branch_datetime_operator.py
[2024-12-22T02:40:58.627+0000] {logging_mixin.py:188} INFO - [2024-12-22T02:40:58.626+0000] {dag.py:3089} INFO - Sync 3 DAGs
[2024-12-22T02:40:58.640+0000] {logging_mixin.py:188} INFO - [2024-12-22T02:40:58.639+0000] {dag.py:3947} INFO - Setting next_dagrun for example_branch_datetime_operator to 2024-12-21 00:00:00+00:00, run_after=2024-12-22 00:00:00+00:00
[2024-12-22T02:40:58.642+0000] {logging_mixin.py:188} INFO - [2024-12-22T02:40:58.642+0000] {dag.py:3947} INFO - Setting next_dagrun for example_branch_datetime_operator_2 to 2024-12-21 00:00:00+00:00, run_after=2024-12-22 00:00:00+00:00
[2024-12-22T02:40:58.643+0000] {logging_mixin.py:188} INFO - [2024-12-22T02:40:58.643+0000] {dag.py:3947} INFO - Setting next_dagrun for example_branch_datetime_operator_3 to 2024-12-21 00:00:00+00:00, run_after=2024-12-22 00:00:00+00:00
[2024-12-22T02:40:58.654+0000] {processor.py:183} INFO - Processing /home/airflow/.local/lib/python3.12/site-packages/airflow/example_dags/example_branch_datetime_operator.py took 0.056 seconds
[2024-12-22T02:41:31.160+0000] {processor.py:161} INFO - Started process (PID=29619) to work on /home/airflow/.local/lib/python3.12/site-packages/airflow/example_dags/example_branch_datetime_operator.py
[2024-12-22T02:41:31.161+0000] {processor.py:830} INFO - Processing file /home/airflow/.local/lib/python3.12/site-packages/airflow/example_dags/example_branch_datetime_operator.py for tasks to queue
[2024-12-22T02:41:31.162+0000] {logging_mixin.py:188} INFO - [2024-12-22T02:41:31.162+0000] {dagbag.py:545} INFO - Filling up the DagBag from /home/airflow/.local/lib/python3.12/site-packages/airflow/example_dags/example_branch_datetime_operator.py
[2024-12-22T02:41:31.168+0000] {processor.py:840} INFO - DAG(s) 'example_branch_datetime_operator', 'example_branch_datetime_operator_2', 'example_branch_datetime_operator_3' retrieved from /home/airflow/.local/lib/python3.12/site-packages/airflow/example_dags/example_branch_datetime_operator.py
[2024-12-22T02:41:31.188+0000] {logging_mixin.py:188} INFO - [2024-12-22T02:41:31.187+0000] {dag.py:3089} INFO - Sync 3 DAGs
[2024-12-22T02:41:31.202+0000] {logging_mixin.py:188} INFO - [2024-12-22T02:41:31.202+0000] {dag.py:3947} INFO - Setting next_dagrun for example_branch_datetime_operator to 2024-12-21 00:00:00+00:00, run_after=2024-12-22 00:00:00+00:00
[2024-12-22T02:41:31.205+0000] {logging_mixin.py:188} INFO - [2024-12-22T02:41:31.205+0000] {dag.py:3947} INFO - Setting next_dagrun for example_branch_datetime_operator_2 to 2024-12-21 00:00:00+00:00, run_after=2024-12-22 00:00:00+00:00
[2024-12-22T02:41:31.207+0000] {logging_mixin.py:188} INFO - [2024-12-22T02:41:31.207+0000] {dag.py:3947} INFO - Setting next_dagrun for example_branch_datetime_operator_3 to 2024-12-21 00:00:00+00:00, run_after=2024-12-22 00:00:00+00:00
[2024-12-22T02:41:31.218+0000] {processor.py:183} INFO - Processing /home/airflow/.local/lib/python3.12/site-packages/airflow/example_dags/example_branch_datetime_operator.py took 0.063 seconds
[2024-12-22T02:42:02.257+0000] {processor.py:161} INFO - Started process (PID=29898) to work on /home/airflow/.local/lib/python3.12/site-packages/airflow/example_dags/example_branch_datetime_operator.py
[2024-12-22T02:42:02.258+0000] {processor.py:830} INFO - Processing file /home/airflow/.local/lib/python3.12/site-packages/airflow/example_dags/example_branch_datetime_operator.py for tasks to queue
[2024-12-22T02:42:02.260+0000] {logging_mixin.py:188} INFO - [2024-12-22T02:42:02.260+0000] {dagbag.py:545} INFO - Filling up the DagBag from /home/airflow/.local/lib/python3.12/site-packages/airflow/example_dags/example_branch_datetime_operator.py
[2024-12-22T02:42:02.266+0000] {processor.py:840} INFO - DAG(s) 'example_branch_datetime_operator', 'example_branch_datetime_operator_2', 'example_branch_datetime_operator_3' retrieved from /home/airflow/.local/lib/python3.12/site-packages/airflow/example_dags/example_branch_datetime_operator.py
[2024-12-22T02:42:02.288+0000] {logging_mixin.py:188} INFO - [2024-12-22T02:42:02.288+0000] {dag.py:3089} INFO - Sync 3 DAGs
[2024-12-22T02:42:02.305+0000] {logging_mixin.py:188} INFO - [2024-12-22T02:42:02.305+0000] {dag.py:3947} INFO - Setting next_dagrun for example_branch_datetime_operator to 2024-12-21 00:00:00+00:00, run_after=2024-12-22 00:00:00+00:00
[2024-12-22T02:42:02.308+0000] {logging_mixin.py:188} INFO - [2024-12-22T02:42:02.308+0000] {dag.py:3947} INFO - Setting next_dagrun for example_branch_datetime_operator_2 to 2024-12-21 00:00:00+00:00, run_after=2024-12-22 00:00:00+00:00
[2024-12-22T02:42:02.309+0000] {logging_mixin.py:188} INFO - [2024-12-22T02:42:02.309+0000] {dag.py:3947} INFO - Setting next_dagrun for example_branch_datetime_operator_3 to 2024-12-21 00:00:00+00:00, run_after=2024-12-22 00:00:00+00:00
[2024-12-22T02:42:02.321+0000] {processor.py:183} INFO - Processing /home/airflow/.local/lib/python3.12/site-packages/airflow/example_dags/example_branch_datetime_operator.py took 0.069 seconds
[2024-12-22T02:42:33.342+0000] {processor.py:161} INFO - Started process (PID=30173) to work on /home/airflow/.local/lib/python3.12/site-packages/airflow/example_dags/example_branch_datetime_operator.py
[2024-12-22T02:42:33.343+0000] {processor.py:830} INFO - Processing file /home/airflow/.local/lib/python3.12/site-packages/airflow/example_dags/example_branch_datetime_operator.py for tasks to queue
[2024-12-22T02:42:33.345+0000] {logging_mixin.py:188} INFO - [2024-12-22T02:42:33.344+0000] {dagbag.py:545} INFO - Filling up the DagBag from /home/airflow/.local/lib/python3.12/site-packages/airflow/example_dags/example_branch_datetime_operator.py
[2024-12-22T02:42:33.351+0000] {processor.py:840} INFO - DAG(s) 'example_branch_datetime_operator_2', 'example_branch_datetime_operator_3', 'example_branch_datetime_operator' retrieved from /home/airflow/.local/lib/python3.12/site-packages/airflow/example_dags/example_branch_datetime_operator.py
[2024-12-22T02:42:33.371+0000] {logging_mixin.py:188} INFO - [2024-12-22T02:42:33.371+0000] {dag.py:3089} INFO - Sync 3 DAGs
[2024-12-22T02:42:33.386+0000] {logging_mixin.py:188} INFO - [2024-12-22T02:42:33.386+0000] {dag.py:3947} INFO - Setting next_dagrun for example_branch_datetime_operator to 2024-12-21 00:00:00+00:00, run_after=2024-12-22 00:00:00+00:00
[2024-12-22T02:42:33.389+0000] {logging_mixin.py:188} INFO - [2024-12-22T02:42:33.389+0000] {dag.py:3947} INFO - Setting next_dagrun for example_branch_datetime_operator_2 to 2024-12-21 00:00:00+00:00, run_after=2024-12-22 00:00:00+00:00
[2024-12-22T02:42:33.391+0000] {logging_mixin.py:188} INFO - [2024-12-22T02:42:33.391+0000] {dag.py:3947} INFO - Setting next_dagrun for example_branch_datetime_operator_3 to 2024-12-21 00:00:00+00:00, run_after=2024-12-22 00:00:00+00:00
[2024-12-22T02:42:33.404+0000] {processor.py:183} INFO - Processing /home/airflow/.local/lib/python3.12/site-packages/airflow/example_dags/example_branch_datetime_operator.py took 0.067 seconds
[2024-12-22T02:43:05.846+0000] {processor.py:161} INFO - Started process (PID=30450) to work on /home/airflow/.local/lib/python3.12/site-packages/airflow/example_dags/example_branch_datetime_operator.py
[2024-12-22T02:43:05.846+0000] {processor.py:830} INFO - Processing file /home/airflow/.local/lib/python3.12/site-packages/airflow/example_dags/example_branch_datetime_operator.py for tasks to queue
[2024-12-22T02:43:05.848+0000] {logging_mixin.py:188} INFO - [2024-12-22T02:43:05.847+0000] {dagbag.py:545} INFO - Filling up the DagBag from /home/airflow/.local/lib/python3.12/site-packages/airflow/example_dags/example_branch_datetime_operator.py
[2024-12-22T02:43:05.853+0000] {processor.py:840} INFO - DAG(s) 'example_branch_datetime_operator_2', 'example_branch_datetime_operator_3', 'example_branch_datetime_operator' retrieved from /home/airflow/.local/lib/python3.12/site-packages/airflow/example_dags/example_branch_datetime_operator.py
[2024-12-22T02:43:05.871+0000] {logging_mixin.py:188} INFO - [2024-12-22T02:43:05.871+0000] {dag.py:3089} INFO - Sync 3 DAGs
[2024-12-22T02:43:05.884+0000] {logging_mixin.py:188} INFO - [2024-12-22T02:43:05.884+0000] {dag.py:3947} INFO - Setting next_dagrun for example_branch_datetime_operator to 2024-12-21 00:00:00+00:00, run_after=2024-12-22 00:00:00+00:00
[2024-12-22T02:43:05.886+0000] {logging_mixin.py:188} INFO - [2024-12-22T02:43:05.886+0000] {dag.py:3947} INFO - Setting next_dagrun for example_branch_datetime_operator_2 to 2024-12-21 00:00:00+00:00, run_after=2024-12-22 00:00:00+00:00
[2024-12-22T02:43:05.888+0000] {logging_mixin.py:188} INFO - [2024-12-22T02:43:05.887+0000] {dag.py:3947} INFO - Setting next_dagrun for example_branch_datetime_operator_3 to 2024-12-21 00:00:00+00:00, run_after=2024-12-22 00:00:00+00:00
[2024-12-22T02:43:05.898+0000] {processor.py:183} INFO - Processing /home/airflow/.local/lib/python3.12/site-packages/airflow/example_dags/example_branch_datetime_operator.py took 0.057 seconds
[2024-12-22T02:43:38.263+0000] {processor.py:161} INFO - Started process (PID=30727) to work on /home/airflow/.local/lib/python3.12/site-packages/airflow/example_dags/example_branch_datetime_operator.py
[2024-12-22T02:43:38.263+0000] {processor.py:830} INFO - Processing file /home/airflow/.local/lib/python3.12/site-packages/airflow/example_dags/example_branch_datetime_operator.py for tasks to queue
[2024-12-22T02:43:38.264+0000] {logging_mixin.py:188} INFO - [2024-12-22T02:43:38.264+0000] {dagbag.py:545} INFO - Filling up the DagBag from /home/airflow/.local/lib/python3.12/site-packages/airflow/example_dags/example_branch_datetime_operator.py
[2024-12-22T02:43:38.270+0000] {processor.py:840} INFO - DAG(s) 'example_branch_datetime_operator', 'example_branch_datetime_operator_2', 'example_branch_datetime_operator_3' retrieved from /home/airflow/.local/lib/python3.12/site-packages/airflow/example_dags/example_branch_datetime_operator.py
[2024-12-22T02:43:38.287+0000] {logging_mixin.py:188} INFO - [2024-12-22T02:43:38.287+0000] {dag.py:3089} INFO - Sync 3 DAGs
[2024-12-22T02:43:38.301+0000] {logging_mixin.py:188} INFO - [2024-12-22T02:43:38.301+0000] {dag.py:3947} INFO - Setting next_dagrun for example_branch_datetime_operator to 2024-12-21 00:00:00+00:00, run_after=2024-12-22 00:00:00+00:00
[2024-12-22T02:43:38.303+0000] {logging_mixin.py:188} INFO - [2024-12-22T02:43:38.303+0000] {dag.py:3947} INFO - Setting next_dagrun for example_branch_datetime_operator_2 to 2024-12-21 00:00:00+00:00, run_after=2024-12-22 00:00:00+00:00
[2024-12-22T02:43:38.304+0000] {logging_mixin.py:188} INFO - [2024-12-22T02:43:38.304+0000] {dag.py:3947} INFO - Setting next_dagrun for example_branch_datetime_operator_3 to 2024-12-21 00:00:00+00:00, run_after=2024-12-22 00:00:00+00:00
[2024-12-22T02:43:38.314+0000] {processor.py:183} INFO - Processing /home/airflow/.local/lib/python3.12/site-packages/airflow/example_dags/example_branch_datetime_operator.py took 0.056 seconds
[2024-12-22T02:44:10.731+0000] {processor.py:161} INFO - Started process (PID=31004) to work on /home/airflow/.local/lib/python3.12/site-packages/airflow/example_dags/example_branch_datetime_operator.py
[2024-12-22T02:44:10.732+0000] {processor.py:830} INFO - Processing file /home/airflow/.local/lib/python3.12/site-packages/airflow/example_dags/example_branch_datetime_operator.py for tasks to queue
[2024-12-22T02:44:10.734+0000] {logging_mixin.py:188} INFO - [2024-12-22T02:44:10.733+0000] {dagbag.py:545} INFO - Filling up the DagBag from /home/airflow/.local/lib/python3.12/site-packages/airflow/example_dags/example_branch_datetime_operator.py
[2024-12-22T02:44:10.739+0000] {processor.py:840} INFO - DAG(s) 'example_branch_datetime_operator', 'example_branch_datetime_operator_2', 'example_branch_datetime_operator_3' retrieved from /home/airflow/.local/lib/python3.12/site-packages/airflow/example_dags/example_branch_datetime_operator.py
[2024-12-22T02:44:10.758+0000] {logging_mixin.py:188} INFO - [2024-12-22T02:44:10.758+0000] {dag.py:3089} INFO - Sync 3 DAGs
[2024-12-22T02:44:10.771+0000] {logging_mixin.py:188} INFO - [2024-12-22T02:44:10.770+0000] {dag.py:3947} INFO - Setting next_dagrun for example_branch_datetime_operator to 2024-12-21 00:00:00+00:00, run_after=2024-12-22 00:00:00+00:00
[2024-12-22T02:44:10.774+0000] {logging_mixin.py:188} INFO - [2024-12-22T02:44:10.773+0000] {dag.py:3947} INFO - Setting next_dagrun for example_branch_datetime_operator_2 to 2024-12-21 00:00:00+00:00, run_after=2024-12-22 00:00:00+00:00
[2024-12-22T02:44:10.775+0000] {logging_mixin.py:188} INFO - [2024-12-22T02:44:10.774+0000] {dag.py:3947} INFO - Setting next_dagrun for example_branch_datetime_operator_3 to 2024-12-21 00:00:00+00:00, run_after=2024-12-22 00:00:00+00:00
[2024-12-22T02:44:10.785+0000] {processor.py:183} INFO - Processing /home/airflow/.local/lib/python3.12/site-packages/airflow/example_dags/example_branch_datetime_operator.py took 0.059 seconds
[2024-12-22T02:44:43.436+0000] {processor.py:161} INFO - Started process (PID=31281) to work on /home/airflow/.local/lib/python3.12/site-packages/airflow/example_dags/example_branch_datetime_operator.py
[2024-12-22T02:44:43.437+0000] {processor.py:830} INFO - Processing file /home/airflow/.local/lib/python3.12/site-packages/airflow/example_dags/example_branch_datetime_operator.py for tasks to queue
[2024-12-22T02:44:43.439+0000] {logging_mixin.py:188} INFO - [2024-12-22T02:44:43.439+0000] {dagbag.py:545} INFO - Filling up the DagBag from /home/airflow/.local/lib/python3.12/site-packages/airflow/example_dags/example_branch_datetime_operator.py
[2024-12-22T02:44:43.446+0000] {processor.py:840} INFO - DAG(s) 'example_branch_datetime_operator_2', 'example_branch_datetime_operator_3', 'example_branch_datetime_operator' retrieved from /home/airflow/.local/lib/python3.12/site-packages/airflow/example_dags/example_branch_datetime_operator.py
[2024-12-22T02:44:43.464+0000] {logging_mixin.py:188} INFO - [2024-12-22T02:44:43.464+0000] {dag.py:3089} INFO - Sync 3 DAGs
[2024-12-22T02:44:43.478+0000] {logging_mixin.py:188} INFO - [2024-12-22T02:44:43.477+0000] {dag.py:3947} INFO - Setting next_dagrun for example_branch_datetime_operator to 2024-12-21 00:00:00+00:00, run_after=2024-12-22 00:00:00+00:00
[2024-12-22T02:44:43.480+0000] {logging_mixin.py:188} INFO - [2024-12-22T02:44:43.480+0000] {dag.py:3947} INFO - Setting next_dagrun for example_branch_datetime_operator_2 to 2024-12-21 00:00:00+00:00, run_after=2024-12-22 00:00:00+00:00
[2024-12-22T02:44:43.481+0000] {logging_mixin.py:188} INFO - [2024-12-22T02:44:43.481+0000] {dag.py:3947} INFO - Setting next_dagrun for example_branch_datetime_operator_3 to 2024-12-21 00:00:00+00:00, run_after=2024-12-22 00:00:00+00:00
[2024-12-22T02:44:43.491+0000] {processor.py:183} INFO - Processing /home/airflow/.local/lib/python3.12/site-packages/airflow/example_dags/example_branch_datetime_operator.py took 0.060 seconds
[2024-12-22T02:45:14.681+0000] {processor.py:161} INFO - Started process (PID=31558) to work on /home/airflow/.local/lib/python3.12/site-packages/airflow/example_dags/example_branch_datetime_operator.py
[2024-12-22T02:45:14.682+0000] {processor.py:830} INFO - Processing file /home/airflow/.local/lib/python3.12/site-packages/airflow/example_dags/example_branch_datetime_operator.py for tasks to queue
[2024-12-22T02:45:14.683+0000] {logging_mixin.py:188} INFO - [2024-12-22T02:45:14.683+0000] {dagbag.py:545} INFO - Filling up the DagBag from /home/airflow/.local/lib/python3.12/site-packages/airflow/example_dags/example_branch_datetime_operator.py
[2024-12-22T02:45:14.690+0000] {processor.py:840} INFO - DAG(s) 'example_branch_datetime_operator_3', 'example_branch_datetime_operator', 'example_branch_datetime_operator_2' retrieved from /home/airflow/.local/lib/python3.12/site-packages/airflow/example_dags/example_branch_datetime_operator.py
[2024-12-22T02:45:14.709+0000] {logging_mixin.py:188} INFO - [2024-12-22T02:45:14.709+0000] {dag.py:3089} INFO - Sync 3 DAGs
[2024-12-22T02:45:14.725+0000] {logging_mixin.py:188} INFO - [2024-12-22T02:45:14.725+0000] {dag.py:3947} INFO - Setting next_dagrun for example_branch_datetime_operator to 2024-12-21 00:00:00+00:00, run_after=2024-12-22 00:00:00+00:00
[2024-12-22T02:45:14.728+0000] {logging_mixin.py:188} INFO - [2024-12-22T02:45:14.728+0000] {dag.py:3947} INFO - Setting next_dagrun for example_branch_datetime_operator_2 to 2024-12-21 00:00:00+00:00, run_after=2024-12-22 00:00:00+00:00
[2024-12-22T02:45:14.729+0000] {logging_mixin.py:188} INFO - [2024-12-22T02:45:14.729+0000] {dag.py:3947} INFO - Setting next_dagrun for example_branch_datetime_operator_3 to 2024-12-21 00:00:00+00:00, run_after=2024-12-22 00:00:00+00:00
[2024-12-22T02:45:14.739+0000] {processor.py:183} INFO - Processing /home/airflow/.local/lib/python3.12/site-packages/airflow/example_dags/example_branch_datetime_operator.py took 0.062 seconds
[2024-12-22T02:45:45.644+0000] {processor.py:161} INFO - Started process (PID=31835) to work on /home/airflow/.local/lib/python3.12/site-packages/airflow/example_dags/example_branch_datetime_operator.py
[2024-12-22T02:45:45.647+0000] {processor.py:830} INFO - Processing file /home/airflow/.local/lib/python3.12/site-packages/airflow/example_dags/example_branch_datetime_operator.py for tasks to queue
[2024-12-22T02:45:45.649+0000] {logging_mixin.py:188} INFO - [2024-12-22T02:45:45.649+0000] {dagbag.py:545} INFO - Filling up the DagBag from /home/airflow/.local/lib/python3.12/site-packages/airflow/example_dags/example_branch_datetime_operator.py
[2024-12-22T02:45:45.657+0000] {processor.py:840} INFO - DAG(s) 'example_branch_datetime_operator_3', 'example_branch_datetime_operator_2', 'example_branch_datetime_operator' retrieved from /home/airflow/.local/lib/python3.12/site-packages/airflow/example_dags/example_branch_datetime_operator.py
[2024-12-22T02:45:45.677+0000] {logging_mixin.py:188} INFO - [2024-12-22T02:45:45.677+0000] {dag.py:3089} INFO - Sync 3 DAGs
[2024-12-22T02:45:45.697+0000] {logging_mixin.py:188} INFO - [2024-12-22T02:45:45.697+0000] {dag.py:3947} INFO - Setting next_dagrun for example_branch_datetime_operator to 2024-12-21 00:00:00+00:00, run_after=2024-12-22 00:00:00+00:00
[2024-12-22T02:45:45.702+0000] {logging_mixin.py:188} INFO - [2024-12-22T02:45:45.702+0000] {dag.py:3947} INFO - Setting next_dagrun for example_branch_datetime_operator_2 to 2024-12-21 00:00:00+00:00, run_after=2024-12-22 00:00:00+00:00
[2024-12-22T02:45:45.704+0000] {logging_mixin.py:188} INFO - [2024-12-22T02:45:45.704+0000] {dag.py:3947} INFO - Setting next_dagrun for example_branch_datetime_operator_3 to 2024-12-21 00:00:00+00:00, run_after=2024-12-22 00:00:00+00:00
[2024-12-22T02:45:45.742+0000] {processor.py:183} INFO - Processing /home/airflow/.local/lib/python3.12/site-packages/airflow/example_dags/example_branch_datetime_operator.py took 0.102 seconds
[2024-12-22T02:46:16.934+0000] {processor.py:161} INFO - Started process (PID=32114) to work on /home/airflow/.local/lib/python3.12/site-packages/airflow/example_dags/example_branch_datetime_operator.py
[2024-12-22T02:46:16.935+0000] {processor.py:830} INFO - Processing file /home/airflow/.local/lib/python3.12/site-packages/airflow/example_dags/example_branch_datetime_operator.py for tasks to queue
[2024-12-22T02:46:16.936+0000] {logging_mixin.py:188} INFO - [2024-12-22T02:46:16.936+0000] {dagbag.py:545} INFO - Filling up the DagBag from /home/airflow/.local/lib/python3.12/site-packages/airflow/example_dags/example_branch_datetime_operator.py
[2024-12-22T02:46:16.942+0000] {processor.py:840} INFO - DAG(s) 'example_branch_datetime_operator_3', 'example_branch_datetime_operator_2', 'example_branch_datetime_operator' retrieved from /home/airflow/.local/lib/python3.12/site-packages/airflow/example_dags/example_branch_datetime_operator.py
[2024-12-22T02:46:16.963+0000] {logging_mixin.py:188} INFO - [2024-12-22T02:46:16.963+0000] {dag.py:3089} INFO - Sync 3 DAGs
[2024-12-22T02:46:16.980+0000] {logging_mixin.py:188} INFO - [2024-12-22T02:46:16.980+0000] {dag.py:3947} INFO - Setting next_dagrun for example_branch_datetime_operator to 2024-12-21 00:00:00+00:00, run_after=2024-12-22 00:00:00+00:00
[2024-12-22T02:46:16.982+0000] {logging_mixin.py:188} INFO - [2024-12-22T02:46:16.982+0000] {dag.py:3947} INFO - Setting next_dagrun for example_branch_datetime_operator_2 to 2024-12-21 00:00:00+00:00, run_after=2024-12-22 00:00:00+00:00
[2024-12-22T02:46:16.984+0000] {logging_mixin.py:188} INFO - [2024-12-22T02:46:16.984+0000] {dag.py:3947} INFO - Setting next_dagrun for example_branch_datetime_operator_3 to 2024-12-21 00:00:00+00:00, run_after=2024-12-22 00:00:00+00:00
[2024-12-22T02:46:16.998+0000] {processor.py:183} INFO - Processing /home/airflow/.local/lib/python3.12/site-packages/airflow/example_dags/example_branch_datetime_operator.py took 0.069 seconds
[2024-12-22T02:46:47.595+0000] {processor.py:161} INFO - Started process (PID=32388) to work on /home/airflow/.local/lib/python3.12/site-packages/airflow/example_dags/example_branch_datetime_operator.py
[2024-12-22T02:46:47.597+0000] {processor.py:830} INFO - Processing file /home/airflow/.local/lib/python3.12/site-packages/airflow/example_dags/example_branch_datetime_operator.py for tasks to queue
[2024-12-22T02:46:47.598+0000] {logging_mixin.py:188} INFO - [2024-12-22T02:46:47.598+0000] {dagbag.py:545} INFO - Filling up the DagBag from /home/airflow/.local/lib/python3.12/site-packages/airflow/example_dags/example_branch_datetime_operator.py
[2024-12-22T02:46:47.603+0000] {processor.py:840} INFO - DAG(s) 'example_branch_datetime_operator_2', 'example_branch_datetime_operator', 'example_branch_datetime_operator_3' retrieved from /home/airflow/.local/lib/python3.12/site-packages/airflow/example_dags/example_branch_datetime_operator.py
[2024-12-22T02:46:47.620+0000] {logging_mixin.py:188} INFO - [2024-12-22T02:46:47.620+0000] {dag.py:3089} INFO - Sync 3 DAGs
[2024-12-22T02:46:47.633+0000] {logging_mixin.py:188} INFO - [2024-12-22T02:46:47.633+0000] {dag.py:3947} INFO - Setting next_dagrun for example_branch_datetime_operator to 2024-12-21 00:00:00+00:00, run_after=2024-12-22 00:00:00+00:00
[2024-12-22T02:46:47.635+0000] {logging_mixin.py:188} INFO - [2024-12-22T02:46:47.635+0000] {dag.py:3947} INFO - Setting next_dagrun for example_branch_datetime_operator_2 to 2024-12-21 00:00:00+00:00, run_after=2024-12-22 00:00:00+00:00
[2024-12-22T02:46:47.636+0000] {logging_mixin.py:188} INFO - [2024-12-22T02:46:47.636+0000] {dag.py:3947} INFO - Setting next_dagrun for example_branch_datetime_operator_3 to 2024-12-21 00:00:00+00:00, run_after=2024-12-22 00:00:00+00:00
[2024-12-22T02:46:47.648+0000] {processor.py:183} INFO - Processing /home/airflow/.local/lib/python3.12/site-packages/airflow/example_dags/example_branch_datetime_operator.py took 0.057 seconds
[2024-12-22T02:47:19.792+0000] {processor.py:161} INFO - Started process (PID=32667) to work on /home/airflow/.local/lib/python3.12/site-packages/airflow/example_dags/example_branch_datetime_operator.py
[2024-12-22T02:47:19.793+0000] {processor.py:830} INFO - Processing file /home/airflow/.local/lib/python3.12/site-packages/airflow/example_dags/example_branch_datetime_operator.py for tasks to queue
[2024-12-22T02:47:19.794+0000] {logging_mixin.py:188} INFO - [2024-12-22T02:47:19.794+0000] {dagbag.py:545} INFO - Filling up the DagBag from /home/airflow/.local/lib/python3.12/site-packages/airflow/example_dags/example_branch_datetime_operator.py
[2024-12-22T02:47:19.800+0000] {processor.py:840} INFO - DAG(s) 'example_branch_datetime_operator_2', 'example_branch_datetime_operator_3', 'example_branch_datetime_operator' retrieved from /home/airflow/.local/lib/python3.12/site-packages/airflow/example_dags/example_branch_datetime_operator.py
[2024-12-22T02:47:19.822+0000] {logging_mixin.py:188} INFO - [2024-12-22T02:47:19.822+0000] {dag.py:3089} INFO - Sync 3 DAGs
[2024-12-22T02:47:19.838+0000] {logging_mixin.py:188} INFO - [2024-12-22T02:47:19.838+0000] {dag.py:3947} INFO - Setting next_dagrun for example_branch_datetime_operator to 2024-12-21 00:00:00+00:00, run_after=2024-12-22 00:00:00+00:00
[2024-12-22T02:47:19.840+0000] {logging_mixin.py:188} INFO - [2024-12-22T02:47:19.840+0000] {dag.py:3947} INFO - Setting next_dagrun for example_branch_datetime_operator_2 to 2024-12-21 00:00:00+00:00, run_after=2024-12-22 00:00:00+00:00
[2024-12-22T02:47:19.842+0000] {logging_mixin.py:188} INFO - [2024-12-22T02:47:19.842+0000] {dag.py:3947} INFO - Setting next_dagrun for example_branch_datetime_operator_3 to 2024-12-21 00:00:00+00:00, run_after=2024-12-22 00:00:00+00:00
[2024-12-22T02:47:19.853+0000] {processor.py:183} INFO - Processing /home/airflow/.local/lib/python3.12/site-packages/airflow/example_dags/example_branch_datetime_operator.py took 0.066 seconds
[2024-12-22T02:47:52.517+0000] {processor.py:161} INFO - Started process (PID=32944) to work on /home/airflow/.local/lib/python3.12/site-packages/airflow/example_dags/example_branch_datetime_operator.py
[2024-12-22T02:47:52.518+0000] {processor.py:830} INFO - Processing file /home/airflow/.local/lib/python3.12/site-packages/airflow/example_dags/example_branch_datetime_operator.py for tasks to queue
[2024-12-22T02:47:52.520+0000] {logging_mixin.py:188} INFO - [2024-12-22T02:47:52.520+0000] {dagbag.py:545} INFO - Filling up the DagBag from /home/airflow/.local/lib/python3.12/site-packages/airflow/example_dags/example_branch_datetime_operator.py
[2024-12-22T02:47:52.526+0000] {processor.py:840} INFO - DAG(s) 'example_branch_datetime_operator_2', 'example_branch_datetime_operator_3', 'example_branch_datetime_operator' retrieved from /home/airflow/.local/lib/python3.12/site-packages/airflow/example_dags/example_branch_datetime_operator.py
[2024-12-22T02:47:52.546+0000] {logging_mixin.py:188} INFO - [2024-12-22T02:47:52.546+0000] {dag.py:3089} INFO - Sync 3 DAGs
[2024-12-22T02:47:52.558+0000] {logging_mixin.py:188} INFO - [2024-12-22T02:47:52.558+0000] {dag.py:3947} INFO - Setting next_dagrun for example_branch_datetime_operator to 2024-12-21 00:00:00+00:00, run_after=2024-12-22 00:00:00+00:00
[2024-12-22T02:47:52.561+0000] {logging_mixin.py:188} INFO - [2024-12-22T02:47:52.561+0000] {dag.py:3947} INFO - Setting next_dagrun for example_branch_datetime_operator_2 to 2024-12-21 00:00:00+00:00, run_after=2024-12-22 00:00:00+00:00
[2024-12-22T02:47:52.565+0000] {logging_mixin.py:188} INFO - [2024-12-22T02:47:52.565+0000] {dag.py:3947} INFO - Setting next_dagrun for example_branch_datetime_operator_3 to 2024-12-21 00:00:00+00:00, run_after=2024-12-22 00:00:00+00:00
[2024-12-22T02:47:52.573+0000] {processor.py:183} INFO - Processing /home/airflow/.local/lib/python3.12/site-packages/airflow/example_dags/example_branch_datetime_operator.py took 0.061 seconds
[2024-12-22T02:48:25.312+0000] {processor.py:161} INFO - Started process (PID=33221) to work on /home/airflow/.local/lib/python3.12/site-packages/airflow/example_dags/example_branch_datetime_operator.py
[2024-12-22T02:48:25.313+0000] {processor.py:830} INFO - Processing file /home/airflow/.local/lib/python3.12/site-packages/airflow/example_dags/example_branch_datetime_operator.py for tasks to queue
[2024-12-22T02:48:25.314+0000] {logging_mixin.py:188} INFO - [2024-12-22T02:48:25.314+0000] {dagbag.py:545} INFO - Filling up the DagBag from /home/airflow/.local/lib/python3.12/site-packages/airflow/example_dags/example_branch_datetime_operator.py
[2024-12-22T02:48:25.320+0000] {processor.py:840} INFO - DAG(s) 'example_branch_datetime_operator', 'example_branch_datetime_operator_3', 'example_branch_datetime_operator_2' retrieved from /home/airflow/.local/lib/python3.12/site-packages/airflow/example_dags/example_branch_datetime_operator.py
[2024-12-22T02:48:25.338+0000] {logging_mixin.py:188} INFO - [2024-12-22T02:48:25.338+0000] {dag.py:3089} INFO - Sync 3 DAGs
[2024-12-22T02:48:25.351+0000] {logging_mixin.py:188} INFO - [2024-12-22T02:48:25.351+0000] {dag.py:3947} INFO - Setting next_dagrun for example_branch_datetime_operator to 2024-12-21 00:00:00+00:00, run_after=2024-12-22 00:00:00+00:00
[2024-12-22T02:48:25.354+0000] {logging_mixin.py:188} INFO - [2024-12-22T02:48:25.354+0000] {dag.py:3947} INFO - Setting next_dagrun for example_branch_datetime_operator_2 to 2024-12-21 00:00:00+00:00, run_after=2024-12-22 00:00:00+00:00
[2024-12-22T02:48:25.356+0000] {logging_mixin.py:188} INFO - [2024-12-22T02:48:25.356+0000] {dag.py:3947} INFO - Setting next_dagrun for example_branch_datetime_operator_3 to 2024-12-21 00:00:00+00:00, run_after=2024-12-22 00:00:00+00:00
[2024-12-22T02:48:25.367+0000] {processor.py:183} INFO - Processing /home/airflow/.local/lib/python3.12/site-packages/airflow/example_dags/example_branch_datetime_operator.py took 0.059 seconds
[2024-12-22T02:48:57.985+0000] {processor.py:161} INFO - Started process (PID=33496) to work on /home/airflow/.local/lib/python3.12/site-packages/airflow/example_dags/example_branch_datetime_operator.py
[2024-12-22T02:48:57.986+0000] {processor.py:830} INFO - Processing file /home/airflow/.local/lib/python3.12/site-packages/airflow/example_dags/example_branch_datetime_operator.py for tasks to queue
[2024-12-22T02:48:57.987+0000] {logging_mixin.py:188} INFO - [2024-12-22T02:48:57.987+0000] {dagbag.py:545} INFO - Filling up the DagBag from /home/airflow/.local/lib/python3.12/site-packages/airflow/example_dags/example_branch_datetime_operator.py
[2024-12-22T02:48:57.993+0000] {processor.py:840} INFO - DAG(s) 'example_branch_datetime_operator_2', 'example_branch_datetime_operator_3', 'example_branch_datetime_operator' retrieved from /home/airflow/.local/lib/python3.12/site-packages/airflow/example_dags/example_branch_datetime_operator.py
[2024-12-22T02:48:58.011+0000] {logging_mixin.py:188} INFO - [2024-12-22T02:48:58.010+0000] {dag.py:3089} INFO - Sync 3 DAGs
[2024-12-22T02:48:58.023+0000] {logging_mixin.py:188} INFO - [2024-12-22T02:48:58.023+0000] {dag.py:3947} INFO - Setting next_dagrun for example_branch_datetime_operator to 2024-12-21 00:00:00+00:00, run_after=2024-12-22 00:00:00+00:00
[2024-12-22T02:48:58.027+0000] {logging_mixin.py:188} INFO - [2024-12-22T02:48:58.026+0000] {dag.py:3947} INFO - Setting next_dagrun for example_branch_datetime_operator_2 to 2024-12-21 00:00:00+00:00, run_after=2024-12-22 00:00:00+00:00
[2024-12-22T02:48:58.028+0000] {logging_mixin.py:188} INFO - [2024-12-22T02:48:58.028+0000] {dag.py:3947} INFO - Setting next_dagrun for example_branch_datetime_operator_3 to 2024-12-21 00:00:00+00:00, run_after=2024-12-22 00:00:00+00:00
[2024-12-22T02:48:58.039+0000] {processor.py:183} INFO - Processing /home/airflow/.local/lib/python3.12/site-packages/airflow/example_dags/example_branch_datetime_operator.py took 0.059 seconds
[2024-12-22T02:49:29.311+0000] {processor.py:161} INFO - Started process (PID=33773) to work on /home/airflow/.local/lib/python3.12/site-packages/airflow/example_dags/example_branch_datetime_operator.py
[2024-12-22T02:49:29.313+0000] {processor.py:830} INFO - Processing file /home/airflow/.local/lib/python3.12/site-packages/airflow/example_dags/example_branch_datetime_operator.py for tasks to queue
[2024-12-22T02:49:29.315+0000] {logging_mixin.py:188} INFO - [2024-12-22T02:49:29.314+0000] {dagbag.py:545} INFO - Filling up the DagBag from /home/airflow/.local/lib/python3.12/site-packages/airflow/example_dags/example_branch_datetime_operator.py
[2024-12-22T02:49:29.322+0000] {processor.py:840} INFO - DAG(s) 'example_branch_datetime_operator_2', 'example_branch_datetime_operator_3', 'example_branch_datetime_operator' retrieved from /home/airflow/.local/lib/python3.12/site-packages/airflow/example_dags/example_branch_datetime_operator.py
[2024-12-22T02:49:29.344+0000] {logging_mixin.py:188} INFO - [2024-12-22T02:49:29.344+0000] {dag.py:3089} INFO - Sync 3 DAGs
[2024-12-22T02:49:29.361+0000] {logging_mixin.py:188} INFO - [2024-12-22T02:49:29.361+0000] {dag.py:3947} INFO - Setting next_dagrun for example_branch_datetime_operator to 2024-12-21 00:00:00+00:00, run_after=2024-12-22 00:00:00+00:00
[2024-12-22T02:49:29.365+0000] {logging_mixin.py:188} INFO - [2024-12-22T02:49:29.364+0000] {dag.py:3947} INFO - Setting next_dagrun for example_branch_datetime_operator_2 to 2024-12-21 00:00:00+00:00, run_after=2024-12-22 00:00:00+00:00
[2024-12-22T02:49:29.366+0000] {logging_mixin.py:188} INFO - [2024-12-22T02:49:29.366+0000] {dag.py:3947} INFO - Setting next_dagrun for example_branch_datetime_operator_3 to 2024-12-21 00:00:00+00:00, run_after=2024-12-22 00:00:00+00:00
[2024-12-22T02:49:29.378+0000] {processor.py:183} INFO - Processing /home/airflow/.local/lib/python3.12/site-packages/airflow/example_dags/example_branch_datetime_operator.py took 0.071 seconds
[2024-12-22T02:50:00.353+0000] {processor.py:161} INFO - Started process (PID=34049) to work on /home/airflow/.local/lib/python3.12/site-packages/airflow/example_dags/example_branch_datetime_operator.py
[2024-12-22T02:50:00.354+0000] {processor.py:830} INFO - Processing file /home/airflow/.local/lib/python3.12/site-packages/airflow/example_dags/example_branch_datetime_operator.py for tasks to queue
[2024-12-22T02:50:00.355+0000] {logging_mixin.py:188} INFO - [2024-12-22T02:50:00.355+0000] {dagbag.py:545} INFO - Filling up the DagBag from /home/airflow/.local/lib/python3.12/site-packages/airflow/example_dags/example_branch_datetime_operator.py
[2024-12-22T02:50:00.362+0000] {processor.py:840} INFO - DAG(s) 'example_branch_datetime_operator', 'example_branch_datetime_operator_2', 'example_branch_datetime_operator_3' retrieved from /home/airflow/.local/lib/python3.12/site-packages/airflow/example_dags/example_branch_datetime_operator.py
[2024-12-22T02:50:00.382+0000] {logging_mixin.py:188} INFO - [2024-12-22T02:50:00.382+0000] {dag.py:3089} INFO - Sync 3 DAGs
[2024-12-22T02:50:00.397+0000] {logging_mixin.py:188} INFO - [2024-12-22T02:50:00.397+0000] {dag.py:3947} INFO - Setting next_dagrun for example_branch_datetime_operator to 2024-12-21 00:00:00+00:00, run_after=2024-12-22 00:00:00+00:00
[2024-12-22T02:50:00.399+0000] {logging_mixin.py:188} INFO - [2024-12-22T02:50:00.399+0000] {dag.py:3947} INFO - Setting next_dagrun for example_branch_datetime_operator_2 to 2024-12-21 00:00:00+00:00, run_after=2024-12-22 00:00:00+00:00
[2024-12-22T02:50:00.400+0000] {logging_mixin.py:188} INFO - [2024-12-22T02:50:00.400+0000] {dag.py:3947} INFO - Setting next_dagrun for example_branch_datetime_operator_3 to 2024-12-21 00:00:00+00:00, run_after=2024-12-22 00:00:00+00:00
[2024-12-22T02:50:00.412+0000] {processor.py:183} INFO - Processing /home/airflow/.local/lib/python3.12/site-packages/airflow/example_dags/example_branch_datetime_operator.py took 0.064 seconds
[2024-12-22T02:50:30.568+0000] {processor.py:161} INFO - Started process (PID=34327) to work on /home/airflow/.local/lib/python3.12/site-packages/airflow/example_dags/example_branch_datetime_operator.py
[2024-12-22T02:50:30.569+0000] {processor.py:830} INFO - Processing file /home/airflow/.local/lib/python3.12/site-packages/airflow/example_dags/example_branch_datetime_operator.py for tasks to queue
[2024-12-22T02:50:30.571+0000] {logging_mixin.py:188} INFO - [2024-12-22T02:50:30.571+0000] {dagbag.py:545} INFO - Filling up the DagBag from /home/airflow/.local/lib/python3.12/site-packages/airflow/example_dags/example_branch_datetime_operator.py
[2024-12-22T02:50:30.578+0000] {processor.py:840} INFO - DAG(s) 'example_branch_datetime_operator', 'example_branch_datetime_operator_2', 'example_branch_datetime_operator_3' retrieved from /home/airflow/.local/lib/python3.12/site-packages/airflow/example_dags/example_branch_datetime_operator.py
[2024-12-22T02:50:30.600+0000] {logging_mixin.py:188} INFO - [2024-12-22T02:50:30.599+0000] {dag.py:3089} INFO - Sync 3 DAGs
[2024-12-22T02:50:30.614+0000] {logging_mixin.py:188} INFO - [2024-12-22T02:50:30.614+0000] {dag.py:3947} INFO - Setting next_dagrun for example_branch_datetime_operator to 2024-12-21 00:00:00+00:00, run_after=2024-12-22 00:00:00+00:00
[2024-12-22T02:50:30.618+0000] {logging_mixin.py:188} INFO - [2024-12-22T02:50:30.617+0000] {dag.py:3947} INFO - Setting next_dagrun for example_branch_datetime_operator_2 to 2024-12-21 00:00:00+00:00, run_after=2024-12-22 00:00:00+00:00
[2024-12-22T02:50:30.619+0000] {logging_mixin.py:188} INFO - [2024-12-22T02:50:30.619+0000] {dag.py:3947} INFO - Setting next_dagrun for example_branch_datetime_operator_3 to 2024-12-21 00:00:00+00:00, run_after=2024-12-22 00:00:00+00:00
[2024-12-22T02:50:30.632+0000] {processor.py:183} INFO - Processing /home/airflow/.local/lib/python3.12/site-packages/airflow/example_dags/example_branch_datetime_operator.py took 0.069 seconds
[2024-12-22T02:51:01.308+0000] {processor.py:161} INFO - Started process (PID=34604) to work on /home/airflow/.local/lib/python3.12/site-packages/airflow/example_dags/example_branch_datetime_operator.py
[2024-12-22T02:51:01.308+0000] {processor.py:830} INFO - Processing file /home/airflow/.local/lib/python3.12/site-packages/airflow/example_dags/example_branch_datetime_operator.py for tasks to queue
[2024-12-22T02:51:01.310+0000] {logging_mixin.py:188} INFO - [2024-12-22T02:51:01.309+0000] {dagbag.py:545} INFO - Filling up the DagBag from /home/airflow/.local/lib/python3.12/site-packages/airflow/example_dags/example_branch_datetime_operator.py
[2024-12-22T02:51:01.316+0000] {processor.py:840} INFO - DAG(s) 'example_branch_datetime_operator_2', 'example_branch_datetime_operator_3', 'example_branch_datetime_operator' retrieved from /home/airflow/.local/lib/python3.12/site-packages/airflow/example_dags/example_branch_datetime_operator.py
[2024-12-22T02:51:01.339+0000] {logging_mixin.py:188} INFO - [2024-12-22T02:51:01.339+0000] {dag.py:3089} INFO - Sync 3 DAGs
[2024-12-22T02:51:01.354+0000] {logging_mixin.py:188} INFO - [2024-12-22T02:51:01.354+0000] {dag.py:3947} INFO - Setting next_dagrun for example_branch_datetime_operator to 2024-12-21 00:00:00+00:00, run_after=2024-12-22 00:00:00+00:00
[2024-12-22T02:51:01.356+0000] {logging_mixin.py:188} INFO - [2024-12-22T02:51:01.356+0000] {dag.py:3947} INFO - Setting next_dagrun for example_branch_datetime_operator_2 to 2024-12-21 00:00:00+00:00, run_after=2024-12-22 00:00:00+00:00
[2024-12-22T02:51:01.357+0000] {logging_mixin.py:188} INFO - [2024-12-22T02:51:01.357+0000] {dag.py:3947} INFO - Setting next_dagrun for example_branch_datetime_operator_3 to 2024-12-21 00:00:00+00:00, run_after=2024-12-22 00:00:00+00:00
[2024-12-22T02:51:01.367+0000] {processor.py:183} INFO - Processing /home/airflow/.local/lib/python3.12/site-packages/airflow/example_dags/example_branch_datetime_operator.py took 0.065 seconds
[2024-12-22T02:51:34.159+0000] {processor.py:161} INFO - Started process (PID=34883) to work on /home/airflow/.local/lib/python3.12/site-packages/airflow/example_dags/example_branch_datetime_operator.py
[2024-12-22T02:51:34.160+0000] {processor.py:830} INFO - Processing file /home/airflow/.local/lib/python3.12/site-packages/airflow/example_dags/example_branch_datetime_operator.py for tasks to queue
[2024-12-22T02:51:34.162+0000] {logging_mixin.py:188} INFO - [2024-12-22T02:51:34.161+0000] {dagbag.py:545} INFO - Filling up the DagBag from /home/airflow/.local/lib/python3.12/site-packages/airflow/example_dags/example_branch_datetime_operator.py
[2024-12-22T02:51:34.167+0000] {processor.py:840} INFO - DAG(s) 'example_branch_datetime_operator_3', 'example_branch_datetime_operator_2', 'example_branch_datetime_operator' retrieved from /home/airflow/.local/lib/python3.12/site-packages/airflow/example_dags/example_branch_datetime_operator.py
[2024-12-22T02:51:34.183+0000] {logging_mixin.py:188} INFO - [2024-12-22T02:51:34.182+0000] {dag.py:3089} INFO - Sync 3 DAGs
[2024-12-22T02:51:34.195+0000] {logging_mixin.py:188} INFO - [2024-12-22T02:51:34.195+0000] {dag.py:3947} INFO - Setting next_dagrun for example_branch_datetime_operator to 2024-12-21 00:00:00+00:00, run_after=2024-12-22 00:00:00+00:00
[2024-12-22T02:51:34.197+0000] {logging_mixin.py:188} INFO - [2024-12-22T02:51:34.197+0000] {dag.py:3947} INFO - Setting next_dagrun for example_branch_datetime_operator_2 to 2024-12-21 00:00:00+00:00, run_after=2024-12-22 00:00:00+00:00
[2024-12-22T02:51:34.198+0000] {logging_mixin.py:188} INFO - [2024-12-22T02:51:34.198+0000] {dag.py:3947} INFO - Setting next_dagrun for example_branch_datetime_operator_3 to 2024-12-21 00:00:00+00:00, run_after=2024-12-22 00:00:00+00:00
[2024-12-22T02:51:34.207+0000] {processor.py:183} INFO - Processing /home/airflow/.local/lib/python3.12/site-packages/airflow/example_dags/example_branch_datetime_operator.py took 0.052 seconds
[2024-12-22T02:52:07.311+0000] {processor.py:161} INFO - Started process (PID=35160) to work on /home/airflow/.local/lib/python3.12/site-packages/airflow/example_dags/example_branch_datetime_operator.py
[2024-12-22T02:52:07.312+0000] {processor.py:830} INFO - Processing file /home/airflow/.local/lib/python3.12/site-packages/airflow/example_dags/example_branch_datetime_operator.py for tasks to queue
[2024-12-22T02:52:07.313+0000] {logging_mixin.py:188} INFO - [2024-12-22T02:52:07.313+0000] {dagbag.py:545} INFO - Filling up the DagBag from /home/airflow/.local/lib/python3.12/site-packages/airflow/example_dags/example_branch_datetime_operator.py
[2024-12-22T02:52:07.319+0000] {processor.py:840} INFO - DAG(s) 'example_branch_datetime_operator', 'example_branch_datetime_operator_3', 'example_branch_datetime_operator_2' retrieved from /home/airflow/.local/lib/python3.12/site-packages/airflow/example_dags/example_branch_datetime_operator.py
[2024-12-22T02:52:07.336+0000] {logging_mixin.py:188} INFO - [2024-12-22T02:52:07.336+0000] {dag.py:3089} INFO - Sync 3 DAGs
[2024-12-22T02:52:07.349+0000] {logging_mixin.py:188} INFO - [2024-12-22T02:52:07.349+0000] {dag.py:3947} INFO - Setting next_dagrun for example_branch_datetime_operator to 2024-12-21 00:00:00+00:00, run_after=2024-12-22 00:00:00+00:00
[2024-12-22T02:52:07.351+0000] {logging_mixin.py:188} INFO - [2024-12-22T02:52:07.351+0000] {dag.py:3947} INFO - Setting next_dagrun for example_branch_datetime_operator_2 to 2024-12-21 00:00:00+00:00, run_after=2024-12-22 00:00:00+00:00
[2024-12-22T02:52:07.352+0000] {logging_mixin.py:188} INFO - [2024-12-22T02:52:07.352+0000] {dag.py:3947} INFO - Setting next_dagrun for example_branch_datetime_operator_3 to 2024-12-21 00:00:00+00:00, run_after=2024-12-22 00:00:00+00:00
[2024-12-22T02:52:07.361+0000] {processor.py:183} INFO - Processing /home/airflow/.local/lib/python3.12/site-packages/airflow/example_dags/example_branch_datetime_operator.py took 0.054 seconds
[2024-12-22T02:52:40.031+0000] {processor.py:161} INFO - Started process (PID=35435) to work on /home/airflow/.local/lib/python3.12/site-packages/airflow/example_dags/example_branch_datetime_operator.py
[2024-12-22T02:52:40.032+0000] {processor.py:830} INFO - Processing file /home/airflow/.local/lib/python3.12/site-packages/airflow/example_dags/example_branch_datetime_operator.py for tasks to queue
[2024-12-22T02:52:40.034+0000] {logging_mixin.py:188} INFO - [2024-12-22T02:52:40.033+0000] {dagbag.py:545} INFO - Filling up the DagBag from /home/airflow/.local/lib/python3.12/site-packages/airflow/example_dags/example_branch_datetime_operator.py
[2024-12-22T02:52:40.040+0000] {processor.py:840} INFO - DAG(s) 'example_branch_datetime_operator', 'example_branch_datetime_operator_3', 'example_branch_datetime_operator_2' retrieved from /home/airflow/.local/lib/python3.12/site-packages/airflow/example_dags/example_branch_datetime_operator.py
[2024-12-22T02:52:40.061+0000] {logging_mixin.py:188} INFO - [2024-12-22T02:52:40.060+0000] {dag.py:3089} INFO - Sync 3 DAGs
[2024-12-22T02:52:40.075+0000] {logging_mixin.py:188} INFO - [2024-12-22T02:52:40.075+0000] {dag.py:3947} INFO - Setting next_dagrun for example_branch_datetime_operator to 2024-12-21 00:00:00+00:00, run_after=2024-12-22 00:00:00+00:00
[2024-12-22T02:52:40.078+0000] {logging_mixin.py:188} INFO - [2024-12-22T02:52:40.078+0000] {dag.py:3947} INFO - Setting next_dagrun for example_branch_datetime_operator_2 to 2024-12-21 00:00:00+00:00, run_after=2024-12-22 00:00:00+00:00
[2024-12-22T02:52:40.079+0000] {logging_mixin.py:188} INFO - [2024-12-22T02:52:40.079+0000] {dag.py:3947} INFO - Setting next_dagrun for example_branch_datetime_operator_3 to 2024-12-21 00:00:00+00:00, run_after=2024-12-22 00:00:00+00:00
[2024-12-22T02:52:40.226+0000] {processor.py:183} INFO - Processing /home/airflow/.local/lib/python3.12/site-packages/airflow/example_dags/example_branch_datetime_operator.py took 0.200 seconds
[2024-12-22T02:53:10.354+0000] {processor.py:161} INFO - Started process (PID=35719) to work on /home/airflow/.local/lib/python3.12/site-packages/airflow/example_dags/example_branch_datetime_operator.py
[2024-12-22T02:53:10.355+0000] {processor.py:830} INFO - Processing file /home/airflow/.local/lib/python3.12/site-packages/airflow/example_dags/example_branch_datetime_operator.py for tasks to queue
[2024-12-22T02:53:10.357+0000] {logging_mixin.py:188} INFO - [2024-12-22T02:53:10.357+0000] {dagbag.py:545} INFO - Filling up the DagBag from /home/airflow/.local/lib/python3.12/site-packages/airflow/example_dags/example_branch_datetime_operator.py
[2024-12-22T02:53:10.363+0000] {processor.py:840} INFO - DAG(s) 'example_branch_datetime_operator_3', 'example_branch_datetime_operator', 'example_branch_datetime_operator_2' retrieved from /home/airflow/.local/lib/python3.12/site-packages/airflow/example_dags/example_branch_datetime_operator.py
[2024-12-22T02:53:10.381+0000] {logging_mixin.py:188} INFO - [2024-12-22T02:53:10.381+0000] {dag.py:3089} INFO - Sync 3 DAGs
[2024-12-22T02:53:10.396+0000] {logging_mixin.py:188} INFO - [2024-12-22T02:53:10.396+0000] {dag.py:3947} INFO - Setting next_dagrun for example_branch_datetime_operator to 2024-12-21 00:00:00+00:00, run_after=2024-12-22 00:00:00+00:00
[2024-12-22T02:53:10.399+0000] {logging_mixin.py:188} INFO - [2024-12-22T02:53:10.399+0000] {dag.py:3947} INFO - Setting next_dagrun for example_branch_datetime_operator_2 to 2024-12-21 00:00:00+00:00, run_after=2024-12-22 00:00:00+00:00
[2024-12-22T02:53:10.401+0000] {logging_mixin.py:188} INFO - [2024-12-22T02:53:10.401+0000] {dag.py:3947} INFO - Setting next_dagrun for example_branch_datetime_operator_3 to 2024-12-21 00:00:00+00:00, run_after=2024-12-22 00:00:00+00:00
[2024-12-22T02:53:10.414+0000] {processor.py:183} INFO - Processing /home/airflow/.local/lib/python3.12/site-packages/airflow/example_dags/example_branch_datetime_operator.py took 0.064 seconds
[2024-12-22T02:53:41.381+0000] {processor.py:161} INFO - Started process (PID=35991) to work on /home/airflow/.local/lib/python3.12/site-packages/airflow/example_dags/example_branch_datetime_operator.py
[2024-12-22T02:53:41.382+0000] {processor.py:830} INFO - Processing file /home/airflow/.local/lib/python3.12/site-packages/airflow/example_dags/example_branch_datetime_operator.py for tasks to queue
[2024-12-22T02:53:41.384+0000] {logging_mixin.py:188} INFO - [2024-12-22T02:53:41.384+0000] {dagbag.py:545} INFO - Filling up the DagBag from /home/airflow/.local/lib/python3.12/site-packages/airflow/example_dags/example_branch_datetime_operator.py
[2024-12-22T02:53:41.390+0000] {processor.py:840} INFO - DAG(s) 'example_branch_datetime_operator', 'example_branch_datetime_operator_3', 'example_branch_datetime_operator_2' retrieved from /home/airflow/.local/lib/python3.12/site-packages/airflow/example_dags/example_branch_datetime_operator.py
[2024-12-22T02:53:41.409+0000] {logging_mixin.py:188} INFO - [2024-12-22T02:53:41.409+0000] {dag.py:3089} INFO - Sync 3 DAGs
[2024-12-22T02:53:41.424+0000] {logging_mixin.py:188} INFO - [2024-12-22T02:53:41.423+0000] {dag.py:3947} INFO - Setting next_dagrun for example_branch_datetime_operator to 2024-12-21 00:00:00+00:00, run_after=2024-12-22 00:00:00+00:00
[2024-12-22T02:53:41.426+0000] {logging_mixin.py:188} INFO - [2024-12-22T02:53:41.426+0000] {dag.py:3947} INFO - Setting next_dagrun for example_branch_datetime_operator_2 to 2024-12-21 00:00:00+00:00, run_after=2024-12-22 00:00:00+00:00
[2024-12-22T02:53:41.428+0000] {logging_mixin.py:188} INFO - [2024-12-22T02:53:41.428+0000] {dag.py:3947} INFO - Setting next_dagrun for example_branch_datetime_operator_3 to 2024-12-21 00:00:00+00:00, run_after=2024-12-22 00:00:00+00:00
[2024-12-22T02:53:41.440+0000] {processor.py:183} INFO - Processing /home/airflow/.local/lib/python3.12/site-packages/airflow/example_dags/example_branch_datetime_operator.py took 0.064 seconds
[2024-12-22T02:54:12.712+0000] {processor.py:161} INFO - Started process (PID=36268) to work on /home/airflow/.local/lib/python3.12/site-packages/airflow/example_dags/example_branch_datetime_operator.py
[2024-12-22T02:54:12.713+0000] {processor.py:830} INFO - Processing file /home/airflow/.local/lib/python3.12/site-packages/airflow/example_dags/example_branch_datetime_operator.py for tasks to queue
[2024-12-22T02:54:12.714+0000] {logging_mixin.py:188} INFO - [2024-12-22T02:54:12.714+0000] {dagbag.py:545} INFO - Filling up the DagBag from /home/airflow/.local/lib/python3.12/site-packages/airflow/example_dags/example_branch_datetime_operator.py
[2024-12-22T02:54:12.720+0000] {processor.py:840} INFO - DAG(s) 'example_branch_datetime_operator_2', 'example_branch_datetime_operator', 'example_branch_datetime_operator_3' retrieved from /home/airflow/.local/lib/python3.12/site-packages/airflow/example_dags/example_branch_datetime_operator.py
[2024-12-22T02:54:12.742+0000] {logging_mixin.py:188} INFO - [2024-12-22T02:54:12.742+0000] {dag.py:3089} INFO - Sync 3 DAGs
[2024-12-22T02:54:12.755+0000] {logging_mixin.py:188} INFO - [2024-12-22T02:54:12.755+0000] {dag.py:3947} INFO - Setting next_dagrun for example_branch_datetime_operator to 2024-12-21 00:00:00+00:00, run_after=2024-12-22 00:00:00+00:00
[2024-12-22T02:54:12.758+0000] {logging_mixin.py:188} INFO - [2024-12-22T02:54:12.758+0000] {dag.py:3947} INFO - Setting next_dagrun for example_branch_datetime_operator_2 to 2024-12-21 00:00:00+00:00, run_after=2024-12-22 00:00:00+00:00
[2024-12-22T02:54:12.759+0000] {logging_mixin.py:188} INFO - [2024-12-22T02:54:12.759+0000] {dag.py:3947} INFO - Setting next_dagrun for example_branch_datetime_operator_3 to 2024-12-21 00:00:00+00:00, run_after=2024-12-22 00:00:00+00:00
[2024-12-22T02:54:12.770+0000] {processor.py:183} INFO - Processing /home/airflow/.local/lib/python3.12/site-packages/airflow/example_dags/example_branch_datetime_operator.py took 0.064 seconds
[2024-12-22T02:54:43.752+0000] {processor.py:161} INFO - Started process (PID=36543) to work on /home/airflow/.local/lib/python3.12/site-packages/airflow/example_dags/example_branch_datetime_operator.py
[2024-12-22T02:54:43.754+0000] {processor.py:830} INFO - Processing file /home/airflow/.local/lib/python3.12/site-packages/airflow/example_dags/example_branch_datetime_operator.py for tasks to queue
[2024-12-22T02:54:43.755+0000] {logging_mixin.py:188} INFO - [2024-12-22T02:54:43.755+0000] {dagbag.py:545} INFO - Filling up the DagBag from /home/airflow/.local/lib/python3.12/site-packages/airflow/example_dags/example_branch_datetime_operator.py
[2024-12-22T02:54:43.764+0000] {processor.py:840} INFO - DAG(s) 'example_branch_datetime_operator_3', 'example_branch_datetime_operator_2', 'example_branch_datetime_operator' retrieved from /home/airflow/.local/lib/python3.12/site-packages/airflow/example_dags/example_branch_datetime_operator.py
[2024-12-22T02:54:43.787+0000] {logging_mixin.py:188} INFO - [2024-12-22T02:54:43.787+0000] {dag.py:3089} INFO - Sync 3 DAGs
[2024-12-22T02:54:43.912+0000] {logging_mixin.py:188} INFO - [2024-12-22T02:54:43.912+0000] {dag.py:3947} INFO - Setting next_dagrun for example_branch_datetime_operator to 2024-12-21 00:00:00+00:00, run_after=2024-12-22 00:00:00+00:00
[2024-12-22T02:54:43.915+0000] {logging_mixin.py:188} INFO - [2024-12-22T02:54:43.915+0000] {dag.py:3947} INFO - Setting next_dagrun for example_branch_datetime_operator_2 to 2024-12-21 00:00:00+00:00, run_after=2024-12-22 00:00:00+00:00
[2024-12-22T02:54:43.916+0000] {logging_mixin.py:188} INFO - [2024-12-22T02:54:43.916+0000] {dag.py:3947} INFO - Setting next_dagrun for example_branch_datetime_operator_3 to 2024-12-21 00:00:00+00:00, run_after=2024-12-22 00:00:00+00:00
[2024-12-22T02:54:43.926+0000] {processor.py:183} INFO - Processing /home/airflow/.local/lib/python3.12/site-packages/airflow/example_dags/example_branch_datetime_operator.py took 0.177 seconds
[2024-12-22T02:55:16.272+0000] {processor.py:161} INFO - Started process (PID=36820) to work on /home/airflow/.local/lib/python3.12/site-packages/airflow/example_dags/example_branch_datetime_operator.py
[2024-12-22T02:55:16.273+0000] {processor.py:830} INFO - Processing file /home/airflow/.local/lib/python3.12/site-packages/airflow/example_dags/example_branch_datetime_operator.py for tasks to queue
[2024-12-22T02:55:16.274+0000] {logging_mixin.py:188} INFO - [2024-12-22T02:55:16.274+0000] {dagbag.py:545} INFO - Filling up the DagBag from /home/airflow/.local/lib/python3.12/site-packages/airflow/example_dags/example_branch_datetime_operator.py
[2024-12-22T02:55:16.283+0000] {processor.py:840} INFO - DAG(s) 'example_branch_datetime_operator_2', 'example_branch_datetime_operator', 'example_branch_datetime_operator_3' retrieved from /home/airflow/.local/lib/python3.12/site-packages/airflow/example_dags/example_branch_datetime_operator.py
[2024-12-22T02:55:16.302+0000] {logging_mixin.py:188} INFO - [2024-12-22T02:55:16.302+0000] {dag.py:3089} INFO - Sync 3 DAGs
[2024-12-22T02:55:16.426+0000] {logging_mixin.py:188} INFO - [2024-12-22T02:55:16.425+0000] {dag.py:3947} INFO - Setting next_dagrun for example_branch_datetime_operator to 2024-12-21 00:00:00+00:00, run_after=2024-12-22 00:00:00+00:00
[2024-12-22T02:55:16.428+0000] {logging_mixin.py:188} INFO - [2024-12-22T02:55:16.428+0000] {dag.py:3947} INFO - Setting next_dagrun for example_branch_datetime_operator_2 to 2024-12-21 00:00:00+00:00, run_after=2024-12-22 00:00:00+00:00
[2024-12-22T02:55:16.430+0000] {logging_mixin.py:188} INFO - [2024-12-22T02:55:16.429+0000] {dag.py:3947} INFO - Setting next_dagrun for example_branch_datetime_operator_3 to 2024-12-21 00:00:00+00:00, run_after=2024-12-22 00:00:00+00:00
[2024-12-22T02:55:16.441+0000] {processor.py:183} INFO - Processing /home/airflow/.local/lib/python3.12/site-packages/airflow/example_dags/example_branch_datetime_operator.py took 0.173 seconds
[2024-12-22T02:55:48.845+0000] {processor.py:161} INFO - Started process (PID=37099) to work on /home/airflow/.local/lib/python3.12/site-packages/airflow/example_dags/example_branch_datetime_operator.py
[2024-12-22T02:55:48.846+0000] {processor.py:830} INFO - Processing file /home/airflow/.local/lib/python3.12/site-packages/airflow/example_dags/example_branch_datetime_operator.py for tasks to queue
[2024-12-22T02:55:48.848+0000] {logging_mixin.py:188} INFO - [2024-12-22T02:55:48.848+0000] {dagbag.py:545} INFO - Filling up the DagBag from /home/airflow/.local/lib/python3.12/site-packages/airflow/example_dags/example_branch_datetime_operator.py
[2024-12-22T02:55:48.854+0000] {processor.py:840} INFO - DAG(s) 'example_branch_datetime_operator', 'example_branch_datetime_operator_2', 'example_branch_datetime_operator_3' retrieved from /home/airflow/.local/lib/python3.12/site-packages/airflow/example_dags/example_branch_datetime_operator.py
[2024-12-22T02:55:48.873+0000] {logging_mixin.py:188} INFO - [2024-12-22T02:55:48.873+0000] {dag.py:3089} INFO - Sync 3 DAGs
[2024-12-22T02:55:48.888+0000] {logging_mixin.py:188} INFO - [2024-12-22T02:55:48.888+0000] {dag.py:3947} INFO - Setting next_dagrun for example_branch_datetime_operator to 2024-12-21 00:00:00+00:00, run_after=2024-12-22 00:00:00+00:00
[2024-12-22T02:55:48.891+0000] {logging_mixin.py:188} INFO - [2024-12-22T02:55:48.891+0000] {dag.py:3947} INFO - Setting next_dagrun for example_branch_datetime_operator_2 to 2024-12-21 00:00:00+00:00, run_after=2024-12-22 00:00:00+00:00
[2024-12-22T02:55:48.892+0000] {logging_mixin.py:188} INFO - [2024-12-22T02:55:48.892+0000] {dag.py:3947} INFO - Setting next_dagrun for example_branch_datetime_operator_3 to 2024-12-21 00:00:00+00:00, run_after=2024-12-22 00:00:00+00:00
[2024-12-22T02:55:48.903+0000] {processor.py:183} INFO - Processing /home/airflow/.local/lib/python3.12/site-packages/airflow/example_dags/example_branch_datetime_operator.py took 0.063 seconds
[2024-12-22T02:56:19.795+0000] {processor.py:161} INFO - Started process (PID=37374) to work on /home/airflow/.local/lib/python3.12/site-packages/airflow/example_dags/example_branch_datetime_operator.py
[2024-12-22T02:56:19.796+0000] {processor.py:830} INFO - Processing file /home/airflow/.local/lib/python3.12/site-packages/airflow/example_dags/example_branch_datetime_operator.py for tasks to queue
[2024-12-22T02:56:19.798+0000] {logging_mixin.py:188} INFO - [2024-12-22T02:56:19.797+0000] {dagbag.py:545} INFO - Filling up the DagBag from /home/airflow/.local/lib/python3.12/site-packages/airflow/example_dags/example_branch_datetime_operator.py
[2024-12-22T02:56:19.803+0000] {processor.py:840} INFO - DAG(s) 'example_branch_datetime_operator_2', 'example_branch_datetime_operator_3', 'example_branch_datetime_operator' retrieved from /home/airflow/.local/lib/python3.12/site-packages/airflow/example_dags/example_branch_datetime_operator.py
[2024-12-22T02:56:19.824+0000] {logging_mixin.py:188} INFO - [2024-12-22T02:56:19.824+0000] {dag.py:3089} INFO - Sync 3 DAGs
[2024-12-22T02:56:19.837+0000] {logging_mixin.py:188} INFO - [2024-12-22T02:56:19.837+0000] {dag.py:3947} INFO - Setting next_dagrun for example_branch_datetime_operator to 2024-12-21 00:00:00+00:00, run_after=2024-12-22 00:00:00+00:00
[2024-12-22T02:56:19.841+0000] {logging_mixin.py:188} INFO - [2024-12-22T02:56:19.841+0000] {dag.py:3947} INFO - Setting next_dagrun for example_branch_datetime_operator_2 to 2024-12-21 00:00:00+00:00, run_after=2024-12-22 00:00:00+00:00
[2024-12-22T02:56:19.842+0000] {logging_mixin.py:188} INFO - [2024-12-22T02:56:19.842+0000] {dag.py:3947} INFO - Setting next_dagrun for example_branch_datetime_operator_3 to 2024-12-21 00:00:00+00:00, run_after=2024-12-22 00:00:00+00:00
[2024-12-22T02:56:19.853+0000] {processor.py:183} INFO - Processing /home/airflow/.local/lib/python3.12/site-packages/airflow/example_dags/example_branch_datetime_operator.py took 0.062 seconds
[2024-12-22T02:56:50.557+0000] {processor.py:161} INFO - Started process (PID=37651) to work on /home/airflow/.local/lib/python3.12/site-packages/airflow/example_dags/example_branch_datetime_operator.py
[2024-12-22T02:56:50.558+0000] {processor.py:830} INFO - Processing file /home/airflow/.local/lib/python3.12/site-packages/airflow/example_dags/example_branch_datetime_operator.py for tasks to queue
[2024-12-22T02:56:50.559+0000] {logging_mixin.py:188} INFO - [2024-12-22T02:56:50.559+0000] {dagbag.py:545} INFO - Filling up the DagBag from /home/airflow/.local/lib/python3.12/site-packages/airflow/example_dags/example_branch_datetime_operator.py
[2024-12-22T02:56:50.565+0000] {processor.py:840} INFO - DAG(s) 'example_branch_datetime_operator_2', 'example_branch_datetime_operator', 'example_branch_datetime_operator_3' retrieved from /home/airflow/.local/lib/python3.12/site-packages/airflow/example_dags/example_branch_datetime_operator.py
[2024-12-22T02:56:50.585+0000] {logging_mixin.py:188} INFO - [2024-12-22T02:56:50.584+0000] {dag.py:3089} INFO - Sync 3 DAGs
[2024-12-22T02:56:50.598+0000] {logging_mixin.py:188} INFO - [2024-12-22T02:56:50.598+0000] {dag.py:3947} INFO - Setting next_dagrun for example_branch_datetime_operator to 2024-12-21 00:00:00+00:00, run_after=2024-12-22 00:00:00+00:00
[2024-12-22T02:56:50.601+0000] {logging_mixin.py:188} INFO - [2024-12-22T02:56:50.601+0000] {dag.py:3947} INFO - Setting next_dagrun for example_branch_datetime_operator_2 to 2024-12-21 00:00:00+00:00, run_after=2024-12-22 00:00:00+00:00
[2024-12-22T02:56:50.602+0000] {logging_mixin.py:188} INFO - [2024-12-22T02:56:50.602+0000] {dag.py:3947} INFO - Setting next_dagrun for example_branch_datetime_operator_3 to 2024-12-21 00:00:00+00:00, run_after=2024-12-22 00:00:00+00:00
[2024-12-22T02:56:50.615+0000] {processor.py:183} INFO - Processing /home/airflow/.local/lib/python3.12/site-packages/airflow/example_dags/example_branch_datetime_operator.py took 0.063 seconds
[2024-12-22T02:57:21.141+0000] {processor.py:161} INFO - Started process (PID=37929) to work on /home/airflow/.local/lib/python3.12/site-packages/airflow/example_dags/example_branch_datetime_operator.py
[2024-12-22T02:57:21.142+0000] {processor.py:830} INFO - Processing file /home/airflow/.local/lib/python3.12/site-packages/airflow/example_dags/example_branch_datetime_operator.py for tasks to queue
[2024-12-22T02:57:21.143+0000] {logging_mixin.py:188} INFO - [2024-12-22T02:57:21.143+0000] {dagbag.py:545} INFO - Filling up the DagBag from /home/airflow/.local/lib/python3.12/site-packages/airflow/example_dags/example_branch_datetime_operator.py
[2024-12-22T02:57:21.158+0000] {processor.py:840} INFO - DAG(s) 'example_branch_datetime_operator_3', 'example_branch_datetime_operator', 'example_branch_datetime_operator_2' retrieved from /home/airflow/.local/lib/python3.12/site-packages/airflow/example_dags/example_branch_datetime_operator.py
[2024-12-22T02:57:21.179+0000] {logging_mixin.py:188} INFO - [2024-12-22T02:57:21.178+0000] {dag.py:3089} INFO - Sync 3 DAGs
[2024-12-22T02:57:21.193+0000] {logging_mixin.py:188} INFO - [2024-12-22T02:57:21.193+0000] {dag.py:3947} INFO - Setting next_dagrun for example_branch_datetime_operator to 2024-12-21 00:00:00+00:00, run_after=2024-12-22 00:00:00+00:00
[2024-12-22T02:57:21.197+0000] {logging_mixin.py:188} INFO - [2024-12-22T02:57:21.196+0000] {dag.py:3947} INFO - Setting next_dagrun for example_branch_datetime_operator_2 to 2024-12-21 00:00:00+00:00, run_after=2024-12-22 00:00:00+00:00
[2024-12-22T02:57:21.198+0000] {logging_mixin.py:188} INFO - [2024-12-22T02:57:21.198+0000] {dag.py:3947} INFO - Setting next_dagrun for example_branch_datetime_operator_3 to 2024-12-21 00:00:00+00:00, run_after=2024-12-22 00:00:00+00:00
[2024-12-22T02:57:21.209+0000] {processor.py:183} INFO - Processing /home/airflow/.local/lib/python3.12/site-packages/airflow/example_dags/example_branch_datetime_operator.py took 0.074 seconds
[2024-12-22T02:57:52.247+0000] {processor.py:161} INFO - Started process (PID=38206) to work on /home/airflow/.local/lib/python3.12/site-packages/airflow/example_dags/example_branch_datetime_operator.py
[2024-12-22T02:57:52.248+0000] {processor.py:830} INFO - Processing file /home/airflow/.local/lib/python3.12/site-packages/airflow/example_dags/example_branch_datetime_operator.py for tasks to queue
[2024-12-22T02:57:52.249+0000] {logging_mixin.py:188} INFO - [2024-12-22T02:57:52.249+0000] {dagbag.py:545} INFO - Filling up the DagBag from /home/airflow/.local/lib/python3.12/site-packages/airflow/example_dags/example_branch_datetime_operator.py
[2024-12-22T02:57:52.254+0000] {processor.py:840} INFO - DAG(s) 'example_branch_datetime_operator_2', 'example_branch_datetime_operator_3', 'example_branch_datetime_operator' retrieved from /home/airflow/.local/lib/python3.12/site-packages/airflow/example_dags/example_branch_datetime_operator.py
[2024-12-22T02:57:52.272+0000] {logging_mixin.py:188} INFO - [2024-12-22T02:57:52.271+0000] {dag.py:3089} INFO - Sync 3 DAGs
[2024-12-22T02:57:52.284+0000] {logging_mixin.py:188} INFO - [2024-12-22T02:57:52.284+0000] {dag.py:3947} INFO - Setting next_dagrun for example_branch_datetime_operator to 2024-12-21 00:00:00+00:00, run_after=2024-12-22 00:00:00+00:00
[2024-12-22T02:57:52.288+0000] {logging_mixin.py:188} INFO - [2024-12-22T02:57:52.287+0000] {dag.py:3947} INFO - Setting next_dagrun for example_branch_datetime_operator_2 to 2024-12-21 00:00:00+00:00, run_after=2024-12-22 00:00:00+00:00
[2024-12-22T02:57:52.289+0000] {logging_mixin.py:188} INFO - [2024-12-22T02:57:52.289+0000] {dag.py:3947} INFO - Setting next_dagrun for example_branch_datetime_operator_3 to 2024-12-21 00:00:00+00:00, run_after=2024-12-22 00:00:00+00:00
[2024-12-22T02:57:52.299+0000] {processor.py:183} INFO - Processing /home/airflow/.local/lib/python3.12/site-packages/airflow/example_dags/example_branch_datetime_operator.py took 0.056 seconds
[2024-12-22T02:58:24.640+0000] {processor.py:161} INFO - Started process (PID=38484) to work on /home/airflow/.local/lib/python3.12/site-packages/airflow/example_dags/example_branch_datetime_operator.py
[2024-12-22T02:58:24.640+0000] {processor.py:830} INFO - Processing file /home/airflow/.local/lib/python3.12/site-packages/airflow/example_dags/example_branch_datetime_operator.py for tasks to queue
[2024-12-22T02:58:24.642+0000] {logging_mixin.py:188} INFO - [2024-12-22T02:58:24.642+0000] {dagbag.py:545} INFO - Filling up the DagBag from /home/airflow/.local/lib/python3.12/site-packages/airflow/example_dags/example_branch_datetime_operator.py
[2024-12-22T02:58:24.648+0000] {processor.py:840} INFO - DAG(s) 'example_branch_datetime_operator_3', 'example_branch_datetime_operator_2', 'example_branch_datetime_operator' retrieved from /home/airflow/.local/lib/python3.12/site-packages/airflow/example_dags/example_branch_datetime_operator.py
[2024-12-22T02:58:24.668+0000] {logging_mixin.py:188} INFO - [2024-12-22T02:58:24.668+0000] {dag.py:3089} INFO - Sync 3 DAGs
[2024-12-22T02:58:24.680+0000] {logging_mixin.py:188} INFO - [2024-12-22T02:58:24.680+0000] {dag.py:3947} INFO - Setting next_dagrun for example_branch_datetime_operator to 2024-12-21 00:00:00+00:00, run_after=2024-12-22 00:00:00+00:00
[2024-12-22T02:58:24.683+0000] {logging_mixin.py:188} INFO - [2024-12-22T02:58:24.683+0000] {dag.py:3947} INFO - Setting next_dagrun for example_branch_datetime_operator_2 to 2024-12-21 00:00:00+00:00, run_after=2024-12-22 00:00:00+00:00
[2024-12-22T02:58:24.685+0000] {logging_mixin.py:188} INFO - [2024-12-22T02:58:24.685+0000] {dag.py:3947} INFO - Setting next_dagrun for example_branch_datetime_operator_3 to 2024-12-21 00:00:00+00:00, run_after=2024-12-22 00:00:00+00:00
[2024-12-22T02:58:24.696+0000] {processor.py:183} INFO - Processing /home/airflow/.local/lib/python3.12/site-packages/airflow/example_dags/example_branch_datetime_operator.py took 0.061 seconds
[2024-12-22T02:58:57.062+0000] {processor.py:161} INFO - Started process (PID=38761) to work on /home/airflow/.local/lib/python3.12/site-packages/airflow/example_dags/example_branch_datetime_operator.py
[2024-12-22T02:58:57.063+0000] {processor.py:830} INFO - Processing file /home/airflow/.local/lib/python3.12/site-packages/airflow/example_dags/example_branch_datetime_operator.py for tasks to queue
[2024-12-22T02:58:57.064+0000] {logging_mixin.py:188} INFO - [2024-12-22T02:58:57.064+0000] {dagbag.py:545} INFO - Filling up the DagBag from /home/airflow/.local/lib/python3.12/site-packages/airflow/example_dags/example_branch_datetime_operator.py
[2024-12-22T02:58:57.070+0000] {processor.py:840} INFO - DAG(s) 'example_branch_datetime_operator_3', 'example_branch_datetime_operator', 'example_branch_datetime_operator_2' retrieved from /home/airflow/.local/lib/python3.12/site-packages/airflow/example_dags/example_branch_datetime_operator.py
[2024-12-22T02:58:57.098+0000] {logging_mixin.py:188} INFO - [2024-12-22T02:58:57.098+0000] {dag.py:3089} INFO - Sync 3 DAGs
[2024-12-22T02:58:57.115+0000] {logging_mixin.py:188} INFO - [2024-12-22T02:58:57.115+0000] {dag.py:3947} INFO - Setting next_dagrun for example_branch_datetime_operator to 2024-12-21 00:00:00+00:00, run_after=2024-12-22 00:00:00+00:00
[2024-12-22T02:58:57.119+0000] {logging_mixin.py:188} INFO - [2024-12-22T02:58:57.119+0000] {dag.py:3947} INFO - Setting next_dagrun for example_branch_datetime_operator_2 to 2024-12-21 00:00:00+00:00, run_after=2024-12-22 00:00:00+00:00
[2024-12-22T02:58:57.120+0000] {logging_mixin.py:188} INFO - [2024-12-22T02:58:57.120+0000] {dag.py:3947} INFO - Setting next_dagrun for example_branch_datetime_operator_3 to 2024-12-21 00:00:00+00:00, run_after=2024-12-22 00:00:00+00:00
[2024-12-22T02:58:57.135+0000] {processor.py:183} INFO - Processing /home/airflow/.local/lib/python3.12/site-packages/airflow/example_dags/example_branch_datetime_operator.py took 0.078 seconds
[2024-12-22T02:59:29.367+0000] {processor.py:161} INFO - Started process (PID=39038) to work on /home/airflow/.local/lib/python3.12/site-packages/airflow/example_dags/example_branch_datetime_operator.py
[2024-12-22T02:59:29.368+0000] {processor.py:830} INFO - Processing file /home/airflow/.local/lib/python3.12/site-packages/airflow/example_dags/example_branch_datetime_operator.py for tasks to queue
[2024-12-22T02:59:29.369+0000] {logging_mixin.py:188} INFO - [2024-12-22T02:59:29.369+0000] {dagbag.py:545} INFO - Filling up the DagBag from /home/airflow/.local/lib/python3.12/site-packages/airflow/example_dags/example_branch_datetime_operator.py
[2024-12-22T02:59:29.374+0000] {processor.py:840} INFO - DAG(s) 'example_branch_datetime_operator_2', 'example_branch_datetime_operator', 'example_branch_datetime_operator_3' retrieved from /home/airflow/.local/lib/python3.12/site-packages/airflow/example_dags/example_branch_datetime_operator.py
[2024-12-22T02:59:29.393+0000] {logging_mixin.py:188} INFO - [2024-12-22T02:59:29.393+0000] {dag.py:3089} INFO - Sync 3 DAGs
[2024-12-22T02:59:29.411+0000] {logging_mixin.py:188} INFO - [2024-12-22T02:59:29.411+0000] {dag.py:3947} INFO - Setting next_dagrun for example_branch_datetime_operator to 2024-12-21 00:00:00+00:00, run_after=2024-12-22 00:00:00+00:00
[2024-12-22T02:59:29.414+0000] {logging_mixin.py:188} INFO - [2024-12-22T02:59:29.413+0000] {dag.py:3947} INFO - Setting next_dagrun for example_branch_datetime_operator_2 to 2024-12-21 00:00:00+00:00, run_after=2024-12-22 00:00:00+00:00
[2024-12-22T02:59:29.415+0000] {logging_mixin.py:188} INFO - [2024-12-22T02:59:29.415+0000] {dag.py:3947} INFO - Setting next_dagrun for example_branch_datetime_operator_3 to 2024-12-21 00:00:00+00:00, run_after=2024-12-22 00:00:00+00:00
[2024-12-22T02:59:29.426+0000] {processor.py:183} INFO - Processing /home/airflow/.local/lib/python3.12/site-packages/airflow/example_dags/example_branch_datetime_operator.py took 0.063 seconds
[2024-12-22T03:00:00.552+0000] {processor.py:161} INFO - Started process (PID=39315) to work on /home/airflow/.local/lib/python3.12/site-packages/airflow/example_dags/example_branch_datetime_operator.py
[2024-12-22T03:00:00.553+0000] {processor.py:830} INFO - Processing file /home/airflow/.local/lib/python3.12/site-packages/airflow/example_dags/example_branch_datetime_operator.py for tasks to queue
[2024-12-22T03:00:00.554+0000] {logging_mixin.py:188} INFO - [2024-12-22T03:00:00.554+0000] {dagbag.py:545} INFO - Filling up the DagBag from /home/airflow/.local/lib/python3.12/site-packages/airflow/example_dags/example_branch_datetime_operator.py
[2024-12-22T03:00:00.559+0000] {processor.py:840} INFO - DAG(s) 'example_branch_datetime_operator', 'example_branch_datetime_operator_3', 'example_branch_datetime_operator_2' retrieved from /home/airflow/.local/lib/python3.12/site-packages/airflow/example_dags/example_branch_datetime_operator.py
[2024-12-22T03:00:00.579+0000] {logging_mixin.py:188} INFO - [2024-12-22T03:00:00.579+0000] {dag.py:3089} INFO - Sync 3 DAGs
[2024-12-22T03:00:00.594+0000] {logging_mixin.py:188} INFO - [2024-12-22T03:00:00.594+0000] {dag.py:3947} INFO - Setting next_dagrun for example_branch_datetime_operator to 2024-12-21 00:00:00+00:00, run_after=2024-12-22 00:00:00+00:00
[2024-12-22T03:00:00.597+0000] {logging_mixin.py:188} INFO - [2024-12-22T03:00:00.597+0000] {dag.py:3947} INFO - Setting next_dagrun for example_branch_datetime_operator_2 to 2024-12-21 00:00:00+00:00, run_after=2024-12-22 00:00:00+00:00
[2024-12-22T03:00:00.598+0000] {logging_mixin.py:188} INFO - [2024-12-22T03:00:00.598+0000] {dag.py:3947} INFO - Setting next_dagrun for example_branch_datetime_operator_3 to 2024-12-21 00:00:00+00:00, run_after=2024-12-22 00:00:00+00:00
[2024-12-22T03:00:00.609+0000] {processor.py:183} INFO - Processing /home/airflow/.local/lib/python3.12/site-packages/airflow/example_dags/example_branch_datetime_operator.py took 0.061 seconds
[2024-12-22T03:00:31.327+0000] {processor.py:161} INFO - Started process (PID=39592) to work on /home/airflow/.local/lib/python3.12/site-packages/airflow/example_dags/example_branch_datetime_operator.py
[2024-12-22T03:00:31.327+0000] {processor.py:830} INFO - Processing file /home/airflow/.local/lib/python3.12/site-packages/airflow/example_dags/example_branch_datetime_operator.py for tasks to queue
[2024-12-22T03:00:31.329+0000] {logging_mixin.py:188} INFO - [2024-12-22T03:00:31.328+0000] {dagbag.py:545} INFO - Filling up the DagBag from /home/airflow/.local/lib/python3.12/site-packages/airflow/example_dags/example_branch_datetime_operator.py
[2024-12-22T03:00:31.335+0000] {processor.py:840} INFO - DAG(s) 'example_branch_datetime_operator', 'example_branch_datetime_operator_3', 'example_branch_datetime_operator_2' retrieved from /home/airflow/.local/lib/python3.12/site-packages/airflow/example_dags/example_branch_datetime_operator.py
[2024-12-22T03:00:31.353+0000] {logging_mixin.py:188} INFO - [2024-12-22T03:00:31.353+0000] {dag.py:3089} INFO - Sync 3 DAGs
[2024-12-22T03:00:31.367+0000] {logging_mixin.py:188} INFO - [2024-12-22T03:00:31.367+0000] {dag.py:3947} INFO - Setting next_dagrun for example_branch_datetime_operator to 2024-12-21 00:00:00+00:00, run_after=2024-12-22 00:00:00+00:00
[2024-12-22T03:00:31.370+0000] {logging_mixin.py:188} INFO - [2024-12-22T03:00:31.370+0000] {dag.py:3947} INFO - Setting next_dagrun for example_branch_datetime_operator_2 to 2024-12-21 00:00:00+00:00, run_after=2024-12-22 00:00:00+00:00
[2024-12-22T03:00:31.372+0000] {logging_mixin.py:188} INFO - [2024-12-22T03:00:31.371+0000] {dag.py:3947} INFO - Setting next_dagrun for example_branch_datetime_operator_3 to 2024-12-21 00:00:00+00:00, run_after=2024-12-22 00:00:00+00:00
[2024-12-22T03:00:31.382+0000] {processor.py:183} INFO - Processing /home/airflow/.local/lib/python3.12/site-packages/airflow/example_dags/example_branch_datetime_operator.py took 0.060 seconds
[2024-12-22T03:01:02.088+0000] {processor.py:161} INFO - Started process (PID=39869) to work on /home/airflow/.local/lib/python3.12/site-packages/airflow/example_dags/example_branch_datetime_operator.py
[2024-12-22T03:01:02.089+0000] {processor.py:830} INFO - Processing file /home/airflow/.local/lib/python3.12/site-packages/airflow/example_dags/example_branch_datetime_operator.py for tasks to queue
[2024-12-22T03:01:02.090+0000] {logging_mixin.py:188} INFO - [2024-12-22T03:01:02.090+0000] {dagbag.py:545} INFO - Filling up the DagBag from /home/airflow/.local/lib/python3.12/site-packages/airflow/example_dags/example_branch_datetime_operator.py
[2024-12-22T03:01:02.096+0000] {processor.py:840} INFO - DAG(s) 'example_branch_datetime_operator', 'example_branch_datetime_operator_3', 'example_branch_datetime_operator_2' retrieved from /home/airflow/.local/lib/python3.12/site-packages/airflow/example_dags/example_branch_datetime_operator.py
[2024-12-22T03:01:02.115+0000] {logging_mixin.py:188} INFO - [2024-12-22T03:01:02.115+0000] {dag.py:3089} INFO - Sync 3 DAGs
[2024-12-22T03:01:02.129+0000] {logging_mixin.py:188} INFO - [2024-12-22T03:01:02.129+0000] {dag.py:3947} INFO - Setting next_dagrun for example_branch_datetime_operator to 2024-12-21 00:00:00+00:00, run_after=2024-12-22 00:00:00+00:00
[2024-12-22T03:01:02.132+0000] {logging_mixin.py:188} INFO - [2024-12-22T03:01:02.132+0000] {dag.py:3947} INFO - Setting next_dagrun for example_branch_datetime_operator_2 to 2024-12-21 00:00:00+00:00, run_after=2024-12-22 00:00:00+00:00
[2024-12-22T03:01:02.133+0000] {logging_mixin.py:188} INFO - [2024-12-22T03:01:02.133+0000] {dag.py:3947} INFO - Setting next_dagrun for example_branch_datetime_operator_3 to 2024-12-21 00:00:00+00:00, run_after=2024-12-22 00:00:00+00:00
[2024-12-22T03:01:02.144+0000] {processor.py:183} INFO - Processing /home/airflow/.local/lib/python3.12/site-packages/airflow/example_dags/example_branch_datetime_operator.py took 0.060 seconds
[2024-12-22T03:01:33.164+0000] {processor.py:161} INFO - Started process (PID=40147) to work on /home/airflow/.local/lib/python3.12/site-packages/airflow/example_dags/example_branch_datetime_operator.py
[2024-12-22T03:01:33.164+0000] {processor.py:830} INFO - Processing file /home/airflow/.local/lib/python3.12/site-packages/airflow/example_dags/example_branch_datetime_operator.py for tasks to queue
[2024-12-22T03:01:33.166+0000] {logging_mixin.py:188} INFO - [2024-12-22T03:01:33.166+0000] {dagbag.py:545} INFO - Filling up the DagBag from /home/airflow/.local/lib/python3.12/site-packages/airflow/example_dags/example_branch_datetime_operator.py
[2024-12-22T03:01:33.171+0000] {processor.py:840} INFO - DAG(s) 'example_branch_datetime_operator', 'example_branch_datetime_operator_3', 'example_branch_datetime_operator_2' retrieved from /home/airflow/.local/lib/python3.12/site-packages/airflow/example_dags/example_branch_datetime_operator.py
[2024-12-22T03:01:33.188+0000] {logging_mixin.py:188} INFO - [2024-12-22T03:01:33.188+0000] {dag.py:3089} INFO - Sync 3 DAGs
[2024-12-22T03:01:33.200+0000] {logging_mixin.py:188} INFO - [2024-12-22T03:01:33.200+0000] {dag.py:3947} INFO - Setting next_dagrun for example_branch_datetime_operator to 2024-12-21 00:00:00+00:00, run_after=2024-12-22 00:00:00+00:00
[2024-12-22T03:01:33.203+0000] {logging_mixin.py:188} INFO - [2024-12-22T03:01:33.203+0000] {dag.py:3947} INFO - Setting next_dagrun for example_branch_datetime_operator_2 to 2024-12-21 00:00:00+00:00, run_after=2024-12-22 00:00:00+00:00
[2024-12-22T03:01:33.204+0000] {logging_mixin.py:188} INFO - [2024-12-22T03:01:33.204+0000] {dag.py:3947} INFO - Setting next_dagrun for example_branch_datetime_operator_3 to 2024-12-21 00:00:00+00:00, run_after=2024-12-22 00:00:00+00:00
[2024-12-22T03:01:33.214+0000] {processor.py:183} INFO - Processing /home/airflow/.local/lib/python3.12/site-packages/airflow/example_dags/example_branch_datetime_operator.py took 0.055 seconds
[2024-12-22T03:02:05.654+0000] {processor.py:161} INFO - Started process (PID=40424) to work on /home/airflow/.local/lib/python3.12/site-packages/airflow/example_dags/example_branch_datetime_operator.py
[2024-12-22T03:02:05.655+0000] {processor.py:830} INFO - Processing file /home/airflow/.local/lib/python3.12/site-packages/airflow/example_dags/example_branch_datetime_operator.py for tasks to queue
[2024-12-22T03:02:05.658+0000] {logging_mixin.py:188} INFO - [2024-12-22T03:02:05.658+0000] {dagbag.py:545} INFO - Filling up the DagBag from /home/airflow/.local/lib/python3.12/site-packages/airflow/example_dags/example_branch_datetime_operator.py
[2024-12-22T03:02:05.665+0000] {processor.py:840} INFO - DAG(s) 'example_branch_datetime_operator_3', 'example_branch_datetime_operator_2', 'example_branch_datetime_operator' retrieved from /home/airflow/.local/lib/python3.12/site-packages/airflow/example_dags/example_branch_datetime_operator.py
[2024-12-22T03:02:05.683+0000] {logging_mixin.py:188} INFO - [2024-12-22T03:02:05.683+0000] {dag.py:3089} INFO - Sync 3 DAGs
[2024-12-22T03:02:05.697+0000] {logging_mixin.py:188} INFO - [2024-12-22T03:02:05.697+0000] {dag.py:3947} INFO - Setting next_dagrun for example_branch_datetime_operator to 2024-12-21 00:00:00+00:00, run_after=2024-12-22 00:00:00+00:00
[2024-12-22T03:02:05.700+0000] {logging_mixin.py:188} INFO - [2024-12-22T03:02:05.700+0000] {dag.py:3947} INFO - Setting next_dagrun for example_branch_datetime_operator_2 to 2024-12-21 00:00:00+00:00, run_after=2024-12-22 00:00:00+00:00
[2024-12-22T03:02:05.701+0000] {logging_mixin.py:188} INFO - [2024-12-22T03:02:05.701+0000] {dag.py:3947} INFO - Setting next_dagrun for example_branch_datetime_operator_3 to 2024-12-21 00:00:00+00:00, run_after=2024-12-22 00:00:00+00:00
[2024-12-22T03:02:05.710+0000] {processor.py:183} INFO - Processing /home/airflow/.local/lib/python3.12/site-packages/airflow/example_dags/example_branch_datetime_operator.py took 0.062 seconds
[2024-12-22T03:02:38.136+0000] {processor.py:161} INFO - Started process (PID=40701) to work on /home/airflow/.local/lib/python3.12/site-packages/airflow/example_dags/example_branch_datetime_operator.py
[2024-12-22T03:02:38.137+0000] {processor.py:830} INFO - Processing file /home/airflow/.local/lib/python3.12/site-packages/airflow/example_dags/example_branch_datetime_operator.py for tasks to queue
[2024-12-22T03:02:38.138+0000] {logging_mixin.py:188} INFO - [2024-12-22T03:02:38.138+0000] {dagbag.py:545} INFO - Filling up the DagBag from /home/airflow/.local/lib/python3.12/site-packages/airflow/example_dags/example_branch_datetime_operator.py
[2024-12-22T03:02:38.143+0000] {processor.py:840} INFO - DAG(s) 'example_branch_datetime_operator_2', 'example_branch_datetime_operator', 'example_branch_datetime_operator_3' retrieved from /home/airflow/.local/lib/python3.12/site-packages/airflow/example_dags/example_branch_datetime_operator.py
[2024-12-22T03:02:38.160+0000] {logging_mixin.py:188} INFO - [2024-12-22T03:02:38.160+0000] {dag.py:3089} INFO - Sync 3 DAGs
[2024-12-22T03:02:38.176+0000] {logging_mixin.py:188} INFO - [2024-12-22T03:02:38.175+0000] {dag.py:3947} INFO - Setting next_dagrun for example_branch_datetime_operator to 2024-12-21 00:00:00+00:00, run_after=2024-12-22 00:00:00+00:00
[2024-12-22T03:02:38.178+0000] {logging_mixin.py:188} INFO - [2024-12-22T03:02:38.178+0000] {dag.py:3947} INFO - Setting next_dagrun for example_branch_datetime_operator_2 to 2024-12-21 00:00:00+00:00, run_after=2024-12-22 00:00:00+00:00
[2024-12-22T03:02:38.179+0000] {logging_mixin.py:188} INFO - [2024-12-22T03:02:38.179+0000] {dag.py:3947} INFO - Setting next_dagrun for example_branch_datetime_operator_3 to 2024-12-21 00:00:00+00:00, run_after=2024-12-22 00:00:00+00:00
[2024-12-22T03:02:38.190+0000] {processor.py:183} INFO - Processing /home/airflow/.local/lib/python3.12/site-packages/airflow/example_dags/example_branch_datetime_operator.py took 0.058 seconds
[2024-12-22T03:03:11.400+0000] {processor.py:161} INFO - Started process (PID=40978) to work on /home/airflow/.local/lib/python3.12/site-packages/airflow/example_dags/example_branch_datetime_operator.py
[2024-12-22T03:03:11.400+0000] {processor.py:830} INFO - Processing file /home/airflow/.local/lib/python3.12/site-packages/airflow/example_dags/example_branch_datetime_operator.py for tasks to queue
[2024-12-22T03:03:11.402+0000] {logging_mixin.py:188} INFO - [2024-12-22T03:03:11.401+0000] {dagbag.py:545} INFO - Filling up the DagBag from /home/airflow/.local/lib/python3.12/site-packages/airflow/example_dags/example_branch_datetime_operator.py
[2024-12-22T03:03:11.407+0000] {processor.py:840} INFO - DAG(s) 'example_branch_datetime_operator_3', 'example_branch_datetime_operator_2', 'example_branch_datetime_operator' retrieved from /home/airflow/.local/lib/python3.12/site-packages/airflow/example_dags/example_branch_datetime_operator.py
[2024-12-22T03:03:11.425+0000] {logging_mixin.py:188} INFO - [2024-12-22T03:03:11.425+0000] {dag.py:3089} INFO - Sync 3 DAGs
[2024-12-22T03:03:11.439+0000] {logging_mixin.py:188} INFO - [2024-12-22T03:03:11.439+0000] {dag.py:3947} INFO - Setting next_dagrun for example_branch_datetime_operator to 2024-12-21 00:00:00+00:00, run_after=2024-12-22 00:00:00+00:00
[2024-12-22T03:03:11.442+0000] {logging_mixin.py:188} INFO - [2024-12-22T03:03:11.442+0000] {dag.py:3947} INFO - Setting next_dagrun for example_branch_datetime_operator_2 to 2024-12-21 00:00:00+00:00, run_after=2024-12-22 00:00:00+00:00
[2024-12-22T03:03:11.445+0000] {logging_mixin.py:188} INFO - [2024-12-22T03:03:11.444+0000] {dag.py:3947} INFO - Setting next_dagrun for example_branch_datetime_operator_3 to 2024-12-21 00:00:00+00:00, run_after=2024-12-22 00:00:00+00:00
[2024-12-22T03:03:11.457+0000] {processor.py:183} INFO - Processing /home/airflow/.local/lib/python3.12/site-packages/airflow/example_dags/example_branch_datetime_operator.py took 0.062 seconds
[2024-12-22T03:03:41.524+0000] {processor.py:161} INFO - Started process (PID=41255) to work on /home/airflow/.local/lib/python3.12/site-packages/airflow/example_dags/example_branch_datetime_operator.py
[2024-12-22T03:03:41.524+0000] {processor.py:830} INFO - Processing file /home/airflow/.local/lib/python3.12/site-packages/airflow/example_dags/example_branch_datetime_operator.py for tasks to queue
[2024-12-22T03:03:41.526+0000] {logging_mixin.py:188} INFO - [2024-12-22T03:03:41.526+0000] {dagbag.py:545} INFO - Filling up the DagBag from /home/airflow/.local/lib/python3.12/site-packages/airflow/example_dags/example_branch_datetime_operator.py
[2024-12-22T03:03:41.532+0000] {processor.py:840} INFO - DAG(s) 'example_branch_datetime_operator', 'example_branch_datetime_operator_2', 'example_branch_datetime_operator_3' retrieved from /home/airflow/.local/lib/python3.12/site-packages/airflow/example_dags/example_branch_datetime_operator.py
[2024-12-22T03:03:41.551+0000] {logging_mixin.py:188} INFO - [2024-12-22T03:03:41.551+0000] {dag.py:3089} INFO - Sync 3 DAGs
[2024-12-22T03:03:41.564+0000] {logging_mixin.py:188} INFO - [2024-12-22T03:03:41.564+0000] {dag.py:3947} INFO - Setting next_dagrun for example_branch_datetime_operator to 2024-12-21 00:00:00+00:00, run_after=2024-12-22 00:00:00+00:00
[2024-12-22T03:03:41.567+0000] {logging_mixin.py:188} INFO - [2024-12-22T03:03:41.567+0000] {dag.py:3947} INFO - Setting next_dagrun for example_branch_datetime_operator_2 to 2024-12-21 00:00:00+00:00, run_after=2024-12-22 00:00:00+00:00
[2024-12-22T03:03:41.568+0000] {logging_mixin.py:188} INFO - [2024-12-22T03:03:41.568+0000] {dag.py:3947} INFO - Setting next_dagrun for example_branch_datetime_operator_3 to 2024-12-21 00:00:00+00:00, run_after=2024-12-22 00:00:00+00:00
[2024-12-22T03:03:41.578+0000] {processor.py:183} INFO - Processing /home/airflow/.local/lib/python3.12/site-packages/airflow/example_dags/example_branch_datetime_operator.py took 0.059 seconds
[2024-12-22T03:04:12.426+0000] {processor.py:161} INFO - Started process (PID=41532) to work on /home/airflow/.local/lib/python3.12/site-packages/airflow/example_dags/example_branch_datetime_operator.py
[2024-12-22T03:04:12.427+0000] {processor.py:830} INFO - Processing file /home/airflow/.local/lib/python3.12/site-packages/airflow/example_dags/example_branch_datetime_operator.py for tasks to queue
[2024-12-22T03:04:12.429+0000] {logging_mixin.py:188} INFO - [2024-12-22T03:04:12.428+0000] {dagbag.py:545} INFO - Filling up the DagBag from /home/airflow/.local/lib/python3.12/site-packages/airflow/example_dags/example_branch_datetime_operator.py
[2024-12-22T03:04:12.435+0000] {processor.py:840} INFO - DAG(s) 'example_branch_datetime_operator_2', 'example_branch_datetime_operator', 'example_branch_datetime_operator_3' retrieved from /home/airflow/.local/lib/python3.12/site-packages/airflow/example_dags/example_branch_datetime_operator.py
[2024-12-22T03:04:12.457+0000] {logging_mixin.py:188} INFO - [2024-12-22T03:04:12.457+0000] {dag.py:3089} INFO - Sync 3 DAGs
[2024-12-22T03:04:12.472+0000] {logging_mixin.py:188} INFO - [2024-12-22T03:04:12.472+0000] {dag.py:3947} INFO - Setting next_dagrun for example_branch_datetime_operator to 2024-12-21 00:00:00+00:00, run_after=2024-12-22 00:00:00+00:00
[2024-12-22T03:04:12.474+0000] {logging_mixin.py:188} INFO - [2024-12-22T03:04:12.474+0000] {dag.py:3947} INFO - Setting next_dagrun for example_branch_datetime_operator_2 to 2024-12-21 00:00:00+00:00, run_after=2024-12-22 00:00:00+00:00
[2024-12-22T03:04:12.475+0000] {logging_mixin.py:188} INFO - [2024-12-22T03:04:12.475+0000] {dag.py:3947} INFO - Setting next_dagrun for example_branch_datetime_operator_3 to 2024-12-21 00:00:00+00:00, run_after=2024-12-22 00:00:00+00:00
[2024-12-22T03:04:12.493+0000] {processor.py:183} INFO - Processing /home/airflow/.local/lib/python3.12/site-packages/airflow/example_dags/example_branch_datetime_operator.py took 0.071 seconds
