[2024-12-22T01:45:51.669+0000] {processor.py:161} INFO - Started process (PID=254) to work on /home/airflow/.local/lib/python3.12/site-packages/airflow/example_dags/example_python_decorator.py
[2024-12-22T01:45:51.670+0000] {processor.py:830} INFO - Processing file /home/airflow/.local/lib/python3.12/site-packages/airflow/example_dags/example_python_decorator.py for tasks to queue
[2024-12-22T01:45:51.671+0000] {logging_mixin.py:188} INFO - [2024-12-22T01:45:51.671+0000] {dagbag.py:545} INFO - Filling up the DagBag from /home/airflow/.local/lib/python3.12/site-packages/airflow/example_dags/example_python_decorator.py
[2024-12-22T01:45:51.689+0000] {processor.py:840} INFO - DAG(s) 'example_python_decorator' retrieved from /home/airflow/.local/lib/python3.12/site-packages/airflow/example_dags/example_python_decorator.py
[2024-12-22T01:45:51.698+0000] {logging_mixin.py:188} INFO - [2024-12-22T01:45:51.698+0000] {dag.py:3089} INFO - Sync 1 DAGs
[2024-12-22T01:45:51.708+0000] {logging_mixin.py:188} INFO - [2024-12-22T01:45:51.708+0000] {dag.py:3947} INFO - Setting next_dagrun for example_python_decorator to None, run_after=None
[2024-12-22T01:45:51.721+0000] {processor.py:183} INFO - Processing /home/airflow/.local/lib/python3.12/site-packages/airflow/example_dags/example_python_decorator.py took 0.057 seconds
[2024-12-22T01:46:21.975+0000] {processor.py:161} INFO - Started process (PID=531) to work on /home/airflow/.local/lib/python3.12/site-packages/airflow/example_dags/example_python_decorator.py
[2024-12-22T01:46:21.976+0000] {processor.py:830} INFO - Processing file /home/airflow/.local/lib/python3.12/site-packages/airflow/example_dags/example_python_decorator.py for tasks to queue
[2024-12-22T01:46:21.978+0000] {logging_mixin.py:188} INFO - [2024-12-22T01:46:21.977+0000] {dagbag.py:545} INFO - Filling up the DagBag from /home/airflow/.local/lib/python3.12/site-packages/airflow/example_dags/example_python_decorator.py
[2024-12-22T01:46:21.987+0000] {processor.py:840} INFO - DAG(s) 'example_python_decorator' retrieved from /home/airflow/.local/lib/python3.12/site-packages/airflow/example_dags/example_python_decorator.py
[2024-12-22T01:46:22.045+0000] {logging_mixin.py:188} INFO - [2024-12-22T01:46:22.045+0000] {dag.py:3089} INFO - Sync 1 DAGs
[2024-12-22T01:46:22.050+0000] {logging_mixin.py:188} INFO - [2024-12-22T01:46:22.049+0000] {dag.py:3947} INFO - Setting next_dagrun for example_python_decorator to None, run_after=None
[2024-12-22T01:46:22.060+0000] {processor.py:183} INFO - Processing /home/airflow/.local/lib/python3.12/site-packages/airflow/example_dags/example_python_decorator.py took 0.090 seconds
[2024-12-22T01:46:52.391+0000] {processor.py:161} INFO - Started process (PID=808) to work on /home/airflow/.local/lib/python3.12/site-packages/airflow/example_dags/example_python_decorator.py
[2024-12-22T01:46:52.392+0000] {processor.py:830} INFO - Processing file /home/airflow/.local/lib/python3.12/site-packages/airflow/example_dags/example_python_decorator.py for tasks to queue
[2024-12-22T01:46:52.393+0000] {logging_mixin.py:188} INFO - [2024-12-22T01:46:52.393+0000] {dagbag.py:545} INFO - Filling up the DagBag from /home/airflow/.local/lib/python3.12/site-packages/airflow/example_dags/example_python_decorator.py
[2024-12-22T01:46:52.401+0000] {processor.py:840} INFO - DAG(s) 'example_python_decorator' retrieved from /home/airflow/.local/lib/python3.12/site-packages/airflow/example_dags/example_python_decorator.py
[2024-12-22T01:46:52.416+0000] {logging_mixin.py:188} INFO - [2024-12-22T01:46:52.415+0000] {dag.py:3089} INFO - Sync 1 DAGs
[2024-12-22T01:46:52.422+0000] {logging_mixin.py:188} INFO - [2024-12-22T01:46:52.422+0000] {dag.py:3947} INFO - Setting next_dagrun for example_python_decorator to None, run_after=None
[2024-12-22T01:46:52.432+0000] {processor.py:183} INFO - Processing /home/airflow/.local/lib/python3.12/site-packages/airflow/example_dags/example_python_decorator.py took 0.045 seconds
[2024-12-22T01:47:22.782+0000] {processor.py:161} INFO - Started process (PID=1086) to work on /home/airflow/.local/lib/python3.12/site-packages/airflow/example_dags/example_python_decorator.py
[2024-12-22T01:47:22.783+0000] {processor.py:830} INFO - Processing file /home/airflow/.local/lib/python3.12/site-packages/airflow/example_dags/example_python_decorator.py for tasks to queue
[2024-12-22T01:47:22.784+0000] {logging_mixin.py:188} INFO - [2024-12-22T01:47:22.784+0000] {dagbag.py:545} INFO - Filling up the DagBag from /home/airflow/.local/lib/python3.12/site-packages/airflow/example_dags/example_python_decorator.py
[2024-12-22T01:47:22.795+0000] {processor.py:840} INFO - DAG(s) 'example_python_decorator' retrieved from /home/airflow/.local/lib/python3.12/site-packages/airflow/example_dags/example_python_decorator.py
[2024-12-22T01:47:22.811+0000] {logging_mixin.py:188} INFO - [2024-12-22T01:47:22.811+0000] {dag.py:3089} INFO - Sync 1 DAGs
[2024-12-22T01:47:22.818+0000] {logging_mixin.py:188} INFO - [2024-12-22T01:47:22.818+0000] {dag.py:3947} INFO - Setting next_dagrun for example_python_decorator to None, run_after=None
[2024-12-22T01:47:22.828+0000] {processor.py:183} INFO - Processing /home/airflow/.local/lib/python3.12/site-packages/airflow/example_dags/example_python_decorator.py took 0.049 seconds
[2024-12-22T01:47:52.998+0000] {processor.py:161} INFO - Started process (PID=1363) to work on /home/airflow/.local/lib/python3.12/site-packages/airflow/example_dags/example_python_decorator.py
[2024-12-22T01:47:52.999+0000] {processor.py:830} INFO - Processing file /home/airflow/.local/lib/python3.12/site-packages/airflow/example_dags/example_python_decorator.py for tasks to queue
[2024-12-22T01:47:53.000+0000] {logging_mixin.py:188} INFO - [2024-12-22T01:47:53.000+0000] {dagbag.py:545} INFO - Filling up the DagBag from /home/airflow/.local/lib/python3.12/site-packages/airflow/example_dags/example_python_decorator.py
[2024-12-22T01:47:53.008+0000] {processor.py:840} INFO - DAG(s) 'example_python_decorator' retrieved from /home/airflow/.local/lib/python3.12/site-packages/airflow/example_dags/example_python_decorator.py
[2024-12-22T01:47:53.024+0000] {logging_mixin.py:188} INFO - [2024-12-22T01:47:53.024+0000] {dag.py:3089} INFO - Sync 1 DAGs
[2024-12-22T01:47:53.031+0000] {logging_mixin.py:188} INFO - [2024-12-22T01:47:53.031+0000] {dag.py:3947} INFO - Setting next_dagrun for example_python_decorator to None, run_after=None
[2024-12-22T01:47:53.044+0000] {processor.py:183} INFO - Processing /home/airflow/.local/lib/python3.12/site-packages/airflow/example_dags/example_python_decorator.py took 0.051 seconds
[2024-12-22T01:48:23.563+0000] {processor.py:161} INFO - Started process (PID=1642) to work on /home/airflow/.local/lib/python3.12/site-packages/airflow/example_dags/example_python_decorator.py
[2024-12-22T01:48:23.564+0000] {processor.py:830} INFO - Processing file /home/airflow/.local/lib/python3.12/site-packages/airflow/example_dags/example_python_decorator.py for tasks to queue
[2024-12-22T01:48:23.566+0000] {logging_mixin.py:188} INFO - [2024-12-22T01:48:23.566+0000] {dagbag.py:545} INFO - Filling up the DagBag from /home/airflow/.local/lib/python3.12/site-packages/airflow/example_dags/example_python_decorator.py
[2024-12-22T01:48:23.574+0000] {processor.py:840} INFO - DAG(s) 'example_python_decorator' retrieved from /home/airflow/.local/lib/python3.12/site-packages/airflow/example_dags/example_python_decorator.py
[2024-12-22T01:48:23.589+0000] {logging_mixin.py:188} INFO - [2024-12-22T01:48:23.589+0000] {dag.py:3089} INFO - Sync 1 DAGs
[2024-12-22T01:48:23.597+0000] {logging_mixin.py:188} INFO - [2024-12-22T01:48:23.597+0000] {dag.py:3947} INFO - Setting next_dagrun for example_python_decorator to None, run_after=None
[2024-12-22T01:48:23.608+0000] {processor.py:183} INFO - Processing /home/airflow/.local/lib/python3.12/site-packages/airflow/example_dags/example_python_decorator.py took 0.050 seconds
[2024-12-22T01:48:53.668+0000] {processor.py:161} INFO - Started process (PID=1919) to work on /home/airflow/.local/lib/python3.12/site-packages/airflow/example_dags/example_python_decorator.py
[2024-12-22T01:48:53.669+0000] {processor.py:830} INFO - Processing file /home/airflow/.local/lib/python3.12/site-packages/airflow/example_dags/example_python_decorator.py for tasks to queue
[2024-12-22T01:48:53.670+0000] {logging_mixin.py:188} INFO - [2024-12-22T01:48:53.670+0000] {dagbag.py:545} INFO - Filling up the DagBag from /home/airflow/.local/lib/python3.12/site-packages/airflow/example_dags/example_python_decorator.py
[2024-12-22T01:48:53.677+0000] {processor.py:840} INFO - DAG(s) 'example_python_decorator' retrieved from /home/airflow/.local/lib/python3.12/site-packages/airflow/example_dags/example_python_decorator.py
[2024-12-22T01:48:53.691+0000] {logging_mixin.py:188} INFO - [2024-12-22T01:48:53.691+0000] {dag.py:3089} INFO - Sync 1 DAGs
[2024-12-22T01:48:53.698+0000] {logging_mixin.py:188} INFO - [2024-12-22T01:48:53.698+0000] {dag.py:3947} INFO - Setting next_dagrun for example_python_decorator to None, run_after=None
[2024-12-22T01:48:53.708+0000] {processor.py:183} INFO - Processing /home/airflow/.local/lib/python3.12/site-packages/airflow/example_dags/example_python_decorator.py took 0.044 seconds
[2024-12-22T01:49:24.406+0000] {processor.py:161} INFO - Started process (PID=2194) to work on /home/airflow/.local/lib/python3.12/site-packages/airflow/example_dags/example_python_decorator.py
[2024-12-22T01:49:24.407+0000] {processor.py:830} INFO - Processing file /home/airflow/.local/lib/python3.12/site-packages/airflow/example_dags/example_python_decorator.py for tasks to queue
[2024-12-22T01:49:24.408+0000] {logging_mixin.py:188} INFO - [2024-12-22T01:49:24.408+0000] {dagbag.py:545} INFO - Filling up the DagBag from /home/airflow/.local/lib/python3.12/site-packages/airflow/example_dags/example_python_decorator.py
[2024-12-22T01:49:24.416+0000] {processor.py:840} INFO - DAG(s) 'example_python_decorator' retrieved from /home/airflow/.local/lib/python3.12/site-packages/airflow/example_dags/example_python_decorator.py
[2024-12-22T01:49:24.431+0000] {logging_mixin.py:188} INFO - [2024-12-22T01:49:24.431+0000] {dag.py:3089} INFO - Sync 1 DAGs
[2024-12-22T01:49:24.438+0000] {logging_mixin.py:188} INFO - [2024-12-22T01:49:24.438+0000] {dag.py:3947} INFO - Setting next_dagrun for example_python_decorator to None, run_after=None
[2024-12-22T01:49:24.451+0000] {processor.py:183} INFO - Processing /home/airflow/.local/lib/python3.12/site-packages/airflow/example_dags/example_python_decorator.py took 0.048 seconds
[2024-12-22T01:49:54.747+0000] {processor.py:161} INFO - Started process (PID=2473) to work on /home/airflow/.local/lib/python3.12/site-packages/airflow/example_dags/example_python_decorator.py
[2024-12-22T01:49:54.747+0000] {processor.py:830} INFO - Processing file /home/airflow/.local/lib/python3.12/site-packages/airflow/example_dags/example_python_decorator.py for tasks to queue
[2024-12-22T01:49:54.748+0000] {logging_mixin.py:188} INFO - [2024-12-22T01:49:54.748+0000] {dagbag.py:545} INFO - Filling up the DagBag from /home/airflow/.local/lib/python3.12/site-packages/airflow/example_dags/example_python_decorator.py
[2024-12-22T01:49:54.756+0000] {processor.py:840} INFO - DAG(s) 'example_python_decorator' retrieved from /home/airflow/.local/lib/python3.12/site-packages/airflow/example_dags/example_python_decorator.py
[2024-12-22T01:49:54.770+0000] {logging_mixin.py:188} INFO - [2024-12-22T01:49:54.770+0000] {dag.py:3089} INFO - Sync 1 DAGs
[2024-12-22T01:49:54.776+0000] {logging_mixin.py:188} INFO - [2024-12-22T01:49:54.776+0000] {dag.py:3947} INFO - Setting next_dagrun for example_python_decorator to None, run_after=None
[2024-12-22T01:49:54.787+0000] {processor.py:183} INFO - Processing /home/airflow/.local/lib/python3.12/site-packages/airflow/example_dags/example_python_decorator.py took 0.044 seconds
[2024-12-22T01:50:25.501+0000] {processor.py:161} INFO - Started process (PID=2748) to work on /home/airflow/.local/lib/python3.12/site-packages/airflow/example_dags/example_python_decorator.py
[2024-12-22T01:50:25.502+0000] {processor.py:830} INFO - Processing file /home/airflow/.local/lib/python3.12/site-packages/airflow/example_dags/example_python_decorator.py for tasks to queue
[2024-12-22T01:50:25.503+0000] {logging_mixin.py:188} INFO - [2024-12-22T01:50:25.503+0000] {dagbag.py:545} INFO - Filling up the DagBag from /home/airflow/.local/lib/python3.12/site-packages/airflow/example_dags/example_python_decorator.py
[2024-12-22T01:50:25.510+0000] {processor.py:840} INFO - DAG(s) 'example_python_decorator' retrieved from /home/airflow/.local/lib/python3.12/site-packages/airflow/example_dags/example_python_decorator.py
[2024-12-22T01:50:25.524+0000] {logging_mixin.py:188} INFO - [2024-12-22T01:50:25.524+0000] {dag.py:3089} INFO - Sync 1 DAGs
[2024-12-22T01:50:25.532+0000] {logging_mixin.py:188} INFO - [2024-12-22T01:50:25.532+0000] {dag.py:3947} INFO - Setting next_dagrun for example_python_decorator to None, run_after=None
[2024-12-22T01:50:25.544+0000] {processor.py:183} INFO - Processing /home/airflow/.local/lib/python3.12/site-packages/airflow/example_dags/example_python_decorator.py took 0.046 seconds
[2024-12-22T01:50:58.385+0000] {processor.py:161} INFO - Started process (PID=3025) to work on /home/airflow/.local/lib/python3.12/site-packages/airflow/example_dags/example_python_decorator.py
[2024-12-22T01:50:58.386+0000] {processor.py:830} INFO - Processing file /home/airflow/.local/lib/python3.12/site-packages/airflow/example_dags/example_python_decorator.py for tasks to queue
[2024-12-22T01:50:58.388+0000] {logging_mixin.py:188} INFO - [2024-12-22T01:50:58.387+0000] {dagbag.py:545} INFO - Filling up the DagBag from /home/airflow/.local/lib/python3.12/site-packages/airflow/example_dags/example_python_decorator.py
[2024-12-22T01:50:58.395+0000] {processor.py:840} INFO - DAG(s) 'example_python_decorator' retrieved from /home/airflow/.local/lib/python3.12/site-packages/airflow/example_dags/example_python_decorator.py
[2024-12-22T01:50:58.409+0000] {logging_mixin.py:188} INFO - [2024-12-22T01:50:58.409+0000] {dag.py:3089} INFO - Sync 1 DAGs
[2024-12-22T01:50:58.416+0000] {logging_mixin.py:188} INFO - [2024-12-22T01:50:58.416+0000] {dag.py:3947} INFO - Setting next_dagrun for example_python_decorator to None, run_after=None
[2024-12-22T01:50:58.427+0000] {processor.py:183} INFO - Processing /home/airflow/.local/lib/python3.12/site-packages/airflow/example_dags/example_python_decorator.py took 0.047 seconds
[2024-12-22T01:51:31.494+0000] {processor.py:161} INFO - Started process (PID=3302) to work on /home/airflow/.local/lib/python3.12/site-packages/airflow/example_dags/example_python_decorator.py
[2024-12-22T01:51:31.495+0000] {processor.py:830} INFO - Processing file /home/airflow/.local/lib/python3.12/site-packages/airflow/example_dags/example_python_decorator.py for tasks to queue
[2024-12-22T01:51:31.496+0000] {logging_mixin.py:188} INFO - [2024-12-22T01:51:31.496+0000] {dagbag.py:545} INFO - Filling up the DagBag from /home/airflow/.local/lib/python3.12/site-packages/airflow/example_dags/example_python_decorator.py
[2024-12-22T01:51:31.503+0000] {processor.py:840} INFO - DAG(s) 'example_python_decorator' retrieved from /home/airflow/.local/lib/python3.12/site-packages/airflow/example_dags/example_python_decorator.py
[2024-12-22T01:51:31.517+0000] {logging_mixin.py:188} INFO - [2024-12-22T01:51:31.517+0000] {dag.py:3089} INFO - Sync 1 DAGs
[2024-12-22T01:51:31.526+0000] {logging_mixin.py:188} INFO - [2024-12-22T01:51:31.525+0000] {dag.py:3947} INFO - Setting next_dagrun for example_python_decorator to None, run_after=None
[2024-12-22T01:51:31.537+0000] {processor.py:183} INFO - Processing /home/airflow/.local/lib/python3.12/site-packages/airflow/example_dags/example_python_decorator.py took 0.046 seconds
[2024-12-22T01:52:02.042+0000] {processor.py:161} INFO - Started process (PID=3579) to work on /home/airflow/.local/lib/python3.12/site-packages/airflow/example_dags/example_python_decorator.py
[2024-12-22T01:52:02.043+0000] {processor.py:830} INFO - Processing file /home/airflow/.local/lib/python3.12/site-packages/airflow/example_dags/example_python_decorator.py for tasks to queue
[2024-12-22T01:52:02.044+0000] {logging_mixin.py:188} INFO - [2024-12-22T01:52:02.044+0000] {dagbag.py:545} INFO - Filling up the DagBag from /home/airflow/.local/lib/python3.12/site-packages/airflow/example_dags/example_python_decorator.py
[2024-12-22T01:52:02.052+0000] {processor.py:840} INFO - DAG(s) 'example_python_decorator' retrieved from /home/airflow/.local/lib/python3.12/site-packages/airflow/example_dags/example_python_decorator.py
[2024-12-22T01:52:02.067+0000] {logging_mixin.py:188} INFO - [2024-12-22T01:52:02.067+0000] {dag.py:3089} INFO - Sync 1 DAGs
[2024-12-22T01:52:02.075+0000] {logging_mixin.py:188} INFO - [2024-12-22T01:52:02.074+0000] {dag.py:3947} INFO - Setting next_dagrun for example_python_decorator to None, run_after=None
[2024-12-22T01:52:02.085+0000] {processor.py:183} INFO - Processing /home/airflow/.local/lib/python3.12/site-packages/airflow/example_dags/example_python_decorator.py took 0.048 seconds
[2024-12-22T01:52:32.565+0000] {processor.py:161} INFO - Started process (PID=3856) to work on /home/airflow/.local/lib/python3.12/site-packages/airflow/example_dags/example_python_decorator.py
[2024-12-22T01:52:32.565+0000] {processor.py:830} INFO - Processing file /home/airflow/.local/lib/python3.12/site-packages/airflow/example_dags/example_python_decorator.py for tasks to queue
[2024-12-22T01:52:32.566+0000] {logging_mixin.py:188} INFO - [2024-12-22T01:52:32.566+0000] {dagbag.py:545} INFO - Filling up the DagBag from /home/airflow/.local/lib/python3.12/site-packages/airflow/example_dags/example_python_decorator.py
[2024-12-22T01:52:32.576+0000] {processor.py:840} INFO - DAG(s) 'example_python_decorator' retrieved from /home/airflow/.local/lib/python3.12/site-packages/airflow/example_dags/example_python_decorator.py
[2024-12-22T01:52:32.591+0000] {logging_mixin.py:188} INFO - [2024-12-22T01:52:32.591+0000] {dag.py:3089} INFO - Sync 1 DAGs
[2024-12-22T01:52:32.598+0000] {logging_mixin.py:188} INFO - [2024-12-22T01:52:32.598+0000] {dag.py:3947} INFO - Setting next_dagrun for example_python_decorator to None, run_after=None
[2024-12-22T01:52:32.611+0000] {processor.py:183} INFO - Processing /home/airflow/.local/lib/python3.12/site-packages/airflow/example_dags/example_python_decorator.py took 0.050 seconds
[2024-12-22T01:53:03.512+0000] {processor.py:161} INFO - Started process (PID=4133) to work on /home/airflow/.local/lib/python3.12/site-packages/airflow/example_dags/example_python_decorator.py
[2024-12-22T01:53:03.512+0000] {processor.py:830} INFO - Processing file /home/airflow/.local/lib/python3.12/site-packages/airflow/example_dags/example_python_decorator.py for tasks to queue
[2024-12-22T01:53:03.514+0000] {logging_mixin.py:188} INFO - [2024-12-22T01:53:03.514+0000] {dagbag.py:545} INFO - Filling up the DagBag from /home/airflow/.local/lib/python3.12/site-packages/airflow/example_dags/example_python_decorator.py
[2024-12-22T01:53:03.523+0000] {processor.py:840} INFO - DAG(s) 'example_python_decorator' retrieved from /home/airflow/.local/lib/python3.12/site-packages/airflow/example_dags/example_python_decorator.py
[2024-12-22T01:53:03.542+0000] {logging_mixin.py:188} INFO - [2024-12-22T01:53:03.542+0000] {dag.py:3089} INFO - Sync 1 DAGs
[2024-12-22T01:53:03.550+0000] {logging_mixin.py:188} INFO - [2024-12-22T01:53:03.550+0000] {dag.py:3947} INFO - Setting next_dagrun for example_python_decorator to None, run_after=None
[2024-12-22T01:53:03.561+0000] {processor.py:183} INFO - Processing /home/airflow/.local/lib/python3.12/site-packages/airflow/example_dags/example_python_decorator.py took 0.054 seconds
[2024-12-22T01:53:35.131+0000] {processor.py:161} INFO - Started process (PID=4411) to work on /home/airflow/.local/lib/python3.12/site-packages/airflow/example_dags/example_python_decorator.py
[2024-12-22T01:53:35.132+0000] {processor.py:830} INFO - Processing file /home/airflow/.local/lib/python3.12/site-packages/airflow/example_dags/example_python_decorator.py for tasks to queue
[2024-12-22T01:53:35.133+0000] {logging_mixin.py:188} INFO - [2024-12-22T01:53:35.133+0000] {dagbag.py:545} INFO - Filling up the DagBag from /home/airflow/.local/lib/python3.12/site-packages/airflow/example_dags/example_python_decorator.py
[2024-12-22T01:53:35.142+0000] {processor.py:840} INFO - DAG(s) 'example_python_decorator' retrieved from /home/airflow/.local/lib/python3.12/site-packages/airflow/example_dags/example_python_decorator.py
[2024-12-22T01:53:35.157+0000] {logging_mixin.py:188} INFO - [2024-12-22T01:53:35.157+0000] {dag.py:3089} INFO - Sync 1 DAGs
[2024-12-22T01:53:35.166+0000] {logging_mixin.py:188} INFO - [2024-12-22T01:53:35.166+0000] {dag.py:3947} INFO - Setting next_dagrun for example_python_decorator to None, run_after=None
[2024-12-22T01:53:35.179+0000] {processor.py:183} INFO - Processing /home/airflow/.local/lib/python3.12/site-packages/airflow/example_dags/example_python_decorator.py took 0.052 seconds
[2024-12-22T01:54:07.140+0000] {processor.py:161} INFO - Started process (PID=4688) to work on /home/airflow/.local/lib/python3.12/site-packages/airflow/example_dags/example_python_decorator.py
[2024-12-22T01:54:07.141+0000] {processor.py:830} INFO - Processing file /home/airflow/.local/lib/python3.12/site-packages/airflow/example_dags/example_python_decorator.py for tasks to queue
[2024-12-22T01:54:07.142+0000] {logging_mixin.py:188} INFO - [2024-12-22T01:54:07.142+0000] {dagbag.py:545} INFO - Filling up the DagBag from /home/airflow/.local/lib/python3.12/site-packages/airflow/example_dags/example_python_decorator.py
[2024-12-22T01:54:07.149+0000] {processor.py:840} INFO - DAG(s) 'example_python_decorator' retrieved from /home/airflow/.local/lib/python3.12/site-packages/airflow/example_dags/example_python_decorator.py
[2024-12-22T01:54:07.162+0000] {logging_mixin.py:188} INFO - [2024-12-22T01:54:07.162+0000] {dag.py:3089} INFO - Sync 1 DAGs
[2024-12-22T01:54:07.169+0000] {logging_mixin.py:188} INFO - [2024-12-22T01:54:07.169+0000] {dag.py:3947} INFO - Setting next_dagrun for example_python_decorator to None, run_after=None
[2024-12-22T01:54:07.179+0000] {processor.py:183} INFO - Processing /home/airflow/.local/lib/python3.12/site-packages/airflow/example_dags/example_python_decorator.py took 0.043 seconds
[2024-12-22T01:54:40.147+0000] {processor.py:161} INFO - Started process (PID=4965) to work on /home/airflow/.local/lib/python3.12/site-packages/airflow/example_dags/example_python_decorator.py
[2024-12-22T01:54:40.147+0000] {processor.py:830} INFO - Processing file /home/airflow/.local/lib/python3.12/site-packages/airflow/example_dags/example_python_decorator.py for tasks to queue
[2024-12-22T01:54:40.149+0000] {logging_mixin.py:188} INFO - [2024-12-22T01:54:40.148+0000] {dagbag.py:545} INFO - Filling up the DagBag from /home/airflow/.local/lib/python3.12/site-packages/airflow/example_dags/example_python_decorator.py
[2024-12-22T01:54:40.156+0000] {processor.py:840} INFO - DAG(s) 'example_python_decorator' retrieved from /home/airflow/.local/lib/python3.12/site-packages/airflow/example_dags/example_python_decorator.py
[2024-12-22T01:54:40.169+0000] {logging_mixin.py:188} INFO - [2024-12-22T01:54:40.169+0000] {dag.py:3089} INFO - Sync 1 DAGs
[2024-12-22T01:54:40.176+0000] {logging_mixin.py:188} INFO - [2024-12-22T01:54:40.176+0000] {dag.py:3947} INFO - Setting next_dagrun for example_python_decorator to None, run_after=None
[2024-12-22T01:54:40.187+0000] {processor.py:183} INFO - Processing /home/airflow/.local/lib/python3.12/site-packages/airflow/example_dags/example_python_decorator.py took 0.044 seconds
[2024-12-22T01:55:12.996+0000] {processor.py:161} INFO - Started process (PID=5242) to work on /home/airflow/.local/lib/python3.12/site-packages/airflow/example_dags/example_python_decorator.py
[2024-12-22T01:55:12.997+0000] {processor.py:830} INFO - Processing file /home/airflow/.local/lib/python3.12/site-packages/airflow/example_dags/example_python_decorator.py for tasks to queue
[2024-12-22T01:55:12.998+0000] {logging_mixin.py:188} INFO - [2024-12-22T01:55:12.998+0000] {dagbag.py:545} INFO - Filling up the DagBag from /home/airflow/.local/lib/python3.12/site-packages/airflow/example_dags/example_python_decorator.py
[2024-12-22T01:55:13.006+0000] {processor.py:840} INFO - DAG(s) 'example_python_decorator' retrieved from /home/airflow/.local/lib/python3.12/site-packages/airflow/example_dags/example_python_decorator.py
[2024-12-22T01:55:13.019+0000] {logging_mixin.py:188} INFO - [2024-12-22T01:55:13.019+0000] {dag.py:3089} INFO - Sync 1 DAGs
[2024-12-22T01:55:13.025+0000] {logging_mixin.py:188} INFO - [2024-12-22T01:55:13.025+0000] {dag.py:3947} INFO - Setting next_dagrun for example_python_decorator to None, run_after=None
[2024-12-22T01:55:13.035+0000] {processor.py:183} INFO - Processing /home/airflow/.local/lib/python3.12/site-packages/airflow/example_dags/example_python_decorator.py took 0.044 seconds
[2024-12-22T01:55:43.700+0000] {processor.py:161} INFO - Started process (PID=5519) to work on /home/airflow/.local/lib/python3.12/site-packages/airflow/example_dags/example_python_decorator.py
[2024-12-22T01:55:43.701+0000] {processor.py:830} INFO - Processing file /home/airflow/.local/lib/python3.12/site-packages/airflow/example_dags/example_python_decorator.py for tasks to queue
[2024-12-22T01:55:43.702+0000] {logging_mixin.py:188} INFO - [2024-12-22T01:55:43.702+0000] {dagbag.py:545} INFO - Filling up the DagBag from /home/airflow/.local/lib/python3.12/site-packages/airflow/example_dags/example_python_decorator.py
[2024-12-22T01:55:43.711+0000] {processor.py:840} INFO - DAG(s) 'example_python_decorator' retrieved from /home/airflow/.local/lib/python3.12/site-packages/airflow/example_dags/example_python_decorator.py
[2024-12-22T01:55:43.725+0000] {logging_mixin.py:188} INFO - [2024-12-22T01:55:43.725+0000] {dag.py:3089} INFO - Sync 1 DAGs
[2024-12-22T01:55:43.732+0000] {logging_mixin.py:188} INFO - [2024-12-22T01:55:43.732+0000] {dag.py:3947} INFO - Setting next_dagrun for example_python_decorator to None, run_after=None
[2024-12-22T01:55:43.743+0000] {processor.py:183} INFO - Processing /home/airflow/.local/lib/python3.12/site-packages/airflow/example_dags/example_python_decorator.py took 0.047 seconds
[2024-12-22T01:56:15.191+0000] {processor.py:161} INFO - Started process (PID=5796) to work on /home/airflow/.local/lib/python3.12/site-packages/airflow/example_dags/example_python_decorator.py
[2024-12-22T01:56:15.192+0000] {processor.py:830} INFO - Processing file /home/airflow/.local/lib/python3.12/site-packages/airflow/example_dags/example_python_decorator.py for tasks to queue
[2024-12-22T01:56:15.193+0000] {logging_mixin.py:188} INFO - [2024-12-22T01:56:15.193+0000] {dagbag.py:545} INFO - Filling up the DagBag from /home/airflow/.local/lib/python3.12/site-packages/airflow/example_dags/example_python_decorator.py
[2024-12-22T01:56:15.200+0000] {processor.py:840} INFO - DAG(s) 'example_python_decorator' retrieved from /home/airflow/.local/lib/python3.12/site-packages/airflow/example_dags/example_python_decorator.py
[2024-12-22T01:56:15.214+0000] {logging_mixin.py:188} INFO - [2024-12-22T01:56:15.214+0000] {dag.py:3089} INFO - Sync 1 DAGs
[2024-12-22T01:56:15.222+0000] {logging_mixin.py:188} INFO - [2024-12-22T01:56:15.222+0000] {dag.py:3947} INFO - Setting next_dagrun for example_python_decorator to None, run_after=None
[2024-12-22T01:56:15.233+0000] {processor.py:183} INFO - Processing /home/airflow/.local/lib/python3.12/site-packages/airflow/example_dags/example_python_decorator.py took 0.046 seconds
[2024-12-22T01:56:45.615+0000] {processor.py:161} INFO - Started process (PID=6073) to work on /home/airflow/.local/lib/python3.12/site-packages/airflow/example_dags/example_python_decorator.py
[2024-12-22T01:56:45.615+0000] {processor.py:830} INFO - Processing file /home/airflow/.local/lib/python3.12/site-packages/airflow/example_dags/example_python_decorator.py for tasks to queue
[2024-12-22T01:56:45.617+0000] {logging_mixin.py:188} INFO - [2024-12-22T01:56:45.616+0000] {dagbag.py:545} INFO - Filling up the DagBag from /home/airflow/.local/lib/python3.12/site-packages/airflow/example_dags/example_python_decorator.py
[2024-12-22T01:56:45.625+0000] {processor.py:840} INFO - DAG(s) 'example_python_decorator' retrieved from /home/airflow/.local/lib/python3.12/site-packages/airflow/example_dags/example_python_decorator.py
[2024-12-22T01:56:45.640+0000] {logging_mixin.py:188} INFO - [2024-12-22T01:56:45.640+0000] {dag.py:3089} INFO - Sync 1 DAGs
[2024-12-22T01:56:45.647+0000] {logging_mixin.py:188} INFO - [2024-12-22T01:56:45.647+0000] {dag.py:3947} INFO - Setting next_dagrun for example_python_decorator to None, run_after=None
[2024-12-22T01:56:45.658+0000] {processor.py:183} INFO - Processing /home/airflow/.local/lib/python3.12/site-packages/airflow/example_dags/example_python_decorator.py took 0.047 seconds
[2024-12-22T01:57:16.284+0000] {processor.py:161} INFO - Started process (PID=6351) to work on /home/airflow/.local/lib/python3.12/site-packages/airflow/example_dags/example_python_decorator.py
[2024-12-22T01:57:16.284+0000] {processor.py:830} INFO - Processing file /home/airflow/.local/lib/python3.12/site-packages/airflow/example_dags/example_python_decorator.py for tasks to queue
[2024-12-22T01:57:16.286+0000] {logging_mixin.py:188} INFO - [2024-12-22T01:57:16.285+0000] {dagbag.py:545} INFO - Filling up the DagBag from /home/airflow/.local/lib/python3.12/site-packages/airflow/example_dags/example_python_decorator.py
[2024-12-22T01:57:16.292+0000] {processor.py:840} INFO - DAG(s) 'example_python_decorator' retrieved from /home/airflow/.local/lib/python3.12/site-packages/airflow/example_dags/example_python_decorator.py
[2024-12-22T01:57:16.305+0000] {logging_mixin.py:188} INFO - [2024-12-22T01:57:16.305+0000] {dag.py:3089} INFO - Sync 1 DAGs
[2024-12-22T01:57:16.312+0000] {logging_mixin.py:188} INFO - [2024-12-22T01:57:16.312+0000] {dag.py:3947} INFO - Setting next_dagrun for example_python_decorator to None, run_after=None
[2024-12-22T01:57:16.323+0000] {processor.py:183} INFO - Processing /home/airflow/.local/lib/python3.12/site-packages/airflow/example_dags/example_python_decorator.py took 0.042 seconds
[2024-12-22T01:57:49.249+0000] {processor.py:161} INFO - Started process (PID=6628) to work on /home/airflow/.local/lib/python3.12/site-packages/airflow/example_dags/example_python_decorator.py
[2024-12-22T01:57:49.250+0000] {processor.py:830} INFO - Processing file /home/airflow/.local/lib/python3.12/site-packages/airflow/example_dags/example_python_decorator.py for tasks to queue
[2024-12-22T01:57:49.252+0000] {logging_mixin.py:188} INFO - [2024-12-22T01:57:49.251+0000] {dagbag.py:545} INFO - Filling up the DagBag from /home/airflow/.local/lib/python3.12/site-packages/airflow/example_dags/example_python_decorator.py
[2024-12-22T01:57:49.260+0000] {processor.py:840} INFO - DAG(s) 'example_python_decorator' retrieved from /home/airflow/.local/lib/python3.12/site-packages/airflow/example_dags/example_python_decorator.py
[2024-12-22T01:57:49.274+0000] {logging_mixin.py:188} INFO - [2024-12-22T01:57:49.274+0000] {dag.py:3089} INFO - Sync 1 DAGs
[2024-12-22T01:57:49.280+0000] {logging_mixin.py:188} INFO - [2024-12-22T01:57:49.280+0000] {dag.py:3947} INFO - Setting next_dagrun for example_python_decorator to None, run_after=None
[2024-12-22T01:57:49.290+0000] {processor.py:183} INFO - Processing /home/airflow/.local/lib/python3.12/site-packages/airflow/example_dags/example_python_decorator.py took 0.045 seconds
[2024-12-22T01:58:21.552+0000] {processor.py:161} INFO - Started process (PID=6905) to work on /home/airflow/.local/lib/python3.12/site-packages/airflow/example_dags/example_python_decorator.py
[2024-12-22T01:58:21.553+0000] {processor.py:830} INFO - Processing file /home/airflow/.local/lib/python3.12/site-packages/airflow/example_dags/example_python_decorator.py for tasks to queue
[2024-12-22T01:58:21.554+0000] {logging_mixin.py:188} INFO - [2024-12-22T01:58:21.554+0000] {dagbag.py:545} INFO - Filling up the DagBag from /home/airflow/.local/lib/python3.12/site-packages/airflow/example_dags/example_python_decorator.py
[2024-12-22T01:58:21.561+0000] {processor.py:840} INFO - DAG(s) 'example_python_decorator' retrieved from /home/airflow/.local/lib/python3.12/site-packages/airflow/example_dags/example_python_decorator.py
[2024-12-22T01:58:21.575+0000] {logging_mixin.py:188} INFO - [2024-12-22T01:58:21.575+0000] {dag.py:3089} INFO - Sync 1 DAGs
[2024-12-22T01:58:21.587+0000] {logging_mixin.py:188} INFO - [2024-12-22T01:58:21.587+0000] {dag.py:3947} INFO - Setting next_dagrun for example_python_decorator to None, run_after=None
[2024-12-22T01:58:21.597+0000] {processor.py:183} INFO - Processing /home/airflow/.local/lib/python3.12/site-packages/airflow/example_dags/example_python_decorator.py took 0.048 seconds
[2024-12-22T01:58:54.583+0000] {processor.py:161} INFO - Started process (PID=7183) to work on /home/airflow/.local/lib/python3.12/site-packages/airflow/example_dags/example_python_decorator.py
[2024-12-22T01:58:54.584+0000] {processor.py:830} INFO - Processing file /home/airflow/.local/lib/python3.12/site-packages/airflow/example_dags/example_python_decorator.py for tasks to queue
[2024-12-22T01:58:54.588+0000] {logging_mixin.py:188} INFO - [2024-12-22T01:58:54.587+0000] {dagbag.py:545} INFO - Filling up the DagBag from /home/airflow/.local/lib/python3.12/site-packages/airflow/example_dags/example_python_decorator.py
[2024-12-22T01:58:54.603+0000] {processor.py:840} INFO - DAG(s) 'example_python_decorator' retrieved from /home/airflow/.local/lib/python3.12/site-packages/airflow/example_dags/example_python_decorator.py
[2024-12-22T01:58:54.636+0000] {logging_mixin.py:188} INFO - [2024-12-22T01:58:54.636+0000] {dag.py:3089} INFO - Sync 1 DAGs
[2024-12-22T01:58:54.655+0000] {logging_mixin.py:188} INFO - [2024-12-22T01:58:54.655+0000] {dag.py:3947} INFO - Setting next_dagrun for example_python_decorator to None, run_after=None
[2024-12-22T01:58:54.668+0000] {processor.py:183} INFO - Processing /home/airflow/.local/lib/python3.12/site-packages/airflow/example_dags/example_python_decorator.py took 0.093 seconds
[2024-12-22T01:59:25.428+0000] {processor.py:161} INFO - Started process (PID=7459) to work on /home/airflow/.local/lib/python3.12/site-packages/airflow/example_dags/example_python_decorator.py
[2024-12-22T01:59:25.429+0000] {processor.py:830} INFO - Processing file /home/airflow/.local/lib/python3.12/site-packages/airflow/example_dags/example_python_decorator.py for tasks to queue
[2024-12-22T01:59:25.431+0000] {logging_mixin.py:188} INFO - [2024-12-22T01:59:25.430+0000] {dagbag.py:545} INFO - Filling up the DagBag from /home/airflow/.local/lib/python3.12/site-packages/airflow/example_dags/example_python_decorator.py
[2024-12-22T01:59:25.439+0000] {processor.py:840} INFO - DAG(s) 'example_python_decorator' retrieved from /home/airflow/.local/lib/python3.12/site-packages/airflow/example_dags/example_python_decorator.py
[2024-12-22T01:59:25.454+0000] {logging_mixin.py:188} INFO - [2024-12-22T01:59:25.453+0000] {dag.py:3089} INFO - Sync 1 DAGs
[2024-12-22T01:59:25.460+0000] {logging_mixin.py:188} INFO - [2024-12-22T01:59:25.460+0000] {dag.py:3947} INFO - Setting next_dagrun for example_python_decorator to None, run_after=None
[2024-12-22T01:59:25.472+0000] {processor.py:183} INFO - Processing /home/airflow/.local/lib/python3.12/site-packages/airflow/example_dags/example_python_decorator.py took 0.047 seconds
[2024-12-22T01:59:56.099+0000] {processor.py:161} INFO - Started process (PID=7736) to work on /home/airflow/.local/lib/python3.12/site-packages/airflow/example_dags/example_python_decorator.py
[2024-12-22T01:59:56.100+0000] {processor.py:830} INFO - Processing file /home/airflow/.local/lib/python3.12/site-packages/airflow/example_dags/example_python_decorator.py for tasks to queue
[2024-12-22T01:59:56.101+0000] {logging_mixin.py:188} INFO - [2024-12-22T01:59:56.101+0000] {dagbag.py:545} INFO - Filling up the DagBag from /home/airflow/.local/lib/python3.12/site-packages/airflow/example_dags/example_python_decorator.py
[2024-12-22T01:59:56.109+0000] {processor.py:840} INFO - DAG(s) 'example_python_decorator' retrieved from /home/airflow/.local/lib/python3.12/site-packages/airflow/example_dags/example_python_decorator.py
[2024-12-22T01:59:56.123+0000] {logging_mixin.py:188} INFO - [2024-12-22T01:59:56.123+0000] {dag.py:3089} INFO - Sync 1 DAGs
[2024-12-22T01:59:56.130+0000] {logging_mixin.py:188} INFO - [2024-12-22T01:59:56.129+0000] {dag.py:3947} INFO - Setting next_dagrun for example_python_decorator to None, run_after=None
[2024-12-22T01:59:56.139+0000] {processor.py:183} INFO - Processing /home/airflow/.local/lib/python3.12/site-packages/airflow/example_dags/example_python_decorator.py took 0.044 seconds
[2024-12-22T02:00:27.307+0000] {processor.py:161} INFO - Started process (PID=8013) to work on /home/airflow/.local/lib/python3.12/site-packages/airflow/example_dags/example_python_decorator.py
[2024-12-22T02:00:27.307+0000] {processor.py:830} INFO - Processing file /home/airflow/.local/lib/python3.12/site-packages/airflow/example_dags/example_python_decorator.py for tasks to queue
[2024-12-22T02:00:27.308+0000] {logging_mixin.py:188} INFO - [2024-12-22T02:00:27.308+0000] {dagbag.py:545} INFO - Filling up the DagBag from /home/airflow/.local/lib/python3.12/site-packages/airflow/example_dags/example_python_decorator.py
[2024-12-22T02:00:27.316+0000] {processor.py:840} INFO - DAG(s) 'example_python_decorator' retrieved from /home/airflow/.local/lib/python3.12/site-packages/airflow/example_dags/example_python_decorator.py
[2024-12-22T02:00:27.336+0000] {logging_mixin.py:188} INFO - [2024-12-22T02:00:27.336+0000] {dag.py:3089} INFO - Sync 1 DAGs
[2024-12-22T02:00:27.343+0000] {logging_mixin.py:188} INFO - [2024-12-22T02:00:27.343+0000] {dag.py:3947} INFO - Setting next_dagrun for example_python_decorator to None, run_after=None
[2024-12-22T02:00:27.354+0000] {processor.py:183} INFO - Processing /home/airflow/.local/lib/python3.12/site-packages/airflow/example_dags/example_python_decorator.py took 0.051 seconds
[2024-12-22T02:00:57.756+0000] {processor.py:161} INFO - Started process (PID=8292) to work on /home/airflow/.local/lib/python3.12/site-packages/airflow/example_dags/example_python_decorator.py
[2024-12-22T02:00:57.756+0000] {processor.py:830} INFO - Processing file /home/airflow/.local/lib/python3.12/site-packages/airflow/example_dags/example_python_decorator.py for tasks to queue
[2024-12-22T02:00:57.757+0000] {logging_mixin.py:188} INFO - [2024-12-22T02:00:57.757+0000] {dagbag.py:545} INFO - Filling up the DagBag from /home/airflow/.local/lib/python3.12/site-packages/airflow/example_dags/example_python_decorator.py
[2024-12-22T02:00:57.765+0000] {processor.py:840} INFO - DAG(s) 'example_python_decorator' retrieved from /home/airflow/.local/lib/python3.12/site-packages/airflow/example_dags/example_python_decorator.py
[2024-12-22T02:00:57.778+0000] {logging_mixin.py:188} INFO - [2024-12-22T02:00:57.777+0000] {dag.py:3089} INFO - Sync 1 DAGs
[2024-12-22T02:00:57.784+0000] {logging_mixin.py:188} INFO - [2024-12-22T02:00:57.784+0000] {dag.py:3947} INFO - Setting next_dagrun for example_python_decorator to None, run_after=None
[2024-12-22T02:00:57.795+0000] {processor.py:183} INFO - Processing /home/airflow/.local/lib/python3.12/site-packages/airflow/example_dags/example_python_decorator.py took 0.043 seconds
[2024-12-22T02:01:30.795+0000] {processor.py:161} INFO - Started process (PID=8567) to work on /home/airflow/.local/lib/python3.12/site-packages/airflow/example_dags/example_python_decorator.py
[2024-12-22T02:01:30.795+0000] {processor.py:830} INFO - Processing file /home/airflow/.local/lib/python3.12/site-packages/airflow/example_dags/example_python_decorator.py for tasks to queue
[2024-12-22T02:01:30.796+0000] {logging_mixin.py:188} INFO - [2024-12-22T02:01:30.796+0000] {dagbag.py:545} INFO - Filling up the DagBag from /home/airflow/.local/lib/python3.12/site-packages/airflow/example_dags/example_python_decorator.py
[2024-12-22T02:01:30.803+0000] {processor.py:840} INFO - DAG(s) 'example_python_decorator' retrieved from /home/airflow/.local/lib/python3.12/site-packages/airflow/example_dags/example_python_decorator.py
[2024-12-22T02:01:30.815+0000] {logging_mixin.py:188} INFO - [2024-12-22T02:01:30.815+0000] {dag.py:3089} INFO - Sync 1 DAGs
[2024-12-22T02:01:30.821+0000] {logging_mixin.py:188} INFO - [2024-12-22T02:01:30.821+0000] {dag.py:3947} INFO - Setting next_dagrun for example_python_decorator to None, run_after=None
[2024-12-22T02:01:30.831+0000] {processor.py:183} INFO - Processing /home/airflow/.local/lib/python3.12/site-packages/airflow/example_dags/example_python_decorator.py took 0.040 seconds
[2024-12-22T02:02:03.779+0000] {processor.py:161} INFO - Started process (PID=8846) to work on /home/airflow/.local/lib/python3.12/site-packages/airflow/example_dags/example_python_decorator.py
[2024-12-22T02:02:03.779+0000] {processor.py:830} INFO - Processing file /home/airflow/.local/lib/python3.12/site-packages/airflow/example_dags/example_python_decorator.py for tasks to queue
[2024-12-22T02:02:03.781+0000] {logging_mixin.py:188} INFO - [2024-12-22T02:02:03.780+0000] {dagbag.py:545} INFO - Filling up the DagBag from /home/airflow/.local/lib/python3.12/site-packages/airflow/example_dags/example_python_decorator.py
[2024-12-22T02:02:03.788+0000] {processor.py:840} INFO - DAG(s) 'example_python_decorator' retrieved from /home/airflow/.local/lib/python3.12/site-packages/airflow/example_dags/example_python_decorator.py
[2024-12-22T02:02:03.801+0000] {logging_mixin.py:188} INFO - [2024-12-22T02:02:03.800+0000] {dag.py:3089} INFO - Sync 1 DAGs
[2024-12-22T02:02:03.807+0000] {logging_mixin.py:188} INFO - [2024-12-22T02:02:03.807+0000] {dag.py:3947} INFO - Setting next_dagrun for example_python_decorator to None, run_after=None
[2024-12-22T02:02:03.816+0000] {processor.py:183} INFO - Processing /home/airflow/.local/lib/python3.12/site-packages/airflow/example_dags/example_python_decorator.py took 0.041 seconds
[2024-12-22T02:02:35.727+0000] {processor.py:161} INFO - Started process (PID=9121) to work on /home/airflow/.local/lib/python3.12/site-packages/airflow/example_dags/example_python_decorator.py
[2024-12-22T02:02:35.727+0000] {processor.py:830} INFO - Processing file /home/airflow/.local/lib/python3.12/site-packages/airflow/example_dags/example_python_decorator.py for tasks to queue
[2024-12-22T02:02:35.729+0000] {logging_mixin.py:188} INFO - [2024-12-22T02:02:35.728+0000] {dagbag.py:545} INFO - Filling up the DagBag from /home/airflow/.local/lib/python3.12/site-packages/airflow/example_dags/example_python_decorator.py
[2024-12-22T02:02:35.736+0000] {processor.py:840} INFO - DAG(s) 'example_python_decorator' retrieved from /home/airflow/.local/lib/python3.12/site-packages/airflow/example_dags/example_python_decorator.py
[2024-12-22T02:02:35.751+0000] {logging_mixin.py:188} INFO - [2024-12-22T02:02:35.751+0000] {dag.py:3089} INFO - Sync 1 DAGs
[2024-12-22T02:02:35.759+0000] {logging_mixin.py:188} INFO - [2024-12-22T02:02:35.758+0000] {dag.py:3947} INFO - Setting next_dagrun for example_python_decorator to None, run_after=None
[2024-12-22T02:02:35.770+0000] {processor.py:183} INFO - Processing /home/airflow/.local/lib/python3.12/site-packages/airflow/example_dags/example_python_decorator.py took 0.048 seconds
[2024-12-22T02:03:06.985+0000] {processor.py:161} INFO - Started process (PID=9398) to work on /home/airflow/.local/lib/python3.12/site-packages/airflow/example_dags/example_python_decorator.py
[2024-12-22T02:03:06.986+0000] {processor.py:830} INFO - Processing file /home/airflow/.local/lib/python3.12/site-packages/airflow/example_dags/example_python_decorator.py for tasks to queue
[2024-12-22T02:03:06.987+0000] {logging_mixin.py:188} INFO - [2024-12-22T02:03:06.987+0000] {dagbag.py:545} INFO - Filling up the DagBag from /home/airflow/.local/lib/python3.12/site-packages/airflow/example_dags/example_python_decorator.py
[2024-12-22T02:03:06.997+0000] {processor.py:840} INFO - DAG(s) 'example_python_decorator' retrieved from /home/airflow/.local/lib/python3.12/site-packages/airflow/example_dags/example_python_decorator.py
[2024-12-22T02:03:07.012+0000] {logging_mixin.py:188} INFO - [2024-12-22T02:03:07.012+0000] {dag.py:3089} INFO - Sync 1 DAGs
[2024-12-22T02:03:07.019+0000] {logging_mixin.py:188} INFO - [2024-12-22T02:03:07.019+0000] {dag.py:3947} INFO - Setting next_dagrun for example_python_decorator to None, run_after=None
[2024-12-22T02:03:07.033+0000] {processor.py:183} INFO - Processing /home/airflow/.local/lib/python3.12/site-packages/airflow/example_dags/example_python_decorator.py took 0.053 seconds
[2024-12-22T02:03:37.615+0000] {processor.py:161} INFO - Started process (PID=9675) to work on /home/airflow/.local/lib/python3.12/site-packages/airflow/example_dags/example_python_decorator.py
[2024-12-22T02:03:37.616+0000] {processor.py:830} INFO - Processing file /home/airflow/.local/lib/python3.12/site-packages/airflow/example_dags/example_python_decorator.py for tasks to queue
[2024-12-22T02:03:37.617+0000] {logging_mixin.py:188} INFO - [2024-12-22T02:03:37.617+0000] {dagbag.py:545} INFO - Filling up the DagBag from /home/airflow/.local/lib/python3.12/site-packages/airflow/example_dags/example_python_decorator.py
[2024-12-22T02:03:37.627+0000] {processor.py:840} INFO - DAG(s) 'example_python_decorator' retrieved from /home/airflow/.local/lib/python3.12/site-packages/airflow/example_dags/example_python_decorator.py
[2024-12-22T02:03:37.646+0000] {logging_mixin.py:188} INFO - [2024-12-22T02:03:37.646+0000] {dag.py:3089} INFO - Sync 1 DAGs
[2024-12-22T02:03:37.655+0000] {logging_mixin.py:188} INFO - [2024-12-22T02:03:37.654+0000] {dag.py:3947} INFO - Setting next_dagrun for example_python_decorator to None, run_after=None
[2024-12-22T02:03:37.666+0000] {processor.py:183} INFO - Processing /home/airflow/.local/lib/python3.12/site-packages/airflow/example_dags/example_python_decorator.py took 0.055 seconds
[2024-12-22T02:04:08.280+0000] {processor.py:161} INFO - Started process (PID=9952) to work on /home/airflow/.local/lib/python3.12/site-packages/airflow/example_dags/example_python_decorator.py
[2024-12-22T02:04:08.281+0000] {processor.py:830} INFO - Processing file /home/airflow/.local/lib/python3.12/site-packages/airflow/example_dags/example_python_decorator.py for tasks to queue
[2024-12-22T02:04:08.284+0000] {logging_mixin.py:188} INFO - [2024-12-22T02:04:08.284+0000] {dagbag.py:545} INFO - Filling up the DagBag from /home/airflow/.local/lib/python3.12/site-packages/airflow/example_dags/example_python_decorator.py
[2024-12-22T02:04:08.296+0000] {processor.py:840} INFO - DAG(s) 'example_python_decorator' retrieved from /home/airflow/.local/lib/python3.12/site-packages/airflow/example_dags/example_python_decorator.py
[2024-12-22T02:04:08.316+0000] {logging_mixin.py:188} INFO - [2024-12-22T02:04:08.316+0000] {dag.py:3089} INFO - Sync 1 DAGs
[2024-12-22T02:04:08.325+0000] {logging_mixin.py:188} INFO - [2024-12-22T02:04:08.325+0000] {dag.py:3947} INFO - Setting next_dagrun for example_python_decorator to None, run_after=None
[2024-12-22T02:04:08.338+0000] {processor.py:183} INFO - Processing /home/airflow/.local/lib/python3.12/site-packages/airflow/example_dags/example_python_decorator.py took 0.062 seconds
[2024-12-22T02:04:39.230+0000] {processor.py:161} INFO - Started process (PID=10229) to work on /home/airflow/.local/lib/python3.12/site-packages/airflow/example_dags/example_python_decorator.py
[2024-12-22T02:04:39.231+0000] {processor.py:830} INFO - Processing file /home/airflow/.local/lib/python3.12/site-packages/airflow/example_dags/example_python_decorator.py for tasks to queue
[2024-12-22T02:04:39.232+0000] {logging_mixin.py:188} INFO - [2024-12-22T02:04:39.232+0000] {dagbag.py:545} INFO - Filling up the DagBag from /home/airflow/.local/lib/python3.12/site-packages/airflow/example_dags/example_python_decorator.py
[2024-12-22T02:04:39.239+0000] {processor.py:840} INFO - DAG(s) 'example_python_decorator' retrieved from /home/airflow/.local/lib/python3.12/site-packages/airflow/example_dags/example_python_decorator.py
[2024-12-22T02:04:39.254+0000] {logging_mixin.py:188} INFO - [2024-12-22T02:04:39.254+0000] {dag.py:3089} INFO - Sync 1 DAGs
[2024-12-22T02:04:39.262+0000] {logging_mixin.py:188} INFO - [2024-12-22T02:04:39.261+0000] {dag.py:3947} INFO - Setting next_dagrun for example_python_decorator to None, run_after=None
[2024-12-22T02:04:39.273+0000] {processor.py:183} INFO - Processing /home/airflow/.local/lib/python3.12/site-packages/airflow/example_dags/example_python_decorator.py took 0.047 seconds
[2024-12-22T02:05:12.289+0000] {processor.py:161} INFO - Started process (PID=10506) to work on /home/airflow/.local/lib/python3.12/site-packages/airflow/example_dags/example_python_decorator.py
[2024-12-22T02:05:12.290+0000] {processor.py:830} INFO - Processing file /home/airflow/.local/lib/python3.12/site-packages/airflow/example_dags/example_python_decorator.py for tasks to queue
[2024-12-22T02:05:12.291+0000] {logging_mixin.py:188} INFO - [2024-12-22T02:05:12.291+0000] {dagbag.py:545} INFO - Filling up the DagBag from /home/airflow/.local/lib/python3.12/site-packages/airflow/example_dags/example_python_decorator.py
[2024-12-22T02:05:12.298+0000] {processor.py:840} INFO - DAG(s) 'example_python_decorator' retrieved from /home/airflow/.local/lib/python3.12/site-packages/airflow/example_dags/example_python_decorator.py
[2024-12-22T02:05:12.311+0000] {logging_mixin.py:188} INFO - [2024-12-22T02:05:12.311+0000] {dag.py:3089} INFO - Sync 1 DAGs
[2024-12-22T02:05:12.317+0000] {logging_mixin.py:188} INFO - [2024-12-22T02:05:12.317+0000] {dag.py:3947} INFO - Setting next_dagrun for example_python_decorator to None, run_after=None
[2024-12-22T02:05:12.327+0000] {processor.py:183} INFO - Processing /home/airflow/.local/lib/python3.12/site-packages/airflow/example_dags/example_python_decorator.py took 0.040 seconds
[2024-12-22T02:05:44.741+0000] {processor.py:161} INFO - Started process (PID=10783) to work on /home/airflow/.local/lib/python3.12/site-packages/airflow/example_dags/example_python_decorator.py
[2024-12-22T02:05:44.742+0000] {processor.py:830} INFO - Processing file /home/airflow/.local/lib/python3.12/site-packages/airflow/example_dags/example_python_decorator.py for tasks to queue
[2024-12-22T02:05:44.743+0000] {logging_mixin.py:188} INFO - [2024-12-22T02:05:44.743+0000] {dagbag.py:545} INFO - Filling up the DagBag from /home/airflow/.local/lib/python3.12/site-packages/airflow/example_dags/example_python_decorator.py
[2024-12-22T02:05:44.751+0000] {processor.py:840} INFO - DAG(s) 'example_python_decorator' retrieved from /home/airflow/.local/lib/python3.12/site-packages/airflow/example_dags/example_python_decorator.py
[2024-12-22T02:05:44.764+0000] {logging_mixin.py:188} INFO - [2024-12-22T02:05:44.764+0000] {dag.py:3089} INFO - Sync 1 DAGs
[2024-12-22T02:05:44.771+0000] {logging_mixin.py:188} INFO - [2024-12-22T02:05:44.771+0000] {dag.py:3947} INFO - Setting next_dagrun for example_python_decorator to None, run_after=None
[2024-12-22T02:05:44.782+0000] {processor.py:183} INFO - Processing /home/airflow/.local/lib/python3.12/site-packages/airflow/example_dags/example_python_decorator.py took 0.045 seconds
[2024-12-22T02:06:15.902+0000] {processor.py:161} INFO - Started process (PID=11060) to work on /home/airflow/.local/lib/python3.12/site-packages/airflow/example_dags/example_python_decorator.py
[2024-12-22T02:06:15.902+0000] {processor.py:830} INFO - Processing file /home/airflow/.local/lib/python3.12/site-packages/airflow/example_dags/example_python_decorator.py for tasks to queue
[2024-12-22T02:06:15.904+0000] {logging_mixin.py:188} INFO - [2024-12-22T02:06:15.903+0000] {dagbag.py:545} INFO - Filling up the DagBag from /home/airflow/.local/lib/python3.12/site-packages/airflow/example_dags/example_python_decorator.py
[2024-12-22T02:06:15.916+0000] {processor.py:840} INFO - DAG(s) 'example_python_decorator' retrieved from /home/airflow/.local/lib/python3.12/site-packages/airflow/example_dags/example_python_decorator.py
[2024-12-22T02:06:15.930+0000] {logging_mixin.py:188} INFO - [2024-12-22T02:06:15.930+0000] {dag.py:3089} INFO - Sync 1 DAGs
[2024-12-22T02:06:15.936+0000] {logging_mixin.py:188} INFO - [2024-12-22T02:06:15.936+0000] {dag.py:3947} INFO - Setting next_dagrun for example_python_decorator to None, run_after=None
[2024-12-22T02:06:15.948+0000] {processor.py:183} INFO - Processing /home/airflow/.local/lib/python3.12/site-packages/airflow/example_dags/example_python_decorator.py took 0.050 seconds
[2024-12-22T02:06:47.081+0000] {processor.py:161} INFO - Started process (PID=11339) to work on /home/airflow/.local/lib/python3.12/site-packages/airflow/example_dags/example_python_decorator.py
[2024-12-22T02:06:47.081+0000] {processor.py:830} INFO - Processing file /home/airflow/.local/lib/python3.12/site-packages/airflow/example_dags/example_python_decorator.py for tasks to queue
[2024-12-22T02:06:47.083+0000] {logging_mixin.py:188} INFO - [2024-12-22T02:06:47.083+0000] {dagbag.py:545} INFO - Filling up the DagBag from /home/airflow/.local/lib/python3.12/site-packages/airflow/example_dags/example_python_decorator.py
[2024-12-22T02:06:47.091+0000] {processor.py:840} INFO - DAG(s) 'example_python_decorator' retrieved from /home/airflow/.local/lib/python3.12/site-packages/airflow/example_dags/example_python_decorator.py
[2024-12-22T02:06:47.107+0000] {logging_mixin.py:188} INFO - [2024-12-22T02:06:47.107+0000] {dag.py:3089} INFO - Sync 1 DAGs
[2024-12-22T02:06:47.116+0000] {logging_mixin.py:188} INFO - [2024-12-22T02:06:47.116+0000] {dag.py:3947} INFO - Setting next_dagrun for example_python_decorator to None, run_after=None
[2024-12-22T02:06:47.128+0000] {processor.py:183} INFO - Processing /home/airflow/.local/lib/python3.12/site-packages/airflow/example_dags/example_python_decorator.py took 0.052 seconds
[2024-12-22T02:07:17.684+0000] {processor.py:161} INFO - Started process (PID=11616) to work on /home/airflow/.local/lib/python3.12/site-packages/airflow/example_dags/example_python_decorator.py
[2024-12-22T02:07:17.685+0000] {processor.py:830} INFO - Processing file /home/airflow/.local/lib/python3.12/site-packages/airflow/example_dags/example_python_decorator.py for tasks to queue
[2024-12-22T02:07:17.687+0000] {logging_mixin.py:188} INFO - [2024-12-22T02:07:17.687+0000] {dagbag.py:545} INFO - Filling up the DagBag from /home/airflow/.local/lib/python3.12/site-packages/airflow/example_dags/example_python_decorator.py
[2024-12-22T02:07:17.695+0000] {processor.py:840} INFO - DAG(s) 'example_python_decorator' retrieved from /home/airflow/.local/lib/python3.12/site-packages/airflow/example_dags/example_python_decorator.py
[2024-12-22T02:07:17.710+0000] {logging_mixin.py:188} INFO - [2024-12-22T02:07:17.710+0000] {dag.py:3089} INFO - Sync 1 DAGs
[2024-12-22T02:07:17.718+0000] {logging_mixin.py:188} INFO - [2024-12-22T02:07:17.718+0000] {dag.py:3947} INFO - Setting next_dagrun for example_python_decorator to None, run_after=None
[2024-12-22T02:07:17.729+0000] {processor.py:183} INFO - Processing /home/airflow/.local/lib/python3.12/site-packages/airflow/example_dags/example_python_decorator.py took 0.048 seconds
[2024-12-22T02:07:50.817+0000] {processor.py:161} INFO - Started process (PID=11891) to work on /home/airflow/.local/lib/python3.12/site-packages/airflow/example_dags/example_python_decorator.py
[2024-12-22T02:07:50.817+0000] {processor.py:830} INFO - Processing file /home/airflow/.local/lib/python3.12/site-packages/airflow/example_dags/example_python_decorator.py for tasks to queue
[2024-12-22T02:07:50.819+0000] {logging_mixin.py:188} INFO - [2024-12-22T02:07:50.818+0000] {dagbag.py:545} INFO - Filling up the DagBag from /home/airflow/.local/lib/python3.12/site-packages/airflow/example_dags/example_python_decorator.py
[2024-12-22T02:07:50.828+0000] {processor.py:840} INFO - DAG(s) 'example_python_decorator' retrieved from /home/airflow/.local/lib/python3.12/site-packages/airflow/example_dags/example_python_decorator.py
[2024-12-22T02:07:50.850+0000] {logging_mixin.py:188} INFO - [2024-12-22T02:07:50.849+0000] {dag.py:3089} INFO - Sync 1 DAGs
[2024-12-22T02:07:50.858+0000] {logging_mixin.py:188} INFO - [2024-12-22T02:07:50.858+0000] {dag.py:3947} INFO - Setting next_dagrun for example_python_decorator to None, run_after=None
[2024-12-22T02:07:50.869+0000] {processor.py:183} INFO - Processing /home/airflow/.local/lib/python3.12/site-packages/airflow/example_dags/example_python_decorator.py took 0.056 seconds
[2024-12-22T02:08:23.498+0000] {processor.py:161} INFO - Started process (PID=12168) to work on /home/airflow/.local/lib/python3.12/site-packages/airflow/example_dags/example_python_decorator.py
[2024-12-22T02:08:23.499+0000] {processor.py:830} INFO - Processing file /home/airflow/.local/lib/python3.12/site-packages/airflow/example_dags/example_python_decorator.py for tasks to queue
[2024-12-22T02:08:23.500+0000] {logging_mixin.py:188} INFO - [2024-12-22T02:08:23.499+0000] {dagbag.py:545} INFO - Filling up the DagBag from /home/airflow/.local/lib/python3.12/site-packages/airflow/example_dags/example_python_decorator.py
[2024-12-22T02:08:23.507+0000] {processor.py:840} INFO - DAG(s) 'example_python_decorator' retrieved from /home/airflow/.local/lib/python3.12/site-packages/airflow/example_dags/example_python_decorator.py
[2024-12-22T02:08:23.522+0000] {logging_mixin.py:188} INFO - [2024-12-22T02:08:23.522+0000] {dag.py:3089} INFO - Sync 1 DAGs
[2024-12-22T02:08:23.529+0000] {logging_mixin.py:188} INFO - [2024-12-22T02:08:23.529+0000] {dag.py:3947} INFO - Setting next_dagrun for example_python_decorator to None, run_after=None
[2024-12-22T02:08:23.540+0000] {processor.py:183} INFO - Processing /home/airflow/.local/lib/python3.12/site-packages/airflow/example_dags/example_python_decorator.py took 0.046 seconds
[2024-12-22T02:08:55.904+0000] {processor.py:161} INFO - Started process (PID=12445) to work on /home/airflow/.local/lib/python3.12/site-packages/airflow/example_dags/example_python_decorator.py
[2024-12-22T02:08:55.905+0000] {processor.py:830} INFO - Processing file /home/airflow/.local/lib/python3.12/site-packages/airflow/example_dags/example_python_decorator.py for tasks to queue
[2024-12-22T02:08:55.907+0000] {logging_mixin.py:188} INFO - [2024-12-22T02:08:55.906+0000] {dagbag.py:545} INFO - Filling up the DagBag from /home/airflow/.local/lib/python3.12/site-packages/airflow/example_dags/example_python_decorator.py
[2024-12-22T02:08:55.915+0000] {processor.py:840} INFO - DAG(s) 'example_python_decorator' retrieved from /home/airflow/.local/lib/python3.12/site-packages/airflow/example_dags/example_python_decorator.py
[2024-12-22T02:08:55.929+0000] {logging_mixin.py:188} INFO - [2024-12-22T02:08:55.929+0000] {dag.py:3089} INFO - Sync 1 DAGs
[2024-12-22T02:08:55.935+0000] {logging_mixin.py:188} INFO - [2024-12-22T02:08:55.935+0000] {dag.py:3947} INFO - Setting next_dagrun for example_python_decorator to None, run_after=None
[2024-12-22T02:08:55.947+0000] {processor.py:183} INFO - Processing /home/airflow/.local/lib/python3.12/site-packages/airflow/example_dags/example_python_decorator.py took 0.046 seconds
[2024-12-22T02:09:28.067+0000] {processor.py:161} INFO - Started process (PID=12724) to work on /home/airflow/.local/lib/python3.12/site-packages/airflow/example_dags/example_python_decorator.py
[2024-12-22T02:09:28.068+0000] {processor.py:830} INFO - Processing file /home/airflow/.local/lib/python3.12/site-packages/airflow/example_dags/example_python_decorator.py for tasks to queue
[2024-12-22T02:09:28.069+0000] {logging_mixin.py:188} INFO - [2024-12-22T02:09:28.069+0000] {dagbag.py:545} INFO - Filling up the DagBag from /home/airflow/.local/lib/python3.12/site-packages/airflow/example_dags/example_python_decorator.py
[2024-12-22T02:09:28.077+0000] {processor.py:840} INFO - DAG(s) 'example_python_decorator' retrieved from /home/airflow/.local/lib/python3.12/site-packages/airflow/example_dags/example_python_decorator.py
[2024-12-22T02:09:28.215+0000] {logging_mixin.py:188} INFO - [2024-12-22T02:09:28.215+0000] {dag.py:3089} INFO - Sync 1 DAGs
[2024-12-22T02:09:28.220+0000] {logging_mixin.py:188} INFO - [2024-12-22T02:09:28.220+0000] {dag.py:3947} INFO - Setting next_dagrun for example_python_decorator to None, run_after=None
[2024-12-22T02:09:28.232+0000] {processor.py:183} INFO - Processing /home/airflow/.local/lib/python3.12/site-packages/airflow/example_dags/example_python_decorator.py took 0.169 seconds
[2024-12-22T02:09:58.317+0000] {processor.py:161} INFO - Started process (PID=12999) to work on /home/airflow/.local/lib/python3.12/site-packages/airflow/example_dags/example_python_decorator.py
[2024-12-22T02:09:58.318+0000] {processor.py:830} INFO - Processing file /home/airflow/.local/lib/python3.12/site-packages/airflow/example_dags/example_python_decorator.py for tasks to queue
[2024-12-22T02:09:58.320+0000] {logging_mixin.py:188} INFO - [2024-12-22T02:09:58.319+0000] {dagbag.py:545} INFO - Filling up the DagBag from /home/airflow/.local/lib/python3.12/site-packages/airflow/example_dags/example_python_decorator.py
[2024-12-22T02:09:58.330+0000] {processor.py:840} INFO - DAG(s) 'example_python_decorator' retrieved from /home/airflow/.local/lib/python3.12/site-packages/airflow/example_dags/example_python_decorator.py
[2024-12-22T02:09:58.347+0000] {logging_mixin.py:188} INFO - [2024-12-22T02:09:58.347+0000] {dag.py:3089} INFO - Sync 1 DAGs
[2024-12-22T02:09:58.468+0000] {logging_mixin.py:188} INFO - [2024-12-22T02:09:58.468+0000] {dag.py:3947} INFO - Setting next_dagrun for example_python_decorator to None, run_after=None
[2024-12-22T02:09:58.480+0000] {processor.py:183} INFO - Processing /home/airflow/.local/lib/python3.12/site-packages/airflow/example_dags/example_python_decorator.py took 0.167 seconds
[2024-12-22T02:10:28.528+0000] {processor.py:161} INFO - Started process (PID=13276) to work on /home/airflow/.local/lib/python3.12/site-packages/airflow/example_dags/example_python_decorator.py
[2024-12-22T02:10:28.529+0000] {processor.py:830} INFO - Processing file /home/airflow/.local/lib/python3.12/site-packages/airflow/example_dags/example_python_decorator.py for tasks to queue
[2024-12-22T02:10:28.530+0000] {logging_mixin.py:188} INFO - [2024-12-22T02:10:28.529+0000] {dagbag.py:545} INFO - Filling up the DagBag from /home/airflow/.local/lib/python3.12/site-packages/airflow/example_dags/example_python_decorator.py
[2024-12-22T02:10:28.537+0000] {processor.py:840} INFO - DAG(s) 'example_python_decorator' retrieved from /home/airflow/.local/lib/python3.12/site-packages/airflow/example_dags/example_python_decorator.py
[2024-12-22T02:10:28.551+0000] {logging_mixin.py:188} INFO - [2024-12-22T02:10:28.550+0000] {dag.py:3089} INFO - Sync 1 DAGs
[2024-12-22T02:10:28.556+0000] {logging_mixin.py:188} INFO - [2024-12-22T02:10:28.556+0000] {dag.py:3947} INFO - Setting next_dagrun for example_python_decorator to None, run_after=None
[2024-12-22T02:10:28.566+0000] {processor.py:183} INFO - Processing /home/airflow/.local/lib/python3.12/site-packages/airflow/example_dags/example_python_decorator.py took 0.042 seconds
[2024-12-22T02:11:01.065+0000] {processor.py:161} INFO - Started process (PID=13553) to work on /home/airflow/.local/lib/python3.12/site-packages/airflow/example_dags/example_python_decorator.py
[2024-12-22T02:11:01.066+0000] {processor.py:830} INFO - Processing file /home/airflow/.local/lib/python3.12/site-packages/airflow/example_dags/example_python_decorator.py for tasks to queue
[2024-12-22T02:11:01.067+0000] {logging_mixin.py:188} INFO - [2024-12-22T02:11:01.067+0000] {dagbag.py:545} INFO - Filling up the DagBag from /home/airflow/.local/lib/python3.12/site-packages/airflow/example_dags/example_python_decorator.py
[2024-12-22T02:11:01.076+0000] {processor.py:840} INFO - DAG(s) 'example_python_decorator' retrieved from /home/airflow/.local/lib/python3.12/site-packages/airflow/example_dags/example_python_decorator.py
[2024-12-22T02:11:01.089+0000] {logging_mixin.py:188} INFO - [2024-12-22T02:11:01.089+0000] {dag.py:3089} INFO - Sync 1 DAGs
[2024-12-22T02:11:01.096+0000] {logging_mixin.py:188} INFO - [2024-12-22T02:11:01.096+0000] {dag.py:3947} INFO - Setting next_dagrun for example_python_decorator to None, run_after=None
[2024-12-22T02:11:01.106+0000] {processor.py:183} INFO - Processing /home/airflow/.local/lib/python3.12/site-packages/airflow/example_dags/example_python_decorator.py took 0.044 seconds
[2024-12-22T02:11:33.491+0000] {processor.py:161} INFO - Started process (PID=13830) to work on /home/airflow/.local/lib/python3.12/site-packages/airflow/example_dags/example_python_decorator.py
[2024-12-22T02:11:33.492+0000] {processor.py:830} INFO - Processing file /home/airflow/.local/lib/python3.12/site-packages/airflow/example_dags/example_python_decorator.py for tasks to queue
[2024-12-22T02:11:33.493+0000] {logging_mixin.py:188} INFO - [2024-12-22T02:11:33.493+0000] {dagbag.py:545} INFO - Filling up the DagBag from /home/airflow/.local/lib/python3.12/site-packages/airflow/example_dags/example_python_decorator.py
[2024-12-22T02:11:33.500+0000] {processor.py:840} INFO - DAG(s) 'example_python_decorator' retrieved from /home/airflow/.local/lib/python3.12/site-packages/airflow/example_dags/example_python_decorator.py
[2024-12-22T02:11:33.513+0000] {logging_mixin.py:188} INFO - [2024-12-22T02:11:33.513+0000] {dag.py:3089} INFO - Sync 1 DAGs
[2024-12-22T02:11:33.520+0000] {logging_mixin.py:188} INFO - [2024-12-22T02:11:33.520+0000] {dag.py:3947} INFO - Setting next_dagrun for example_python_decorator to None, run_after=None
[2024-12-22T02:11:33.539+0000] {processor.py:183} INFO - Processing /home/airflow/.local/lib/python3.12/site-packages/airflow/example_dags/example_python_decorator.py took 0.052 seconds
[2024-12-22T02:12:03.638+0000] {processor.py:161} INFO - Started process (PID=14108) to work on /home/airflow/.local/lib/python3.12/site-packages/airflow/example_dags/example_python_decorator.py
[2024-12-22T02:12:03.639+0000] {processor.py:830} INFO - Processing file /home/airflow/.local/lib/python3.12/site-packages/airflow/example_dags/example_python_decorator.py for tasks to queue
[2024-12-22T02:12:03.641+0000] {logging_mixin.py:188} INFO - [2024-12-22T02:12:03.641+0000] {dagbag.py:545} INFO - Filling up the DagBag from /home/airflow/.local/lib/python3.12/site-packages/airflow/example_dags/example_python_decorator.py
[2024-12-22T02:12:03.650+0000] {processor.py:840} INFO - DAG(s) 'example_python_decorator' retrieved from /home/airflow/.local/lib/python3.12/site-packages/airflow/example_dags/example_python_decorator.py
[2024-12-22T02:12:03.666+0000] {logging_mixin.py:188} INFO - [2024-12-22T02:12:03.665+0000] {dag.py:3089} INFO - Sync 1 DAGs
[2024-12-22T02:12:03.673+0000] {logging_mixin.py:188} INFO - [2024-12-22T02:12:03.673+0000] {dag.py:3947} INFO - Setting next_dagrun for example_python_decorator to None, run_after=None
[2024-12-22T02:12:03.688+0000] {processor.py:183} INFO - Processing /home/airflow/.local/lib/python3.12/site-packages/airflow/example_dags/example_python_decorator.py took 0.054 seconds
[2024-12-22T02:12:35.396+0000] {processor.py:161} INFO - Started process (PID=14385) to work on /home/airflow/.local/lib/python3.12/site-packages/airflow/example_dags/example_python_decorator.py
[2024-12-22T02:12:35.397+0000] {processor.py:830} INFO - Processing file /home/airflow/.local/lib/python3.12/site-packages/airflow/example_dags/example_python_decorator.py for tasks to queue
[2024-12-22T02:12:35.398+0000] {logging_mixin.py:188} INFO - [2024-12-22T02:12:35.398+0000] {dagbag.py:545} INFO - Filling up the DagBag from /home/airflow/.local/lib/python3.12/site-packages/airflow/example_dags/example_python_decorator.py
[2024-12-22T02:12:35.406+0000] {processor.py:840} INFO - DAG(s) 'example_python_decorator' retrieved from /home/airflow/.local/lib/python3.12/site-packages/airflow/example_dags/example_python_decorator.py
[2024-12-22T02:12:35.421+0000] {logging_mixin.py:188} INFO - [2024-12-22T02:12:35.421+0000] {dag.py:3089} INFO - Sync 1 DAGs
[2024-12-22T02:12:35.429+0000] {logging_mixin.py:188} INFO - [2024-12-22T02:12:35.429+0000] {dag.py:3947} INFO - Setting next_dagrun for example_python_decorator to None, run_after=None
[2024-12-22T02:12:35.443+0000] {processor.py:183} INFO - Processing /home/airflow/.local/lib/python3.12/site-packages/airflow/example_dags/example_python_decorator.py took 0.051 seconds
[2024-12-22T02:13:05.981+0000] {processor.py:161} INFO - Started process (PID=14662) to work on /home/airflow/.local/lib/python3.12/site-packages/airflow/example_dags/example_python_decorator.py
[2024-12-22T02:13:05.982+0000] {processor.py:830} INFO - Processing file /home/airflow/.local/lib/python3.12/site-packages/airflow/example_dags/example_python_decorator.py for tasks to queue
[2024-12-22T02:13:05.984+0000] {logging_mixin.py:188} INFO - [2024-12-22T02:13:05.983+0000] {dagbag.py:545} INFO - Filling up the DagBag from /home/airflow/.local/lib/python3.12/site-packages/airflow/example_dags/example_python_decorator.py
[2024-12-22T02:13:05.991+0000] {processor.py:840} INFO - DAG(s) 'example_python_decorator' retrieved from /home/airflow/.local/lib/python3.12/site-packages/airflow/example_dags/example_python_decorator.py
[2024-12-22T02:13:06.006+0000] {logging_mixin.py:188} INFO - [2024-12-22T02:13:06.006+0000] {dag.py:3089} INFO - Sync 1 DAGs
[2024-12-22T02:13:06.014+0000] {logging_mixin.py:188} INFO - [2024-12-22T02:13:06.014+0000] {dag.py:3947} INFO - Setting next_dagrun for example_python_decorator to None, run_after=None
[2024-12-22T02:13:06.027+0000] {processor.py:183} INFO - Processing /home/airflow/.local/lib/python3.12/site-packages/airflow/example_dags/example_python_decorator.py took 0.049 seconds
[2024-12-22T02:13:36.395+0000] {processor.py:161} INFO - Started process (PID=14941) to work on /home/airflow/.local/lib/python3.12/site-packages/airflow/example_dags/example_python_decorator.py
[2024-12-22T02:13:36.396+0000] {processor.py:830} INFO - Processing file /home/airflow/.local/lib/python3.12/site-packages/airflow/example_dags/example_python_decorator.py for tasks to queue
[2024-12-22T02:13:36.397+0000] {logging_mixin.py:188} INFO - [2024-12-22T02:13:36.397+0000] {dagbag.py:545} INFO - Filling up the DagBag from /home/airflow/.local/lib/python3.12/site-packages/airflow/example_dags/example_python_decorator.py
[2024-12-22T02:13:36.405+0000] {processor.py:840} INFO - DAG(s) 'example_python_decorator' retrieved from /home/airflow/.local/lib/python3.12/site-packages/airflow/example_dags/example_python_decorator.py
[2024-12-22T02:13:36.419+0000] {logging_mixin.py:188} INFO - [2024-12-22T02:13:36.418+0000] {dag.py:3089} INFO - Sync 1 DAGs
[2024-12-22T02:13:36.425+0000] {logging_mixin.py:188} INFO - [2024-12-22T02:13:36.425+0000] {dag.py:3947} INFO - Setting next_dagrun for example_python_decorator to None, run_after=None
[2024-12-22T02:13:36.435+0000] {processor.py:183} INFO - Processing /home/airflow/.local/lib/python3.12/site-packages/airflow/example_dags/example_python_decorator.py took 0.043 seconds
[2024-12-22T02:14:09.684+0000] {processor.py:161} INFO - Started process (PID=15216) to work on /home/airflow/.local/lib/python3.12/site-packages/airflow/example_dags/example_python_decorator.py
[2024-12-22T02:14:09.685+0000] {processor.py:830} INFO - Processing file /home/airflow/.local/lib/python3.12/site-packages/airflow/example_dags/example_python_decorator.py for tasks to queue
[2024-12-22T02:14:09.686+0000] {logging_mixin.py:188} INFO - [2024-12-22T02:14:09.686+0000] {dagbag.py:545} INFO - Filling up the DagBag from /home/airflow/.local/lib/python3.12/site-packages/airflow/example_dags/example_python_decorator.py
[2024-12-22T02:14:09.694+0000] {processor.py:840} INFO - DAG(s) 'example_python_decorator' retrieved from /home/airflow/.local/lib/python3.12/site-packages/airflow/example_dags/example_python_decorator.py
[2024-12-22T02:14:09.708+0000] {logging_mixin.py:188} INFO - [2024-12-22T02:14:09.708+0000] {dag.py:3089} INFO - Sync 1 DAGs
[2024-12-22T02:14:09.715+0000] {logging_mixin.py:188} INFO - [2024-12-22T02:14:09.715+0000] {dag.py:3947} INFO - Setting next_dagrun for example_python_decorator to None, run_after=None
[2024-12-22T02:14:09.725+0000] {processor.py:183} INFO - Processing /home/airflow/.local/lib/python3.12/site-packages/airflow/example_dags/example_python_decorator.py took 0.044 seconds
[2024-12-22T02:14:41.059+0000] {processor.py:161} INFO - Started process (PID=15493) to work on /home/airflow/.local/lib/python3.12/site-packages/airflow/example_dags/example_python_decorator.py
[2024-12-22T02:14:41.059+0000] {processor.py:830} INFO - Processing file /home/airflow/.local/lib/python3.12/site-packages/airflow/example_dags/example_python_decorator.py for tasks to queue
[2024-12-22T02:14:41.061+0000] {logging_mixin.py:188} INFO - [2024-12-22T02:14:41.060+0000] {dagbag.py:545} INFO - Filling up the DagBag from /home/airflow/.local/lib/python3.12/site-packages/airflow/example_dags/example_python_decorator.py
[2024-12-22T02:14:41.070+0000] {processor.py:840} INFO - DAG(s) 'example_python_decorator' retrieved from /home/airflow/.local/lib/python3.12/site-packages/airflow/example_dags/example_python_decorator.py
[2024-12-22T02:14:41.085+0000] {logging_mixin.py:188} INFO - [2024-12-22T02:14:41.085+0000] {dag.py:3089} INFO - Sync 1 DAGs
[2024-12-22T02:14:41.092+0000] {logging_mixin.py:188} INFO - [2024-12-22T02:14:41.092+0000] {dag.py:3947} INFO - Setting next_dagrun for example_python_decorator to None, run_after=None
[2024-12-22T02:14:41.104+0000] {processor.py:183} INFO - Processing /home/airflow/.local/lib/python3.12/site-packages/airflow/example_dags/example_python_decorator.py took 0.051 seconds
[2024-12-22T02:15:11.179+0000] {processor.py:161} INFO - Started process (PID=15770) to work on /home/airflow/.local/lib/python3.12/site-packages/airflow/example_dags/example_python_decorator.py
[2024-12-22T02:15:11.180+0000] {processor.py:830} INFO - Processing file /home/airflow/.local/lib/python3.12/site-packages/airflow/example_dags/example_python_decorator.py for tasks to queue
[2024-12-22T02:15:11.181+0000] {logging_mixin.py:188} INFO - [2024-12-22T02:15:11.181+0000] {dagbag.py:545} INFO - Filling up the DagBag from /home/airflow/.local/lib/python3.12/site-packages/airflow/example_dags/example_python_decorator.py
[2024-12-22T02:15:11.189+0000] {processor.py:840} INFO - DAG(s) 'example_python_decorator' retrieved from /home/airflow/.local/lib/python3.12/site-packages/airflow/example_dags/example_python_decorator.py
[2024-12-22T02:15:11.203+0000] {logging_mixin.py:188} INFO - [2024-12-22T02:15:11.203+0000] {dag.py:3089} INFO - Sync 1 DAGs
[2024-12-22T02:15:11.211+0000] {logging_mixin.py:188} INFO - [2024-12-22T02:15:11.211+0000] {dag.py:3947} INFO - Setting next_dagrun for example_python_decorator to None, run_after=None
[2024-12-22T02:15:11.223+0000] {processor.py:183} INFO - Processing /home/airflow/.local/lib/python3.12/site-packages/airflow/example_dags/example_python_decorator.py took 0.049 seconds
[2024-12-22T02:15:41.854+0000] {processor.py:161} INFO - Started process (PID=16047) to work on /home/airflow/.local/lib/python3.12/site-packages/airflow/example_dags/example_python_decorator.py
[2024-12-22T02:15:41.855+0000] {processor.py:830} INFO - Processing file /home/airflow/.local/lib/python3.12/site-packages/airflow/example_dags/example_python_decorator.py for tasks to queue
[2024-12-22T02:15:41.857+0000] {logging_mixin.py:188} INFO - [2024-12-22T02:15:41.857+0000] {dagbag.py:545} INFO - Filling up the DagBag from /home/airflow/.local/lib/python3.12/site-packages/airflow/example_dags/example_python_decorator.py
[2024-12-22T02:15:41.865+0000] {processor.py:840} INFO - DAG(s) 'example_python_decorator' retrieved from /home/airflow/.local/lib/python3.12/site-packages/airflow/example_dags/example_python_decorator.py
[2024-12-22T02:15:41.880+0000] {logging_mixin.py:188} INFO - [2024-12-22T02:15:41.880+0000] {dag.py:3089} INFO - Sync 1 DAGs
[2024-12-22T02:15:41.886+0000] {logging_mixin.py:188} INFO - [2024-12-22T02:15:41.886+0000] {dag.py:3947} INFO - Setting next_dagrun for example_python_decorator to None, run_after=None
[2024-12-22T02:15:41.898+0000] {processor.py:183} INFO - Processing /home/airflow/.local/lib/python3.12/site-packages/airflow/example_dags/example_python_decorator.py took 0.048 seconds
[2024-12-22T02:16:12.963+0000] {processor.py:161} INFO - Started process (PID=16324) to work on /home/airflow/.local/lib/python3.12/site-packages/airflow/example_dags/example_python_decorator.py
[2024-12-22T02:16:12.964+0000] {processor.py:830} INFO - Processing file /home/airflow/.local/lib/python3.12/site-packages/airflow/example_dags/example_python_decorator.py for tasks to queue
[2024-12-22T02:16:12.965+0000] {logging_mixin.py:188} INFO - [2024-12-22T02:16:12.965+0000] {dagbag.py:545} INFO - Filling up the DagBag from /home/airflow/.local/lib/python3.12/site-packages/airflow/example_dags/example_python_decorator.py
[2024-12-22T02:16:12.973+0000] {processor.py:840} INFO - DAG(s) 'example_python_decorator' retrieved from /home/airflow/.local/lib/python3.12/site-packages/airflow/example_dags/example_python_decorator.py
[2024-12-22T02:16:12.986+0000] {logging_mixin.py:188} INFO - [2024-12-22T02:16:12.986+0000] {dag.py:3089} INFO - Sync 1 DAGs
[2024-12-22T02:16:12.993+0000] {logging_mixin.py:188} INFO - [2024-12-22T02:16:12.993+0000] {dag.py:3947} INFO - Setting next_dagrun for example_python_decorator to None, run_after=None
[2024-12-22T02:16:13.003+0000] {processor.py:183} INFO - Processing /home/airflow/.local/lib/python3.12/site-packages/airflow/example_dags/example_python_decorator.py took 0.043 seconds
[2024-12-22T02:16:45.391+0000] {processor.py:161} INFO - Started process (PID=16603) to work on /home/airflow/.local/lib/python3.12/site-packages/airflow/example_dags/example_python_decorator.py
[2024-12-22T02:16:45.393+0000] {processor.py:830} INFO - Processing file /home/airflow/.local/lib/python3.12/site-packages/airflow/example_dags/example_python_decorator.py for tasks to queue
[2024-12-22T02:16:45.394+0000] {logging_mixin.py:188} INFO - [2024-12-22T02:16:45.394+0000] {dagbag.py:545} INFO - Filling up the DagBag from /home/airflow/.local/lib/python3.12/site-packages/airflow/example_dags/example_python_decorator.py
[2024-12-22T02:16:45.403+0000] {processor.py:840} INFO - DAG(s) 'example_python_decorator' retrieved from /home/airflow/.local/lib/python3.12/site-packages/airflow/example_dags/example_python_decorator.py
[2024-12-22T02:16:45.418+0000] {logging_mixin.py:188} INFO - [2024-12-22T02:16:45.418+0000] {dag.py:3089} INFO - Sync 1 DAGs
[2024-12-22T02:16:45.425+0000] {logging_mixin.py:188} INFO - [2024-12-22T02:16:45.425+0000] {dag.py:3947} INFO - Setting next_dagrun for example_python_decorator to None, run_after=None
[2024-12-22T02:16:45.437+0000] {processor.py:183} INFO - Processing /home/airflow/.local/lib/python3.12/site-packages/airflow/example_dags/example_python_decorator.py took 0.049 seconds
[2024-12-22T02:17:18.687+0000] {processor.py:161} INFO - Started process (PID=16878) to work on /home/airflow/.local/lib/python3.12/site-packages/airflow/example_dags/example_python_decorator.py
[2024-12-22T02:17:18.687+0000] {processor.py:830} INFO - Processing file /home/airflow/.local/lib/python3.12/site-packages/airflow/example_dags/example_python_decorator.py for tasks to queue
[2024-12-22T02:17:18.689+0000] {logging_mixin.py:188} INFO - [2024-12-22T02:17:18.688+0000] {dagbag.py:545} INFO - Filling up the DagBag from /home/airflow/.local/lib/python3.12/site-packages/airflow/example_dags/example_python_decorator.py
[2024-12-22T02:17:18.697+0000] {processor.py:840} INFO - DAG(s) 'example_python_decorator' retrieved from /home/airflow/.local/lib/python3.12/site-packages/airflow/example_dags/example_python_decorator.py
[2024-12-22T02:17:18.712+0000] {logging_mixin.py:188} INFO - [2024-12-22T02:17:18.712+0000] {dag.py:3089} INFO - Sync 1 DAGs
[2024-12-22T02:17:18.718+0000] {logging_mixin.py:188} INFO - [2024-12-22T02:17:18.718+0000] {dag.py:3947} INFO - Setting next_dagrun for example_python_decorator to None, run_after=None
[2024-12-22T02:17:18.735+0000] {processor.py:183} INFO - Processing /home/airflow/.local/lib/python3.12/site-packages/airflow/example_dags/example_python_decorator.py took 0.052 seconds
[2024-12-22T02:17:49.182+0000] {processor.py:161} INFO - Started process (PID=17155) to work on /home/airflow/.local/lib/python3.12/site-packages/airflow/example_dags/example_python_decorator.py
[2024-12-22T02:17:49.182+0000] {processor.py:830} INFO - Processing file /home/airflow/.local/lib/python3.12/site-packages/airflow/example_dags/example_python_decorator.py for tasks to queue
[2024-12-22T02:17:49.184+0000] {logging_mixin.py:188} INFO - [2024-12-22T02:17:49.184+0000] {dagbag.py:545} INFO - Filling up the DagBag from /home/airflow/.local/lib/python3.12/site-packages/airflow/example_dags/example_python_decorator.py
[2024-12-22T02:17:49.198+0000] {processor.py:840} INFO - DAG(s) 'example_python_decorator' retrieved from /home/airflow/.local/lib/python3.12/site-packages/airflow/example_dags/example_python_decorator.py
[2024-12-22T02:17:49.215+0000] {logging_mixin.py:188} INFO - [2024-12-22T02:17:49.215+0000] {dag.py:3089} INFO - Sync 1 DAGs
[2024-12-22T02:17:49.223+0000] {logging_mixin.py:188} INFO - [2024-12-22T02:17:49.223+0000] {dag.py:3947} INFO - Setting next_dagrun for example_python_decorator to None, run_after=None
[2024-12-22T02:17:49.236+0000] {processor.py:183} INFO - Processing /home/airflow/.local/lib/python3.12/site-packages/airflow/example_dags/example_python_decorator.py took 0.059 seconds
[2024-12-22T02:18:20.280+0000] {processor.py:161} INFO - Started process (PID=17434) to work on /home/airflow/.local/lib/python3.12/site-packages/airflow/example_dags/example_python_decorator.py
[2024-12-22T02:18:20.281+0000] {processor.py:830} INFO - Processing file /home/airflow/.local/lib/python3.12/site-packages/airflow/example_dags/example_python_decorator.py for tasks to queue
[2024-12-22T02:18:20.282+0000] {logging_mixin.py:188} INFO - [2024-12-22T02:18:20.282+0000] {dagbag.py:545} INFO - Filling up the DagBag from /home/airflow/.local/lib/python3.12/site-packages/airflow/example_dags/example_python_decorator.py
[2024-12-22T02:18:20.290+0000] {processor.py:840} INFO - DAG(s) 'example_python_decorator' retrieved from /home/airflow/.local/lib/python3.12/site-packages/airflow/example_dags/example_python_decorator.py
[2024-12-22T02:18:20.305+0000] {logging_mixin.py:188} INFO - [2024-12-22T02:18:20.305+0000] {dag.py:3089} INFO - Sync 1 DAGs
[2024-12-22T02:18:20.315+0000] {logging_mixin.py:188} INFO - [2024-12-22T02:18:20.315+0000] {dag.py:3947} INFO - Setting next_dagrun for example_python_decorator to None, run_after=None
[2024-12-22T02:18:20.328+0000] {processor.py:183} INFO - Processing /home/airflow/.local/lib/python3.12/site-packages/airflow/example_dags/example_python_decorator.py took 0.052 seconds
[2024-12-22T02:18:50.874+0000] {processor.py:161} INFO - Started process (PID=17709) to work on /home/airflow/.local/lib/python3.12/site-packages/airflow/example_dags/example_python_decorator.py
[2024-12-22T02:18:50.874+0000] {processor.py:830} INFO - Processing file /home/airflow/.local/lib/python3.12/site-packages/airflow/example_dags/example_python_decorator.py for tasks to queue
[2024-12-22T02:18:50.876+0000] {logging_mixin.py:188} INFO - [2024-12-22T02:18:50.876+0000] {dagbag.py:545} INFO - Filling up the DagBag from /home/airflow/.local/lib/python3.12/site-packages/airflow/example_dags/example_python_decorator.py
[2024-12-22T02:18:50.883+0000] {processor.py:840} INFO - DAG(s) 'example_python_decorator' retrieved from /home/airflow/.local/lib/python3.12/site-packages/airflow/example_dags/example_python_decorator.py
[2024-12-22T02:18:50.896+0000] {logging_mixin.py:188} INFO - [2024-12-22T02:18:50.896+0000] {dag.py:3089} INFO - Sync 1 DAGs
[2024-12-22T02:18:50.902+0000] {logging_mixin.py:188} INFO - [2024-12-22T02:18:50.902+0000] {dag.py:3947} INFO - Setting next_dagrun for example_python_decorator to None, run_after=None
[2024-12-22T02:18:50.915+0000] {processor.py:183} INFO - Processing /home/airflow/.local/lib/python3.12/site-packages/airflow/example_dags/example_python_decorator.py took 0.045 seconds
[2024-12-22T02:19:38.937+0000] {processor.py:161} INFO - Started process (PID=17989) to work on /home/airflow/.local/lib/python3.12/site-packages/airflow/example_dags/example_python_decorator.py
[2024-12-22T02:19:38.937+0000] {processor.py:830} INFO - Processing file /home/airflow/.local/lib/python3.12/site-packages/airflow/example_dags/example_python_decorator.py for tasks to queue
[2024-12-22T02:19:38.939+0000] {logging_mixin.py:188} INFO - [2024-12-22T02:19:38.938+0000] {dagbag.py:545} INFO - Filling up the DagBag from /home/airflow/.local/lib/python3.12/site-packages/airflow/example_dags/example_python_decorator.py
[2024-12-22T02:19:38.947+0000] {processor.py:840} INFO - DAG(s) 'example_python_decorator' retrieved from /home/airflow/.local/lib/python3.12/site-packages/airflow/example_dags/example_python_decorator.py
[2024-12-22T02:19:38.965+0000] {logging_mixin.py:188} INFO - [2024-12-22T02:19:38.964+0000] {dag.py:3089} INFO - Sync 1 DAGs
[2024-12-22T02:19:38.972+0000] {logging_mixin.py:188} INFO - [2024-12-22T02:19:38.972+0000] {dag.py:3947} INFO - Setting next_dagrun for example_python_decorator to None, run_after=None
[2024-12-22T02:19:38.985+0000] {processor.py:183} INFO - Processing /home/airflow/.local/lib/python3.12/site-packages/airflow/example_dags/example_python_decorator.py took 0.053 seconds
[2024-12-22T02:20:09.077+0000] {processor.py:161} INFO - Started process (PID=18266) to work on /home/airflow/.local/lib/python3.12/site-packages/airflow/example_dags/example_python_decorator.py
[2024-12-22T02:20:09.078+0000] {processor.py:830} INFO - Processing file /home/airflow/.local/lib/python3.12/site-packages/airflow/example_dags/example_python_decorator.py for tasks to queue
[2024-12-22T02:20:09.079+0000] {logging_mixin.py:188} INFO - [2024-12-22T02:20:09.078+0000] {dagbag.py:545} INFO - Filling up the DagBag from /home/airflow/.local/lib/python3.12/site-packages/airflow/example_dags/example_python_decorator.py
[2024-12-22T02:20:09.087+0000] {processor.py:840} INFO - DAG(s) 'example_python_decorator' retrieved from /home/airflow/.local/lib/python3.12/site-packages/airflow/example_dags/example_python_decorator.py
[2024-12-22T02:20:09.104+0000] {logging_mixin.py:188} INFO - [2024-12-22T02:20:09.104+0000] {dag.py:3089} INFO - Sync 1 DAGs
[2024-12-22T02:20:09.111+0000] {logging_mixin.py:188} INFO - [2024-12-22T02:20:09.111+0000] {dag.py:3947} INFO - Setting next_dagrun for example_python_decorator to None, run_after=None
[2024-12-22T02:20:09.122+0000] {processor.py:183} INFO - Processing /home/airflow/.local/lib/python3.12/site-packages/airflow/example_dags/example_python_decorator.py took 0.049 seconds
[2024-12-22T02:20:39.309+0000] {processor.py:161} INFO - Started process (PID=18541) to work on /home/airflow/.local/lib/python3.12/site-packages/airflow/example_dags/example_python_decorator.py
[2024-12-22T02:20:39.310+0000] {processor.py:830} INFO - Processing file /home/airflow/.local/lib/python3.12/site-packages/airflow/example_dags/example_python_decorator.py for tasks to queue
[2024-12-22T02:20:39.311+0000] {logging_mixin.py:188} INFO - [2024-12-22T02:20:39.311+0000] {dagbag.py:545} INFO - Filling up the DagBag from /home/airflow/.local/lib/python3.12/site-packages/airflow/example_dags/example_python_decorator.py
[2024-12-22T02:20:39.320+0000] {processor.py:840} INFO - DAG(s) 'example_python_decorator' retrieved from /home/airflow/.local/lib/python3.12/site-packages/airflow/example_dags/example_python_decorator.py
[2024-12-22T02:20:39.336+0000] {logging_mixin.py:188} INFO - [2024-12-22T02:20:39.336+0000] {dag.py:3089} INFO - Sync 1 DAGs
[2024-12-22T02:20:39.343+0000] {logging_mixin.py:188} INFO - [2024-12-22T02:20:39.343+0000] {dag.py:3947} INFO - Setting next_dagrun for example_python_decorator to None, run_after=None
[2024-12-22T02:20:39.356+0000] {processor.py:183} INFO - Processing /home/airflow/.local/lib/python3.12/site-packages/airflow/example_dags/example_python_decorator.py took 0.051 seconds
[2024-12-22T02:21:09.428+0000] {processor.py:161} INFO - Started process (PID=18818) to work on /home/airflow/.local/lib/python3.12/site-packages/airflow/example_dags/example_python_decorator.py
[2024-12-22T02:21:09.429+0000] {processor.py:830} INFO - Processing file /home/airflow/.local/lib/python3.12/site-packages/airflow/example_dags/example_python_decorator.py for tasks to queue
[2024-12-22T02:21:09.430+0000] {logging_mixin.py:188} INFO - [2024-12-22T02:21:09.430+0000] {dagbag.py:545} INFO - Filling up the DagBag from /home/airflow/.local/lib/python3.12/site-packages/airflow/example_dags/example_python_decorator.py
[2024-12-22T02:21:09.438+0000] {processor.py:840} INFO - DAG(s) 'example_python_decorator' retrieved from /home/airflow/.local/lib/python3.12/site-packages/airflow/example_dags/example_python_decorator.py
[2024-12-22T02:21:09.453+0000] {logging_mixin.py:188} INFO - [2024-12-22T02:21:09.453+0000] {dag.py:3089} INFO - Sync 1 DAGs
[2024-12-22T02:21:09.460+0000] {logging_mixin.py:188} INFO - [2024-12-22T02:21:09.460+0000] {dag.py:3947} INFO - Setting next_dagrun for example_python_decorator to None, run_after=None
[2024-12-22T02:21:09.472+0000] {processor.py:183} INFO - Processing /home/airflow/.local/lib/python3.12/site-packages/airflow/example_dags/example_python_decorator.py took 0.049 seconds
[2024-12-22T02:21:40.403+0000] {processor.py:161} INFO - Started process (PID=19095) to work on /home/airflow/.local/lib/python3.12/site-packages/airflow/example_dags/example_python_decorator.py
[2024-12-22T02:21:40.403+0000] {processor.py:830} INFO - Processing file /home/airflow/.local/lib/python3.12/site-packages/airflow/example_dags/example_python_decorator.py for tasks to queue
[2024-12-22T02:21:40.405+0000] {logging_mixin.py:188} INFO - [2024-12-22T02:21:40.405+0000] {dagbag.py:545} INFO - Filling up the DagBag from /home/airflow/.local/lib/python3.12/site-packages/airflow/example_dags/example_python_decorator.py
[2024-12-22T02:21:40.412+0000] {processor.py:840} INFO - DAG(s) 'example_python_decorator' retrieved from /home/airflow/.local/lib/python3.12/site-packages/airflow/example_dags/example_python_decorator.py
[2024-12-22T02:21:40.429+0000] {logging_mixin.py:188} INFO - [2024-12-22T02:21:40.429+0000] {dag.py:3089} INFO - Sync 1 DAGs
[2024-12-22T02:21:40.439+0000] {logging_mixin.py:188} INFO - [2024-12-22T02:21:40.439+0000] {dag.py:3947} INFO - Setting next_dagrun for example_python_decorator to None, run_after=None
[2024-12-22T02:21:40.452+0000] {processor.py:183} INFO - Processing /home/airflow/.local/lib/python3.12/site-packages/airflow/example_dags/example_python_decorator.py took 0.054 seconds
[2024-12-22T02:22:10.680+0000] {processor.py:161} INFO - Started process (PID=19372) to work on /home/airflow/.local/lib/python3.12/site-packages/airflow/example_dags/example_python_decorator.py
[2024-12-22T02:22:10.680+0000] {processor.py:830} INFO - Processing file /home/airflow/.local/lib/python3.12/site-packages/airflow/example_dags/example_python_decorator.py for tasks to queue
[2024-12-22T02:22:10.682+0000] {logging_mixin.py:188} INFO - [2024-12-22T02:22:10.682+0000] {dagbag.py:545} INFO - Filling up the DagBag from /home/airflow/.local/lib/python3.12/site-packages/airflow/example_dags/example_python_decorator.py
[2024-12-22T02:22:10.689+0000] {processor.py:840} INFO - DAG(s) 'example_python_decorator' retrieved from /home/airflow/.local/lib/python3.12/site-packages/airflow/example_dags/example_python_decorator.py
[2024-12-22T02:22:10.703+0000] {logging_mixin.py:188} INFO - [2024-12-22T02:22:10.703+0000] {dag.py:3089} INFO - Sync 1 DAGs
[2024-12-22T02:22:10.713+0000] {logging_mixin.py:188} INFO - [2024-12-22T02:22:10.713+0000] {dag.py:3947} INFO - Setting next_dagrun for example_python_decorator to None, run_after=None
[2024-12-22T02:22:10.723+0000] {processor.py:183} INFO - Processing /home/airflow/.local/lib/python3.12/site-packages/airflow/example_dags/example_python_decorator.py took 0.048 seconds
[2024-12-22T02:22:41.339+0000] {processor.py:161} INFO - Started process (PID=19649) to work on /home/airflow/.local/lib/python3.12/site-packages/airflow/example_dags/example_python_decorator.py
[2024-12-22T02:22:41.340+0000] {processor.py:830} INFO - Processing file /home/airflow/.local/lib/python3.12/site-packages/airflow/example_dags/example_python_decorator.py for tasks to queue
[2024-12-22T02:22:41.342+0000] {logging_mixin.py:188} INFO - [2024-12-22T02:22:41.341+0000] {dagbag.py:545} INFO - Filling up the DagBag from /home/airflow/.local/lib/python3.12/site-packages/airflow/example_dags/example_python_decorator.py
[2024-12-22T02:22:41.349+0000] {processor.py:840} INFO - DAG(s) 'example_python_decorator' retrieved from /home/airflow/.local/lib/python3.12/site-packages/airflow/example_dags/example_python_decorator.py
[2024-12-22T02:22:41.362+0000] {logging_mixin.py:188} INFO - [2024-12-22T02:22:41.362+0000] {dag.py:3089} INFO - Sync 1 DAGs
[2024-12-22T02:22:41.369+0000] {logging_mixin.py:188} INFO - [2024-12-22T02:22:41.369+0000] {dag.py:3947} INFO - Setting next_dagrun for example_python_decorator to None, run_after=None
[2024-12-22T02:22:41.381+0000] {processor.py:183} INFO - Processing /home/airflow/.local/lib/python3.12/site-packages/airflow/example_dags/example_python_decorator.py took 0.045 seconds
[2024-12-22T02:23:11.676+0000] {processor.py:161} INFO - Started process (PID=19926) to work on /home/airflow/.local/lib/python3.12/site-packages/airflow/example_dags/example_python_decorator.py
[2024-12-22T02:23:11.677+0000] {processor.py:830} INFO - Processing file /home/airflow/.local/lib/python3.12/site-packages/airflow/example_dags/example_python_decorator.py for tasks to queue
[2024-12-22T02:23:11.678+0000] {logging_mixin.py:188} INFO - [2024-12-22T02:23:11.678+0000] {dagbag.py:545} INFO - Filling up the DagBag from /home/airflow/.local/lib/python3.12/site-packages/airflow/example_dags/example_python_decorator.py
[2024-12-22T02:23:11.686+0000] {processor.py:840} INFO - DAG(s) 'example_python_decorator' retrieved from /home/airflow/.local/lib/python3.12/site-packages/airflow/example_dags/example_python_decorator.py
[2024-12-22T02:23:11.701+0000] {logging_mixin.py:188} INFO - [2024-12-22T02:23:11.701+0000] {dag.py:3089} INFO - Sync 1 DAGs
[2024-12-22T02:23:11.707+0000] {logging_mixin.py:188} INFO - [2024-12-22T02:23:11.707+0000] {dag.py:3947} INFO - Setting next_dagrun for example_python_decorator to None, run_after=None
[2024-12-22T02:23:11.719+0000] {processor.py:183} INFO - Processing /home/airflow/.local/lib/python3.12/site-packages/airflow/example_dags/example_python_decorator.py took 0.047 seconds
[2024-12-22T02:23:42.501+0000] {processor.py:161} INFO - Started process (PID=20203) to work on /home/airflow/.local/lib/python3.12/site-packages/airflow/example_dags/example_python_decorator.py
[2024-12-22T02:23:42.502+0000] {processor.py:830} INFO - Processing file /home/airflow/.local/lib/python3.12/site-packages/airflow/example_dags/example_python_decorator.py for tasks to queue
[2024-12-22T02:23:42.503+0000] {logging_mixin.py:188} INFO - [2024-12-22T02:23:42.503+0000] {dagbag.py:545} INFO - Filling up the DagBag from /home/airflow/.local/lib/python3.12/site-packages/airflow/example_dags/example_python_decorator.py
[2024-12-22T02:23:42.517+0000] {processor.py:840} INFO - DAG(s) 'example_python_decorator' retrieved from /home/airflow/.local/lib/python3.12/site-packages/airflow/example_dags/example_python_decorator.py
[2024-12-22T02:23:42.531+0000] {logging_mixin.py:188} INFO - [2024-12-22T02:23:42.531+0000] {dag.py:3089} INFO - Sync 1 DAGs
[2024-12-22T02:23:42.538+0000] {logging_mixin.py:188} INFO - [2024-12-22T02:23:42.538+0000] {dag.py:3947} INFO - Setting next_dagrun for example_python_decorator to None, run_after=None
[2024-12-22T02:23:42.550+0000] {processor.py:183} INFO - Processing /home/airflow/.local/lib/python3.12/site-packages/airflow/example_dags/example_python_decorator.py took 0.053 seconds
[2024-12-22T02:24:12.880+0000] {processor.py:161} INFO - Started process (PID=20480) to work on /home/airflow/.local/lib/python3.12/site-packages/airflow/example_dags/example_python_decorator.py
[2024-12-22T02:24:12.881+0000] {processor.py:830} INFO - Processing file /home/airflow/.local/lib/python3.12/site-packages/airflow/example_dags/example_python_decorator.py for tasks to queue
[2024-12-22T02:24:12.882+0000] {logging_mixin.py:188} INFO - [2024-12-22T02:24:12.882+0000] {dagbag.py:545} INFO - Filling up the DagBag from /home/airflow/.local/lib/python3.12/site-packages/airflow/example_dags/example_python_decorator.py
[2024-12-22T02:24:12.891+0000] {processor.py:840} INFO - DAG(s) 'example_python_decorator' retrieved from /home/airflow/.local/lib/python3.12/site-packages/airflow/example_dags/example_python_decorator.py
[2024-12-22T02:24:12.905+0000] {logging_mixin.py:188} INFO - [2024-12-22T02:24:12.905+0000] {dag.py:3089} INFO - Sync 1 DAGs
[2024-12-22T02:24:12.912+0000] {logging_mixin.py:188} INFO - [2024-12-22T02:24:12.912+0000] {dag.py:3947} INFO - Setting next_dagrun for example_python_decorator to None, run_after=None
[2024-12-22T02:24:12.923+0000] {processor.py:183} INFO - Processing /home/airflow/.local/lib/python3.12/site-packages/airflow/example_dags/example_python_decorator.py took 0.048 seconds
[2024-12-22T02:24:43.900+0000] {processor.py:161} INFO - Started process (PID=20757) to work on /home/airflow/.local/lib/python3.12/site-packages/airflow/example_dags/example_python_decorator.py
[2024-12-22T02:24:43.901+0000] {processor.py:830} INFO - Processing file /home/airflow/.local/lib/python3.12/site-packages/airflow/example_dags/example_python_decorator.py for tasks to queue
[2024-12-22T02:24:43.902+0000] {logging_mixin.py:188} INFO - [2024-12-22T02:24:43.902+0000] {dagbag.py:545} INFO - Filling up the DagBag from /home/airflow/.local/lib/python3.12/site-packages/airflow/example_dags/example_python_decorator.py
[2024-12-22T02:24:43.909+0000] {processor.py:840} INFO - DAG(s) 'example_python_decorator' retrieved from /home/airflow/.local/lib/python3.12/site-packages/airflow/example_dags/example_python_decorator.py
[2024-12-22T02:24:43.922+0000] {logging_mixin.py:188} INFO - [2024-12-22T02:24:43.922+0000] {dag.py:3089} INFO - Sync 1 DAGs
[2024-12-22T02:24:43.930+0000] {logging_mixin.py:188} INFO - [2024-12-22T02:24:43.930+0000] {dag.py:3947} INFO - Setting next_dagrun for example_python_decorator to None, run_after=None
[2024-12-22T02:24:43.942+0000] {processor.py:183} INFO - Processing /home/airflow/.local/lib/python3.12/site-packages/airflow/example_dags/example_python_decorator.py took 0.046 seconds
[2024-12-22T02:25:14.237+0000] {processor.py:161} INFO - Started process (PID=21034) to work on /home/airflow/.local/lib/python3.12/site-packages/airflow/example_dags/example_python_decorator.py
[2024-12-22T02:25:14.237+0000] {processor.py:830} INFO - Processing file /home/airflow/.local/lib/python3.12/site-packages/airflow/example_dags/example_python_decorator.py for tasks to queue
[2024-12-22T02:25:14.239+0000] {logging_mixin.py:188} INFO - [2024-12-22T02:25:14.238+0000] {dagbag.py:545} INFO - Filling up the DagBag from /home/airflow/.local/lib/python3.12/site-packages/airflow/example_dags/example_python_decorator.py
[2024-12-22T02:25:14.247+0000] {processor.py:840} INFO - DAG(s) 'example_python_decorator' retrieved from /home/airflow/.local/lib/python3.12/site-packages/airflow/example_dags/example_python_decorator.py
[2024-12-22T02:25:14.260+0000] {logging_mixin.py:188} INFO - [2024-12-22T02:25:14.260+0000] {dag.py:3089} INFO - Sync 1 DAGs
[2024-12-22T02:25:14.267+0000] {logging_mixin.py:188} INFO - [2024-12-22T02:25:14.267+0000] {dag.py:3947} INFO - Setting next_dagrun for example_python_decorator to None, run_after=None
[2024-12-22T02:25:14.277+0000] {processor.py:183} INFO - Processing /home/airflow/.local/lib/python3.12/site-packages/airflow/example_dags/example_python_decorator.py took 0.044 seconds
[2024-12-22T02:25:44.612+0000] {processor.py:161} INFO - Started process (PID=21312) to work on /home/airflow/.local/lib/python3.12/site-packages/airflow/example_dags/example_python_decorator.py
[2024-12-22T02:25:44.613+0000] {processor.py:830} INFO - Processing file /home/airflow/.local/lib/python3.12/site-packages/airflow/example_dags/example_python_decorator.py for tasks to queue
[2024-12-22T02:25:44.614+0000] {logging_mixin.py:188} INFO - [2024-12-22T02:25:44.614+0000] {dagbag.py:545} INFO - Filling up the DagBag from /home/airflow/.local/lib/python3.12/site-packages/airflow/example_dags/example_python_decorator.py
[2024-12-22T02:25:44.621+0000] {processor.py:840} INFO - DAG(s) 'example_python_decorator' retrieved from /home/airflow/.local/lib/python3.12/site-packages/airflow/example_dags/example_python_decorator.py
[2024-12-22T02:25:44.634+0000] {logging_mixin.py:188} INFO - [2024-12-22T02:25:44.633+0000] {dag.py:3089} INFO - Sync 1 DAGs
[2024-12-22T02:25:44.640+0000] {logging_mixin.py:188} INFO - [2024-12-22T02:25:44.640+0000] {dag.py:3947} INFO - Setting next_dagrun for example_python_decorator to None, run_after=None
[2024-12-22T02:25:44.650+0000] {processor.py:183} INFO - Processing /home/airflow/.local/lib/python3.12/site-packages/airflow/example_dags/example_python_decorator.py took 0.042 seconds
[2024-12-22T02:26:14.882+0000] {processor.py:161} INFO - Started process (PID=21589) to work on /home/airflow/.local/lib/python3.12/site-packages/airflow/example_dags/example_python_decorator.py
[2024-12-22T02:26:14.883+0000] {processor.py:830} INFO - Processing file /home/airflow/.local/lib/python3.12/site-packages/airflow/example_dags/example_python_decorator.py for tasks to queue
[2024-12-22T02:26:14.884+0000] {logging_mixin.py:188} INFO - [2024-12-22T02:26:14.883+0000] {dagbag.py:545} INFO - Filling up the DagBag from /home/airflow/.local/lib/python3.12/site-packages/airflow/example_dags/example_python_decorator.py
[2024-12-22T02:26:14.891+0000] {processor.py:840} INFO - DAG(s) 'example_python_decorator' retrieved from /home/airflow/.local/lib/python3.12/site-packages/airflow/example_dags/example_python_decorator.py
[2024-12-22T02:26:14.905+0000] {logging_mixin.py:188} INFO - [2024-12-22T02:26:14.905+0000] {dag.py:3089} INFO - Sync 1 DAGs
[2024-12-22T02:26:14.913+0000] {logging_mixin.py:188} INFO - [2024-12-22T02:26:14.913+0000] {dag.py:3947} INFO - Setting next_dagrun for example_python_decorator to None, run_after=None
[2024-12-22T02:26:14.924+0000] {processor.py:183} INFO - Processing /home/airflow/.local/lib/python3.12/site-packages/airflow/example_dags/example_python_decorator.py took 0.046 seconds
[2024-12-22T02:26:45.961+0000] {processor.py:161} INFO - Started process (PID=21866) to work on /home/airflow/.local/lib/python3.12/site-packages/airflow/example_dags/example_python_decorator.py
[2024-12-22T02:26:45.961+0000] {processor.py:830} INFO - Processing file /home/airflow/.local/lib/python3.12/site-packages/airflow/example_dags/example_python_decorator.py for tasks to queue
[2024-12-22T02:26:45.962+0000] {logging_mixin.py:188} INFO - [2024-12-22T02:26:45.962+0000] {dagbag.py:545} INFO - Filling up the DagBag from /home/airflow/.local/lib/python3.12/site-packages/airflow/example_dags/example_python_decorator.py
[2024-12-22T02:26:45.970+0000] {processor.py:840} INFO - DAG(s) 'example_python_decorator' retrieved from /home/airflow/.local/lib/python3.12/site-packages/airflow/example_dags/example_python_decorator.py
[2024-12-22T02:26:45.985+0000] {logging_mixin.py:188} INFO - [2024-12-22T02:26:45.985+0000] {dag.py:3089} INFO - Sync 1 DAGs
[2024-12-22T02:26:45.991+0000] {logging_mixin.py:188} INFO - [2024-12-22T02:26:45.991+0000] {dag.py:3947} INFO - Setting next_dagrun for example_python_decorator to None, run_after=None
[2024-12-22T02:26:46.002+0000] {processor.py:183} INFO - Processing /home/airflow/.local/lib/python3.12/site-packages/airflow/example_dags/example_python_decorator.py took 0.046 seconds
[2024-12-22T02:27:16.587+0000] {processor.py:161} INFO - Started process (PID=22143) to work on /home/airflow/.local/lib/python3.12/site-packages/airflow/example_dags/example_python_decorator.py
[2024-12-22T02:27:16.588+0000] {processor.py:830} INFO - Processing file /home/airflow/.local/lib/python3.12/site-packages/airflow/example_dags/example_python_decorator.py for tasks to queue
[2024-12-22T02:27:16.589+0000] {logging_mixin.py:188} INFO - [2024-12-22T02:27:16.589+0000] {dagbag.py:545} INFO - Filling up the DagBag from /home/airflow/.local/lib/python3.12/site-packages/airflow/example_dags/example_python_decorator.py
[2024-12-22T02:27:16.598+0000] {processor.py:840} INFO - DAG(s) 'example_python_decorator' retrieved from /home/airflow/.local/lib/python3.12/site-packages/airflow/example_dags/example_python_decorator.py
[2024-12-22T02:27:16.613+0000] {logging_mixin.py:188} INFO - [2024-12-22T02:27:16.612+0000] {dag.py:3089} INFO - Sync 1 DAGs
[2024-12-22T02:27:16.619+0000] {logging_mixin.py:188} INFO - [2024-12-22T02:27:16.619+0000] {dag.py:3947} INFO - Setting next_dagrun for example_python_decorator to None, run_after=None
[2024-12-22T02:27:16.634+0000] {processor.py:183} INFO - Processing /home/airflow/.local/lib/python3.12/site-packages/airflow/example_dags/example_python_decorator.py took 0.051 seconds
[2024-12-22T02:27:47.142+0000] {processor.py:161} INFO - Started process (PID=22420) to work on /home/airflow/.local/lib/python3.12/site-packages/airflow/example_dags/example_python_decorator.py
[2024-12-22T02:27:47.142+0000] {processor.py:830} INFO - Processing file /home/airflow/.local/lib/python3.12/site-packages/airflow/example_dags/example_python_decorator.py for tasks to queue
[2024-12-22T02:27:47.144+0000] {logging_mixin.py:188} INFO - [2024-12-22T02:27:47.143+0000] {dagbag.py:545} INFO - Filling up the DagBag from /home/airflow/.local/lib/python3.12/site-packages/airflow/example_dags/example_python_decorator.py
[2024-12-22T02:27:47.150+0000] {processor.py:840} INFO - DAG(s) 'example_python_decorator' retrieved from /home/airflow/.local/lib/python3.12/site-packages/airflow/example_dags/example_python_decorator.py
[2024-12-22T02:27:47.163+0000] {logging_mixin.py:188} INFO - [2024-12-22T02:27:47.163+0000] {dag.py:3089} INFO - Sync 1 DAGs
[2024-12-22T02:27:47.170+0000] {logging_mixin.py:188} INFO - [2024-12-22T02:27:47.170+0000] {dag.py:3947} INFO - Setting next_dagrun for example_python_decorator to None, run_after=None
[2024-12-22T02:27:47.180+0000] {processor.py:183} INFO - Processing /home/airflow/.local/lib/python3.12/site-packages/airflow/example_dags/example_python_decorator.py took 0.042 seconds
[2024-12-22T02:28:18.625+0000] {processor.py:161} INFO - Started process (PID=22697) to work on /home/airflow/.local/lib/python3.12/site-packages/airflow/example_dags/example_python_decorator.py
[2024-12-22T02:28:18.626+0000] {processor.py:830} INFO - Processing file /home/airflow/.local/lib/python3.12/site-packages/airflow/example_dags/example_python_decorator.py for tasks to queue
[2024-12-22T02:28:18.627+0000] {logging_mixin.py:188} INFO - [2024-12-22T02:28:18.627+0000] {dagbag.py:545} INFO - Filling up the DagBag from /home/airflow/.local/lib/python3.12/site-packages/airflow/example_dags/example_python_decorator.py
[2024-12-22T02:28:18.635+0000] {processor.py:840} INFO - DAG(s) 'example_python_decorator' retrieved from /home/airflow/.local/lib/python3.12/site-packages/airflow/example_dags/example_python_decorator.py
[2024-12-22T02:28:18.649+0000] {logging_mixin.py:188} INFO - [2024-12-22T02:28:18.649+0000] {dag.py:3089} INFO - Sync 1 DAGs
[2024-12-22T02:28:18.656+0000] {logging_mixin.py:188} INFO - [2024-12-22T02:28:18.656+0000] {dag.py:3947} INFO - Setting next_dagrun for example_python_decorator to None, run_after=None
[2024-12-22T02:28:18.667+0000] {processor.py:183} INFO - Processing /home/airflow/.local/lib/python3.12/site-packages/airflow/example_dags/example_python_decorator.py took 0.045 seconds
[2024-12-22T02:28:52.210+0000] {processor.py:161} INFO - Started process (PID=22974) to work on /home/airflow/.local/lib/python3.12/site-packages/airflow/example_dags/example_python_decorator.py
[2024-12-22T02:28:52.211+0000] {processor.py:830} INFO - Processing file /home/airflow/.local/lib/python3.12/site-packages/airflow/example_dags/example_python_decorator.py for tasks to queue
[2024-12-22T02:28:52.214+0000] {logging_mixin.py:188} INFO - [2024-12-22T02:28:52.213+0000] {dagbag.py:545} INFO - Filling up the DagBag from /home/airflow/.local/lib/python3.12/site-packages/airflow/example_dags/example_python_decorator.py
[2024-12-22T02:28:52.222+0000] {processor.py:840} INFO - DAG(s) 'example_python_decorator' retrieved from /home/airflow/.local/lib/python3.12/site-packages/airflow/example_dags/example_python_decorator.py
[2024-12-22T02:28:52.239+0000] {logging_mixin.py:188} INFO - [2024-12-22T02:28:52.239+0000] {dag.py:3089} INFO - Sync 1 DAGs
[2024-12-22T02:28:52.246+0000] {logging_mixin.py:188} INFO - [2024-12-22T02:28:52.246+0000] {dag.py:3947} INFO - Setting next_dagrun for example_python_decorator to None, run_after=None
[2024-12-22T02:28:52.257+0000] {processor.py:183} INFO - Processing /home/airflow/.local/lib/python3.12/site-packages/airflow/example_dags/example_python_decorator.py took 0.052 seconds
[2024-12-22T02:29:38.031+0000] {processor.py:161} INFO - Started process (PID=23251) to work on /home/airflow/.local/lib/python3.12/site-packages/airflow/example_dags/example_python_decorator.py
[2024-12-22T02:29:38.032+0000] {processor.py:830} INFO - Processing file /home/airflow/.local/lib/python3.12/site-packages/airflow/example_dags/example_python_decorator.py for tasks to queue
[2024-12-22T02:29:38.033+0000] {logging_mixin.py:188} INFO - [2024-12-22T02:29:38.033+0000] {dagbag.py:545} INFO - Filling up the DagBag from /home/airflow/.local/lib/python3.12/site-packages/airflow/example_dags/example_python_decorator.py
[2024-12-22T02:29:38.040+0000] {processor.py:840} INFO - DAG(s) 'example_python_decorator' retrieved from /home/airflow/.local/lib/python3.12/site-packages/airflow/example_dags/example_python_decorator.py
[2024-12-22T02:29:38.055+0000] {logging_mixin.py:188} INFO - [2024-12-22T02:29:38.055+0000] {dag.py:3089} INFO - Sync 1 DAGs
[2024-12-22T02:29:38.063+0000] {logging_mixin.py:188} INFO - [2024-12-22T02:29:38.063+0000] {dag.py:3947} INFO - Setting next_dagrun for example_python_decorator to None, run_after=None
[2024-12-22T02:29:38.074+0000] {processor.py:183} INFO - Processing /home/airflow/.local/lib/python3.12/site-packages/airflow/example_dags/example_python_decorator.py took 0.047 seconds
[2024-12-22T02:30:08.652+0000] {processor.py:161} INFO - Started process (PID=23528) to work on /home/airflow/.local/lib/python3.12/site-packages/airflow/example_dags/example_python_decorator.py
[2024-12-22T02:30:08.653+0000] {processor.py:830} INFO - Processing file /home/airflow/.local/lib/python3.12/site-packages/airflow/example_dags/example_python_decorator.py for tasks to queue
[2024-12-22T02:30:08.654+0000] {logging_mixin.py:188} INFO - [2024-12-22T02:30:08.654+0000] {dagbag.py:545} INFO - Filling up the DagBag from /home/airflow/.local/lib/python3.12/site-packages/airflow/example_dags/example_python_decorator.py
[2024-12-22T02:30:08.663+0000] {processor.py:840} INFO - DAG(s) 'example_python_decorator' retrieved from /home/airflow/.local/lib/python3.12/site-packages/airflow/example_dags/example_python_decorator.py
[2024-12-22T02:30:08.678+0000] {logging_mixin.py:188} INFO - [2024-12-22T02:30:08.678+0000] {dag.py:3089} INFO - Sync 1 DAGs
[2024-12-22T02:30:08.686+0000] {logging_mixin.py:188} INFO - [2024-12-22T02:30:08.686+0000] {dag.py:3947} INFO - Setting next_dagrun for example_python_decorator to None, run_after=None
[2024-12-22T02:30:08.698+0000] {processor.py:183} INFO - Processing /home/airflow/.local/lib/python3.12/site-packages/airflow/example_dags/example_python_decorator.py took 0.049 seconds
[2024-12-22T02:30:38.747+0000] {processor.py:161} INFO - Started process (PID=23805) to work on /home/airflow/.local/lib/python3.12/site-packages/airflow/example_dags/example_python_decorator.py
[2024-12-22T02:30:38.748+0000] {processor.py:830} INFO - Processing file /home/airflow/.local/lib/python3.12/site-packages/airflow/example_dags/example_python_decorator.py for tasks to queue
[2024-12-22T02:30:38.749+0000] {logging_mixin.py:188} INFO - [2024-12-22T02:30:38.749+0000] {dagbag.py:545} INFO - Filling up the DagBag from /home/airflow/.local/lib/python3.12/site-packages/airflow/example_dags/example_python_decorator.py
[2024-12-22T02:30:38.760+0000] {processor.py:840} INFO - DAG(s) 'example_python_decorator' retrieved from /home/airflow/.local/lib/python3.12/site-packages/airflow/example_dags/example_python_decorator.py
[2024-12-22T02:30:38.775+0000] {logging_mixin.py:188} INFO - [2024-12-22T02:30:38.775+0000] {dag.py:3089} INFO - Sync 1 DAGs
[2024-12-22T02:30:38.782+0000] {logging_mixin.py:188} INFO - [2024-12-22T02:30:38.781+0000] {dag.py:3947} INFO - Setting next_dagrun for example_python_decorator to None, run_after=None
[2024-12-22T02:30:38.792+0000] {processor.py:183} INFO - Processing /home/airflow/.local/lib/python3.12/site-packages/airflow/example_dags/example_python_decorator.py took 0.048 seconds
[2024-12-22T02:31:09.280+0000] {processor.py:161} INFO - Started process (PID=24082) to work on /home/airflow/.local/lib/python3.12/site-packages/airflow/example_dags/example_python_decorator.py
[2024-12-22T02:31:09.280+0000] {processor.py:830} INFO - Processing file /home/airflow/.local/lib/python3.12/site-packages/airflow/example_dags/example_python_decorator.py for tasks to queue
[2024-12-22T02:31:09.281+0000] {logging_mixin.py:188} INFO - [2024-12-22T02:31:09.281+0000] {dagbag.py:545} INFO - Filling up the DagBag from /home/airflow/.local/lib/python3.12/site-packages/airflow/example_dags/example_python_decorator.py
[2024-12-22T02:31:09.288+0000] {processor.py:840} INFO - DAG(s) 'example_python_decorator' retrieved from /home/airflow/.local/lib/python3.12/site-packages/airflow/example_dags/example_python_decorator.py
[2024-12-22T02:31:09.302+0000] {logging_mixin.py:188} INFO - [2024-12-22T02:31:09.302+0000] {dag.py:3089} INFO - Sync 1 DAGs
[2024-12-22T02:31:09.311+0000] {logging_mixin.py:188} INFO - [2024-12-22T02:31:09.311+0000] {dag.py:3947} INFO - Setting next_dagrun for example_python_decorator to None, run_after=None
[2024-12-22T02:31:09.323+0000] {processor.py:183} INFO - Processing /home/airflow/.local/lib/python3.12/site-packages/airflow/example_dags/example_python_decorator.py took 0.047 seconds
[2024-12-22T02:31:39.751+0000] {processor.py:161} INFO - Started process (PID=24359) to work on /home/airflow/.local/lib/python3.12/site-packages/airflow/example_dags/example_python_decorator.py
[2024-12-22T02:31:39.751+0000] {processor.py:830} INFO - Processing file /home/airflow/.local/lib/python3.12/site-packages/airflow/example_dags/example_python_decorator.py for tasks to queue
[2024-12-22T02:31:39.753+0000] {logging_mixin.py:188} INFO - [2024-12-22T02:31:39.752+0000] {dagbag.py:545} INFO - Filling up the DagBag from /home/airflow/.local/lib/python3.12/site-packages/airflow/example_dags/example_python_decorator.py
[2024-12-22T02:31:39.761+0000] {processor.py:840} INFO - DAG(s) 'example_python_decorator' retrieved from /home/airflow/.local/lib/python3.12/site-packages/airflow/example_dags/example_python_decorator.py
[2024-12-22T02:31:39.776+0000] {logging_mixin.py:188} INFO - [2024-12-22T02:31:39.775+0000] {dag.py:3089} INFO - Sync 1 DAGs
[2024-12-22T02:31:39.783+0000] {logging_mixin.py:188} INFO - [2024-12-22T02:31:39.783+0000] {dag.py:3947} INFO - Setting next_dagrun for example_python_decorator to None, run_after=None
[2024-12-22T02:31:39.794+0000] {processor.py:183} INFO - Processing /home/airflow/.local/lib/python3.12/site-packages/airflow/example_dags/example_python_decorator.py took 0.047 seconds
[2024-12-22T02:32:10.123+0000] {processor.py:161} INFO - Started process (PID=24636) to work on /home/airflow/.local/lib/python3.12/site-packages/airflow/example_dags/example_python_decorator.py
[2024-12-22T02:32:10.124+0000] {processor.py:830} INFO - Processing file /home/airflow/.local/lib/python3.12/site-packages/airflow/example_dags/example_python_decorator.py for tasks to queue
[2024-12-22T02:32:10.125+0000] {logging_mixin.py:188} INFO - [2024-12-22T02:32:10.125+0000] {dagbag.py:545} INFO - Filling up the DagBag from /home/airflow/.local/lib/python3.12/site-packages/airflow/example_dags/example_python_decorator.py
[2024-12-22T02:32:10.133+0000] {processor.py:840} INFO - DAG(s) 'example_python_decorator' retrieved from /home/airflow/.local/lib/python3.12/site-packages/airflow/example_dags/example_python_decorator.py
[2024-12-22T02:32:10.148+0000] {logging_mixin.py:188} INFO - [2024-12-22T02:32:10.147+0000] {dag.py:3089} INFO - Sync 1 DAGs
[2024-12-22T02:32:10.156+0000] {logging_mixin.py:188} INFO - [2024-12-22T02:32:10.156+0000] {dag.py:3947} INFO - Setting next_dagrun for example_python_decorator to None, run_after=None
[2024-12-22T02:32:10.169+0000] {processor.py:183} INFO - Processing /home/airflow/.local/lib/python3.12/site-packages/airflow/example_dags/example_python_decorator.py took 0.050 seconds
[2024-12-22T02:32:40.417+0000] {processor.py:161} INFO - Started process (PID=24913) to work on /home/airflow/.local/lib/python3.12/site-packages/airflow/example_dags/example_python_decorator.py
[2024-12-22T02:32:40.418+0000] {processor.py:830} INFO - Processing file /home/airflow/.local/lib/python3.12/site-packages/airflow/example_dags/example_python_decorator.py for tasks to queue
[2024-12-22T02:32:40.420+0000] {logging_mixin.py:188} INFO - [2024-12-22T02:32:40.420+0000] {dagbag.py:545} INFO - Filling up the DagBag from /home/airflow/.local/lib/python3.12/site-packages/airflow/example_dags/example_python_decorator.py
[2024-12-22T02:32:40.430+0000] {processor.py:840} INFO - DAG(s) 'example_python_decorator' retrieved from /home/airflow/.local/lib/python3.12/site-packages/airflow/example_dags/example_python_decorator.py
[2024-12-22T02:32:40.447+0000] {logging_mixin.py:188} INFO - [2024-12-22T02:32:40.447+0000] {dag.py:3089} INFO - Sync 1 DAGs
[2024-12-22T02:32:40.455+0000] {logging_mixin.py:188} INFO - [2024-12-22T02:32:40.455+0000] {dag.py:3947} INFO - Setting next_dagrun for example_python_decorator to None, run_after=None
[2024-12-22T02:32:40.468+0000] {processor.py:183} INFO - Processing /home/airflow/.local/lib/python3.12/site-packages/airflow/example_dags/example_python_decorator.py took 0.055 seconds
[2024-12-22T02:33:10.662+0000] {processor.py:161} INFO - Started process (PID=25190) to work on /home/airflow/.local/lib/python3.12/site-packages/airflow/example_dags/example_python_decorator.py
[2024-12-22T02:33:10.663+0000] {processor.py:830} INFO - Processing file /home/airflow/.local/lib/python3.12/site-packages/airflow/example_dags/example_python_decorator.py for tasks to queue
[2024-12-22T02:33:10.664+0000] {logging_mixin.py:188} INFO - [2024-12-22T02:33:10.663+0000] {dagbag.py:545} INFO - Filling up the DagBag from /home/airflow/.local/lib/python3.12/site-packages/airflow/example_dags/example_python_decorator.py
[2024-12-22T02:33:10.671+0000] {processor.py:840} INFO - DAG(s) 'example_python_decorator' retrieved from /home/airflow/.local/lib/python3.12/site-packages/airflow/example_dags/example_python_decorator.py
[2024-12-22T02:33:10.687+0000] {logging_mixin.py:188} INFO - [2024-12-22T02:33:10.687+0000] {dag.py:3089} INFO - Sync 1 DAGs
[2024-12-22T02:33:10.696+0000] {logging_mixin.py:188} INFO - [2024-12-22T02:33:10.696+0000] {dag.py:3947} INFO - Setting next_dagrun for example_python_decorator to None, run_after=None
[2024-12-22T02:33:10.708+0000] {processor.py:183} INFO - Processing /home/airflow/.local/lib/python3.12/site-packages/airflow/example_dags/example_python_decorator.py took 0.050 seconds
[2024-12-22T02:33:41.073+0000] {processor.py:161} INFO - Started process (PID=25467) to work on /home/airflow/.local/lib/python3.12/site-packages/airflow/example_dags/example_python_decorator.py
[2024-12-22T02:33:41.074+0000] {processor.py:830} INFO - Processing file /home/airflow/.local/lib/python3.12/site-packages/airflow/example_dags/example_python_decorator.py for tasks to queue
[2024-12-22T02:33:41.076+0000] {logging_mixin.py:188} INFO - [2024-12-22T02:33:41.076+0000] {dagbag.py:545} INFO - Filling up the DagBag from /home/airflow/.local/lib/python3.12/site-packages/airflow/example_dags/example_python_decorator.py
[2024-12-22T02:33:41.084+0000] {processor.py:840} INFO - DAG(s) 'example_python_decorator' retrieved from /home/airflow/.local/lib/python3.12/site-packages/airflow/example_dags/example_python_decorator.py
[2024-12-22T02:33:41.098+0000] {logging_mixin.py:188} INFO - [2024-12-22T02:33:41.098+0000] {dag.py:3089} INFO - Sync 1 DAGs
[2024-12-22T02:33:41.105+0000] {logging_mixin.py:188} INFO - [2024-12-22T02:33:41.104+0000] {dag.py:3947} INFO - Setting next_dagrun for example_python_decorator to None, run_after=None
[2024-12-22T02:33:41.117+0000] {processor.py:183} INFO - Processing /home/airflow/.local/lib/python3.12/site-packages/airflow/example_dags/example_python_decorator.py took 0.048 seconds
[2024-12-22T02:34:11.648+0000] {processor.py:161} INFO - Started process (PID=25746) to work on /home/airflow/.local/lib/python3.12/site-packages/airflow/example_dags/example_python_decorator.py
[2024-12-22T02:34:11.649+0000] {processor.py:830} INFO - Processing file /home/airflow/.local/lib/python3.12/site-packages/airflow/example_dags/example_python_decorator.py for tasks to queue
[2024-12-22T02:34:11.651+0000] {logging_mixin.py:188} INFO - [2024-12-22T02:34:11.650+0000] {dagbag.py:545} INFO - Filling up the DagBag from /home/airflow/.local/lib/python3.12/site-packages/airflow/example_dags/example_python_decorator.py
[2024-12-22T02:34:11.658+0000] {processor.py:840} INFO - DAG(s) 'example_python_decorator' retrieved from /home/airflow/.local/lib/python3.12/site-packages/airflow/example_dags/example_python_decorator.py
[2024-12-22T02:34:11.673+0000] {logging_mixin.py:188} INFO - [2024-12-22T02:34:11.673+0000] {dag.py:3089} INFO - Sync 1 DAGs
[2024-12-22T02:34:11.679+0000] {logging_mixin.py:188} INFO - [2024-12-22T02:34:11.679+0000] {dag.py:3947} INFO - Setting next_dagrun for example_python_decorator to None, run_after=None
[2024-12-22T02:34:11.693+0000] {processor.py:183} INFO - Processing /home/airflow/.local/lib/python3.12/site-packages/airflow/example_dags/example_python_decorator.py took 0.048 seconds
[2024-12-22T02:34:41.930+0000] {processor.py:161} INFO - Started process (PID=26021) to work on /home/airflow/.local/lib/python3.12/site-packages/airflow/example_dags/example_python_decorator.py
[2024-12-22T02:34:41.931+0000] {processor.py:830} INFO - Processing file /home/airflow/.local/lib/python3.12/site-packages/airflow/example_dags/example_python_decorator.py for tasks to queue
[2024-12-22T02:34:41.932+0000] {logging_mixin.py:188} INFO - [2024-12-22T02:34:41.932+0000] {dagbag.py:545} INFO - Filling up the DagBag from /home/airflow/.local/lib/python3.12/site-packages/airflow/example_dags/example_python_decorator.py
[2024-12-22T02:34:41.941+0000] {processor.py:840} INFO - DAG(s) 'example_python_decorator' retrieved from /home/airflow/.local/lib/python3.12/site-packages/airflow/example_dags/example_python_decorator.py
[2024-12-22T02:34:41.957+0000] {logging_mixin.py:188} INFO - [2024-12-22T02:34:41.957+0000] {dag.py:3089} INFO - Sync 1 DAGs
[2024-12-22T02:34:41.965+0000] {logging_mixin.py:188} INFO - [2024-12-22T02:34:41.964+0000] {dag.py:3947} INFO - Setting next_dagrun for example_python_decorator to None, run_after=None
[2024-12-22T02:34:41.979+0000] {processor.py:183} INFO - Processing /home/airflow/.local/lib/python3.12/site-packages/airflow/example_dags/example_python_decorator.py took 0.054 seconds
[2024-12-22T02:35:12.334+0000] {processor.py:161} INFO - Started process (PID=26301) to work on /home/airflow/.local/lib/python3.12/site-packages/airflow/example_dags/example_python_decorator.py
[2024-12-22T02:35:12.335+0000] {processor.py:830} INFO - Processing file /home/airflow/.local/lib/python3.12/site-packages/airflow/example_dags/example_python_decorator.py for tasks to queue
[2024-12-22T02:35:12.336+0000] {logging_mixin.py:188} INFO - [2024-12-22T02:35:12.336+0000] {dagbag.py:545} INFO - Filling up the DagBag from /home/airflow/.local/lib/python3.12/site-packages/airflow/example_dags/example_python_decorator.py
[2024-12-22T02:35:12.345+0000] {processor.py:840} INFO - DAG(s) 'example_python_decorator' retrieved from /home/airflow/.local/lib/python3.12/site-packages/airflow/example_dags/example_python_decorator.py
[2024-12-22T02:35:12.362+0000] {logging_mixin.py:188} INFO - [2024-12-22T02:35:12.361+0000] {dag.py:3089} INFO - Sync 1 DAGs
[2024-12-22T02:35:12.369+0000] {logging_mixin.py:188} INFO - [2024-12-22T02:35:12.369+0000] {dag.py:3947} INFO - Setting next_dagrun for example_python_decorator to None, run_after=None
[2024-12-22T02:35:12.381+0000] {processor.py:183} INFO - Processing /home/airflow/.local/lib/python3.12/site-packages/airflow/example_dags/example_python_decorator.py took 0.051 seconds
[2024-12-22T02:35:42.442+0000] {processor.py:161} INFO - Started process (PID=26576) to work on /home/airflow/.local/lib/python3.12/site-packages/airflow/example_dags/example_python_decorator.py
[2024-12-22T02:35:42.443+0000] {processor.py:830} INFO - Processing file /home/airflow/.local/lib/python3.12/site-packages/airflow/example_dags/example_python_decorator.py for tasks to queue
[2024-12-22T02:35:42.444+0000] {logging_mixin.py:188} INFO - [2024-12-22T02:35:42.444+0000] {dagbag.py:545} INFO - Filling up the DagBag from /home/airflow/.local/lib/python3.12/site-packages/airflow/example_dags/example_python_decorator.py
[2024-12-22T02:35:42.452+0000] {processor.py:840} INFO - DAG(s) 'example_python_decorator' retrieved from /home/airflow/.local/lib/python3.12/site-packages/airflow/example_dags/example_python_decorator.py
[2024-12-22T02:35:42.466+0000] {logging_mixin.py:188} INFO - [2024-12-22T02:35:42.466+0000] {dag.py:3089} INFO - Sync 1 DAGs
[2024-12-22T02:35:42.473+0000] {logging_mixin.py:188} INFO - [2024-12-22T02:35:42.472+0000] {dag.py:3947} INFO - Setting next_dagrun for example_python_decorator to None, run_after=None
[2024-12-22T02:35:42.485+0000] {processor.py:183} INFO - Processing /home/airflow/.local/lib/python3.12/site-packages/airflow/example_dags/example_python_decorator.py took 0.047 seconds
[2024-12-22T02:36:13.720+0000] {processor.py:161} INFO - Started process (PID=26853) to work on /home/airflow/.local/lib/python3.12/site-packages/airflow/example_dags/example_python_decorator.py
[2024-12-22T02:36:13.721+0000] {processor.py:830} INFO - Processing file /home/airflow/.local/lib/python3.12/site-packages/airflow/example_dags/example_python_decorator.py for tasks to queue
[2024-12-22T02:36:13.723+0000] {logging_mixin.py:188} INFO - [2024-12-22T02:36:13.722+0000] {dagbag.py:545} INFO - Filling up the DagBag from /home/airflow/.local/lib/python3.12/site-packages/airflow/example_dags/example_python_decorator.py
[2024-12-22T02:36:13.732+0000] {processor.py:840} INFO - DAG(s) 'example_python_decorator' retrieved from /home/airflow/.local/lib/python3.12/site-packages/airflow/example_dags/example_python_decorator.py
[2024-12-22T02:36:13.752+0000] {logging_mixin.py:188} INFO - [2024-12-22T02:36:13.752+0000] {dag.py:3089} INFO - Sync 1 DAGs
[2024-12-22T02:36:13.761+0000] {logging_mixin.py:188} INFO - [2024-12-22T02:36:13.761+0000] {dag.py:3947} INFO - Setting next_dagrun for example_python_decorator to None, run_after=None
[2024-12-22T02:36:13.780+0000] {processor.py:183} INFO - Processing /home/airflow/.local/lib/python3.12/site-packages/airflow/example_dags/example_python_decorator.py took 0.064 seconds
[2024-12-22T02:36:44.037+0000] {processor.py:161} INFO - Started process (PID=27130) to work on /home/airflow/.local/lib/python3.12/site-packages/airflow/example_dags/example_python_decorator.py
[2024-12-22T02:36:44.038+0000] {processor.py:830} INFO - Processing file /home/airflow/.local/lib/python3.12/site-packages/airflow/example_dags/example_python_decorator.py for tasks to queue
[2024-12-22T02:36:44.039+0000] {logging_mixin.py:188} INFO - [2024-12-22T02:36:44.038+0000] {dagbag.py:545} INFO - Filling up the DagBag from /home/airflow/.local/lib/python3.12/site-packages/airflow/example_dags/example_python_decorator.py
[2024-12-22T02:36:44.046+0000] {processor.py:840} INFO - DAG(s) 'example_python_decorator' retrieved from /home/airflow/.local/lib/python3.12/site-packages/airflow/example_dags/example_python_decorator.py
[2024-12-22T02:36:44.059+0000] {logging_mixin.py:188} INFO - [2024-12-22T02:36:44.059+0000] {dag.py:3089} INFO - Sync 1 DAGs
[2024-12-22T02:36:44.067+0000] {logging_mixin.py:188} INFO - [2024-12-22T02:36:44.067+0000] {dag.py:3947} INFO - Setting next_dagrun for example_python_decorator to None, run_after=None
[2024-12-22T02:36:44.079+0000] {processor.py:183} INFO - Processing /home/airflow/.local/lib/python3.12/site-packages/airflow/example_dags/example_python_decorator.py took 0.047 seconds
[2024-12-22T02:37:14.626+0000] {processor.py:161} INFO - Started process (PID=27409) to work on /home/airflow/.local/lib/python3.12/site-packages/airflow/example_dags/example_python_decorator.py
[2024-12-22T02:37:14.626+0000] {processor.py:830} INFO - Processing file /home/airflow/.local/lib/python3.12/site-packages/airflow/example_dags/example_python_decorator.py for tasks to queue
[2024-12-22T02:37:14.628+0000] {logging_mixin.py:188} INFO - [2024-12-22T02:37:14.628+0000] {dagbag.py:545} INFO - Filling up the DagBag from /home/airflow/.local/lib/python3.12/site-packages/airflow/example_dags/example_python_decorator.py
[2024-12-22T02:37:14.637+0000] {processor.py:840} INFO - DAG(s) 'example_python_decorator' retrieved from /home/airflow/.local/lib/python3.12/site-packages/airflow/example_dags/example_python_decorator.py
[2024-12-22T02:37:14.652+0000] {logging_mixin.py:188} INFO - [2024-12-22T02:37:14.652+0000] {dag.py:3089} INFO - Sync 1 DAGs
[2024-12-22T02:37:14.658+0000] {logging_mixin.py:188} INFO - [2024-12-22T02:37:14.658+0000] {dag.py:3947} INFO - Setting next_dagrun for example_python_decorator to None, run_after=None
[2024-12-22T02:37:14.670+0000] {processor.py:183} INFO - Processing /home/airflow/.local/lib/python3.12/site-packages/airflow/example_dags/example_python_decorator.py took 0.048 seconds
[2024-12-22T02:37:47.330+0000] {processor.py:161} INFO - Started process (PID=27684) to work on /home/airflow/.local/lib/python3.12/site-packages/airflow/example_dags/example_python_decorator.py
[2024-12-22T02:37:47.331+0000] {processor.py:830} INFO - Processing file /home/airflow/.local/lib/python3.12/site-packages/airflow/example_dags/example_python_decorator.py for tasks to queue
[2024-12-22T02:37:47.332+0000] {logging_mixin.py:188} INFO - [2024-12-22T02:37:47.332+0000] {dagbag.py:545} INFO - Filling up the DagBag from /home/airflow/.local/lib/python3.12/site-packages/airflow/example_dags/example_python_decorator.py
[2024-12-22T02:37:47.340+0000] {processor.py:840} INFO - DAG(s) 'example_python_decorator' retrieved from /home/airflow/.local/lib/python3.12/site-packages/airflow/example_dags/example_python_decorator.py
[2024-12-22T02:37:47.353+0000] {logging_mixin.py:188} INFO - [2024-12-22T02:37:47.352+0000] {dag.py:3089} INFO - Sync 1 DAGs
[2024-12-22T02:37:47.359+0000] {logging_mixin.py:188} INFO - [2024-12-22T02:37:47.359+0000] {dag.py:3947} INFO - Setting next_dagrun for example_python_decorator to None, run_after=None
[2024-12-22T02:37:47.370+0000] {processor.py:183} INFO - Processing /home/airflow/.local/lib/python3.12/site-packages/airflow/example_dags/example_python_decorator.py took 0.044 seconds
[2024-12-22T02:38:20.000+0000] {processor.py:161} INFO - Started process (PID=27961) to work on /home/airflow/.local/lib/python3.12/site-packages/airflow/example_dags/example_python_decorator.py
[2024-12-22T02:38:20.001+0000] {processor.py:830} INFO - Processing file /home/airflow/.local/lib/python3.12/site-packages/airflow/example_dags/example_python_decorator.py for tasks to queue
[2024-12-22T02:38:20.002+0000] {logging_mixin.py:188} INFO - [2024-12-22T02:38:20.002+0000] {dagbag.py:545} INFO - Filling up the DagBag from /home/airflow/.local/lib/python3.12/site-packages/airflow/example_dags/example_python_decorator.py
[2024-12-22T02:38:20.010+0000] {processor.py:840} INFO - DAG(s) 'example_python_decorator' retrieved from /home/airflow/.local/lib/python3.12/site-packages/airflow/example_dags/example_python_decorator.py
[2024-12-22T02:38:20.026+0000] {logging_mixin.py:188} INFO - [2024-12-22T02:38:20.026+0000] {dag.py:3089} INFO - Sync 1 DAGs
[2024-12-22T02:38:20.034+0000] {logging_mixin.py:188} INFO - [2024-12-22T02:38:20.033+0000] {dag.py:3947} INFO - Setting next_dagrun for example_python_decorator to None, run_after=None
[2024-12-22T02:38:20.046+0000] {processor.py:183} INFO - Processing /home/airflow/.local/lib/python3.12/site-packages/airflow/example_dags/example_python_decorator.py took 0.050 seconds
[2024-12-22T02:38:51.282+0000] {processor.py:161} INFO - Started process (PID=28238) to work on /home/airflow/.local/lib/python3.12/site-packages/airflow/example_dags/example_python_decorator.py
[2024-12-22T02:38:51.283+0000] {processor.py:830} INFO - Processing file /home/airflow/.local/lib/python3.12/site-packages/airflow/example_dags/example_python_decorator.py for tasks to queue
[2024-12-22T02:38:51.286+0000] {logging_mixin.py:188} INFO - [2024-12-22T02:38:51.285+0000] {dagbag.py:545} INFO - Filling up the DagBag from /home/airflow/.local/lib/python3.12/site-packages/airflow/example_dags/example_python_decorator.py
[2024-12-22T02:38:51.294+0000] {processor.py:840} INFO - DAG(s) 'example_python_decorator' retrieved from /home/airflow/.local/lib/python3.12/site-packages/airflow/example_dags/example_python_decorator.py
[2024-12-22T02:38:51.309+0000] {logging_mixin.py:188} INFO - [2024-12-22T02:38:51.308+0000] {dag.py:3089} INFO - Sync 1 DAGs
[2024-12-22T02:38:51.315+0000] {logging_mixin.py:188} INFO - [2024-12-22T02:38:51.315+0000] {dag.py:3947} INFO - Setting next_dagrun for example_python_decorator to None, run_after=None
[2024-12-22T02:38:51.329+0000] {processor.py:183} INFO - Processing /home/airflow/.local/lib/python3.12/site-packages/airflow/example_dags/example_python_decorator.py took 0.050 seconds
[2024-12-22T02:39:22.154+0000] {processor.py:161} INFO - Started process (PID=28515) to work on /home/airflow/.local/lib/python3.12/site-packages/airflow/example_dags/example_python_decorator.py
[2024-12-22T02:39:22.155+0000] {processor.py:830} INFO - Processing file /home/airflow/.local/lib/python3.12/site-packages/airflow/example_dags/example_python_decorator.py for tasks to queue
[2024-12-22T02:39:22.156+0000] {logging_mixin.py:188} INFO - [2024-12-22T02:39:22.156+0000] {dagbag.py:545} INFO - Filling up the DagBag from /home/airflow/.local/lib/python3.12/site-packages/airflow/example_dags/example_python_decorator.py
[2024-12-22T02:39:22.165+0000] {processor.py:840} INFO - DAG(s) 'example_python_decorator' retrieved from /home/airflow/.local/lib/python3.12/site-packages/airflow/example_dags/example_python_decorator.py
[2024-12-22T02:39:22.184+0000] {logging_mixin.py:188} INFO - [2024-12-22T02:39:22.184+0000] {dag.py:3089} INFO - Sync 1 DAGs
[2024-12-22T02:39:22.193+0000] {logging_mixin.py:188} INFO - [2024-12-22T02:39:22.193+0000] {dag.py:3947} INFO - Setting next_dagrun for example_python_decorator to None, run_after=None
[2024-12-22T02:39:22.208+0000] {processor.py:183} INFO - Processing /home/airflow/.local/lib/python3.12/site-packages/airflow/example_dags/example_python_decorator.py took 0.058 seconds
[2024-12-22T02:39:52.911+0000] {processor.py:161} INFO - Started process (PID=28793) to work on /home/airflow/.local/lib/python3.12/site-packages/airflow/example_dags/example_python_decorator.py
[2024-12-22T02:39:52.912+0000] {processor.py:830} INFO - Processing file /home/airflow/.local/lib/python3.12/site-packages/airflow/example_dags/example_python_decorator.py for tasks to queue
[2024-12-22T02:39:52.913+0000] {logging_mixin.py:188} INFO - [2024-12-22T02:39:52.913+0000] {dagbag.py:545} INFO - Filling up the DagBag from /home/airflow/.local/lib/python3.12/site-packages/airflow/example_dags/example_python_decorator.py
[2024-12-22T02:39:52.920+0000] {processor.py:840} INFO - DAG(s) 'example_python_decorator' retrieved from /home/airflow/.local/lib/python3.12/site-packages/airflow/example_dags/example_python_decorator.py
[2024-12-22T02:39:52.933+0000] {logging_mixin.py:188} INFO - [2024-12-22T02:39:52.933+0000] {dag.py:3089} INFO - Sync 1 DAGs
[2024-12-22T02:39:52.940+0000] {logging_mixin.py:188} INFO - [2024-12-22T02:39:52.940+0000] {dag.py:3947} INFO - Setting next_dagrun for example_python_decorator to None, run_after=None
[2024-12-22T02:39:52.952+0000] {processor.py:183} INFO - Processing /home/airflow/.local/lib/python3.12/site-packages/airflow/example_dags/example_python_decorator.py took 0.045 seconds
[2024-12-22T02:40:26.306+0000] {processor.py:161} INFO - Started process (PID=29070) to work on /home/airflow/.local/lib/python3.12/site-packages/airflow/example_dags/example_python_decorator.py
[2024-12-22T02:40:26.307+0000] {processor.py:830} INFO - Processing file /home/airflow/.local/lib/python3.12/site-packages/airflow/example_dags/example_python_decorator.py for tasks to queue
[2024-12-22T02:40:26.308+0000] {logging_mixin.py:188} INFO - [2024-12-22T02:40:26.308+0000] {dagbag.py:545} INFO - Filling up the DagBag from /home/airflow/.local/lib/python3.12/site-packages/airflow/example_dags/example_python_decorator.py
[2024-12-22T02:40:26.317+0000] {processor.py:840} INFO - DAG(s) 'example_python_decorator' retrieved from /home/airflow/.local/lib/python3.12/site-packages/airflow/example_dags/example_python_decorator.py
[2024-12-22T02:40:26.332+0000] {logging_mixin.py:188} INFO - [2024-12-22T02:40:26.332+0000] {dag.py:3089} INFO - Sync 1 DAGs
[2024-12-22T02:40:26.339+0000] {logging_mixin.py:188} INFO - [2024-12-22T02:40:26.339+0000] {dag.py:3947} INFO - Setting next_dagrun for example_python_decorator to None, run_after=None
[2024-12-22T02:40:26.350+0000] {processor.py:183} INFO - Processing /home/airflow/.local/lib/python3.12/site-packages/airflow/example_dags/example_python_decorator.py took 0.048 seconds
[2024-12-22T02:40:58.643+0000] {processor.py:161} INFO - Started process (PID=29347) to work on /home/airflow/.local/lib/python3.12/site-packages/airflow/example_dags/example_python_decorator.py
[2024-12-22T02:40:58.644+0000] {processor.py:830} INFO - Processing file /home/airflow/.local/lib/python3.12/site-packages/airflow/example_dags/example_python_decorator.py for tasks to queue
[2024-12-22T02:40:58.646+0000] {logging_mixin.py:188} INFO - [2024-12-22T02:40:58.645+0000] {dagbag.py:545} INFO - Filling up the DagBag from /home/airflow/.local/lib/python3.12/site-packages/airflow/example_dags/example_python_decorator.py
[2024-12-22T02:40:58.654+0000] {processor.py:840} INFO - DAG(s) 'example_python_decorator' retrieved from /home/airflow/.local/lib/python3.12/site-packages/airflow/example_dags/example_python_decorator.py
[2024-12-22T02:40:58.667+0000] {logging_mixin.py:188} INFO - [2024-12-22T02:40:58.667+0000] {dag.py:3089} INFO - Sync 1 DAGs
[2024-12-22T02:40:58.674+0000] {logging_mixin.py:188} INFO - [2024-12-22T02:40:58.674+0000] {dag.py:3947} INFO - Setting next_dagrun for example_python_decorator to None, run_after=None
[2024-12-22T02:40:58.687+0000] {processor.py:183} INFO - Processing /home/airflow/.local/lib/python3.12/site-packages/airflow/example_dags/example_python_decorator.py took 0.047 seconds
[2024-12-22T02:41:31.202+0000] {processor.py:161} INFO - Started process (PID=29624) to work on /home/airflow/.local/lib/python3.12/site-packages/airflow/example_dags/example_python_decorator.py
[2024-12-22T02:41:31.202+0000] {processor.py:830} INFO - Processing file /home/airflow/.local/lib/python3.12/site-packages/airflow/example_dags/example_python_decorator.py for tasks to queue
[2024-12-22T02:41:31.204+0000] {logging_mixin.py:188} INFO - [2024-12-22T02:41:31.204+0000] {dagbag.py:545} INFO - Filling up the DagBag from /home/airflow/.local/lib/python3.12/site-packages/airflow/example_dags/example_python_decorator.py
[2024-12-22T02:41:31.215+0000] {processor.py:840} INFO - DAG(s) 'example_python_decorator' retrieved from /home/airflow/.local/lib/python3.12/site-packages/airflow/example_dags/example_python_decorator.py
[2024-12-22T02:41:31.231+0000] {logging_mixin.py:188} INFO - [2024-12-22T02:41:31.231+0000] {dag.py:3089} INFO - Sync 1 DAGs
[2024-12-22T02:41:31.238+0000] {logging_mixin.py:188} INFO - [2024-12-22T02:41:31.238+0000] {dag.py:3947} INFO - Setting next_dagrun for example_python_decorator to None, run_after=None
[2024-12-22T02:41:31.250+0000] {processor.py:183} INFO - Processing /home/airflow/.local/lib/python3.12/site-packages/airflow/example_dags/example_python_decorator.py took 0.054 seconds
[2024-12-22T02:42:02.259+0000] {processor.py:161} INFO - Started process (PID=29901) to work on /home/airflow/.local/lib/python3.12/site-packages/airflow/example_dags/example_python_decorator.py
[2024-12-22T02:42:02.260+0000] {processor.py:830} INFO - Processing file /home/airflow/.local/lib/python3.12/site-packages/airflow/example_dags/example_python_decorator.py for tasks to queue
[2024-12-22T02:42:02.262+0000] {logging_mixin.py:188} INFO - [2024-12-22T02:42:02.261+0000] {dagbag.py:545} INFO - Filling up the DagBag from /home/airflow/.local/lib/python3.12/site-packages/airflow/example_dags/example_python_decorator.py
[2024-12-22T02:42:02.271+0000] {processor.py:840} INFO - DAG(s) 'example_python_decorator' retrieved from /home/airflow/.local/lib/python3.12/site-packages/airflow/example_dags/example_python_decorator.py
[2024-12-22T02:42:02.290+0000] {logging_mixin.py:188} INFO - [2024-12-22T02:42:02.290+0000] {dag.py:3089} INFO - Sync 1 DAGs
[2024-12-22T02:42:02.300+0000] {logging_mixin.py:188} INFO - [2024-12-22T02:42:02.299+0000] {dag.py:3947} INFO - Setting next_dagrun for example_python_decorator to None, run_after=None
[2024-12-22T02:42:02.313+0000] {processor.py:183} INFO - Processing /home/airflow/.local/lib/python3.12/site-packages/airflow/example_dags/example_python_decorator.py took 0.059 seconds
[2024-12-22T02:42:33.379+0000] {processor.py:161} INFO - Started process (PID=30178) to work on /home/airflow/.local/lib/python3.12/site-packages/airflow/example_dags/example_python_decorator.py
[2024-12-22T02:42:33.381+0000] {processor.py:830} INFO - Processing file /home/airflow/.local/lib/python3.12/site-packages/airflow/example_dags/example_python_decorator.py for tasks to queue
[2024-12-22T02:42:33.383+0000] {logging_mixin.py:188} INFO - [2024-12-22T02:42:33.383+0000] {dagbag.py:545} INFO - Filling up the DagBag from /home/airflow/.local/lib/python3.12/site-packages/airflow/example_dags/example_python_decorator.py
[2024-12-22T02:42:33.391+0000] {processor.py:840} INFO - DAG(s) 'example_python_decorator' retrieved from /home/airflow/.local/lib/python3.12/site-packages/airflow/example_dags/example_python_decorator.py
[2024-12-22T02:42:33.408+0000] {logging_mixin.py:188} INFO - [2024-12-22T02:42:33.408+0000] {dag.py:3089} INFO - Sync 1 DAGs
[2024-12-22T02:42:33.416+0000] {logging_mixin.py:188} INFO - [2024-12-22T02:42:33.416+0000] {dag.py:3947} INFO - Setting next_dagrun for example_python_decorator to None, run_after=None
[2024-12-22T02:42:33.425+0000] {processor.py:183} INFO - Processing /home/airflow/.local/lib/python3.12/site-packages/airflow/example_dags/example_python_decorator.py took 0.050 seconds
[2024-12-22T02:43:05.913+0000] {processor.py:161} INFO - Started process (PID=30457) to work on /home/airflow/.local/lib/python3.12/site-packages/airflow/example_dags/example_python_decorator.py
[2024-12-22T02:43:05.915+0000] {processor.py:830} INFO - Processing file /home/airflow/.local/lib/python3.12/site-packages/airflow/example_dags/example_python_decorator.py for tasks to queue
[2024-12-22T02:43:05.917+0000] {logging_mixin.py:188} INFO - [2024-12-22T02:43:05.916+0000] {dagbag.py:545} INFO - Filling up the DagBag from /home/airflow/.local/lib/python3.12/site-packages/airflow/example_dags/example_python_decorator.py
[2024-12-22T02:43:05.924+0000] {processor.py:840} INFO - DAG(s) 'example_python_decorator' retrieved from /home/airflow/.local/lib/python3.12/site-packages/airflow/example_dags/example_python_decorator.py
[2024-12-22T02:43:05.938+0000] {logging_mixin.py:188} INFO - [2024-12-22T02:43:05.938+0000] {dag.py:3089} INFO - Sync 1 DAGs
[2024-12-22T02:43:05.947+0000] {logging_mixin.py:188} INFO - [2024-12-22T02:43:05.947+0000] {dag.py:3947} INFO - Setting next_dagrun for example_python_decorator to None, run_after=None
[2024-12-22T02:43:05.959+0000] {processor.py:183} INFO - Processing /home/airflow/.local/lib/python3.12/site-packages/airflow/example_dags/example_python_decorator.py took 0.050 seconds
[2024-12-22T02:43:38.309+0000] {processor.py:161} INFO - Started process (PID=30732) to work on /home/airflow/.local/lib/python3.12/site-packages/airflow/example_dags/example_python_decorator.py
[2024-12-22T02:43:38.310+0000] {processor.py:830} INFO - Processing file /home/airflow/.local/lib/python3.12/site-packages/airflow/example_dags/example_python_decorator.py for tasks to queue
[2024-12-22T02:43:38.311+0000] {logging_mixin.py:188} INFO - [2024-12-22T02:43:38.311+0000] {dagbag.py:545} INFO - Filling up the DagBag from /home/airflow/.local/lib/python3.12/site-packages/airflow/example_dags/example_python_decorator.py
[2024-12-22T02:43:38.319+0000] {processor.py:840} INFO - DAG(s) 'example_python_decorator' retrieved from /home/airflow/.local/lib/python3.12/site-packages/airflow/example_dags/example_python_decorator.py
[2024-12-22T02:43:38.334+0000] {logging_mixin.py:188} INFO - [2024-12-22T02:43:38.334+0000] {dag.py:3089} INFO - Sync 1 DAGs
[2024-12-22T02:43:38.342+0000] {logging_mixin.py:188} INFO - [2024-12-22T02:43:38.342+0000] {dag.py:3947} INFO - Setting next_dagrun for example_python_decorator to None, run_after=None
[2024-12-22T02:43:38.354+0000] {processor.py:183} INFO - Processing /home/airflow/.local/lib/python3.12/site-packages/airflow/example_dags/example_python_decorator.py took 0.049 seconds
[2024-12-22T02:44:10.774+0000] {processor.py:161} INFO - Started process (PID=31009) to work on /home/airflow/.local/lib/python3.12/site-packages/airflow/example_dags/example_python_decorator.py
[2024-12-22T02:44:10.774+0000] {processor.py:830} INFO - Processing file /home/airflow/.local/lib/python3.12/site-packages/airflow/example_dags/example_python_decorator.py for tasks to queue
[2024-12-22T02:44:10.775+0000] {logging_mixin.py:188} INFO - [2024-12-22T02:44:10.775+0000] {dagbag.py:545} INFO - Filling up the DagBag from /home/airflow/.local/lib/python3.12/site-packages/airflow/example_dags/example_python_decorator.py
[2024-12-22T02:44:10.783+0000] {processor.py:840} INFO - DAG(s) 'example_python_decorator' retrieved from /home/airflow/.local/lib/python3.12/site-packages/airflow/example_dags/example_python_decorator.py
[2024-12-22T02:44:10.801+0000] {logging_mixin.py:188} INFO - [2024-12-22T02:44:10.801+0000] {dag.py:3089} INFO - Sync 1 DAGs
[2024-12-22T02:44:10.813+0000] {logging_mixin.py:188} INFO - [2024-12-22T02:44:10.812+0000] {dag.py:3947} INFO - Setting next_dagrun for example_python_decorator to None, run_after=None
[2024-12-22T02:44:10.830+0000] {processor.py:183} INFO - Processing /home/airflow/.local/lib/python3.12/site-packages/airflow/example_dags/example_python_decorator.py took 0.061 seconds
[2024-12-22T02:44:43.470+0000] {processor.py:161} INFO - Started process (PID=31286) to work on /home/airflow/.local/lib/python3.12/site-packages/airflow/example_dags/example_python_decorator.py
[2024-12-22T02:44:43.471+0000] {processor.py:830} INFO - Processing file /home/airflow/.local/lib/python3.12/site-packages/airflow/example_dags/example_python_decorator.py for tasks to queue
[2024-12-22T02:44:43.472+0000] {logging_mixin.py:188} INFO - [2024-12-22T02:44:43.472+0000] {dagbag.py:545} INFO - Filling up the DagBag from /home/airflow/.local/lib/python3.12/site-packages/airflow/example_dags/example_python_decorator.py
[2024-12-22T02:44:43.481+0000] {processor.py:840} INFO - DAG(s) 'example_python_decorator' retrieved from /home/airflow/.local/lib/python3.12/site-packages/airflow/example_dags/example_python_decorator.py
[2024-12-22T02:44:43.497+0000] {logging_mixin.py:188} INFO - [2024-12-22T02:44:43.497+0000] {dag.py:3089} INFO - Sync 1 DAGs
[2024-12-22T02:44:43.504+0000] {logging_mixin.py:188} INFO - [2024-12-22T02:44:43.504+0000] {dag.py:3947} INFO - Setting next_dagrun for example_python_decorator to None, run_after=None
[2024-12-22T02:44:43.516+0000] {processor.py:183} INFO - Processing /home/airflow/.local/lib/python3.12/site-packages/airflow/example_dags/example_python_decorator.py took 0.051 seconds
[2024-12-22T02:45:14.734+0000] {processor.py:161} INFO - Started process (PID=31563) to work on /home/airflow/.local/lib/python3.12/site-packages/airflow/example_dags/example_python_decorator.py
[2024-12-22T02:45:14.735+0000] {processor.py:830} INFO - Processing file /home/airflow/.local/lib/python3.12/site-packages/airflow/example_dags/example_python_decorator.py for tasks to queue
[2024-12-22T02:45:14.736+0000] {logging_mixin.py:188} INFO - [2024-12-22T02:45:14.736+0000] {dagbag.py:545} INFO - Filling up the DagBag from /home/airflow/.local/lib/python3.12/site-packages/airflow/example_dags/example_python_decorator.py
[2024-12-22T02:45:14.745+0000] {processor.py:840} INFO - DAG(s) 'example_python_decorator' retrieved from /home/airflow/.local/lib/python3.12/site-packages/airflow/example_dags/example_python_decorator.py
[2024-12-22T02:45:14.761+0000] {logging_mixin.py:188} INFO - [2024-12-22T02:45:14.761+0000] {dag.py:3089} INFO - Sync 1 DAGs
[2024-12-22T02:45:14.769+0000] {logging_mixin.py:188} INFO - [2024-12-22T02:45:14.769+0000] {dag.py:3947} INFO - Setting next_dagrun for example_python_decorator to None, run_after=None
[2024-12-22T02:45:14.782+0000] {processor.py:183} INFO - Processing /home/airflow/.local/lib/python3.12/site-packages/airflow/example_dags/example_python_decorator.py took 0.052 seconds
[2024-12-22T02:45:45.674+0000] {processor.py:161} INFO - Started process (PID=31840) to work on /home/airflow/.local/lib/python3.12/site-packages/airflow/example_dags/example_python_decorator.py
[2024-12-22T02:45:45.675+0000] {processor.py:830} INFO - Processing file /home/airflow/.local/lib/python3.12/site-packages/airflow/example_dags/example_python_decorator.py for tasks to queue
[2024-12-22T02:45:45.676+0000] {logging_mixin.py:188} INFO - [2024-12-22T02:45:45.676+0000] {dagbag.py:545} INFO - Filling up the DagBag from /home/airflow/.local/lib/python3.12/site-packages/airflow/example_dags/example_python_decorator.py
[2024-12-22T02:45:45.685+0000] {processor.py:840} INFO - DAG(s) 'example_python_decorator' retrieved from /home/airflow/.local/lib/python3.12/site-packages/airflow/example_dags/example_python_decorator.py
[2024-12-22T02:45:45.754+0000] {logging_mixin.py:188} INFO - [2024-12-22T02:45:45.754+0000] {dag.py:3089} INFO - Sync 1 DAGs
[2024-12-22T02:45:45.764+0000] {logging_mixin.py:188} INFO - [2024-12-22T02:45:45.764+0000] {dag.py:3947} INFO - Setting next_dagrun for example_python_decorator to None, run_after=None
[2024-12-22T02:45:45.780+0000] {processor.py:183} INFO - Processing /home/airflow/.local/lib/python3.12/site-packages/airflow/example_dags/example_python_decorator.py took 0.110 seconds
[2024-12-22T02:46:16.936+0000] {processor.py:161} INFO - Started process (PID=32117) to work on /home/airflow/.local/lib/python3.12/site-packages/airflow/example_dags/example_python_decorator.py
[2024-12-22T02:46:16.937+0000] {processor.py:830} INFO - Processing file /home/airflow/.local/lib/python3.12/site-packages/airflow/example_dags/example_python_decorator.py for tasks to queue
[2024-12-22T02:46:16.938+0000] {logging_mixin.py:188} INFO - [2024-12-22T02:46:16.938+0000] {dagbag.py:545} INFO - Filling up the DagBag from /home/airflow/.local/lib/python3.12/site-packages/airflow/example_dags/example_python_decorator.py
[2024-12-22T02:46:16.947+0000] {processor.py:840} INFO - DAG(s) 'example_python_decorator' retrieved from /home/airflow/.local/lib/python3.12/site-packages/airflow/example_dags/example_python_decorator.py
[2024-12-22T02:46:16.965+0000] {logging_mixin.py:188} INFO - [2024-12-22T02:46:16.965+0000] {dag.py:3089} INFO - Sync 1 DAGs
[2024-12-22T02:46:16.974+0000] {logging_mixin.py:188} INFO - [2024-12-22T02:46:16.974+0000] {dag.py:3947} INFO - Setting next_dagrun for example_python_decorator to None, run_after=None
[2024-12-22T02:46:16.990+0000] {processor.py:183} INFO - Processing /home/airflow/.local/lib/python3.12/site-packages/airflow/example_dags/example_python_decorator.py took 0.059 seconds
[2024-12-22T02:46:47.637+0000] {processor.py:161} INFO - Started process (PID=32393) to work on /home/airflow/.local/lib/python3.12/site-packages/airflow/example_dags/example_python_decorator.py
[2024-12-22T02:46:47.639+0000] {processor.py:830} INFO - Processing file /home/airflow/.local/lib/python3.12/site-packages/airflow/example_dags/example_python_decorator.py for tasks to queue
[2024-12-22T02:46:47.640+0000] {logging_mixin.py:188} INFO - [2024-12-22T02:46:47.640+0000] {dagbag.py:545} INFO - Filling up the DagBag from /home/airflow/.local/lib/python3.12/site-packages/airflow/example_dags/example_python_decorator.py
[2024-12-22T02:46:47.649+0000] {processor.py:840} INFO - DAG(s) 'example_python_decorator' retrieved from /home/airflow/.local/lib/python3.12/site-packages/airflow/example_dags/example_python_decorator.py
[2024-12-22T02:46:47.664+0000] {logging_mixin.py:188} INFO - [2024-12-22T02:46:47.664+0000] {dag.py:3089} INFO - Sync 1 DAGs
[2024-12-22T02:46:47.671+0000] {logging_mixin.py:188} INFO - [2024-12-22T02:46:47.671+0000] {dag.py:3947} INFO - Setting next_dagrun for example_python_decorator to None, run_after=None
[2024-12-22T02:46:47.686+0000] {processor.py:183} INFO - Processing /home/airflow/.local/lib/python3.12/site-packages/airflow/example_dags/example_python_decorator.py took 0.053 seconds
[2024-12-22T02:47:19.798+0000] {processor.py:161} INFO - Started process (PID=32670) to work on /home/airflow/.local/lib/python3.12/site-packages/airflow/example_dags/example_python_decorator.py
[2024-12-22T02:47:19.799+0000] {processor.py:830} INFO - Processing file /home/airflow/.local/lib/python3.12/site-packages/airflow/example_dags/example_python_decorator.py for tasks to queue
[2024-12-22T02:47:19.800+0000] {logging_mixin.py:188} INFO - [2024-12-22T02:47:19.800+0000] {dagbag.py:545} INFO - Filling up the DagBag from /home/airflow/.local/lib/python3.12/site-packages/airflow/example_dags/example_python_decorator.py
[2024-12-22T02:47:19.808+0000] {processor.py:840} INFO - DAG(s) 'example_python_decorator' retrieved from /home/airflow/.local/lib/python3.12/site-packages/airflow/example_dags/example_python_decorator.py
[2024-12-22T02:47:19.824+0000] {logging_mixin.py:188} INFO - [2024-12-22T02:47:19.824+0000] {dag.py:3089} INFO - Sync 1 DAGs
[2024-12-22T02:47:19.834+0000] {logging_mixin.py:188} INFO - [2024-12-22T02:47:19.834+0000] {dag.py:3947} INFO - Setting next_dagrun for example_python_decorator to None, run_after=None
[2024-12-22T02:47:19.845+0000] {processor.py:183} INFO - Processing /home/airflow/.local/lib/python3.12/site-packages/airflow/example_dags/example_python_decorator.py took 0.051 seconds
[2024-12-22T02:47:52.525+0000] {processor.py:161} INFO - Started process (PID=32947) to work on /home/airflow/.local/lib/python3.12/site-packages/airflow/example_dags/example_python_decorator.py
[2024-12-22T02:47:52.526+0000] {processor.py:830} INFO - Processing file /home/airflow/.local/lib/python3.12/site-packages/airflow/example_dags/example_python_decorator.py for tasks to queue
[2024-12-22T02:47:52.528+0000] {logging_mixin.py:188} INFO - [2024-12-22T02:47:52.527+0000] {dagbag.py:545} INFO - Filling up the DagBag from /home/airflow/.local/lib/python3.12/site-packages/airflow/example_dags/example_python_decorator.py
[2024-12-22T02:47:52.538+0000] {processor.py:840} INFO - DAG(s) 'example_python_decorator' retrieved from /home/airflow/.local/lib/python3.12/site-packages/airflow/example_dags/example_python_decorator.py
[2024-12-22T02:47:52.552+0000] {logging_mixin.py:188} INFO - [2024-12-22T02:47:52.552+0000] {dag.py:3089} INFO - Sync 1 DAGs
[2024-12-22T02:47:52.559+0000] {logging_mixin.py:188} INFO - [2024-12-22T02:47:52.559+0000] {dag.py:3947} INFO - Setting next_dagrun for example_python_decorator to None, run_after=None
[2024-12-22T02:47:52.573+0000] {processor.py:183} INFO - Processing /home/airflow/.local/lib/python3.12/site-packages/airflow/example_dags/example_python_decorator.py took 0.052 seconds
[2024-12-22T02:48:25.399+0000] {processor.py:161} INFO - Started process (PID=33226) to work on /home/airflow/.local/lib/python3.12/site-packages/airflow/example_dags/example_python_decorator.py
[2024-12-22T02:48:25.400+0000] {processor.py:830} INFO - Processing file /home/airflow/.local/lib/python3.12/site-packages/airflow/example_dags/example_python_decorator.py for tasks to queue
[2024-12-22T02:48:25.401+0000] {logging_mixin.py:188} INFO - [2024-12-22T02:48:25.401+0000] {dagbag.py:545} INFO - Filling up the DagBag from /home/airflow/.local/lib/python3.12/site-packages/airflow/example_dags/example_python_decorator.py
[2024-12-22T02:48:25.409+0000] {processor.py:840} INFO - DAG(s) 'example_python_decorator' retrieved from /home/airflow/.local/lib/python3.12/site-packages/airflow/example_dags/example_python_decorator.py
[2024-12-22T02:48:25.424+0000] {logging_mixin.py:188} INFO - [2024-12-22T02:48:25.424+0000] {dag.py:3089} INFO - Sync 1 DAGs
[2024-12-22T02:48:25.432+0000] {logging_mixin.py:188} INFO - [2024-12-22T02:48:25.431+0000] {dag.py:3947} INFO - Setting next_dagrun for example_python_decorator to None, run_after=None
[2024-12-22T02:48:25.445+0000] {processor.py:183} INFO - Processing /home/airflow/.local/lib/python3.12/site-packages/airflow/example_dags/example_python_decorator.py took 0.049 seconds
[2024-12-22T02:48:58.061+0000] {processor.py:161} INFO - Started process (PID=33503) to work on /home/airflow/.local/lib/python3.12/site-packages/airflow/example_dags/example_python_decorator.py
[2024-12-22T02:48:58.062+0000] {processor.py:830} INFO - Processing file /home/airflow/.local/lib/python3.12/site-packages/airflow/example_dags/example_python_decorator.py for tasks to queue
[2024-12-22T02:48:58.063+0000] {logging_mixin.py:188} INFO - [2024-12-22T02:48:58.063+0000] {dagbag.py:545} INFO - Filling up the DagBag from /home/airflow/.local/lib/python3.12/site-packages/airflow/example_dags/example_python_decorator.py
[2024-12-22T02:48:58.081+0000] {processor.py:840} INFO - DAG(s) 'example_python_decorator' retrieved from /home/airflow/.local/lib/python3.12/site-packages/airflow/example_dags/example_python_decorator.py
[2024-12-22T02:48:58.101+0000] {logging_mixin.py:188} INFO - [2024-12-22T02:48:58.100+0000] {dag.py:3089} INFO - Sync 1 DAGs
[2024-12-22T02:48:58.109+0000] {logging_mixin.py:188} INFO - [2024-12-22T02:48:58.109+0000] {dag.py:3947} INFO - Setting next_dagrun for example_python_decorator to None, run_after=None
[2024-12-22T02:48:58.123+0000] {processor.py:183} INFO - Processing /home/airflow/.local/lib/python3.12/site-packages/airflow/example_dags/example_python_decorator.py took 0.068 seconds
[2024-12-22T02:49:29.404+0000] {processor.py:161} INFO - Started process (PID=33780) to work on /home/airflow/.local/lib/python3.12/site-packages/airflow/example_dags/example_python_decorator.py
[2024-12-22T02:49:29.405+0000] {processor.py:830} INFO - Processing file /home/airflow/.local/lib/python3.12/site-packages/airflow/example_dags/example_python_decorator.py for tasks to queue
[2024-12-22T02:49:29.407+0000] {logging_mixin.py:188} INFO - [2024-12-22T02:49:29.407+0000] {dagbag.py:545} INFO - Filling up the DagBag from /home/airflow/.local/lib/python3.12/site-packages/airflow/example_dags/example_python_decorator.py
[2024-12-22T02:49:29.416+0000] {processor.py:840} INFO - DAG(s) 'example_python_decorator' retrieved from /home/airflow/.local/lib/python3.12/site-packages/airflow/example_dags/example_python_decorator.py
[2024-12-22T02:49:29.436+0000] {logging_mixin.py:188} INFO - [2024-12-22T02:49:29.436+0000] {dag.py:3089} INFO - Sync 1 DAGs
[2024-12-22T02:49:29.448+0000] {logging_mixin.py:188} INFO - [2024-12-22T02:49:29.447+0000] {dag.py:3947} INFO - Setting next_dagrun for example_python_decorator to None, run_after=None
[2024-12-22T02:49:29.463+0000] {processor.py:183} INFO - Processing /home/airflow/.local/lib/python3.12/site-packages/airflow/example_dags/example_python_decorator.py took 0.064 seconds
[2024-12-22T02:50:00.389+0000] {processor.py:161} INFO - Started process (PID=34054) to work on /home/airflow/.local/lib/python3.12/site-packages/airflow/example_dags/example_python_decorator.py
[2024-12-22T02:50:00.390+0000] {processor.py:830} INFO - Processing file /home/airflow/.local/lib/python3.12/site-packages/airflow/example_dags/example_python_decorator.py for tasks to queue
[2024-12-22T02:50:00.391+0000] {logging_mixin.py:188} INFO - [2024-12-22T02:50:00.391+0000] {dagbag.py:545} INFO - Filling up the DagBag from /home/airflow/.local/lib/python3.12/site-packages/airflow/example_dags/example_python_decorator.py
[2024-12-22T02:50:00.401+0000] {processor.py:840} INFO - DAG(s) 'example_python_decorator' retrieved from /home/airflow/.local/lib/python3.12/site-packages/airflow/example_dags/example_python_decorator.py
[2024-12-22T02:50:00.417+0000] {logging_mixin.py:188} INFO - [2024-12-22T02:50:00.417+0000] {dag.py:3089} INFO - Sync 1 DAGs
[2024-12-22T02:50:00.429+0000] {logging_mixin.py:188} INFO - [2024-12-22T02:50:00.428+0000] {dag.py:3947} INFO - Setting next_dagrun for example_python_decorator to None, run_after=None
[2024-12-22T02:50:00.443+0000] {processor.py:183} INFO - Processing /home/airflow/.local/lib/python3.12/site-packages/airflow/example_dags/example_python_decorator.py took 0.058 seconds
[2024-12-22T02:50:30.605+0000] {processor.py:161} INFO - Started process (PID=34332) to work on /home/airflow/.local/lib/python3.12/site-packages/airflow/example_dags/example_python_decorator.py
[2024-12-22T02:50:30.606+0000] {processor.py:830} INFO - Processing file /home/airflow/.local/lib/python3.12/site-packages/airflow/example_dags/example_python_decorator.py for tasks to queue
[2024-12-22T02:50:30.608+0000] {logging_mixin.py:188} INFO - [2024-12-22T02:50:30.607+0000] {dagbag.py:545} INFO - Filling up the DagBag from /home/airflow/.local/lib/python3.12/site-packages/airflow/example_dags/example_python_decorator.py
[2024-12-22T02:50:30.616+0000] {processor.py:840} INFO - DAG(s) 'example_python_decorator' retrieved from /home/airflow/.local/lib/python3.12/site-packages/airflow/example_dags/example_python_decorator.py
[2024-12-22T02:50:30.634+0000] {logging_mixin.py:188} INFO - [2024-12-22T02:50:30.634+0000] {dag.py:3089} INFO - Sync 1 DAGs
[2024-12-22T02:50:30.646+0000] {logging_mixin.py:188} INFO - [2024-12-22T02:50:30.646+0000] {dag.py:3947} INFO - Setting next_dagrun for example_python_decorator to None, run_after=None
[2024-12-22T02:50:30.668+0000] {processor.py:183} INFO - Processing /home/airflow/.local/lib/python3.12/site-packages/airflow/example_dags/example_python_decorator.py took 0.067 seconds
[2024-12-22T02:51:01.364+0000] {processor.py:161} INFO - Started process (PID=34609) to work on /home/airflow/.local/lib/python3.12/site-packages/airflow/example_dags/example_python_decorator.py
[2024-12-22T02:51:01.365+0000] {processor.py:830} INFO - Processing file /home/airflow/.local/lib/python3.12/site-packages/airflow/example_dags/example_python_decorator.py for tasks to queue
[2024-12-22T02:51:01.366+0000] {logging_mixin.py:188} INFO - [2024-12-22T02:51:01.366+0000] {dagbag.py:545} INFO - Filling up the DagBag from /home/airflow/.local/lib/python3.12/site-packages/airflow/example_dags/example_python_decorator.py
[2024-12-22T02:51:01.374+0000] {processor.py:840} INFO - DAG(s) 'example_python_decorator' retrieved from /home/airflow/.local/lib/python3.12/site-packages/airflow/example_dags/example_python_decorator.py
[2024-12-22T02:51:01.389+0000] {logging_mixin.py:188} INFO - [2024-12-22T02:51:01.389+0000] {dag.py:3089} INFO - Sync 1 DAGs
[2024-12-22T02:51:01.396+0000] {logging_mixin.py:188} INFO - [2024-12-22T02:51:01.396+0000] {dag.py:3947} INFO - Setting next_dagrun for example_python_decorator to None, run_after=None
[2024-12-22T02:51:01.407+0000] {processor.py:183} INFO - Processing /home/airflow/.local/lib/python3.12/site-packages/airflow/example_dags/example_python_decorator.py took 0.047 seconds
[2024-12-22T02:51:34.241+0000] {processor.py:161} INFO - Started process (PID=34888) to work on /home/airflow/.local/lib/python3.12/site-packages/airflow/example_dags/example_python_decorator.py
[2024-12-22T02:51:34.241+0000] {processor.py:830} INFO - Processing file /home/airflow/.local/lib/python3.12/site-packages/airflow/example_dags/example_python_decorator.py for tasks to queue
[2024-12-22T02:51:34.243+0000] {logging_mixin.py:188} INFO - [2024-12-22T02:51:34.243+0000] {dagbag.py:545} INFO - Filling up the DagBag from /home/airflow/.local/lib/python3.12/site-packages/airflow/example_dags/example_python_decorator.py
[2024-12-22T02:51:34.252+0000] {processor.py:840} INFO - DAG(s) 'example_python_decorator' retrieved from /home/airflow/.local/lib/python3.12/site-packages/airflow/example_dags/example_python_decorator.py
[2024-12-22T02:51:34.267+0000] {logging_mixin.py:188} INFO - [2024-12-22T02:51:34.267+0000] {dag.py:3089} INFO - Sync 1 DAGs
[2024-12-22T02:51:34.276+0000] {logging_mixin.py:188} INFO - [2024-12-22T02:51:34.275+0000] {dag.py:3947} INFO - Setting next_dagrun for example_python_decorator to None, run_after=None
[2024-12-22T02:51:34.288+0000] {processor.py:183} INFO - Processing /home/airflow/.local/lib/python3.12/site-packages/airflow/example_dags/example_python_decorator.py took 0.051 seconds
[2024-12-22T02:52:07.315+0000] {processor.py:161} INFO - Started process (PID=35163) to work on /home/airflow/.local/lib/python3.12/site-packages/airflow/example_dags/example_python_decorator.py
[2024-12-22T02:52:07.315+0000] {processor.py:830} INFO - Processing file /home/airflow/.local/lib/python3.12/site-packages/airflow/example_dags/example_python_decorator.py for tasks to queue
[2024-12-22T02:52:07.317+0000] {logging_mixin.py:188} INFO - [2024-12-22T02:52:07.316+0000] {dagbag.py:545} INFO - Filling up the DagBag from /home/airflow/.local/lib/python3.12/site-packages/airflow/example_dags/example_python_decorator.py
[2024-12-22T02:52:07.324+0000] {processor.py:840} INFO - DAG(s) 'example_python_decorator' retrieved from /home/airflow/.local/lib/python3.12/site-packages/airflow/example_dags/example_python_decorator.py
[2024-12-22T02:52:07.337+0000] {logging_mixin.py:188} INFO - [2024-12-22T02:52:07.337+0000] {dag.py:3089} INFO - Sync 1 DAGs
[2024-12-22T02:52:07.345+0000] {logging_mixin.py:188} INFO - [2024-12-22T02:52:07.345+0000] {dag.py:3947} INFO - Setting next_dagrun for example_python_decorator to None, run_after=None
[2024-12-22T02:52:07.357+0000] {processor.py:183} INFO - Processing /home/airflow/.local/lib/python3.12/site-packages/airflow/example_dags/example_python_decorator.py took 0.046 seconds
[2024-12-22T02:52:40.143+0000] {processor.py:161} INFO - Started process (PID=35440) to work on /home/airflow/.local/lib/python3.12/site-packages/airflow/example_dags/example_python_decorator.py
[2024-12-22T02:52:40.144+0000] {processor.py:830} INFO - Processing file /home/airflow/.local/lib/python3.12/site-packages/airflow/example_dags/example_python_decorator.py for tasks to queue
[2024-12-22T02:52:40.145+0000] {logging_mixin.py:188} INFO - [2024-12-22T02:52:40.145+0000] {dagbag.py:545} INFO - Filling up the DagBag from /home/airflow/.local/lib/python3.12/site-packages/airflow/example_dags/example_python_decorator.py
[2024-12-22T02:52:40.156+0000] {processor.py:840} INFO - DAG(s) 'example_python_decorator' retrieved from /home/airflow/.local/lib/python3.12/site-packages/airflow/example_dags/example_python_decorator.py
[2024-12-22T02:52:40.174+0000] {logging_mixin.py:188} INFO - [2024-12-22T02:52:40.174+0000] {dag.py:3089} INFO - Sync 1 DAGs
[2024-12-22T02:52:40.185+0000] {logging_mixin.py:188} INFO - [2024-12-22T02:52:40.185+0000] {dag.py:3947} INFO - Setting next_dagrun for example_python_decorator to None, run_after=None
[2024-12-22T02:52:40.201+0000] {processor.py:183} INFO - Processing /home/airflow/.local/lib/python3.12/site-packages/airflow/example_dags/example_python_decorator.py took 0.064 seconds
[2024-12-22T02:53:10.264+0000] {processor.py:161} INFO - Started process (PID=35714) to work on /home/airflow/.local/lib/python3.12/site-packages/airflow/example_dags/example_python_decorator.py
[2024-12-22T02:53:10.265+0000] {processor.py:830} INFO - Processing file /home/airflow/.local/lib/python3.12/site-packages/airflow/example_dags/example_python_decorator.py for tasks to queue
[2024-12-22T02:53:10.266+0000] {logging_mixin.py:188} INFO - [2024-12-22T02:53:10.266+0000] {dagbag.py:545} INFO - Filling up the DagBag from /home/airflow/.local/lib/python3.12/site-packages/airflow/example_dags/example_python_decorator.py
[2024-12-22T02:53:10.275+0000] {processor.py:840} INFO - DAG(s) 'example_python_decorator' retrieved from /home/airflow/.local/lib/python3.12/site-packages/airflow/example_dags/example_python_decorator.py
[2024-12-22T02:53:10.291+0000] {logging_mixin.py:188} INFO - [2024-12-22T02:53:10.291+0000] {dag.py:3089} INFO - Sync 1 DAGs
[2024-12-22T02:53:10.299+0000] {logging_mixin.py:188} INFO - [2024-12-22T02:53:10.299+0000] {dag.py:3947} INFO - Setting next_dagrun for example_python_decorator to None, run_after=None
[2024-12-22T02:53:10.312+0000] {processor.py:183} INFO - Processing /home/airflow/.local/lib/python3.12/site-packages/airflow/example_dags/example_python_decorator.py took 0.054 seconds
[2024-12-22T02:53:41.385+0000] {processor.py:161} INFO - Started process (PID=35994) to work on /home/airflow/.local/lib/python3.12/site-packages/airflow/example_dags/example_python_decorator.py
[2024-12-22T02:53:41.386+0000] {processor.py:830} INFO - Processing file /home/airflow/.local/lib/python3.12/site-packages/airflow/example_dags/example_python_decorator.py for tasks to queue
[2024-12-22T02:53:41.387+0000] {logging_mixin.py:188} INFO - [2024-12-22T02:53:41.387+0000] {dagbag.py:545} INFO - Filling up the DagBag from /home/airflow/.local/lib/python3.12/site-packages/airflow/example_dags/example_python_decorator.py
[2024-12-22T02:53:41.397+0000] {processor.py:840} INFO - DAG(s) 'example_python_decorator' retrieved from /home/airflow/.local/lib/python3.12/site-packages/airflow/example_dags/example_python_decorator.py
[2024-12-22T02:53:41.412+0000] {logging_mixin.py:188} INFO - [2024-12-22T02:53:41.412+0000] {dag.py:3089} INFO - Sync 1 DAGs
[2024-12-22T02:53:41.420+0000] {logging_mixin.py:188} INFO - [2024-12-22T02:53:41.420+0000] {dag.py:3947} INFO - Setting next_dagrun for example_python_decorator to None, run_after=None
[2024-12-22T02:53:41.433+0000] {processor.py:183} INFO - Processing /home/airflow/.local/lib/python3.12/site-packages/airflow/example_dags/example_python_decorator.py took 0.053 seconds
[2024-12-22T02:54:12.713+0000] {processor.py:161} INFO - Started process (PID=36271) to work on /home/airflow/.local/lib/python3.12/site-packages/airflow/example_dags/example_python_decorator.py
[2024-12-22T02:54:12.713+0000] {processor.py:830} INFO - Processing file /home/airflow/.local/lib/python3.12/site-packages/airflow/example_dags/example_python_decorator.py for tasks to queue
[2024-12-22T02:54:12.714+0000] {logging_mixin.py:188} INFO - [2024-12-22T02:54:12.714+0000] {dagbag.py:545} INFO - Filling up the DagBag from /home/airflow/.local/lib/python3.12/site-packages/airflow/example_dags/example_python_decorator.py
[2024-12-22T02:54:12.722+0000] {processor.py:840} INFO - DAG(s) 'example_python_decorator' retrieved from /home/airflow/.local/lib/python3.12/site-packages/airflow/example_dags/example_python_decorator.py
[2024-12-22T02:54:12.741+0000] {logging_mixin.py:188} INFO - [2024-12-22T02:54:12.741+0000] {dag.py:3089} INFO - Sync 1 DAGs
[2024-12-22T02:54:12.749+0000] {logging_mixin.py:188} INFO - [2024-12-22T02:54:12.749+0000] {dag.py:3947} INFO - Setting next_dagrun for example_python_decorator to None, run_after=None
[2024-12-22T02:54:12.761+0000] {processor.py:183} INFO - Processing /home/airflow/.local/lib/python3.12/site-packages/airflow/example_dags/example_python_decorator.py took 0.053 seconds
[2024-12-22T02:54:43.957+0000] {processor.py:161} INFO - Started process (PID=36550) to work on /home/airflow/.local/lib/python3.12/site-packages/airflow/example_dags/example_python_decorator.py
[2024-12-22T02:54:43.958+0000] {processor.py:830} INFO - Processing file /home/airflow/.local/lib/python3.12/site-packages/airflow/example_dags/example_python_decorator.py for tasks to queue
[2024-12-22T02:54:43.959+0000] {logging_mixin.py:188} INFO - [2024-12-22T02:54:43.958+0000] {dagbag.py:545} INFO - Filling up the DagBag from /home/airflow/.local/lib/python3.12/site-packages/airflow/example_dags/example_python_decorator.py
[2024-12-22T02:54:43.966+0000] {processor.py:840} INFO - DAG(s) 'example_python_decorator' retrieved from /home/airflow/.local/lib/python3.12/site-packages/airflow/example_dags/example_python_decorator.py
[2024-12-22T02:54:44.072+0000] {logging_mixin.py:188} INFO - [2024-12-22T02:54:44.072+0000] {dag.py:3089} INFO - Sync 1 DAGs
[2024-12-22T02:54:44.078+0000] {logging_mixin.py:188} INFO - [2024-12-22T02:54:44.078+0000] {dag.py:3947} INFO - Setting next_dagrun for example_python_decorator to None, run_after=None
[2024-12-22T02:54:44.088+0000] {processor.py:183} INFO - Processing /home/airflow/.local/lib/python3.12/site-packages/airflow/example_dags/example_python_decorator.py took 0.135 seconds
[2024-12-22T02:55:16.313+0000] {processor.py:161} INFO - Started process (PID=36825) to work on /home/airflow/.local/lib/python3.12/site-packages/airflow/example_dags/example_python_decorator.py
[2024-12-22T02:55:16.314+0000] {processor.py:830} INFO - Processing file /home/airflow/.local/lib/python3.12/site-packages/airflow/example_dags/example_python_decorator.py for tasks to queue
[2024-12-22T02:55:16.315+0000] {logging_mixin.py:188} INFO - [2024-12-22T02:55:16.315+0000] {dagbag.py:545} INFO - Filling up the DagBag from /home/airflow/.local/lib/python3.12/site-packages/airflow/example_dags/example_python_decorator.py
[2024-12-22T02:55:16.324+0000] {processor.py:840} INFO - DAG(s) 'example_python_decorator' retrieved from /home/airflow/.local/lib/python3.12/site-packages/airflow/example_dags/example_python_decorator.py
[2024-12-22T02:55:16.340+0000] {logging_mixin.py:188} INFO - [2024-12-22T02:55:16.340+0000] {dag.py:3089} INFO - Sync 1 DAGs
[2024-12-22T02:55:16.448+0000] {logging_mixin.py:188} INFO - [2024-12-22T02:55:16.448+0000] {dag.py:3947} INFO - Setting next_dagrun for example_python_decorator to None, run_after=None
[2024-12-22T02:55:16.459+0000] {processor.py:183} INFO - Processing /home/airflow/.local/lib/python3.12/site-packages/airflow/example_dags/example_python_decorator.py took 0.151 seconds
[2024-12-22T02:55:48.845+0000] {processor.py:161} INFO - Started process (PID=37102) to work on /home/airflow/.local/lib/python3.12/site-packages/airflow/example_dags/example_python_decorator.py
[2024-12-22T02:55:48.846+0000] {processor.py:830} INFO - Processing file /home/airflow/.local/lib/python3.12/site-packages/airflow/example_dags/example_python_decorator.py for tasks to queue
[2024-12-22T02:55:48.848+0000] {logging_mixin.py:188} INFO - [2024-12-22T02:55:48.848+0000] {dagbag.py:545} INFO - Filling up the DagBag from /home/airflow/.local/lib/python3.12/site-packages/airflow/example_dags/example_python_decorator.py
[2024-12-22T02:55:48.856+0000] {processor.py:840} INFO - DAG(s) 'example_python_decorator' retrieved from /home/airflow/.local/lib/python3.12/site-packages/airflow/example_dags/example_python_decorator.py
[2024-12-22T02:55:48.871+0000] {logging_mixin.py:188} INFO - [2024-12-22T02:55:48.870+0000] {dag.py:3089} INFO - Sync 1 DAGs
[2024-12-22T02:55:48.878+0000] {logging_mixin.py:188} INFO - [2024-12-22T02:55:48.877+0000] {dag.py:3947} INFO - Setting next_dagrun for example_python_decorator to None, run_after=None
[2024-12-22T02:55:48.890+0000] {processor.py:183} INFO - Processing /home/airflow/.local/lib/python3.12/site-packages/airflow/example_dags/example_python_decorator.py took 0.050 seconds
[2024-12-22T02:56:19.813+0000] {processor.py:161} INFO - Started process (PID=37379) to work on /home/airflow/.local/lib/python3.12/site-packages/airflow/example_dags/example_python_decorator.py
[2024-12-22T02:56:19.814+0000] {processor.py:830} INFO - Processing file /home/airflow/.local/lib/python3.12/site-packages/airflow/example_dags/example_python_decorator.py for tasks to queue
[2024-12-22T02:56:19.815+0000] {logging_mixin.py:188} INFO - [2024-12-22T02:56:19.815+0000] {dagbag.py:545} INFO - Filling up the DagBag from /home/airflow/.local/lib/python3.12/site-packages/airflow/example_dags/example_python_decorator.py
[2024-12-22T02:56:19.824+0000] {processor.py:840} INFO - DAG(s) 'example_python_decorator' retrieved from /home/airflow/.local/lib/python3.12/site-packages/airflow/example_dags/example_python_decorator.py
[2024-12-22T02:56:19.840+0000] {logging_mixin.py:188} INFO - [2024-12-22T02:56:19.840+0000] {dag.py:3089} INFO - Sync 1 DAGs
[2024-12-22T02:56:19.849+0000] {logging_mixin.py:188} INFO - [2024-12-22T02:56:19.849+0000] {dag.py:3947} INFO - Setting next_dagrun for example_python_decorator to None, run_after=None
[2024-12-22T02:56:19.862+0000] {processor.py:183} INFO - Processing /home/airflow/.local/lib/python3.12/site-packages/airflow/example_dags/example_python_decorator.py took 0.055 seconds
[2024-12-22T02:56:50.602+0000] {processor.py:161} INFO - Started process (PID=37656) to work on /home/airflow/.local/lib/python3.12/site-packages/airflow/example_dags/example_python_decorator.py
[2024-12-22T02:56:50.603+0000] {processor.py:830} INFO - Processing file /home/airflow/.local/lib/python3.12/site-packages/airflow/example_dags/example_python_decorator.py for tasks to queue
[2024-12-22T02:56:50.604+0000] {logging_mixin.py:188} INFO - [2024-12-22T02:56:50.604+0000] {dagbag.py:545} INFO - Filling up the DagBag from /home/airflow/.local/lib/python3.12/site-packages/airflow/example_dags/example_python_decorator.py
[2024-12-22T02:56:50.614+0000] {processor.py:840} INFO - DAG(s) 'example_python_decorator' retrieved from /home/airflow/.local/lib/python3.12/site-packages/airflow/example_dags/example_python_decorator.py
[2024-12-22T02:56:50.634+0000] {logging_mixin.py:188} INFO - [2024-12-22T02:56:50.634+0000] {dag.py:3089} INFO - Sync 1 DAGs
[2024-12-22T02:56:50.642+0000] {logging_mixin.py:188} INFO - [2024-12-22T02:56:50.642+0000] {dag.py:3947} INFO - Setting next_dagrun for example_python_decorator to None, run_after=None
[2024-12-22T02:56:50.655+0000] {processor.py:183} INFO - Processing /home/airflow/.local/lib/python3.12/site-packages/airflow/example_dags/example_python_decorator.py took 0.057 seconds
[2024-12-22T02:57:21.191+0000] {processor.py:161} INFO - Started process (PID=37934) to work on /home/airflow/.local/lib/python3.12/site-packages/airflow/example_dags/example_python_decorator.py
[2024-12-22T02:57:21.192+0000] {processor.py:830} INFO - Processing file /home/airflow/.local/lib/python3.12/site-packages/airflow/example_dags/example_python_decorator.py for tasks to queue
[2024-12-22T02:57:21.193+0000] {logging_mixin.py:188} INFO - [2024-12-22T02:57:21.193+0000] {dagbag.py:545} INFO - Filling up the DagBag from /home/airflow/.local/lib/python3.12/site-packages/airflow/example_dags/example_python_decorator.py
[2024-12-22T02:57:21.202+0000] {processor.py:840} INFO - DAG(s) 'example_python_decorator' retrieved from /home/airflow/.local/lib/python3.12/site-packages/airflow/example_dags/example_python_decorator.py
[2024-12-22T02:57:21.218+0000] {logging_mixin.py:188} INFO - [2024-12-22T02:57:21.218+0000] {dag.py:3089} INFO - Sync 1 DAGs
[2024-12-22T02:57:21.226+0000] {logging_mixin.py:188} INFO - [2024-12-22T02:57:21.226+0000] {dag.py:3947} INFO - Setting next_dagrun for example_python_decorator to None, run_after=None
[2024-12-22T02:57:21.238+0000] {processor.py:183} INFO - Processing /home/airflow/.local/lib/python3.12/site-packages/airflow/example_dags/example_python_decorator.py took 0.052 seconds
[2024-12-22T02:57:52.315+0000] {processor.py:161} INFO - Started process (PID=38213) to work on /home/airflow/.local/lib/python3.12/site-packages/airflow/example_dags/example_python_decorator.py
[2024-12-22T02:57:52.315+0000] {processor.py:830} INFO - Processing file /home/airflow/.local/lib/python3.12/site-packages/airflow/example_dags/example_python_decorator.py for tasks to queue
[2024-12-22T02:57:52.317+0000] {logging_mixin.py:188} INFO - [2024-12-22T02:57:52.316+0000] {dagbag.py:545} INFO - Filling up the DagBag from /home/airflow/.local/lib/python3.12/site-packages/airflow/example_dags/example_python_decorator.py
[2024-12-22T02:57:52.324+0000] {processor.py:840} INFO - DAG(s) 'example_python_decorator' retrieved from /home/airflow/.local/lib/python3.12/site-packages/airflow/example_dags/example_python_decorator.py
[2024-12-22T02:57:52.340+0000] {logging_mixin.py:188} INFO - [2024-12-22T02:57:52.340+0000] {dag.py:3089} INFO - Sync 1 DAGs
[2024-12-22T02:57:52.350+0000] {logging_mixin.py:188} INFO - [2024-12-22T02:57:52.350+0000] {dag.py:3947} INFO - Setting next_dagrun for example_python_decorator to None, run_after=None
[2024-12-22T02:57:52.362+0000] {processor.py:183} INFO - Processing /home/airflow/.local/lib/python3.12/site-packages/airflow/example_dags/example_python_decorator.py took 0.052 seconds
[2024-12-22T02:58:24.683+0000] {processor.py:161} INFO - Started process (PID=38489) to work on /home/airflow/.local/lib/python3.12/site-packages/airflow/example_dags/example_python_decorator.py
[2024-12-22T02:58:24.683+0000] {processor.py:830} INFO - Processing file /home/airflow/.local/lib/python3.12/site-packages/airflow/example_dags/example_python_decorator.py for tasks to queue
[2024-12-22T02:58:24.684+0000] {logging_mixin.py:188} INFO - [2024-12-22T02:58:24.684+0000] {dagbag.py:545} INFO - Filling up the DagBag from /home/airflow/.local/lib/python3.12/site-packages/airflow/example_dags/example_python_decorator.py
[2024-12-22T02:58:24.691+0000] {processor.py:840} INFO - DAG(s) 'example_python_decorator' retrieved from /home/airflow/.local/lib/python3.12/site-packages/airflow/example_dags/example_python_decorator.py
[2024-12-22T02:58:24.707+0000] {logging_mixin.py:188} INFO - [2024-12-22T02:58:24.707+0000] {dag.py:3089} INFO - Sync 1 DAGs
[2024-12-22T02:58:24.714+0000] {logging_mixin.py:188} INFO - [2024-12-22T02:58:24.714+0000] {dag.py:3947} INFO - Setting next_dagrun for example_python_decorator to None, run_after=None
[2024-12-22T02:58:24.725+0000] {processor.py:183} INFO - Processing /home/airflow/.local/lib/python3.12/site-packages/airflow/example_dags/example_python_decorator.py took 0.047 seconds
[2024-12-22T02:58:57.144+0000] {processor.py:161} INFO - Started process (PID=38766) to work on /home/airflow/.local/lib/python3.12/site-packages/airflow/example_dags/example_python_decorator.py
[2024-12-22T02:58:57.145+0000] {processor.py:830} INFO - Processing file /home/airflow/.local/lib/python3.12/site-packages/airflow/example_dags/example_python_decorator.py for tasks to queue
[2024-12-22T02:58:57.147+0000] {logging_mixin.py:188} INFO - [2024-12-22T02:58:57.146+0000] {dagbag.py:545} INFO - Filling up the DagBag from /home/airflow/.local/lib/python3.12/site-packages/airflow/example_dags/example_python_decorator.py
[2024-12-22T02:58:57.155+0000] {processor.py:840} INFO - DAG(s) 'example_python_decorator' retrieved from /home/airflow/.local/lib/python3.12/site-packages/airflow/example_dags/example_python_decorator.py
[2024-12-22T02:58:57.170+0000] {logging_mixin.py:188} INFO - [2024-12-22T02:58:57.170+0000] {dag.py:3089} INFO - Sync 1 DAGs
[2024-12-22T02:58:57.177+0000] {logging_mixin.py:188} INFO - [2024-12-22T02:58:57.176+0000] {dag.py:3947} INFO - Setting next_dagrun for example_python_decorator to None, run_after=None
[2024-12-22T02:58:57.188+0000] {processor.py:183} INFO - Processing /home/airflow/.local/lib/python3.12/site-packages/airflow/example_dags/example_python_decorator.py took 0.048 seconds
[2024-12-22T02:59:29.396+0000] {processor.py:161} INFO - Started process (PID=39043) to work on /home/airflow/.local/lib/python3.12/site-packages/airflow/example_dags/example_python_decorator.py
[2024-12-22T02:59:29.397+0000] {processor.py:830} INFO - Processing file /home/airflow/.local/lib/python3.12/site-packages/airflow/example_dags/example_python_decorator.py for tasks to queue
[2024-12-22T02:59:29.399+0000] {logging_mixin.py:188} INFO - [2024-12-22T02:59:29.399+0000] {dagbag.py:545} INFO - Filling up the DagBag from /home/airflow/.local/lib/python3.12/site-packages/airflow/example_dags/example_python_decorator.py
[2024-12-22T02:59:29.409+0000] {processor.py:840} INFO - DAG(s) 'example_python_decorator' retrieved from /home/airflow/.local/lib/python3.12/site-packages/airflow/example_dags/example_python_decorator.py
[2024-12-22T02:59:29.426+0000] {logging_mixin.py:188} INFO - [2024-12-22T02:59:29.426+0000] {dag.py:3089} INFO - Sync 1 DAGs
[2024-12-22T02:59:29.434+0000] {logging_mixin.py:188} INFO - [2024-12-22T02:59:29.434+0000] {dag.py:3947} INFO - Setting next_dagrun for example_python_decorator to None, run_after=None
[2024-12-22T02:59:29.448+0000] {processor.py:183} INFO - Processing /home/airflow/.local/lib/python3.12/site-packages/airflow/example_dags/example_python_decorator.py took 0.056 seconds
[2024-12-22T03:00:00.582+0000] {processor.py:161} INFO - Started process (PID=39320) to work on /home/airflow/.local/lib/python3.12/site-packages/airflow/example_dags/example_python_decorator.py
[2024-12-22T03:00:00.583+0000] {processor.py:830} INFO - Processing file /home/airflow/.local/lib/python3.12/site-packages/airflow/example_dags/example_python_decorator.py for tasks to queue
[2024-12-22T03:00:00.585+0000] {logging_mixin.py:188} INFO - [2024-12-22T03:00:00.584+0000] {dagbag.py:545} INFO - Filling up the DagBag from /home/airflow/.local/lib/python3.12/site-packages/airflow/example_dags/example_python_decorator.py
[2024-12-22T03:00:00.593+0000] {processor.py:840} INFO - DAG(s) 'example_python_decorator' retrieved from /home/airflow/.local/lib/python3.12/site-packages/airflow/example_dags/example_python_decorator.py
[2024-12-22T03:00:00.607+0000] {logging_mixin.py:188} INFO - [2024-12-22T03:00:00.607+0000] {dag.py:3089} INFO - Sync 1 DAGs
[2024-12-22T03:00:00.615+0000] {logging_mixin.py:188} INFO - [2024-12-22T03:00:00.614+0000] {dag.py:3947} INFO - Setting next_dagrun for example_python_decorator to None, run_after=None
[2024-12-22T03:00:00.628+0000] {processor.py:183} INFO - Processing /home/airflow/.local/lib/python3.12/site-packages/airflow/example_dags/example_python_decorator.py took 0.050 seconds
[2024-12-22T03:00:31.379+0000] {processor.py:161} INFO - Started process (PID=39597) to work on /home/airflow/.local/lib/python3.12/site-packages/airflow/example_dags/example_python_decorator.py
[2024-12-22T03:00:31.380+0000] {processor.py:830} INFO - Processing file /home/airflow/.local/lib/python3.12/site-packages/airflow/example_dags/example_python_decorator.py for tasks to queue
[2024-12-22T03:00:31.381+0000] {logging_mixin.py:188} INFO - [2024-12-22T03:00:31.381+0000] {dagbag.py:545} INFO - Filling up the DagBag from /home/airflow/.local/lib/python3.12/site-packages/airflow/example_dags/example_python_decorator.py
[2024-12-22T03:00:31.390+0000] {processor.py:840} INFO - DAG(s) 'example_python_decorator' retrieved from /home/airflow/.local/lib/python3.12/site-packages/airflow/example_dags/example_python_decorator.py
[2024-12-22T03:00:31.407+0000] {logging_mixin.py:188} INFO - [2024-12-22T03:00:31.407+0000] {dag.py:3089} INFO - Sync 1 DAGs
[2024-12-22T03:00:31.415+0000] {logging_mixin.py:188} INFO - [2024-12-22T03:00:31.415+0000] {dag.py:3947} INFO - Setting next_dagrun for example_python_decorator to None, run_after=None
[2024-12-22T03:00:31.427+0000] {processor.py:183} INFO - Processing /home/airflow/.local/lib/python3.12/site-packages/airflow/example_dags/example_python_decorator.py took 0.052 seconds
[2024-12-22T03:01:02.159+0000] {processor.py:161} INFO - Started process (PID=39876) to work on /home/airflow/.local/lib/python3.12/site-packages/airflow/example_dags/example_python_decorator.py
[2024-12-22T03:01:02.160+0000] {processor.py:830} INFO - Processing file /home/airflow/.local/lib/python3.12/site-packages/airflow/example_dags/example_python_decorator.py for tasks to queue
[2024-12-22T03:01:02.163+0000] {logging_mixin.py:188} INFO - [2024-12-22T03:01:02.162+0000] {dagbag.py:545} INFO - Filling up the DagBag from /home/airflow/.local/lib/python3.12/site-packages/airflow/example_dags/example_python_decorator.py
[2024-12-22T03:01:02.171+0000] {processor.py:840} INFO - DAG(s) 'example_python_decorator' retrieved from /home/airflow/.local/lib/python3.12/site-packages/airflow/example_dags/example_python_decorator.py
[2024-12-22T03:01:02.185+0000] {logging_mixin.py:188} INFO - [2024-12-22T03:01:02.185+0000] {dag.py:3089} INFO - Sync 1 DAGs
[2024-12-22T03:01:02.193+0000] {logging_mixin.py:188} INFO - [2024-12-22T03:01:02.193+0000] {dag.py:3947} INFO - Setting next_dagrun for example_python_decorator to None, run_after=None
[2024-12-22T03:01:02.206+0000] {processor.py:183} INFO - Processing /home/airflow/.local/lib/python3.12/site-packages/airflow/example_dags/example_python_decorator.py took 0.051 seconds
[2024-12-22T03:01:33.196+0000] {processor.py:161} INFO - Started process (PID=40152) to work on /home/airflow/.local/lib/python3.12/site-packages/airflow/example_dags/example_python_decorator.py
[2024-12-22T03:01:33.197+0000] {processor.py:830} INFO - Processing file /home/airflow/.local/lib/python3.12/site-packages/airflow/example_dags/example_python_decorator.py for tasks to queue
[2024-12-22T03:01:33.198+0000] {logging_mixin.py:188} INFO - [2024-12-22T03:01:33.198+0000] {dagbag.py:545} INFO - Filling up the DagBag from /home/airflow/.local/lib/python3.12/site-packages/airflow/example_dags/example_python_decorator.py
[2024-12-22T03:01:33.205+0000] {processor.py:840} INFO - DAG(s) 'example_python_decorator' retrieved from /home/airflow/.local/lib/python3.12/site-packages/airflow/example_dags/example_python_decorator.py
[2024-12-22T03:01:33.219+0000] {logging_mixin.py:188} INFO - [2024-12-22T03:01:33.219+0000] {dag.py:3089} INFO - Sync 1 DAGs
[2024-12-22T03:01:33.227+0000] {logging_mixin.py:188} INFO - [2024-12-22T03:01:33.226+0000] {dag.py:3947} INFO - Setting next_dagrun for example_python_decorator to None, run_after=None
[2024-12-22T03:01:33.237+0000] {processor.py:183} INFO - Processing /home/airflow/.local/lib/python3.12/site-packages/airflow/example_dags/example_python_decorator.py took 0.045 seconds
[2024-12-22T03:02:05.727+0000] {processor.py:161} INFO - Started process (PID=40431) to work on /home/airflow/.local/lib/python3.12/site-packages/airflow/example_dags/example_python_decorator.py
[2024-12-22T03:02:05.728+0000] {processor.py:830} INFO - Processing file /home/airflow/.local/lib/python3.12/site-packages/airflow/example_dags/example_python_decorator.py for tasks to queue
[2024-12-22T03:02:05.729+0000] {logging_mixin.py:188} INFO - [2024-12-22T03:02:05.729+0000] {dagbag.py:545} INFO - Filling up the DagBag from /home/airflow/.local/lib/python3.12/site-packages/airflow/example_dags/example_python_decorator.py
[2024-12-22T03:02:05.738+0000] {processor.py:840} INFO - DAG(s) 'example_python_decorator' retrieved from /home/airflow/.local/lib/python3.12/site-packages/airflow/example_dags/example_python_decorator.py
[2024-12-22T03:02:05.755+0000] {logging_mixin.py:188} INFO - [2024-12-22T03:02:05.754+0000] {dag.py:3089} INFO - Sync 1 DAGs
[2024-12-22T03:02:05.762+0000] {logging_mixin.py:188} INFO - [2024-12-22T03:02:05.762+0000] {dag.py:3947} INFO - Setting next_dagrun for example_python_decorator to None, run_after=None
[2024-12-22T03:02:05.774+0000] {processor.py:183} INFO - Processing /home/airflow/.local/lib/python3.12/site-packages/airflow/example_dags/example_python_decorator.py took 0.051 seconds
[2024-12-22T03:02:38.185+0000] {processor.py:161} INFO - Started process (PID=40706) to work on /home/airflow/.local/lib/python3.12/site-packages/airflow/example_dags/example_python_decorator.py
[2024-12-22T03:02:38.186+0000] {processor.py:830} INFO - Processing file /home/airflow/.local/lib/python3.12/site-packages/airflow/example_dags/example_python_decorator.py for tasks to queue
[2024-12-22T03:02:38.187+0000] {logging_mixin.py:188} INFO - [2024-12-22T03:02:38.187+0000] {dagbag.py:545} INFO - Filling up the DagBag from /home/airflow/.local/lib/python3.12/site-packages/airflow/example_dags/example_python_decorator.py
[2024-12-22T03:02:38.195+0000] {processor.py:840} INFO - DAG(s) 'example_python_decorator' retrieved from /home/airflow/.local/lib/python3.12/site-packages/airflow/example_dags/example_python_decorator.py
[2024-12-22T03:02:38.209+0000] {logging_mixin.py:188} INFO - [2024-12-22T03:02:38.209+0000] {dag.py:3089} INFO - Sync 1 DAGs
[2024-12-22T03:02:38.216+0000] {logging_mixin.py:188} INFO - [2024-12-22T03:02:38.216+0000] {dag.py:3947} INFO - Setting next_dagrun for example_python_decorator to None, run_after=None
[2024-12-22T03:02:38.229+0000] {processor.py:183} INFO - Processing /home/airflow/.local/lib/python3.12/site-packages/airflow/example_dags/example_python_decorator.py took 0.048 seconds
[2024-12-22T03:03:11.445+0000] {processor.py:161} INFO - Started process (PID=40983) to work on /home/airflow/.local/lib/python3.12/site-packages/airflow/example_dags/example_python_decorator.py
[2024-12-22T03:03:11.445+0000] {processor.py:830} INFO - Processing file /home/airflow/.local/lib/python3.12/site-packages/airflow/example_dags/example_python_decorator.py for tasks to queue
[2024-12-22T03:03:11.447+0000] {logging_mixin.py:188} INFO - [2024-12-22T03:03:11.446+0000] {dagbag.py:545} INFO - Filling up the DagBag from /home/airflow/.local/lib/python3.12/site-packages/airflow/example_dags/example_python_decorator.py
[2024-12-22T03:03:11.456+0000] {processor.py:840} INFO - DAG(s) 'example_python_decorator' retrieved from /home/airflow/.local/lib/python3.12/site-packages/airflow/example_dags/example_python_decorator.py
[2024-12-22T03:03:11.478+0000] {logging_mixin.py:188} INFO - [2024-12-22T03:03:11.477+0000] {dag.py:3089} INFO - Sync 1 DAGs
[2024-12-22T03:03:11.486+0000] {logging_mixin.py:188} INFO - [2024-12-22T03:03:11.486+0000] {dag.py:3947} INFO - Setting next_dagrun for example_python_decorator to None, run_after=None
[2024-12-22T03:03:11.498+0000] {processor.py:183} INFO - Processing /home/airflow/.local/lib/python3.12/site-packages/airflow/example_dags/example_python_decorator.py took 0.058 seconds
[2024-12-22T03:03:41.587+0000] {processor.py:161} INFO - Started process (PID=41260) to work on /home/airflow/.local/lib/python3.12/site-packages/airflow/example_dags/example_python_decorator.py
[2024-12-22T03:03:41.588+0000] {processor.py:830} INFO - Processing file /home/airflow/.local/lib/python3.12/site-packages/airflow/example_dags/example_python_decorator.py for tasks to queue
[2024-12-22T03:03:41.590+0000] {logging_mixin.py:188} INFO - [2024-12-22T03:03:41.589+0000] {dagbag.py:545} INFO - Filling up the DagBag from /home/airflow/.local/lib/python3.12/site-packages/airflow/example_dags/example_python_decorator.py
[2024-12-22T03:03:41.599+0000] {processor.py:840} INFO - DAG(s) 'example_python_decorator' retrieved from /home/airflow/.local/lib/python3.12/site-packages/airflow/example_dags/example_python_decorator.py
[2024-12-22T03:03:41.616+0000] {logging_mixin.py:188} INFO - [2024-12-22T03:03:41.616+0000] {dag.py:3089} INFO - Sync 1 DAGs
[2024-12-22T03:03:41.625+0000] {logging_mixin.py:188} INFO - [2024-12-22T03:03:41.625+0000] {dag.py:3947} INFO - Setting next_dagrun for example_python_decorator to None, run_after=None
[2024-12-22T03:03:41.640+0000] {processor.py:183} INFO - Processing /home/airflow/.local/lib/python3.12/site-packages/airflow/example_dags/example_python_decorator.py took 0.058 seconds
[2024-12-22T03:04:12.517+0000] {processor.py:161} INFO - Started process (PID=41539) to work on /home/airflow/.local/lib/python3.12/site-packages/airflow/example_dags/example_python_decorator.py
[2024-12-22T03:04:12.518+0000] {processor.py:830} INFO - Processing file /home/airflow/.local/lib/python3.12/site-packages/airflow/example_dags/example_python_decorator.py for tasks to queue
[2024-12-22T03:04:12.519+0000] {logging_mixin.py:188} INFO - [2024-12-22T03:04:12.519+0000] {dagbag.py:545} INFO - Filling up the DagBag from /home/airflow/.local/lib/python3.12/site-packages/airflow/example_dags/example_python_decorator.py
[2024-12-22T03:04:12.531+0000] {processor.py:840} INFO - DAG(s) 'example_python_decorator' retrieved from /home/airflow/.local/lib/python3.12/site-packages/airflow/example_dags/example_python_decorator.py
[2024-12-22T03:04:12.551+0000] {logging_mixin.py:188} INFO - [2024-12-22T03:04:12.551+0000] {dag.py:3089} INFO - Sync 1 DAGs
[2024-12-22T03:04:12.560+0000] {logging_mixin.py:188} INFO - [2024-12-22T03:04:12.560+0000] {dag.py:3947} INFO - Setting next_dagrun for example_python_decorator to None, run_after=None
[2024-12-22T03:04:12.577+0000] {processor.py:183} INFO - Processing /home/airflow/.local/lib/python3.12/site-packages/airflow/example_dags/example_python_decorator.py took 0.066 seconds
