[2024-12-22T01:45:52.007+0000] {processor.py:161} INFO - Started process (PID=279) to work on /home/airflow/.local/lib/python3.12/site-packages/airflow/example_dags/example_python_operator.py
[2024-12-22T01:45:52.009+0000] {processor.py:830} INFO - Processing file /home/airflow/.local/lib/python3.12/site-packages/airflow/example_dags/example_python_operator.py for tasks to queue
[2024-12-22T01:45:52.010+0000] {logging_mixin.py:188} INFO - [2024-12-22T01:45:52.010+0000] {dagbag.py:545} INFO - Filling up the DagBag from /home/airflow/.local/lib/python3.12/site-packages/airflow/example_dags/example_python_operator.py
[2024-12-22T01:45:52.020+0000] {processor.py:840} INFO - DAG(s) 'example_python_operator' retrieved from /home/airflow/.local/lib/python3.12/site-packages/airflow/example_dags/example_python_operator.py
[2024-12-22T01:45:52.031+0000] {logging_mixin.py:188} INFO - [2024-12-22T01:45:52.031+0000] {dag.py:3089} INFO - Sync 1 DAGs
[2024-12-22T01:45:52.039+0000] {logging_mixin.py:188} INFO - [2024-12-22T01:45:52.039+0000] {dag.py:3947} INFO - Setting next_dagrun for example_python_operator to None, run_after=None
[2024-12-22T01:45:52.052+0000] {processor.py:183} INFO - Processing /home/airflow/.local/lib/python3.12/site-packages/airflow/example_dags/example_python_operator.py took 0.050 seconds
[2024-12-22T01:46:22.304+0000] {processor.py:161} INFO - Started process (PID=556) to work on /home/airflow/.local/lib/python3.12/site-packages/airflow/example_dags/example_python_operator.py
[2024-12-22T01:46:22.305+0000] {processor.py:830} INFO - Processing file /home/airflow/.local/lib/python3.12/site-packages/airflow/example_dags/example_python_operator.py for tasks to queue
[2024-12-22T01:46:22.306+0000] {logging_mixin.py:188} INFO - [2024-12-22T01:46:22.306+0000] {dagbag.py:545} INFO - Filling up the DagBag from /home/airflow/.local/lib/python3.12/site-packages/airflow/example_dags/example_python_operator.py
[2024-12-22T01:46:22.313+0000] {processor.py:840} INFO - DAG(s) 'example_python_operator' retrieved from /home/airflow/.local/lib/python3.12/site-packages/airflow/example_dags/example_python_operator.py
[2024-12-22T01:46:22.371+0000] {logging_mixin.py:188} INFO - [2024-12-22T01:46:22.370+0000] {dag.py:3089} INFO - Sync 1 DAGs
[2024-12-22T01:46:22.375+0000] {logging_mixin.py:188} INFO - [2024-12-22T01:46:22.375+0000] {dag.py:3947} INFO - Setting next_dagrun for example_python_operator to None, run_after=None
[2024-12-22T01:46:22.386+0000] {processor.py:183} INFO - Processing /home/airflow/.local/lib/python3.12/site-packages/airflow/example_dags/example_python_operator.py took 0.085 seconds
[2024-12-22T01:46:52.594+0000] {processor.py:161} INFO - Started process (PID=833) to work on /home/airflow/.local/lib/python3.12/site-packages/airflow/example_dags/example_python_operator.py
[2024-12-22T01:46:52.595+0000] {processor.py:830} INFO - Processing file /home/airflow/.local/lib/python3.12/site-packages/airflow/example_dags/example_python_operator.py for tasks to queue
[2024-12-22T01:46:52.596+0000] {logging_mixin.py:188} INFO - [2024-12-22T01:46:52.596+0000] {dagbag.py:545} INFO - Filling up the DagBag from /home/airflow/.local/lib/python3.12/site-packages/airflow/example_dags/example_python_operator.py
[2024-12-22T01:46:52.602+0000] {processor.py:840} INFO - DAG(s) 'example_python_operator' retrieved from /home/airflow/.local/lib/python3.12/site-packages/airflow/example_dags/example_python_operator.py
[2024-12-22T01:46:52.615+0000] {logging_mixin.py:188} INFO - [2024-12-22T01:46:52.615+0000] {dag.py:3089} INFO - Sync 1 DAGs
[2024-12-22T01:46:52.623+0000] {logging_mixin.py:188} INFO - [2024-12-22T01:46:52.623+0000] {dag.py:3947} INFO - Setting next_dagrun for example_python_operator to None, run_after=None
[2024-12-22T01:46:52.634+0000] {processor.py:183} INFO - Processing /home/airflow/.local/lib/python3.12/site-packages/airflow/example_dags/example_python_operator.py took 0.043 seconds
[2024-12-22T01:47:23.002+0000] {processor.py:161} INFO - Started process (PID=1110) to work on /home/airflow/.local/lib/python3.12/site-packages/airflow/example_dags/example_python_operator.py
[2024-12-22T01:47:23.003+0000] {processor.py:830} INFO - Processing file /home/airflow/.local/lib/python3.12/site-packages/airflow/example_dags/example_python_operator.py for tasks to queue
[2024-12-22T01:47:23.005+0000] {logging_mixin.py:188} INFO - [2024-12-22T01:47:23.004+0000] {dagbag.py:545} INFO - Filling up the DagBag from /home/airflow/.local/lib/python3.12/site-packages/airflow/example_dags/example_python_operator.py
[2024-12-22T01:47:23.013+0000] {processor.py:840} INFO - DAG(s) 'example_python_operator' retrieved from /home/airflow/.local/lib/python3.12/site-packages/airflow/example_dags/example_python_operator.py
[2024-12-22T01:47:23.028+0000] {logging_mixin.py:188} INFO - [2024-12-22T01:47:23.028+0000] {dag.py:3089} INFO - Sync 1 DAGs
[2024-12-22T01:47:23.035+0000] {logging_mixin.py:188} INFO - [2024-12-22T01:47:23.035+0000] {dag.py:3947} INFO - Setting next_dagrun for example_python_operator to None, run_after=None
[2024-12-22T01:47:23.045+0000] {processor.py:183} INFO - Processing /home/airflow/.local/lib/python3.12/site-packages/airflow/example_dags/example_python_operator.py took 0.047 seconds
[2024-12-22T01:47:53.256+0000] {processor.py:161} INFO - Started process (PID=1388) to work on /home/airflow/.local/lib/python3.12/site-packages/airflow/example_dags/example_python_operator.py
[2024-12-22T01:47:53.257+0000] {processor.py:830} INFO - Processing file /home/airflow/.local/lib/python3.12/site-packages/airflow/example_dags/example_python_operator.py for tasks to queue
[2024-12-22T01:47:53.259+0000] {logging_mixin.py:188} INFO - [2024-12-22T01:47:53.258+0000] {dagbag.py:545} INFO - Filling up the DagBag from /home/airflow/.local/lib/python3.12/site-packages/airflow/example_dags/example_python_operator.py
[2024-12-22T01:47:53.267+0000] {processor.py:840} INFO - DAG(s) 'example_python_operator' retrieved from /home/airflow/.local/lib/python3.12/site-packages/airflow/example_dags/example_python_operator.py
[2024-12-22T01:47:53.287+0000] {logging_mixin.py:188} INFO - [2024-12-22T01:47:53.287+0000] {dag.py:3089} INFO - Sync 1 DAGs
[2024-12-22T01:47:53.299+0000] {logging_mixin.py:188} INFO - [2024-12-22T01:47:53.298+0000] {dag.py:3947} INFO - Setting next_dagrun for example_python_operator to None, run_after=None
[2024-12-22T01:47:53.314+0000] {processor.py:183} INFO - Processing /home/airflow/.local/lib/python3.12/site-packages/airflow/example_dags/example_python_operator.py took 0.063 seconds
[2024-12-22T01:48:23.783+0000] {processor.py:161} INFO - Started process (PID=1665) to work on /home/airflow/.local/lib/python3.12/site-packages/airflow/example_dags/example_python_operator.py
[2024-12-22T01:48:23.784+0000] {processor.py:830} INFO - Processing file /home/airflow/.local/lib/python3.12/site-packages/airflow/example_dags/example_python_operator.py for tasks to queue
[2024-12-22T01:48:23.785+0000] {logging_mixin.py:188} INFO - [2024-12-22T01:48:23.785+0000] {dagbag.py:545} INFO - Filling up the DagBag from /home/airflow/.local/lib/python3.12/site-packages/airflow/example_dags/example_python_operator.py
[2024-12-22T01:48:23.792+0000] {processor.py:840} INFO - DAG(s) 'example_python_operator' retrieved from /home/airflow/.local/lib/python3.12/site-packages/airflow/example_dags/example_python_operator.py
[2024-12-22T01:48:23.807+0000] {logging_mixin.py:188} INFO - [2024-12-22T01:48:23.807+0000] {dag.py:3089} INFO - Sync 1 DAGs
[2024-12-22T01:48:23.814+0000] {logging_mixin.py:188} INFO - [2024-12-22T01:48:23.814+0000] {dag.py:3947} INFO - Setting next_dagrun for example_python_operator to None, run_after=None
[2024-12-22T01:48:23.826+0000] {processor.py:183} INFO - Processing /home/airflow/.local/lib/python3.12/site-packages/airflow/example_dags/example_python_operator.py took 0.046 seconds
[2024-12-22T01:48:53.979+0000] {processor.py:161} INFO - Started process (PID=1944) to work on /home/airflow/.local/lib/python3.12/site-packages/airflow/example_dags/example_python_operator.py
[2024-12-22T01:48:53.979+0000] {processor.py:830} INFO - Processing file /home/airflow/.local/lib/python3.12/site-packages/airflow/example_dags/example_python_operator.py for tasks to queue
[2024-12-22T01:48:53.981+0000] {logging_mixin.py:188} INFO - [2024-12-22T01:48:53.980+0000] {dagbag.py:545} INFO - Filling up the DagBag from /home/airflow/.local/lib/python3.12/site-packages/airflow/example_dags/example_python_operator.py
[2024-12-22T01:48:53.989+0000] {processor.py:840} INFO - DAG(s) 'example_python_operator' retrieved from /home/airflow/.local/lib/python3.12/site-packages/airflow/example_dags/example_python_operator.py
[2024-12-22T01:48:54.008+0000] {logging_mixin.py:188} INFO - [2024-12-22T01:48:54.007+0000] {dag.py:3089} INFO - Sync 1 DAGs
[2024-12-22T01:48:54.015+0000] {logging_mixin.py:188} INFO - [2024-12-22T01:48:54.015+0000] {dag.py:3947} INFO - Setting next_dagrun for example_python_operator to None, run_after=None
[2024-12-22T01:48:54.025+0000] {processor.py:183} INFO - Processing /home/airflow/.local/lib/python3.12/site-packages/airflow/example_dags/example_python_operator.py took 0.051 seconds
[2024-12-22T01:49:24.626+0000] {processor.py:161} INFO - Started process (PID=2219) to work on /home/airflow/.local/lib/python3.12/site-packages/airflow/example_dags/example_python_operator.py
[2024-12-22T01:49:24.626+0000] {processor.py:830} INFO - Processing file /home/airflow/.local/lib/python3.12/site-packages/airflow/example_dags/example_python_operator.py for tasks to queue
[2024-12-22T01:49:24.628+0000] {logging_mixin.py:188} INFO - [2024-12-22T01:49:24.627+0000] {dagbag.py:545} INFO - Filling up the DagBag from /home/airflow/.local/lib/python3.12/site-packages/airflow/example_dags/example_python_operator.py
[2024-12-22T01:49:24.635+0000] {processor.py:840} INFO - DAG(s) 'example_python_operator' retrieved from /home/airflow/.local/lib/python3.12/site-packages/airflow/example_dags/example_python_operator.py
[2024-12-22T01:49:24.649+0000] {logging_mixin.py:188} INFO - [2024-12-22T01:49:24.648+0000] {dag.py:3089} INFO - Sync 1 DAGs
[2024-12-22T01:49:24.656+0000] {logging_mixin.py:188} INFO - [2024-12-22T01:49:24.656+0000] {dag.py:3947} INFO - Setting next_dagrun for example_python_operator to None, run_after=None
[2024-12-22T01:49:24.667+0000] {processor.py:183} INFO - Processing /home/airflow/.local/lib/python3.12/site-packages/airflow/example_dags/example_python_operator.py took 0.045 seconds
[2024-12-22T01:49:54.949+0000] {processor.py:161} INFO - Started process (PID=2496) to work on /home/airflow/.local/lib/python3.12/site-packages/airflow/example_dags/example_python_operator.py
[2024-12-22T01:49:54.950+0000] {processor.py:830} INFO - Processing file /home/airflow/.local/lib/python3.12/site-packages/airflow/example_dags/example_python_operator.py for tasks to queue
[2024-12-22T01:49:54.951+0000] {logging_mixin.py:188} INFO - [2024-12-22T01:49:54.951+0000] {dagbag.py:545} INFO - Filling up the DagBag from /home/airflow/.local/lib/python3.12/site-packages/airflow/example_dags/example_python_operator.py
[2024-12-22T01:49:54.958+0000] {processor.py:840} INFO - DAG(s) 'example_python_operator' retrieved from /home/airflow/.local/lib/python3.12/site-packages/airflow/example_dags/example_python_operator.py
[2024-12-22T01:49:54.973+0000] {logging_mixin.py:188} INFO - [2024-12-22T01:49:54.972+0000] {dag.py:3089} INFO - Sync 1 DAGs
[2024-12-22T01:49:54.979+0000] {logging_mixin.py:188} INFO - [2024-12-22T01:49:54.979+0000] {dag.py:3947} INFO - Setting next_dagrun for example_python_operator to None, run_after=None
[2024-12-22T01:49:54.989+0000] {processor.py:183} INFO - Processing /home/airflow/.local/lib/python3.12/site-packages/airflow/example_dags/example_python_operator.py took 0.043 seconds
[2024-12-22T01:50:25.850+0000] {processor.py:161} INFO - Started process (PID=2775) to work on /home/airflow/.local/lib/python3.12/site-packages/airflow/example_dags/example_python_operator.py
[2024-12-22T01:50:25.850+0000] {processor.py:830} INFO - Processing file /home/airflow/.local/lib/python3.12/site-packages/airflow/example_dags/example_python_operator.py for tasks to queue
[2024-12-22T01:50:25.852+0000] {logging_mixin.py:188} INFO - [2024-12-22T01:50:25.852+0000] {dagbag.py:545} INFO - Filling up the DagBag from /home/airflow/.local/lib/python3.12/site-packages/airflow/example_dags/example_python_operator.py
[2024-12-22T01:50:25.859+0000] {processor.py:840} INFO - DAG(s) 'example_python_operator' retrieved from /home/airflow/.local/lib/python3.12/site-packages/airflow/example_dags/example_python_operator.py
[2024-12-22T01:50:25.875+0000] {logging_mixin.py:188} INFO - [2024-12-22T01:50:25.875+0000] {dag.py:3089} INFO - Sync 1 DAGs
[2024-12-22T01:50:25.882+0000] {logging_mixin.py:188} INFO - [2024-12-22T01:50:25.882+0000] {dag.py:3947} INFO - Setting next_dagrun for example_python_operator to None, run_after=None
[2024-12-22T01:50:25.893+0000] {processor.py:183} INFO - Processing /home/airflow/.local/lib/python3.12/site-packages/airflow/example_dags/example_python_operator.py took 0.047 seconds
[2024-12-22T01:50:58.681+0000] {processor.py:161} INFO - Started process (PID=3052) to work on /home/airflow/.local/lib/python3.12/site-packages/airflow/example_dags/example_python_operator.py
[2024-12-22T01:50:58.682+0000] {processor.py:830} INFO - Processing file /home/airflow/.local/lib/python3.12/site-packages/airflow/example_dags/example_python_operator.py for tasks to queue
[2024-12-22T01:50:58.684+0000] {logging_mixin.py:188} INFO - [2024-12-22T01:50:58.684+0000] {dagbag.py:545} INFO - Filling up the DagBag from /home/airflow/.local/lib/python3.12/site-packages/airflow/example_dags/example_python_operator.py
[2024-12-22T01:50:58.691+0000] {processor.py:840} INFO - DAG(s) 'example_python_operator' retrieved from /home/airflow/.local/lib/python3.12/site-packages/airflow/example_dags/example_python_operator.py
[2024-12-22T01:50:58.704+0000] {logging_mixin.py:188} INFO - [2024-12-22T01:50:58.704+0000] {dag.py:3089} INFO - Sync 1 DAGs
[2024-12-22T01:50:58.710+0000] {logging_mixin.py:188} INFO - [2024-12-22T01:50:58.710+0000] {dag.py:3947} INFO - Setting next_dagrun for example_python_operator to None, run_after=None
[2024-12-22T01:50:58.722+0000] {processor.py:183} INFO - Processing /home/airflow/.local/lib/python3.12/site-packages/airflow/example_dags/example_python_operator.py took 0.045 seconds
[2024-12-22T01:51:31.898+0000] {processor.py:161} INFO - Started process (PID=3329) to work on /home/airflow/.local/lib/python3.12/site-packages/airflow/example_dags/example_python_operator.py
[2024-12-22T01:51:31.899+0000] {processor.py:830} INFO - Processing file /home/airflow/.local/lib/python3.12/site-packages/airflow/example_dags/example_python_operator.py for tasks to queue
[2024-12-22T01:51:31.900+0000] {logging_mixin.py:188} INFO - [2024-12-22T01:51:31.900+0000] {dagbag.py:545} INFO - Filling up the DagBag from /home/airflow/.local/lib/python3.12/site-packages/airflow/example_dags/example_python_operator.py
[2024-12-22T01:51:31.907+0000] {processor.py:840} INFO - DAG(s) 'example_python_operator' retrieved from /home/airflow/.local/lib/python3.12/site-packages/airflow/example_dags/example_python_operator.py
[2024-12-22T01:51:31.923+0000] {logging_mixin.py:188} INFO - [2024-12-22T01:51:31.922+0000] {dag.py:3089} INFO - Sync 1 DAGs
[2024-12-22T01:51:31.929+0000] {logging_mixin.py:188} INFO - [2024-12-22T01:51:31.929+0000] {dag.py:3947} INFO - Setting next_dagrun for example_python_operator to None, run_after=None
[2024-12-22T01:51:31.942+0000] {processor.py:183} INFO - Processing /home/airflow/.local/lib/python3.12/site-packages/airflow/example_dags/example_python_operator.py took 0.049 seconds
[2024-12-22T01:52:02.374+0000] {processor.py:161} INFO - Started process (PID=3606) to work on /home/airflow/.local/lib/python3.12/site-packages/airflow/example_dags/example_python_operator.py
[2024-12-22T01:52:02.375+0000] {processor.py:830} INFO - Processing file /home/airflow/.local/lib/python3.12/site-packages/airflow/example_dags/example_python_operator.py for tasks to queue
[2024-12-22T01:52:02.376+0000] {logging_mixin.py:188} INFO - [2024-12-22T01:52:02.376+0000] {dagbag.py:545} INFO - Filling up the DagBag from /home/airflow/.local/lib/python3.12/site-packages/airflow/example_dags/example_python_operator.py
[2024-12-22T01:52:02.384+0000] {processor.py:840} INFO - DAG(s) 'example_python_operator' retrieved from /home/airflow/.local/lib/python3.12/site-packages/airflow/example_dags/example_python_operator.py
[2024-12-22T01:52:02.399+0000] {logging_mixin.py:188} INFO - [2024-12-22T01:52:02.399+0000] {dag.py:3089} INFO - Sync 1 DAGs
[2024-12-22T01:52:02.406+0000] {logging_mixin.py:188} INFO - [2024-12-22T01:52:02.406+0000] {dag.py:3947} INFO - Setting next_dagrun for example_python_operator to None, run_after=None
[2024-12-22T01:52:02.417+0000] {processor.py:183} INFO - Processing /home/airflow/.local/lib/python3.12/site-packages/airflow/example_dags/example_python_operator.py took 0.047 seconds
[2024-12-22T01:52:32.790+0000] {processor.py:161} INFO - Started process (PID=3881) to work on /home/airflow/.local/lib/python3.12/site-packages/airflow/example_dags/example_python_operator.py
[2024-12-22T01:52:32.791+0000] {processor.py:830} INFO - Processing file /home/airflow/.local/lib/python3.12/site-packages/airflow/example_dags/example_python_operator.py for tasks to queue
[2024-12-22T01:52:32.792+0000] {logging_mixin.py:188} INFO - [2024-12-22T01:52:32.792+0000] {dagbag.py:545} INFO - Filling up the DagBag from /home/airflow/.local/lib/python3.12/site-packages/airflow/example_dags/example_python_operator.py
[2024-12-22T01:52:32.798+0000] {processor.py:840} INFO - DAG(s) 'example_python_operator' retrieved from /home/airflow/.local/lib/python3.12/site-packages/airflow/example_dags/example_python_operator.py
[2024-12-22T01:52:32.814+0000] {logging_mixin.py:188} INFO - [2024-12-22T01:52:32.813+0000] {dag.py:3089} INFO - Sync 1 DAGs
[2024-12-22T01:52:32.821+0000] {logging_mixin.py:188} INFO - [2024-12-22T01:52:32.821+0000] {dag.py:3947} INFO - Setting next_dagrun for example_python_operator to None, run_after=None
[2024-12-22T01:52:32.831+0000] {processor.py:183} INFO - Processing /home/airflow/.local/lib/python3.12/site-packages/airflow/example_dags/example_python_operator.py took 0.045 seconds
[2024-12-22T01:53:03.824+0000] {processor.py:161} INFO - Started process (PID=4160) to work on /home/airflow/.local/lib/python3.12/site-packages/airflow/example_dags/example_python_operator.py
[2024-12-22T01:53:03.825+0000] {processor.py:830} INFO - Processing file /home/airflow/.local/lib/python3.12/site-packages/airflow/example_dags/example_python_operator.py for tasks to queue
[2024-12-22T01:53:03.826+0000] {logging_mixin.py:188} INFO - [2024-12-22T01:53:03.826+0000] {dagbag.py:545} INFO - Filling up the DagBag from /home/airflow/.local/lib/python3.12/site-packages/airflow/example_dags/example_python_operator.py
[2024-12-22T01:53:03.834+0000] {processor.py:840} INFO - DAG(s) 'example_python_operator' retrieved from /home/airflow/.local/lib/python3.12/site-packages/airflow/example_dags/example_python_operator.py
[2024-12-22T01:53:03.848+0000] {logging_mixin.py:188} INFO - [2024-12-22T01:53:03.848+0000] {dag.py:3089} INFO - Sync 1 DAGs
[2024-12-22T01:53:03.854+0000] {logging_mixin.py:188} INFO - [2024-12-22T01:53:03.854+0000] {dag.py:3947} INFO - Setting next_dagrun for example_python_operator to None, run_after=None
[2024-12-22T01:53:03.864+0000] {processor.py:183} INFO - Processing /home/airflow/.local/lib/python3.12/site-packages/airflow/example_dags/example_python_operator.py took 0.043 seconds
[2024-12-22T01:53:35.355+0000] {processor.py:161} INFO - Started process (PID=4435) to work on /home/airflow/.local/lib/python3.12/site-packages/airflow/example_dags/example_python_operator.py
[2024-12-22T01:53:35.356+0000] {processor.py:830} INFO - Processing file /home/airflow/.local/lib/python3.12/site-packages/airflow/example_dags/example_python_operator.py for tasks to queue
[2024-12-22T01:53:35.357+0000] {logging_mixin.py:188} INFO - [2024-12-22T01:53:35.357+0000] {dagbag.py:545} INFO - Filling up the DagBag from /home/airflow/.local/lib/python3.12/site-packages/airflow/example_dags/example_python_operator.py
[2024-12-22T01:53:35.363+0000] {processor.py:840} INFO - DAG(s) 'example_python_operator' retrieved from /home/airflow/.local/lib/python3.12/site-packages/airflow/example_dags/example_python_operator.py
[2024-12-22T01:53:35.377+0000] {logging_mixin.py:188} INFO - [2024-12-22T01:53:35.377+0000] {dag.py:3089} INFO - Sync 1 DAGs
[2024-12-22T01:53:35.384+0000] {logging_mixin.py:188} INFO - [2024-12-22T01:53:35.384+0000] {dag.py:3947} INFO - Setting next_dagrun for example_python_operator to None, run_after=None
[2024-12-22T01:53:35.394+0000] {processor.py:183} INFO - Processing /home/airflow/.local/lib/python3.12/site-packages/airflow/example_dags/example_python_operator.py took 0.043 seconds
[2024-12-22T01:54:07.340+0000] {processor.py:161} INFO - Started process (PID=4713) to work on /home/airflow/.local/lib/python3.12/site-packages/airflow/example_dags/example_python_operator.py
[2024-12-22T01:54:07.341+0000] {processor.py:830} INFO - Processing file /home/airflow/.local/lib/python3.12/site-packages/airflow/example_dags/example_python_operator.py for tasks to queue
[2024-12-22T01:54:07.342+0000] {logging_mixin.py:188} INFO - [2024-12-22T01:54:07.341+0000] {dagbag.py:545} INFO - Filling up the DagBag from /home/airflow/.local/lib/python3.12/site-packages/airflow/example_dags/example_python_operator.py
[2024-12-22T01:54:07.348+0000] {processor.py:840} INFO - DAG(s) 'example_python_operator' retrieved from /home/airflow/.local/lib/python3.12/site-packages/airflow/example_dags/example_python_operator.py
[2024-12-22T01:54:07.361+0000] {logging_mixin.py:188} INFO - [2024-12-22T01:54:07.360+0000] {dag.py:3089} INFO - Sync 1 DAGs
[2024-12-22T01:54:07.367+0000] {logging_mixin.py:188} INFO - [2024-12-22T01:54:07.367+0000] {dag.py:3947} INFO - Setting next_dagrun for example_python_operator to None, run_after=None
[2024-12-22T01:54:07.378+0000] {processor.py:183} INFO - Processing /home/airflow/.local/lib/python3.12/site-packages/airflow/example_dags/example_python_operator.py took 0.042 seconds
[2024-12-22T01:54:40.359+0000] {processor.py:161} INFO - Started process (PID=4990) to work on /home/airflow/.local/lib/python3.12/site-packages/airflow/example_dags/example_python_operator.py
[2024-12-22T01:54:40.360+0000] {processor.py:830} INFO - Processing file /home/airflow/.local/lib/python3.12/site-packages/airflow/example_dags/example_python_operator.py for tasks to queue
[2024-12-22T01:54:40.361+0000] {logging_mixin.py:188} INFO - [2024-12-22T01:54:40.361+0000] {dagbag.py:545} INFO - Filling up the DagBag from /home/airflow/.local/lib/python3.12/site-packages/airflow/example_dags/example_python_operator.py
[2024-12-22T01:54:40.367+0000] {processor.py:840} INFO - DAG(s) 'example_python_operator' retrieved from /home/airflow/.local/lib/python3.12/site-packages/airflow/example_dags/example_python_operator.py
[2024-12-22T01:54:40.381+0000] {logging_mixin.py:188} INFO - [2024-12-22T01:54:40.381+0000] {dag.py:3089} INFO - Sync 1 DAGs
[2024-12-22T01:54:40.388+0000] {logging_mixin.py:188} INFO - [2024-12-22T01:54:40.388+0000] {dag.py:3947} INFO - Setting next_dagrun for example_python_operator to None, run_after=None
[2024-12-22T01:54:40.400+0000] {processor.py:183} INFO - Processing /home/airflow/.local/lib/python3.12/site-packages/airflow/example_dags/example_python_operator.py took 0.044 seconds
[2024-12-22T01:55:13.362+0000] {processor.py:161} INFO - Started process (PID=5269) to work on /home/airflow/.local/lib/python3.12/site-packages/airflow/example_dags/example_python_operator.py
[2024-12-22T01:55:13.363+0000] {processor.py:830} INFO - Processing file /home/airflow/.local/lib/python3.12/site-packages/airflow/example_dags/example_python_operator.py for tasks to queue
[2024-12-22T01:55:13.364+0000] {logging_mixin.py:188} INFO - [2024-12-22T01:55:13.364+0000] {dagbag.py:545} INFO - Filling up the DagBag from /home/airflow/.local/lib/python3.12/site-packages/airflow/example_dags/example_python_operator.py
[2024-12-22T01:55:13.372+0000] {processor.py:840} INFO - DAG(s) 'example_python_operator' retrieved from /home/airflow/.local/lib/python3.12/site-packages/airflow/example_dags/example_python_operator.py
[2024-12-22T01:55:13.385+0000] {logging_mixin.py:188} INFO - [2024-12-22T01:55:13.385+0000] {dag.py:3089} INFO - Sync 1 DAGs
[2024-12-22T01:55:13.391+0000] {logging_mixin.py:188} INFO - [2024-12-22T01:55:13.391+0000] {dag.py:3947} INFO - Setting next_dagrun for example_python_operator to None, run_after=None
[2024-12-22T01:55:13.402+0000] {processor.py:183} INFO - Processing /home/airflow/.local/lib/python3.12/site-packages/airflow/example_dags/example_python_operator.py took 0.043 seconds
[2024-12-22T01:55:44.013+0000] {processor.py:161} INFO - Started process (PID=5546) to work on /home/airflow/.local/lib/python3.12/site-packages/airflow/example_dags/example_python_operator.py
[2024-12-22T01:55:44.014+0000] {processor.py:830} INFO - Processing file /home/airflow/.local/lib/python3.12/site-packages/airflow/example_dags/example_python_operator.py for tasks to queue
[2024-12-22T01:55:44.015+0000] {logging_mixin.py:188} INFO - [2024-12-22T01:55:44.015+0000] {dagbag.py:545} INFO - Filling up the DagBag from /home/airflow/.local/lib/python3.12/site-packages/airflow/example_dags/example_python_operator.py
[2024-12-22T01:55:44.021+0000] {processor.py:840} INFO - DAG(s) 'example_python_operator' retrieved from /home/airflow/.local/lib/python3.12/site-packages/airflow/example_dags/example_python_operator.py
[2024-12-22T01:55:44.035+0000] {logging_mixin.py:188} INFO - [2024-12-22T01:55:44.035+0000] {dag.py:3089} INFO - Sync 1 DAGs
[2024-12-22T01:55:44.041+0000] {logging_mixin.py:188} INFO - [2024-12-22T01:55:44.041+0000] {dag.py:3947} INFO - Setting next_dagrun for example_python_operator to None, run_after=None
[2024-12-22T01:55:44.051+0000] {processor.py:183} INFO - Processing /home/airflow/.local/lib/python3.12/site-packages/airflow/example_dags/example_python_operator.py took 0.042 seconds
[2024-12-22T01:56:15.500+0000] {processor.py:161} INFO - Started process (PID=5821) to work on /home/airflow/.local/lib/python3.12/site-packages/airflow/example_dags/example_python_operator.py
[2024-12-22T01:56:15.501+0000] {processor.py:830} INFO - Processing file /home/airflow/.local/lib/python3.12/site-packages/airflow/example_dags/example_python_operator.py for tasks to queue
[2024-12-22T01:56:15.503+0000] {logging_mixin.py:188} INFO - [2024-12-22T01:56:15.503+0000] {dagbag.py:545} INFO - Filling up the DagBag from /home/airflow/.local/lib/python3.12/site-packages/airflow/example_dags/example_python_operator.py
[2024-12-22T01:56:15.509+0000] {processor.py:840} INFO - DAG(s) 'example_python_operator' retrieved from /home/airflow/.local/lib/python3.12/site-packages/airflow/example_dags/example_python_operator.py
[2024-12-22T01:56:15.524+0000] {logging_mixin.py:188} INFO - [2024-12-22T01:56:15.524+0000] {dag.py:3089} INFO - Sync 1 DAGs
[2024-12-22T01:56:15.532+0000] {logging_mixin.py:188} INFO - [2024-12-22T01:56:15.532+0000] {dag.py:3947} INFO - Setting next_dagrun for example_python_operator to None, run_after=None
[2024-12-22T01:56:15.543+0000] {processor.py:183} INFO - Processing /home/airflow/.local/lib/python3.12/site-packages/airflow/example_dags/example_python_operator.py took 0.047 seconds
[2024-12-22T01:56:45.833+0000] {processor.py:161} INFO - Started process (PID=6098) to work on /home/airflow/.local/lib/python3.12/site-packages/airflow/example_dags/example_python_operator.py
[2024-12-22T01:56:45.834+0000] {processor.py:830} INFO - Processing file /home/airflow/.local/lib/python3.12/site-packages/airflow/example_dags/example_python_operator.py for tasks to queue
[2024-12-22T01:56:45.835+0000] {logging_mixin.py:188} INFO - [2024-12-22T01:56:45.835+0000] {dagbag.py:545} INFO - Filling up the DagBag from /home/airflow/.local/lib/python3.12/site-packages/airflow/example_dags/example_python_operator.py
[2024-12-22T01:56:45.842+0000] {processor.py:840} INFO - DAG(s) 'example_python_operator' retrieved from /home/airflow/.local/lib/python3.12/site-packages/airflow/example_dags/example_python_operator.py
[2024-12-22T01:56:45.857+0000] {logging_mixin.py:188} INFO - [2024-12-22T01:56:45.857+0000] {dag.py:3089} INFO - Sync 1 DAGs
[2024-12-22T01:56:45.864+0000] {logging_mixin.py:188} INFO - [2024-12-22T01:56:45.864+0000] {dag.py:3947} INFO - Setting next_dagrun for example_python_operator to None, run_after=None
[2024-12-22T01:56:45.875+0000] {processor.py:183} INFO - Processing /home/airflow/.local/lib/python3.12/site-packages/airflow/example_dags/example_python_operator.py took 0.045 seconds
[2024-12-22T01:57:16.502+0000] {processor.py:161} INFO - Started process (PID=6376) to work on /home/airflow/.local/lib/python3.12/site-packages/airflow/example_dags/example_python_operator.py
[2024-12-22T01:57:16.503+0000] {processor.py:830} INFO - Processing file /home/airflow/.local/lib/python3.12/site-packages/airflow/example_dags/example_python_operator.py for tasks to queue
[2024-12-22T01:57:16.504+0000] {logging_mixin.py:188} INFO - [2024-12-22T01:57:16.504+0000] {dagbag.py:545} INFO - Filling up the DagBag from /home/airflow/.local/lib/python3.12/site-packages/airflow/example_dags/example_python_operator.py
[2024-12-22T01:57:16.510+0000] {processor.py:840} INFO - DAG(s) 'example_python_operator' retrieved from /home/airflow/.local/lib/python3.12/site-packages/airflow/example_dags/example_python_operator.py
[2024-12-22T01:57:16.523+0000] {logging_mixin.py:188} INFO - [2024-12-22T01:57:16.523+0000] {dag.py:3089} INFO - Sync 1 DAGs
[2024-12-22T01:57:16.530+0000] {logging_mixin.py:188} INFO - [2024-12-22T01:57:16.530+0000] {dag.py:3947} INFO - Setting next_dagrun for example_python_operator to None, run_after=None
[2024-12-22T01:57:16.540+0000] {processor.py:183} INFO - Processing /home/airflow/.local/lib/python3.12/site-packages/airflow/example_dags/example_python_operator.py took 0.042 seconds
[2024-12-22T01:57:49.558+0000] {processor.py:161} INFO - Started process (PID=6655) to work on /home/airflow/.local/lib/python3.12/site-packages/airflow/example_dags/example_python_operator.py
[2024-12-22T01:57:49.559+0000] {processor.py:830} INFO - Processing file /home/airflow/.local/lib/python3.12/site-packages/airflow/example_dags/example_python_operator.py for tasks to queue
[2024-12-22T01:57:49.560+0000] {logging_mixin.py:188} INFO - [2024-12-22T01:57:49.560+0000] {dagbag.py:545} INFO - Filling up the DagBag from /home/airflow/.local/lib/python3.12/site-packages/airflow/example_dags/example_python_operator.py
[2024-12-22T01:57:49.566+0000] {processor.py:840} INFO - DAG(s) 'example_python_operator' retrieved from /home/airflow/.local/lib/python3.12/site-packages/airflow/example_dags/example_python_operator.py
[2024-12-22T01:57:49.580+0000] {logging_mixin.py:188} INFO - [2024-12-22T01:57:49.580+0000] {dag.py:3089} INFO - Sync 1 DAGs
[2024-12-22T01:57:49.587+0000] {logging_mixin.py:188} INFO - [2024-12-22T01:57:49.587+0000] {dag.py:3947} INFO - Setting next_dagrun for example_python_operator to None, run_after=None
[2024-12-22T01:57:49.596+0000] {processor.py:183} INFO - Processing /home/airflow/.local/lib/python3.12/site-packages/airflow/example_dags/example_python_operator.py took 0.042 seconds
[2024-12-22T01:58:21.851+0000] {processor.py:161} INFO - Started process (PID=6930) to work on /home/airflow/.local/lib/python3.12/site-packages/airflow/example_dags/example_python_operator.py
[2024-12-22T01:58:21.851+0000] {processor.py:830} INFO - Processing file /home/airflow/.local/lib/python3.12/site-packages/airflow/example_dags/example_python_operator.py for tasks to queue
[2024-12-22T01:58:21.853+0000] {logging_mixin.py:188} INFO - [2024-12-22T01:58:21.852+0000] {dagbag.py:545} INFO - Filling up the DagBag from /home/airflow/.local/lib/python3.12/site-packages/airflow/example_dags/example_python_operator.py
[2024-12-22T01:58:21.859+0000] {processor.py:840} INFO - DAG(s) 'example_python_operator' retrieved from /home/airflow/.local/lib/python3.12/site-packages/airflow/example_dags/example_python_operator.py
[2024-12-22T01:58:21.873+0000] {logging_mixin.py:188} INFO - [2024-12-22T01:58:21.873+0000] {dag.py:3089} INFO - Sync 1 DAGs
[2024-12-22T01:58:21.881+0000] {logging_mixin.py:188} INFO - [2024-12-22T01:58:21.881+0000] {dag.py:3947} INFO - Setting next_dagrun for example_python_operator to None, run_after=None
[2024-12-22T01:58:21.891+0000] {processor.py:183} INFO - Processing /home/airflow/.local/lib/python3.12/site-packages/airflow/example_dags/example_python_operator.py took 0.044 seconds
[2024-12-22T01:58:54.922+0000] {processor.py:161} INFO - Started process (PID=7207) to work on /home/airflow/.local/lib/python3.12/site-packages/airflow/example_dags/example_python_operator.py
[2024-12-22T01:58:54.923+0000] {processor.py:830} INFO - Processing file /home/airflow/.local/lib/python3.12/site-packages/airflow/example_dags/example_python_operator.py for tasks to queue
[2024-12-22T01:58:54.925+0000] {logging_mixin.py:188} INFO - [2024-12-22T01:58:54.924+0000] {dagbag.py:545} INFO - Filling up the DagBag from /home/airflow/.local/lib/python3.12/site-packages/airflow/example_dags/example_python_operator.py
[2024-12-22T01:58:54.931+0000] {processor.py:840} INFO - DAG(s) 'example_python_operator' retrieved from /home/airflow/.local/lib/python3.12/site-packages/airflow/example_dags/example_python_operator.py
[2024-12-22T01:58:54.946+0000] {logging_mixin.py:188} INFO - [2024-12-22T01:58:54.946+0000] {dag.py:3089} INFO - Sync 1 DAGs
[2024-12-22T01:58:54.953+0000] {logging_mixin.py:188} INFO - [2024-12-22T01:58:54.953+0000] {dag.py:3947} INFO - Setting next_dagrun for example_python_operator to None, run_after=None
[2024-12-22T01:58:54.966+0000] {processor.py:183} INFO - Processing /home/airflow/.local/lib/python3.12/site-packages/airflow/example_dags/example_python_operator.py took 0.047 seconds
[2024-12-22T01:59:25.719+0000] {processor.py:161} INFO - Started process (PID=7484) to work on /home/airflow/.local/lib/python3.12/site-packages/airflow/example_dags/example_python_operator.py
[2024-12-22T01:59:25.720+0000] {processor.py:830} INFO - Processing file /home/airflow/.local/lib/python3.12/site-packages/airflow/example_dags/example_python_operator.py for tasks to queue
[2024-12-22T01:59:25.722+0000] {logging_mixin.py:188} INFO - [2024-12-22T01:59:25.721+0000] {dagbag.py:545} INFO - Filling up the DagBag from /home/airflow/.local/lib/python3.12/site-packages/airflow/example_dags/example_python_operator.py
[2024-12-22T01:59:25.728+0000] {processor.py:840} INFO - DAG(s) 'example_python_operator' retrieved from /home/airflow/.local/lib/python3.12/site-packages/airflow/example_dags/example_python_operator.py
[2024-12-22T01:59:25.742+0000] {logging_mixin.py:188} INFO - [2024-12-22T01:59:25.742+0000] {dag.py:3089} INFO - Sync 1 DAGs
[2024-12-22T01:59:25.749+0000] {logging_mixin.py:188} INFO - [2024-12-22T01:59:25.749+0000] {dag.py:3947} INFO - Setting next_dagrun for example_python_operator to None, run_after=None
[2024-12-22T01:59:25.760+0000] {processor.py:183} INFO - Processing /home/airflow/.local/lib/python3.12/site-packages/airflow/example_dags/example_python_operator.py took 0.044 seconds
[2024-12-22T01:59:56.408+0000] {processor.py:161} INFO - Started process (PID=7763) to work on /home/airflow/.local/lib/python3.12/site-packages/airflow/example_dags/example_python_operator.py
[2024-12-22T01:59:56.409+0000] {processor.py:830} INFO - Processing file /home/airflow/.local/lib/python3.12/site-packages/airflow/example_dags/example_python_operator.py for tasks to queue
[2024-12-22T01:59:56.410+0000] {logging_mixin.py:188} INFO - [2024-12-22T01:59:56.410+0000] {dagbag.py:545} INFO - Filling up the DagBag from /home/airflow/.local/lib/python3.12/site-packages/airflow/example_dags/example_python_operator.py
[2024-12-22T01:59:56.416+0000] {processor.py:840} INFO - DAG(s) 'example_python_operator' retrieved from /home/airflow/.local/lib/python3.12/site-packages/airflow/example_dags/example_python_operator.py
[2024-12-22T01:59:56.430+0000] {logging_mixin.py:188} INFO - [2024-12-22T01:59:56.430+0000] {dag.py:3089} INFO - Sync 1 DAGs
[2024-12-22T01:59:56.436+0000] {logging_mixin.py:188} INFO - [2024-12-22T01:59:56.436+0000] {dag.py:3947} INFO - Setting next_dagrun for example_python_operator to None, run_after=None
[2024-12-22T01:59:56.446+0000] {processor.py:183} INFO - Processing /home/airflow/.local/lib/python3.12/site-packages/airflow/example_dags/example_python_operator.py took 0.042 seconds
[2024-12-22T02:00:27.617+0000] {processor.py:161} INFO - Started process (PID=8038) to work on /home/airflow/.local/lib/python3.12/site-packages/airflow/example_dags/example_python_operator.py
[2024-12-22T02:00:27.618+0000] {processor.py:830} INFO - Processing file /home/airflow/.local/lib/python3.12/site-packages/airflow/example_dags/example_python_operator.py for tasks to queue
[2024-12-22T02:00:27.619+0000] {logging_mixin.py:188} INFO - [2024-12-22T02:00:27.619+0000] {dagbag.py:545} INFO - Filling up the DagBag from /home/airflow/.local/lib/python3.12/site-packages/airflow/example_dags/example_python_operator.py
[2024-12-22T02:00:27.625+0000] {processor.py:840} INFO - DAG(s) 'example_python_operator' retrieved from /home/airflow/.local/lib/python3.12/site-packages/airflow/example_dags/example_python_operator.py
[2024-12-22T02:00:27.641+0000] {logging_mixin.py:188} INFO - [2024-12-22T02:00:27.641+0000] {dag.py:3089} INFO - Sync 1 DAGs
[2024-12-22T02:00:27.648+0000] {logging_mixin.py:188} INFO - [2024-12-22T02:00:27.648+0000] {dag.py:3947} INFO - Setting next_dagrun for example_python_operator to None, run_after=None
[2024-12-22T02:00:27.659+0000] {processor.py:183} INFO - Processing /home/airflow/.local/lib/python3.12/site-packages/airflow/example_dags/example_python_operator.py took 0.046 seconds
[2024-12-22T02:00:57.960+0000] {processor.py:161} INFO - Started process (PID=8315) to work on /home/airflow/.local/lib/python3.12/site-packages/airflow/example_dags/example_python_operator.py
[2024-12-22T02:00:57.961+0000] {processor.py:830} INFO - Processing file /home/airflow/.local/lib/python3.12/site-packages/airflow/example_dags/example_python_operator.py for tasks to queue
[2024-12-22T02:00:57.962+0000] {logging_mixin.py:188} INFO - [2024-12-22T02:00:57.962+0000] {dagbag.py:545} INFO - Filling up the DagBag from /home/airflow/.local/lib/python3.12/site-packages/airflow/example_dags/example_python_operator.py
[2024-12-22T02:00:57.968+0000] {processor.py:840} INFO - DAG(s) 'example_python_operator' retrieved from /home/airflow/.local/lib/python3.12/site-packages/airflow/example_dags/example_python_operator.py
[2024-12-22T02:00:57.982+0000] {logging_mixin.py:188} INFO - [2024-12-22T02:00:57.982+0000] {dag.py:3089} INFO - Sync 1 DAGs
[2024-12-22T02:00:57.991+0000] {logging_mixin.py:188} INFO - [2024-12-22T02:00:57.991+0000] {dag.py:3947} INFO - Setting next_dagrun for example_python_operator to None, run_after=None
[2024-12-22T02:00:58.004+0000] {processor.py:183} INFO - Processing /home/airflow/.local/lib/python3.12/site-packages/airflow/example_dags/example_python_operator.py took 0.047 seconds
[2024-12-22T02:01:31.083+0000] {processor.py:161} INFO - Started process (PID=8592) to work on /home/airflow/.local/lib/python3.12/site-packages/airflow/example_dags/example_python_operator.py
[2024-12-22T02:01:31.084+0000] {processor.py:830} INFO - Processing file /home/airflow/.local/lib/python3.12/site-packages/airflow/example_dags/example_python_operator.py for tasks to queue
[2024-12-22T02:01:31.085+0000] {logging_mixin.py:188} INFO - [2024-12-22T02:01:31.084+0000] {dagbag.py:545} INFO - Filling up the DagBag from /home/airflow/.local/lib/python3.12/site-packages/airflow/example_dags/example_python_operator.py
[2024-12-22T02:01:31.091+0000] {processor.py:840} INFO - DAG(s) 'example_python_operator' retrieved from /home/airflow/.local/lib/python3.12/site-packages/airflow/example_dags/example_python_operator.py
[2024-12-22T02:01:31.104+0000] {logging_mixin.py:188} INFO - [2024-12-22T02:01:31.104+0000] {dag.py:3089} INFO - Sync 1 DAGs
[2024-12-22T02:01:31.111+0000] {logging_mixin.py:188} INFO - [2024-12-22T02:01:31.111+0000] {dag.py:3947} INFO - Setting next_dagrun for example_python_operator to None, run_after=None
[2024-12-22T02:01:31.122+0000] {processor.py:183} INFO - Processing /home/airflow/.local/lib/python3.12/site-packages/airflow/example_dags/example_python_operator.py took 0.042 seconds
[2024-12-22T02:02:04.048+0000] {processor.py:161} INFO - Started process (PID=8869) to work on /home/airflow/.local/lib/python3.12/site-packages/airflow/example_dags/example_python_operator.py
[2024-12-22T02:02:04.048+0000] {processor.py:830} INFO - Processing file /home/airflow/.local/lib/python3.12/site-packages/airflow/example_dags/example_python_operator.py for tasks to queue
[2024-12-22T02:02:04.049+0000] {logging_mixin.py:188} INFO - [2024-12-22T02:02:04.049+0000] {dagbag.py:545} INFO - Filling up the DagBag from /home/airflow/.local/lib/python3.12/site-packages/airflow/example_dags/example_python_operator.py
[2024-12-22T02:02:04.056+0000] {processor.py:840} INFO - DAG(s) 'example_python_operator' retrieved from /home/airflow/.local/lib/python3.12/site-packages/airflow/example_dags/example_python_operator.py
[2024-12-22T02:02:04.069+0000] {logging_mixin.py:188} INFO - [2024-12-22T02:02:04.069+0000] {dag.py:3089} INFO - Sync 1 DAGs
[2024-12-22T02:02:04.076+0000] {logging_mixin.py:188} INFO - [2024-12-22T02:02:04.076+0000] {dag.py:3947} INFO - Setting next_dagrun for example_python_operator to None, run_after=None
[2024-12-22T02:02:04.086+0000] {processor.py:183} INFO - Processing /home/airflow/.local/lib/python3.12/site-packages/airflow/example_dags/example_python_operator.py took 0.043 seconds
[2024-12-22T02:02:36.071+0000] {processor.py:161} INFO - Started process (PID=9146) to work on /home/airflow/.local/lib/python3.12/site-packages/airflow/example_dags/example_python_operator.py
[2024-12-22T02:02:36.072+0000] {processor.py:830} INFO - Processing file /home/airflow/.local/lib/python3.12/site-packages/airflow/example_dags/example_python_operator.py for tasks to queue
[2024-12-22T02:02:36.073+0000] {logging_mixin.py:188} INFO - [2024-12-22T02:02:36.073+0000] {dagbag.py:545} INFO - Filling up the DagBag from /home/airflow/.local/lib/python3.12/site-packages/airflow/example_dags/example_python_operator.py
[2024-12-22T02:02:36.081+0000] {processor.py:840} INFO - DAG(s) 'example_python_operator' retrieved from /home/airflow/.local/lib/python3.12/site-packages/airflow/example_dags/example_python_operator.py
[2024-12-22T02:02:36.098+0000] {logging_mixin.py:188} INFO - [2024-12-22T02:02:36.098+0000] {dag.py:3089} INFO - Sync 1 DAGs
[2024-12-22T02:02:36.106+0000] {logging_mixin.py:188} INFO - [2024-12-22T02:02:36.106+0000] {dag.py:3947} INFO - Setting next_dagrun for example_python_operator to None, run_after=None
[2024-12-22T02:02:36.123+0000] {processor.py:183} INFO - Processing /home/airflow/.local/lib/python3.12/site-packages/airflow/example_dags/example_python_operator.py took 0.057 seconds
[2024-12-22T02:03:07.330+0000] {processor.py:161} INFO - Started process (PID=9423) to work on /home/airflow/.local/lib/python3.12/site-packages/airflow/example_dags/example_python_operator.py
[2024-12-22T02:03:07.331+0000] {processor.py:830} INFO - Processing file /home/airflow/.local/lib/python3.12/site-packages/airflow/example_dags/example_python_operator.py for tasks to queue
[2024-12-22T02:03:07.332+0000] {logging_mixin.py:188} INFO - [2024-12-22T02:03:07.332+0000] {dagbag.py:545} INFO - Filling up the DagBag from /home/airflow/.local/lib/python3.12/site-packages/airflow/example_dags/example_python_operator.py
[2024-12-22T02:03:07.338+0000] {processor.py:840} INFO - DAG(s) 'example_python_operator' retrieved from /home/airflow/.local/lib/python3.12/site-packages/airflow/example_dags/example_python_operator.py
[2024-12-22T02:03:07.356+0000] {logging_mixin.py:188} INFO - [2024-12-22T02:03:07.356+0000] {dag.py:3089} INFO - Sync 1 DAGs
[2024-12-22T02:03:07.369+0000] {logging_mixin.py:188} INFO - [2024-12-22T02:03:07.369+0000] {dag.py:3947} INFO - Setting next_dagrun for example_python_operator to None, run_after=None
[2024-12-22T02:03:07.384+0000] {processor.py:183} INFO - Processing /home/airflow/.local/lib/python3.12/site-packages/airflow/example_dags/example_python_operator.py took 0.058 seconds
[2024-12-22T02:03:37.860+0000] {processor.py:161} INFO - Started process (PID=9700) to work on /home/airflow/.local/lib/python3.12/site-packages/airflow/example_dags/example_python_operator.py
[2024-12-22T02:03:37.861+0000] {processor.py:830} INFO - Processing file /home/airflow/.local/lib/python3.12/site-packages/airflow/example_dags/example_python_operator.py for tasks to queue
[2024-12-22T02:03:37.862+0000] {logging_mixin.py:188} INFO - [2024-12-22T02:03:37.862+0000] {dagbag.py:545} INFO - Filling up the DagBag from /home/airflow/.local/lib/python3.12/site-packages/airflow/example_dags/example_python_operator.py
[2024-12-22T02:03:37.870+0000] {processor.py:840} INFO - DAG(s) 'example_python_operator' retrieved from /home/airflow/.local/lib/python3.12/site-packages/airflow/example_dags/example_python_operator.py
[2024-12-22T02:03:37.887+0000] {logging_mixin.py:188} INFO - [2024-12-22T02:03:37.887+0000] {dag.py:3089} INFO - Sync 1 DAGs
[2024-12-22T02:03:37.895+0000] {logging_mixin.py:188} INFO - [2024-12-22T02:03:37.895+0000] {dag.py:3947} INFO - Setting next_dagrun for example_python_operator to None, run_after=None
[2024-12-22T02:03:37.910+0000] {processor.py:183} INFO - Processing /home/airflow/.local/lib/python3.12/site-packages/airflow/example_dags/example_python_operator.py took 0.054 seconds
[2024-12-22T02:04:08.671+0000] {processor.py:161} INFO - Started process (PID=9979) to work on /home/airflow/.local/lib/python3.12/site-packages/airflow/example_dags/example_python_operator.py
[2024-12-22T02:04:08.672+0000] {processor.py:830} INFO - Processing file /home/airflow/.local/lib/python3.12/site-packages/airflow/example_dags/example_python_operator.py for tasks to queue
[2024-12-22T02:04:08.674+0000] {logging_mixin.py:188} INFO - [2024-12-22T02:04:08.674+0000] {dagbag.py:545} INFO - Filling up the DagBag from /home/airflow/.local/lib/python3.12/site-packages/airflow/example_dags/example_python_operator.py
[2024-12-22T02:04:08.682+0000] {processor.py:840} INFO - DAG(s) 'example_python_operator' retrieved from /home/airflow/.local/lib/python3.12/site-packages/airflow/example_dags/example_python_operator.py
[2024-12-22T02:04:08.701+0000] {logging_mixin.py:188} INFO - [2024-12-22T02:04:08.700+0000] {dag.py:3089} INFO - Sync 1 DAGs
[2024-12-22T02:04:08.710+0000] {logging_mixin.py:188} INFO - [2024-12-22T02:04:08.710+0000] {dag.py:3947} INFO - Setting next_dagrun for example_python_operator to None, run_after=None
[2024-12-22T02:04:08.723+0000] {processor.py:183} INFO - Processing /home/airflow/.local/lib/python3.12/site-packages/airflow/example_dags/example_python_operator.py took 0.058 seconds
[2024-12-22T02:04:39.649+0000] {processor.py:161} INFO - Started process (PID=10254) to work on /home/airflow/.local/lib/python3.12/site-packages/airflow/example_dags/example_python_operator.py
[2024-12-22T02:04:39.649+0000] {processor.py:830} INFO - Processing file /home/airflow/.local/lib/python3.12/site-packages/airflow/example_dags/example_python_operator.py for tasks to queue
[2024-12-22T02:04:39.651+0000] {logging_mixin.py:188} INFO - [2024-12-22T02:04:39.650+0000] {dagbag.py:545} INFO - Filling up the DagBag from /home/airflow/.local/lib/python3.12/site-packages/airflow/example_dags/example_python_operator.py
[2024-12-22T02:04:39.657+0000] {processor.py:840} INFO - DAG(s) 'example_python_operator' retrieved from /home/airflow/.local/lib/python3.12/site-packages/airflow/example_dags/example_python_operator.py
[2024-12-22T02:04:39.672+0000] {logging_mixin.py:188} INFO - [2024-12-22T02:04:39.671+0000] {dag.py:3089} INFO - Sync 1 DAGs
[2024-12-22T02:04:39.680+0000] {logging_mixin.py:188} INFO - [2024-12-22T02:04:39.680+0000] {dag.py:3947} INFO - Setting next_dagrun for example_python_operator to None, run_after=None
[2024-12-22T02:04:39.695+0000] {processor.py:183} INFO - Processing /home/airflow/.local/lib/python3.12/site-packages/airflow/example_dags/example_python_operator.py took 0.050 seconds
[2024-12-22T02:05:12.619+0000] {processor.py:161} INFO - Started process (PID=10533) to work on /home/airflow/.local/lib/python3.12/site-packages/airflow/example_dags/example_python_operator.py
[2024-12-22T02:05:12.620+0000] {processor.py:830} INFO - Processing file /home/airflow/.local/lib/python3.12/site-packages/airflow/example_dags/example_python_operator.py for tasks to queue
[2024-12-22T02:05:12.622+0000] {logging_mixin.py:188} INFO - [2024-12-22T02:05:12.621+0000] {dagbag.py:545} INFO - Filling up the DagBag from /home/airflow/.local/lib/python3.12/site-packages/airflow/example_dags/example_python_operator.py
[2024-12-22T02:05:12.627+0000] {processor.py:840} INFO - DAG(s) 'example_python_operator' retrieved from /home/airflow/.local/lib/python3.12/site-packages/airflow/example_dags/example_python_operator.py
[2024-12-22T02:05:12.640+0000] {logging_mixin.py:188} INFO - [2024-12-22T02:05:12.640+0000] {dag.py:3089} INFO - Sync 1 DAGs
[2024-12-22T02:05:12.647+0000] {logging_mixin.py:188} INFO - [2024-12-22T02:05:12.647+0000] {dag.py:3947} INFO - Setting next_dagrun for example_python_operator to None, run_after=None
[2024-12-22T02:05:12.659+0000] {processor.py:183} INFO - Processing /home/airflow/.local/lib/python3.12/site-packages/airflow/example_dags/example_python_operator.py took 0.044 seconds
[2024-12-22T02:05:45.242+0000] {processor.py:161} INFO - Started process (PID=10810) to work on /home/airflow/.local/lib/python3.12/site-packages/airflow/example_dags/example_python_operator.py
[2024-12-22T02:05:45.243+0000] {processor.py:830} INFO - Processing file /home/airflow/.local/lib/python3.12/site-packages/airflow/example_dags/example_python_operator.py for tasks to queue
[2024-12-22T02:05:45.245+0000] {logging_mixin.py:188} INFO - [2024-12-22T02:05:45.245+0000] {dagbag.py:545} INFO - Filling up the DagBag from /home/airflow/.local/lib/python3.12/site-packages/airflow/example_dags/example_python_operator.py
[2024-12-22T02:05:45.251+0000] {processor.py:840} INFO - DAG(s) 'example_python_operator' retrieved from /home/airflow/.local/lib/python3.12/site-packages/airflow/example_dags/example_python_operator.py
[2024-12-22T02:05:45.265+0000] {logging_mixin.py:188} INFO - [2024-12-22T02:05:45.265+0000] {dag.py:3089} INFO - Sync 1 DAGs
[2024-12-22T02:05:45.273+0000] {logging_mixin.py:188} INFO - [2024-12-22T02:05:45.272+0000] {dag.py:3947} INFO - Setting next_dagrun for example_python_operator to None, run_after=None
[2024-12-22T02:05:45.284+0000] {processor.py:183} INFO - Processing /home/airflow/.local/lib/python3.12/site-packages/airflow/example_dags/example_python_operator.py took 0.046 seconds
[2024-12-22T02:06:16.429+0000] {processor.py:161} INFO - Started process (PID=11087) to work on /home/airflow/.local/lib/python3.12/site-packages/airflow/example_dags/example_python_operator.py
[2024-12-22T02:06:16.430+0000] {processor.py:830} INFO - Processing file /home/airflow/.local/lib/python3.12/site-packages/airflow/example_dags/example_python_operator.py for tasks to queue
[2024-12-22T02:06:16.431+0000] {logging_mixin.py:188} INFO - [2024-12-22T02:06:16.431+0000] {dagbag.py:545} INFO - Filling up the DagBag from /home/airflow/.local/lib/python3.12/site-packages/airflow/example_dags/example_python_operator.py
[2024-12-22T02:06:16.438+0000] {processor.py:840} INFO - DAG(s) 'example_python_operator' retrieved from /home/airflow/.local/lib/python3.12/site-packages/airflow/example_dags/example_python_operator.py
[2024-12-22T02:06:16.451+0000] {logging_mixin.py:188} INFO - [2024-12-22T02:06:16.451+0000] {dag.py:3089} INFO - Sync 1 DAGs
[2024-12-22T02:06:16.458+0000] {logging_mixin.py:188} INFO - [2024-12-22T02:06:16.458+0000] {dag.py:3947} INFO - Setting next_dagrun for example_python_operator to None, run_after=None
[2024-12-22T02:06:16.470+0000] {processor.py:183} INFO - Processing /home/airflow/.local/lib/python3.12/site-packages/airflow/example_dags/example_python_operator.py took 0.045 seconds
[2024-12-22T02:06:47.376+0000] {processor.py:161} INFO - Started process (PID=11362) to work on /home/airflow/.local/lib/python3.12/site-packages/airflow/example_dags/example_python_operator.py
[2024-12-22T02:06:47.377+0000] {processor.py:830} INFO - Processing file /home/airflow/.local/lib/python3.12/site-packages/airflow/example_dags/example_python_operator.py for tasks to queue
[2024-12-22T02:06:47.378+0000] {logging_mixin.py:188} INFO - [2024-12-22T02:06:47.378+0000] {dagbag.py:545} INFO - Filling up the DagBag from /home/airflow/.local/lib/python3.12/site-packages/airflow/example_dags/example_python_operator.py
[2024-12-22T02:06:47.385+0000] {processor.py:840} INFO - DAG(s) 'example_python_operator' retrieved from /home/airflow/.local/lib/python3.12/site-packages/airflow/example_dags/example_python_operator.py
[2024-12-22T02:06:47.401+0000] {logging_mixin.py:188} INFO - [2024-12-22T02:06:47.401+0000] {dag.py:3089} INFO - Sync 1 DAGs
[2024-12-22T02:06:47.409+0000] {logging_mixin.py:188} INFO - [2024-12-22T02:06:47.409+0000] {dag.py:3947} INFO - Setting next_dagrun for example_python_operator to None, run_after=None
[2024-12-22T02:06:47.422+0000] {processor.py:183} INFO - Processing /home/airflow/.local/lib/python3.12/site-packages/airflow/example_dags/example_python_operator.py took 0.050 seconds
[2024-12-22T02:07:18.093+0000] {processor.py:161} INFO - Started process (PID=11639) to work on /home/airflow/.local/lib/python3.12/site-packages/airflow/example_dags/example_python_operator.py
[2024-12-22T02:07:18.094+0000] {processor.py:830} INFO - Processing file /home/airflow/.local/lib/python3.12/site-packages/airflow/example_dags/example_python_operator.py for tasks to queue
[2024-12-22T02:07:18.095+0000] {logging_mixin.py:188} INFO - [2024-12-22T02:07:18.095+0000] {dagbag.py:545} INFO - Filling up the DagBag from /home/airflow/.local/lib/python3.12/site-packages/airflow/example_dags/example_python_operator.py
[2024-12-22T02:07:18.102+0000] {processor.py:840} INFO - DAG(s) 'example_python_operator' retrieved from /home/airflow/.local/lib/python3.12/site-packages/airflow/example_dags/example_python_operator.py
[2024-12-22T02:07:18.117+0000] {logging_mixin.py:188} INFO - [2024-12-22T02:07:18.117+0000] {dag.py:3089} INFO - Sync 1 DAGs
[2024-12-22T02:07:18.124+0000] {logging_mixin.py:188} INFO - [2024-12-22T02:07:18.124+0000] {dag.py:3947} INFO - Setting next_dagrun for example_python_operator to None, run_after=None
[2024-12-22T02:07:18.240+0000] {processor.py:183} INFO - Processing /home/airflow/.local/lib/python3.12/site-packages/airflow/example_dags/example_python_operator.py took 0.151 seconds
[2024-12-22T02:07:51.309+0000] {processor.py:161} INFO - Started process (PID=11918) to work on /home/airflow/.local/lib/python3.12/site-packages/airflow/example_dags/example_python_operator.py
[2024-12-22T02:07:51.310+0000] {processor.py:830} INFO - Processing file /home/airflow/.local/lib/python3.12/site-packages/airflow/example_dags/example_python_operator.py for tasks to queue
[2024-12-22T02:07:51.311+0000] {logging_mixin.py:188} INFO - [2024-12-22T02:07:51.311+0000] {dagbag.py:545} INFO - Filling up the DagBag from /home/airflow/.local/lib/python3.12/site-packages/airflow/example_dags/example_python_operator.py
[2024-12-22T02:07:51.319+0000] {processor.py:840} INFO - DAG(s) 'example_python_operator' retrieved from /home/airflow/.local/lib/python3.12/site-packages/airflow/example_dags/example_python_operator.py
[2024-12-22T02:07:51.333+0000] {logging_mixin.py:188} INFO - [2024-12-22T02:07:51.333+0000] {dag.py:3089} INFO - Sync 1 DAGs
[2024-12-22T02:07:51.340+0000] {logging_mixin.py:188} INFO - [2024-12-22T02:07:51.340+0000] {dag.py:3947} INFO - Setting next_dagrun for example_python_operator to None, run_after=None
[2024-12-22T02:07:51.352+0000] {processor.py:183} INFO - Processing /home/airflow/.local/lib/python3.12/site-packages/airflow/example_dags/example_python_operator.py took 0.046 seconds
[2024-12-22T02:08:23.769+0000] {processor.py:161} INFO - Started process (PID=12193) to work on /home/airflow/.local/lib/python3.12/site-packages/airflow/example_dags/example_python_operator.py
[2024-12-22T02:08:23.771+0000] {processor.py:830} INFO - Processing file /home/airflow/.local/lib/python3.12/site-packages/airflow/example_dags/example_python_operator.py for tasks to queue
[2024-12-22T02:08:23.772+0000] {logging_mixin.py:188} INFO - [2024-12-22T02:08:23.772+0000] {dagbag.py:545} INFO - Filling up the DagBag from /home/airflow/.local/lib/python3.12/site-packages/airflow/example_dags/example_python_operator.py
[2024-12-22T02:08:23.779+0000] {processor.py:840} INFO - DAG(s) 'example_python_operator' retrieved from /home/airflow/.local/lib/python3.12/site-packages/airflow/example_dags/example_python_operator.py
[2024-12-22T02:08:23.793+0000] {logging_mixin.py:188} INFO - [2024-12-22T02:08:23.793+0000] {dag.py:3089} INFO - Sync 1 DAGs
[2024-12-22T02:08:23.799+0000] {logging_mixin.py:188} INFO - [2024-12-22T02:08:23.799+0000] {dag.py:3947} INFO - Setting next_dagrun for example_python_operator to None, run_after=None
[2024-12-22T02:08:23.811+0000] {processor.py:183} INFO - Processing /home/airflow/.local/lib/python3.12/site-packages/airflow/example_dags/example_python_operator.py took 0.046 seconds
[2024-12-22T02:08:56.265+0000] {processor.py:161} INFO - Started process (PID=12472) to work on /home/airflow/.local/lib/python3.12/site-packages/airflow/example_dags/example_python_operator.py
[2024-12-22T02:08:56.266+0000] {processor.py:830} INFO - Processing file /home/airflow/.local/lib/python3.12/site-packages/airflow/example_dags/example_python_operator.py for tasks to queue
[2024-12-22T02:08:56.267+0000] {logging_mixin.py:188} INFO - [2024-12-22T02:08:56.267+0000] {dagbag.py:545} INFO - Filling up the DagBag from /home/airflow/.local/lib/python3.12/site-packages/airflow/example_dags/example_python_operator.py
[2024-12-22T02:08:56.274+0000] {processor.py:840} INFO - DAG(s) 'example_python_operator' retrieved from /home/airflow/.local/lib/python3.12/site-packages/airflow/example_dags/example_python_operator.py
[2024-12-22T02:08:56.290+0000] {logging_mixin.py:188} INFO - [2024-12-22T02:08:56.290+0000] {dag.py:3089} INFO - Sync 1 DAGs
[2024-12-22T02:08:56.297+0000] {logging_mixin.py:188} INFO - [2024-12-22T02:08:56.297+0000] {dag.py:3947} INFO - Setting next_dagrun for example_python_operator to None, run_after=None
[2024-12-22T02:08:56.308+0000] {processor.py:183} INFO - Processing /home/airflow/.local/lib/python3.12/site-packages/airflow/example_dags/example_python_operator.py took 0.046 seconds
[2024-12-22T02:09:28.538+0000] {processor.py:161} INFO - Started process (PID=12747) to work on /home/airflow/.local/lib/python3.12/site-packages/airflow/example_dags/example_python_operator.py
[2024-12-22T02:09:28.538+0000] {processor.py:830} INFO - Processing file /home/airflow/.local/lib/python3.12/site-packages/airflow/example_dags/example_python_operator.py for tasks to queue
[2024-12-22T02:09:28.539+0000] {logging_mixin.py:188} INFO - [2024-12-22T02:09:28.539+0000] {dagbag.py:545} INFO - Filling up the DagBag from /home/airflow/.local/lib/python3.12/site-packages/airflow/example_dags/example_python_operator.py
[2024-12-22T02:09:28.546+0000] {processor.py:840} INFO - DAG(s) 'example_python_operator' retrieved from /home/airflow/.local/lib/python3.12/site-packages/airflow/example_dags/example_python_operator.py
[2024-12-22T02:09:28.561+0000] {logging_mixin.py:188} INFO - [2024-12-22T02:09:28.561+0000] {dag.py:3089} INFO - Sync 1 DAGs
[2024-12-22T02:09:28.568+0000] {logging_mixin.py:188} INFO - [2024-12-22T02:09:28.567+0000] {dag.py:3947} INFO - Setting next_dagrun for example_python_operator to None, run_after=None
[2024-12-22T02:09:28.581+0000] {processor.py:183} INFO - Processing /home/airflow/.local/lib/python3.12/site-packages/airflow/example_dags/example_python_operator.py took 0.047 seconds
[2024-12-22T02:09:58.704+0000] {processor.py:161} INFO - Started process (PID=13019) to work on /home/airflow/.local/lib/python3.12/site-packages/airflow/example_dags/example_python_operator.py
[2024-12-22T02:09:58.705+0000] {processor.py:830} INFO - Processing file /home/airflow/.local/lib/python3.12/site-packages/airflow/example_dags/example_python_operator.py for tasks to queue
[2024-12-22T02:09:58.706+0000] {logging_mixin.py:188} INFO - [2024-12-22T02:09:58.706+0000] {dagbag.py:545} INFO - Filling up the DagBag from /home/airflow/.local/lib/python3.12/site-packages/airflow/example_dags/example_python_operator.py
[2024-12-22T02:09:58.712+0000] {processor.py:840} INFO - DAG(s) 'example_python_operator' retrieved from /home/airflow/.local/lib/python3.12/site-packages/airflow/example_dags/example_python_operator.py
[2024-12-22T02:09:58.728+0000] {logging_mixin.py:188} INFO - [2024-12-22T02:09:58.728+0000] {dag.py:3089} INFO - Sync 1 DAGs
[2024-12-22T02:09:58.849+0000] {logging_mixin.py:188} INFO - [2024-12-22T02:09:58.849+0000] {dag.py:3947} INFO - Setting next_dagrun for example_python_operator to None, run_after=None
[2024-12-22T02:09:58.861+0000] {processor.py:183} INFO - Processing /home/airflow/.local/lib/python3.12/site-packages/airflow/example_dags/example_python_operator.py took 0.161 seconds
[2024-12-22T02:10:29.879+0000] {processor.py:161} INFO - Started process (PID=13303) to work on /home/airflow/.local/lib/python3.12/site-packages/airflow/example_dags/example_python_operator.py
[2024-12-22T02:10:29.880+0000] {processor.py:830} INFO - Processing file /home/airflow/.local/lib/python3.12/site-packages/airflow/example_dags/example_python_operator.py for tasks to queue
[2024-12-22T02:10:29.881+0000] {logging_mixin.py:188} INFO - [2024-12-22T02:10:29.881+0000] {dagbag.py:545} INFO - Filling up the DagBag from /home/airflow/.local/lib/python3.12/site-packages/airflow/example_dags/example_python_operator.py
[2024-12-22T02:10:29.888+0000] {processor.py:840} INFO - DAG(s) 'example_python_operator' retrieved from /home/airflow/.local/lib/python3.12/site-packages/airflow/example_dags/example_python_operator.py
[2024-12-22T02:10:29.902+0000] {logging_mixin.py:188} INFO - [2024-12-22T02:10:29.902+0000] {dag.py:3089} INFO - Sync 1 DAGs
[2024-12-22T02:10:29.909+0000] {logging_mixin.py:188} INFO - [2024-12-22T02:10:29.909+0000] {dag.py:3947} INFO - Setting next_dagrun for example_python_operator to None, run_after=None
[2024-12-22T02:10:29.920+0000] {processor.py:183} INFO - Processing /home/airflow/.local/lib/python3.12/site-packages/airflow/example_dags/example_python_operator.py took 0.045 seconds
[2024-12-22T02:11:01.293+0000] {processor.py:161} INFO - Started process (PID=13578) to work on /home/airflow/.local/lib/python3.12/site-packages/airflow/example_dags/example_python_operator.py
[2024-12-22T02:11:01.294+0000] {processor.py:830} INFO - Processing file /home/airflow/.local/lib/python3.12/site-packages/airflow/example_dags/example_python_operator.py for tasks to queue
[2024-12-22T02:11:01.295+0000] {logging_mixin.py:188} INFO - [2024-12-22T02:11:01.295+0000] {dagbag.py:545} INFO - Filling up the DagBag from /home/airflow/.local/lib/python3.12/site-packages/airflow/example_dags/example_python_operator.py
[2024-12-22T02:11:01.301+0000] {processor.py:840} INFO - DAG(s) 'example_python_operator' retrieved from /home/airflow/.local/lib/python3.12/site-packages/airflow/example_dags/example_python_operator.py
[2024-12-22T02:11:01.315+0000] {logging_mixin.py:188} INFO - [2024-12-22T02:11:01.315+0000] {dag.py:3089} INFO - Sync 1 DAGs
[2024-12-22T02:11:01.322+0000] {logging_mixin.py:188} INFO - [2024-12-22T02:11:01.322+0000] {dag.py:3947} INFO - Setting next_dagrun for example_python_operator to None, run_after=None
[2024-12-22T02:11:01.333+0000] {processor.py:183} INFO - Processing /home/airflow/.local/lib/python3.12/site-packages/airflow/example_dags/example_python_operator.py took 0.044 seconds
[2024-12-22T02:11:33.745+0000] {processor.py:161} INFO - Started process (PID=13855) to work on /home/airflow/.local/lib/python3.12/site-packages/airflow/example_dags/example_python_operator.py
[2024-12-22T02:11:33.745+0000] {processor.py:830} INFO - Processing file /home/airflow/.local/lib/python3.12/site-packages/airflow/example_dags/example_python_operator.py for tasks to queue
[2024-12-22T02:11:33.747+0000] {logging_mixin.py:188} INFO - [2024-12-22T02:11:33.746+0000] {dagbag.py:545} INFO - Filling up the DagBag from /home/airflow/.local/lib/python3.12/site-packages/airflow/example_dags/example_python_operator.py
[2024-12-22T02:11:33.753+0000] {processor.py:840} INFO - DAG(s) 'example_python_operator' retrieved from /home/airflow/.local/lib/python3.12/site-packages/airflow/example_dags/example_python_operator.py
[2024-12-22T02:11:33.768+0000] {logging_mixin.py:188} INFO - [2024-12-22T02:11:33.768+0000] {dag.py:3089} INFO - Sync 1 DAGs
[2024-12-22T02:11:33.775+0000] {logging_mixin.py:188} INFO - [2024-12-22T02:11:33.775+0000] {dag.py:3947} INFO - Setting next_dagrun for example_python_operator to None, run_after=None
[2024-12-22T02:11:33.788+0000] {processor.py:183} INFO - Processing /home/airflow/.local/lib/python3.12/site-packages/airflow/example_dags/example_python_operator.py took 0.047 seconds
[2024-12-22T02:12:03.874+0000] {processor.py:161} INFO - Started process (PID=14133) to work on /home/airflow/.local/lib/python3.12/site-packages/airflow/example_dags/example_python_operator.py
[2024-12-22T02:12:03.874+0000] {processor.py:830} INFO - Processing file /home/airflow/.local/lib/python3.12/site-packages/airflow/example_dags/example_python_operator.py for tasks to queue
[2024-12-22T02:12:03.876+0000] {logging_mixin.py:188} INFO - [2024-12-22T02:12:03.875+0000] {dagbag.py:545} INFO - Filling up the DagBag from /home/airflow/.local/lib/python3.12/site-packages/airflow/example_dags/example_python_operator.py
[2024-12-22T02:12:03.882+0000] {processor.py:840} INFO - DAG(s) 'example_python_operator' retrieved from /home/airflow/.local/lib/python3.12/site-packages/airflow/example_dags/example_python_operator.py
[2024-12-22T02:12:03.899+0000] {logging_mixin.py:188} INFO - [2024-12-22T02:12:03.899+0000] {dag.py:3089} INFO - Sync 1 DAGs
[2024-12-22T02:12:03.906+0000] {logging_mixin.py:188} INFO - [2024-12-22T02:12:03.906+0000] {dag.py:3947} INFO - Setting next_dagrun for example_python_operator to None, run_after=None
[2024-12-22T02:12:03.918+0000] {processor.py:183} INFO - Processing /home/airflow/.local/lib/python3.12/site-packages/airflow/example_dags/example_python_operator.py took 0.049 seconds
[2024-12-22T02:12:35.632+0000] {processor.py:161} INFO - Started process (PID=14410) to work on /home/airflow/.local/lib/python3.12/site-packages/airflow/example_dags/example_python_operator.py
[2024-12-22T02:12:35.632+0000] {processor.py:830} INFO - Processing file /home/airflow/.local/lib/python3.12/site-packages/airflow/example_dags/example_python_operator.py for tasks to queue
[2024-12-22T02:12:35.634+0000] {logging_mixin.py:188} INFO - [2024-12-22T02:12:35.633+0000] {dagbag.py:545} INFO - Filling up the DagBag from /home/airflow/.local/lib/python3.12/site-packages/airflow/example_dags/example_python_operator.py
[2024-12-22T02:12:35.640+0000] {processor.py:840} INFO - DAG(s) 'example_python_operator' retrieved from /home/airflow/.local/lib/python3.12/site-packages/airflow/example_dags/example_python_operator.py
[2024-12-22T02:12:35.655+0000] {logging_mixin.py:188} INFO - [2024-12-22T02:12:35.655+0000] {dag.py:3089} INFO - Sync 1 DAGs
[2024-12-22T02:12:35.662+0000] {logging_mixin.py:188} INFO - [2024-12-22T02:12:35.662+0000] {dag.py:3947} INFO - Setting next_dagrun for example_python_operator to None, run_after=None
[2024-12-22T02:12:35.674+0000] {processor.py:183} INFO - Processing /home/airflow/.local/lib/python3.12/site-packages/airflow/example_dags/example_python_operator.py took 0.046 seconds
[2024-12-22T02:13:06.211+0000] {processor.py:161} INFO - Started process (PID=14687) to work on /home/airflow/.local/lib/python3.12/site-packages/airflow/example_dags/example_python_operator.py
[2024-12-22T02:13:06.212+0000] {processor.py:830} INFO - Processing file /home/airflow/.local/lib/python3.12/site-packages/airflow/example_dags/example_python_operator.py for tasks to queue
[2024-12-22T02:13:06.213+0000] {logging_mixin.py:188} INFO - [2024-12-22T02:13:06.213+0000] {dagbag.py:545} INFO - Filling up the DagBag from /home/airflow/.local/lib/python3.12/site-packages/airflow/example_dags/example_python_operator.py
[2024-12-22T02:13:06.220+0000] {processor.py:840} INFO - DAG(s) 'example_python_operator' retrieved from /home/airflow/.local/lib/python3.12/site-packages/airflow/example_dags/example_python_operator.py
[2024-12-22T02:13:06.234+0000] {logging_mixin.py:188} INFO - [2024-12-22T02:13:06.234+0000] {dag.py:3089} INFO - Sync 1 DAGs
[2024-12-22T02:13:06.241+0000] {logging_mixin.py:188} INFO - [2024-12-22T02:13:06.241+0000] {dag.py:3947} INFO - Setting next_dagrun for example_python_operator to None, run_after=None
[2024-12-22T02:13:06.252+0000] {processor.py:183} INFO - Processing /home/airflow/.local/lib/python3.12/site-packages/airflow/example_dags/example_python_operator.py took 0.045 seconds
[2024-12-22T02:13:36.699+0000] {processor.py:161} INFO - Started process (PID=14966) to work on /home/airflow/.local/lib/python3.12/site-packages/airflow/example_dags/example_python_operator.py
[2024-12-22T02:13:36.700+0000] {processor.py:830} INFO - Processing file /home/airflow/.local/lib/python3.12/site-packages/airflow/example_dags/example_python_operator.py for tasks to queue
[2024-12-22T02:13:36.701+0000] {logging_mixin.py:188} INFO - [2024-12-22T02:13:36.701+0000] {dagbag.py:545} INFO - Filling up the DagBag from /home/airflow/.local/lib/python3.12/site-packages/airflow/example_dags/example_python_operator.py
[2024-12-22T02:13:36.708+0000] {processor.py:840} INFO - DAG(s) 'example_python_operator' retrieved from /home/airflow/.local/lib/python3.12/site-packages/airflow/example_dags/example_python_operator.py
[2024-12-22T02:13:36.722+0000] {logging_mixin.py:188} INFO - [2024-12-22T02:13:36.722+0000] {dag.py:3089} INFO - Sync 1 DAGs
[2024-12-22T02:13:36.728+0000] {logging_mixin.py:188} INFO - [2024-12-22T02:13:36.728+0000] {dag.py:3947} INFO - Setting next_dagrun for example_python_operator to None, run_after=None
[2024-12-22T02:13:36.738+0000] {processor.py:183} INFO - Processing /home/airflow/.local/lib/python3.12/site-packages/airflow/example_dags/example_python_operator.py took 0.043 seconds
[2024-12-22T02:14:10.100+0000] {processor.py:161} INFO - Started process (PID=15243) to work on /home/airflow/.local/lib/python3.12/site-packages/airflow/example_dags/example_python_operator.py
[2024-12-22T02:14:10.101+0000] {processor.py:830} INFO - Processing file /home/airflow/.local/lib/python3.12/site-packages/airflow/example_dags/example_python_operator.py for tasks to queue
[2024-12-22T02:14:10.102+0000] {logging_mixin.py:188} INFO - [2024-12-22T02:14:10.102+0000] {dagbag.py:545} INFO - Filling up the DagBag from /home/airflow/.local/lib/python3.12/site-packages/airflow/example_dags/example_python_operator.py
[2024-12-22T02:14:10.113+0000] {processor.py:840} INFO - DAG(s) 'example_python_operator' retrieved from /home/airflow/.local/lib/python3.12/site-packages/airflow/example_dags/example_python_operator.py
[2024-12-22T02:14:10.127+0000] {logging_mixin.py:188} INFO - [2024-12-22T02:14:10.127+0000] {dag.py:3089} INFO - Sync 1 DAGs
[2024-12-22T02:14:10.134+0000] {logging_mixin.py:188} INFO - [2024-12-22T02:14:10.134+0000] {dag.py:3947} INFO - Setting next_dagrun for example_python_operator to None, run_after=None
[2024-12-22T02:14:10.148+0000] {processor.py:183} INFO - Processing /home/airflow/.local/lib/python3.12/site-packages/airflow/example_dags/example_python_operator.py took 0.054 seconds
[2024-12-22T02:14:41.463+0000] {processor.py:161} INFO - Started process (PID=15520) to work on /home/airflow/.local/lib/python3.12/site-packages/airflow/example_dags/example_python_operator.py
[2024-12-22T02:14:41.464+0000] {processor.py:830} INFO - Processing file /home/airflow/.local/lib/python3.12/site-packages/airflow/example_dags/example_python_operator.py for tasks to queue
[2024-12-22T02:14:41.466+0000] {logging_mixin.py:188} INFO - [2024-12-22T02:14:41.465+0000] {dagbag.py:545} INFO - Filling up the DagBag from /home/airflow/.local/lib/python3.12/site-packages/airflow/example_dags/example_python_operator.py
[2024-12-22T02:14:41.472+0000] {processor.py:840} INFO - DAG(s) 'example_python_operator' retrieved from /home/airflow/.local/lib/python3.12/site-packages/airflow/example_dags/example_python_operator.py
[2024-12-22T02:14:41.487+0000] {logging_mixin.py:188} INFO - [2024-12-22T02:14:41.487+0000] {dag.py:3089} INFO - Sync 1 DAGs
[2024-12-22T02:14:41.493+0000] {logging_mixin.py:188} INFO - [2024-12-22T02:14:41.493+0000] {dag.py:3947} INFO - Setting next_dagrun for example_python_operator to None, run_after=None
[2024-12-22T02:14:41.506+0000] {processor.py:183} INFO - Processing /home/airflow/.local/lib/python3.12/site-packages/airflow/example_dags/example_python_operator.py took 0.047 seconds
[2024-12-22T02:15:12.571+0000] {processor.py:161} INFO - Started process (PID=15797) to work on /home/airflow/.local/lib/python3.12/site-packages/airflow/example_dags/example_python_operator.py
[2024-12-22T02:15:12.572+0000] {processor.py:830} INFO - Processing file /home/airflow/.local/lib/python3.12/site-packages/airflow/example_dags/example_python_operator.py for tasks to queue
[2024-12-22T02:15:12.573+0000] {logging_mixin.py:188} INFO - [2024-12-22T02:15:12.573+0000] {dagbag.py:545} INFO - Filling up the DagBag from /home/airflow/.local/lib/python3.12/site-packages/airflow/example_dags/example_python_operator.py
[2024-12-22T02:15:12.581+0000] {processor.py:840} INFO - DAG(s) 'example_python_operator' retrieved from /home/airflow/.local/lib/python3.12/site-packages/airflow/example_dags/example_python_operator.py
[2024-12-22T02:15:12.598+0000] {logging_mixin.py:188} INFO - [2024-12-22T02:15:12.598+0000] {dag.py:3089} INFO - Sync 1 DAGs
[2024-12-22T02:15:12.608+0000] {logging_mixin.py:188} INFO - [2024-12-22T02:15:12.608+0000] {dag.py:3947} INFO - Setting next_dagrun for example_python_operator to None, run_after=None
[2024-12-22T02:15:12.622+0000] {processor.py:183} INFO - Processing /home/airflow/.local/lib/python3.12/site-packages/airflow/example_dags/example_python_operator.py took 0.055 seconds
[2024-12-22T02:15:43.234+0000] {processor.py:161} INFO - Started process (PID=16074) to work on /home/airflow/.local/lib/python3.12/site-packages/airflow/example_dags/example_python_operator.py
[2024-12-22T02:15:43.235+0000] {processor.py:830} INFO - Processing file /home/airflow/.local/lib/python3.12/site-packages/airflow/example_dags/example_python_operator.py for tasks to queue
[2024-12-22T02:15:43.236+0000] {logging_mixin.py:188} INFO - [2024-12-22T02:15:43.236+0000] {dagbag.py:545} INFO - Filling up the DagBag from /home/airflow/.local/lib/python3.12/site-packages/airflow/example_dags/example_python_operator.py
[2024-12-22T02:15:43.242+0000] {processor.py:840} INFO - DAG(s) 'example_python_operator' retrieved from /home/airflow/.local/lib/python3.12/site-packages/airflow/example_dags/example_python_operator.py
[2024-12-22T02:15:43.256+0000] {logging_mixin.py:188} INFO - [2024-12-22T02:15:43.256+0000] {dag.py:3089} INFO - Sync 1 DAGs
[2024-12-22T02:15:43.262+0000] {logging_mixin.py:188} INFO - [2024-12-22T02:15:43.262+0000] {dag.py:3947} INFO - Setting next_dagrun for example_python_operator to None, run_after=None
[2024-12-22T02:15:43.274+0000] {processor.py:183} INFO - Processing /home/airflow/.local/lib/python3.12/site-packages/airflow/example_dags/example_python_operator.py took 0.045 seconds
[2024-12-22T02:16:14.253+0000] {processor.py:161} INFO - Started process (PID=16351) to work on /home/airflow/.local/lib/python3.12/site-packages/airflow/example_dags/example_python_operator.py
[2024-12-22T02:16:14.254+0000] {processor.py:830} INFO - Processing file /home/airflow/.local/lib/python3.12/site-packages/airflow/example_dags/example_python_operator.py for tasks to queue
[2024-12-22T02:16:14.255+0000] {logging_mixin.py:188} INFO - [2024-12-22T02:16:14.255+0000] {dagbag.py:545} INFO - Filling up the DagBag from /home/airflow/.local/lib/python3.12/site-packages/airflow/example_dags/example_python_operator.py
[2024-12-22T02:16:14.262+0000] {processor.py:840} INFO - DAG(s) 'example_python_operator' retrieved from /home/airflow/.local/lib/python3.12/site-packages/airflow/example_dags/example_python_operator.py
[2024-12-22T02:16:14.275+0000] {logging_mixin.py:188} INFO - [2024-12-22T02:16:14.275+0000] {dag.py:3089} INFO - Sync 1 DAGs
[2024-12-22T02:16:14.281+0000] {logging_mixin.py:188} INFO - [2024-12-22T02:16:14.281+0000] {dag.py:3947} INFO - Setting next_dagrun for example_python_operator to None, run_after=None
[2024-12-22T02:16:14.292+0000] {processor.py:183} INFO - Processing /home/airflow/.local/lib/python3.12/site-packages/airflow/example_dags/example_python_operator.py took 0.043 seconds
[2024-12-22T02:16:45.626+0000] {processor.py:161} INFO - Started process (PID=16628) to work on /home/airflow/.local/lib/python3.12/site-packages/airflow/example_dags/example_python_operator.py
[2024-12-22T02:16:45.626+0000] {processor.py:830} INFO - Processing file /home/airflow/.local/lib/python3.12/site-packages/airflow/example_dags/example_python_operator.py for tasks to queue
[2024-12-22T02:16:45.627+0000] {logging_mixin.py:188} INFO - [2024-12-22T02:16:45.627+0000] {dagbag.py:545} INFO - Filling up the DagBag from /home/airflow/.local/lib/python3.12/site-packages/airflow/example_dags/example_python_operator.py
[2024-12-22T02:16:45.634+0000] {processor.py:840} INFO - DAG(s) 'example_python_operator' retrieved from /home/airflow/.local/lib/python3.12/site-packages/airflow/example_dags/example_python_operator.py
[2024-12-22T02:16:45.653+0000] {logging_mixin.py:188} INFO - [2024-12-22T02:16:45.653+0000] {dag.py:3089} INFO - Sync 1 DAGs
[2024-12-22T02:16:45.659+0000] {logging_mixin.py:188} INFO - [2024-12-22T02:16:45.659+0000] {dag.py:3947} INFO - Setting next_dagrun for example_python_operator to None, run_after=None
[2024-12-22T02:16:45.670+0000] {processor.py:183} INFO - Processing /home/airflow/.local/lib/python3.12/site-packages/airflow/example_dags/example_python_operator.py took 0.048 seconds
[2024-12-22T02:17:19.092+0000] {processor.py:161} INFO - Started process (PID=16905) to work on /home/airflow/.local/lib/python3.12/site-packages/airflow/example_dags/example_python_operator.py
[2024-12-22T02:17:19.093+0000] {processor.py:830} INFO - Processing file /home/airflow/.local/lib/python3.12/site-packages/airflow/example_dags/example_python_operator.py for tasks to queue
[2024-12-22T02:17:19.094+0000] {logging_mixin.py:188} INFO - [2024-12-22T02:17:19.094+0000] {dagbag.py:545} INFO - Filling up the DagBag from /home/airflow/.local/lib/python3.12/site-packages/airflow/example_dags/example_python_operator.py
[2024-12-22T02:17:19.100+0000] {processor.py:840} INFO - DAG(s) 'example_python_operator' retrieved from /home/airflow/.local/lib/python3.12/site-packages/airflow/example_dags/example_python_operator.py
[2024-12-22T02:17:19.114+0000] {logging_mixin.py:188} INFO - [2024-12-22T02:17:19.114+0000] {dag.py:3089} INFO - Sync 1 DAGs
[2024-12-22T02:17:19.121+0000] {logging_mixin.py:188} INFO - [2024-12-22T02:17:19.121+0000] {dag.py:3947} INFO - Setting next_dagrun for example_python_operator to None, run_after=None
[2024-12-22T02:17:19.134+0000] {processor.py:183} INFO - Processing /home/airflow/.local/lib/python3.12/site-packages/airflow/example_dags/example_python_operator.py took 0.046 seconds
[2024-12-22T02:17:49.436+0000] {processor.py:161} INFO - Started process (PID=17180) to work on /home/airflow/.local/lib/python3.12/site-packages/airflow/example_dags/example_python_operator.py
[2024-12-22T02:17:49.437+0000] {processor.py:830} INFO - Processing file /home/airflow/.local/lib/python3.12/site-packages/airflow/example_dags/example_python_operator.py for tasks to queue
[2024-12-22T02:17:49.438+0000] {logging_mixin.py:188} INFO - [2024-12-22T02:17:49.438+0000] {dagbag.py:545} INFO - Filling up the DagBag from /home/airflow/.local/lib/python3.12/site-packages/airflow/example_dags/example_python_operator.py
[2024-12-22T02:17:49.445+0000] {processor.py:840} INFO - DAG(s) 'example_python_operator' retrieved from /home/airflow/.local/lib/python3.12/site-packages/airflow/example_dags/example_python_operator.py
[2024-12-22T02:17:49.461+0000] {logging_mixin.py:188} INFO - [2024-12-22T02:17:49.461+0000] {dag.py:3089} INFO - Sync 1 DAGs
[2024-12-22T02:17:49.468+0000] {logging_mixin.py:188} INFO - [2024-12-22T02:17:49.468+0000] {dag.py:3947} INFO - Setting next_dagrun for example_python_operator to None, run_after=None
[2024-12-22T02:17:49.481+0000] {processor.py:183} INFO - Processing /home/airflow/.local/lib/python3.12/site-packages/airflow/example_dags/example_python_operator.py took 0.049 seconds
[2024-12-22T02:18:20.529+0000] {processor.py:161} INFO - Started process (PID=17457) to work on /home/airflow/.local/lib/python3.12/site-packages/airflow/example_dags/example_python_operator.py
[2024-12-22T02:18:20.530+0000] {processor.py:830} INFO - Processing file /home/airflow/.local/lib/python3.12/site-packages/airflow/example_dags/example_python_operator.py for tasks to queue
[2024-12-22T02:18:20.532+0000] {logging_mixin.py:188} INFO - [2024-12-22T02:18:20.532+0000] {dagbag.py:545} INFO - Filling up the DagBag from /home/airflow/.local/lib/python3.12/site-packages/airflow/example_dags/example_python_operator.py
[2024-12-22T02:18:20.540+0000] {processor.py:840} INFO - DAG(s) 'example_python_operator' retrieved from /home/airflow/.local/lib/python3.12/site-packages/airflow/example_dags/example_python_operator.py
[2024-12-22T02:18:20.556+0000] {logging_mixin.py:188} INFO - [2024-12-22T02:18:20.556+0000] {dag.py:3089} INFO - Sync 1 DAGs
[2024-12-22T02:18:20.564+0000] {logging_mixin.py:188} INFO - [2024-12-22T02:18:20.564+0000] {dag.py:3947} INFO - Setting next_dagrun for example_python_operator to None, run_after=None
[2024-12-22T02:18:20.577+0000] {processor.py:183} INFO - Processing /home/airflow/.local/lib/python3.12/site-packages/airflow/example_dags/example_python_operator.py took 0.052 seconds
[2024-12-22T02:18:51.281+0000] {processor.py:161} INFO - Started process (PID=17736) to work on /home/airflow/.local/lib/python3.12/site-packages/airflow/example_dags/example_python_operator.py
[2024-12-22T02:18:51.282+0000] {processor.py:830} INFO - Processing file /home/airflow/.local/lib/python3.12/site-packages/airflow/example_dags/example_python_operator.py for tasks to queue
[2024-12-22T02:18:51.283+0000] {logging_mixin.py:188} INFO - [2024-12-22T02:18:51.283+0000] {dagbag.py:545} INFO - Filling up the DagBag from /home/airflow/.local/lib/python3.12/site-packages/airflow/example_dags/example_python_operator.py
[2024-12-22T02:18:51.289+0000] {processor.py:840} INFO - DAG(s) 'example_python_operator' retrieved from /home/airflow/.local/lib/python3.12/site-packages/airflow/example_dags/example_python_operator.py
[2024-12-22T02:18:51.301+0000] {logging_mixin.py:188} INFO - [2024-12-22T02:18:51.301+0000] {dag.py:3089} INFO - Sync 1 DAGs
[2024-12-22T02:18:51.308+0000] {logging_mixin.py:188} INFO - [2024-12-22T02:18:51.308+0000] {dag.py:3947} INFO - Setting next_dagrun for example_python_operator to None, run_after=None
[2024-12-22T02:18:51.318+0000] {processor.py:183} INFO - Processing /home/airflow/.local/lib/python3.12/site-packages/airflow/example_dags/example_python_operator.py took 0.041 seconds
[2024-12-22T02:19:39.197+0000] {processor.py:161} INFO - Started process (PID=18012) to work on /home/airflow/.local/lib/python3.12/site-packages/airflow/example_dags/example_python_operator.py
[2024-12-22T02:19:39.198+0000] {processor.py:830} INFO - Processing file /home/airflow/.local/lib/python3.12/site-packages/airflow/example_dags/example_python_operator.py for tasks to queue
[2024-12-22T02:19:39.200+0000] {logging_mixin.py:188} INFO - [2024-12-22T02:19:39.199+0000] {dagbag.py:545} INFO - Filling up the DagBag from /home/airflow/.local/lib/python3.12/site-packages/airflow/example_dags/example_python_operator.py
[2024-12-22T02:19:39.207+0000] {processor.py:840} INFO - DAG(s) 'example_python_operator' retrieved from /home/airflow/.local/lib/python3.12/site-packages/airflow/example_dags/example_python_operator.py
[2024-12-22T02:19:39.225+0000] {logging_mixin.py:188} INFO - [2024-12-22T02:19:39.224+0000] {dag.py:3089} INFO - Sync 1 DAGs
[2024-12-22T02:19:39.233+0000] {logging_mixin.py:188} INFO - [2024-12-22T02:19:39.233+0000] {dag.py:3947} INFO - Setting next_dagrun for example_python_operator to None, run_after=None
[2024-12-22T02:19:39.247+0000] {processor.py:183} INFO - Processing /home/airflow/.local/lib/python3.12/site-packages/airflow/example_dags/example_python_operator.py took 0.055 seconds
[2024-12-22T02:20:09.377+0000] {processor.py:161} INFO - Started process (PID=18289) to work on /home/airflow/.local/lib/python3.12/site-packages/airflow/example_dags/example_python_operator.py
[2024-12-22T02:20:09.378+0000] {processor.py:830} INFO - Processing file /home/airflow/.local/lib/python3.12/site-packages/airflow/example_dags/example_python_operator.py for tasks to queue
[2024-12-22T02:20:09.379+0000] {logging_mixin.py:188} INFO - [2024-12-22T02:20:09.379+0000] {dagbag.py:545} INFO - Filling up the DagBag from /home/airflow/.local/lib/python3.12/site-packages/airflow/example_dags/example_python_operator.py
[2024-12-22T02:20:09.389+0000] {processor.py:840} INFO - DAG(s) 'example_python_operator' retrieved from /home/airflow/.local/lib/python3.12/site-packages/airflow/example_dags/example_python_operator.py
[2024-12-22T02:20:09.407+0000] {logging_mixin.py:188} INFO - [2024-12-22T02:20:09.407+0000] {dag.py:3089} INFO - Sync 1 DAGs
[2024-12-22T02:20:09.415+0000] {logging_mixin.py:188} INFO - [2024-12-22T02:20:09.414+0000] {dag.py:3947} INFO - Setting next_dagrun for example_python_operator to None, run_after=None
[2024-12-22T02:20:09.427+0000] {processor.py:183} INFO - Processing /home/airflow/.local/lib/python3.12/site-packages/airflow/example_dags/example_python_operator.py took 0.056 seconds
[2024-12-22T02:20:39.725+0000] {processor.py:161} INFO - Started process (PID=18568) to work on /home/airflow/.local/lib/python3.12/site-packages/airflow/example_dags/example_python_operator.py
[2024-12-22T02:20:39.726+0000] {processor.py:830} INFO - Processing file /home/airflow/.local/lib/python3.12/site-packages/airflow/example_dags/example_python_operator.py for tasks to queue
[2024-12-22T02:20:39.727+0000] {logging_mixin.py:188} INFO - [2024-12-22T02:20:39.727+0000] {dagbag.py:545} INFO - Filling up the DagBag from /home/airflow/.local/lib/python3.12/site-packages/airflow/example_dags/example_python_operator.py
[2024-12-22T02:20:39.736+0000] {processor.py:840} INFO - DAG(s) 'example_python_operator' retrieved from /home/airflow/.local/lib/python3.12/site-packages/airflow/example_dags/example_python_operator.py
[2024-12-22T02:20:39.752+0000] {logging_mixin.py:188} INFO - [2024-12-22T02:20:39.751+0000] {dag.py:3089} INFO - Sync 1 DAGs
[2024-12-22T02:20:39.762+0000] {logging_mixin.py:188} INFO - [2024-12-22T02:20:39.762+0000] {dag.py:3947} INFO - Setting next_dagrun for example_python_operator to None, run_after=None
[2024-12-22T02:20:39.775+0000] {processor.py:183} INFO - Processing /home/airflow/.local/lib/python3.12/site-packages/airflow/example_dags/example_python_operator.py took 0.056 seconds
[2024-12-22T02:21:10.751+0000] {processor.py:161} INFO - Started process (PID=18845) to work on /home/airflow/.local/lib/python3.12/site-packages/airflow/example_dags/example_python_operator.py
[2024-12-22T02:21:10.751+0000] {processor.py:830} INFO - Processing file /home/airflow/.local/lib/python3.12/site-packages/airflow/example_dags/example_python_operator.py for tasks to queue
[2024-12-22T02:21:10.752+0000] {logging_mixin.py:188} INFO - [2024-12-22T02:21:10.752+0000] {dagbag.py:545} INFO - Filling up the DagBag from /home/airflow/.local/lib/python3.12/site-packages/airflow/example_dags/example_python_operator.py
[2024-12-22T02:21:10.760+0000] {processor.py:840} INFO - DAG(s) 'example_python_operator' retrieved from /home/airflow/.local/lib/python3.12/site-packages/airflow/example_dags/example_python_operator.py
[2024-12-22T02:21:10.773+0000] {logging_mixin.py:188} INFO - [2024-12-22T02:21:10.773+0000] {dag.py:3089} INFO - Sync 1 DAGs
[2024-12-22T02:21:10.780+0000] {logging_mixin.py:188} INFO - [2024-12-22T02:21:10.780+0000] {dag.py:3947} INFO - Setting next_dagrun for example_python_operator to None, run_after=None
[2024-12-22T02:21:10.794+0000] {processor.py:183} INFO - Processing /home/airflow/.local/lib/python3.12/site-packages/airflow/example_dags/example_python_operator.py took 0.048 seconds
[2024-12-22T02:21:41.782+0000] {processor.py:161} INFO - Started process (PID=19122) to work on /home/airflow/.local/lib/python3.12/site-packages/airflow/example_dags/example_python_operator.py
[2024-12-22T02:21:41.783+0000] {processor.py:830} INFO - Processing file /home/airflow/.local/lib/python3.12/site-packages/airflow/example_dags/example_python_operator.py for tasks to queue
[2024-12-22T02:21:41.785+0000] {logging_mixin.py:188} INFO - [2024-12-22T02:21:41.784+0000] {dagbag.py:545} INFO - Filling up the DagBag from /home/airflow/.local/lib/python3.12/site-packages/airflow/example_dags/example_python_operator.py
[2024-12-22T02:21:41.791+0000] {processor.py:840} INFO - DAG(s) 'example_python_operator' retrieved from /home/airflow/.local/lib/python3.12/site-packages/airflow/example_dags/example_python_operator.py
[2024-12-22T02:21:41.805+0000] {logging_mixin.py:188} INFO - [2024-12-22T02:21:41.805+0000] {dag.py:3089} INFO - Sync 1 DAGs
[2024-12-22T02:21:41.811+0000] {logging_mixin.py:188} INFO - [2024-12-22T02:21:41.811+0000] {dag.py:3947} INFO - Setting next_dagrun for example_python_operator to None, run_after=None
[2024-12-22T02:21:41.827+0000] {processor.py:183} INFO - Processing /home/airflow/.local/lib/python3.12/site-packages/airflow/example_dags/example_python_operator.py took 0.050 seconds
[2024-12-22T02:22:11.928+0000] {processor.py:161} INFO - Started process (PID=19397) to work on /home/airflow/.local/lib/python3.12/site-packages/airflow/example_dags/example_python_operator.py
[2024-12-22T02:22:11.929+0000] {processor.py:830} INFO - Processing file /home/airflow/.local/lib/python3.12/site-packages/airflow/example_dags/example_python_operator.py for tasks to queue
[2024-12-22T02:22:11.930+0000] {logging_mixin.py:188} INFO - [2024-12-22T02:22:11.930+0000] {dagbag.py:545} INFO - Filling up the DagBag from /home/airflow/.local/lib/python3.12/site-packages/airflow/example_dags/example_python_operator.py
[2024-12-22T02:22:11.938+0000] {processor.py:840} INFO - DAG(s) 'example_python_operator' retrieved from /home/airflow/.local/lib/python3.12/site-packages/airflow/example_dags/example_python_operator.py
[2024-12-22T02:22:11.952+0000] {logging_mixin.py:188} INFO - [2024-12-22T02:22:11.952+0000] {dag.py:3089} INFO - Sync 1 DAGs
[2024-12-22T02:22:11.958+0000] {logging_mixin.py:188} INFO - [2024-12-22T02:22:11.958+0000] {dag.py:3947} INFO - Setting next_dagrun for example_python_operator to None, run_after=None
[2024-12-22T02:22:11.973+0000] {processor.py:183} INFO - Processing /home/airflow/.local/lib/python3.12/site-packages/airflow/example_dags/example_python_operator.py took 0.048 seconds
[2024-12-22T02:22:42.637+0000] {processor.py:161} INFO - Started process (PID=19676) to work on /home/airflow/.local/lib/python3.12/site-packages/airflow/example_dags/example_python_operator.py
[2024-12-22T02:22:42.638+0000] {processor.py:830} INFO - Processing file /home/airflow/.local/lib/python3.12/site-packages/airflow/example_dags/example_python_operator.py for tasks to queue
[2024-12-22T02:22:42.639+0000] {logging_mixin.py:188} INFO - [2024-12-22T02:22:42.639+0000] {dagbag.py:545} INFO - Filling up the DagBag from /home/airflow/.local/lib/python3.12/site-packages/airflow/example_dags/example_python_operator.py
[2024-12-22T02:22:42.645+0000] {processor.py:840} INFO - DAG(s) 'example_python_operator' retrieved from /home/airflow/.local/lib/python3.12/site-packages/airflow/example_dags/example_python_operator.py
[2024-12-22T02:22:42.657+0000] {logging_mixin.py:188} INFO - [2024-12-22T02:22:42.657+0000] {dag.py:3089} INFO - Sync 1 DAGs
[2024-12-22T02:22:42.663+0000] {logging_mixin.py:188} INFO - [2024-12-22T02:22:42.663+0000] {dag.py:3947} INFO - Setting next_dagrun for example_python_operator to None, run_after=None
[2024-12-22T02:22:42.674+0000] {processor.py:183} INFO - Processing /home/airflow/.local/lib/python3.12/site-packages/airflow/example_dags/example_python_operator.py took 0.041 seconds
[2024-12-22T02:23:13.049+0000] {processor.py:161} INFO - Started process (PID=19953) to work on /home/airflow/.local/lib/python3.12/site-packages/airflow/example_dags/example_python_operator.py
[2024-12-22T02:23:13.049+0000] {processor.py:830} INFO - Processing file /home/airflow/.local/lib/python3.12/site-packages/airflow/example_dags/example_python_operator.py for tasks to queue
[2024-12-22T02:23:13.050+0000] {logging_mixin.py:188} INFO - [2024-12-22T02:23:13.050+0000] {dagbag.py:545} INFO - Filling up the DagBag from /home/airflow/.local/lib/python3.12/site-packages/airflow/example_dags/example_python_operator.py
[2024-12-22T02:23:13.058+0000] {processor.py:840} INFO - DAG(s) 'example_python_operator' retrieved from /home/airflow/.local/lib/python3.12/site-packages/airflow/example_dags/example_python_operator.py
[2024-12-22T02:23:13.071+0000] {logging_mixin.py:188} INFO - [2024-12-22T02:23:13.071+0000] {dag.py:3089} INFO - Sync 1 DAGs
[2024-12-22T02:23:13.079+0000] {logging_mixin.py:188} INFO - [2024-12-22T02:23:13.078+0000] {dag.py:3947} INFO - Setting next_dagrun for example_python_operator to None, run_after=None
[2024-12-22T02:23:13.093+0000] {processor.py:183} INFO - Processing /home/airflow/.local/lib/python3.12/site-packages/airflow/example_dags/example_python_operator.py took 0.049 seconds
[2024-12-22T02:23:43.817+0000] {processor.py:161} INFO - Started process (PID=20230) to work on /home/airflow/.local/lib/python3.12/site-packages/airflow/example_dags/example_python_operator.py
[2024-12-22T02:23:43.819+0000] {processor.py:830} INFO - Processing file /home/airflow/.local/lib/python3.12/site-packages/airflow/example_dags/example_python_operator.py for tasks to queue
[2024-12-22T02:23:43.821+0000] {logging_mixin.py:188} INFO - [2024-12-22T02:23:43.820+0000] {dagbag.py:545} INFO - Filling up the DagBag from /home/airflow/.local/lib/python3.12/site-packages/airflow/example_dags/example_python_operator.py
[2024-12-22T02:23:43.829+0000] {processor.py:840} INFO - DAG(s) 'example_python_operator' retrieved from /home/airflow/.local/lib/python3.12/site-packages/airflow/example_dags/example_python_operator.py
[2024-12-22T02:23:43.847+0000] {logging_mixin.py:188} INFO - [2024-12-22T02:23:43.847+0000] {dag.py:3089} INFO - Sync 1 DAGs
[2024-12-22T02:23:43.854+0000] {logging_mixin.py:188} INFO - [2024-12-22T02:23:43.854+0000] {dag.py:3947} INFO - Setting next_dagrun for example_python_operator to None, run_after=None
[2024-12-22T02:23:43.866+0000] {processor.py:183} INFO - Processing /home/airflow/.local/lib/python3.12/site-packages/airflow/example_dags/example_python_operator.py took 0.054 seconds
[2024-12-22T02:24:14.271+0000] {processor.py:161} INFO - Started process (PID=20507) to work on /home/airflow/.local/lib/python3.12/site-packages/airflow/example_dags/example_python_operator.py
[2024-12-22T02:24:14.272+0000] {processor.py:830} INFO - Processing file /home/airflow/.local/lib/python3.12/site-packages/airflow/example_dags/example_python_operator.py for tasks to queue
[2024-12-22T02:24:14.273+0000] {logging_mixin.py:188} INFO - [2024-12-22T02:24:14.273+0000] {dagbag.py:545} INFO - Filling up the DagBag from /home/airflow/.local/lib/python3.12/site-packages/airflow/example_dags/example_python_operator.py
[2024-12-22T02:24:14.280+0000] {processor.py:840} INFO - DAG(s) 'example_python_operator' retrieved from /home/airflow/.local/lib/python3.12/site-packages/airflow/example_dags/example_python_operator.py
[2024-12-22T02:24:14.303+0000] {logging_mixin.py:188} INFO - [2024-12-22T02:24:14.302+0000] {dag.py:3089} INFO - Sync 1 DAGs
[2024-12-22T02:24:14.313+0000] {logging_mixin.py:188} INFO - [2024-12-22T02:24:14.312+0000] {dag.py:3947} INFO - Setting next_dagrun for example_python_operator to None, run_after=None
[2024-12-22T02:24:14.330+0000] {processor.py:183} INFO - Processing /home/airflow/.local/lib/python3.12/site-packages/airflow/example_dags/example_python_operator.py took 0.064 seconds
[2024-12-22T02:24:45.214+0000] {processor.py:161} INFO - Started process (PID=20784) to work on /home/airflow/.local/lib/python3.12/site-packages/airflow/example_dags/example_python_operator.py
[2024-12-22T02:24:45.215+0000] {processor.py:830} INFO - Processing file /home/airflow/.local/lib/python3.12/site-packages/airflow/example_dags/example_python_operator.py for tasks to queue
[2024-12-22T02:24:45.216+0000] {logging_mixin.py:188} INFO - [2024-12-22T02:24:45.216+0000] {dagbag.py:545} INFO - Filling up the DagBag from /home/airflow/.local/lib/python3.12/site-packages/airflow/example_dags/example_python_operator.py
[2024-12-22T02:24:45.223+0000] {processor.py:840} INFO - DAG(s) 'example_python_operator' retrieved from /home/airflow/.local/lib/python3.12/site-packages/airflow/example_dags/example_python_operator.py
[2024-12-22T02:24:45.236+0000] {logging_mixin.py:188} INFO - [2024-12-22T02:24:45.235+0000] {dag.py:3089} INFO - Sync 1 DAGs
[2024-12-22T02:24:45.242+0000] {logging_mixin.py:188} INFO - [2024-12-22T02:24:45.242+0000] {dag.py:3947} INFO - Setting next_dagrun for example_python_operator to None, run_after=None
[2024-12-22T02:24:45.254+0000] {processor.py:183} INFO - Processing /home/airflow/.local/lib/python3.12/site-packages/airflow/example_dags/example_python_operator.py took 0.044 seconds
[2024-12-22T02:25:15.576+0000] {processor.py:161} INFO - Started process (PID=21059) to work on /home/airflow/.local/lib/python3.12/site-packages/airflow/example_dags/example_python_operator.py
[2024-12-22T02:25:15.577+0000] {processor.py:830} INFO - Processing file /home/airflow/.local/lib/python3.12/site-packages/airflow/example_dags/example_python_operator.py for tasks to queue
[2024-12-22T02:25:15.578+0000] {logging_mixin.py:188} INFO - [2024-12-22T02:25:15.578+0000] {dagbag.py:545} INFO - Filling up the DagBag from /home/airflow/.local/lib/python3.12/site-packages/airflow/example_dags/example_python_operator.py
[2024-12-22T02:25:15.584+0000] {processor.py:840} INFO - DAG(s) 'example_python_operator' retrieved from /home/airflow/.local/lib/python3.12/site-packages/airflow/example_dags/example_python_operator.py
[2024-12-22T02:25:15.598+0000] {logging_mixin.py:188} INFO - [2024-12-22T02:25:15.598+0000] {dag.py:3089} INFO - Sync 1 DAGs
[2024-12-22T02:25:15.605+0000] {logging_mixin.py:188} INFO - [2024-12-22T02:25:15.605+0000] {dag.py:3947} INFO - Setting next_dagrun for example_python_operator to None, run_after=None
[2024-12-22T02:25:15.615+0000] {processor.py:183} INFO - Processing /home/airflow/.local/lib/python3.12/site-packages/airflow/example_dags/example_python_operator.py took 0.043 seconds
[2024-12-22T02:25:45.870+0000] {processor.py:161} INFO - Started process (PID=21337) to work on /home/airflow/.local/lib/python3.12/site-packages/airflow/example_dags/example_python_operator.py
[2024-12-22T02:25:45.871+0000] {processor.py:830} INFO - Processing file /home/airflow/.local/lib/python3.12/site-packages/airflow/example_dags/example_python_operator.py for tasks to queue
[2024-12-22T02:25:45.872+0000] {logging_mixin.py:188} INFO - [2024-12-22T02:25:45.872+0000] {dagbag.py:545} INFO - Filling up the DagBag from /home/airflow/.local/lib/python3.12/site-packages/airflow/example_dags/example_python_operator.py
[2024-12-22T02:25:45.879+0000] {processor.py:840} INFO - DAG(s) 'example_python_operator' retrieved from /home/airflow/.local/lib/python3.12/site-packages/airflow/example_dags/example_python_operator.py
[2024-12-22T02:25:45.892+0000] {logging_mixin.py:188} INFO - [2024-12-22T02:25:45.892+0000] {dag.py:3089} INFO - Sync 1 DAGs
[2024-12-22T02:25:45.898+0000] {logging_mixin.py:188} INFO - [2024-12-22T02:25:45.898+0000] {dag.py:3947} INFO - Setting next_dagrun for example_python_operator to None, run_after=None
[2024-12-22T02:25:45.908+0000] {processor.py:183} INFO - Processing /home/airflow/.local/lib/python3.12/site-packages/airflow/example_dags/example_python_operator.py took 0.041 seconds
[2024-12-22T02:26:16.146+0000] {processor.py:161} INFO - Started process (PID=21611) to work on /home/airflow/.local/lib/python3.12/site-packages/airflow/example_dags/example_python_operator.py
[2024-12-22T02:26:16.147+0000] {processor.py:830} INFO - Processing file /home/airflow/.local/lib/python3.12/site-packages/airflow/example_dags/example_python_operator.py for tasks to queue
[2024-12-22T02:26:16.148+0000] {logging_mixin.py:188} INFO - [2024-12-22T02:26:16.148+0000] {dagbag.py:545} INFO - Filling up the DagBag from /home/airflow/.local/lib/python3.12/site-packages/airflow/example_dags/example_python_operator.py
[2024-12-22T02:26:16.156+0000] {processor.py:840} INFO - DAG(s) 'example_python_operator' retrieved from /home/airflow/.local/lib/python3.12/site-packages/airflow/example_dags/example_python_operator.py
[2024-12-22T02:26:16.173+0000] {logging_mixin.py:188} INFO - [2024-12-22T02:26:16.173+0000] {dag.py:3089} INFO - Sync 1 DAGs
[2024-12-22T02:26:16.180+0000] {logging_mixin.py:188} INFO - [2024-12-22T02:26:16.180+0000] {dag.py:3947} INFO - Setting next_dagrun for example_python_operator to None, run_after=None
[2024-12-22T02:26:16.194+0000] {processor.py:183} INFO - Processing /home/airflow/.local/lib/python3.12/site-packages/airflow/example_dags/example_python_operator.py took 0.051 seconds
[2024-12-22T02:26:47.291+0000] {processor.py:161} INFO - Started process (PID=21893) to work on /home/airflow/.local/lib/python3.12/site-packages/airflow/example_dags/example_python_operator.py
[2024-12-22T02:26:47.292+0000] {processor.py:830} INFO - Processing file /home/airflow/.local/lib/python3.12/site-packages/airflow/example_dags/example_python_operator.py for tasks to queue
[2024-12-22T02:26:47.293+0000] {logging_mixin.py:188} INFO - [2024-12-22T02:26:47.293+0000] {dagbag.py:545} INFO - Filling up the DagBag from /home/airflow/.local/lib/python3.12/site-packages/airflow/example_dags/example_python_operator.py
[2024-12-22T02:26:47.302+0000] {processor.py:840} INFO - DAG(s) 'example_python_operator' retrieved from /home/airflow/.local/lib/python3.12/site-packages/airflow/example_dags/example_python_operator.py
[2024-12-22T02:26:47.316+0000] {logging_mixin.py:188} INFO - [2024-12-22T02:26:47.316+0000] {dag.py:3089} INFO - Sync 1 DAGs
[2024-12-22T02:26:47.324+0000] {logging_mixin.py:188} INFO - [2024-12-22T02:26:47.324+0000] {dag.py:3947} INFO - Setting next_dagrun for example_python_operator to None, run_after=None
[2024-12-22T02:26:47.336+0000] {processor.py:183} INFO - Processing /home/airflow/.local/lib/python3.12/site-packages/airflow/example_dags/example_python_operator.py took 0.050 seconds
[2024-12-22T02:27:17.981+0000] {processor.py:161} INFO - Started process (PID=22170) to work on /home/airflow/.local/lib/python3.12/site-packages/airflow/example_dags/example_python_operator.py
[2024-12-22T02:27:17.982+0000] {processor.py:830} INFO - Processing file /home/airflow/.local/lib/python3.12/site-packages/airflow/example_dags/example_python_operator.py for tasks to queue
[2024-12-22T02:27:17.984+0000] {logging_mixin.py:188} INFO - [2024-12-22T02:27:17.983+0000] {dagbag.py:545} INFO - Filling up the DagBag from /home/airflow/.local/lib/python3.12/site-packages/airflow/example_dags/example_python_operator.py
[2024-12-22T02:27:17.990+0000] {processor.py:840} INFO - DAG(s) 'example_python_operator' retrieved from /home/airflow/.local/lib/python3.12/site-packages/airflow/example_dags/example_python_operator.py
[2024-12-22T02:27:18.004+0000] {logging_mixin.py:188} INFO - [2024-12-22T02:27:18.004+0000] {dag.py:3089} INFO - Sync 1 DAGs
[2024-12-22T02:27:18.011+0000] {logging_mixin.py:188} INFO - [2024-12-22T02:27:18.011+0000] {dag.py:3947} INFO - Setting next_dagrun for example_python_operator to None, run_after=None
[2024-12-22T02:27:18.024+0000] {processor.py:183} INFO - Processing /home/airflow/.local/lib/python3.12/site-packages/airflow/example_dags/example_python_operator.py took 0.047 seconds
[2024-12-22T02:27:48.462+0000] {processor.py:161} INFO - Started process (PID=22447) to work on /home/airflow/.local/lib/python3.12/site-packages/airflow/example_dags/example_python_operator.py
[2024-12-22T02:27:48.463+0000] {processor.py:830} INFO - Processing file /home/airflow/.local/lib/python3.12/site-packages/airflow/example_dags/example_python_operator.py for tasks to queue
[2024-12-22T02:27:48.464+0000] {logging_mixin.py:188} INFO - [2024-12-22T02:27:48.464+0000] {dagbag.py:545} INFO - Filling up the DagBag from /home/airflow/.local/lib/python3.12/site-packages/airflow/example_dags/example_python_operator.py
[2024-12-22T02:27:48.471+0000] {processor.py:840} INFO - DAG(s) 'example_python_operator' retrieved from /home/airflow/.local/lib/python3.12/site-packages/airflow/example_dags/example_python_operator.py
[2024-12-22T02:27:48.483+0000] {logging_mixin.py:188} INFO - [2024-12-22T02:27:48.482+0000] {dag.py:3089} INFO - Sync 1 DAGs
[2024-12-22T02:27:48.488+0000] {logging_mixin.py:188} INFO - [2024-12-22T02:27:48.488+0000] {dag.py:3947} INFO - Setting next_dagrun for example_python_operator to None, run_after=None
[2024-12-22T02:27:48.499+0000] {processor.py:183} INFO - Processing /home/airflow/.local/lib/python3.12/site-packages/airflow/example_dags/example_python_operator.py took 0.041 seconds
[2024-12-22T02:28:18.838+0000] {processor.py:161} INFO - Started process (PID=22722) to work on /home/airflow/.local/lib/python3.12/site-packages/airflow/example_dags/example_python_operator.py
[2024-12-22T02:28:18.839+0000] {processor.py:830} INFO - Processing file /home/airflow/.local/lib/python3.12/site-packages/airflow/example_dags/example_python_operator.py for tasks to queue
[2024-12-22T02:28:18.840+0000] {logging_mixin.py:188} INFO - [2024-12-22T02:28:18.840+0000] {dagbag.py:545} INFO - Filling up the DagBag from /home/airflow/.local/lib/python3.12/site-packages/airflow/example_dags/example_python_operator.py
[2024-12-22T02:28:18.846+0000] {processor.py:840} INFO - DAG(s) 'example_python_operator' retrieved from /home/airflow/.local/lib/python3.12/site-packages/airflow/example_dags/example_python_operator.py
[2024-12-22T02:28:18.860+0000] {logging_mixin.py:188} INFO - [2024-12-22T02:28:18.859+0000] {dag.py:3089} INFO - Sync 1 DAGs
[2024-12-22T02:28:18.866+0000] {logging_mixin.py:188} INFO - [2024-12-22T02:28:18.865+0000] {dag.py:3947} INFO - Setting next_dagrun for example_python_operator to None, run_after=None
[2024-12-22T02:28:18.875+0000] {processor.py:183} INFO - Processing /home/airflow/.local/lib/python3.12/site-packages/airflow/example_dags/example_python_operator.py took 0.041 seconds
[2024-12-22T02:28:52.448+0000] {processor.py:161} INFO - Started process (PID=22999) to work on /home/airflow/.local/lib/python3.12/site-packages/airflow/example_dags/example_python_operator.py
[2024-12-22T02:28:52.449+0000] {processor.py:830} INFO - Processing file /home/airflow/.local/lib/python3.12/site-packages/airflow/example_dags/example_python_operator.py for tasks to queue
[2024-12-22T02:28:52.450+0000] {logging_mixin.py:188} INFO - [2024-12-22T02:28:52.450+0000] {dagbag.py:545} INFO - Filling up the DagBag from /home/airflow/.local/lib/python3.12/site-packages/airflow/example_dags/example_python_operator.py
[2024-12-22T02:28:52.457+0000] {processor.py:840} INFO - DAG(s) 'example_python_operator' retrieved from /home/airflow/.local/lib/python3.12/site-packages/airflow/example_dags/example_python_operator.py
[2024-12-22T02:28:52.471+0000] {logging_mixin.py:188} INFO - [2024-12-22T02:28:52.471+0000] {dag.py:3089} INFO - Sync 1 DAGs
[2024-12-22T02:28:52.478+0000] {logging_mixin.py:188} INFO - [2024-12-22T02:28:52.478+0000] {dag.py:3947} INFO - Setting next_dagrun for example_python_operator to None, run_after=None
[2024-12-22T02:28:52.489+0000] {processor.py:183} INFO - Processing /home/airflow/.local/lib/python3.12/site-packages/airflow/example_dags/example_python_operator.py took 0.045 seconds
[2024-12-22T02:29:38.261+0000] {processor.py:161} INFO - Started process (PID=23276) to work on /home/airflow/.local/lib/python3.12/site-packages/airflow/example_dags/example_python_operator.py
[2024-12-22T02:29:38.262+0000] {processor.py:830} INFO - Processing file /home/airflow/.local/lib/python3.12/site-packages/airflow/example_dags/example_python_operator.py for tasks to queue
[2024-12-22T02:29:38.263+0000] {logging_mixin.py:188} INFO - [2024-12-22T02:29:38.263+0000] {dagbag.py:545} INFO - Filling up the DagBag from /home/airflow/.local/lib/python3.12/site-packages/airflow/example_dags/example_python_operator.py
[2024-12-22T02:29:38.270+0000] {processor.py:840} INFO - DAG(s) 'example_python_operator' retrieved from /home/airflow/.local/lib/python3.12/site-packages/airflow/example_dags/example_python_operator.py
[2024-12-22T02:29:38.286+0000] {logging_mixin.py:188} INFO - [2024-12-22T02:29:38.286+0000] {dag.py:3089} INFO - Sync 1 DAGs
[2024-12-22T02:29:38.294+0000] {logging_mixin.py:188} INFO - [2024-12-22T02:29:38.294+0000] {dag.py:3947} INFO - Setting next_dagrun for example_python_operator to None, run_after=None
[2024-12-22T02:29:38.305+0000] {processor.py:183} INFO - Processing /home/airflow/.local/lib/python3.12/site-packages/airflow/example_dags/example_python_operator.py took 0.048 seconds
[2024-12-22T02:30:08.883+0000] {processor.py:161} INFO - Started process (PID=23553) to work on /home/airflow/.local/lib/python3.12/site-packages/airflow/example_dags/example_python_operator.py
[2024-12-22T02:30:08.884+0000] {processor.py:830} INFO - Processing file /home/airflow/.local/lib/python3.12/site-packages/airflow/example_dags/example_python_operator.py for tasks to queue
[2024-12-22T02:30:08.885+0000] {logging_mixin.py:188} INFO - [2024-12-22T02:30:08.885+0000] {dagbag.py:545} INFO - Filling up the DagBag from /home/airflow/.local/lib/python3.12/site-packages/airflow/example_dags/example_python_operator.py
[2024-12-22T02:30:08.892+0000] {processor.py:840} INFO - DAG(s) 'example_python_operator' retrieved from /home/airflow/.local/lib/python3.12/site-packages/airflow/example_dags/example_python_operator.py
[2024-12-22T02:30:08.907+0000] {logging_mixin.py:188} INFO - [2024-12-22T02:30:08.906+0000] {dag.py:3089} INFO - Sync 1 DAGs
[2024-12-22T02:30:08.914+0000] {logging_mixin.py:188} INFO - [2024-12-22T02:30:08.914+0000] {dag.py:3947} INFO - Setting next_dagrun for example_python_operator to None, run_after=None
[2024-12-22T02:30:08.925+0000] {processor.py:183} INFO - Processing /home/airflow/.local/lib/python3.12/site-packages/airflow/example_dags/example_python_operator.py took 0.047 seconds
[2024-12-22T02:30:39.075+0000] {processor.py:161} INFO - Started process (PID=23832) to work on /home/airflow/.local/lib/python3.12/site-packages/airflow/example_dags/example_python_operator.py
[2024-12-22T02:30:39.076+0000] {processor.py:830} INFO - Processing file /home/airflow/.local/lib/python3.12/site-packages/airflow/example_dags/example_python_operator.py for tasks to queue
[2024-12-22T02:30:39.077+0000] {logging_mixin.py:188} INFO - [2024-12-22T02:30:39.077+0000] {dagbag.py:545} INFO - Filling up the DagBag from /home/airflow/.local/lib/python3.12/site-packages/airflow/example_dags/example_python_operator.py
[2024-12-22T02:30:39.083+0000] {processor.py:840} INFO - DAG(s) 'example_python_operator' retrieved from /home/airflow/.local/lib/python3.12/site-packages/airflow/example_dags/example_python_operator.py
[2024-12-22T02:30:39.097+0000] {logging_mixin.py:188} INFO - [2024-12-22T02:30:39.097+0000] {dag.py:3089} INFO - Sync 1 DAGs
[2024-12-22T02:30:39.105+0000] {logging_mixin.py:188} INFO - [2024-12-22T02:30:39.105+0000] {dag.py:3947} INFO - Setting next_dagrun for example_python_operator to None, run_after=None
[2024-12-22T02:30:39.117+0000] {processor.py:183} INFO - Processing /home/airflow/.local/lib/python3.12/site-packages/airflow/example_dags/example_python_operator.py took 0.045 seconds
[2024-12-22T02:31:09.577+0000] {processor.py:161} INFO - Started process (PID=24109) to work on /home/airflow/.local/lib/python3.12/site-packages/airflow/example_dags/example_python_operator.py
[2024-12-22T02:31:09.578+0000] {processor.py:830} INFO - Processing file /home/airflow/.local/lib/python3.12/site-packages/airflow/example_dags/example_python_operator.py for tasks to queue
[2024-12-22T02:31:09.579+0000] {logging_mixin.py:188} INFO - [2024-12-22T02:31:09.579+0000] {dagbag.py:545} INFO - Filling up the DagBag from /home/airflow/.local/lib/python3.12/site-packages/airflow/example_dags/example_python_operator.py
[2024-12-22T02:31:09.585+0000] {processor.py:840} INFO - DAG(s) 'example_python_operator' retrieved from /home/airflow/.local/lib/python3.12/site-packages/airflow/example_dags/example_python_operator.py
[2024-12-22T02:31:09.598+0000] {logging_mixin.py:188} INFO - [2024-12-22T02:31:09.598+0000] {dag.py:3089} INFO - Sync 1 DAGs
[2024-12-22T02:31:09.605+0000] {logging_mixin.py:188} INFO - [2024-12-22T02:31:09.605+0000] {dag.py:3947} INFO - Setting next_dagrun for example_python_operator to None, run_after=None
[2024-12-22T02:31:09.615+0000] {processor.py:183} INFO - Processing /home/airflow/.local/lib/python3.12/site-packages/airflow/example_dags/example_python_operator.py took 0.042 seconds
[2024-12-22T02:31:39.985+0000] {processor.py:161} INFO - Started process (PID=24384) to work on /home/airflow/.local/lib/python3.12/site-packages/airflow/example_dags/example_python_operator.py
[2024-12-22T02:31:39.986+0000] {processor.py:830} INFO - Processing file /home/airflow/.local/lib/python3.12/site-packages/airflow/example_dags/example_python_operator.py for tasks to queue
[2024-12-22T02:31:39.987+0000] {logging_mixin.py:188} INFO - [2024-12-22T02:31:39.987+0000] {dagbag.py:545} INFO - Filling up the DagBag from /home/airflow/.local/lib/python3.12/site-packages/airflow/example_dags/example_python_operator.py
[2024-12-22T02:31:39.994+0000] {processor.py:840} INFO - DAG(s) 'example_python_operator' retrieved from /home/airflow/.local/lib/python3.12/site-packages/airflow/example_dags/example_python_operator.py
[2024-12-22T02:31:40.011+0000] {logging_mixin.py:188} INFO - [2024-12-22T02:31:40.010+0000] {dag.py:3089} INFO - Sync 1 DAGs
[2024-12-22T02:31:40.018+0000] {logging_mixin.py:188} INFO - [2024-12-22T02:31:40.017+0000] {dag.py:3947} INFO - Setting next_dagrun for example_python_operator to None, run_after=None
[2024-12-22T02:31:40.030+0000] {processor.py:183} INFO - Processing /home/airflow/.local/lib/python3.12/site-packages/airflow/example_dags/example_python_operator.py took 0.049 seconds
[2024-12-22T02:32:10.357+0000] {processor.py:161} INFO - Started process (PID=24661) to work on /home/airflow/.local/lib/python3.12/site-packages/airflow/example_dags/example_python_operator.py
[2024-12-22T02:32:10.358+0000] {processor.py:830} INFO - Processing file /home/airflow/.local/lib/python3.12/site-packages/airflow/example_dags/example_python_operator.py for tasks to queue
[2024-12-22T02:32:10.359+0000] {logging_mixin.py:188} INFO - [2024-12-22T02:32:10.359+0000] {dagbag.py:545} INFO - Filling up the DagBag from /home/airflow/.local/lib/python3.12/site-packages/airflow/example_dags/example_python_operator.py
[2024-12-22T02:32:10.365+0000] {processor.py:840} INFO - DAG(s) 'example_python_operator' retrieved from /home/airflow/.local/lib/python3.12/site-packages/airflow/example_dags/example_python_operator.py
[2024-12-22T02:32:10.380+0000] {logging_mixin.py:188} INFO - [2024-12-22T02:32:10.380+0000] {dag.py:3089} INFO - Sync 1 DAGs
[2024-12-22T02:32:10.387+0000] {logging_mixin.py:188} INFO - [2024-12-22T02:32:10.387+0000] {dag.py:3947} INFO - Setting next_dagrun for example_python_operator to None, run_after=None
[2024-12-22T02:32:10.397+0000] {processor.py:183} INFO - Processing /home/airflow/.local/lib/python3.12/site-packages/airflow/example_dags/example_python_operator.py took 0.044 seconds
[2024-12-22T02:32:40.660+0000] {processor.py:161} INFO - Started process (PID=24938) to work on /home/airflow/.local/lib/python3.12/site-packages/airflow/example_dags/example_python_operator.py
[2024-12-22T02:32:40.661+0000] {processor.py:830} INFO - Processing file /home/airflow/.local/lib/python3.12/site-packages/airflow/example_dags/example_python_operator.py for tasks to queue
[2024-12-22T02:32:40.662+0000] {logging_mixin.py:188} INFO - [2024-12-22T02:32:40.662+0000] {dagbag.py:545} INFO - Filling up the DagBag from /home/airflow/.local/lib/python3.12/site-packages/airflow/example_dags/example_python_operator.py
[2024-12-22T02:32:40.670+0000] {processor.py:840} INFO - DAG(s) 'example_python_operator' retrieved from /home/airflow/.local/lib/python3.12/site-packages/airflow/example_dags/example_python_operator.py
[2024-12-22T02:32:40.687+0000] {logging_mixin.py:188} INFO - [2024-12-22T02:32:40.686+0000] {dag.py:3089} INFO - Sync 1 DAGs
[2024-12-22T02:32:40.695+0000] {logging_mixin.py:188} INFO - [2024-12-22T02:32:40.695+0000] {dag.py:3947} INFO - Setting next_dagrun for example_python_operator to None, run_after=None
[2024-12-22T02:32:40.708+0000] {processor.py:183} INFO - Processing /home/airflow/.local/lib/python3.12/site-packages/airflow/example_dags/example_python_operator.py took 0.052 seconds
[2024-12-22T02:33:10.981+0000] {processor.py:161} INFO - Started process (PID=25217) to work on /home/airflow/.local/lib/python3.12/site-packages/airflow/example_dags/example_python_operator.py
[2024-12-22T02:33:10.982+0000] {processor.py:830} INFO - Processing file /home/airflow/.local/lib/python3.12/site-packages/airflow/example_dags/example_python_operator.py for tasks to queue
[2024-12-22T02:33:10.983+0000] {logging_mixin.py:188} INFO - [2024-12-22T02:33:10.983+0000] {dagbag.py:545} INFO - Filling up the DagBag from /home/airflow/.local/lib/python3.12/site-packages/airflow/example_dags/example_python_operator.py
[2024-12-22T02:33:10.990+0000] {processor.py:840} INFO - DAG(s) 'example_python_operator' retrieved from /home/airflow/.local/lib/python3.12/site-packages/airflow/example_dags/example_python_operator.py
[2024-12-22T02:33:11.003+0000] {logging_mixin.py:188} INFO - [2024-12-22T02:33:11.003+0000] {dag.py:3089} INFO - Sync 1 DAGs
[2024-12-22T02:33:11.013+0000] {logging_mixin.py:188} INFO - [2024-12-22T02:33:11.013+0000] {dag.py:3947} INFO - Setting next_dagrun for example_python_operator to None, run_after=None
[2024-12-22T02:33:11.023+0000] {processor.py:183} INFO - Processing /home/airflow/.local/lib/python3.12/site-packages/airflow/example_dags/example_python_operator.py took 0.046 seconds
[2024-12-22T02:33:41.461+0000] {processor.py:161} INFO - Started process (PID=25494) to work on /home/airflow/.local/lib/python3.12/site-packages/airflow/example_dags/example_python_operator.py
[2024-12-22T02:33:41.462+0000] {processor.py:830} INFO - Processing file /home/airflow/.local/lib/python3.12/site-packages/airflow/example_dags/example_python_operator.py for tasks to queue
[2024-12-22T02:33:41.463+0000] {logging_mixin.py:188} INFO - [2024-12-22T02:33:41.463+0000] {dagbag.py:545} INFO - Filling up the DagBag from /home/airflow/.local/lib/python3.12/site-packages/airflow/example_dags/example_python_operator.py
[2024-12-22T02:33:41.469+0000] {processor.py:840} INFO - DAG(s) 'example_python_operator' retrieved from /home/airflow/.local/lib/python3.12/site-packages/airflow/example_dags/example_python_operator.py
[2024-12-22T02:33:41.482+0000] {logging_mixin.py:188} INFO - [2024-12-22T02:33:41.482+0000] {dag.py:3089} INFO - Sync 1 DAGs
[2024-12-22T02:33:41.488+0000] {logging_mixin.py:188} INFO - [2024-12-22T02:33:41.488+0000] {dag.py:3947} INFO - Setting next_dagrun for example_python_operator to None, run_after=None
[2024-12-22T02:33:41.500+0000] {processor.py:183} INFO - Processing /home/airflow/.local/lib/python3.12/site-packages/airflow/example_dags/example_python_operator.py took 0.042 seconds
[2024-12-22T02:34:11.967+0000] {processor.py:161} INFO - Started process (PID=25771) to work on /home/airflow/.local/lib/python3.12/site-packages/airflow/example_dags/example_python_operator.py
[2024-12-22T02:34:11.968+0000] {processor.py:830} INFO - Processing file /home/airflow/.local/lib/python3.12/site-packages/airflow/example_dags/example_python_operator.py for tasks to queue
[2024-12-22T02:34:11.969+0000] {logging_mixin.py:188} INFO - [2024-12-22T02:34:11.969+0000] {dagbag.py:545} INFO - Filling up the DagBag from /home/airflow/.local/lib/python3.12/site-packages/airflow/example_dags/example_python_operator.py
[2024-12-22T02:34:11.976+0000] {processor.py:840} INFO - DAG(s) 'example_python_operator' retrieved from /home/airflow/.local/lib/python3.12/site-packages/airflow/example_dags/example_python_operator.py
[2024-12-22T02:34:11.989+0000] {logging_mixin.py:188} INFO - [2024-12-22T02:34:11.989+0000] {dag.py:3089} INFO - Sync 1 DAGs
[2024-12-22T02:34:11.996+0000] {logging_mixin.py:188} INFO - [2024-12-22T02:34:11.996+0000] {dag.py:3947} INFO - Setting next_dagrun for example_python_operator to None, run_after=None
[2024-12-22T02:34:12.010+0000] {processor.py:183} INFO - Processing /home/airflow/.local/lib/python3.12/site-packages/airflow/example_dags/example_python_operator.py took 0.047 seconds
[2024-12-22T02:34:42.246+0000] {processor.py:161} INFO - Started process (PID=26048) to work on /home/airflow/.local/lib/python3.12/site-packages/airflow/example_dags/example_python_operator.py
[2024-12-22T02:34:42.247+0000] {processor.py:830} INFO - Processing file /home/airflow/.local/lib/python3.12/site-packages/airflow/example_dags/example_python_operator.py for tasks to queue
[2024-12-22T02:34:42.248+0000] {logging_mixin.py:188} INFO - [2024-12-22T02:34:42.248+0000] {dagbag.py:545} INFO - Filling up the DagBag from /home/airflow/.local/lib/python3.12/site-packages/airflow/example_dags/example_python_operator.py
[2024-12-22T02:34:42.255+0000] {processor.py:840} INFO - DAG(s) 'example_python_operator' retrieved from /home/airflow/.local/lib/python3.12/site-packages/airflow/example_dags/example_python_operator.py
[2024-12-22T02:34:42.273+0000] {logging_mixin.py:188} INFO - [2024-12-22T02:34:42.273+0000] {dag.py:3089} INFO - Sync 1 DAGs
[2024-12-22T02:34:42.281+0000] {logging_mixin.py:188} INFO - [2024-12-22T02:34:42.281+0000] {dag.py:3947} INFO - Setting next_dagrun for example_python_operator to None, run_after=None
[2024-12-22T02:34:42.293+0000] {processor.py:183} INFO - Processing /home/airflow/.local/lib/python3.12/site-packages/airflow/example_dags/example_python_operator.py took 0.051 seconds
[2024-12-22T02:35:12.697+0000] {processor.py:161} INFO - Started process (PID=26326) to work on /home/airflow/.local/lib/python3.12/site-packages/airflow/example_dags/example_python_operator.py
[2024-12-22T02:35:12.698+0000] {processor.py:830} INFO - Processing file /home/airflow/.local/lib/python3.12/site-packages/airflow/example_dags/example_python_operator.py for tasks to queue
[2024-12-22T02:35:12.699+0000] {logging_mixin.py:188} INFO - [2024-12-22T02:35:12.699+0000] {dagbag.py:545} INFO - Filling up the DagBag from /home/airflow/.local/lib/python3.12/site-packages/airflow/example_dags/example_python_operator.py
[2024-12-22T02:35:12.706+0000] {processor.py:840} INFO - DAG(s) 'example_python_operator' retrieved from /home/airflow/.local/lib/python3.12/site-packages/airflow/example_dags/example_python_operator.py
[2024-12-22T02:35:12.721+0000] {logging_mixin.py:188} INFO - [2024-12-22T02:35:12.721+0000] {dag.py:3089} INFO - Sync 1 DAGs
[2024-12-22T02:35:12.728+0000] {logging_mixin.py:188} INFO - [2024-12-22T02:35:12.728+0000] {dag.py:3947} INFO - Setting next_dagrun for example_python_operator to None, run_after=None
[2024-12-22T02:35:12.740+0000] {processor.py:183} INFO - Processing /home/airflow/.local/lib/python3.12/site-packages/airflow/example_dags/example_python_operator.py took 0.047 seconds
[2024-12-22T02:35:42.853+0000] {processor.py:161} INFO - Started process (PID=26601) to work on /home/airflow/.local/lib/python3.12/site-packages/airflow/example_dags/example_python_operator.py
[2024-12-22T02:35:42.854+0000] {processor.py:830} INFO - Processing file /home/airflow/.local/lib/python3.12/site-packages/airflow/example_dags/example_python_operator.py for tasks to queue
[2024-12-22T02:35:42.855+0000] {logging_mixin.py:188} INFO - [2024-12-22T02:35:42.855+0000] {dagbag.py:545} INFO - Filling up the DagBag from /home/airflow/.local/lib/python3.12/site-packages/airflow/example_dags/example_python_operator.py
[2024-12-22T02:35:42.862+0000] {processor.py:840} INFO - DAG(s) 'example_python_operator' retrieved from /home/airflow/.local/lib/python3.12/site-packages/airflow/example_dags/example_python_operator.py
[2024-12-22T02:35:42.876+0000] {logging_mixin.py:188} INFO - [2024-12-22T02:35:42.876+0000] {dag.py:3089} INFO - Sync 1 DAGs
[2024-12-22T02:35:42.883+0000] {logging_mixin.py:188} INFO - [2024-12-22T02:35:42.883+0000] {dag.py:3947} INFO - Setting next_dagrun for example_python_operator to None, run_after=None
[2024-12-22T02:35:42.915+0000] {processor.py:183} INFO - Processing /home/airflow/.local/lib/python3.12/site-packages/airflow/example_dags/example_python_operator.py took 0.067 seconds
[2024-12-22T02:36:14.039+0000] {processor.py:161} INFO - Started process (PID=26878) to work on /home/airflow/.local/lib/python3.12/site-packages/airflow/example_dags/example_python_operator.py
[2024-12-22T02:36:14.041+0000] {processor.py:830} INFO - Processing file /home/airflow/.local/lib/python3.12/site-packages/airflow/example_dags/example_python_operator.py for tasks to queue
[2024-12-22T02:36:14.043+0000] {logging_mixin.py:188} INFO - [2024-12-22T02:36:14.042+0000] {dagbag.py:545} INFO - Filling up the DagBag from /home/airflow/.local/lib/python3.12/site-packages/airflow/example_dags/example_python_operator.py
[2024-12-22T02:36:14.051+0000] {processor.py:840} INFO - DAG(s) 'example_python_operator' retrieved from /home/airflow/.local/lib/python3.12/site-packages/airflow/example_dags/example_python_operator.py
[2024-12-22T02:36:14.071+0000] {logging_mixin.py:188} INFO - [2024-12-22T02:36:14.071+0000] {dag.py:3089} INFO - Sync 1 DAGs
[2024-12-22T02:36:14.079+0000] {logging_mixin.py:188} INFO - [2024-12-22T02:36:14.079+0000] {dag.py:3947} INFO - Setting next_dagrun for example_python_operator to None, run_after=None
[2024-12-22T02:36:14.092+0000] {processor.py:183} INFO - Processing /home/airflow/.local/lib/python3.12/site-packages/airflow/example_dags/example_python_operator.py took 0.057 seconds
[2024-12-22T02:36:44.256+0000] {processor.py:161} INFO - Started process (PID=27155) to work on /home/airflow/.local/lib/python3.12/site-packages/airflow/example_dags/example_python_operator.py
[2024-12-22T02:36:44.256+0000] {processor.py:830} INFO - Processing file /home/airflow/.local/lib/python3.12/site-packages/airflow/example_dags/example_python_operator.py for tasks to queue
[2024-12-22T02:36:44.257+0000] {logging_mixin.py:188} INFO - [2024-12-22T02:36:44.257+0000] {dagbag.py:545} INFO - Filling up the DagBag from /home/airflow/.local/lib/python3.12/site-packages/airflow/example_dags/example_python_operator.py
[2024-12-22T02:36:44.264+0000] {processor.py:840} INFO - DAG(s) 'example_python_operator' retrieved from /home/airflow/.local/lib/python3.12/site-packages/airflow/example_dags/example_python_operator.py
[2024-12-22T02:36:44.278+0000] {logging_mixin.py:188} INFO - [2024-12-22T02:36:44.278+0000] {dag.py:3089} INFO - Sync 1 DAGs
[2024-12-22T02:36:44.286+0000] {logging_mixin.py:188} INFO - [2024-12-22T02:36:44.286+0000] {dag.py:3947} INFO - Setting next_dagrun for example_python_operator to None, run_after=None
[2024-12-22T02:36:44.297+0000] {processor.py:183} INFO - Processing /home/airflow/.local/lib/python3.12/site-packages/airflow/example_dags/example_python_operator.py took 0.045 seconds
[2024-12-22T02:37:14.857+0000] {processor.py:161} INFO - Started process (PID=27432) to work on /home/airflow/.local/lib/python3.12/site-packages/airflow/example_dags/example_python_operator.py
[2024-12-22T02:37:14.857+0000] {processor.py:830} INFO - Processing file /home/airflow/.local/lib/python3.12/site-packages/airflow/example_dags/example_python_operator.py for tasks to queue
[2024-12-22T02:37:14.859+0000] {logging_mixin.py:188} INFO - [2024-12-22T02:37:14.858+0000] {dagbag.py:545} INFO - Filling up the DagBag from /home/airflow/.local/lib/python3.12/site-packages/airflow/example_dags/example_python_operator.py
[2024-12-22T02:37:14.865+0000] {processor.py:840} INFO - DAG(s) 'example_python_operator' retrieved from /home/airflow/.local/lib/python3.12/site-packages/airflow/example_dags/example_python_operator.py
[2024-12-22T02:37:14.881+0000] {logging_mixin.py:188} INFO - [2024-12-22T02:37:14.881+0000] {dag.py:3089} INFO - Sync 1 DAGs
[2024-12-22T02:37:14.888+0000] {logging_mixin.py:188} INFO - [2024-12-22T02:37:14.888+0000] {dag.py:3947} INFO - Setting next_dagrun for example_python_operator to None, run_after=None
[2024-12-22T02:37:14.899+0000] {processor.py:183} INFO - Processing /home/airflow/.local/lib/python3.12/site-packages/airflow/example_dags/example_python_operator.py took 0.047 seconds
[2024-12-22T02:37:47.558+0000] {processor.py:161} INFO - Started process (PID=27709) to work on /home/airflow/.local/lib/python3.12/site-packages/airflow/example_dags/example_python_operator.py
[2024-12-22T02:37:47.559+0000] {processor.py:830} INFO - Processing file /home/airflow/.local/lib/python3.12/site-packages/airflow/example_dags/example_python_operator.py for tasks to queue
[2024-12-22T02:37:47.560+0000] {logging_mixin.py:188} INFO - [2024-12-22T02:37:47.560+0000] {dagbag.py:545} INFO - Filling up the DagBag from /home/airflow/.local/lib/python3.12/site-packages/airflow/example_dags/example_python_operator.py
[2024-12-22T02:37:47.567+0000] {processor.py:840} INFO - DAG(s) 'example_python_operator' retrieved from /home/airflow/.local/lib/python3.12/site-packages/airflow/example_dags/example_python_operator.py
[2024-12-22T02:37:47.583+0000] {logging_mixin.py:188} INFO - [2024-12-22T02:37:47.582+0000] {dag.py:3089} INFO - Sync 1 DAGs
[2024-12-22T02:37:47.589+0000] {logging_mixin.py:188} INFO - [2024-12-22T02:37:47.589+0000] {dag.py:3947} INFO - Setting next_dagrun for example_python_operator to None, run_after=None
[2024-12-22T02:37:47.600+0000] {processor.py:183} INFO - Processing /home/airflow/.local/lib/python3.12/site-packages/airflow/example_dags/example_python_operator.py took 0.045 seconds
[2024-12-22T02:38:20.243+0000] {processor.py:161} INFO - Started process (PID=27986) to work on /home/airflow/.local/lib/python3.12/site-packages/airflow/example_dags/example_python_operator.py
[2024-12-22T02:38:20.244+0000] {processor.py:830} INFO - Processing file /home/airflow/.local/lib/python3.12/site-packages/airflow/example_dags/example_python_operator.py for tasks to queue
[2024-12-22T02:38:20.245+0000] {logging_mixin.py:188} INFO - [2024-12-22T02:38:20.245+0000] {dagbag.py:545} INFO - Filling up the DagBag from /home/airflow/.local/lib/python3.12/site-packages/airflow/example_dags/example_python_operator.py
[2024-12-22T02:38:20.254+0000] {processor.py:840} INFO - DAG(s) 'example_python_operator' retrieved from /home/airflow/.local/lib/python3.12/site-packages/airflow/example_dags/example_python_operator.py
[2024-12-22T02:38:20.269+0000] {logging_mixin.py:188} INFO - [2024-12-22T02:38:20.269+0000] {dag.py:3089} INFO - Sync 1 DAGs
[2024-12-22T02:38:20.276+0000] {logging_mixin.py:188} INFO - [2024-12-22T02:38:20.276+0000] {dag.py:3947} INFO - Setting next_dagrun for example_python_operator to None, run_after=None
[2024-12-22T02:38:20.289+0000] {processor.py:183} INFO - Processing /home/airflow/.local/lib/python3.12/site-packages/airflow/example_dags/example_python_operator.py took 0.050 seconds
[2024-12-22T02:38:51.685+0000] {processor.py:161} INFO - Started process (PID=28265) to work on /home/airflow/.local/lib/python3.12/site-packages/airflow/example_dags/example_python_operator.py
[2024-12-22T02:38:51.686+0000] {processor.py:830} INFO - Processing file /home/airflow/.local/lib/python3.12/site-packages/airflow/example_dags/example_python_operator.py for tasks to queue
[2024-12-22T02:38:51.687+0000] {logging_mixin.py:188} INFO - [2024-12-22T02:38:51.687+0000] {dagbag.py:545} INFO - Filling up the DagBag from /home/airflow/.local/lib/python3.12/site-packages/airflow/example_dags/example_python_operator.py
[2024-12-22T02:38:51.693+0000] {processor.py:840} INFO - DAG(s) 'example_python_operator' retrieved from /home/airflow/.local/lib/python3.12/site-packages/airflow/example_dags/example_python_operator.py
[2024-12-22T02:38:51.707+0000] {logging_mixin.py:188} INFO - [2024-12-22T02:38:51.707+0000] {dag.py:3089} INFO - Sync 1 DAGs
[2024-12-22T02:38:51.714+0000] {logging_mixin.py:188} INFO - [2024-12-22T02:38:51.714+0000] {dag.py:3947} INFO - Setting next_dagrun for example_python_operator to None, run_after=None
[2024-12-22T02:38:51.725+0000] {processor.py:183} INFO - Processing /home/airflow/.local/lib/python3.12/site-packages/airflow/example_dags/example_python_operator.py took 0.044 seconds
[2024-12-22T02:39:22.402+0000] {processor.py:161} INFO - Started process (PID=28540) to work on /home/airflow/.local/lib/python3.12/site-packages/airflow/example_dags/example_python_operator.py
[2024-12-22T02:39:22.403+0000] {processor.py:830} INFO - Processing file /home/airflow/.local/lib/python3.12/site-packages/airflow/example_dags/example_python_operator.py for tasks to queue
[2024-12-22T02:39:22.404+0000] {logging_mixin.py:188} INFO - [2024-12-22T02:39:22.403+0000] {dagbag.py:545} INFO - Filling up the DagBag from /home/airflow/.local/lib/python3.12/site-packages/airflow/example_dags/example_python_operator.py
[2024-12-22T02:39:22.410+0000] {processor.py:840} INFO - DAG(s) 'example_python_operator' retrieved from /home/airflow/.local/lib/python3.12/site-packages/airflow/example_dags/example_python_operator.py
[2024-12-22T02:39:22.427+0000] {logging_mixin.py:188} INFO - [2024-12-22T02:39:22.427+0000] {dag.py:3089} INFO - Sync 1 DAGs
[2024-12-22T02:39:22.434+0000] {logging_mixin.py:188} INFO - [2024-12-22T02:39:22.434+0000] {dag.py:3947} INFO - Setting next_dagrun for example_python_operator to None, run_after=None
[2024-12-22T02:39:22.448+0000] {processor.py:183} INFO - Processing /home/airflow/.local/lib/python3.12/site-packages/airflow/example_dags/example_python_operator.py took 0.049 seconds
[2024-12-22T02:39:53.130+0000] {processor.py:161} INFO - Started process (PID=28818) to work on /home/airflow/.local/lib/python3.12/site-packages/airflow/example_dags/example_python_operator.py
[2024-12-22T02:39:53.131+0000] {processor.py:830} INFO - Processing file /home/airflow/.local/lib/python3.12/site-packages/airflow/example_dags/example_python_operator.py for tasks to queue
[2024-12-22T02:39:53.132+0000] {logging_mixin.py:188} INFO - [2024-12-22T02:39:53.132+0000] {dagbag.py:545} INFO - Filling up the DagBag from /home/airflow/.local/lib/python3.12/site-packages/airflow/example_dags/example_python_operator.py
[2024-12-22T02:39:53.138+0000] {processor.py:840} INFO - DAG(s) 'example_python_operator' retrieved from /home/airflow/.local/lib/python3.12/site-packages/airflow/example_dags/example_python_operator.py
[2024-12-22T02:39:53.150+0000] {logging_mixin.py:188} INFO - [2024-12-22T02:39:53.149+0000] {dag.py:3089} INFO - Sync 1 DAGs
[2024-12-22T02:39:53.157+0000] {logging_mixin.py:188} INFO - [2024-12-22T02:39:53.156+0000] {dag.py:3947} INFO - Setting next_dagrun for example_python_operator to None, run_after=None
[2024-12-22T02:39:53.166+0000] {processor.py:183} INFO - Processing /home/airflow/.local/lib/python3.12/site-packages/airflow/example_dags/example_python_operator.py took 0.040 seconds
[2024-12-22T02:40:26.524+0000] {processor.py:161} INFO - Started process (PID=29095) to work on /home/airflow/.local/lib/python3.12/site-packages/airflow/example_dags/example_python_operator.py
[2024-12-22T02:40:26.526+0000] {processor.py:830} INFO - Processing file /home/airflow/.local/lib/python3.12/site-packages/airflow/example_dags/example_python_operator.py for tasks to queue
[2024-12-22T02:40:26.527+0000] {logging_mixin.py:188} INFO - [2024-12-22T02:40:26.527+0000] {dagbag.py:545} INFO - Filling up the DagBag from /home/airflow/.local/lib/python3.12/site-packages/airflow/example_dags/example_python_operator.py
[2024-12-22T02:40:26.534+0000] {processor.py:840} INFO - DAG(s) 'example_python_operator' retrieved from /home/airflow/.local/lib/python3.12/site-packages/airflow/example_dags/example_python_operator.py
[2024-12-22T02:40:26.549+0000] {logging_mixin.py:188} INFO - [2024-12-22T02:40:26.549+0000] {dag.py:3089} INFO - Sync 1 DAGs
[2024-12-22T02:40:26.556+0000] {logging_mixin.py:188} INFO - [2024-12-22T02:40:26.556+0000] {dag.py:3947} INFO - Setting next_dagrun for example_python_operator to None, run_after=None
[2024-12-22T02:40:26.566+0000] {processor.py:183} INFO - Processing /home/airflow/.local/lib/python3.12/site-packages/airflow/example_dags/example_python_operator.py took 0.046 seconds
[2024-12-22T02:40:58.871+0000] {processor.py:161} INFO - Started process (PID=29372) to work on /home/airflow/.local/lib/python3.12/site-packages/airflow/example_dags/example_python_operator.py
[2024-12-22T02:40:58.872+0000] {processor.py:830} INFO - Processing file /home/airflow/.local/lib/python3.12/site-packages/airflow/example_dags/example_python_operator.py for tasks to queue
[2024-12-22T02:40:58.873+0000] {logging_mixin.py:188} INFO - [2024-12-22T02:40:58.873+0000] {dagbag.py:545} INFO - Filling up the DagBag from /home/airflow/.local/lib/python3.12/site-packages/airflow/example_dags/example_python_operator.py
[2024-12-22T02:40:58.882+0000] {processor.py:840} INFO - DAG(s) 'example_python_operator' retrieved from /home/airflow/.local/lib/python3.12/site-packages/airflow/example_dags/example_python_operator.py
[2024-12-22T02:40:58.898+0000] {logging_mixin.py:188} INFO - [2024-12-22T02:40:58.897+0000] {dag.py:3089} INFO - Sync 1 DAGs
[2024-12-22T02:40:58.904+0000] {logging_mixin.py:188} INFO - [2024-12-22T02:40:58.904+0000] {dag.py:3947} INFO - Setting next_dagrun for example_python_operator to None, run_after=None
[2024-12-22T02:40:58.916+0000] {processor.py:183} INFO - Processing /home/airflow/.local/lib/python3.12/site-packages/airflow/example_dags/example_python_operator.py took 0.051 seconds
[2024-12-22T02:41:31.596+0000] {processor.py:161} INFO - Started process (PID=29651) to work on /home/airflow/.local/lib/python3.12/site-packages/airflow/example_dags/example_python_operator.py
[2024-12-22T02:41:31.597+0000] {processor.py:830} INFO - Processing file /home/airflow/.local/lib/python3.12/site-packages/airflow/example_dags/example_python_operator.py for tasks to queue
[2024-12-22T02:41:31.599+0000] {logging_mixin.py:188} INFO - [2024-12-22T02:41:31.598+0000] {dagbag.py:545} INFO - Filling up the DagBag from /home/airflow/.local/lib/python3.12/site-packages/airflow/example_dags/example_python_operator.py
[2024-12-22T02:41:31.605+0000] {processor.py:840} INFO - DAG(s) 'example_python_operator' retrieved from /home/airflow/.local/lib/python3.12/site-packages/airflow/example_dags/example_python_operator.py
[2024-12-22T02:41:31.619+0000] {logging_mixin.py:188} INFO - [2024-12-22T02:41:31.619+0000] {dag.py:3089} INFO - Sync 1 DAGs
[2024-12-22T02:41:31.626+0000] {logging_mixin.py:188} INFO - [2024-12-22T02:41:31.626+0000] {dag.py:3947} INFO - Setting next_dagrun for example_python_operator to None, run_after=None
[2024-12-22T02:41:31.637+0000] {processor.py:183} INFO - Processing /home/airflow/.local/lib/python3.12/site-packages/airflow/example_dags/example_python_operator.py took 0.045 seconds
[2024-12-22T02:42:02.674+0000] {processor.py:161} INFO - Started process (PID=29928) to work on /home/airflow/.local/lib/python3.12/site-packages/airflow/example_dags/example_python_operator.py
[2024-12-22T02:42:02.675+0000] {processor.py:830} INFO - Processing file /home/airflow/.local/lib/python3.12/site-packages/airflow/example_dags/example_python_operator.py for tasks to queue
[2024-12-22T02:42:02.676+0000] {logging_mixin.py:188} INFO - [2024-12-22T02:42:02.676+0000] {dagbag.py:545} INFO - Filling up the DagBag from /home/airflow/.local/lib/python3.12/site-packages/airflow/example_dags/example_python_operator.py
[2024-12-22T02:42:02.684+0000] {processor.py:840} INFO - DAG(s) 'example_python_operator' retrieved from /home/airflow/.local/lib/python3.12/site-packages/airflow/example_dags/example_python_operator.py
[2024-12-22T02:42:02.699+0000] {logging_mixin.py:188} INFO - [2024-12-22T02:42:02.699+0000] {dag.py:3089} INFO - Sync 1 DAGs
[2024-12-22T02:42:02.707+0000] {logging_mixin.py:188} INFO - [2024-12-22T02:42:02.707+0000] {dag.py:3947} INFO - Setting next_dagrun for example_python_operator to None, run_after=None
[2024-12-22T02:42:02.718+0000] {processor.py:183} INFO - Processing /home/airflow/.local/lib/python3.12/site-packages/airflow/example_dags/example_python_operator.py took 0.049 seconds
[2024-12-22T02:42:33.735+0000] {processor.py:161} INFO - Started process (PID=30205) to work on /home/airflow/.local/lib/python3.12/site-packages/airflow/example_dags/example_python_operator.py
[2024-12-22T02:42:33.736+0000] {processor.py:830} INFO - Processing file /home/airflow/.local/lib/python3.12/site-packages/airflow/example_dags/example_python_operator.py for tasks to queue
[2024-12-22T02:42:33.737+0000] {logging_mixin.py:188} INFO - [2024-12-22T02:42:33.737+0000] {dagbag.py:545} INFO - Filling up the DagBag from /home/airflow/.local/lib/python3.12/site-packages/airflow/example_dags/example_python_operator.py
[2024-12-22T02:42:33.745+0000] {processor.py:840} INFO - DAG(s) 'example_python_operator' retrieved from /home/airflow/.local/lib/python3.12/site-packages/airflow/example_dags/example_python_operator.py
[2024-12-22T02:42:33.761+0000] {logging_mixin.py:188} INFO - [2024-12-22T02:42:33.761+0000] {dag.py:3089} INFO - Sync 1 DAGs
[2024-12-22T02:42:33.768+0000] {logging_mixin.py:188} INFO - [2024-12-22T02:42:33.768+0000] {dag.py:3947} INFO - Setting next_dagrun for example_python_operator to None, run_after=None
[2024-12-22T02:42:33.781+0000] {processor.py:183} INFO - Processing /home/airflow/.local/lib/python3.12/site-packages/airflow/example_dags/example_python_operator.py took 0.051 seconds
[2024-12-22T02:43:06.145+0000] {processor.py:161} INFO - Started process (PID=30480) to work on /home/airflow/.local/lib/python3.12/site-packages/airflow/example_dags/example_python_operator.py
[2024-12-22T02:43:06.146+0000] {processor.py:830} INFO - Processing file /home/airflow/.local/lib/python3.12/site-packages/airflow/example_dags/example_python_operator.py for tasks to queue
[2024-12-22T02:43:06.148+0000] {logging_mixin.py:188} INFO - [2024-12-22T02:43:06.147+0000] {dagbag.py:545} INFO - Filling up the DagBag from /home/airflow/.local/lib/python3.12/site-packages/airflow/example_dags/example_python_operator.py
[2024-12-22T02:43:06.154+0000] {processor.py:840} INFO - DAG(s) 'example_python_operator' retrieved from /home/airflow/.local/lib/python3.12/site-packages/airflow/example_dags/example_python_operator.py
[2024-12-22T02:43:06.169+0000] {logging_mixin.py:188} INFO - [2024-12-22T02:43:06.169+0000] {dag.py:3089} INFO - Sync 1 DAGs
[2024-12-22T02:43:06.177+0000] {logging_mixin.py:188} INFO - [2024-12-22T02:43:06.177+0000] {dag.py:3947} INFO - Setting next_dagrun for example_python_operator to None, run_after=None
[2024-12-22T02:43:06.189+0000] {processor.py:183} INFO - Processing /home/airflow/.local/lib/python3.12/site-packages/airflow/example_dags/example_python_operator.py took 0.048 seconds
[2024-12-22T02:43:38.614+0000] {processor.py:161} INFO - Started process (PID=30757) to work on /home/airflow/.local/lib/python3.12/site-packages/airflow/example_dags/example_python_operator.py
[2024-12-22T02:43:38.615+0000] {processor.py:830} INFO - Processing file /home/airflow/.local/lib/python3.12/site-packages/airflow/example_dags/example_python_operator.py for tasks to queue
[2024-12-22T02:43:38.616+0000] {logging_mixin.py:188} INFO - [2024-12-22T02:43:38.616+0000] {dagbag.py:545} INFO - Filling up the DagBag from /home/airflow/.local/lib/python3.12/site-packages/airflow/example_dags/example_python_operator.py
[2024-12-22T02:43:38.623+0000] {processor.py:840} INFO - DAG(s) 'example_python_operator' retrieved from /home/airflow/.local/lib/python3.12/site-packages/airflow/example_dags/example_python_operator.py
[2024-12-22T02:43:38.637+0000] {logging_mixin.py:188} INFO - [2024-12-22T02:43:38.637+0000] {dag.py:3089} INFO - Sync 1 DAGs
[2024-12-22T02:43:38.644+0000] {logging_mixin.py:188} INFO - [2024-12-22T02:43:38.644+0000] {dag.py:3947} INFO - Setting next_dagrun for example_python_operator to None, run_after=None
[2024-12-22T02:43:38.654+0000] {processor.py:183} INFO - Processing /home/airflow/.local/lib/python3.12/site-packages/airflow/example_dags/example_python_operator.py took 0.044 seconds
[2024-12-22T02:44:11.149+0000] {processor.py:161} INFO - Started process (PID=31036) to work on /home/airflow/.local/lib/python3.12/site-packages/airflow/example_dags/example_python_operator.py
[2024-12-22T02:44:11.150+0000] {processor.py:830} INFO - Processing file /home/airflow/.local/lib/python3.12/site-packages/airflow/example_dags/example_python_operator.py for tasks to queue
[2024-12-22T02:44:11.151+0000] {logging_mixin.py:188} INFO - [2024-12-22T02:44:11.151+0000] {dagbag.py:545} INFO - Filling up the DagBag from /home/airflow/.local/lib/python3.12/site-packages/airflow/example_dags/example_python_operator.py
[2024-12-22T02:44:11.159+0000] {processor.py:840} INFO - DAG(s) 'example_python_operator' retrieved from /home/airflow/.local/lib/python3.12/site-packages/airflow/example_dags/example_python_operator.py
[2024-12-22T02:44:11.176+0000] {logging_mixin.py:188} INFO - [2024-12-22T02:44:11.176+0000] {dag.py:3089} INFO - Sync 1 DAGs
[2024-12-22T02:44:11.183+0000] {logging_mixin.py:188} INFO - [2024-12-22T02:44:11.183+0000] {dag.py:3947} INFO - Setting next_dagrun for example_python_operator to None, run_after=None
[2024-12-22T02:44:11.195+0000] {processor.py:183} INFO - Processing /home/airflow/.local/lib/python3.12/site-packages/airflow/example_dags/example_python_operator.py took 0.050 seconds
[2024-12-22T02:44:43.806+0000] {processor.py:161} INFO - Started process (PID=31313) to work on /home/airflow/.local/lib/python3.12/site-packages/airflow/example_dags/example_python_operator.py
[2024-12-22T02:44:43.807+0000] {processor.py:830} INFO - Processing file /home/airflow/.local/lib/python3.12/site-packages/airflow/example_dags/example_python_operator.py for tasks to queue
[2024-12-22T02:44:43.808+0000] {logging_mixin.py:188} INFO - [2024-12-22T02:44:43.808+0000] {dagbag.py:545} INFO - Filling up the DagBag from /home/airflow/.local/lib/python3.12/site-packages/airflow/example_dags/example_python_operator.py
[2024-12-22T02:44:43.814+0000] {processor.py:840} INFO - DAG(s) 'example_python_operator' retrieved from /home/airflow/.local/lib/python3.12/site-packages/airflow/example_dags/example_python_operator.py
[2024-12-22T02:44:43.829+0000] {logging_mixin.py:188} INFO - [2024-12-22T02:44:43.829+0000] {dag.py:3089} INFO - Sync 1 DAGs
[2024-12-22T02:44:43.836+0000] {logging_mixin.py:188} INFO - [2024-12-22T02:44:43.836+0000] {dag.py:3947} INFO - Setting next_dagrun for example_python_operator to None, run_after=None
[2024-12-22T02:44:43.847+0000] {processor.py:183} INFO - Processing /home/airflow/.local/lib/python3.12/site-packages/airflow/example_dags/example_python_operator.py took 0.046 seconds
[2024-12-22T02:45:15.099+0000] {processor.py:161} INFO - Started process (PID=31590) to work on /home/airflow/.local/lib/python3.12/site-packages/airflow/example_dags/example_python_operator.py
[2024-12-22T02:45:15.100+0000] {processor.py:830} INFO - Processing file /home/airflow/.local/lib/python3.12/site-packages/airflow/example_dags/example_python_operator.py for tasks to queue
[2024-12-22T02:45:15.101+0000] {logging_mixin.py:188} INFO - [2024-12-22T02:45:15.101+0000] {dagbag.py:545} INFO - Filling up the DagBag from /home/airflow/.local/lib/python3.12/site-packages/airflow/example_dags/example_python_operator.py
[2024-12-22T02:45:15.111+0000] {processor.py:840} INFO - DAG(s) 'example_python_operator' retrieved from /home/airflow/.local/lib/python3.12/site-packages/airflow/example_dags/example_python_operator.py
[2024-12-22T02:45:15.128+0000] {logging_mixin.py:188} INFO - [2024-12-22T02:45:15.128+0000] {dag.py:3089} INFO - Sync 1 DAGs
[2024-12-22T02:45:15.136+0000] {logging_mixin.py:188} INFO - [2024-12-22T02:45:15.136+0000] {dag.py:3947} INFO - Setting next_dagrun for example_python_operator to None, run_after=None
[2024-12-22T02:45:15.153+0000] {processor.py:183} INFO - Processing /home/airflow/.local/lib/python3.12/site-packages/airflow/example_dags/example_python_operator.py took 0.060 seconds
[2024-12-22T02:45:46.142+0000] {processor.py:161} INFO - Started process (PID=31865) to work on /home/airflow/.local/lib/python3.12/site-packages/airflow/example_dags/example_python_operator.py
[2024-12-22T02:45:46.143+0000] {processor.py:830} INFO - Processing file /home/airflow/.local/lib/python3.12/site-packages/airflow/example_dags/example_python_operator.py for tasks to queue
[2024-12-22T02:45:46.144+0000] {logging_mixin.py:188} INFO - [2024-12-22T02:45:46.144+0000] {dagbag.py:545} INFO - Filling up the DagBag from /home/airflow/.local/lib/python3.12/site-packages/airflow/example_dags/example_python_operator.py
[2024-12-22T02:45:46.151+0000] {processor.py:840} INFO - DAG(s) 'example_python_operator' retrieved from /home/airflow/.local/lib/python3.12/site-packages/airflow/example_dags/example_python_operator.py
[2024-12-22T02:45:46.165+0000] {logging_mixin.py:188} INFO - [2024-12-22T02:45:46.165+0000] {dag.py:3089} INFO - Sync 1 DAGs
[2024-12-22T02:45:46.173+0000] {logging_mixin.py:188} INFO - [2024-12-22T02:45:46.172+0000] {dag.py:3947} INFO - Setting next_dagrun for example_python_operator to None, run_after=None
[2024-12-22T02:45:46.185+0000] {processor.py:183} INFO - Processing /home/airflow/.local/lib/python3.12/site-packages/airflow/example_dags/example_python_operator.py took 0.048 seconds
[2024-12-22T02:46:17.364+0000] {processor.py:161} INFO - Started process (PID=32142) to work on /home/airflow/.local/lib/python3.12/site-packages/airflow/example_dags/example_python_operator.py
[2024-12-22T02:46:17.365+0000] {processor.py:830} INFO - Processing file /home/airflow/.local/lib/python3.12/site-packages/airflow/example_dags/example_python_operator.py for tasks to queue
[2024-12-22T02:46:17.366+0000] {logging_mixin.py:188} INFO - [2024-12-22T02:46:17.366+0000] {dagbag.py:545} INFO - Filling up the DagBag from /home/airflow/.local/lib/python3.12/site-packages/airflow/example_dags/example_python_operator.py
[2024-12-22T02:46:17.380+0000] {processor.py:840} INFO - DAG(s) 'example_python_operator' retrieved from /home/airflow/.local/lib/python3.12/site-packages/airflow/example_dags/example_python_operator.py
[2024-12-22T02:46:17.407+0000] {logging_mixin.py:188} INFO - [2024-12-22T02:46:17.407+0000] {dag.py:3089} INFO - Sync 1 DAGs
[2024-12-22T02:46:17.443+0000] {logging_mixin.py:188} INFO - [2024-12-22T02:46:17.443+0000] {dag.py:3947} INFO - Setting next_dagrun for example_python_operator to None, run_after=None
[2024-12-22T02:46:17.474+0000] {processor.py:183} INFO - Processing /home/airflow/.local/lib/python3.12/site-packages/airflow/example_dags/example_python_operator.py took 0.117 seconds
[2024-12-22T02:46:47.981+0000] {processor.py:161} INFO - Started process (PID=32420) to work on /home/airflow/.local/lib/python3.12/site-packages/airflow/example_dags/example_python_operator.py
[2024-12-22T02:46:47.983+0000] {processor.py:830} INFO - Processing file /home/airflow/.local/lib/python3.12/site-packages/airflow/example_dags/example_python_operator.py for tasks to queue
[2024-12-22T02:46:47.984+0000] {logging_mixin.py:188} INFO - [2024-12-22T02:46:47.984+0000] {dagbag.py:545} INFO - Filling up the DagBag from /home/airflow/.local/lib/python3.12/site-packages/airflow/example_dags/example_python_operator.py
[2024-12-22T02:46:47.990+0000] {processor.py:840} INFO - DAG(s) 'example_python_operator' retrieved from /home/airflow/.local/lib/python3.12/site-packages/airflow/example_dags/example_python_operator.py
[2024-12-22T02:46:48.006+0000] {logging_mixin.py:188} INFO - [2024-12-22T02:46:48.006+0000] {dag.py:3089} INFO - Sync 1 DAGs
[2024-12-22T02:46:48.013+0000] {logging_mixin.py:188} INFO - [2024-12-22T02:46:48.013+0000] {dag.py:3947} INFO - Setting next_dagrun for example_python_operator to None, run_after=None
[2024-12-22T02:46:48.025+0000] {processor.py:183} INFO - Processing /home/airflow/.local/lib/python3.12/site-packages/airflow/example_dags/example_python_operator.py took 0.048 seconds
[2024-12-22T02:47:20.341+0000] {processor.py:161} INFO - Started process (PID=32697) to work on /home/airflow/.local/lib/python3.12/site-packages/airflow/example_dags/example_python_operator.py
[2024-12-22T02:47:20.342+0000] {processor.py:830} INFO - Processing file /home/airflow/.local/lib/python3.12/site-packages/airflow/example_dags/example_python_operator.py for tasks to queue
[2024-12-22T02:47:20.343+0000] {logging_mixin.py:188} INFO - [2024-12-22T02:47:20.343+0000] {dagbag.py:545} INFO - Filling up the DagBag from /home/airflow/.local/lib/python3.12/site-packages/airflow/example_dags/example_python_operator.py
[2024-12-22T02:47:20.351+0000] {processor.py:840} INFO - DAG(s) 'example_python_operator' retrieved from /home/airflow/.local/lib/python3.12/site-packages/airflow/example_dags/example_python_operator.py
[2024-12-22T02:47:20.369+0000] {logging_mixin.py:188} INFO - [2024-12-22T02:47:20.369+0000] {dag.py:3089} INFO - Sync 1 DAGs
[2024-12-22T02:47:20.376+0000] {logging_mixin.py:188} INFO - [2024-12-22T02:47:20.375+0000] {dag.py:3947} INFO - Setting next_dagrun for example_python_operator to None, run_after=None
[2024-12-22T02:47:20.388+0000] {processor.py:183} INFO - Processing /home/airflow/.local/lib/python3.12/site-packages/airflow/example_dags/example_python_operator.py took 0.051 seconds
[2024-12-22T02:47:52.847+0000] {processor.py:161} INFO - Started process (PID=32974) to work on /home/airflow/.local/lib/python3.12/site-packages/airflow/example_dags/example_python_operator.py
[2024-12-22T02:47:52.848+0000] {processor.py:830} INFO - Processing file /home/airflow/.local/lib/python3.12/site-packages/airflow/example_dags/example_python_operator.py for tasks to queue
[2024-12-22T02:47:52.850+0000] {logging_mixin.py:188} INFO - [2024-12-22T02:47:52.850+0000] {dagbag.py:545} INFO - Filling up the DagBag from /home/airflow/.local/lib/python3.12/site-packages/airflow/example_dags/example_python_operator.py
[2024-12-22T02:47:52.856+0000] {processor.py:840} INFO - DAG(s) 'example_python_operator' retrieved from /home/airflow/.local/lib/python3.12/site-packages/airflow/example_dags/example_python_operator.py
[2024-12-22T02:47:52.873+0000] {logging_mixin.py:188} INFO - [2024-12-22T02:47:52.873+0000] {dag.py:3089} INFO - Sync 1 DAGs
[2024-12-22T02:47:52.891+0000] {logging_mixin.py:188} INFO - [2024-12-22T02:47:52.890+0000] {dag.py:3947} INFO - Setting next_dagrun for example_python_operator to None, run_after=None
[2024-12-22T02:47:52.903+0000] {processor.py:183} INFO - Processing /home/airflow/.local/lib/python3.12/site-packages/airflow/example_dags/example_python_operator.py took 0.060 seconds
[2024-12-22T02:48:25.717+0000] {processor.py:161} INFO - Started process (PID=33249) to work on /home/airflow/.local/lib/python3.12/site-packages/airflow/example_dags/example_python_operator.py
[2024-12-22T02:48:25.718+0000] {processor.py:830} INFO - Processing file /home/airflow/.local/lib/python3.12/site-packages/airflow/example_dags/example_python_operator.py for tasks to queue
[2024-12-22T02:48:25.719+0000] {logging_mixin.py:188} INFO - [2024-12-22T02:48:25.719+0000] {dagbag.py:545} INFO - Filling up the DagBag from /home/airflow/.local/lib/python3.12/site-packages/airflow/example_dags/example_python_operator.py
[2024-12-22T02:48:25.725+0000] {processor.py:840} INFO - DAG(s) 'example_python_operator' retrieved from /home/airflow/.local/lib/python3.12/site-packages/airflow/example_dags/example_python_operator.py
[2024-12-22T02:48:25.740+0000] {logging_mixin.py:188} INFO - [2024-12-22T02:48:25.740+0000] {dag.py:3089} INFO - Sync 1 DAGs
[2024-12-22T02:48:25.749+0000] {logging_mixin.py:188} INFO - [2024-12-22T02:48:25.748+0000] {dag.py:3947} INFO - Setting next_dagrun for example_python_operator to None, run_after=None
[2024-12-22T02:48:25.761+0000] {processor.py:183} INFO - Processing /home/airflow/.local/lib/python3.12/site-packages/airflow/example_dags/example_python_operator.py took 0.048 seconds
[2024-12-22T02:48:58.384+0000] {processor.py:161} INFO - Started process (PID=33526) to work on /home/airflow/.local/lib/python3.12/site-packages/airflow/example_dags/example_python_operator.py
[2024-12-22T02:48:58.385+0000] {processor.py:830} INFO - Processing file /home/airflow/.local/lib/python3.12/site-packages/airflow/example_dags/example_python_operator.py for tasks to queue
[2024-12-22T02:48:58.387+0000] {logging_mixin.py:188} INFO - [2024-12-22T02:48:58.386+0000] {dagbag.py:545} INFO - Filling up the DagBag from /home/airflow/.local/lib/python3.12/site-packages/airflow/example_dags/example_python_operator.py
[2024-12-22T02:48:58.393+0000] {processor.py:840} INFO - DAG(s) 'example_python_operator' retrieved from /home/airflow/.local/lib/python3.12/site-packages/airflow/example_dags/example_python_operator.py
[2024-12-22T02:48:58.409+0000] {logging_mixin.py:188} INFO - [2024-12-22T02:48:58.409+0000] {dag.py:3089} INFO - Sync 1 DAGs
[2024-12-22T02:48:58.418+0000] {logging_mixin.py:188} INFO - [2024-12-22T02:48:58.418+0000] {dag.py:3947} INFO - Setting next_dagrun for example_python_operator to None, run_after=None
[2024-12-22T02:48:58.431+0000] {processor.py:183} INFO - Processing /home/airflow/.local/lib/python3.12/site-packages/airflow/example_dags/example_python_operator.py took 0.052 seconds
[2024-12-22T02:49:29.713+0000] {processor.py:161} INFO - Started process (PID=33803) to work on /home/airflow/.local/lib/python3.12/site-packages/airflow/example_dags/example_python_operator.py
[2024-12-22T02:49:29.714+0000] {processor.py:830} INFO - Processing file /home/airflow/.local/lib/python3.12/site-packages/airflow/example_dags/example_python_operator.py for tasks to queue
[2024-12-22T02:49:29.715+0000] {logging_mixin.py:188} INFO - [2024-12-22T02:49:29.715+0000] {dagbag.py:545} INFO - Filling up the DagBag from /home/airflow/.local/lib/python3.12/site-packages/airflow/example_dags/example_python_operator.py
[2024-12-22T02:49:29.723+0000] {processor.py:840} INFO - DAG(s) 'example_python_operator' retrieved from /home/airflow/.local/lib/python3.12/site-packages/airflow/example_dags/example_python_operator.py
[2024-12-22T02:49:29.742+0000] {logging_mixin.py:188} INFO - [2024-12-22T02:49:29.742+0000] {dag.py:3089} INFO - Sync 1 DAGs
[2024-12-22T02:49:29.751+0000] {logging_mixin.py:188} INFO - [2024-12-22T02:49:29.751+0000] {dag.py:3947} INFO - Setting next_dagrun for example_python_operator to None, run_after=None
[2024-12-22T02:49:29.766+0000] {processor.py:183} INFO - Processing /home/airflow/.local/lib/python3.12/site-packages/airflow/example_dags/example_python_operator.py took 0.059 seconds
[2024-12-22T02:50:00.652+0000] {processor.py:161} INFO - Started process (PID=34079) to work on /home/airflow/.local/lib/python3.12/site-packages/airflow/example_dags/example_python_operator.py
[2024-12-22T02:50:00.653+0000] {processor.py:830} INFO - Processing file /home/airflow/.local/lib/python3.12/site-packages/airflow/example_dags/example_python_operator.py for tasks to queue
[2024-12-22T02:50:00.654+0000] {logging_mixin.py:188} INFO - [2024-12-22T02:50:00.654+0000] {dagbag.py:545} INFO - Filling up the DagBag from /home/airflow/.local/lib/python3.12/site-packages/airflow/example_dags/example_python_operator.py
[2024-12-22T02:50:00.662+0000] {processor.py:840} INFO - DAG(s) 'example_python_operator' retrieved from /home/airflow/.local/lib/python3.12/site-packages/airflow/example_dags/example_python_operator.py
[2024-12-22T02:50:00.679+0000] {logging_mixin.py:188} INFO - [2024-12-22T02:50:00.679+0000] {dag.py:3089} INFO - Sync 1 DAGs
[2024-12-22T02:50:00.686+0000] {logging_mixin.py:188} INFO - [2024-12-22T02:50:00.686+0000] {dag.py:3947} INFO - Setting next_dagrun for example_python_operator to None, run_after=None
[2024-12-22T02:50:00.701+0000] {processor.py:183} INFO - Processing /home/airflow/.local/lib/python3.12/site-packages/airflow/example_dags/example_python_operator.py took 0.054 seconds
[2024-12-22T02:50:30.787+0000] {processor.py:161} INFO - Started process (PID=34352) to work on /home/airflow/.local/lib/python3.12/site-packages/airflow/example_dags/example_python_operator.py
[2024-12-22T02:50:30.787+0000] {processor.py:830} INFO - Processing file /home/airflow/.local/lib/python3.12/site-packages/airflow/example_dags/example_python_operator.py for tasks to queue
[2024-12-22T02:50:30.789+0000] {logging_mixin.py:188} INFO - [2024-12-22T02:50:30.789+0000] {dagbag.py:545} INFO - Filling up the DagBag from /home/airflow/.local/lib/python3.12/site-packages/airflow/example_dags/example_python_operator.py
[2024-12-22T02:50:30.797+0000] {processor.py:840} INFO - DAG(s) 'example_python_operator' retrieved from /home/airflow/.local/lib/python3.12/site-packages/airflow/example_dags/example_python_operator.py
[2024-12-22T02:50:30.812+0000] {logging_mixin.py:188} INFO - [2024-12-22T02:50:30.812+0000] {dag.py:3089} INFO - Sync 1 DAGs
[2024-12-22T02:50:30.819+0000] {logging_mixin.py:188} INFO - [2024-12-22T02:50:30.819+0000] {dag.py:3947} INFO - Setting next_dagrun for example_python_operator to None, run_after=None
[2024-12-22T02:50:30.831+0000] {processor.py:183} INFO - Processing /home/airflow/.local/lib/python3.12/site-packages/airflow/example_dags/example_python_operator.py took 0.048 seconds
[2024-12-22T02:51:01.652+0000] {processor.py:161} INFO - Started process (PID=34634) to work on /home/airflow/.local/lib/python3.12/site-packages/airflow/example_dags/example_python_operator.py
[2024-12-22T02:51:01.652+0000] {processor.py:830} INFO - Processing file /home/airflow/.local/lib/python3.12/site-packages/airflow/example_dags/example_python_operator.py for tasks to queue
[2024-12-22T02:51:01.653+0000] {logging_mixin.py:188} INFO - [2024-12-22T02:51:01.653+0000] {dagbag.py:545} INFO - Filling up the DagBag from /home/airflow/.local/lib/python3.12/site-packages/airflow/example_dags/example_python_operator.py
[2024-12-22T02:51:01.662+0000] {processor.py:840} INFO - DAG(s) 'example_python_operator' retrieved from /home/airflow/.local/lib/python3.12/site-packages/airflow/example_dags/example_python_operator.py
[2024-12-22T02:51:01.680+0000] {logging_mixin.py:188} INFO - [2024-12-22T02:51:01.680+0000] {dag.py:3089} INFO - Sync 1 DAGs
[2024-12-22T02:51:01.689+0000] {logging_mixin.py:188} INFO - [2024-12-22T02:51:01.689+0000] {dag.py:3947} INFO - Setting next_dagrun for example_python_operator to None, run_after=None
[2024-12-22T02:51:01.702+0000] {processor.py:183} INFO - Processing /home/airflow/.local/lib/python3.12/site-packages/airflow/example_dags/example_python_operator.py took 0.055 seconds
[2024-12-22T02:51:34.517+0000] {processor.py:161} INFO - Started process (PID=34911) to work on /home/airflow/.local/lib/python3.12/site-packages/airflow/example_dags/example_python_operator.py
[2024-12-22T02:51:34.518+0000] {processor.py:830} INFO - Processing file /home/airflow/.local/lib/python3.12/site-packages/airflow/example_dags/example_python_operator.py for tasks to queue
[2024-12-22T02:51:34.519+0000] {logging_mixin.py:188} INFO - [2024-12-22T02:51:34.519+0000] {dagbag.py:545} INFO - Filling up the DagBag from /home/airflow/.local/lib/python3.12/site-packages/airflow/example_dags/example_python_operator.py
[2024-12-22T02:51:34.526+0000] {processor.py:840} INFO - DAG(s) 'example_python_operator' retrieved from /home/airflow/.local/lib/python3.12/site-packages/airflow/example_dags/example_python_operator.py
[2024-12-22T02:51:34.545+0000] {logging_mixin.py:188} INFO - [2024-12-22T02:51:34.545+0000] {dag.py:3089} INFO - Sync 1 DAGs
[2024-12-22T02:51:34.554+0000] {logging_mixin.py:188} INFO - [2024-12-22T02:51:34.554+0000] {dag.py:3947} INFO - Setting next_dagrun for example_python_operator to None, run_after=None
[2024-12-22T02:51:34.573+0000] {processor.py:183} INFO - Processing /home/airflow/.local/lib/python3.12/site-packages/airflow/example_dags/example_python_operator.py took 0.060 seconds
[2024-12-22T02:52:07.720+0000] {processor.py:161} INFO - Started process (PID=35188) to work on /home/airflow/.local/lib/python3.12/site-packages/airflow/example_dags/example_python_operator.py
[2024-12-22T02:52:07.722+0000] {processor.py:830} INFO - Processing file /home/airflow/.local/lib/python3.12/site-packages/airflow/example_dags/example_python_operator.py for tasks to queue
[2024-12-22T02:52:07.727+0000] {logging_mixin.py:188} INFO - [2024-12-22T02:52:07.727+0000] {dagbag.py:545} INFO - Filling up the DagBag from /home/airflow/.local/lib/python3.12/site-packages/airflow/example_dags/example_python_operator.py
[2024-12-22T02:52:07.735+0000] {processor.py:840} INFO - DAG(s) 'example_python_operator' retrieved from /home/airflow/.local/lib/python3.12/site-packages/airflow/example_dags/example_python_operator.py
[2024-12-22T02:52:07.752+0000] {logging_mixin.py:188} INFO - [2024-12-22T02:52:07.752+0000] {dag.py:3089} INFO - Sync 1 DAGs
[2024-12-22T02:52:07.760+0000] {logging_mixin.py:188} INFO - [2024-12-22T02:52:07.760+0000] {dag.py:3947} INFO - Setting next_dagrun for example_python_operator to None, run_after=None
[2024-12-22T02:52:07.771+0000] {processor.py:183} INFO - Processing /home/airflow/.local/lib/python3.12/site-packages/airflow/example_dags/example_python_operator.py took 0.056 seconds
[2024-12-22T02:52:40.919+0000] {processor.py:161} INFO - Started process (PID=35465) to work on /home/airflow/.local/lib/python3.12/site-packages/airflow/example_dags/example_python_operator.py
[2024-12-22T02:52:40.920+0000] {processor.py:830} INFO - Processing file /home/airflow/.local/lib/python3.12/site-packages/airflow/example_dags/example_python_operator.py for tasks to queue
[2024-12-22T02:52:40.921+0000] {logging_mixin.py:188} INFO - [2024-12-22T02:52:40.921+0000] {dagbag.py:545} INFO - Filling up the DagBag from /home/airflow/.local/lib/python3.12/site-packages/airflow/example_dags/example_python_operator.py
[2024-12-22T02:52:40.928+0000] {processor.py:840} INFO - DAG(s) 'example_python_operator' retrieved from /home/airflow/.local/lib/python3.12/site-packages/airflow/example_dags/example_python_operator.py
[2024-12-22T02:52:40.944+0000] {logging_mixin.py:188} INFO - [2024-12-22T02:52:40.944+0000] {dag.py:3089} INFO - Sync 1 DAGs
[2024-12-22T02:52:40.953+0000] {logging_mixin.py:188} INFO - [2024-12-22T02:52:40.953+0000] {dag.py:3947} INFO - Setting next_dagrun for example_python_operator to None, run_after=None
[2024-12-22T02:52:40.968+0000] {processor.py:183} INFO - Processing /home/airflow/.local/lib/python3.12/site-packages/airflow/example_dags/example_python_operator.py took 0.053 seconds
[2024-12-22T02:53:11.651+0000] {processor.py:161} INFO - Started process (PID=35744) to work on /home/airflow/.local/lib/python3.12/site-packages/airflow/example_dags/example_python_operator.py
[2024-12-22T02:53:11.653+0000] {processor.py:830} INFO - Processing file /home/airflow/.local/lib/python3.12/site-packages/airflow/example_dags/example_python_operator.py for tasks to queue
[2024-12-22T02:53:11.655+0000] {logging_mixin.py:188} INFO - [2024-12-22T02:53:11.655+0000] {dagbag.py:545} INFO - Filling up the DagBag from /home/airflow/.local/lib/python3.12/site-packages/airflow/example_dags/example_python_operator.py
[2024-12-22T02:53:11.666+0000] {processor.py:840} INFO - DAG(s) 'example_python_operator' retrieved from /home/airflow/.local/lib/python3.12/site-packages/airflow/example_dags/example_python_operator.py
[2024-12-22T02:53:11.687+0000] {logging_mixin.py:188} INFO - [2024-12-22T02:53:11.687+0000] {dag.py:3089} INFO - Sync 1 DAGs
[2024-12-22T02:53:11.696+0000] {logging_mixin.py:188} INFO - [2024-12-22T02:53:11.696+0000] {dag.py:3947} INFO - Setting next_dagrun for example_python_operator to None, run_after=None
[2024-12-22T02:53:11.708+0000] {processor.py:183} INFO - Processing /home/airflow/.local/lib/python3.12/site-packages/airflow/example_dags/example_python_operator.py took 0.063 seconds
[2024-12-22T02:53:41.755+0000] {processor.py:161} INFO - Started process (PID=36019) to work on /home/airflow/.local/lib/python3.12/site-packages/airflow/example_dags/example_python_operator.py
[2024-12-22T02:53:41.756+0000] {processor.py:830} INFO - Processing file /home/airflow/.local/lib/python3.12/site-packages/airflow/example_dags/example_python_operator.py for tasks to queue
[2024-12-22T02:53:41.757+0000] {logging_mixin.py:188} INFO - [2024-12-22T02:53:41.757+0000] {dagbag.py:545} INFO - Filling up the DagBag from /home/airflow/.local/lib/python3.12/site-packages/airflow/example_dags/example_python_operator.py
[2024-12-22T02:53:41.770+0000] {processor.py:840} INFO - DAG(s) 'example_python_operator' retrieved from /home/airflow/.local/lib/python3.12/site-packages/airflow/example_dags/example_python_operator.py
[2024-12-22T02:53:41.794+0000] {logging_mixin.py:188} INFO - [2024-12-22T02:53:41.793+0000] {dag.py:3089} INFO - Sync 1 DAGs
[2024-12-22T02:53:41.803+0000] {logging_mixin.py:188} INFO - [2024-12-22T02:53:41.802+0000] {dag.py:3947} INFO - Setting next_dagrun for example_python_operator to None, run_after=None
[2024-12-22T02:53:41.820+0000] {processor.py:183} INFO - Processing /home/airflow/.local/lib/python3.12/site-packages/airflow/example_dags/example_python_operator.py took 0.069 seconds
[2024-12-22T02:54:13.005+0000] {processor.py:161} INFO - Started process (PID=36296) to work on /home/airflow/.local/lib/python3.12/site-packages/airflow/example_dags/example_python_operator.py
[2024-12-22T02:54:13.006+0000] {processor.py:830} INFO - Processing file /home/airflow/.local/lib/python3.12/site-packages/airflow/example_dags/example_python_operator.py for tasks to queue
[2024-12-22T02:54:13.007+0000] {logging_mixin.py:188} INFO - [2024-12-22T02:54:13.007+0000] {dagbag.py:545} INFO - Filling up the DagBag from /home/airflow/.local/lib/python3.12/site-packages/airflow/example_dags/example_python_operator.py
[2024-12-22T02:54:13.015+0000] {processor.py:840} INFO - DAG(s) 'example_python_operator' retrieved from /home/airflow/.local/lib/python3.12/site-packages/airflow/example_dags/example_python_operator.py
[2024-12-22T02:54:13.031+0000] {logging_mixin.py:188} INFO - [2024-12-22T02:54:13.031+0000] {dag.py:3089} INFO - Sync 1 DAGs
[2024-12-22T02:54:13.038+0000] {logging_mixin.py:188} INFO - [2024-12-22T02:54:13.038+0000] {dag.py:3947} INFO - Setting next_dagrun for example_python_operator to None, run_after=None
[2024-12-22T02:54:13.052+0000] {processor.py:183} INFO - Processing /home/airflow/.local/lib/python3.12/site-packages/airflow/example_dags/example_python_operator.py took 0.052 seconds
[2024-12-22T02:54:44.486+0000] {processor.py:161} INFO - Started process (PID=36575) to work on /home/airflow/.local/lib/python3.12/site-packages/airflow/example_dags/example_python_operator.py
[2024-12-22T02:54:44.487+0000] {processor.py:830} INFO - Processing file /home/airflow/.local/lib/python3.12/site-packages/airflow/example_dags/example_python_operator.py for tasks to queue
[2024-12-22T02:54:44.488+0000] {logging_mixin.py:188} INFO - [2024-12-22T02:54:44.488+0000] {dagbag.py:545} INFO - Filling up the DagBag from /home/airflow/.local/lib/python3.12/site-packages/airflow/example_dags/example_python_operator.py
[2024-12-22T02:54:44.495+0000] {processor.py:840} INFO - DAG(s) 'example_python_operator' retrieved from /home/airflow/.local/lib/python3.12/site-packages/airflow/example_dags/example_python_operator.py
[2024-12-22T02:54:44.510+0000] {logging_mixin.py:188} INFO - [2024-12-22T02:54:44.510+0000] {dag.py:3089} INFO - Sync 1 DAGs
[2024-12-22T02:54:44.518+0000] {logging_mixin.py:188} INFO - [2024-12-22T02:54:44.518+0000] {dag.py:3947} INFO - Setting next_dagrun for example_python_operator to None, run_after=None
[2024-12-22T02:54:44.531+0000] {processor.py:183} INFO - Processing /home/airflow/.local/lib/python3.12/site-packages/airflow/example_dags/example_python_operator.py took 0.049 seconds
[2024-12-22T02:55:16.899+0000] {processor.py:161} INFO - Started process (PID=36850) to work on /home/airflow/.local/lib/python3.12/site-packages/airflow/example_dags/example_python_operator.py
[2024-12-22T02:55:16.900+0000] {processor.py:830} INFO - Processing file /home/airflow/.local/lib/python3.12/site-packages/airflow/example_dags/example_python_operator.py for tasks to queue
[2024-12-22T02:55:16.901+0000] {logging_mixin.py:188} INFO - [2024-12-22T02:55:16.901+0000] {dagbag.py:545} INFO - Filling up the DagBag from /home/airflow/.local/lib/python3.12/site-packages/airflow/example_dags/example_python_operator.py
[2024-12-22T02:55:16.919+0000] {processor.py:840} INFO - DAG(s) 'example_python_operator' retrieved from /home/airflow/.local/lib/python3.12/site-packages/airflow/example_dags/example_python_operator.py
[2024-12-22T02:55:16.934+0000] {logging_mixin.py:188} INFO - [2024-12-22T02:55:16.934+0000] {dag.py:3089} INFO - Sync 1 DAGs
[2024-12-22T02:55:17.045+0000] {logging_mixin.py:188} INFO - [2024-12-22T02:55:17.045+0000] {dag.py:3947} INFO - Setting next_dagrun for example_python_operator to None, run_after=None
[2024-12-22T02:55:17.058+0000] {processor.py:183} INFO - Processing /home/airflow/.local/lib/python3.12/site-packages/airflow/example_dags/example_python_operator.py took 0.164 seconds
[2024-12-22T02:55:49.193+0000] {processor.py:161} INFO - Started process (PID=37129) to work on /home/airflow/.local/lib/python3.12/site-packages/airflow/example_dags/example_python_operator.py
[2024-12-22T02:55:49.194+0000] {processor.py:830} INFO - Processing file /home/airflow/.local/lib/python3.12/site-packages/airflow/example_dags/example_python_operator.py for tasks to queue
[2024-12-22T02:55:49.196+0000] {logging_mixin.py:188} INFO - [2024-12-22T02:55:49.195+0000] {dagbag.py:545} INFO - Filling up the DagBag from /home/airflow/.local/lib/python3.12/site-packages/airflow/example_dags/example_python_operator.py
[2024-12-22T02:55:49.203+0000] {processor.py:840} INFO - DAG(s) 'example_python_operator' retrieved from /home/airflow/.local/lib/python3.12/site-packages/airflow/example_dags/example_python_operator.py
[2024-12-22T02:55:49.218+0000] {logging_mixin.py:188} INFO - [2024-12-22T02:55:49.218+0000] {dag.py:3089} INFO - Sync 1 DAGs
[2024-12-22T02:55:49.227+0000] {logging_mixin.py:188} INFO - [2024-12-22T02:55:49.227+0000] {dag.py:3947} INFO - Setting next_dagrun for example_python_operator to None, run_after=None
[2024-12-22T02:55:49.239+0000] {processor.py:183} INFO - Processing /home/airflow/.local/lib/python3.12/site-packages/airflow/example_dags/example_python_operator.py took 0.051 seconds
[2024-12-22T02:56:20.183+0000] {processor.py:161} INFO - Started process (PID=37406) to work on /home/airflow/.local/lib/python3.12/site-packages/airflow/example_dags/example_python_operator.py
[2024-12-22T02:56:20.184+0000] {processor.py:830} INFO - Processing file /home/airflow/.local/lib/python3.12/site-packages/airflow/example_dags/example_python_operator.py for tasks to queue
[2024-12-22T02:56:20.185+0000] {logging_mixin.py:188} INFO - [2024-12-22T02:56:20.185+0000] {dagbag.py:545} INFO - Filling up the DagBag from /home/airflow/.local/lib/python3.12/site-packages/airflow/example_dags/example_python_operator.py
[2024-12-22T02:56:20.193+0000] {processor.py:840} INFO - DAG(s) 'example_python_operator' retrieved from /home/airflow/.local/lib/python3.12/site-packages/airflow/example_dags/example_python_operator.py
[2024-12-22T02:56:20.213+0000] {logging_mixin.py:188} INFO - [2024-12-22T02:56:20.213+0000] {dag.py:3089} INFO - Sync 1 DAGs
[2024-12-22T02:56:20.220+0000] {logging_mixin.py:188} INFO - [2024-12-22T02:56:20.220+0000] {dag.py:3947} INFO - Setting next_dagrun for example_python_operator to None, run_after=None
[2024-12-22T02:56:20.234+0000] {processor.py:183} INFO - Processing /home/airflow/.local/lib/python3.12/site-packages/airflow/example_dags/example_python_operator.py took 0.055 seconds
[2024-12-22T02:56:50.869+0000] {processor.py:161} INFO - Started process (PID=37681) to work on /home/airflow/.local/lib/python3.12/site-packages/airflow/example_dags/example_python_operator.py
[2024-12-22T02:56:50.869+0000] {processor.py:830} INFO - Processing file /home/airflow/.local/lib/python3.12/site-packages/airflow/example_dags/example_python_operator.py for tasks to queue
[2024-12-22T02:56:50.871+0000] {logging_mixin.py:188} INFO - [2024-12-22T02:56:50.871+0000] {dagbag.py:545} INFO - Filling up the DagBag from /home/airflow/.local/lib/python3.12/site-packages/airflow/example_dags/example_python_operator.py
[2024-12-22T02:56:50.878+0000] {processor.py:840} INFO - DAG(s) 'example_python_operator' retrieved from /home/airflow/.local/lib/python3.12/site-packages/airflow/example_dags/example_python_operator.py
[2024-12-22T02:56:50.893+0000] {logging_mixin.py:188} INFO - [2024-12-22T02:56:50.893+0000] {dag.py:3089} INFO - Sync 1 DAGs
[2024-12-22T02:56:50.900+0000] {logging_mixin.py:188} INFO - [2024-12-22T02:56:50.900+0000] {dag.py:3947} INFO - Setting next_dagrun for example_python_operator to None, run_after=None
[2024-12-22T02:56:50.912+0000] {processor.py:183} INFO - Processing /home/airflow/.local/lib/python3.12/site-packages/airflow/example_dags/example_python_operator.py took 0.048 seconds
[2024-12-22T02:57:21.459+0000] {processor.py:161} INFO - Started process (PID=37959) to work on /home/airflow/.local/lib/python3.12/site-packages/airflow/example_dags/example_python_operator.py
[2024-12-22T02:57:21.460+0000] {processor.py:830} INFO - Processing file /home/airflow/.local/lib/python3.12/site-packages/airflow/example_dags/example_python_operator.py for tasks to queue
[2024-12-22T02:57:21.463+0000] {logging_mixin.py:188} INFO - [2024-12-22T02:57:21.462+0000] {dagbag.py:545} INFO - Filling up the DagBag from /home/airflow/.local/lib/python3.12/site-packages/airflow/example_dags/example_python_operator.py
[2024-12-22T02:57:21.472+0000] {processor.py:840} INFO - DAG(s) 'example_python_operator' retrieved from /home/airflow/.local/lib/python3.12/site-packages/airflow/example_dags/example_python_operator.py
[2024-12-22T02:57:21.493+0000] {logging_mixin.py:188} INFO - [2024-12-22T02:57:21.493+0000] {dag.py:3089} INFO - Sync 1 DAGs
[2024-12-22T02:57:21.501+0000] {logging_mixin.py:188} INFO - [2024-12-22T02:57:21.501+0000] {dag.py:3947} INFO - Setting next_dagrun for example_python_operator to None, run_after=None
[2024-12-22T02:57:21.514+0000] {processor.py:183} INFO - Processing /home/airflow/.local/lib/python3.12/site-packages/airflow/example_dags/example_python_operator.py took 0.059 seconds
[2024-12-22T02:57:52.546+0000] {processor.py:161} INFO - Started process (PID=38236) to work on /home/airflow/.local/lib/python3.12/site-packages/airflow/example_dags/example_python_operator.py
[2024-12-22T02:57:52.547+0000] {processor.py:830} INFO - Processing file /home/airflow/.local/lib/python3.12/site-packages/airflow/example_dags/example_python_operator.py for tasks to queue
[2024-12-22T02:57:52.548+0000] {logging_mixin.py:188} INFO - [2024-12-22T02:57:52.548+0000] {dagbag.py:545} INFO - Filling up the DagBag from /home/airflow/.local/lib/python3.12/site-packages/airflow/example_dags/example_python_operator.py
[2024-12-22T02:57:52.554+0000] {processor.py:840} INFO - DAG(s) 'example_python_operator' retrieved from /home/airflow/.local/lib/python3.12/site-packages/airflow/example_dags/example_python_operator.py
[2024-12-22T02:57:52.568+0000] {logging_mixin.py:188} INFO - [2024-12-22T02:57:52.568+0000] {dag.py:3089} INFO - Sync 1 DAGs
[2024-12-22T02:57:52.575+0000] {logging_mixin.py:188} INFO - [2024-12-22T02:57:52.575+0000] {dag.py:3947} INFO - Setting next_dagrun for example_python_operator to None, run_after=None
[2024-12-22T02:57:52.587+0000] {processor.py:183} INFO - Processing /home/airflow/.local/lib/python3.12/site-packages/airflow/example_dags/example_python_operator.py took 0.045 seconds
[2024-12-22T02:58:24.911+0000] {processor.py:161} INFO - Started process (PID=38514) to work on /home/airflow/.local/lib/python3.12/site-packages/airflow/example_dags/example_python_operator.py
[2024-12-22T02:58:24.912+0000] {processor.py:830} INFO - Processing file /home/airflow/.local/lib/python3.12/site-packages/airflow/example_dags/example_python_operator.py for tasks to queue
[2024-12-22T02:58:24.913+0000] {logging_mixin.py:188} INFO - [2024-12-22T02:58:24.913+0000] {dagbag.py:545} INFO - Filling up the DagBag from /home/airflow/.local/lib/python3.12/site-packages/airflow/example_dags/example_python_operator.py
[2024-12-22T02:58:24.920+0000] {processor.py:840} INFO - DAG(s) 'example_python_operator' retrieved from /home/airflow/.local/lib/python3.12/site-packages/airflow/example_dags/example_python_operator.py
[2024-12-22T02:58:24.934+0000] {logging_mixin.py:188} INFO - [2024-12-22T02:58:24.934+0000] {dag.py:3089} INFO - Sync 1 DAGs
[2024-12-22T02:58:24.940+0000] {logging_mixin.py:188} INFO - [2024-12-22T02:58:24.940+0000] {dag.py:3947} INFO - Setting next_dagrun for example_python_operator to None, run_after=None
[2024-12-22T02:58:24.950+0000] {processor.py:183} INFO - Processing /home/airflow/.local/lib/python3.12/site-packages/airflow/example_dags/example_python_operator.py took 0.044 seconds
[2024-12-22T02:58:57.383+0000] {processor.py:161} INFO - Started process (PID=38791) to work on /home/airflow/.local/lib/python3.12/site-packages/airflow/example_dags/example_python_operator.py
[2024-12-22T02:58:57.384+0000] {processor.py:830} INFO - Processing file /home/airflow/.local/lib/python3.12/site-packages/airflow/example_dags/example_python_operator.py for tasks to queue
[2024-12-22T02:58:57.385+0000] {logging_mixin.py:188} INFO - [2024-12-22T02:58:57.385+0000] {dagbag.py:545} INFO - Filling up the DagBag from /home/airflow/.local/lib/python3.12/site-packages/airflow/example_dags/example_python_operator.py
[2024-12-22T02:58:57.392+0000] {processor.py:840} INFO - DAG(s) 'example_python_operator' retrieved from /home/airflow/.local/lib/python3.12/site-packages/airflow/example_dags/example_python_operator.py
[2024-12-22T02:58:57.406+0000] {logging_mixin.py:188} INFO - [2024-12-22T02:58:57.406+0000] {dag.py:3089} INFO - Sync 1 DAGs
[2024-12-22T02:58:57.413+0000] {logging_mixin.py:188} INFO - [2024-12-22T02:58:57.413+0000] {dag.py:3947} INFO - Setting next_dagrun for example_python_operator to None, run_after=None
[2024-12-22T02:58:57.425+0000] {processor.py:183} INFO - Processing /home/airflow/.local/lib/python3.12/site-packages/airflow/example_dags/example_python_operator.py took 0.047 seconds
[2024-12-22T02:59:29.737+0000] {processor.py:161} INFO - Started process (PID=39070) to work on /home/airflow/.local/lib/python3.12/site-packages/airflow/example_dags/example_python_operator.py
[2024-12-22T02:59:29.738+0000] {processor.py:830} INFO - Processing file /home/airflow/.local/lib/python3.12/site-packages/airflow/example_dags/example_python_operator.py for tasks to queue
[2024-12-22T02:59:29.740+0000] {logging_mixin.py:188} INFO - [2024-12-22T02:59:29.739+0000] {dagbag.py:545} INFO - Filling up the DagBag from /home/airflow/.local/lib/python3.12/site-packages/airflow/example_dags/example_python_operator.py
[2024-12-22T02:59:29.749+0000] {processor.py:840} INFO - DAG(s) 'example_python_operator' retrieved from /home/airflow/.local/lib/python3.12/site-packages/airflow/example_dags/example_python_operator.py
[2024-12-22T02:59:29.764+0000] {logging_mixin.py:188} INFO - [2024-12-22T02:59:29.764+0000] {dag.py:3089} INFO - Sync 1 DAGs
[2024-12-22T02:59:29.772+0000] {logging_mixin.py:188} INFO - [2024-12-22T02:59:29.772+0000] {dag.py:3947} INFO - Setting next_dagrun for example_python_operator to None, run_after=None
[2024-12-22T02:59:29.786+0000] {processor.py:183} INFO - Processing /home/airflow/.local/lib/python3.12/site-packages/airflow/example_dags/example_python_operator.py took 0.053 seconds
[2024-12-22T03:00:00.824+0000] {processor.py:161} INFO - Started process (PID=39345) to work on /home/airflow/.local/lib/python3.12/site-packages/airflow/example_dags/example_python_operator.py
[2024-12-22T03:00:00.824+0000] {processor.py:830} INFO - Processing file /home/airflow/.local/lib/python3.12/site-packages/airflow/example_dags/example_python_operator.py for tasks to queue
[2024-12-22T03:00:00.826+0000] {logging_mixin.py:188} INFO - [2024-12-22T03:00:00.825+0000] {dagbag.py:545} INFO - Filling up the DagBag from /home/airflow/.local/lib/python3.12/site-packages/airflow/example_dags/example_python_operator.py
[2024-12-22T03:00:00.835+0000] {processor.py:840} INFO - DAG(s) 'example_python_operator' retrieved from /home/airflow/.local/lib/python3.12/site-packages/airflow/example_dags/example_python_operator.py
[2024-12-22T03:00:00.857+0000] {logging_mixin.py:188} INFO - [2024-12-22T03:00:00.857+0000] {dag.py:3089} INFO - Sync 1 DAGs
[2024-12-22T03:00:00.868+0000] {logging_mixin.py:188} INFO - [2024-12-22T03:00:00.868+0000] {dag.py:3947} INFO - Setting next_dagrun for example_python_operator to None, run_after=None
[2024-12-22T03:00:00.883+0000] {processor.py:183} INFO - Processing /home/airflow/.local/lib/python3.12/site-packages/airflow/example_dags/example_python_operator.py took 0.063 seconds
[2024-12-22T03:00:31.619+0000] {processor.py:161} INFO - Started process (PID=39622) to work on /home/airflow/.local/lib/python3.12/site-packages/airflow/example_dags/example_python_operator.py
[2024-12-22T03:00:31.620+0000] {processor.py:830} INFO - Processing file /home/airflow/.local/lib/python3.12/site-packages/airflow/example_dags/example_python_operator.py for tasks to queue
[2024-12-22T03:00:31.622+0000] {logging_mixin.py:188} INFO - [2024-12-22T03:00:31.622+0000] {dagbag.py:545} INFO - Filling up the DagBag from /home/airflow/.local/lib/python3.12/site-packages/airflow/example_dags/example_python_operator.py
[2024-12-22T03:00:31.630+0000] {processor.py:840} INFO - DAG(s) 'example_python_operator' retrieved from /home/airflow/.local/lib/python3.12/site-packages/airflow/example_dags/example_python_operator.py
[2024-12-22T03:00:31.646+0000] {logging_mixin.py:188} INFO - [2024-12-22T03:00:31.646+0000] {dag.py:3089} INFO - Sync 1 DAGs
[2024-12-22T03:00:31.653+0000] {logging_mixin.py:188} INFO - [2024-12-22T03:00:31.653+0000] {dag.py:3947} INFO - Setting next_dagrun for example_python_operator to None, run_after=None
[2024-12-22T03:00:31.665+0000] {processor.py:183} INFO - Processing /home/airflow/.local/lib/python3.12/site-packages/airflow/example_dags/example_python_operator.py took 0.050 seconds
[2024-12-22T03:01:02.404+0000] {processor.py:161} INFO - Started process (PID=39899) to work on /home/airflow/.local/lib/python3.12/site-packages/airflow/example_dags/example_python_operator.py
[2024-12-22T03:01:02.405+0000] {processor.py:830} INFO - Processing file /home/airflow/.local/lib/python3.12/site-packages/airflow/example_dags/example_python_operator.py for tasks to queue
[2024-12-22T03:01:02.406+0000] {logging_mixin.py:188} INFO - [2024-12-22T03:01:02.406+0000] {dagbag.py:545} INFO - Filling up the DagBag from /home/airflow/.local/lib/python3.12/site-packages/airflow/example_dags/example_python_operator.py
[2024-12-22T03:01:02.413+0000] {processor.py:840} INFO - DAG(s) 'example_python_operator' retrieved from /home/airflow/.local/lib/python3.12/site-packages/airflow/example_dags/example_python_operator.py
[2024-12-22T03:01:02.429+0000] {logging_mixin.py:188} INFO - [2024-12-22T03:01:02.429+0000] {dag.py:3089} INFO - Sync 1 DAGs
[2024-12-22T03:01:02.436+0000] {logging_mixin.py:188} INFO - [2024-12-22T03:01:02.435+0000] {dag.py:3947} INFO - Setting next_dagrun for example_python_operator to None, run_after=None
[2024-12-22T03:01:02.447+0000] {processor.py:183} INFO - Processing /home/airflow/.local/lib/python3.12/site-packages/airflow/example_dags/example_python_operator.py took 0.048 seconds
[2024-12-22T03:01:33.418+0000] {processor.py:161} INFO - Started process (PID=40177) to work on /home/airflow/.local/lib/python3.12/site-packages/airflow/example_dags/example_python_operator.py
[2024-12-22T03:01:33.419+0000] {processor.py:830} INFO - Processing file /home/airflow/.local/lib/python3.12/site-packages/airflow/example_dags/example_python_operator.py for tasks to queue
[2024-12-22T03:01:33.420+0000] {logging_mixin.py:188} INFO - [2024-12-22T03:01:33.420+0000] {dagbag.py:545} INFO - Filling up the DagBag from /home/airflow/.local/lib/python3.12/site-packages/airflow/example_dags/example_python_operator.py
[2024-12-22T03:01:33.427+0000] {processor.py:840} INFO - DAG(s) 'example_python_operator' retrieved from /home/airflow/.local/lib/python3.12/site-packages/airflow/example_dags/example_python_operator.py
[2024-12-22T03:01:33.441+0000] {logging_mixin.py:188} INFO - [2024-12-22T03:01:33.441+0000] {dag.py:3089} INFO - Sync 1 DAGs
[2024-12-22T03:01:33.448+0000] {logging_mixin.py:188} INFO - [2024-12-22T03:01:33.448+0000] {dag.py:3947} INFO - Setting next_dagrun for example_python_operator to None, run_after=None
[2024-12-22T03:01:33.461+0000] {processor.py:183} INFO - Processing /home/airflow/.local/lib/python3.12/site-packages/airflow/example_dags/example_python_operator.py took 0.047 seconds
[2024-12-22T03:02:05.955+0000] {processor.py:161} INFO - Started process (PID=40454) to work on /home/airflow/.local/lib/python3.12/site-packages/airflow/example_dags/example_python_operator.py
[2024-12-22T03:02:05.955+0000] {processor.py:830} INFO - Processing file /home/airflow/.local/lib/python3.12/site-packages/airflow/example_dags/example_python_operator.py for tasks to queue
[2024-12-22T03:02:05.956+0000] {logging_mixin.py:188} INFO - [2024-12-22T03:02:05.956+0000] {dagbag.py:545} INFO - Filling up the DagBag from /home/airflow/.local/lib/python3.12/site-packages/airflow/example_dags/example_python_operator.py
[2024-12-22T03:02:05.963+0000] {processor.py:840} INFO - DAG(s) 'example_python_operator' retrieved from /home/airflow/.local/lib/python3.12/site-packages/airflow/example_dags/example_python_operator.py
[2024-12-22T03:02:05.977+0000] {logging_mixin.py:188} INFO - [2024-12-22T03:02:05.977+0000] {dag.py:3089} INFO - Sync 1 DAGs
[2024-12-22T03:02:05.985+0000] {logging_mixin.py:188} INFO - [2024-12-22T03:02:05.985+0000] {dag.py:3947} INFO - Setting next_dagrun for example_python_operator to None, run_after=None
[2024-12-22T03:02:05.996+0000] {processor.py:183} INFO - Processing /home/airflow/.local/lib/python3.12/site-packages/airflow/example_dags/example_python_operator.py took 0.046 seconds
[2024-12-22T03:02:38.404+0000] {processor.py:161} INFO - Started process (PID=40731) to work on /home/airflow/.local/lib/python3.12/site-packages/airflow/example_dags/example_python_operator.py
[2024-12-22T03:02:38.405+0000] {processor.py:830} INFO - Processing file /home/airflow/.local/lib/python3.12/site-packages/airflow/example_dags/example_python_operator.py for tasks to queue
[2024-12-22T03:02:38.406+0000] {logging_mixin.py:188} INFO - [2024-12-22T03:02:38.406+0000] {dagbag.py:545} INFO - Filling up the DagBag from /home/airflow/.local/lib/python3.12/site-packages/airflow/example_dags/example_python_operator.py
[2024-12-22T03:02:38.413+0000] {processor.py:840} INFO - DAG(s) 'example_python_operator' retrieved from /home/airflow/.local/lib/python3.12/site-packages/airflow/example_dags/example_python_operator.py
[2024-12-22T03:02:38.430+0000] {logging_mixin.py:188} INFO - [2024-12-22T03:02:38.430+0000] {dag.py:3089} INFO - Sync 1 DAGs
[2024-12-22T03:02:38.438+0000] {logging_mixin.py:188} INFO - [2024-12-22T03:02:38.438+0000] {dag.py:3947} INFO - Setting next_dagrun for example_python_operator to None, run_after=None
[2024-12-22T03:02:38.450+0000] {processor.py:183} INFO - Processing /home/airflow/.local/lib/python3.12/site-packages/airflow/example_dags/example_python_operator.py took 0.050 seconds
[2024-12-22T03:03:11.684+0000] {processor.py:161} INFO - Started process (PID=41008) to work on /home/airflow/.local/lib/python3.12/site-packages/airflow/example_dags/example_python_operator.py
[2024-12-22T03:03:11.685+0000] {processor.py:830} INFO - Processing file /home/airflow/.local/lib/python3.12/site-packages/airflow/example_dags/example_python_operator.py for tasks to queue
[2024-12-22T03:03:11.686+0000] {logging_mixin.py:188} INFO - [2024-12-22T03:03:11.686+0000] {dagbag.py:545} INFO - Filling up the DagBag from /home/airflow/.local/lib/python3.12/site-packages/airflow/example_dags/example_python_operator.py
[2024-12-22T03:03:11.693+0000] {processor.py:840} INFO - DAG(s) 'example_python_operator' retrieved from /home/airflow/.local/lib/python3.12/site-packages/airflow/example_dags/example_python_operator.py
[2024-12-22T03:03:11.708+0000] {logging_mixin.py:188} INFO - [2024-12-22T03:03:11.708+0000] {dag.py:3089} INFO - Sync 1 DAGs
[2024-12-22T03:03:11.715+0000] {logging_mixin.py:188} INFO - [2024-12-22T03:03:11.715+0000] {dag.py:3947} INFO - Setting next_dagrun for example_python_operator to None, run_after=None
[2024-12-22T03:03:11.726+0000] {processor.py:183} INFO - Processing /home/airflow/.local/lib/python3.12/site-packages/airflow/example_dags/example_python_operator.py took 0.047 seconds
[2024-12-22T03:03:41.862+0000] {processor.py:161} INFO - Started process (PID=41285) to work on /home/airflow/.local/lib/python3.12/site-packages/airflow/example_dags/example_python_operator.py
[2024-12-22T03:03:41.863+0000] {processor.py:830} INFO - Processing file /home/airflow/.local/lib/python3.12/site-packages/airflow/example_dags/example_python_operator.py for tasks to queue
[2024-12-22T03:03:41.864+0000] {logging_mixin.py:188} INFO - [2024-12-22T03:03:41.864+0000] {dagbag.py:545} INFO - Filling up the DagBag from /home/airflow/.local/lib/python3.12/site-packages/airflow/example_dags/example_python_operator.py
[2024-12-22T03:03:41.872+0000] {processor.py:840} INFO - DAG(s) 'example_python_operator' retrieved from /home/airflow/.local/lib/python3.12/site-packages/airflow/example_dags/example_python_operator.py
[2024-12-22T03:03:41.889+0000] {logging_mixin.py:188} INFO - [2024-12-22T03:03:41.889+0000] {dag.py:3089} INFO - Sync 1 DAGs
[2024-12-22T03:03:41.897+0000] {logging_mixin.py:188} INFO - [2024-12-22T03:03:41.897+0000] {dag.py:3947} INFO - Setting next_dagrun for example_python_operator to None, run_after=None
[2024-12-22T03:03:41.910+0000] {processor.py:183} INFO - Processing /home/airflow/.local/lib/python3.12/site-packages/airflow/example_dags/example_python_operator.py took 0.052 seconds
[2024-12-22T03:04:12.799+0000] {processor.py:161} INFO - Started process (PID=41562) to work on /home/airflow/.local/lib/python3.12/site-packages/airflow/example_dags/example_python_operator.py
[2024-12-22T03:04:12.800+0000] {processor.py:830} INFO - Processing file /home/airflow/.local/lib/python3.12/site-packages/airflow/example_dags/example_python_operator.py for tasks to queue
[2024-12-22T03:04:12.801+0000] {logging_mixin.py:188} INFO - [2024-12-22T03:04:12.801+0000] {dagbag.py:545} INFO - Filling up the DagBag from /home/airflow/.local/lib/python3.12/site-packages/airflow/example_dags/example_python_operator.py
[2024-12-22T03:04:12.809+0000] {processor.py:840} INFO - DAG(s) 'example_python_operator' retrieved from /home/airflow/.local/lib/python3.12/site-packages/airflow/example_dags/example_python_operator.py
[2024-12-22T03:04:12.827+0000] {logging_mixin.py:188} INFO - [2024-12-22T03:04:12.827+0000] {dag.py:3089} INFO - Sync 1 DAGs
[2024-12-22T03:04:12.835+0000] {logging_mixin.py:188} INFO - [2024-12-22T03:04:12.835+0000] {dag.py:3947} INFO - Setting next_dagrun for example_python_operator to None, run_after=None
[2024-12-22T03:04:12.850+0000] {processor.py:183} INFO - Processing /home/airflow/.local/lib/python3.12/site-packages/airflow/example_dags/example_python_operator.py took 0.056 seconds
