[2024-12-22T01:45:51.855+0000] {processor.py:161} INFO - Started process (PID=269) to work on /home/airflow/.local/lib/python3.12/site-packages/airflow/example_dags/example_bash_decorator.py
[2024-12-22T01:45:51.855+0000] {processor.py:830} INFO - Processing file /home/airflow/.local/lib/python3.12/site-packages/airflow/example_dags/example_bash_decorator.py for tasks to queue
[2024-12-22T01:45:51.857+0000] {logging_mixin.py:188} INFO - [2024-12-22T01:45:51.856+0000] {dagbag.py:545} INFO - Filling up the DagBag from /home/airflow/.local/lib/python3.12/site-packages/airflow/example_dags/example_bash_decorator.py
[2024-12-22T01:45:51.868+0000] {processor.py:840} INFO - DAG(s) 'example_bash_decorator' retrieved from /home/airflow/.local/lib/python3.12/site-packages/airflow/example_dags/example_bash_decorator.py
[2024-12-22T01:45:51.877+0000] {logging_mixin.py:188} INFO - [2024-12-22T01:45:51.877+0000] {dag.py:3089} INFO - Sync 1 DAGs
[2024-12-22T01:45:51.885+0000] {logging_mixin.py:188} INFO - [2024-12-22T01:45:51.885+0000] {dag.py:3947} INFO - Setting next_dagrun for example_bash_decorator to None, run_after=None
[2024-12-22T01:45:51.898+0000] {processor.py:183} INFO - Processing /home/airflow/.local/lib/python3.12/site-packages/airflow/example_dags/example_bash_decorator.py took 0.048 seconds
[2024-12-22T01:46:22.102+0000] {processor.py:161} INFO - Started process (PID=541) to work on /home/airflow/.local/lib/python3.12/site-packages/airflow/example_dags/example_bash_decorator.py
[2024-12-22T01:46:22.103+0000] {processor.py:830} INFO - Processing file /home/airflow/.local/lib/python3.12/site-packages/airflow/example_dags/example_bash_decorator.py for tasks to queue
[2024-12-22T01:46:22.104+0000] {logging_mixin.py:188} INFO - [2024-12-22T01:46:22.104+0000] {dagbag.py:545} INFO - Filling up the DagBag from /home/airflow/.local/lib/python3.12/site-packages/airflow/example_dags/example_bash_decorator.py
[2024-12-22T01:46:22.111+0000] {processor.py:840} INFO - DAG(s) 'example_bash_decorator' retrieved from /home/airflow/.local/lib/python3.12/site-packages/airflow/example_dags/example_bash_decorator.py
[2024-12-22T01:46:22.160+0000] {logging_mixin.py:188} INFO - [2024-12-22T01:46:22.159+0000] {dag.py:3089} INFO - Sync 1 DAGs
[2024-12-22T01:46:22.165+0000] {logging_mixin.py:188} INFO - [2024-12-22T01:46:22.164+0000] {dag.py:3947} INFO - Setting next_dagrun for example_bash_decorator to None, run_after=None
[2024-12-22T01:46:22.175+0000] {processor.py:183} INFO - Processing /home/airflow/.local/lib/python3.12/site-packages/airflow/example_dags/example_bash_decorator.py took 0.076 seconds
[2024-12-22T01:46:52.458+0000] {processor.py:161} INFO - Started process (PID=818) to work on /home/airflow/.local/lib/python3.12/site-packages/airflow/example_dags/example_bash_decorator.py
[2024-12-22T01:46:52.459+0000] {processor.py:830} INFO - Processing file /home/airflow/.local/lib/python3.12/site-packages/airflow/example_dags/example_bash_decorator.py for tasks to queue
[2024-12-22T01:46:52.460+0000] {logging_mixin.py:188} INFO - [2024-12-22T01:46:52.459+0000] {dagbag.py:545} INFO - Filling up the DagBag from /home/airflow/.local/lib/python3.12/site-packages/airflow/example_dags/example_bash_decorator.py
[2024-12-22T01:46:52.466+0000] {processor.py:840} INFO - DAG(s) 'example_bash_decorator' retrieved from /home/airflow/.local/lib/python3.12/site-packages/airflow/example_dags/example_bash_decorator.py
[2024-12-22T01:46:52.480+0000] {logging_mixin.py:188} INFO - [2024-12-22T01:46:52.480+0000] {dag.py:3089} INFO - Sync 1 DAGs
[2024-12-22T01:46:52.486+0000] {logging_mixin.py:188} INFO - [2024-12-22T01:46:52.486+0000] {dag.py:3947} INFO - Setting next_dagrun for example_bash_decorator to None, run_after=None
[2024-12-22T01:46:52.497+0000] {processor.py:183} INFO - Processing /home/airflow/.local/lib/python3.12/site-packages/airflow/example_dags/example_bash_decorator.py took 0.044 seconds
[2024-12-22T01:47:22.855+0000] {processor.py:161} INFO - Started process (PID=1095) to work on /home/airflow/.local/lib/python3.12/site-packages/airflow/example_dags/example_bash_decorator.py
[2024-12-22T01:47:22.856+0000] {processor.py:830} INFO - Processing file /home/airflow/.local/lib/python3.12/site-packages/airflow/example_dags/example_bash_decorator.py for tasks to queue
[2024-12-22T01:47:22.857+0000] {logging_mixin.py:188} INFO - [2024-12-22T01:47:22.857+0000] {dagbag.py:545} INFO - Filling up the DagBag from /home/airflow/.local/lib/python3.12/site-packages/airflow/example_dags/example_bash_decorator.py
[2024-12-22T01:47:22.866+0000] {processor.py:840} INFO - DAG(s) 'example_bash_decorator' retrieved from /home/airflow/.local/lib/python3.12/site-packages/airflow/example_dags/example_bash_decorator.py
[2024-12-22T01:47:22.880+0000] {logging_mixin.py:188} INFO - [2024-12-22T01:47:22.880+0000] {dag.py:3089} INFO - Sync 1 DAGs
[2024-12-22T01:47:22.888+0000] {logging_mixin.py:188} INFO - [2024-12-22T01:47:22.888+0000] {dag.py:3947} INFO - Setting next_dagrun for example_bash_decorator to None, run_after=None
[2024-12-22T01:47:22.898+0000] {processor.py:183} INFO - Processing /home/airflow/.local/lib/python3.12/site-packages/airflow/example_dags/example_bash_decorator.py took 0.047 seconds
[2024-12-22T01:47:53.075+0000] {processor.py:161} INFO - Started process (PID=1373) to work on /home/airflow/.local/lib/python3.12/site-packages/airflow/example_dags/example_bash_decorator.py
[2024-12-22T01:47:53.076+0000] {processor.py:830} INFO - Processing file /home/airflow/.local/lib/python3.12/site-packages/airflow/example_dags/example_bash_decorator.py for tasks to queue
[2024-12-22T01:47:53.078+0000] {logging_mixin.py:188} INFO - [2024-12-22T01:47:53.077+0000] {dagbag.py:545} INFO - Filling up the DagBag from /home/airflow/.local/lib/python3.12/site-packages/airflow/example_dags/example_bash_decorator.py
[2024-12-22T01:47:53.088+0000] {processor.py:840} INFO - DAG(s) 'example_bash_decorator' retrieved from /home/airflow/.local/lib/python3.12/site-packages/airflow/example_dags/example_bash_decorator.py
[2024-12-22T01:47:53.104+0000] {logging_mixin.py:188} INFO - [2024-12-22T01:47:53.104+0000] {dag.py:3089} INFO - Sync 1 DAGs
[2024-12-22T01:47:53.112+0000] {logging_mixin.py:188} INFO - [2024-12-22T01:47:53.112+0000] {dag.py:3947} INFO - Setting next_dagrun for example_bash_decorator to None, run_after=None
[2024-12-22T01:47:53.129+0000] {processor.py:183} INFO - Processing /home/airflow/.local/lib/python3.12/site-packages/airflow/example_dags/example_bash_decorator.py took 0.058 seconds
[2024-12-22T01:48:23.713+0000] {processor.py:161} INFO - Started process (PID=1656) to work on /home/airflow/.local/lib/python3.12/site-packages/airflow/example_dags/example_bash_decorator.py
[2024-12-22T01:48:23.714+0000] {processor.py:830} INFO - Processing file /home/airflow/.local/lib/python3.12/site-packages/airflow/example_dags/example_bash_decorator.py for tasks to queue
[2024-12-22T01:48:23.715+0000] {logging_mixin.py:188} INFO - [2024-12-22T01:48:23.715+0000] {dagbag.py:545} INFO - Filling up the DagBag from /home/airflow/.local/lib/python3.12/site-packages/airflow/example_dags/example_bash_decorator.py
[2024-12-22T01:48:23.723+0000] {processor.py:840} INFO - DAG(s) 'example_bash_decorator' retrieved from /home/airflow/.local/lib/python3.12/site-packages/airflow/example_dags/example_bash_decorator.py
[2024-12-22T01:48:23.738+0000] {logging_mixin.py:188} INFO - [2024-12-22T01:48:23.738+0000] {dag.py:3089} INFO - Sync 1 DAGs
[2024-12-22T01:48:23.745+0000] {logging_mixin.py:188} INFO - [2024-12-22T01:48:23.745+0000] {dag.py:3947} INFO - Setting next_dagrun for example_bash_decorator to None, run_after=None
[2024-12-22T01:48:23.756+0000] {processor.py:183} INFO - Processing /home/airflow/.local/lib/python3.12/site-packages/airflow/example_dags/example_bash_decorator.py took 0.048 seconds
[2024-12-22T01:48:53.820+0000] {processor.py:161} INFO - Started process (PID=1932) to work on /home/airflow/.local/lib/python3.12/site-packages/airflow/example_dags/example_bash_decorator.py
[2024-12-22T01:48:53.821+0000] {processor.py:830} INFO - Processing file /home/airflow/.local/lib/python3.12/site-packages/airflow/example_dags/example_bash_decorator.py for tasks to queue
[2024-12-22T01:48:53.823+0000] {logging_mixin.py:188} INFO - [2024-12-22T01:48:53.823+0000] {dagbag.py:545} INFO - Filling up the DagBag from /home/airflow/.local/lib/python3.12/site-packages/airflow/example_dags/example_bash_decorator.py
[2024-12-22T01:48:53.830+0000] {processor.py:840} INFO - DAG(s) 'example_bash_decorator' retrieved from /home/airflow/.local/lib/python3.12/site-packages/airflow/example_dags/example_bash_decorator.py
[2024-12-22T01:48:53.849+0000] {logging_mixin.py:188} INFO - [2024-12-22T01:48:53.849+0000] {dag.py:3089} INFO - Sync 1 DAGs
[2024-12-22T01:48:53.857+0000] {logging_mixin.py:188} INFO - [2024-12-22T01:48:53.857+0000] {dag.py:3947} INFO - Setting next_dagrun for example_bash_decorator to None, run_after=None
[2024-12-22T01:48:53.869+0000] {processor.py:183} INFO - Processing /home/airflow/.local/lib/python3.12/site-packages/airflow/example_dags/example_bash_decorator.py took 0.053 seconds
[2024-12-22T01:49:24.558+0000] {processor.py:161} INFO - Started process (PID=2209) to work on /home/airflow/.local/lib/python3.12/site-packages/airflow/example_dags/example_bash_decorator.py
[2024-12-22T01:49:24.559+0000] {processor.py:830} INFO - Processing file /home/airflow/.local/lib/python3.12/site-packages/airflow/example_dags/example_bash_decorator.py for tasks to queue
[2024-12-22T01:49:24.560+0000] {logging_mixin.py:188} INFO - [2024-12-22T01:49:24.560+0000] {dagbag.py:545} INFO - Filling up the DagBag from /home/airflow/.local/lib/python3.12/site-packages/airflow/example_dags/example_bash_decorator.py
[2024-12-22T01:49:24.569+0000] {processor.py:840} INFO - DAG(s) 'example_bash_decorator' retrieved from /home/airflow/.local/lib/python3.12/site-packages/airflow/example_dags/example_bash_decorator.py
[2024-12-22T01:49:24.585+0000] {logging_mixin.py:188} INFO - [2024-12-22T01:49:24.585+0000] {dag.py:3089} INFO - Sync 1 DAGs
[2024-12-22T01:49:24.591+0000] {logging_mixin.py:188} INFO - [2024-12-22T01:49:24.591+0000] {dag.py:3947} INFO - Setting next_dagrun for example_bash_decorator to None, run_after=None
[2024-12-22T01:49:24.601+0000] {processor.py:183} INFO - Processing /home/airflow/.local/lib/python3.12/site-packages/airflow/example_dags/example_bash_decorator.py took 0.047 seconds
[2024-12-22T01:49:54.886+0000] {processor.py:161} INFO - Started process (PID=2488) to work on /home/airflow/.local/lib/python3.12/site-packages/airflow/example_dags/example_bash_decorator.py
[2024-12-22T01:49:54.887+0000] {processor.py:830} INFO - Processing file /home/airflow/.local/lib/python3.12/site-packages/airflow/example_dags/example_bash_decorator.py for tasks to queue
[2024-12-22T01:49:54.888+0000] {logging_mixin.py:188} INFO - [2024-12-22T01:49:54.888+0000] {dagbag.py:545} INFO - Filling up the DagBag from /home/airflow/.local/lib/python3.12/site-packages/airflow/example_dags/example_bash_decorator.py
[2024-12-22T01:49:54.895+0000] {processor.py:840} INFO - DAG(s) 'example_bash_decorator' retrieved from /home/airflow/.local/lib/python3.12/site-packages/airflow/example_dags/example_bash_decorator.py
[2024-12-22T01:49:54.909+0000] {logging_mixin.py:188} INFO - [2024-12-22T01:49:54.909+0000] {dag.py:3089} INFO - Sync 1 DAGs
[2024-12-22T01:49:54.915+0000] {logging_mixin.py:188} INFO - [2024-12-22T01:49:54.915+0000] {dag.py:3947} INFO - Setting next_dagrun for example_bash_decorator to None, run_after=None
[2024-12-22T01:49:54.925+0000] {processor.py:183} INFO - Processing /home/airflow/.local/lib/python3.12/site-packages/airflow/example_dags/example_bash_decorator.py took 0.043 seconds
[2024-12-22T01:50:25.779+0000] {processor.py:161} INFO - Started process (PID=2765) to work on /home/airflow/.local/lib/python3.12/site-packages/airflow/example_dags/example_bash_decorator.py
[2024-12-22T01:50:25.780+0000] {processor.py:830} INFO - Processing file /home/airflow/.local/lib/python3.12/site-packages/airflow/example_dags/example_bash_decorator.py for tasks to queue
[2024-12-22T01:50:25.782+0000] {logging_mixin.py:188} INFO - [2024-12-22T01:50:25.782+0000] {dagbag.py:545} INFO - Filling up the DagBag from /home/airflow/.local/lib/python3.12/site-packages/airflow/example_dags/example_bash_decorator.py
[2024-12-22T01:50:25.790+0000] {processor.py:840} INFO - DAG(s) 'example_bash_decorator' retrieved from /home/airflow/.local/lib/python3.12/site-packages/airflow/example_dags/example_bash_decorator.py
[2024-12-22T01:50:25.804+0000] {logging_mixin.py:188} INFO - [2024-12-22T01:50:25.804+0000] {dag.py:3089} INFO - Sync 1 DAGs
[2024-12-22T01:50:25.811+0000] {logging_mixin.py:188} INFO - [2024-12-22T01:50:25.810+0000] {dag.py:3947} INFO - Setting next_dagrun for example_bash_decorator to None, run_after=None
[2024-12-22T01:50:25.824+0000] {processor.py:183} INFO - Processing /home/airflow/.local/lib/python3.12/site-packages/airflow/example_dags/example_bash_decorator.py took 0.048 seconds
[2024-12-22T01:50:58.525+0000] {processor.py:161} INFO - Started process (PID=3040) to work on /home/airflow/.local/lib/python3.12/site-packages/airflow/example_dags/example_bash_decorator.py
[2024-12-22T01:50:58.525+0000] {processor.py:830} INFO - Processing file /home/airflow/.local/lib/python3.12/site-packages/airflow/example_dags/example_bash_decorator.py for tasks to queue
[2024-12-22T01:50:58.526+0000] {logging_mixin.py:188} INFO - [2024-12-22T01:50:58.526+0000] {dagbag.py:545} INFO - Filling up the DagBag from /home/airflow/.local/lib/python3.12/site-packages/airflow/example_dags/example_bash_decorator.py
[2024-12-22T01:50:58.535+0000] {processor.py:840} INFO - DAG(s) 'example_bash_decorator' retrieved from /home/airflow/.local/lib/python3.12/site-packages/airflow/example_dags/example_bash_decorator.py
[2024-12-22T01:50:58.552+0000] {logging_mixin.py:188} INFO - [2024-12-22T01:50:58.552+0000] {dag.py:3089} INFO - Sync 1 DAGs
[2024-12-22T01:50:58.564+0000] {logging_mixin.py:188} INFO - [2024-12-22T01:50:58.564+0000] {dag.py:3947} INFO - Setting next_dagrun for example_bash_decorator to None, run_after=None
[2024-12-22T01:50:58.575+0000] {processor.py:183} INFO - Processing /home/airflow/.local/lib/python3.12/site-packages/airflow/example_dags/example_bash_decorator.py took 0.054 seconds
[2024-12-22T01:51:31.726+0000] {processor.py:161} INFO - Started process (PID=3317) to work on /home/airflow/.local/lib/python3.12/site-packages/airflow/example_dags/example_bash_decorator.py
[2024-12-22T01:51:31.726+0000] {processor.py:830} INFO - Processing file /home/airflow/.local/lib/python3.12/site-packages/airflow/example_dags/example_bash_decorator.py for tasks to queue
[2024-12-22T01:51:31.728+0000] {logging_mixin.py:188} INFO - [2024-12-22T01:51:31.727+0000] {dagbag.py:545} INFO - Filling up the DagBag from /home/airflow/.local/lib/python3.12/site-packages/airflow/example_dags/example_bash_decorator.py
[2024-12-22T01:51:31.736+0000] {processor.py:840} INFO - DAG(s) 'example_bash_decorator' retrieved from /home/airflow/.local/lib/python3.12/site-packages/airflow/example_dags/example_bash_decorator.py
[2024-12-22T01:51:31.750+0000] {logging_mixin.py:188} INFO - [2024-12-22T01:51:31.750+0000] {dag.py:3089} INFO - Sync 1 DAGs
[2024-12-22T01:51:31.757+0000] {logging_mixin.py:188} INFO - [2024-12-22T01:51:31.756+0000] {dag.py:3947} INFO - Setting next_dagrun for example_bash_decorator to None, run_after=None
[2024-12-22T01:51:31.774+0000] {processor.py:183} INFO - Processing /home/airflow/.local/lib/python3.12/site-packages/airflow/example_dags/example_bash_decorator.py took 0.052 seconds
[2024-12-22T01:52:02.195+0000] {processor.py:161} INFO - Started process (PID=3594) to work on /home/airflow/.local/lib/python3.12/site-packages/airflow/example_dags/example_bash_decorator.py
[2024-12-22T01:52:02.196+0000] {processor.py:830} INFO - Processing file /home/airflow/.local/lib/python3.12/site-packages/airflow/example_dags/example_bash_decorator.py for tasks to queue
[2024-12-22T01:52:02.197+0000] {logging_mixin.py:188} INFO - [2024-12-22T01:52:02.197+0000] {dagbag.py:545} INFO - Filling up the DagBag from /home/airflow/.local/lib/python3.12/site-packages/airflow/example_dags/example_bash_decorator.py
[2024-12-22T01:52:02.205+0000] {processor.py:840} INFO - DAG(s) 'example_bash_decorator' retrieved from /home/airflow/.local/lib/python3.12/site-packages/airflow/example_dags/example_bash_decorator.py
[2024-12-22T01:52:02.224+0000] {logging_mixin.py:188} INFO - [2024-12-22T01:52:02.224+0000] {dag.py:3089} INFO - Sync 1 DAGs
[2024-12-22T01:52:02.233+0000] {logging_mixin.py:188} INFO - [2024-12-22T01:52:02.233+0000] {dag.py:3947} INFO - Setting next_dagrun for example_bash_decorator to None, run_after=None
[2024-12-22T01:52:02.245+0000] {processor.py:183} INFO - Processing /home/airflow/.local/lib/python3.12/site-packages/airflow/example_dags/example_bash_decorator.py took 0.055 seconds
[2024-12-22T01:52:32.714+0000] {processor.py:161} INFO - Started process (PID=3871) to work on /home/airflow/.local/lib/python3.12/site-packages/airflow/example_dags/example_bash_decorator.py
[2024-12-22T01:52:32.714+0000] {processor.py:830} INFO - Processing file /home/airflow/.local/lib/python3.12/site-packages/airflow/example_dags/example_bash_decorator.py for tasks to queue
[2024-12-22T01:52:32.716+0000] {logging_mixin.py:188} INFO - [2024-12-22T01:52:32.715+0000] {dagbag.py:545} INFO - Filling up the DagBag from /home/airflow/.local/lib/python3.12/site-packages/airflow/example_dags/example_bash_decorator.py
[2024-12-22T01:52:32.724+0000] {processor.py:840} INFO - DAG(s) 'example_bash_decorator' retrieved from /home/airflow/.local/lib/python3.12/site-packages/airflow/example_dags/example_bash_decorator.py
[2024-12-22T01:52:32.740+0000] {logging_mixin.py:188} INFO - [2024-12-22T01:52:32.739+0000] {dag.py:3089} INFO - Sync 1 DAGs
[2024-12-22T01:52:32.747+0000] {logging_mixin.py:188} INFO - [2024-12-22T01:52:32.747+0000] {dag.py:3947} INFO - Setting next_dagrun for example_bash_decorator to None, run_after=None
[2024-12-22T01:52:32.760+0000] {processor.py:183} INFO - Processing /home/airflow/.local/lib/python3.12/site-packages/airflow/example_dags/example_bash_decorator.py took 0.051 seconds
[2024-12-22T01:53:03.676+0000] {processor.py:161} INFO - Started process (PID=4148) to work on /home/airflow/.local/lib/python3.12/site-packages/airflow/example_dags/example_bash_decorator.py
[2024-12-22T01:53:03.677+0000] {processor.py:830} INFO - Processing file /home/airflow/.local/lib/python3.12/site-packages/airflow/example_dags/example_bash_decorator.py for tasks to queue
[2024-12-22T01:53:03.678+0000] {logging_mixin.py:188} INFO - [2024-12-22T01:53:03.678+0000] {dagbag.py:545} INFO - Filling up the DagBag from /home/airflow/.local/lib/python3.12/site-packages/airflow/example_dags/example_bash_decorator.py
[2024-12-22T01:53:03.686+0000] {processor.py:840} INFO - DAG(s) 'example_bash_decorator' retrieved from /home/airflow/.local/lib/python3.12/site-packages/airflow/example_dags/example_bash_decorator.py
[2024-12-22T01:53:03.700+0000] {logging_mixin.py:188} INFO - [2024-12-22T01:53:03.700+0000] {dag.py:3089} INFO - Sync 1 DAGs
[2024-12-22T01:53:03.707+0000] {logging_mixin.py:188} INFO - [2024-12-22T01:53:03.707+0000] {dag.py:3947} INFO - Setting next_dagrun for example_bash_decorator to None, run_after=None
[2024-12-22T01:53:03.717+0000] {processor.py:183} INFO - Processing /home/airflow/.local/lib/python3.12/site-packages/airflow/example_dags/example_bash_decorator.py took 0.045 seconds
[2024-12-22T01:53:35.290+0000] {processor.py:161} INFO - Started process (PID=4425) to work on /home/airflow/.local/lib/python3.12/site-packages/airflow/example_dags/example_bash_decorator.py
[2024-12-22T01:53:35.290+0000] {processor.py:830} INFO - Processing file /home/airflow/.local/lib/python3.12/site-packages/airflow/example_dags/example_bash_decorator.py for tasks to queue
[2024-12-22T01:53:35.291+0000] {logging_mixin.py:188} INFO - [2024-12-22T01:53:35.291+0000] {dagbag.py:545} INFO - Filling up the DagBag from /home/airflow/.local/lib/python3.12/site-packages/airflow/example_dags/example_bash_decorator.py
[2024-12-22T01:53:35.299+0000] {processor.py:840} INFO - DAG(s) 'example_bash_decorator' retrieved from /home/airflow/.local/lib/python3.12/site-packages/airflow/example_dags/example_bash_decorator.py
[2024-12-22T01:53:35.314+0000] {logging_mixin.py:188} INFO - [2024-12-22T01:53:35.314+0000] {dag.py:3089} INFO - Sync 1 DAGs
[2024-12-22T01:53:35.321+0000] {logging_mixin.py:188} INFO - [2024-12-22T01:53:35.321+0000] {dag.py:3947} INFO - Setting next_dagrun for example_bash_decorator to None, run_after=None
[2024-12-22T01:53:35.330+0000] {processor.py:183} INFO - Processing /home/airflow/.local/lib/python3.12/site-packages/airflow/example_dags/example_bash_decorator.py took 0.044 seconds
[2024-12-22T01:54:07.274+0000] {processor.py:161} INFO - Started process (PID=4705) to work on /home/airflow/.local/lib/python3.12/site-packages/airflow/example_dags/example_bash_decorator.py
[2024-12-22T01:54:07.274+0000] {processor.py:830} INFO - Processing file /home/airflow/.local/lib/python3.12/site-packages/airflow/example_dags/example_bash_decorator.py for tasks to queue
[2024-12-22T01:54:07.276+0000] {logging_mixin.py:188} INFO - [2024-12-22T01:54:07.275+0000] {dagbag.py:545} INFO - Filling up the DagBag from /home/airflow/.local/lib/python3.12/site-packages/airflow/example_dags/example_bash_decorator.py
[2024-12-22T01:54:07.282+0000] {processor.py:840} INFO - DAG(s) 'example_bash_decorator' retrieved from /home/airflow/.local/lib/python3.12/site-packages/airflow/example_dags/example_bash_decorator.py
[2024-12-22T01:54:07.295+0000] {logging_mixin.py:188} INFO - [2024-12-22T01:54:07.294+0000] {dag.py:3089} INFO - Sync 1 DAGs
[2024-12-22T01:54:07.301+0000] {logging_mixin.py:188} INFO - [2024-12-22T01:54:07.301+0000] {dag.py:3947} INFO - Setting next_dagrun for example_bash_decorator to None, run_after=None
[2024-12-22T01:54:07.309+0000] {processor.py:183} INFO - Processing /home/airflow/.local/lib/python3.12/site-packages/airflow/example_dags/example_bash_decorator.py took 0.039 seconds
[2024-12-22T01:54:40.289+0000] {processor.py:161} INFO - Started process (PID=4980) to work on /home/airflow/.local/lib/python3.12/site-packages/airflow/example_dags/example_bash_decorator.py
[2024-12-22T01:54:40.290+0000] {processor.py:830} INFO - Processing file /home/airflow/.local/lib/python3.12/site-packages/airflow/example_dags/example_bash_decorator.py for tasks to queue
[2024-12-22T01:54:40.291+0000] {logging_mixin.py:188} INFO - [2024-12-22T01:54:40.291+0000] {dagbag.py:545} INFO - Filling up the DagBag from /home/airflow/.local/lib/python3.12/site-packages/airflow/example_dags/example_bash_decorator.py
[2024-12-22T01:54:40.300+0000] {processor.py:840} INFO - DAG(s) 'example_bash_decorator' retrieved from /home/airflow/.local/lib/python3.12/site-packages/airflow/example_dags/example_bash_decorator.py
[2024-12-22T01:54:40.313+0000] {logging_mixin.py:188} INFO - [2024-12-22T01:54:40.313+0000] {dag.py:3089} INFO - Sync 1 DAGs
[2024-12-22T01:54:40.321+0000] {logging_mixin.py:188} INFO - [2024-12-22T01:54:40.320+0000] {dag.py:3947} INFO - Setting next_dagrun for example_bash_decorator to None, run_after=None
[2024-12-22T01:54:40.332+0000] {processor.py:183} INFO - Processing /home/airflow/.local/lib/python3.12/site-packages/airflow/example_dags/example_bash_decorator.py took 0.046 seconds
[2024-12-22T01:55:13.212+0000] {processor.py:161} INFO - Started process (PID=5257) to work on /home/airflow/.local/lib/python3.12/site-packages/airflow/example_dags/example_bash_decorator.py
[2024-12-22T01:55:13.213+0000] {processor.py:830} INFO - Processing file /home/airflow/.local/lib/python3.12/site-packages/airflow/example_dags/example_bash_decorator.py for tasks to queue
[2024-12-22T01:55:13.214+0000] {logging_mixin.py:188} INFO - [2024-12-22T01:55:13.214+0000] {dagbag.py:545} INFO - Filling up the DagBag from /home/airflow/.local/lib/python3.12/site-packages/airflow/example_dags/example_bash_decorator.py
[2024-12-22T01:55:13.223+0000] {processor.py:840} INFO - DAG(s) 'example_bash_decorator' retrieved from /home/airflow/.local/lib/python3.12/site-packages/airflow/example_dags/example_bash_decorator.py
[2024-12-22T01:55:13.237+0000] {logging_mixin.py:188} INFO - [2024-12-22T01:55:13.237+0000] {dag.py:3089} INFO - Sync 1 DAGs
[2024-12-22T01:55:13.243+0000] {logging_mixin.py:188} INFO - [2024-12-22T01:55:13.243+0000] {dag.py:3947} INFO - Setting next_dagrun for example_bash_decorator to None, run_after=None
[2024-12-22T01:55:13.253+0000] {processor.py:183} INFO - Processing /home/airflow/.local/lib/python3.12/site-packages/airflow/example_dags/example_bash_decorator.py took 0.046 seconds
[2024-12-22T01:55:43.839+0000] {processor.py:161} INFO - Started process (PID=5534) to work on /home/airflow/.local/lib/python3.12/site-packages/airflow/example_dags/example_bash_decorator.py
[2024-12-22T01:55:43.840+0000] {processor.py:830} INFO - Processing file /home/airflow/.local/lib/python3.12/site-packages/airflow/example_dags/example_bash_decorator.py for tasks to queue
[2024-12-22T01:55:43.842+0000] {logging_mixin.py:188} INFO - [2024-12-22T01:55:43.841+0000] {dagbag.py:545} INFO - Filling up the DagBag from /home/airflow/.local/lib/python3.12/site-packages/airflow/example_dags/example_bash_decorator.py
[2024-12-22T01:55:43.849+0000] {processor.py:840} INFO - DAG(s) 'example_bash_decorator' retrieved from /home/airflow/.local/lib/python3.12/site-packages/airflow/example_dags/example_bash_decorator.py
[2024-12-22T01:55:43.866+0000] {logging_mixin.py:188} INFO - [2024-12-22T01:55:43.866+0000] {dag.py:3089} INFO - Sync 1 DAGs
[2024-12-22T01:55:43.875+0000] {logging_mixin.py:188} INFO - [2024-12-22T01:55:43.875+0000] {dag.py:3947} INFO - Setting next_dagrun for example_bash_decorator to None, run_after=None
[2024-12-22T01:55:43.888+0000] {processor.py:183} INFO - Processing /home/airflow/.local/lib/python3.12/site-packages/airflow/example_dags/example_bash_decorator.py took 0.052 seconds
[2024-12-22T01:56:15.334+0000] {processor.py:161} INFO - Started process (PID=5811) to work on /home/airflow/.local/lib/python3.12/site-packages/airflow/example_dags/example_bash_decorator.py
[2024-12-22T01:56:15.335+0000] {processor.py:830} INFO - Processing file /home/airflow/.local/lib/python3.12/site-packages/airflow/example_dags/example_bash_decorator.py for tasks to queue
[2024-12-22T01:56:15.336+0000] {logging_mixin.py:188} INFO - [2024-12-22T01:56:15.336+0000] {dagbag.py:545} INFO - Filling up the DagBag from /home/airflow/.local/lib/python3.12/site-packages/airflow/example_dags/example_bash_decorator.py
[2024-12-22T01:56:15.343+0000] {processor.py:840} INFO - DAG(s) 'example_bash_decorator' retrieved from /home/airflow/.local/lib/python3.12/site-packages/airflow/example_dags/example_bash_decorator.py
[2024-12-22T01:56:15.359+0000] {logging_mixin.py:188} INFO - [2024-12-22T01:56:15.359+0000] {dag.py:3089} INFO - Sync 1 DAGs
[2024-12-22T01:56:15.368+0000] {logging_mixin.py:188} INFO - [2024-12-22T01:56:15.368+0000] {dag.py:3947} INFO - Setting next_dagrun for example_bash_decorator to None, run_after=None
[2024-12-22T01:56:15.379+0000] {processor.py:183} INFO - Processing /home/airflow/.local/lib/python3.12/site-packages/airflow/example_dags/example_bash_decorator.py took 0.049 seconds
[2024-12-22T01:56:45.684+0000] {processor.py:161} INFO - Started process (PID=6083) to work on /home/airflow/.local/lib/python3.12/site-packages/airflow/example_dags/example_bash_decorator.py
[2024-12-22T01:56:45.685+0000] {processor.py:830} INFO - Processing file /home/airflow/.local/lib/python3.12/site-packages/airflow/example_dags/example_bash_decorator.py for tasks to queue
[2024-12-22T01:56:45.686+0000] {logging_mixin.py:188} INFO - [2024-12-22T01:56:45.686+0000] {dagbag.py:545} INFO - Filling up the DagBag from /home/airflow/.local/lib/python3.12/site-packages/airflow/example_dags/example_bash_decorator.py
[2024-12-22T01:56:45.694+0000] {processor.py:840} INFO - DAG(s) 'example_bash_decorator' retrieved from /home/airflow/.local/lib/python3.12/site-packages/airflow/example_dags/example_bash_decorator.py
[2024-12-22T01:56:45.709+0000] {logging_mixin.py:188} INFO - [2024-12-22T01:56:45.709+0000] {dag.py:3089} INFO - Sync 1 DAGs
[2024-12-22T01:56:45.716+0000] {logging_mixin.py:188} INFO - [2024-12-22T01:56:45.716+0000] {dag.py:3947} INFO - Setting next_dagrun for example_bash_decorator to None, run_after=None
[2024-12-22T01:56:45.726+0000] {processor.py:183} INFO - Processing /home/airflow/.local/lib/python3.12/site-packages/airflow/example_dags/example_bash_decorator.py took 0.046 seconds
[2024-12-22T01:57:16.396+0000] {processor.py:161} INFO - Started process (PID=6366) to work on /home/airflow/.local/lib/python3.12/site-packages/airflow/example_dags/example_bash_decorator.py
[2024-12-22T01:57:16.397+0000] {processor.py:830} INFO - Processing file /home/airflow/.local/lib/python3.12/site-packages/airflow/example_dags/example_bash_decorator.py for tasks to queue
[2024-12-22T01:57:16.398+0000] {logging_mixin.py:188} INFO - [2024-12-22T01:57:16.398+0000] {dagbag.py:545} INFO - Filling up the DagBag from /home/airflow/.local/lib/python3.12/site-packages/airflow/example_dags/example_bash_decorator.py
[2024-12-22T01:57:16.406+0000] {processor.py:840} INFO - DAG(s) 'example_bash_decorator' retrieved from /home/airflow/.local/lib/python3.12/site-packages/airflow/example_dags/example_bash_decorator.py
[2024-12-22T01:57:16.421+0000] {logging_mixin.py:188} INFO - [2024-12-22T01:57:16.421+0000] {dag.py:3089} INFO - Sync 1 DAGs
[2024-12-22T01:57:16.430+0000] {logging_mixin.py:188} INFO - [2024-12-22T01:57:16.430+0000] {dag.py:3947} INFO - Setting next_dagrun for example_bash_decorator to None, run_after=None
[2024-12-22T01:57:16.442+0000] {processor.py:183} INFO - Processing /home/airflow/.local/lib/python3.12/site-packages/airflow/example_dags/example_bash_decorator.py took 0.049 seconds
[2024-12-22T01:57:49.389+0000] {processor.py:161} INFO - Started process (PID=6643) to work on /home/airflow/.local/lib/python3.12/site-packages/airflow/example_dags/example_bash_decorator.py
[2024-12-22T01:57:49.390+0000] {processor.py:830} INFO - Processing file /home/airflow/.local/lib/python3.12/site-packages/airflow/example_dags/example_bash_decorator.py for tasks to queue
[2024-12-22T01:57:49.392+0000] {logging_mixin.py:188} INFO - [2024-12-22T01:57:49.392+0000] {dagbag.py:545} INFO - Filling up the DagBag from /home/airflow/.local/lib/python3.12/site-packages/airflow/example_dags/example_bash_decorator.py
[2024-12-22T01:57:49.404+0000] {processor.py:840} INFO - DAG(s) 'example_bash_decorator' retrieved from /home/airflow/.local/lib/python3.12/site-packages/airflow/example_dags/example_bash_decorator.py
[2024-12-22T01:57:49.425+0000] {logging_mixin.py:188} INFO - [2024-12-22T01:57:49.425+0000] {dag.py:3089} INFO - Sync 1 DAGs
[2024-12-22T01:57:49.434+0000] {logging_mixin.py:188} INFO - [2024-12-22T01:57:49.434+0000] {dag.py:3947} INFO - Setting next_dagrun for example_bash_decorator to None, run_after=None
[2024-12-22T01:57:49.448+0000] {processor.py:183} INFO - Processing /home/airflow/.local/lib/python3.12/site-packages/airflow/example_dags/example_bash_decorator.py took 0.064 seconds
[2024-12-22T01:58:21.693+0000] {processor.py:161} INFO - Started process (PID=6920) to work on /home/airflow/.local/lib/python3.12/site-packages/airflow/example_dags/example_bash_decorator.py
[2024-12-22T01:58:21.694+0000] {processor.py:830} INFO - Processing file /home/airflow/.local/lib/python3.12/site-packages/airflow/example_dags/example_bash_decorator.py for tasks to queue
[2024-12-22T01:58:21.695+0000] {logging_mixin.py:188} INFO - [2024-12-22T01:58:21.695+0000] {dagbag.py:545} INFO - Filling up the DagBag from /home/airflow/.local/lib/python3.12/site-packages/airflow/example_dags/example_bash_decorator.py
[2024-12-22T01:58:21.702+0000] {processor.py:840} INFO - DAG(s) 'example_bash_decorator' retrieved from /home/airflow/.local/lib/python3.12/site-packages/airflow/example_dags/example_bash_decorator.py
[2024-12-22T01:58:21.717+0000] {logging_mixin.py:188} INFO - [2024-12-22T01:58:21.717+0000] {dag.py:3089} INFO - Sync 1 DAGs
[2024-12-22T01:58:21.726+0000] {logging_mixin.py:188} INFO - [2024-12-22T01:58:21.726+0000] {dag.py:3947} INFO - Setting next_dagrun for example_bash_decorator to None, run_after=None
[2024-12-22T01:58:21.739+0000] {processor.py:183} INFO - Processing /home/airflow/.local/lib/python3.12/site-packages/airflow/example_dags/example_bash_decorator.py took 0.049 seconds
[2024-12-22T01:58:54.782+0000] {processor.py:161} INFO - Started process (PID=7197) to work on /home/airflow/.local/lib/python3.12/site-packages/airflow/example_dags/example_bash_decorator.py
[2024-12-22T01:58:54.783+0000] {processor.py:830} INFO - Processing file /home/airflow/.local/lib/python3.12/site-packages/airflow/example_dags/example_bash_decorator.py for tasks to queue
[2024-12-22T01:58:54.785+0000] {logging_mixin.py:188} INFO - [2024-12-22T01:58:54.785+0000] {dagbag.py:545} INFO - Filling up the DagBag from /home/airflow/.local/lib/python3.12/site-packages/airflow/example_dags/example_bash_decorator.py
[2024-12-22T01:58:54.797+0000] {processor.py:840} INFO - DAG(s) 'example_bash_decorator' retrieved from /home/airflow/.local/lib/python3.12/site-packages/airflow/example_dags/example_bash_decorator.py
[2024-12-22T01:58:54.816+0000] {logging_mixin.py:188} INFO - [2024-12-22T01:58:54.816+0000] {dag.py:3089} INFO - Sync 1 DAGs
[2024-12-22T01:58:54.825+0000] {logging_mixin.py:188} INFO - [2024-12-22T01:58:54.825+0000] {dag.py:3947} INFO - Setting next_dagrun for example_bash_decorator to None, run_after=None
[2024-12-22T01:58:54.838+0000] {processor.py:183} INFO - Processing /home/airflow/.local/lib/python3.12/site-packages/airflow/example_dags/example_bash_decorator.py took 0.063 seconds
[2024-12-22T01:59:25.548+0000] {processor.py:161} INFO - Started process (PID=7474) to work on /home/airflow/.local/lib/python3.12/site-packages/airflow/example_dags/example_bash_decorator.py
[2024-12-22T01:59:25.549+0000] {processor.py:830} INFO - Processing file /home/airflow/.local/lib/python3.12/site-packages/airflow/example_dags/example_bash_decorator.py for tasks to queue
[2024-12-22T01:59:25.550+0000] {logging_mixin.py:188} INFO - [2024-12-22T01:59:25.550+0000] {dagbag.py:545} INFO - Filling up the DagBag from /home/airflow/.local/lib/python3.12/site-packages/airflow/example_dags/example_bash_decorator.py
[2024-12-22T01:59:25.558+0000] {processor.py:840} INFO - DAG(s) 'example_bash_decorator' retrieved from /home/airflow/.local/lib/python3.12/site-packages/airflow/example_dags/example_bash_decorator.py
[2024-12-22T01:59:25.572+0000] {logging_mixin.py:188} INFO - [2024-12-22T01:59:25.572+0000] {dag.py:3089} INFO - Sync 1 DAGs
[2024-12-22T01:59:25.581+0000] {logging_mixin.py:188} INFO - [2024-12-22T01:59:25.581+0000] {dag.py:3947} INFO - Setting next_dagrun for example_bash_decorator to None, run_after=None
[2024-12-22T01:59:25.593+0000] {processor.py:183} INFO - Processing /home/airflow/.local/lib/python3.12/site-packages/airflow/example_dags/example_bash_decorator.py took 0.049 seconds
[2024-12-22T01:59:56.248+0000] {processor.py:161} INFO - Started process (PID=7751) to work on /home/airflow/.local/lib/python3.12/site-packages/airflow/example_dags/example_bash_decorator.py
[2024-12-22T01:59:56.249+0000] {processor.py:830} INFO - Processing file /home/airflow/.local/lib/python3.12/site-packages/airflow/example_dags/example_bash_decorator.py for tasks to queue
[2024-12-22T01:59:56.252+0000] {logging_mixin.py:188} INFO - [2024-12-22T01:59:56.251+0000] {dagbag.py:545} INFO - Filling up the DagBag from /home/airflow/.local/lib/python3.12/site-packages/airflow/example_dags/example_bash_decorator.py
[2024-12-22T01:59:56.264+0000] {processor.py:840} INFO - DAG(s) 'example_bash_decorator' retrieved from /home/airflow/.local/lib/python3.12/site-packages/airflow/example_dags/example_bash_decorator.py
[2024-12-22T01:59:56.284+0000] {logging_mixin.py:188} INFO - [2024-12-22T01:59:56.284+0000] {dag.py:3089} INFO - Sync 1 DAGs
[2024-12-22T01:59:56.294+0000] {logging_mixin.py:188} INFO - [2024-12-22T01:59:56.294+0000] {dag.py:3947} INFO - Setting next_dagrun for example_bash_decorator to None, run_after=None
[2024-12-22T01:59:56.306+0000] {processor.py:183} INFO - Processing /home/airflow/.local/lib/python3.12/site-packages/airflow/example_dags/example_bash_decorator.py took 0.064 seconds
[2024-12-22T02:00:27.452+0000] {processor.py:161} INFO - Started process (PID=8028) to work on /home/airflow/.local/lib/python3.12/site-packages/airflow/example_dags/example_bash_decorator.py
[2024-12-22T02:00:27.452+0000] {processor.py:830} INFO - Processing file /home/airflow/.local/lib/python3.12/site-packages/airflow/example_dags/example_bash_decorator.py for tasks to queue
[2024-12-22T02:00:27.454+0000] {logging_mixin.py:188} INFO - [2024-12-22T02:00:27.453+0000] {dagbag.py:545} INFO - Filling up the DagBag from /home/airflow/.local/lib/python3.12/site-packages/airflow/example_dags/example_bash_decorator.py
[2024-12-22T02:00:27.463+0000] {processor.py:840} INFO - DAG(s) 'example_bash_decorator' retrieved from /home/airflow/.local/lib/python3.12/site-packages/airflow/example_dags/example_bash_decorator.py
[2024-12-22T02:00:27.482+0000] {logging_mixin.py:188} INFO - [2024-12-22T02:00:27.482+0000] {dag.py:3089} INFO - Sync 1 DAGs
[2024-12-22T02:00:27.492+0000] {logging_mixin.py:188} INFO - [2024-12-22T02:00:27.492+0000] {dag.py:3947} INFO - Setting next_dagrun for example_bash_decorator to None, run_after=None
[2024-12-22T02:00:27.505+0000] {processor.py:183} INFO - Processing /home/airflow/.local/lib/python3.12/site-packages/airflow/example_dags/example_bash_decorator.py took 0.057 seconds
[2024-12-22T02:00:57.823+0000] {processor.py:161} INFO - Started process (PID=8302) to work on /home/airflow/.local/lib/python3.12/site-packages/airflow/example_dags/example_bash_decorator.py
[2024-12-22T02:00:57.824+0000] {processor.py:830} INFO - Processing file /home/airflow/.local/lib/python3.12/site-packages/airflow/example_dags/example_bash_decorator.py for tasks to queue
[2024-12-22T02:00:57.825+0000] {logging_mixin.py:188} INFO - [2024-12-22T02:00:57.825+0000] {dagbag.py:545} INFO - Filling up the DagBag from /home/airflow/.local/lib/python3.12/site-packages/airflow/example_dags/example_bash_decorator.py
[2024-12-22T02:00:57.831+0000] {processor.py:840} INFO - DAG(s) 'example_bash_decorator' retrieved from /home/airflow/.local/lib/python3.12/site-packages/airflow/example_dags/example_bash_decorator.py
[2024-12-22T02:00:57.844+0000] {logging_mixin.py:188} INFO - [2024-12-22T02:00:57.844+0000] {dag.py:3089} INFO - Sync 1 DAGs
[2024-12-22T02:00:57.850+0000] {logging_mixin.py:188} INFO - [2024-12-22T02:00:57.850+0000] {dag.py:3947} INFO - Setting next_dagrun for example_bash_decorator to None, run_after=None
[2024-12-22T02:00:57.859+0000] {processor.py:183} INFO - Processing /home/airflow/.local/lib/python3.12/site-packages/airflow/example_dags/example_bash_decorator.py took 0.039 seconds
[2024-12-22T02:01:30.928+0000] {processor.py:161} INFO - Started process (PID=8582) to work on /home/airflow/.local/lib/python3.12/site-packages/airflow/example_dags/example_bash_decorator.py
[2024-12-22T02:01:30.928+0000] {processor.py:830} INFO - Processing file /home/airflow/.local/lib/python3.12/site-packages/airflow/example_dags/example_bash_decorator.py for tasks to queue
[2024-12-22T02:01:30.929+0000] {logging_mixin.py:188} INFO - [2024-12-22T02:01:30.929+0000] {dagbag.py:545} INFO - Filling up the DagBag from /home/airflow/.local/lib/python3.12/site-packages/airflow/example_dags/example_bash_decorator.py
[2024-12-22T02:01:30.936+0000] {processor.py:840} INFO - DAG(s) 'example_bash_decorator' retrieved from /home/airflow/.local/lib/python3.12/site-packages/airflow/example_dags/example_bash_decorator.py
[2024-12-22T02:01:30.952+0000] {logging_mixin.py:188} INFO - [2024-12-22T02:01:30.952+0000] {dag.py:3089} INFO - Sync 1 DAGs
[2024-12-22T02:01:30.960+0000] {logging_mixin.py:188} INFO - [2024-12-22T02:01:30.960+0000] {dag.py:3947} INFO - Setting next_dagrun for example_bash_decorator to None, run_after=None
[2024-12-22T02:01:30.971+0000] {processor.py:183} INFO - Processing /home/airflow/.local/lib/python3.12/site-packages/airflow/example_dags/example_bash_decorator.py took 0.047 seconds
[2024-12-22T02:02:03.920+0000] {processor.py:161} INFO - Started process (PID=8859) to work on /home/airflow/.local/lib/python3.12/site-packages/airflow/example_dags/example_bash_decorator.py
[2024-12-22T02:02:03.921+0000] {processor.py:830} INFO - Processing file /home/airflow/.local/lib/python3.12/site-packages/airflow/example_dags/example_bash_decorator.py for tasks to queue
[2024-12-22T02:02:03.923+0000] {logging_mixin.py:188} INFO - [2024-12-22T02:02:03.923+0000] {dagbag.py:545} INFO - Filling up the DagBag from /home/airflow/.local/lib/python3.12/site-packages/airflow/example_dags/example_bash_decorator.py
[2024-12-22T02:02:03.934+0000] {processor.py:840} INFO - DAG(s) 'example_bash_decorator' retrieved from /home/airflow/.local/lib/python3.12/site-packages/airflow/example_dags/example_bash_decorator.py
[2024-12-22T02:02:03.951+0000] {logging_mixin.py:188} INFO - [2024-12-22T02:02:03.951+0000] {dag.py:3089} INFO - Sync 1 DAGs
[2024-12-22T02:02:03.959+0000] {logging_mixin.py:188} INFO - [2024-12-22T02:02:03.959+0000] {dag.py:3947} INFO - Setting next_dagrun for example_bash_decorator to None, run_after=None
[2024-12-22T02:02:03.971+0000] {processor.py:183} INFO - Processing /home/airflow/.local/lib/python3.12/site-packages/airflow/example_dags/example_bash_decorator.py took 0.057 seconds
[2024-12-22T02:02:35.880+0000] {processor.py:161} INFO - Started process (PID=9136) to work on /home/airflow/.local/lib/python3.12/site-packages/airflow/example_dags/example_bash_decorator.py
[2024-12-22T02:02:35.881+0000] {processor.py:830} INFO - Processing file /home/airflow/.local/lib/python3.12/site-packages/airflow/example_dags/example_bash_decorator.py for tasks to queue
[2024-12-22T02:02:35.883+0000] {logging_mixin.py:188} INFO - [2024-12-22T02:02:35.882+0000] {dagbag.py:545} INFO - Filling up the DagBag from /home/airflow/.local/lib/python3.12/site-packages/airflow/example_dags/example_bash_decorator.py
[2024-12-22T02:02:35.896+0000] {processor.py:840} INFO - DAG(s) 'example_bash_decorator' retrieved from /home/airflow/.local/lib/python3.12/site-packages/airflow/example_dags/example_bash_decorator.py
[2024-12-22T02:02:35.916+0000] {logging_mixin.py:188} INFO - [2024-12-22T02:02:35.915+0000] {dag.py:3089} INFO - Sync 1 DAGs
[2024-12-22T02:02:35.925+0000] {logging_mixin.py:188} INFO - [2024-12-22T02:02:35.925+0000] {dag.py:3947} INFO - Setting next_dagrun for example_bash_decorator to None, run_after=None
[2024-12-22T02:02:35.939+0000] {processor.py:183} INFO - Processing /home/airflow/.local/lib/python3.12/site-packages/airflow/example_dags/example_bash_decorator.py took 0.063 seconds
[2024-12-22T02:03:07.154+0000] {processor.py:161} INFO - Started process (PID=9410) to work on /home/airflow/.local/lib/python3.12/site-packages/airflow/example_dags/example_bash_decorator.py
[2024-12-22T02:03:07.155+0000] {processor.py:830} INFO - Processing file /home/airflow/.local/lib/python3.12/site-packages/airflow/example_dags/example_bash_decorator.py for tasks to queue
[2024-12-22T02:03:07.156+0000] {logging_mixin.py:188} INFO - [2024-12-22T02:03:07.155+0000] {dagbag.py:545} INFO - Filling up the DagBag from /home/airflow/.local/lib/python3.12/site-packages/airflow/example_dags/example_bash_decorator.py
[2024-12-22T02:03:07.163+0000] {processor.py:840} INFO - DAG(s) 'example_bash_decorator' retrieved from /home/airflow/.local/lib/python3.12/site-packages/airflow/example_dags/example_bash_decorator.py
[2024-12-22T02:03:07.178+0000] {logging_mixin.py:188} INFO - [2024-12-22T02:03:07.177+0000] {dag.py:3089} INFO - Sync 1 DAGs
[2024-12-22T02:03:07.184+0000] {logging_mixin.py:188} INFO - [2024-12-22T02:03:07.184+0000] {dag.py:3947} INFO - Setting next_dagrun for example_bash_decorator to None, run_after=None
[2024-12-22T02:03:07.195+0000] {processor.py:183} INFO - Processing /home/airflow/.local/lib/python3.12/site-packages/airflow/example_dags/example_bash_decorator.py took 0.045 seconds
[2024-12-22T02:03:37.715+0000] {processor.py:161} INFO - Started process (PID=9685) to work on /home/airflow/.local/lib/python3.12/site-packages/airflow/example_dags/example_bash_decorator.py
[2024-12-22T02:03:37.715+0000] {processor.py:830} INFO - Processing file /home/airflow/.local/lib/python3.12/site-packages/airflow/example_dags/example_bash_decorator.py for tasks to queue
[2024-12-22T02:03:37.717+0000] {logging_mixin.py:188} INFO - [2024-12-22T02:03:37.717+0000] {dagbag.py:545} INFO - Filling up the DagBag from /home/airflow/.local/lib/python3.12/site-packages/airflow/example_dags/example_bash_decorator.py
[2024-12-22T02:03:37.724+0000] {processor.py:840} INFO - DAG(s) 'example_bash_decorator' retrieved from /home/airflow/.local/lib/python3.12/site-packages/airflow/example_dags/example_bash_decorator.py
[2024-12-22T02:03:37.740+0000] {logging_mixin.py:188} INFO - [2024-12-22T02:03:37.740+0000] {dag.py:3089} INFO - Sync 1 DAGs
[2024-12-22T02:03:37.748+0000] {logging_mixin.py:188} INFO - [2024-12-22T02:03:37.747+0000] {dag.py:3947} INFO - Setting next_dagrun for example_bash_decorator to None, run_after=None
[2024-12-22T02:03:37.759+0000] {processor.py:183} INFO - Processing /home/airflow/.local/lib/python3.12/site-packages/airflow/example_dags/example_bash_decorator.py took 0.048 seconds
[2024-12-22T02:04:08.469+0000] {processor.py:161} INFO - Started process (PID=9967) to work on /home/airflow/.local/lib/python3.12/site-packages/airflow/example_dags/example_bash_decorator.py
[2024-12-22T02:04:08.470+0000] {processor.py:830} INFO - Processing file /home/airflow/.local/lib/python3.12/site-packages/airflow/example_dags/example_bash_decorator.py for tasks to queue
[2024-12-22T02:04:08.472+0000] {logging_mixin.py:188} INFO - [2024-12-22T02:04:08.472+0000] {dagbag.py:545} INFO - Filling up the DagBag from /home/airflow/.local/lib/python3.12/site-packages/airflow/example_dags/example_bash_decorator.py
[2024-12-22T02:04:08.487+0000] {processor.py:840} INFO - DAG(s) 'example_bash_decorator' retrieved from /home/airflow/.local/lib/python3.12/site-packages/airflow/example_dags/example_bash_decorator.py
[2024-12-22T02:04:08.511+0000] {logging_mixin.py:188} INFO - [2024-12-22T02:04:08.511+0000] {dag.py:3089} INFO - Sync 1 DAGs
[2024-12-22T02:04:08.522+0000] {logging_mixin.py:188} INFO - [2024-12-22T02:04:08.522+0000] {dag.py:3947} INFO - Setting next_dagrun for example_bash_decorator to None, run_after=None
[2024-12-22T02:04:08.538+0000] {processor.py:183} INFO - Processing /home/airflow/.local/lib/python3.12/site-packages/airflow/example_dags/example_bash_decorator.py took 0.077 seconds
[2024-12-22T02:04:39.305+0000] {processor.py:161} INFO - Started process (PID=10239) to work on /home/airflow/.local/lib/python3.12/site-packages/airflow/example_dags/example_bash_decorator.py
[2024-12-22T02:04:39.306+0000] {processor.py:830} INFO - Processing file /home/airflow/.local/lib/python3.12/site-packages/airflow/example_dags/example_bash_decorator.py for tasks to queue
[2024-12-22T02:04:39.308+0000] {logging_mixin.py:188} INFO - [2024-12-22T02:04:39.308+0000] {dagbag.py:545} INFO - Filling up the DagBag from /home/airflow/.local/lib/python3.12/site-packages/airflow/example_dags/example_bash_decorator.py
[2024-12-22T02:04:39.319+0000] {processor.py:840} INFO - DAG(s) 'example_bash_decorator' retrieved from /home/airflow/.local/lib/python3.12/site-packages/airflow/example_dags/example_bash_decorator.py
[2024-12-22T02:04:39.334+0000] {logging_mixin.py:188} INFO - [2024-12-22T02:04:39.334+0000] {dag.py:3089} INFO - Sync 1 DAGs
[2024-12-22T02:04:39.340+0000] {logging_mixin.py:188} INFO - [2024-12-22T02:04:39.340+0000] {dag.py:3947} INFO - Setting next_dagrun for example_bash_decorator to None, run_after=None
[2024-12-22T02:04:39.350+0000] {processor.py:183} INFO - Processing /home/airflow/.local/lib/python3.12/site-packages/airflow/example_dags/example_bash_decorator.py took 0.053 seconds
[2024-12-22T02:05:12.432+0000] {processor.py:161} INFO - Started process (PID=10521) to work on /home/airflow/.local/lib/python3.12/site-packages/airflow/example_dags/example_bash_decorator.py
[2024-12-22T02:05:12.433+0000] {processor.py:830} INFO - Processing file /home/airflow/.local/lib/python3.12/site-packages/airflow/example_dags/example_bash_decorator.py for tasks to queue
[2024-12-22T02:05:12.434+0000] {logging_mixin.py:188} INFO - [2024-12-22T02:05:12.434+0000] {dagbag.py:545} INFO - Filling up the DagBag from /home/airflow/.local/lib/python3.12/site-packages/airflow/example_dags/example_bash_decorator.py
[2024-12-22T02:05:12.442+0000] {processor.py:840} INFO - DAG(s) 'example_bash_decorator' retrieved from /home/airflow/.local/lib/python3.12/site-packages/airflow/example_dags/example_bash_decorator.py
[2024-12-22T02:05:12.459+0000] {logging_mixin.py:188} INFO - [2024-12-22T02:05:12.458+0000] {dag.py:3089} INFO - Sync 1 DAGs
[2024-12-22T02:05:12.466+0000] {logging_mixin.py:188} INFO - [2024-12-22T02:05:12.466+0000] {dag.py:3947} INFO - Setting next_dagrun for example_bash_decorator to None, run_after=None
[2024-12-22T02:05:12.479+0000] {processor.py:183} INFO - Processing /home/airflow/.local/lib/python3.12/site-packages/airflow/example_dags/example_bash_decorator.py took 0.051 seconds
[2024-12-22T02:05:45.082+0000] {processor.py:161} INFO - Started process (PID=10798) to work on /home/airflow/.local/lib/python3.12/site-packages/airflow/example_dags/example_bash_decorator.py
[2024-12-22T02:05:45.083+0000] {processor.py:830} INFO - Processing file /home/airflow/.local/lib/python3.12/site-packages/airflow/example_dags/example_bash_decorator.py for tasks to queue
[2024-12-22T02:05:45.084+0000] {logging_mixin.py:188} INFO - [2024-12-22T02:05:45.084+0000] {dagbag.py:545} INFO - Filling up the DagBag from /home/airflow/.local/lib/python3.12/site-packages/airflow/example_dags/example_bash_decorator.py
[2024-12-22T02:05:45.093+0000] {processor.py:840} INFO - DAG(s) 'example_bash_decorator' retrieved from /home/airflow/.local/lib/python3.12/site-packages/airflow/example_dags/example_bash_decorator.py
[2024-12-22T02:05:45.107+0000] {logging_mixin.py:188} INFO - [2024-12-22T02:05:45.107+0000] {dag.py:3089} INFO - Sync 1 DAGs
[2024-12-22T02:05:45.113+0000] {logging_mixin.py:188} INFO - [2024-12-22T02:05:45.113+0000] {dag.py:3947} INFO - Setting next_dagrun for example_bash_decorator to None, run_after=None
[2024-12-22T02:05:45.124+0000] {processor.py:183} INFO - Processing /home/airflow/.local/lib/python3.12/site-packages/airflow/example_dags/example_bash_decorator.py took 0.045 seconds
[2024-12-22T02:06:16.264+0000] {processor.py:161} INFO - Started process (PID=11075) to work on /home/airflow/.local/lib/python3.12/site-packages/airflow/example_dags/example_bash_decorator.py
[2024-12-22T02:06:16.265+0000] {processor.py:830} INFO - Processing file /home/airflow/.local/lib/python3.12/site-packages/airflow/example_dags/example_bash_decorator.py for tasks to queue
[2024-12-22T02:06:16.266+0000] {logging_mixin.py:188} INFO - [2024-12-22T02:06:16.266+0000] {dagbag.py:545} INFO - Filling up the DagBag from /home/airflow/.local/lib/python3.12/site-packages/airflow/example_dags/example_bash_decorator.py
[2024-12-22T02:06:16.275+0000] {processor.py:840} INFO - DAG(s) 'example_bash_decorator' retrieved from /home/airflow/.local/lib/python3.12/site-packages/airflow/example_dags/example_bash_decorator.py
[2024-12-22T02:06:16.289+0000] {logging_mixin.py:188} INFO - [2024-12-22T02:06:16.289+0000] {dag.py:3089} INFO - Sync 1 DAGs
[2024-12-22T02:06:16.296+0000] {logging_mixin.py:188} INFO - [2024-12-22T02:06:16.296+0000] {dag.py:3947} INFO - Setting next_dagrun for example_bash_decorator to None, run_after=None
[2024-12-22T02:06:16.309+0000] {processor.py:183} INFO - Processing /home/airflow/.local/lib/python3.12/site-packages/airflow/example_dags/example_bash_decorator.py took 0.049 seconds
[2024-12-22T02:06:47.246+0000] {processor.py:161} INFO - Started process (PID=11352) to work on /home/airflow/.local/lib/python3.12/site-packages/airflow/example_dags/example_bash_decorator.py
[2024-12-22T02:06:47.247+0000] {processor.py:830} INFO - Processing file /home/airflow/.local/lib/python3.12/site-packages/airflow/example_dags/example_bash_decorator.py for tasks to queue
[2024-12-22T02:06:47.249+0000] {logging_mixin.py:188} INFO - [2024-12-22T02:06:47.249+0000] {dagbag.py:545} INFO - Filling up the DagBag from /home/airflow/.local/lib/python3.12/site-packages/airflow/example_dags/example_bash_decorator.py
[2024-12-22T02:06:47.258+0000] {processor.py:840} INFO - DAG(s) 'example_bash_decorator' retrieved from /home/airflow/.local/lib/python3.12/site-packages/airflow/example_dags/example_bash_decorator.py
[2024-12-22T02:06:47.275+0000] {logging_mixin.py:188} INFO - [2024-12-22T02:06:47.274+0000] {dag.py:3089} INFO - Sync 1 DAGs
[2024-12-22T02:06:47.282+0000] {logging_mixin.py:188} INFO - [2024-12-22T02:06:47.282+0000] {dag.py:3947} INFO - Setting next_dagrun for example_bash_decorator to None, run_after=None
[2024-12-22T02:06:47.294+0000] {processor.py:183} INFO - Processing /home/airflow/.local/lib/python3.12/site-packages/airflow/example_dags/example_bash_decorator.py took 0.052 seconds
[2024-12-22T02:07:17.756+0000] {processor.py:161} INFO - Started process (PID=11624) to work on /home/airflow/.local/lib/python3.12/site-packages/airflow/example_dags/example_bash_decorator.py
[2024-12-22T02:07:17.757+0000] {processor.py:830} INFO - Processing file /home/airflow/.local/lib/python3.12/site-packages/airflow/example_dags/example_bash_decorator.py for tasks to queue
[2024-12-22T02:07:17.758+0000] {logging_mixin.py:188} INFO - [2024-12-22T02:07:17.758+0000] {dagbag.py:545} INFO - Filling up the DagBag from /home/airflow/.local/lib/python3.12/site-packages/airflow/example_dags/example_bash_decorator.py
[2024-12-22T02:07:17.766+0000] {processor.py:840} INFO - DAG(s) 'example_bash_decorator' retrieved from /home/airflow/.local/lib/python3.12/site-packages/airflow/example_dags/example_bash_decorator.py
[2024-12-22T02:07:17.784+0000] {logging_mixin.py:188} INFO - [2024-12-22T02:07:17.783+0000] {dag.py:3089} INFO - Sync 1 DAGs
[2024-12-22T02:07:17.793+0000] {logging_mixin.py:188} INFO - [2024-12-22T02:07:17.792+0000] {dag.py:3947} INFO - Setting next_dagrun for example_bash_decorator to None, run_after=None
[2024-12-22T02:07:17.812+0000] {processor.py:183} INFO - Processing /home/airflow/.local/lib/python3.12/site-packages/airflow/example_dags/example_bash_decorator.py took 0.061 seconds
[2024-12-22T02:07:51.155+0000] {processor.py:161} INFO - Started process (PID=11906) to work on /home/airflow/.local/lib/python3.12/site-packages/airflow/example_dags/example_bash_decorator.py
[2024-12-22T02:07:51.156+0000] {processor.py:830} INFO - Processing file /home/airflow/.local/lib/python3.12/site-packages/airflow/example_dags/example_bash_decorator.py for tasks to queue
[2024-12-22T02:07:51.158+0000] {logging_mixin.py:188} INFO - [2024-12-22T02:07:51.157+0000] {dagbag.py:545} INFO - Filling up the DagBag from /home/airflow/.local/lib/python3.12/site-packages/airflow/example_dags/example_bash_decorator.py
[2024-12-22T02:07:51.166+0000] {processor.py:840} INFO - DAG(s) 'example_bash_decorator' retrieved from /home/airflow/.local/lib/python3.12/site-packages/airflow/example_dags/example_bash_decorator.py
[2024-12-22T02:07:51.180+0000] {logging_mixin.py:188} INFO - [2024-12-22T02:07:51.180+0000] {dag.py:3089} INFO - Sync 1 DAGs
[2024-12-22T02:07:51.186+0000] {logging_mixin.py:188} INFO - [2024-12-22T02:07:51.186+0000] {dag.py:3947} INFO - Setting next_dagrun for example_bash_decorator to None, run_after=None
[2024-12-22T02:07:51.197+0000] {processor.py:183} INFO - Processing /home/airflow/.local/lib/python3.12/site-packages/airflow/example_dags/example_bash_decorator.py took 0.046 seconds
[2024-12-22T02:08:23.646+0000] {processor.py:161} INFO - Started process (PID=12183) to work on /home/airflow/.local/lib/python3.12/site-packages/airflow/example_dags/example_bash_decorator.py
[2024-12-22T02:08:23.647+0000] {processor.py:830} INFO - Processing file /home/airflow/.local/lib/python3.12/site-packages/airflow/example_dags/example_bash_decorator.py for tasks to queue
[2024-12-22T02:08:23.649+0000] {logging_mixin.py:188} INFO - [2024-12-22T02:08:23.649+0000] {dagbag.py:545} INFO - Filling up the DagBag from /home/airflow/.local/lib/python3.12/site-packages/airflow/example_dags/example_bash_decorator.py
[2024-12-22T02:08:23.658+0000] {processor.py:840} INFO - DAG(s) 'example_bash_decorator' retrieved from /home/airflow/.local/lib/python3.12/site-packages/airflow/example_dags/example_bash_decorator.py
[2024-12-22T02:08:23.672+0000] {logging_mixin.py:188} INFO - [2024-12-22T02:08:23.672+0000] {dag.py:3089} INFO - Sync 1 DAGs
[2024-12-22T02:08:23.679+0000] {logging_mixin.py:188} INFO - [2024-12-22T02:08:23.679+0000] {dag.py:3947} INFO - Setting next_dagrun for example_bash_decorator to None, run_after=None
[2024-12-22T02:08:23.691+0000] {processor.py:183} INFO - Processing /home/airflow/.local/lib/python3.12/site-packages/airflow/example_dags/example_bash_decorator.py took 0.048 seconds
[2024-12-22T02:08:56.073+0000] {processor.py:161} INFO - Started process (PID=12460) to work on /home/airflow/.local/lib/python3.12/site-packages/airflow/example_dags/example_bash_decorator.py
[2024-12-22T02:08:56.073+0000] {processor.py:830} INFO - Processing file /home/airflow/.local/lib/python3.12/site-packages/airflow/example_dags/example_bash_decorator.py for tasks to queue
[2024-12-22T02:08:56.075+0000] {logging_mixin.py:188} INFO - [2024-12-22T02:08:56.075+0000] {dagbag.py:545} INFO - Filling up the DagBag from /home/airflow/.local/lib/python3.12/site-packages/airflow/example_dags/example_bash_decorator.py
[2024-12-22T02:08:56.083+0000] {processor.py:840} INFO - DAG(s) 'example_bash_decorator' retrieved from /home/airflow/.local/lib/python3.12/site-packages/airflow/example_dags/example_bash_decorator.py
[2024-12-22T02:08:56.101+0000] {logging_mixin.py:188} INFO - [2024-12-22T02:08:56.100+0000] {dag.py:3089} INFO - Sync 1 DAGs
[2024-12-22T02:08:56.108+0000] {logging_mixin.py:188} INFO - [2024-12-22T02:08:56.108+0000] {dag.py:3947} INFO - Setting next_dagrun for example_bash_decorator to None, run_after=None
[2024-12-22T02:08:56.122+0000] {processor.py:183} INFO - Processing /home/airflow/.local/lib/python3.12/site-packages/airflow/example_dags/example_bash_decorator.py took 0.054 seconds
[2024-12-22T02:09:28.270+0000] {processor.py:161} INFO - Started process (PID=12734) to work on /home/airflow/.local/lib/python3.12/site-packages/airflow/example_dags/example_bash_decorator.py
[2024-12-22T02:09:28.271+0000] {processor.py:830} INFO - Processing file /home/airflow/.local/lib/python3.12/site-packages/airflow/example_dags/example_bash_decorator.py for tasks to queue
[2024-12-22T02:09:28.272+0000] {logging_mixin.py:188} INFO - [2024-12-22T02:09:28.272+0000] {dagbag.py:545} INFO - Filling up the DagBag from /home/airflow/.local/lib/python3.12/site-packages/airflow/example_dags/example_bash_decorator.py
[2024-12-22T02:09:28.279+0000] {processor.py:840} INFO - DAG(s) 'example_bash_decorator' retrieved from /home/airflow/.local/lib/python3.12/site-packages/airflow/example_dags/example_bash_decorator.py
[2024-12-22T02:09:28.395+0000] {logging_mixin.py:188} INFO - [2024-12-22T02:09:28.394+0000] {dag.py:3089} INFO - Sync 1 DAGs
[2024-12-22T02:09:28.400+0000] {logging_mixin.py:188} INFO - [2024-12-22T02:09:28.400+0000] {dag.py:3947} INFO - Setting next_dagrun for example_bash_decorator to None, run_after=None
[2024-12-22T02:09:28.411+0000] {processor.py:183} INFO - Processing /home/airflow/.local/lib/python3.12/site-packages/airflow/example_dags/example_bash_decorator.py took 0.145 seconds
[2024-12-22T02:09:58.512+0000] {processor.py:161} INFO - Started process (PID=13009) to work on /home/airflow/.local/lib/python3.12/site-packages/airflow/example_dags/example_bash_decorator.py
[2024-12-22T02:09:58.512+0000] {processor.py:830} INFO - Processing file /home/airflow/.local/lib/python3.12/site-packages/airflow/example_dags/example_bash_decorator.py for tasks to queue
[2024-12-22T02:09:58.514+0000] {logging_mixin.py:188} INFO - [2024-12-22T02:09:58.514+0000] {dagbag.py:545} INFO - Filling up the DagBag from /home/airflow/.local/lib/python3.12/site-packages/airflow/example_dags/example_bash_decorator.py
[2024-12-22T02:09:58.523+0000] {processor.py:840} INFO - DAG(s) 'example_bash_decorator' retrieved from /home/airflow/.local/lib/python3.12/site-packages/airflow/example_dags/example_bash_decorator.py
[2024-12-22T02:09:58.541+0000] {logging_mixin.py:188} INFO - [2024-12-22T02:09:58.541+0000] {dag.py:3089} INFO - Sync 1 DAGs
[2024-12-22T02:09:58.662+0000] {logging_mixin.py:188} INFO - [2024-12-22T02:09:58.662+0000] {dag.py:3947} INFO - Setting next_dagrun for example_bash_decorator to None, run_after=None
[2024-12-22T02:09:58.673+0000] {processor.py:183} INFO - Processing /home/airflow/.local/lib/python3.12/site-packages/airflow/example_dags/example_bash_decorator.py took 0.166 seconds
[2024-12-22T02:10:29.713+0000] {processor.py:161} INFO - Started process (PID=13291) to work on /home/airflow/.local/lib/python3.12/site-packages/airflow/example_dags/example_bash_decorator.py
[2024-12-22T02:10:29.714+0000] {processor.py:830} INFO - Processing file /home/airflow/.local/lib/python3.12/site-packages/airflow/example_dags/example_bash_decorator.py for tasks to queue
[2024-12-22T02:10:29.715+0000] {logging_mixin.py:188} INFO - [2024-12-22T02:10:29.715+0000] {dagbag.py:545} INFO - Filling up the DagBag from /home/airflow/.local/lib/python3.12/site-packages/airflow/example_dags/example_bash_decorator.py
[2024-12-22T02:10:29.722+0000] {processor.py:840} INFO - DAG(s) 'example_bash_decorator' retrieved from /home/airflow/.local/lib/python3.12/site-packages/airflow/example_dags/example_bash_decorator.py
[2024-12-22T02:10:29.739+0000] {logging_mixin.py:188} INFO - [2024-12-22T02:10:29.739+0000] {dag.py:3089} INFO - Sync 1 DAGs
[2024-12-22T02:10:29.748+0000] {logging_mixin.py:188} INFO - [2024-12-22T02:10:29.748+0000] {dag.py:3947} INFO - Setting next_dagrun for example_bash_decorator to None, run_after=None
[2024-12-22T02:10:29.760+0000] {processor.py:183} INFO - Processing /home/airflow/.local/lib/python3.12/site-packages/airflow/example_dags/example_bash_decorator.py took 0.050 seconds
[2024-12-22T02:11:01.221+0000] {processor.py:161} INFO - Started process (PID=13568) to work on /home/airflow/.local/lib/python3.12/site-packages/airflow/example_dags/example_bash_decorator.py
[2024-12-22T02:11:01.222+0000] {processor.py:830} INFO - Processing file /home/airflow/.local/lib/python3.12/site-packages/airflow/example_dags/example_bash_decorator.py for tasks to queue
[2024-12-22T02:11:01.223+0000] {logging_mixin.py:188} INFO - [2024-12-22T02:11:01.223+0000] {dagbag.py:545} INFO - Filling up the DagBag from /home/airflow/.local/lib/python3.12/site-packages/airflow/example_dags/example_bash_decorator.py
[2024-12-22T02:11:01.230+0000] {processor.py:840} INFO - DAG(s) 'example_bash_decorator' retrieved from /home/airflow/.local/lib/python3.12/site-packages/airflow/example_dags/example_bash_decorator.py
[2024-12-22T02:11:01.246+0000] {logging_mixin.py:188} INFO - [2024-12-22T02:11:01.246+0000] {dag.py:3089} INFO - Sync 1 DAGs
[2024-12-22T02:11:01.253+0000] {logging_mixin.py:188} INFO - [2024-12-22T02:11:01.253+0000] {dag.py:3947} INFO - Setting next_dagrun for example_bash_decorator to None, run_after=None
[2024-12-22T02:11:01.265+0000] {processor.py:183} INFO - Processing /home/airflow/.local/lib/python3.12/site-packages/airflow/example_dags/example_bash_decorator.py took 0.048 seconds
[2024-12-22T02:11:33.659+0000] {processor.py:161} INFO - Started process (PID=13845) to work on /home/airflow/.local/lib/python3.12/site-packages/airflow/example_dags/example_bash_decorator.py
[2024-12-22T02:11:33.660+0000] {processor.py:830} INFO - Processing file /home/airflow/.local/lib/python3.12/site-packages/airflow/example_dags/example_bash_decorator.py for tasks to queue
[2024-12-22T02:11:33.661+0000] {logging_mixin.py:188} INFO - [2024-12-22T02:11:33.661+0000] {dagbag.py:545} INFO - Filling up the DagBag from /home/airflow/.local/lib/python3.12/site-packages/airflow/example_dags/example_bash_decorator.py
[2024-12-22T02:11:33.669+0000] {processor.py:840} INFO - DAG(s) 'example_bash_decorator' retrieved from /home/airflow/.local/lib/python3.12/site-packages/airflow/example_dags/example_bash_decorator.py
[2024-12-22T02:11:33.687+0000] {logging_mixin.py:188} INFO - [2024-12-22T02:11:33.687+0000] {dag.py:3089} INFO - Sync 1 DAGs
[2024-12-22T02:11:33.697+0000] {logging_mixin.py:188} INFO - [2024-12-22T02:11:33.697+0000] {dag.py:3947} INFO - Setting next_dagrun for example_bash_decorator to None, run_after=None
[2024-12-22T02:11:33.710+0000] {processor.py:183} INFO - Processing /home/airflow/.local/lib/python3.12/site-packages/airflow/example_dags/example_bash_decorator.py took 0.054 seconds
[2024-12-22T02:12:03.754+0000] {processor.py:161} INFO - Started process (PID=14123) to work on /home/airflow/.local/lib/python3.12/site-packages/airflow/example_dags/example_bash_decorator.py
[2024-12-22T02:12:03.755+0000] {processor.py:830} INFO - Processing file /home/airflow/.local/lib/python3.12/site-packages/airflow/example_dags/example_bash_decorator.py for tasks to queue
[2024-12-22T02:12:03.756+0000] {logging_mixin.py:188} INFO - [2024-12-22T02:12:03.756+0000] {dagbag.py:545} INFO - Filling up the DagBag from /home/airflow/.local/lib/python3.12/site-packages/airflow/example_dags/example_bash_decorator.py
[2024-12-22T02:12:03.764+0000] {processor.py:840} INFO - DAG(s) 'example_bash_decorator' retrieved from /home/airflow/.local/lib/python3.12/site-packages/airflow/example_dags/example_bash_decorator.py
[2024-12-22T02:12:03.780+0000] {logging_mixin.py:188} INFO - [2024-12-22T02:12:03.780+0000] {dag.py:3089} INFO - Sync 1 DAGs
[2024-12-22T02:12:03.787+0000] {logging_mixin.py:188} INFO - [2024-12-22T02:12:03.787+0000] {dag.py:3947} INFO - Setting next_dagrun for example_bash_decorator to None, run_after=None
[2024-12-22T02:12:03.799+0000] {processor.py:183} INFO - Processing /home/airflow/.local/lib/python3.12/site-packages/airflow/example_dags/example_bash_decorator.py took 0.049 seconds
[2024-12-22T02:12:35.555+0000] {processor.py:161} INFO - Started process (PID=14400) to work on /home/airflow/.local/lib/python3.12/site-packages/airflow/example_dags/example_bash_decorator.py
[2024-12-22T02:12:35.556+0000] {processor.py:830} INFO - Processing file /home/airflow/.local/lib/python3.12/site-packages/airflow/example_dags/example_bash_decorator.py for tasks to queue
[2024-12-22T02:12:35.558+0000] {logging_mixin.py:188} INFO - [2024-12-22T02:12:35.558+0000] {dagbag.py:545} INFO - Filling up the DagBag from /home/airflow/.local/lib/python3.12/site-packages/airflow/example_dags/example_bash_decorator.py
[2024-12-22T02:12:35.566+0000] {processor.py:840} INFO - DAG(s) 'example_bash_decorator' retrieved from /home/airflow/.local/lib/python3.12/site-packages/airflow/example_dags/example_bash_decorator.py
[2024-12-22T02:12:35.583+0000] {logging_mixin.py:188} INFO - [2024-12-22T02:12:35.583+0000] {dag.py:3089} INFO - Sync 1 DAGs
[2024-12-22T02:12:35.590+0000] {logging_mixin.py:188} INFO - [2024-12-22T02:12:35.590+0000] {dag.py:3947} INFO - Setting next_dagrun for example_bash_decorator to None, run_after=None
[2024-12-22T02:12:35.602+0000] {processor.py:183} INFO - Processing /home/airflow/.local/lib/python3.12/site-packages/airflow/example_dags/example_bash_decorator.py took 0.051 seconds
[2024-12-22T02:13:06.136+0000] {processor.py:161} INFO - Started process (PID=14677) to work on /home/airflow/.local/lib/python3.12/site-packages/airflow/example_dags/example_bash_decorator.py
[2024-12-22T02:13:06.136+0000] {processor.py:830} INFO - Processing file /home/airflow/.local/lib/python3.12/site-packages/airflow/example_dags/example_bash_decorator.py for tasks to queue
[2024-12-22T02:13:06.138+0000] {logging_mixin.py:188} INFO - [2024-12-22T02:13:06.137+0000] {dagbag.py:545} INFO - Filling up the DagBag from /home/airflow/.local/lib/python3.12/site-packages/airflow/example_dags/example_bash_decorator.py
[2024-12-22T02:13:06.146+0000] {processor.py:840} INFO - DAG(s) 'example_bash_decorator' retrieved from /home/airflow/.local/lib/python3.12/site-packages/airflow/example_dags/example_bash_decorator.py
[2024-12-22T02:13:06.160+0000] {logging_mixin.py:188} INFO - [2024-12-22T02:13:06.160+0000] {dag.py:3089} INFO - Sync 1 DAGs
[2024-12-22T02:13:06.168+0000] {logging_mixin.py:188} INFO - [2024-12-22T02:13:06.168+0000] {dag.py:3947} INFO - Setting next_dagrun for example_bash_decorator to None, run_after=None
[2024-12-22T02:13:06.180+0000] {processor.py:183} INFO - Processing /home/airflow/.local/lib/python3.12/site-packages/airflow/example_dags/example_bash_decorator.py took 0.049 seconds
[2024-12-22T02:13:36.540+0000] {processor.py:161} INFO - Started process (PID=14954) to work on /home/airflow/.local/lib/python3.12/site-packages/airflow/example_dags/example_bash_decorator.py
[2024-12-22T02:13:36.541+0000] {processor.py:830} INFO - Processing file /home/airflow/.local/lib/python3.12/site-packages/airflow/example_dags/example_bash_decorator.py for tasks to queue
[2024-12-22T02:13:36.542+0000] {logging_mixin.py:188} INFO - [2024-12-22T02:13:36.542+0000] {dagbag.py:545} INFO - Filling up the DagBag from /home/airflow/.local/lib/python3.12/site-packages/airflow/example_dags/example_bash_decorator.py
[2024-12-22T02:13:36.550+0000] {processor.py:840} INFO - DAG(s) 'example_bash_decorator' retrieved from /home/airflow/.local/lib/python3.12/site-packages/airflow/example_dags/example_bash_decorator.py
[2024-12-22T02:13:36.567+0000] {logging_mixin.py:188} INFO - [2024-12-22T02:13:36.567+0000] {dag.py:3089} INFO - Sync 1 DAGs
[2024-12-22T02:13:36.576+0000] {logging_mixin.py:188} INFO - [2024-12-22T02:13:36.576+0000] {dag.py:3947} INFO - Setting next_dagrun for example_bash_decorator to None, run_after=None
[2024-12-22T02:13:36.589+0000] {processor.py:183} INFO - Processing /home/airflow/.local/lib/python3.12/site-packages/airflow/example_dags/example_bash_decorator.py took 0.052 seconds
[2024-12-22T02:14:09.919+0000] {processor.py:161} INFO - Started process (PID=15231) to work on /home/airflow/.local/lib/python3.12/site-packages/airflow/example_dags/example_bash_decorator.py
[2024-12-22T02:14:09.919+0000] {processor.py:830} INFO - Processing file /home/airflow/.local/lib/python3.12/site-packages/airflow/example_dags/example_bash_decorator.py for tasks to queue
[2024-12-22T02:14:09.921+0000] {logging_mixin.py:188} INFO - [2024-12-22T02:14:09.920+0000] {dagbag.py:545} INFO - Filling up the DagBag from /home/airflow/.local/lib/python3.12/site-packages/airflow/example_dags/example_bash_decorator.py
[2024-12-22T02:14:09.930+0000] {processor.py:840} INFO - DAG(s) 'example_bash_decorator' retrieved from /home/airflow/.local/lib/python3.12/site-packages/airflow/example_dags/example_bash_decorator.py
[2024-12-22T02:14:09.947+0000] {logging_mixin.py:188} INFO - [2024-12-22T02:14:09.947+0000] {dag.py:3089} INFO - Sync 1 DAGs
[2024-12-22T02:14:09.954+0000] {logging_mixin.py:188} INFO - [2024-12-22T02:14:09.954+0000] {dag.py:3947} INFO - Setting next_dagrun for example_bash_decorator to None, run_after=None
[2024-12-22T02:14:09.965+0000] {processor.py:183} INFO - Processing /home/airflow/.local/lib/python3.12/site-packages/airflow/example_dags/example_bash_decorator.py took 0.051 seconds
[2024-12-22T02:14:41.296+0000] {processor.py:161} INFO - Started process (PID=15508) to work on /home/airflow/.local/lib/python3.12/site-packages/airflow/example_dags/example_bash_decorator.py
[2024-12-22T02:14:41.296+0000] {processor.py:830} INFO - Processing file /home/airflow/.local/lib/python3.12/site-packages/airflow/example_dags/example_bash_decorator.py for tasks to queue
[2024-12-22T02:14:41.297+0000] {logging_mixin.py:188} INFO - [2024-12-22T02:14:41.297+0000] {dagbag.py:545} INFO - Filling up the DagBag from /home/airflow/.local/lib/python3.12/site-packages/airflow/example_dags/example_bash_decorator.py
[2024-12-22T02:14:41.306+0000] {processor.py:840} INFO - DAG(s) 'example_bash_decorator' retrieved from /home/airflow/.local/lib/python3.12/site-packages/airflow/example_dags/example_bash_decorator.py
[2024-12-22T02:14:41.320+0000] {logging_mixin.py:188} INFO - [2024-12-22T02:14:41.320+0000] {dag.py:3089} INFO - Sync 1 DAGs
[2024-12-22T02:14:41.327+0000] {logging_mixin.py:188} INFO - [2024-12-22T02:14:41.327+0000] {dag.py:3947} INFO - Setting next_dagrun for example_bash_decorator to None, run_after=None
[2024-12-22T02:14:41.339+0000] {processor.py:183} INFO - Processing /home/airflow/.local/lib/python3.12/site-packages/airflow/example_dags/example_bash_decorator.py took 0.047 seconds
[2024-12-22T02:15:12.372+0000] {processor.py:161} INFO - Started process (PID=15785) to work on /home/airflow/.local/lib/python3.12/site-packages/airflow/example_dags/example_bash_decorator.py
[2024-12-22T02:15:12.373+0000] {processor.py:830} INFO - Processing file /home/airflow/.local/lib/python3.12/site-packages/airflow/example_dags/example_bash_decorator.py for tasks to queue
[2024-12-22T02:15:12.375+0000] {logging_mixin.py:188} INFO - [2024-12-22T02:15:12.375+0000] {dagbag.py:545} INFO - Filling up the DagBag from /home/airflow/.local/lib/python3.12/site-packages/airflow/example_dags/example_bash_decorator.py
[2024-12-22T02:15:12.385+0000] {processor.py:840} INFO - DAG(s) 'example_bash_decorator' retrieved from /home/airflow/.local/lib/python3.12/site-packages/airflow/example_dags/example_bash_decorator.py
[2024-12-22T02:15:12.405+0000] {logging_mixin.py:188} INFO - [2024-12-22T02:15:12.405+0000] {dag.py:3089} INFO - Sync 1 DAGs
[2024-12-22T02:15:12.415+0000] {logging_mixin.py:188} INFO - [2024-12-22T02:15:12.415+0000] {dag.py:3947} INFO - Setting next_dagrun for example_bash_decorator to None, run_after=None
[2024-12-22T02:15:12.429+0000] {processor.py:183} INFO - Processing /home/airflow/.local/lib/python3.12/site-packages/airflow/example_dags/example_bash_decorator.py took 0.061 seconds
[2024-12-22T02:15:43.062+0000] {processor.py:161} INFO - Started process (PID=16062) to work on /home/airflow/.local/lib/python3.12/site-packages/airflow/example_dags/example_bash_decorator.py
[2024-12-22T02:15:43.062+0000] {processor.py:830} INFO - Processing file /home/airflow/.local/lib/python3.12/site-packages/airflow/example_dags/example_bash_decorator.py for tasks to queue
[2024-12-22T02:15:43.064+0000] {logging_mixin.py:188} INFO - [2024-12-22T02:15:43.063+0000] {dagbag.py:545} INFO - Filling up the DagBag from /home/airflow/.local/lib/python3.12/site-packages/airflow/example_dags/example_bash_decorator.py
[2024-12-22T02:15:43.071+0000] {processor.py:840} INFO - DAG(s) 'example_bash_decorator' retrieved from /home/airflow/.local/lib/python3.12/site-packages/airflow/example_dags/example_bash_decorator.py
[2024-12-22T02:15:43.091+0000] {logging_mixin.py:188} INFO - [2024-12-22T02:15:43.091+0000] {dag.py:3089} INFO - Sync 1 DAGs
[2024-12-22T02:15:43.098+0000] {logging_mixin.py:188} INFO - [2024-12-22T02:15:43.098+0000] {dag.py:3947} INFO - Setting next_dagrun for example_bash_decorator to None, run_after=None
[2024-12-22T02:15:43.110+0000] {processor.py:183} INFO - Processing /home/airflow/.local/lib/python3.12/site-packages/airflow/example_dags/example_bash_decorator.py took 0.052 seconds
[2024-12-22T02:16:14.095+0000] {processor.py:161} INFO - Started process (PID=16339) to work on /home/airflow/.local/lib/python3.12/site-packages/airflow/example_dags/example_bash_decorator.py
[2024-12-22T02:16:14.096+0000] {processor.py:830} INFO - Processing file /home/airflow/.local/lib/python3.12/site-packages/airflow/example_dags/example_bash_decorator.py for tasks to queue
[2024-12-22T02:16:14.099+0000] {logging_mixin.py:188} INFO - [2024-12-22T02:16:14.098+0000] {dagbag.py:545} INFO - Filling up the DagBag from /home/airflow/.local/lib/python3.12/site-packages/airflow/example_dags/example_bash_decorator.py
[2024-12-22T02:16:14.105+0000] {processor.py:840} INFO - DAG(s) 'example_bash_decorator' retrieved from /home/airflow/.local/lib/python3.12/site-packages/airflow/example_dags/example_bash_decorator.py
[2024-12-22T02:16:14.120+0000] {logging_mixin.py:188} INFO - [2024-12-22T02:16:14.120+0000] {dag.py:3089} INFO - Sync 1 DAGs
[2024-12-22T02:16:14.128+0000] {logging_mixin.py:188} INFO - [2024-12-22T02:16:14.128+0000] {dag.py:3947} INFO - Setting next_dagrun for example_bash_decorator to None, run_after=None
[2024-12-22T02:16:14.141+0000] {processor.py:183} INFO - Processing /home/airflow/.local/lib/python3.12/site-packages/airflow/example_dags/example_bash_decorator.py took 0.050 seconds
[2024-12-22T02:16:45.550+0000] {processor.py:161} INFO - Started process (PID=16618) to work on /home/airflow/.local/lib/python3.12/site-packages/airflow/example_dags/example_bash_decorator.py
[2024-12-22T02:16:45.551+0000] {processor.py:830} INFO - Processing file /home/airflow/.local/lib/python3.12/site-packages/airflow/example_dags/example_bash_decorator.py for tasks to queue
[2024-12-22T02:16:45.553+0000] {logging_mixin.py:188} INFO - [2024-12-22T02:16:45.552+0000] {dagbag.py:545} INFO - Filling up the DagBag from /home/airflow/.local/lib/python3.12/site-packages/airflow/example_dags/example_bash_decorator.py
[2024-12-22T02:16:45.561+0000] {processor.py:840} INFO - DAG(s) 'example_bash_decorator' retrieved from /home/airflow/.local/lib/python3.12/site-packages/airflow/example_dags/example_bash_decorator.py
[2024-12-22T02:16:45.575+0000] {logging_mixin.py:188} INFO - [2024-12-22T02:16:45.574+0000] {dag.py:3089} INFO - Sync 1 DAGs
[2024-12-22T02:16:45.582+0000] {logging_mixin.py:188} INFO - [2024-12-22T02:16:45.582+0000] {dag.py:3947} INFO - Setting next_dagrun for example_bash_decorator to None, run_after=None
[2024-12-22T02:16:45.594+0000] {processor.py:183} INFO - Processing /home/airflow/.local/lib/python3.12/site-packages/airflow/example_dags/example_bash_decorator.py took 0.049 seconds
[2024-12-22T02:17:18.929+0000] {processor.py:161} INFO - Started process (PID=16893) to work on /home/airflow/.local/lib/python3.12/site-packages/airflow/example_dags/example_bash_decorator.py
[2024-12-22T02:17:18.930+0000] {processor.py:830} INFO - Processing file /home/airflow/.local/lib/python3.12/site-packages/airflow/example_dags/example_bash_decorator.py for tasks to queue
[2024-12-22T02:17:18.931+0000] {logging_mixin.py:188} INFO - [2024-12-22T02:17:18.931+0000] {dagbag.py:545} INFO - Filling up the DagBag from /home/airflow/.local/lib/python3.12/site-packages/airflow/example_dags/example_bash_decorator.py
[2024-12-22T02:17:18.939+0000] {processor.py:840} INFO - DAG(s) 'example_bash_decorator' retrieved from /home/airflow/.local/lib/python3.12/site-packages/airflow/example_dags/example_bash_decorator.py
[2024-12-22T02:17:18.953+0000] {logging_mixin.py:188} INFO - [2024-12-22T02:17:18.952+0000] {dag.py:3089} INFO - Sync 1 DAGs
[2024-12-22T02:17:18.959+0000] {logging_mixin.py:188} INFO - [2024-12-22T02:17:18.959+0000] {dag.py:3947} INFO - Setting next_dagrun for example_bash_decorator to None, run_after=None
[2024-12-22T02:17:18.972+0000] {processor.py:183} INFO - Processing /home/airflow/.local/lib/python3.12/site-packages/airflow/example_dags/example_bash_decorator.py took 0.047 seconds
[2024-12-22T02:17:49.362+0000] {processor.py:161} INFO - Started process (PID=17170) to work on /home/airflow/.local/lib/python3.12/site-packages/airflow/example_dags/example_bash_decorator.py
[2024-12-22T02:17:49.363+0000] {processor.py:830} INFO - Processing file /home/airflow/.local/lib/python3.12/site-packages/airflow/example_dags/example_bash_decorator.py for tasks to queue
[2024-12-22T02:17:49.364+0000] {logging_mixin.py:188} INFO - [2024-12-22T02:17:49.364+0000] {dagbag.py:545} INFO - Filling up the DagBag from /home/airflow/.local/lib/python3.12/site-packages/airflow/example_dags/example_bash_decorator.py
[2024-12-22T02:17:49.373+0000] {processor.py:840} INFO - DAG(s) 'example_bash_decorator' retrieved from /home/airflow/.local/lib/python3.12/site-packages/airflow/example_dags/example_bash_decorator.py
[2024-12-22T02:17:49.388+0000] {logging_mixin.py:188} INFO - [2024-12-22T02:17:49.388+0000] {dag.py:3089} INFO - Sync 1 DAGs
[2024-12-22T02:17:49.397+0000] {logging_mixin.py:188} INFO - [2024-12-22T02:17:49.396+0000] {dag.py:3947} INFO - Setting next_dagrun for example_bash_decorator to None, run_after=None
[2024-12-22T02:17:49.407+0000] {processor.py:183} INFO - Processing /home/airflow/.local/lib/python3.12/site-packages/airflow/example_dags/example_bash_decorator.py took 0.050 seconds
[2024-12-22T02:18:20.377+0000] {processor.py:161} INFO - Started process (PID=17447) to work on /home/airflow/.local/lib/python3.12/site-packages/airflow/example_dags/example_bash_decorator.py
[2024-12-22T02:18:20.377+0000] {processor.py:830} INFO - Processing file /home/airflow/.local/lib/python3.12/site-packages/airflow/example_dags/example_bash_decorator.py for tasks to queue
[2024-12-22T02:18:20.379+0000] {logging_mixin.py:188} INFO - [2024-12-22T02:18:20.378+0000] {dagbag.py:545} INFO - Filling up the DagBag from /home/airflow/.local/lib/python3.12/site-packages/airflow/example_dags/example_bash_decorator.py
[2024-12-22T02:18:20.387+0000] {processor.py:840} INFO - DAG(s) 'example_bash_decorator' retrieved from /home/airflow/.local/lib/python3.12/site-packages/airflow/example_dags/example_bash_decorator.py
[2024-12-22T02:18:20.403+0000] {logging_mixin.py:188} INFO - [2024-12-22T02:18:20.403+0000] {dag.py:3089} INFO - Sync 1 DAGs
[2024-12-22T02:18:20.409+0000] {logging_mixin.py:188} INFO - [2024-12-22T02:18:20.409+0000] {dag.py:3947} INFO - Setting next_dagrun for example_bash_decorator to None, run_after=None
[2024-12-22T02:18:20.422+0000] {processor.py:183} INFO - Processing /home/airflow/.local/lib/python3.12/site-packages/airflow/example_dags/example_bash_decorator.py took 0.050 seconds
[2024-12-22T02:18:51.125+0000] {processor.py:161} INFO - Started process (PID=17724) to work on /home/airflow/.local/lib/python3.12/site-packages/airflow/example_dags/example_bash_decorator.py
[2024-12-22T02:18:51.126+0000] {processor.py:830} INFO - Processing file /home/airflow/.local/lib/python3.12/site-packages/airflow/example_dags/example_bash_decorator.py for tasks to queue
[2024-12-22T02:18:51.131+0000] {logging_mixin.py:188} INFO - [2024-12-22T02:18:51.130+0000] {dagbag.py:545} INFO - Filling up the DagBag from /home/airflow/.local/lib/python3.12/site-packages/airflow/example_dags/example_bash_decorator.py
[2024-12-22T02:18:51.138+0000] {processor.py:840} INFO - DAG(s) 'example_bash_decorator' retrieved from /home/airflow/.local/lib/python3.12/site-packages/airflow/example_dags/example_bash_decorator.py
[2024-12-22T02:18:51.150+0000] {logging_mixin.py:188} INFO - [2024-12-22T02:18:51.150+0000] {dag.py:3089} INFO - Sync 1 DAGs
[2024-12-22T02:18:51.157+0000] {logging_mixin.py:188} INFO - [2024-12-22T02:18:51.157+0000] {dag.py:3947} INFO - Setting next_dagrun for example_bash_decorator to None, run_after=None
[2024-12-22T02:18:51.171+0000] {processor.py:183} INFO - Processing /home/airflow/.local/lib/python3.12/site-packages/airflow/example_dags/example_bash_decorator.py took 0.050 seconds
[2024-12-22T02:19:39.112+0000] {processor.py:161} INFO - Started process (PID=18004) to work on /home/airflow/.local/lib/python3.12/site-packages/airflow/example_dags/example_bash_decorator.py
[2024-12-22T02:19:39.112+0000] {processor.py:830} INFO - Processing file /home/airflow/.local/lib/python3.12/site-packages/airflow/example_dags/example_bash_decorator.py for tasks to queue
[2024-12-22T02:19:39.114+0000] {logging_mixin.py:188} INFO - [2024-12-22T02:19:39.114+0000] {dagbag.py:545} INFO - Filling up the DagBag from /home/airflow/.local/lib/python3.12/site-packages/airflow/example_dags/example_bash_decorator.py
[2024-12-22T02:19:39.122+0000] {processor.py:840} INFO - DAG(s) 'example_bash_decorator' retrieved from /home/airflow/.local/lib/python3.12/site-packages/airflow/example_dags/example_bash_decorator.py
[2024-12-22T02:19:39.138+0000] {logging_mixin.py:188} INFO - [2024-12-22T02:19:39.138+0000] {dag.py:3089} INFO - Sync 1 DAGs
[2024-12-22T02:19:39.145+0000] {logging_mixin.py:188} INFO - [2024-12-22T02:19:39.145+0000] {dag.py:3947} INFO - Setting next_dagrun for example_bash_decorator to None, run_after=None
[2024-12-22T02:19:39.158+0000] {processor.py:183} INFO - Processing /home/airflow/.local/lib/python3.12/site-packages/airflow/example_dags/example_bash_decorator.py took 0.050 seconds
[2024-12-22T02:20:09.262+0000] {processor.py:161} INFO - Started process (PID=18279) to work on /home/airflow/.local/lib/python3.12/site-packages/airflow/example_dags/example_bash_decorator.py
[2024-12-22T02:20:09.265+0000] {processor.py:830} INFO - Processing file /home/airflow/.local/lib/python3.12/site-packages/airflow/example_dags/example_bash_decorator.py for tasks to queue
[2024-12-22T02:20:09.267+0000] {logging_mixin.py:188} INFO - [2024-12-22T02:20:09.267+0000] {dagbag.py:545} INFO - Filling up the DagBag from /home/airflow/.local/lib/python3.12/site-packages/airflow/example_dags/example_bash_decorator.py
[2024-12-22T02:20:09.280+0000] {processor.py:840} INFO - DAG(s) 'example_bash_decorator' retrieved from /home/airflow/.local/lib/python3.12/site-packages/airflow/example_dags/example_bash_decorator.py
[2024-12-22T02:20:09.302+0000] {logging_mixin.py:188} INFO - [2024-12-22T02:20:09.302+0000] {dag.py:3089} INFO - Sync 1 DAGs
[2024-12-22T02:20:09.312+0000] {logging_mixin.py:188} INFO - [2024-12-22T02:20:09.312+0000] {dag.py:3947} INFO - Setting next_dagrun for example_bash_decorator to None, run_after=None
[2024-12-22T02:20:09.326+0000] {processor.py:183} INFO - Processing /home/airflow/.local/lib/python3.12/site-packages/airflow/example_dags/example_bash_decorator.py took 0.070 seconds
[2024-12-22T02:20:39.555+0000] {processor.py:161} INFO - Started process (PID=18556) to work on /home/airflow/.local/lib/python3.12/site-packages/airflow/example_dags/example_bash_decorator.py
[2024-12-22T02:20:39.556+0000] {processor.py:830} INFO - Processing file /home/airflow/.local/lib/python3.12/site-packages/airflow/example_dags/example_bash_decorator.py for tasks to queue
[2024-12-22T02:20:39.557+0000] {logging_mixin.py:188} INFO - [2024-12-22T02:20:39.557+0000] {dagbag.py:545} INFO - Filling up the DagBag from /home/airflow/.local/lib/python3.12/site-packages/airflow/example_dags/example_bash_decorator.py
[2024-12-22T02:20:39.566+0000] {processor.py:840} INFO - DAG(s) 'example_bash_decorator' retrieved from /home/airflow/.local/lib/python3.12/site-packages/airflow/example_dags/example_bash_decorator.py
[2024-12-22T02:20:39.580+0000] {logging_mixin.py:188} INFO - [2024-12-22T02:20:39.580+0000] {dag.py:3089} INFO - Sync 1 DAGs
[2024-12-22T02:20:39.588+0000] {logging_mixin.py:188} INFO - [2024-12-22T02:20:39.588+0000] {dag.py:3947} INFO - Setting next_dagrun for example_bash_decorator to None, run_after=None
[2024-12-22T02:20:39.600+0000] {processor.py:183} INFO - Processing /home/airflow/.local/lib/python3.12/site-packages/airflow/example_dags/example_bash_decorator.py took 0.049 seconds
[2024-12-22T02:21:10.584+0000] {processor.py:161} INFO - Started process (PID=18833) to work on /home/airflow/.local/lib/python3.12/site-packages/airflow/example_dags/example_bash_decorator.py
[2024-12-22T02:21:10.585+0000] {processor.py:830} INFO - Processing file /home/airflow/.local/lib/python3.12/site-packages/airflow/example_dags/example_bash_decorator.py for tasks to queue
[2024-12-22T02:21:10.586+0000] {logging_mixin.py:188} INFO - [2024-12-22T02:21:10.586+0000] {dagbag.py:545} INFO - Filling up the DagBag from /home/airflow/.local/lib/python3.12/site-packages/airflow/example_dags/example_bash_decorator.py
[2024-12-22T02:21:10.595+0000] {processor.py:840} INFO - DAG(s) 'example_bash_decorator' retrieved from /home/airflow/.local/lib/python3.12/site-packages/airflow/example_dags/example_bash_decorator.py
[2024-12-22T02:21:10.610+0000] {logging_mixin.py:188} INFO - [2024-12-22T02:21:10.609+0000] {dag.py:3089} INFO - Sync 1 DAGs
[2024-12-22T02:21:10.617+0000] {logging_mixin.py:188} INFO - [2024-12-22T02:21:10.617+0000] {dag.py:3947} INFO - Setting next_dagrun for example_bash_decorator to None, run_after=None
[2024-12-22T02:21:10.629+0000] {processor.py:183} INFO - Processing /home/airflow/.local/lib/python3.12/site-packages/airflow/example_dags/example_bash_decorator.py took 0.050 seconds
[2024-12-22T02:21:41.603+0000] {processor.py:161} INFO - Started process (PID=19110) to work on /home/airflow/.local/lib/python3.12/site-packages/airflow/example_dags/example_bash_decorator.py
[2024-12-22T02:21:41.604+0000] {processor.py:830} INFO - Processing file /home/airflow/.local/lib/python3.12/site-packages/airflow/example_dags/example_bash_decorator.py for tasks to queue
[2024-12-22T02:21:41.605+0000] {logging_mixin.py:188} INFO - [2024-12-22T02:21:41.605+0000] {dagbag.py:545} INFO - Filling up the DagBag from /home/airflow/.local/lib/python3.12/site-packages/airflow/example_dags/example_bash_decorator.py
[2024-12-22T02:21:41.613+0000] {processor.py:840} INFO - DAG(s) 'example_bash_decorator' retrieved from /home/airflow/.local/lib/python3.12/site-packages/airflow/example_dags/example_bash_decorator.py
[2024-12-22T02:21:41.633+0000] {logging_mixin.py:188} INFO - [2024-12-22T02:21:41.633+0000] {dag.py:3089} INFO - Sync 1 DAGs
[2024-12-22T02:21:41.642+0000] {logging_mixin.py:188} INFO - [2024-12-22T02:21:41.642+0000] {dag.py:3947} INFO - Setting next_dagrun for example_bash_decorator to None, run_after=None
[2024-12-22T02:21:41.658+0000] {processor.py:183} INFO - Processing /home/airflow/.local/lib/python3.12/site-packages/airflow/example_dags/example_bash_decorator.py took 0.059 seconds
[2024-12-22T02:22:11.842+0000] {processor.py:161} INFO - Started process (PID=19387) to work on /home/airflow/.local/lib/python3.12/site-packages/airflow/example_dags/example_bash_decorator.py
[2024-12-22T02:22:11.843+0000] {processor.py:830} INFO - Processing file /home/airflow/.local/lib/python3.12/site-packages/airflow/example_dags/example_bash_decorator.py for tasks to queue
[2024-12-22T02:22:11.844+0000] {logging_mixin.py:188} INFO - [2024-12-22T02:22:11.844+0000] {dagbag.py:545} INFO - Filling up the DagBag from /home/airflow/.local/lib/python3.12/site-packages/airflow/example_dags/example_bash_decorator.py
[2024-12-22T02:22:11.851+0000] {processor.py:840} INFO - DAG(s) 'example_bash_decorator' retrieved from /home/airflow/.local/lib/python3.12/site-packages/airflow/example_dags/example_bash_decorator.py
[2024-12-22T02:22:11.868+0000] {logging_mixin.py:188} INFO - [2024-12-22T02:22:11.867+0000] {dag.py:3089} INFO - Sync 1 DAGs
[2024-12-22T02:22:11.876+0000] {logging_mixin.py:188} INFO - [2024-12-22T02:22:11.876+0000] {dag.py:3947} INFO - Setting next_dagrun for example_bash_decorator to None, run_after=None
[2024-12-22T02:22:11.889+0000] {processor.py:183} INFO - Processing /home/airflow/.local/lib/python3.12/site-packages/airflow/example_dags/example_bash_decorator.py took 0.051 seconds
[2024-12-22T02:22:42.484+0000] {processor.py:161} INFO - Started process (PID=19664) to work on /home/airflow/.local/lib/python3.12/site-packages/airflow/example_dags/example_bash_decorator.py
[2024-12-22T02:22:42.485+0000] {processor.py:830} INFO - Processing file /home/airflow/.local/lib/python3.12/site-packages/airflow/example_dags/example_bash_decorator.py for tasks to queue
[2024-12-22T02:22:42.486+0000] {logging_mixin.py:188} INFO - [2024-12-22T02:22:42.486+0000] {dagbag.py:545} INFO - Filling up the DagBag from /home/airflow/.local/lib/python3.12/site-packages/airflow/example_dags/example_bash_decorator.py
[2024-12-22T02:22:42.494+0000] {processor.py:840} INFO - DAG(s) 'example_bash_decorator' retrieved from /home/airflow/.local/lib/python3.12/site-packages/airflow/example_dags/example_bash_decorator.py
[2024-12-22T02:22:42.508+0000] {logging_mixin.py:188} INFO - [2024-12-22T02:22:42.508+0000] {dag.py:3089} INFO - Sync 1 DAGs
[2024-12-22T02:22:42.516+0000] {logging_mixin.py:188} INFO - [2024-12-22T02:22:42.516+0000] {dag.py:3947} INFO - Setting next_dagrun for example_bash_decorator to None, run_after=None
[2024-12-22T02:22:42.527+0000] {processor.py:183} INFO - Processing /home/airflow/.local/lib/python3.12/site-packages/airflow/example_dags/example_bash_decorator.py took 0.047 seconds
[2024-12-22T02:23:12.876+0000] {processor.py:161} INFO - Started process (PID=19941) to work on /home/airflow/.local/lib/python3.12/site-packages/airflow/example_dags/example_bash_decorator.py
[2024-12-22T02:23:12.877+0000] {processor.py:830} INFO - Processing file /home/airflow/.local/lib/python3.12/site-packages/airflow/example_dags/example_bash_decorator.py for tasks to queue
[2024-12-22T02:23:12.878+0000] {logging_mixin.py:188} INFO - [2024-12-22T02:23:12.878+0000] {dagbag.py:545} INFO - Filling up the DagBag from /home/airflow/.local/lib/python3.12/site-packages/airflow/example_dags/example_bash_decorator.py
[2024-12-22T02:23:12.887+0000] {processor.py:840} INFO - DAG(s) 'example_bash_decorator' retrieved from /home/airflow/.local/lib/python3.12/site-packages/airflow/example_dags/example_bash_decorator.py
[2024-12-22T02:23:12.906+0000] {logging_mixin.py:188} INFO - [2024-12-22T02:23:12.906+0000] {dag.py:3089} INFO - Sync 1 DAGs
[2024-12-22T02:23:12.916+0000] {logging_mixin.py:188} INFO - [2024-12-22T02:23:12.916+0000] {dag.py:3947} INFO - Setting next_dagrun for example_bash_decorator to None, run_after=None
[2024-12-22T02:23:12.928+0000] {processor.py:183} INFO - Processing /home/airflow/.local/lib/python3.12/site-packages/airflow/example_dags/example_bash_decorator.py took 0.057 seconds
[2024-12-22T02:23:43.639+0000] {processor.py:161} INFO - Started process (PID=20218) to work on /home/airflow/.local/lib/python3.12/site-packages/airflow/example_dags/example_bash_decorator.py
[2024-12-22T02:23:43.639+0000] {processor.py:830} INFO - Processing file /home/airflow/.local/lib/python3.12/site-packages/airflow/example_dags/example_bash_decorator.py for tasks to queue
[2024-12-22T02:23:43.641+0000] {logging_mixin.py:188} INFO - [2024-12-22T02:23:43.641+0000] {dagbag.py:545} INFO - Filling up the DagBag from /home/airflow/.local/lib/python3.12/site-packages/airflow/example_dags/example_bash_decorator.py
[2024-12-22T02:23:43.649+0000] {processor.py:840} INFO - DAG(s) 'example_bash_decorator' retrieved from /home/airflow/.local/lib/python3.12/site-packages/airflow/example_dags/example_bash_decorator.py
[2024-12-22T02:23:43.668+0000] {logging_mixin.py:188} INFO - [2024-12-22T02:23:43.667+0000] {dag.py:3089} INFO - Sync 1 DAGs
[2024-12-22T02:23:43.678+0000] {logging_mixin.py:188} INFO - [2024-12-22T02:23:43.678+0000] {dag.py:3947} INFO - Setting next_dagrun for example_bash_decorator to None, run_after=None
[2024-12-22T02:23:43.689+0000] {processor.py:183} INFO - Processing /home/airflow/.local/lib/python3.12/site-packages/airflow/example_dags/example_bash_decorator.py took 0.054 seconds
[2024-12-22T02:24:14.098+0000] {processor.py:161} INFO - Started process (PID=20495) to work on /home/airflow/.local/lib/python3.12/site-packages/airflow/example_dags/example_bash_decorator.py
[2024-12-22T02:24:14.099+0000] {processor.py:830} INFO - Processing file /home/airflow/.local/lib/python3.12/site-packages/airflow/example_dags/example_bash_decorator.py for tasks to queue
[2024-12-22T02:24:14.100+0000] {logging_mixin.py:188} INFO - [2024-12-22T02:24:14.100+0000] {dagbag.py:545} INFO - Filling up the DagBag from /home/airflow/.local/lib/python3.12/site-packages/airflow/example_dags/example_bash_decorator.py
[2024-12-22T02:24:14.109+0000] {processor.py:840} INFO - DAG(s) 'example_bash_decorator' retrieved from /home/airflow/.local/lib/python3.12/site-packages/airflow/example_dags/example_bash_decorator.py
[2024-12-22T02:24:14.126+0000] {logging_mixin.py:188} INFO - [2024-12-22T02:24:14.126+0000] {dag.py:3089} INFO - Sync 1 DAGs
[2024-12-22T02:24:14.135+0000] {logging_mixin.py:188} INFO - [2024-12-22T02:24:14.135+0000] {dag.py:3947} INFO - Setting next_dagrun for example_bash_decorator to None, run_after=None
[2024-12-22T02:24:14.149+0000] {processor.py:183} INFO - Processing /home/airflow/.local/lib/python3.12/site-packages/airflow/example_dags/example_bash_decorator.py took 0.055 seconds
[2024-12-22T02:24:45.056+0000] {processor.py:161} INFO - Started process (PID=20772) to work on /home/airflow/.local/lib/python3.12/site-packages/airflow/example_dags/example_bash_decorator.py
[2024-12-22T02:24:45.057+0000] {processor.py:830} INFO - Processing file /home/airflow/.local/lib/python3.12/site-packages/airflow/example_dags/example_bash_decorator.py for tasks to queue
[2024-12-22T02:24:45.058+0000] {logging_mixin.py:188} INFO - [2024-12-22T02:24:45.058+0000] {dagbag.py:545} INFO - Filling up the DagBag from /home/airflow/.local/lib/python3.12/site-packages/airflow/example_dags/example_bash_decorator.py
[2024-12-22T02:24:45.065+0000] {processor.py:840} INFO - DAG(s) 'example_bash_decorator' retrieved from /home/airflow/.local/lib/python3.12/site-packages/airflow/example_dags/example_bash_decorator.py
[2024-12-22T02:24:45.079+0000] {logging_mixin.py:188} INFO - [2024-12-22T02:24:45.079+0000] {dag.py:3089} INFO - Sync 1 DAGs
[2024-12-22T02:24:45.087+0000] {logging_mixin.py:188} INFO - [2024-12-22T02:24:45.087+0000] {dag.py:3947} INFO - Setting next_dagrun for example_bash_decorator to None, run_after=None
[2024-12-22T02:24:45.098+0000] {processor.py:183} INFO - Processing /home/airflow/.local/lib/python3.12/site-packages/airflow/example_dags/example_bash_decorator.py took 0.047 seconds
[2024-12-22T02:25:15.477+0000] {processor.py:161} INFO - Started process (PID=21049) to work on /home/airflow/.local/lib/python3.12/site-packages/airflow/example_dags/example_bash_decorator.py
[2024-12-22T02:25:15.478+0000] {processor.py:830} INFO - Processing file /home/airflow/.local/lib/python3.12/site-packages/airflow/example_dags/example_bash_decorator.py for tasks to queue
[2024-12-22T02:25:15.479+0000] {logging_mixin.py:188} INFO - [2024-12-22T02:25:15.479+0000] {dagbag.py:545} INFO - Filling up the DagBag from /home/airflow/.local/lib/python3.12/site-packages/airflow/example_dags/example_bash_decorator.py
[2024-12-22T02:25:15.489+0000] {processor.py:840} INFO - DAG(s) 'example_bash_decorator' retrieved from /home/airflow/.local/lib/python3.12/site-packages/airflow/example_dags/example_bash_decorator.py
[2024-12-22T02:25:15.508+0000] {logging_mixin.py:188} INFO - [2024-12-22T02:25:15.508+0000] {dag.py:3089} INFO - Sync 1 DAGs
[2024-12-22T02:25:15.518+0000] {logging_mixin.py:188} INFO - [2024-12-22T02:25:15.518+0000] {dag.py:3947} INFO - Setting next_dagrun for example_bash_decorator to None, run_after=None
[2024-12-22T02:25:15.531+0000] {processor.py:183} INFO - Processing /home/airflow/.local/lib/python3.12/site-packages/airflow/example_dags/example_bash_decorator.py took 0.058 seconds
[2024-12-22T02:25:45.781+0000] {processor.py:161} INFO - Started process (PID=21327) to work on /home/airflow/.local/lib/python3.12/site-packages/airflow/example_dags/example_bash_decorator.py
[2024-12-22T02:25:45.782+0000] {processor.py:830} INFO - Processing file /home/airflow/.local/lib/python3.12/site-packages/airflow/example_dags/example_bash_decorator.py for tasks to queue
[2024-12-22T02:25:45.783+0000] {logging_mixin.py:188} INFO - [2024-12-22T02:25:45.783+0000] {dagbag.py:545} INFO - Filling up the DagBag from /home/airflow/.local/lib/python3.12/site-packages/airflow/example_dags/example_bash_decorator.py
[2024-12-22T02:25:45.792+0000] {processor.py:840} INFO - DAG(s) 'example_bash_decorator' retrieved from /home/airflow/.local/lib/python3.12/site-packages/airflow/example_dags/example_bash_decorator.py
[2024-12-22T02:25:45.809+0000] {logging_mixin.py:188} INFO - [2024-12-22T02:25:45.809+0000] {dag.py:3089} INFO - Sync 1 DAGs
[2024-12-22T02:25:45.817+0000] {logging_mixin.py:188} INFO - [2024-12-22T02:25:45.817+0000] {dag.py:3947} INFO - Setting next_dagrun for example_bash_decorator to None, run_after=None
[2024-12-22T02:25:45.831+0000] {processor.py:183} INFO - Processing /home/airflow/.local/lib/python3.12/site-packages/airflow/example_dags/example_bash_decorator.py took 0.054 seconds
[2024-12-22T02:26:16.050+0000] {processor.py:161} INFO - Started process (PID=21604) to work on /home/airflow/.local/lib/python3.12/site-packages/airflow/example_dags/example_bash_decorator.py
[2024-12-22T02:26:16.051+0000] {processor.py:830} INFO - Processing file /home/airflow/.local/lib/python3.12/site-packages/airflow/example_dags/example_bash_decorator.py for tasks to queue
[2024-12-22T02:26:16.053+0000] {logging_mixin.py:188} INFO - [2024-12-22T02:26:16.053+0000] {dagbag.py:545} INFO - Filling up the DagBag from /home/airflow/.local/lib/python3.12/site-packages/airflow/example_dags/example_bash_decorator.py
[2024-12-22T02:26:16.062+0000] {processor.py:840} INFO - DAG(s) 'example_bash_decorator' retrieved from /home/airflow/.local/lib/python3.12/site-packages/airflow/example_dags/example_bash_decorator.py
[2024-12-22T02:26:16.082+0000] {logging_mixin.py:188} INFO - [2024-12-22T02:26:16.082+0000] {dag.py:3089} INFO - Sync 1 DAGs
[2024-12-22T02:26:16.092+0000] {logging_mixin.py:188} INFO - [2024-12-22T02:26:16.092+0000] {dag.py:3947} INFO - Setting next_dagrun for example_bash_decorator to None, run_after=None
[2024-12-22T02:26:16.106+0000] {processor.py:183} INFO - Processing /home/airflow/.local/lib/python3.12/site-packages/airflow/example_dags/example_bash_decorator.py took 0.060 seconds
[2024-12-22T02:26:47.114+0000] {processor.py:161} INFO - Started process (PID=21881) to work on /home/airflow/.local/lib/python3.12/site-packages/airflow/example_dags/example_bash_decorator.py
[2024-12-22T02:26:47.114+0000] {processor.py:830} INFO - Processing file /home/airflow/.local/lib/python3.12/site-packages/airflow/example_dags/example_bash_decorator.py for tasks to queue
[2024-12-22T02:26:47.116+0000] {logging_mixin.py:188} INFO - [2024-12-22T02:26:47.116+0000] {dagbag.py:545} INFO - Filling up the DagBag from /home/airflow/.local/lib/python3.12/site-packages/airflow/example_dags/example_bash_decorator.py
[2024-12-22T02:26:47.123+0000] {processor.py:840} INFO - DAG(s) 'example_bash_decorator' retrieved from /home/airflow/.local/lib/python3.12/site-packages/airflow/example_dags/example_bash_decorator.py
[2024-12-22T02:26:47.140+0000] {logging_mixin.py:188} INFO - [2024-12-22T02:26:47.140+0000] {dag.py:3089} INFO - Sync 1 DAGs
[2024-12-22T02:26:47.150+0000] {logging_mixin.py:188} INFO - [2024-12-22T02:26:47.150+0000] {dag.py:3947} INFO - Setting next_dagrun for example_bash_decorator to None, run_after=None
[2024-12-22T02:26:47.164+0000] {processor.py:183} INFO - Processing /home/airflow/.local/lib/python3.12/site-packages/airflow/example_dags/example_bash_decorator.py took 0.055 seconds
[2024-12-22T02:27:17.803+0000] {processor.py:161} INFO - Started process (PID=22158) to work on /home/airflow/.local/lib/python3.12/site-packages/airflow/example_dags/example_bash_decorator.py
[2024-12-22T02:27:17.804+0000] {processor.py:830} INFO - Processing file /home/airflow/.local/lib/python3.12/site-packages/airflow/example_dags/example_bash_decorator.py for tasks to queue
[2024-12-22T02:27:17.805+0000] {logging_mixin.py:188} INFO - [2024-12-22T02:27:17.805+0000] {dagbag.py:545} INFO - Filling up the DagBag from /home/airflow/.local/lib/python3.12/site-packages/airflow/example_dags/example_bash_decorator.py
[2024-12-22T02:27:17.814+0000] {processor.py:840} INFO - DAG(s) 'example_bash_decorator' retrieved from /home/airflow/.local/lib/python3.12/site-packages/airflow/example_dags/example_bash_decorator.py
[2024-12-22T02:27:17.833+0000] {logging_mixin.py:188} INFO - [2024-12-22T02:27:17.833+0000] {dag.py:3089} INFO - Sync 1 DAGs
[2024-12-22T02:27:17.842+0000] {logging_mixin.py:188} INFO - [2024-12-22T02:27:17.842+0000] {dag.py:3947} INFO - Setting next_dagrun for example_bash_decorator to None, run_after=None
[2024-12-22T02:27:17.857+0000] {processor.py:183} INFO - Processing /home/airflow/.local/lib/python3.12/site-packages/airflow/example_dags/example_bash_decorator.py took 0.058 seconds
[2024-12-22T02:27:48.305+0000] {processor.py:161} INFO - Started process (PID=22435) to work on /home/airflow/.local/lib/python3.12/site-packages/airflow/example_dags/example_bash_decorator.py
[2024-12-22T02:27:48.306+0000] {processor.py:830} INFO - Processing file /home/airflow/.local/lib/python3.12/site-packages/airflow/example_dags/example_bash_decorator.py for tasks to queue
[2024-12-22T02:27:48.307+0000] {logging_mixin.py:188} INFO - [2024-12-22T02:27:48.307+0000] {dagbag.py:545} INFO - Filling up the DagBag from /home/airflow/.local/lib/python3.12/site-packages/airflow/example_dags/example_bash_decorator.py
[2024-12-22T02:27:48.315+0000] {processor.py:840} INFO - DAG(s) 'example_bash_decorator' retrieved from /home/airflow/.local/lib/python3.12/site-packages/airflow/example_dags/example_bash_decorator.py
[2024-12-22T02:27:48.330+0000] {logging_mixin.py:188} INFO - [2024-12-22T02:27:48.330+0000] {dag.py:3089} INFO - Sync 1 DAGs
[2024-12-22T02:27:48.339+0000] {logging_mixin.py:188} INFO - [2024-12-22T02:27:48.338+0000] {dag.py:3947} INFO - Setting next_dagrun for example_bash_decorator to None, run_after=None
[2024-12-22T02:27:48.351+0000] {processor.py:183} INFO - Processing /home/airflow/.local/lib/python3.12/site-packages/airflow/example_dags/example_bash_decorator.py took 0.049 seconds
[2024-12-22T02:28:18.770+0000] {processor.py:161} INFO - Started process (PID=22712) to work on /home/airflow/.local/lib/python3.12/site-packages/airflow/example_dags/example_bash_decorator.py
[2024-12-22T02:28:18.771+0000] {processor.py:830} INFO - Processing file /home/airflow/.local/lib/python3.12/site-packages/airflow/example_dags/example_bash_decorator.py for tasks to queue
[2024-12-22T02:28:18.772+0000] {logging_mixin.py:188} INFO - [2024-12-22T02:28:18.772+0000] {dagbag.py:545} INFO - Filling up the DagBag from /home/airflow/.local/lib/python3.12/site-packages/airflow/example_dags/example_bash_decorator.py
[2024-12-22T02:28:18.780+0000] {processor.py:840} INFO - DAG(s) 'example_bash_decorator' retrieved from /home/airflow/.local/lib/python3.12/site-packages/airflow/example_dags/example_bash_decorator.py
[2024-12-22T02:28:18.793+0000] {logging_mixin.py:188} INFO - [2024-12-22T02:28:18.793+0000] {dag.py:3089} INFO - Sync 1 DAGs
[2024-12-22T02:28:18.801+0000] {logging_mixin.py:188} INFO - [2024-12-22T02:28:18.801+0000] {dag.py:3947} INFO - Setting next_dagrun for example_bash_decorator to None, run_after=None
[2024-12-22T02:28:18.814+0000] {processor.py:183} INFO - Processing /home/airflow/.local/lib/python3.12/site-packages/airflow/example_dags/example_bash_decorator.py took 0.047 seconds
[2024-12-22T02:28:52.362+0000] {processor.py:161} INFO - Started process (PID=22989) to work on /home/airflow/.local/lib/python3.12/site-packages/airflow/example_dags/example_bash_decorator.py
[2024-12-22T02:28:52.363+0000] {processor.py:830} INFO - Processing file /home/airflow/.local/lib/python3.12/site-packages/airflow/example_dags/example_bash_decorator.py for tasks to queue
[2024-12-22T02:28:52.364+0000] {logging_mixin.py:188} INFO - [2024-12-22T02:28:52.364+0000] {dagbag.py:545} INFO - Filling up the DagBag from /home/airflow/.local/lib/python3.12/site-packages/airflow/example_dags/example_bash_decorator.py
[2024-12-22T02:28:52.374+0000] {processor.py:840} INFO - DAG(s) 'example_bash_decorator' retrieved from /home/airflow/.local/lib/python3.12/site-packages/airflow/example_dags/example_bash_decorator.py
[2024-12-22T02:28:52.395+0000] {logging_mixin.py:188} INFO - [2024-12-22T02:28:52.395+0000] {dag.py:3089} INFO - Sync 1 DAGs
[2024-12-22T02:28:52.403+0000] {logging_mixin.py:188} INFO - [2024-12-22T02:28:52.403+0000] {dag.py:3947} INFO - Setting next_dagrun for example_bash_decorator to None, run_after=None
[2024-12-22T02:28:52.418+0000] {processor.py:183} INFO - Processing /home/airflow/.local/lib/python3.12/site-packages/airflow/example_dags/example_bash_decorator.py took 0.059 seconds
[2024-12-22T02:29:38.178+0000] {processor.py:161} INFO - Started process (PID=23266) to work on /home/airflow/.local/lib/python3.12/site-packages/airflow/example_dags/example_bash_decorator.py
[2024-12-22T02:29:38.178+0000] {processor.py:830} INFO - Processing file /home/airflow/.local/lib/python3.12/site-packages/airflow/example_dags/example_bash_decorator.py for tasks to queue
[2024-12-22T02:29:38.180+0000] {logging_mixin.py:188} INFO - [2024-12-22T02:29:38.180+0000] {dagbag.py:545} INFO - Filling up the DagBag from /home/airflow/.local/lib/python3.12/site-packages/airflow/example_dags/example_bash_decorator.py
[2024-12-22T02:29:38.187+0000] {processor.py:840} INFO - DAG(s) 'example_bash_decorator' retrieved from /home/airflow/.local/lib/python3.12/site-packages/airflow/example_dags/example_bash_decorator.py
[2024-12-22T02:29:38.207+0000] {logging_mixin.py:188} INFO - [2024-12-22T02:29:38.206+0000] {dag.py:3089} INFO - Sync 1 DAGs
[2024-12-22T02:29:38.216+0000] {logging_mixin.py:188} INFO - [2024-12-22T02:29:38.216+0000] {dag.py:3947} INFO - Setting next_dagrun for example_bash_decorator to None, run_after=None
[2024-12-22T02:29:38.230+0000] {processor.py:183} INFO - Processing /home/airflow/.local/lib/python3.12/site-packages/airflow/example_dags/example_bash_decorator.py took 0.057 seconds
[2024-12-22T02:30:08.805+0000] {processor.py:161} INFO - Started process (PID=23543) to work on /home/airflow/.local/lib/python3.12/site-packages/airflow/example_dags/example_bash_decorator.py
[2024-12-22T02:30:08.805+0000] {processor.py:830} INFO - Processing file /home/airflow/.local/lib/python3.12/site-packages/airflow/example_dags/example_bash_decorator.py for tasks to queue
[2024-12-22T02:30:08.807+0000] {logging_mixin.py:188} INFO - [2024-12-22T02:30:08.806+0000] {dagbag.py:545} INFO - Filling up the DagBag from /home/airflow/.local/lib/python3.12/site-packages/airflow/example_dags/example_bash_decorator.py
[2024-12-22T02:30:08.816+0000] {processor.py:840} INFO - DAG(s) 'example_bash_decorator' retrieved from /home/airflow/.local/lib/python3.12/site-packages/airflow/example_dags/example_bash_decorator.py
[2024-12-22T02:30:08.831+0000] {logging_mixin.py:188} INFO - [2024-12-22T02:30:08.831+0000] {dag.py:3089} INFO - Sync 1 DAGs
[2024-12-22T02:30:08.839+0000] {logging_mixin.py:188} INFO - [2024-12-22T02:30:08.839+0000] {dag.py:3947} INFO - Setting next_dagrun for example_bash_decorator to None, run_after=None
[2024-12-22T02:30:08.849+0000] {processor.py:183} INFO - Processing /home/airflow/.local/lib/python3.12/site-packages/airflow/example_dags/example_bash_decorator.py took 0.048 seconds
[2024-12-22T02:30:38.905+0000] {processor.py:161} INFO - Started process (PID=23820) to work on /home/airflow/.local/lib/python3.12/site-packages/airflow/example_dags/example_bash_decorator.py
[2024-12-22T02:30:38.905+0000] {processor.py:830} INFO - Processing file /home/airflow/.local/lib/python3.12/site-packages/airflow/example_dags/example_bash_decorator.py for tasks to queue
[2024-12-22T02:30:38.906+0000] {logging_mixin.py:188} INFO - [2024-12-22T02:30:38.906+0000] {dagbag.py:545} INFO - Filling up the DagBag from /home/airflow/.local/lib/python3.12/site-packages/airflow/example_dags/example_bash_decorator.py
[2024-12-22T02:30:38.914+0000] {processor.py:840} INFO - DAG(s) 'example_bash_decorator' retrieved from /home/airflow/.local/lib/python3.12/site-packages/airflow/example_dags/example_bash_decorator.py
[2024-12-22T02:30:38.929+0000] {logging_mixin.py:188} INFO - [2024-12-22T02:30:38.929+0000] {dag.py:3089} INFO - Sync 1 DAGs
[2024-12-22T02:30:38.937+0000] {logging_mixin.py:188} INFO - [2024-12-22T02:30:38.937+0000] {dag.py:3947} INFO - Setting next_dagrun for example_bash_decorator to None, run_after=None
[2024-12-22T02:30:38.951+0000] {processor.py:183} INFO - Processing /home/airflow/.local/lib/python3.12/site-packages/airflow/example_dags/example_bash_decorator.py took 0.051 seconds
[2024-12-22T02:31:09.422+0000] {processor.py:161} INFO - Started process (PID=24097) to work on /home/airflow/.local/lib/python3.12/site-packages/airflow/example_dags/example_bash_decorator.py
[2024-12-22T02:31:09.423+0000] {processor.py:830} INFO - Processing file /home/airflow/.local/lib/python3.12/site-packages/airflow/example_dags/example_bash_decorator.py for tasks to queue
[2024-12-22T02:31:09.424+0000] {logging_mixin.py:188} INFO - [2024-12-22T02:31:09.423+0000] {dagbag.py:545} INFO - Filling up the DagBag from /home/airflow/.local/lib/python3.12/site-packages/airflow/example_dags/example_bash_decorator.py
[2024-12-22T02:31:09.432+0000] {processor.py:840} INFO - DAG(s) 'example_bash_decorator' retrieved from /home/airflow/.local/lib/python3.12/site-packages/airflow/example_dags/example_bash_decorator.py
[2024-12-22T02:31:09.448+0000] {logging_mixin.py:188} INFO - [2024-12-22T02:31:09.448+0000] {dag.py:3089} INFO - Sync 1 DAGs
[2024-12-22T02:31:09.457+0000] {logging_mixin.py:188} INFO - [2024-12-22T02:31:09.457+0000] {dag.py:3947} INFO - Setting next_dagrun for example_bash_decorator to None, run_after=None
[2024-12-22T02:31:09.467+0000] {processor.py:183} INFO - Processing /home/airflow/.local/lib/python3.12/site-packages/airflow/example_dags/example_bash_decorator.py took 0.048 seconds
[2024-12-22T02:31:39.862+0000] {processor.py:161} INFO - Started process (PID=24374) to work on /home/airflow/.local/lib/python3.12/site-packages/airflow/example_dags/example_bash_decorator.py
[2024-12-22T02:31:39.862+0000] {processor.py:830} INFO - Processing file /home/airflow/.local/lib/python3.12/site-packages/airflow/example_dags/example_bash_decorator.py for tasks to queue
[2024-12-22T02:31:39.864+0000] {logging_mixin.py:188} INFO - [2024-12-22T02:31:39.864+0000] {dagbag.py:545} INFO - Filling up the DagBag from /home/airflow/.local/lib/python3.12/site-packages/airflow/example_dags/example_bash_decorator.py
[2024-12-22T02:31:39.871+0000] {processor.py:840} INFO - DAG(s) 'example_bash_decorator' retrieved from /home/airflow/.local/lib/python3.12/site-packages/airflow/example_dags/example_bash_decorator.py
[2024-12-22T02:31:39.887+0000] {logging_mixin.py:188} INFO - [2024-12-22T02:31:39.887+0000] {dag.py:3089} INFO - Sync 1 DAGs
[2024-12-22T02:31:39.896+0000] {logging_mixin.py:188} INFO - [2024-12-22T02:31:39.895+0000] {dag.py:3947} INFO - Setting next_dagrun for example_bash_decorator to None, run_after=None
[2024-12-22T02:31:39.908+0000] {processor.py:183} INFO - Processing /home/airflow/.local/lib/python3.12/site-packages/airflow/example_dags/example_bash_decorator.py took 0.050 seconds
[2024-12-22T02:32:10.281+0000] {processor.py:161} INFO - Started process (PID=24651) to work on /home/airflow/.local/lib/python3.12/site-packages/airflow/example_dags/example_bash_decorator.py
[2024-12-22T02:32:10.282+0000] {processor.py:830} INFO - Processing file /home/airflow/.local/lib/python3.12/site-packages/airflow/example_dags/example_bash_decorator.py for tasks to queue
[2024-12-22T02:32:10.283+0000] {logging_mixin.py:188} INFO - [2024-12-22T02:32:10.283+0000] {dagbag.py:545} INFO - Filling up the DagBag from /home/airflow/.local/lib/python3.12/site-packages/airflow/example_dags/example_bash_decorator.py
[2024-12-22T02:32:10.292+0000] {processor.py:840} INFO - DAG(s) 'example_bash_decorator' retrieved from /home/airflow/.local/lib/python3.12/site-packages/airflow/example_dags/example_bash_decorator.py
[2024-12-22T02:32:10.309+0000] {logging_mixin.py:188} INFO - [2024-12-22T02:32:10.308+0000] {dag.py:3089} INFO - Sync 1 DAGs
[2024-12-22T02:32:10.316+0000] {logging_mixin.py:188} INFO - [2024-12-22T02:32:10.316+0000] {dag.py:3947} INFO - Setting next_dagrun for example_bash_decorator to None, run_after=None
[2024-12-22T02:32:10.329+0000] {processor.py:183} INFO - Processing /home/airflow/.local/lib/python3.12/site-packages/airflow/example_dags/example_bash_decorator.py took 0.052 seconds
[2024-12-22T02:32:40.587+0000] {processor.py:161} INFO - Started process (PID=24928) to work on /home/airflow/.local/lib/python3.12/site-packages/airflow/example_dags/example_bash_decorator.py
[2024-12-22T02:32:40.588+0000] {processor.py:830} INFO - Processing file /home/airflow/.local/lib/python3.12/site-packages/airflow/example_dags/example_bash_decorator.py for tasks to queue
[2024-12-22T02:32:40.589+0000] {logging_mixin.py:188} INFO - [2024-12-22T02:32:40.588+0000] {dagbag.py:545} INFO - Filling up the DagBag from /home/airflow/.local/lib/python3.12/site-packages/airflow/example_dags/example_bash_decorator.py
[2024-12-22T02:32:40.597+0000] {processor.py:840} INFO - DAG(s) 'example_bash_decorator' retrieved from /home/airflow/.local/lib/python3.12/site-packages/airflow/example_dags/example_bash_decorator.py
[2024-12-22T02:32:40.612+0000] {logging_mixin.py:188} INFO - [2024-12-22T02:32:40.612+0000] {dag.py:3089} INFO - Sync 1 DAGs
[2024-12-22T02:32:40.619+0000] {logging_mixin.py:188} INFO - [2024-12-22T02:32:40.619+0000] {dag.py:3947} INFO - Setting next_dagrun for example_bash_decorator to None, run_after=None
[2024-12-22T02:32:40.630+0000] {processor.py:183} INFO - Processing /home/airflow/.local/lib/python3.12/site-packages/airflow/example_dags/example_bash_decorator.py took 0.048 seconds
[2024-12-22T02:33:10.825+0000] {processor.py:161} INFO - Started process (PID=25205) to work on /home/airflow/.local/lib/python3.12/site-packages/airflow/example_dags/example_bash_decorator.py
[2024-12-22T02:33:10.826+0000] {processor.py:830} INFO - Processing file /home/airflow/.local/lib/python3.12/site-packages/airflow/example_dags/example_bash_decorator.py for tasks to queue
[2024-12-22T02:33:10.828+0000] {logging_mixin.py:188} INFO - [2024-12-22T02:33:10.828+0000] {dagbag.py:545} INFO - Filling up the DagBag from /home/airflow/.local/lib/python3.12/site-packages/airflow/example_dags/example_bash_decorator.py
[2024-12-22T02:33:10.838+0000] {processor.py:840} INFO - DAG(s) 'example_bash_decorator' retrieved from /home/airflow/.local/lib/python3.12/site-packages/airflow/example_dags/example_bash_decorator.py
[2024-12-22T02:33:10.855+0000] {logging_mixin.py:188} INFO - [2024-12-22T02:33:10.855+0000] {dag.py:3089} INFO - Sync 1 DAGs
[2024-12-22T02:33:10.867+0000] {logging_mixin.py:188} INFO - [2024-12-22T02:33:10.866+0000] {dag.py:3947} INFO - Setting next_dagrun for example_bash_decorator to None, run_after=None
[2024-12-22T02:33:10.877+0000] {processor.py:183} INFO - Processing /home/airflow/.local/lib/python3.12/site-packages/airflow/example_dags/example_bash_decorator.py took 0.055 seconds
[2024-12-22T02:33:41.300+0000] {processor.py:161} INFO - Started process (PID=25482) to work on /home/airflow/.local/lib/python3.12/site-packages/airflow/example_dags/example_bash_decorator.py
[2024-12-22T02:33:41.301+0000] {processor.py:830} INFO - Processing file /home/airflow/.local/lib/python3.12/site-packages/airflow/example_dags/example_bash_decorator.py for tasks to queue
[2024-12-22T02:33:41.302+0000] {logging_mixin.py:188} INFO - [2024-12-22T02:33:41.301+0000] {dagbag.py:545} INFO - Filling up the DagBag from /home/airflow/.local/lib/python3.12/site-packages/airflow/example_dags/example_bash_decorator.py
[2024-12-22T02:33:41.309+0000] {processor.py:840} INFO - DAG(s) 'example_bash_decorator' retrieved from /home/airflow/.local/lib/python3.12/site-packages/airflow/example_dags/example_bash_decorator.py
[2024-12-22T02:33:41.322+0000] {logging_mixin.py:188} INFO - [2024-12-22T02:33:41.322+0000] {dag.py:3089} INFO - Sync 1 DAGs
[2024-12-22T02:33:41.328+0000] {logging_mixin.py:188} INFO - [2024-12-22T02:33:41.328+0000] {dag.py:3947} INFO - Setting next_dagrun for example_bash_decorator to None, run_after=None
[2024-12-22T02:33:41.341+0000] {processor.py:183} INFO - Processing /home/airflow/.local/lib/python3.12/site-packages/airflow/example_dags/example_bash_decorator.py took 0.045 seconds
[2024-12-22T02:34:11.811+0000] {processor.py:161} INFO - Started process (PID=25761) to work on /home/airflow/.local/lib/python3.12/site-packages/airflow/example_dags/example_bash_decorator.py
[2024-12-22T02:34:11.811+0000] {processor.py:830} INFO - Processing file /home/airflow/.local/lib/python3.12/site-packages/airflow/example_dags/example_bash_decorator.py for tasks to queue
[2024-12-22T02:34:11.813+0000] {logging_mixin.py:188} INFO - [2024-12-22T02:34:11.812+0000] {dagbag.py:545} INFO - Filling up the DagBag from /home/airflow/.local/lib/python3.12/site-packages/airflow/example_dags/example_bash_decorator.py
[2024-12-22T02:34:11.820+0000] {processor.py:840} INFO - DAG(s) 'example_bash_decorator' retrieved from /home/airflow/.local/lib/python3.12/site-packages/airflow/example_dags/example_bash_decorator.py
[2024-12-22T02:34:11.833+0000] {logging_mixin.py:188} INFO - [2024-12-22T02:34:11.833+0000] {dag.py:3089} INFO - Sync 1 DAGs
[2024-12-22T02:34:11.839+0000] {logging_mixin.py:188} INFO - [2024-12-22T02:34:11.839+0000] {dag.py:3947} INFO - Setting next_dagrun for example_bash_decorator to None, run_after=None
[2024-12-22T02:34:11.848+0000] {processor.py:183} INFO - Processing /home/airflow/.local/lib/python3.12/site-packages/airflow/example_dags/example_bash_decorator.py took 0.041 seconds
[2024-12-22T02:34:42.087+0000] {processor.py:161} INFO - Started process (PID=26036) to work on /home/airflow/.local/lib/python3.12/site-packages/airflow/example_dags/example_bash_decorator.py
[2024-12-22T02:34:42.088+0000] {processor.py:830} INFO - Processing file /home/airflow/.local/lib/python3.12/site-packages/airflow/example_dags/example_bash_decorator.py for tasks to queue
[2024-12-22T02:34:42.090+0000] {logging_mixin.py:188} INFO - [2024-12-22T02:34:42.089+0000] {dagbag.py:545} INFO - Filling up the DagBag from /home/airflow/.local/lib/python3.12/site-packages/airflow/example_dags/example_bash_decorator.py
[2024-12-22T02:34:42.098+0000] {processor.py:840} INFO - DAG(s) 'example_bash_decorator' retrieved from /home/airflow/.local/lib/python3.12/site-packages/airflow/example_dags/example_bash_decorator.py
[2024-12-22T02:34:42.114+0000] {logging_mixin.py:188} INFO - [2024-12-22T02:34:42.114+0000] {dag.py:3089} INFO - Sync 1 DAGs
[2024-12-22T02:34:42.122+0000] {logging_mixin.py:188} INFO - [2024-12-22T02:34:42.122+0000] {dag.py:3947} INFO - Setting next_dagrun for example_bash_decorator to None, run_after=None
[2024-12-22T02:34:42.135+0000] {processor.py:183} INFO - Processing /home/airflow/.local/lib/python3.12/site-packages/airflow/example_dags/example_bash_decorator.py took 0.051 seconds
[2024-12-22T02:35:12.511+0000] {processor.py:161} INFO - Started process (PID=26314) to work on /home/airflow/.local/lib/python3.12/site-packages/airflow/example_dags/example_bash_decorator.py
[2024-12-22T02:35:12.512+0000] {processor.py:830} INFO - Processing file /home/airflow/.local/lib/python3.12/site-packages/airflow/example_dags/example_bash_decorator.py for tasks to queue
[2024-12-22T02:35:12.514+0000] {logging_mixin.py:188} INFO - [2024-12-22T02:35:12.513+0000] {dagbag.py:545} INFO - Filling up the DagBag from /home/airflow/.local/lib/python3.12/site-packages/airflow/example_dags/example_bash_decorator.py
[2024-12-22T02:35:12.522+0000] {processor.py:840} INFO - DAG(s) 'example_bash_decorator' retrieved from /home/airflow/.local/lib/python3.12/site-packages/airflow/example_dags/example_bash_decorator.py
[2024-12-22T02:35:12.542+0000] {logging_mixin.py:188} INFO - [2024-12-22T02:35:12.542+0000] {dag.py:3089} INFO - Sync 1 DAGs
[2024-12-22T02:35:12.552+0000] {logging_mixin.py:188} INFO - [2024-12-22T02:35:12.552+0000] {dag.py:3947} INFO - Setting next_dagrun for example_bash_decorator to None, run_after=None
[2024-12-22T02:35:12.566+0000] {processor.py:183} INFO - Processing /home/airflow/.local/lib/python3.12/site-packages/airflow/example_dags/example_bash_decorator.py took 0.059 seconds
[2024-12-22T02:35:42.604+0000] {processor.py:161} INFO - Started process (PID=26588) to work on /home/airflow/.local/lib/python3.12/site-packages/airflow/example_dags/example_bash_decorator.py
[2024-12-22T02:35:42.605+0000] {processor.py:830} INFO - Processing file /home/airflow/.local/lib/python3.12/site-packages/airflow/example_dags/example_bash_decorator.py for tasks to queue
[2024-12-22T02:35:42.606+0000] {logging_mixin.py:188} INFO - [2024-12-22T02:35:42.606+0000] {dagbag.py:545} INFO - Filling up the DagBag from /home/airflow/.local/lib/python3.12/site-packages/airflow/example_dags/example_bash_decorator.py
[2024-12-22T02:35:42.614+0000] {processor.py:840} INFO - DAG(s) 'example_bash_decorator' retrieved from /home/airflow/.local/lib/python3.12/site-packages/airflow/example_dags/example_bash_decorator.py
[2024-12-22T02:35:42.627+0000] {logging_mixin.py:188} INFO - [2024-12-22T02:35:42.627+0000] {dag.py:3089} INFO - Sync 1 DAGs
[2024-12-22T02:35:42.634+0000] {logging_mixin.py:188} INFO - [2024-12-22T02:35:42.634+0000] {dag.py:3947} INFO - Setting next_dagrun for example_bash_decorator to None, run_after=None
[2024-12-22T02:35:42.644+0000] {processor.py:183} INFO - Processing /home/airflow/.local/lib/python3.12/site-packages/airflow/example_dags/example_bash_decorator.py took 0.043 seconds
[2024-12-22T02:36:13.935+0000] {processor.py:161} INFO - Started process (PID=26868) to work on /home/airflow/.local/lib/python3.12/site-packages/airflow/example_dags/example_bash_decorator.py
[2024-12-22T02:36:13.935+0000] {processor.py:830} INFO - Processing file /home/airflow/.local/lib/python3.12/site-packages/airflow/example_dags/example_bash_decorator.py for tasks to queue
[2024-12-22T02:36:13.937+0000] {logging_mixin.py:188} INFO - [2024-12-22T02:36:13.937+0000] {dagbag.py:545} INFO - Filling up the DagBag from /home/airflow/.local/lib/python3.12/site-packages/airflow/example_dags/example_bash_decorator.py
[2024-12-22T02:36:13.947+0000] {processor.py:840} INFO - DAG(s) 'example_bash_decorator' retrieved from /home/airflow/.local/lib/python3.12/site-packages/airflow/example_dags/example_bash_decorator.py
[2024-12-22T02:36:13.964+0000] {logging_mixin.py:188} INFO - [2024-12-22T02:36:13.964+0000] {dag.py:3089} INFO - Sync 1 DAGs
[2024-12-22T02:36:13.974+0000] {logging_mixin.py:188} INFO - [2024-12-22T02:36:13.974+0000] {dag.py:3947} INFO - Setting next_dagrun for example_bash_decorator to None, run_after=None
[2024-12-22T02:36:13.987+0000] {processor.py:183} INFO - Processing /home/airflow/.local/lib/python3.12/site-packages/airflow/example_dags/example_bash_decorator.py took 0.058 seconds
[2024-12-22T02:36:44.183+0000] {processor.py:161} INFO - Started process (PID=27145) to work on /home/airflow/.local/lib/python3.12/site-packages/airflow/example_dags/example_bash_decorator.py
[2024-12-22T02:36:44.184+0000] {processor.py:830} INFO - Processing file /home/airflow/.local/lib/python3.12/site-packages/airflow/example_dags/example_bash_decorator.py for tasks to queue
[2024-12-22T02:36:44.185+0000] {logging_mixin.py:188} INFO - [2024-12-22T02:36:44.185+0000] {dagbag.py:545} INFO - Filling up the DagBag from /home/airflow/.local/lib/python3.12/site-packages/airflow/example_dags/example_bash_decorator.py
[2024-12-22T02:36:44.193+0000] {processor.py:840} INFO - DAG(s) 'example_bash_decorator' retrieved from /home/airflow/.local/lib/python3.12/site-packages/airflow/example_dags/example_bash_decorator.py
[2024-12-22T02:36:44.209+0000] {logging_mixin.py:188} INFO - [2024-12-22T02:36:44.209+0000] {dag.py:3089} INFO - Sync 1 DAGs
[2024-12-22T02:36:44.215+0000] {logging_mixin.py:188} INFO - [2024-12-22T02:36:44.215+0000] {dag.py:3947} INFO - Setting next_dagrun for example_bash_decorator to None, run_after=None
[2024-12-22T02:36:44.227+0000] {processor.py:183} INFO - Processing /home/airflow/.local/lib/python3.12/site-packages/airflow/example_dags/example_bash_decorator.py took 0.047 seconds
[2024-12-22T02:37:14.785+0000] {processor.py:161} INFO - Started process (PID=27422) to work on /home/airflow/.local/lib/python3.12/site-packages/airflow/example_dags/example_bash_decorator.py
[2024-12-22T02:37:14.786+0000] {processor.py:830} INFO - Processing file /home/airflow/.local/lib/python3.12/site-packages/airflow/example_dags/example_bash_decorator.py for tasks to queue
[2024-12-22T02:37:14.788+0000] {logging_mixin.py:188} INFO - [2024-12-22T02:37:14.788+0000] {dagbag.py:545} INFO - Filling up the DagBag from /home/airflow/.local/lib/python3.12/site-packages/airflow/example_dags/example_bash_decorator.py
[2024-12-22T02:37:14.796+0000] {processor.py:840} INFO - DAG(s) 'example_bash_decorator' retrieved from /home/airflow/.local/lib/python3.12/site-packages/airflow/example_dags/example_bash_decorator.py
[2024-12-22T02:37:14.810+0000] {logging_mixin.py:188} INFO - [2024-12-22T02:37:14.810+0000] {dag.py:3089} INFO - Sync 1 DAGs
[2024-12-22T02:37:14.818+0000] {logging_mixin.py:188} INFO - [2024-12-22T02:37:14.818+0000] {dag.py:3947} INFO - Setting next_dagrun for example_bash_decorator to None, run_after=None
[2024-12-22T02:37:14.829+0000] {processor.py:183} INFO - Processing /home/airflow/.local/lib/python3.12/site-packages/airflow/example_dags/example_bash_decorator.py took 0.048 seconds
[2024-12-22T02:37:47.490+0000] {processor.py:161} INFO - Started process (PID=27699) to work on /home/airflow/.local/lib/python3.12/site-packages/airflow/example_dags/example_bash_decorator.py
[2024-12-22T02:37:47.491+0000] {processor.py:830} INFO - Processing file /home/airflow/.local/lib/python3.12/site-packages/airflow/example_dags/example_bash_decorator.py for tasks to queue
[2024-12-22T02:37:47.492+0000] {logging_mixin.py:188} INFO - [2024-12-22T02:37:47.492+0000] {dagbag.py:545} INFO - Filling up the DagBag from /home/airflow/.local/lib/python3.12/site-packages/airflow/example_dags/example_bash_decorator.py
[2024-12-22T02:37:47.501+0000] {processor.py:840} INFO - DAG(s) 'example_bash_decorator' retrieved from /home/airflow/.local/lib/python3.12/site-packages/airflow/example_dags/example_bash_decorator.py
[2024-12-22T02:37:47.515+0000] {logging_mixin.py:188} INFO - [2024-12-22T02:37:47.515+0000] {dag.py:3089} INFO - Sync 1 DAGs
[2024-12-22T02:37:47.522+0000] {logging_mixin.py:188} INFO - [2024-12-22T02:37:47.522+0000] {dag.py:3947} INFO - Setting next_dagrun for example_bash_decorator to None, run_after=None
[2024-12-22T02:37:47.533+0000] {processor.py:183} INFO - Processing /home/airflow/.local/lib/python3.12/site-packages/airflow/example_dags/example_bash_decorator.py took 0.047 seconds
[2024-12-22T02:38:20.155+0000] {processor.py:161} INFO - Started process (PID=27976) to work on /home/airflow/.local/lib/python3.12/site-packages/airflow/example_dags/example_bash_decorator.py
[2024-12-22T02:38:20.156+0000] {processor.py:830} INFO - Processing file /home/airflow/.local/lib/python3.12/site-packages/airflow/example_dags/example_bash_decorator.py for tasks to queue
[2024-12-22T02:38:20.157+0000] {logging_mixin.py:188} INFO - [2024-12-22T02:38:20.157+0000] {dagbag.py:545} INFO - Filling up the DagBag from /home/airflow/.local/lib/python3.12/site-packages/airflow/example_dags/example_bash_decorator.py
[2024-12-22T02:38:20.175+0000] {processor.py:840} INFO - DAG(s) 'example_bash_decorator' retrieved from /home/airflow/.local/lib/python3.12/site-packages/airflow/example_dags/example_bash_decorator.py
[2024-12-22T02:38:20.193+0000] {logging_mixin.py:188} INFO - [2024-12-22T02:38:20.193+0000] {dag.py:3089} INFO - Sync 1 DAGs
[2024-12-22T02:38:20.203+0000] {logging_mixin.py:188} INFO - [2024-12-22T02:38:20.203+0000] {dag.py:3947} INFO - Setting next_dagrun for example_bash_decorator to None, run_after=None
[2024-12-22T02:38:20.214+0000] {processor.py:183} INFO - Processing /home/airflow/.local/lib/python3.12/site-packages/airflow/example_dags/example_bash_decorator.py took 0.064 seconds
[2024-12-22T02:38:51.527+0000] {processor.py:161} INFO - Started process (PID=28253) to work on /home/airflow/.local/lib/python3.12/site-packages/airflow/example_dags/example_bash_decorator.py
[2024-12-22T02:38:51.528+0000] {processor.py:830} INFO - Processing file /home/airflow/.local/lib/python3.12/site-packages/airflow/example_dags/example_bash_decorator.py for tasks to queue
[2024-12-22T02:38:51.529+0000] {logging_mixin.py:188} INFO - [2024-12-22T02:38:51.529+0000] {dagbag.py:545} INFO - Filling up the DagBag from /home/airflow/.local/lib/python3.12/site-packages/airflow/example_dags/example_bash_decorator.py
[2024-12-22T02:38:51.537+0000] {processor.py:840} INFO - DAG(s) 'example_bash_decorator' retrieved from /home/airflow/.local/lib/python3.12/site-packages/airflow/example_dags/example_bash_decorator.py
[2024-12-22T02:38:51.551+0000] {logging_mixin.py:188} INFO - [2024-12-22T02:38:51.551+0000] {dag.py:3089} INFO - Sync 1 DAGs
[2024-12-22T02:38:51.558+0000] {logging_mixin.py:188} INFO - [2024-12-22T02:38:51.558+0000] {dag.py:3947} INFO - Setting next_dagrun for example_bash_decorator to None, run_after=None
[2024-12-22T02:38:51.570+0000] {processor.py:183} INFO - Processing /home/airflow/.local/lib/python3.12/site-packages/airflow/example_dags/example_bash_decorator.py took 0.047 seconds
[2024-12-22T02:39:22.323+0000] {processor.py:161} INFO - Started process (PID=28530) to work on /home/airflow/.local/lib/python3.12/site-packages/airflow/example_dags/example_bash_decorator.py
[2024-12-22T02:39:22.324+0000] {processor.py:830} INFO - Processing file /home/airflow/.local/lib/python3.12/site-packages/airflow/example_dags/example_bash_decorator.py for tasks to queue
[2024-12-22T02:39:22.325+0000] {logging_mixin.py:188} INFO - [2024-12-22T02:39:22.325+0000] {dagbag.py:545} INFO - Filling up the DagBag from /home/airflow/.local/lib/python3.12/site-packages/airflow/example_dags/example_bash_decorator.py
[2024-12-22T02:39:22.333+0000] {processor.py:840} INFO - DAG(s) 'example_bash_decorator' retrieved from /home/airflow/.local/lib/python3.12/site-packages/airflow/example_dags/example_bash_decorator.py
[2024-12-22T02:39:22.351+0000] {logging_mixin.py:188} INFO - [2024-12-22T02:39:22.350+0000] {dag.py:3089} INFO - Sync 1 DAGs
[2024-12-22T02:39:22.359+0000] {logging_mixin.py:188} INFO - [2024-12-22T02:39:22.359+0000] {dag.py:3947} INFO - Setting next_dagrun for example_bash_decorator to None, run_after=None
[2024-12-22T02:39:22.372+0000] {processor.py:183} INFO - Processing /home/airflow/.local/lib/python3.12/site-packages/airflow/example_dags/example_bash_decorator.py took 0.054 seconds
[2024-12-22T02:39:53.051+0000] {processor.py:161} INFO - Started process (PID=28808) to work on /home/airflow/.local/lib/python3.12/site-packages/airflow/example_dags/example_bash_decorator.py
[2024-12-22T02:39:53.052+0000] {processor.py:830} INFO - Processing file /home/airflow/.local/lib/python3.12/site-packages/airflow/example_dags/example_bash_decorator.py for tasks to queue
[2024-12-22T02:39:53.053+0000] {logging_mixin.py:188} INFO - [2024-12-22T02:39:53.053+0000] {dagbag.py:545} INFO - Filling up the DagBag from /home/airflow/.local/lib/python3.12/site-packages/airflow/example_dags/example_bash_decorator.py
[2024-12-22T02:39:53.062+0000] {processor.py:840} INFO - DAG(s) 'example_bash_decorator' retrieved from /home/airflow/.local/lib/python3.12/site-packages/airflow/example_dags/example_bash_decorator.py
[2024-12-22T02:39:53.078+0000] {logging_mixin.py:188} INFO - [2024-12-22T02:39:53.078+0000] {dag.py:3089} INFO - Sync 1 DAGs
[2024-12-22T02:39:53.086+0000] {logging_mixin.py:188} INFO - [2024-12-22T02:39:53.086+0000] {dag.py:3947} INFO - Setting next_dagrun for example_bash_decorator to None, run_after=None
[2024-12-22T02:39:53.097+0000] {processor.py:183} INFO - Processing /home/airflow/.local/lib/python3.12/site-packages/airflow/example_dags/example_bash_decorator.py took 0.051 seconds
[2024-12-22T02:40:26.456+0000] {processor.py:161} INFO - Started process (PID=29085) to work on /home/airflow/.local/lib/python3.12/site-packages/airflow/example_dags/example_bash_decorator.py
[2024-12-22T02:40:26.457+0000] {processor.py:830} INFO - Processing file /home/airflow/.local/lib/python3.12/site-packages/airflow/example_dags/example_bash_decorator.py for tasks to queue
[2024-12-22T02:40:26.458+0000] {logging_mixin.py:188} INFO - [2024-12-22T02:40:26.458+0000] {dagbag.py:545} INFO - Filling up the DagBag from /home/airflow/.local/lib/python3.12/site-packages/airflow/example_dags/example_bash_decorator.py
[2024-12-22T02:40:26.465+0000] {processor.py:840} INFO - DAG(s) 'example_bash_decorator' retrieved from /home/airflow/.local/lib/python3.12/site-packages/airflow/example_dags/example_bash_decorator.py
[2024-12-22T02:40:26.480+0000] {logging_mixin.py:188} INFO - [2024-12-22T02:40:26.480+0000] {dag.py:3089} INFO - Sync 1 DAGs
[2024-12-22T02:40:26.487+0000] {logging_mixin.py:188} INFO - [2024-12-22T02:40:26.487+0000] {dag.py:3947} INFO - Setting next_dagrun for example_bash_decorator to None, run_after=None
[2024-12-22T02:40:26.497+0000] {processor.py:183} INFO - Processing /home/airflow/.local/lib/python3.12/site-packages/airflow/example_dags/example_bash_decorator.py took 0.045 seconds
[2024-12-22T02:40:58.788+0000] {processor.py:161} INFO - Started process (PID=29362) to work on /home/airflow/.local/lib/python3.12/site-packages/airflow/example_dags/example_bash_decorator.py
[2024-12-22T02:40:58.789+0000] {processor.py:830} INFO - Processing file /home/airflow/.local/lib/python3.12/site-packages/airflow/example_dags/example_bash_decorator.py for tasks to queue
[2024-12-22T02:40:58.790+0000] {logging_mixin.py:188} INFO - [2024-12-22T02:40:58.790+0000] {dagbag.py:545} INFO - Filling up the DagBag from /home/airflow/.local/lib/python3.12/site-packages/airflow/example_dags/example_bash_decorator.py
[2024-12-22T02:40:58.798+0000] {processor.py:840} INFO - DAG(s) 'example_bash_decorator' retrieved from /home/airflow/.local/lib/python3.12/site-packages/airflow/example_dags/example_bash_decorator.py
[2024-12-22T02:40:58.815+0000] {logging_mixin.py:188} INFO - [2024-12-22T02:40:58.814+0000] {dag.py:3089} INFO - Sync 1 DAGs
[2024-12-22T02:40:58.827+0000] {logging_mixin.py:188} INFO - [2024-12-22T02:40:58.827+0000] {dag.py:3947} INFO - Setting next_dagrun for example_bash_decorator to None, run_after=None
[2024-12-22T02:40:58.839+0000] {processor.py:183} INFO - Processing /home/airflow/.local/lib/python3.12/site-packages/airflow/example_dags/example_bash_decorator.py took 0.054 seconds
[2024-12-22T02:41:31.369+0000] {processor.py:161} INFO - Started process (PID=29639) to work on /home/airflow/.local/lib/python3.12/site-packages/airflow/example_dags/example_bash_decorator.py
[2024-12-22T02:41:31.370+0000] {processor.py:830} INFO - Processing file /home/airflow/.local/lib/python3.12/site-packages/airflow/example_dags/example_bash_decorator.py for tasks to queue
[2024-12-22T02:41:31.371+0000] {logging_mixin.py:188} INFO - [2024-12-22T02:41:31.371+0000] {dagbag.py:545} INFO - Filling up the DagBag from /home/airflow/.local/lib/python3.12/site-packages/airflow/example_dags/example_bash_decorator.py
[2024-12-22T02:41:31.379+0000] {processor.py:840} INFO - DAG(s) 'example_bash_decorator' retrieved from /home/airflow/.local/lib/python3.12/site-packages/airflow/example_dags/example_bash_decorator.py
[2024-12-22T02:41:31.398+0000] {logging_mixin.py:188} INFO - [2024-12-22T02:41:31.398+0000] {dag.py:3089} INFO - Sync 1 DAGs
[2024-12-22T02:41:31.411+0000] {logging_mixin.py:188} INFO - [2024-12-22T02:41:31.411+0000] {dag.py:3947} INFO - Setting next_dagrun for example_bash_decorator to None, run_after=None
[2024-12-22T02:41:31.427+0000] {processor.py:183} INFO - Processing /home/airflow/.local/lib/python3.12/site-packages/airflow/example_dags/example_bash_decorator.py took 0.062 seconds
[2024-12-22T02:42:02.488+0000] {processor.py:161} INFO - Started process (PID=29916) to work on /home/airflow/.local/lib/python3.12/site-packages/airflow/example_dags/example_bash_decorator.py
[2024-12-22T02:42:02.489+0000] {processor.py:830} INFO - Processing file /home/airflow/.local/lib/python3.12/site-packages/airflow/example_dags/example_bash_decorator.py for tasks to queue
[2024-12-22T02:42:02.490+0000] {logging_mixin.py:188} INFO - [2024-12-22T02:42:02.490+0000] {dagbag.py:545} INFO - Filling up the DagBag from /home/airflow/.local/lib/python3.12/site-packages/airflow/example_dags/example_bash_decorator.py
[2024-12-22T02:42:02.499+0000] {processor.py:840} INFO - DAG(s) 'example_bash_decorator' retrieved from /home/airflow/.local/lib/python3.12/site-packages/airflow/example_dags/example_bash_decorator.py
[2024-12-22T02:42:02.515+0000] {logging_mixin.py:188} INFO - [2024-12-22T02:42:02.515+0000] {dag.py:3089} INFO - Sync 1 DAGs
[2024-12-22T02:42:02.522+0000] {logging_mixin.py:188} INFO - [2024-12-22T02:42:02.522+0000] {dag.py:3947} INFO - Setting next_dagrun for example_bash_decorator to None, run_after=None
[2024-12-22T02:42:02.534+0000] {processor.py:183} INFO - Processing /home/airflow/.local/lib/python3.12/site-packages/airflow/example_dags/example_bash_decorator.py took 0.051 seconds
[2024-12-22T02:42:33.544+0000] {processor.py:161} INFO - Started process (PID=30193) to work on /home/airflow/.local/lib/python3.12/site-packages/airflow/example_dags/example_bash_decorator.py
[2024-12-22T02:42:33.546+0000] {processor.py:830} INFO - Processing file /home/airflow/.local/lib/python3.12/site-packages/airflow/example_dags/example_bash_decorator.py for tasks to queue
[2024-12-22T02:42:33.547+0000] {logging_mixin.py:188} INFO - [2024-12-22T02:42:33.547+0000] {dagbag.py:545} INFO - Filling up the DagBag from /home/airflow/.local/lib/python3.12/site-packages/airflow/example_dags/example_bash_decorator.py
[2024-12-22T02:42:33.557+0000] {processor.py:840} INFO - DAG(s) 'example_bash_decorator' retrieved from /home/airflow/.local/lib/python3.12/site-packages/airflow/example_dags/example_bash_decorator.py
[2024-12-22T02:42:33.581+0000] {logging_mixin.py:188} INFO - [2024-12-22T02:42:33.580+0000] {dag.py:3089} INFO - Sync 1 DAGs
[2024-12-22T02:42:33.592+0000] {logging_mixin.py:188} INFO - [2024-12-22T02:42:33.592+0000] {dag.py:3947} INFO - Setting next_dagrun for example_bash_decorator to None, run_after=None
[2024-12-22T02:42:33.609+0000] {processor.py:183} INFO - Processing /home/airflow/.local/lib/python3.12/site-packages/airflow/example_dags/example_bash_decorator.py took 0.069 seconds
[2024-12-22T02:43:06.074+0000] {processor.py:161} INFO - Started process (PID=30470) to work on /home/airflow/.local/lib/python3.12/site-packages/airflow/example_dags/example_bash_decorator.py
[2024-12-22T02:43:06.075+0000] {processor.py:830} INFO - Processing file /home/airflow/.local/lib/python3.12/site-packages/airflow/example_dags/example_bash_decorator.py for tasks to queue
[2024-12-22T02:43:06.076+0000] {logging_mixin.py:188} INFO - [2024-12-22T02:43:06.076+0000] {dagbag.py:545} INFO - Filling up the DagBag from /home/airflow/.local/lib/python3.12/site-packages/airflow/example_dags/example_bash_decorator.py
[2024-12-22T02:43:06.085+0000] {processor.py:840} INFO - DAG(s) 'example_bash_decorator' retrieved from /home/airflow/.local/lib/python3.12/site-packages/airflow/example_dags/example_bash_decorator.py
[2024-12-22T02:43:06.100+0000] {logging_mixin.py:188} INFO - [2024-12-22T02:43:06.100+0000] {dag.py:3089} INFO - Sync 1 DAGs
[2024-12-22T02:43:06.107+0000] {logging_mixin.py:188} INFO - [2024-12-22T02:43:06.107+0000] {dag.py:3947} INFO - Setting next_dagrun for example_bash_decorator to None, run_after=None
[2024-12-22T02:43:06.119+0000] {processor.py:183} INFO - Processing /home/airflow/.local/lib/python3.12/site-packages/airflow/example_dags/example_bash_decorator.py took 0.050 seconds
[2024-12-22T02:43:38.454+0000] {processor.py:161} INFO - Started process (PID=30747) to work on /home/airflow/.local/lib/python3.12/site-packages/airflow/example_dags/example_bash_decorator.py
[2024-12-22T02:43:38.455+0000] {processor.py:830} INFO - Processing file /home/airflow/.local/lib/python3.12/site-packages/airflow/example_dags/example_bash_decorator.py for tasks to queue
[2024-12-22T02:43:38.456+0000] {logging_mixin.py:188} INFO - [2024-12-22T02:43:38.456+0000] {dagbag.py:545} INFO - Filling up the DagBag from /home/airflow/.local/lib/python3.12/site-packages/airflow/example_dags/example_bash_decorator.py
[2024-12-22T02:43:38.465+0000] {processor.py:840} INFO - DAG(s) 'example_bash_decorator' retrieved from /home/airflow/.local/lib/python3.12/site-packages/airflow/example_dags/example_bash_decorator.py
[2024-12-22T02:43:38.483+0000] {logging_mixin.py:188} INFO - [2024-12-22T02:43:38.483+0000] {dag.py:3089} INFO - Sync 1 DAGs
[2024-12-22T02:43:38.492+0000] {logging_mixin.py:188} INFO - [2024-12-22T02:43:38.492+0000] {dag.py:3947} INFO - Setting next_dagrun for example_bash_decorator to None, run_after=None
[2024-12-22T02:43:38.512+0000] {processor.py:183} INFO - Processing /home/airflow/.local/lib/python3.12/site-packages/airflow/example_dags/example_bash_decorator.py took 0.062 seconds
[2024-12-22T02:44:10.945+0000] {processor.py:161} INFO - Started process (PID=31024) to work on /home/airflow/.local/lib/python3.12/site-packages/airflow/example_dags/example_bash_decorator.py
[2024-12-22T02:44:10.946+0000] {processor.py:830} INFO - Processing file /home/airflow/.local/lib/python3.12/site-packages/airflow/example_dags/example_bash_decorator.py for tasks to queue
[2024-12-22T02:44:10.947+0000] {logging_mixin.py:188} INFO - [2024-12-22T02:44:10.947+0000] {dagbag.py:545} INFO - Filling up the DagBag from /home/airflow/.local/lib/python3.12/site-packages/airflow/example_dags/example_bash_decorator.py
[2024-12-22T02:44:10.957+0000] {processor.py:840} INFO - DAG(s) 'example_bash_decorator' retrieved from /home/airflow/.local/lib/python3.12/site-packages/airflow/example_dags/example_bash_decorator.py
[2024-12-22T02:44:10.986+0000] {logging_mixin.py:188} INFO - [2024-12-22T02:44:10.986+0000] {dag.py:3089} INFO - Sync 1 DAGs
[2024-12-22T02:44:11.004+0000] {logging_mixin.py:188} INFO - [2024-12-22T02:44:11.004+0000] {dag.py:3947} INFO - Setting next_dagrun for example_bash_decorator to None, run_after=None
[2024-12-22T02:44:11.019+0000] {processor.py:183} INFO - Processing /home/airflow/.local/lib/python3.12/site-packages/airflow/example_dags/example_bash_decorator.py took 0.078 seconds
[2024-12-22T02:44:43.625+0000] {processor.py:161} INFO - Started process (PID=31301) to work on /home/airflow/.local/lib/python3.12/site-packages/airflow/example_dags/example_bash_decorator.py
[2024-12-22T02:44:43.626+0000] {processor.py:830} INFO - Processing file /home/airflow/.local/lib/python3.12/site-packages/airflow/example_dags/example_bash_decorator.py for tasks to queue
[2024-12-22T02:44:43.628+0000] {logging_mixin.py:188} INFO - [2024-12-22T02:44:43.628+0000] {dagbag.py:545} INFO - Filling up the DagBag from /home/airflow/.local/lib/python3.12/site-packages/airflow/example_dags/example_bash_decorator.py
[2024-12-22T02:44:43.637+0000] {processor.py:840} INFO - DAG(s) 'example_bash_decorator' retrieved from /home/airflow/.local/lib/python3.12/site-packages/airflow/example_dags/example_bash_decorator.py
[2024-12-22T02:44:43.653+0000] {logging_mixin.py:188} INFO - [2024-12-22T02:44:43.653+0000] {dag.py:3089} INFO - Sync 1 DAGs
[2024-12-22T02:44:43.662+0000] {logging_mixin.py:188} INFO - [2024-12-22T02:44:43.662+0000] {dag.py:3947} INFO - Setting next_dagrun for example_bash_decorator to None, run_after=None
[2024-12-22T02:44:43.675+0000] {processor.py:183} INFO - Processing /home/airflow/.local/lib/python3.12/site-packages/airflow/example_dags/example_bash_decorator.py took 0.054 seconds
[2024-12-22T02:45:14.908+0000] {processor.py:161} INFO - Started process (PID=31578) to work on /home/airflow/.local/lib/python3.12/site-packages/airflow/example_dags/example_bash_decorator.py
[2024-12-22T02:45:14.911+0000] {processor.py:830} INFO - Processing file /home/airflow/.local/lib/python3.12/site-packages/airflow/example_dags/example_bash_decorator.py for tasks to queue
[2024-12-22T02:45:14.912+0000] {logging_mixin.py:188} INFO - [2024-12-22T02:45:14.912+0000] {dagbag.py:545} INFO - Filling up the DagBag from /home/airflow/.local/lib/python3.12/site-packages/airflow/example_dags/example_bash_decorator.py
[2024-12-22T02:45:14.923+0000] {processor.py:840} INFO - DAG(s) 'example_bash_decorator' retrieved from /home/airflow/.local/lib/python3.12/site-packages/airflow/example_dags/example_bash_decorator.py
[2024-12-22T02:45:14.946+0000] {logging_mixin.py:188} INFO - [2024-12-22T02:45:14.945+0000] {dag.py:3089} INFO - Sync 1 DAGs
[2024-12-22T02:45:14.958+0000] {logging_mixin.py:188} INFO - [2024-12-22T02:45:14.958+0000] {dag.py:3947} INFO - Setting next_dagrun for example_bash_decorator to None, run_after=None
[2024-12-22T02:45:14.976+0000] {processor.py:183} INFO - Processing /home/airflow/.local/lib/python3.12/site-packages/airflow/example_dags/example_bash_decorator.py took 0.082 seconds
[2024-12-22T02:45:45.878+0000] {processor.py:161} INFO - Started process (PID=31855) to work on /home/airflow/.local/lib/python3.12/site-packages/airflow/example_dags/example_bash_decorator.py
[2024-12-22T02:45:45.879+0000] {processor.py:830} INFO - Processing file /home/airflow/.local/lib/python3.12/site-packages/airflow/example_dags/example_bash_decorator.py for tasks to queue
[2024-12-22T02:45:45.880+0000] {logging_mixin.py:188} INFO - [2024-12-22T02:45:45.880+0000] {dagbag.py:545} INFO - Filling up the DagBag from /home/airflow/.local/lib/python3.12/site-packages/airflow/example_dags/example_bash_decorator.py
[2024-12-22T02:45:45.889+0000] {processor.py:840} INFO - DAG(s) 'example_bash_decorator' retrieved from /home/airflow/.local/lib/python3.12/site-packages/airflow/example_dags/example_bash_decorator.py
[2024-12-22T02:45:45.922+0000] {logging_mixin.py:188} INFO - [2024-12-22T02:45:45.922+0000] {dag.py:3089} INFO - Sync 1 DAGs
[2024-12-22T02:45:45.950+0000] {logging_mixin.py:188} INFO - [2024-12-22T02:45:45.949+0000] {dag.py:3947} INFO - Setting next_dagrun for example_bash_decorator to None, run_after=None
[2024-12-22T02:45:45.993+0000] {processor.py:183} INFO - Processing /home/airflow/.local/lib/python3.12/site-packages/airflow/example_dags/example_bash_decorator.py took 0.120 seconds
[2024-12-22T02:46:17.124+0000] {processor.py:161} INFO - Started process (PID=32132) to work on /home/airflow/.local/lib/python3.12/site-packages/airflow/example_dags/example_bash_decorator.py
[2024-12-22T02:46:17.125+0000] {processor.py:830} INFO - Processing file /home/airflow/.local/lib/python3.12/site-packages/airflow/example_dags/example_bash_decorator.py for tasks to queue
[2024-12-22T02:46:17.127+0000] {logging_mixin.py:188} INFO - [2024-12-22T02:46:17.127+0000] {dagbag.py:545} INFO - Filling up the DagBag from /home/airflow/.local/lib/python3.12/site-packages/airflow/example_dags/example_bash_decorator.py
[2024-12-22T02:46:17.138+0000] {processor.py:840} INFO - DAG(s) 'example_bash_decorator' retrieved from /home/airflow/.local/lib/python3.12/site-packages/airflow/example_dags/example_bash_decorator.py
[2024-12-22T02:46:17.164+0000] {logging_mixin.py:188} INFO - [2024-12-22T02:46:17.164+0000] {dag.py:3089} INFO - Sync 1 DAGs
[2024-12-22T02:46:17.176+0000] {logging_mixin.py:188} INFO - [2024-12-22T02:46:17.176+0000] {dag.py:3947} INFO - Setting next_dagrun for example_bash_decorator to None, run_after=None
[2024-12-22T02:46:17.196+0000] {processor.py:183} INFO - Processing /home/airflow/.local/lib/python3.12/site-packages/airflow/example_dags/example_bash_decorator.py took 0.076 seconds
[2024-12-22T02:46:47.801+0000] {processor.py:161} INFO - Started process (PID=32408) to work on /home/airflow/.local/lib/python3.12/site-packages/airflow/example_dags/example_bash_decorator.py
[2024-12-22T02:46:47.803+0000] {processor.py:830} INFO - Processing file /home/airflow/.local/lib/python3.12/site-packages/airflow/example_dags/example_bash_decorator.py for tasks to queue
[2024-12-22T02:46:47.805+0000] {logging_mixin.py:188} INFO - [2024-12-22T02:46:47.805+0000] {dagbag.py:545} INFO - Filling up the DagBag from /home/airflow/.local/lib/python3.12/site-packages/airflow/example_dags/example_bash_decorator.py
[2024-12-22T02:46:47.814+0000] {processor.py:840} INFO - DAG(s) 'example_bash_decorator' retrieved from /home/airflow/.local/lib/python3.12/site-packages/airflow/example_dags/example_bash_decorator.py
[2024-12-22T02:46:47.832+0000] {logging_mixin.py:188} INFO - [2024-12-22T02:46:47.832+0000] {dag.py:3089} INFO - Sync 1 DAGs
[2024-12-22T02:46:47.840+0000] {logging_mixin.py:188} INFO - [2024-12-22T02:46:47.840+0000] {dag.py:3947} INFO - Setting next_dagrun for example_bash_decorator to None, run_after=None
[2024-12-22T02:46:47.855+0000] {processor.py:183} INFO - Processing /home/airflow/.local/lib/python3.12/site-packages/airflow/example_dags/example_bash_decorator.py took 0.059 seconds
[2024-12-22T02:47:20.159+0000] {processor.py:161} INFO - Started process (PID=32685) to work on /home/airflow/.local/lib/python3.12/site-packages/airflow/example_dags/example_bash_decorator.py
[2024-12-22T02:47:20.159+0000] {processor.py:830} INFO - Processing file /home/airflow/.local/lib/python3.12/site-packages/airflow/example_dags/example_bash_decorator.py for tasks to queue
[2024-12-22T02:47:20.161+0000] {logging_mixin.py:188} INFO - [2024-12-22T02:47:20.161+0000] {dagbag.py:545} INFO - Filling up the DagBag from /home/airflow/.local/lib/python3.12/site-packages/airflow/example_dags/example_bash_decorator.py
[2024-12-22T02:47:20.170+0000] {processor.py:840} INFO - DAG(s) 'example_bash_decorator' retrieved from /home/airflow/.local/lib/python3.12/site-packages/airflow/example_dags/example_bash_decorator.py
[2024-12-22T02:47:20.186+0000] {logging_mixin.py:188} INFO - [2024-12-22T02:47:20.185+0000] {dag.py:3089} INFO - Sync 1 DAGs
[2024-12-22T02:47:20.194+0000] {logging_mixin.py:188} INFO - [2024-12-22T02:47:20.194+0000] {dag.py:3947} INFO - Setting next_dagrun for example_bash_decorator to None, run_after=None
[2024-12-22T02:47:20.207+0000] {processor.py:183} INFO - Processing /home/airflow/.local/lib/python3.12/site-packages/airflow/example_dags/example_bash_decorator.py took 0.053 seconds
[2024-12-22T02:47:52.684+0000] {processor.py:161} INFO - Started process (PID=32962) to work on /home/airflow/.local/lib/python3.12/site-packages/airflow/example_dags/example_bash_decorator.py
[2024-12-22T02:47:52.685+0000] {processor.py:830} INFO - Processing file /home/airflow/.local/lib/python3.12/site-packages/airflow/example_dags/example_bash_decorator.py for tasks to queue
[2024-12-22T02:47:52.687+0000] {logging_mixin.py:188} INFO - [2024-12-22T02:47:52.687+0000] {dagbag.py:545} INFO - Filling up the DagBag from /home/airflow/.local/lib/python3.12/site-packages/airflow/example_dags/example_bash_decorator.py
[2024-12-22T02:47:52.696+0000] {processor.py:840} INFO - DAG(s) 'example_bash_decorator' retrieved from /home/airflow/.local/lib/python3.12/site-packages/airflow/example_dags/example_bash_decorator.py
[2024-12-22T02:47:52.713+0000] {logging_mixin.py:188} INFO - [2024-12-22T02:47:52.713+0000] {dag.py:3089} INFO - Sync 1 DAGs
[2024-12-22T02:47:52.721+0000] {logging_mixin.py:188} INFO - [2024-12-22T02:47:52.721+0000] {dag.py:3947} INFO - Setting next_dagrun for example_bash_decorator to None, run_after=None
[2024-12-22T02:47:52.737+0000] {processor.py:183} INFO - Processing /home/airflow/.local/lib/python3.12/site-packages/airflow/example_dags/example_bash_decorator.py took 0.057 seconds
[2024-12-22T02:48:25.574+0000] {processor.py:161} INFO - Started process (PID=33239) to work on /home/airflow/.local/lib/python3.12/site-packages/airflow/example_dags/example_bash_decorator.py
[2024-12-22T02:48:25.575+0000] {processor.py:830} INFO - Processing file /home/airflow/.local/lib/python3.12/site-packages/airflow/example_dags/example_bash_decorator.py for tasks to queue
[2024-12-22T02:48:25.576+0000] {logging_mixin.py:188} INFO - [2024-12-22T02:48:25.576+0000] {dagbag.py:545} INFO - Filling up the DagBag from /home/airflow/.local/lib/python3.12/site-packages/airflow/example_dags/example_bash_decorator.py
[2024-12-22T02:48:25.584+0000] {processor.py:840} INFO - DAG(s) 'example_bash_decorator' retrieved from /home/airflow/.local/lib/python3.12/site-packages/airflow/example_dags/example_bash_decorator.py
[2024-12-22T02:48:25.603+0000] {logging_mixin.py:188} INFO - [2024-12-22T02:48:25.602+0000] {dag.py:3089} INFO - Sync 1 DAGs
[2024-12-22T02:48:25.613+0000] {logging_mixin.py:188} INFO - [2024-12-22T02:48:25.613+0000] {dag.py:3947} INFO - Setting next_dagrun for example_bash_decorator to None, run_after=None
[2024-12-22T02:48:25.630+0000] {processor.py:183} INFO - Processing /home/airflow/.local/lib/python3.12/site-packages/airflow/example_dags/example_bash_decorator.py took 0.060 seconds
[2024-12-22T02:48:58.248+0000] {processor.py:161} INFO - Started process (PID=33516) to work on /home/airflow/.local/lib/python3.12/site-packages/airflow/example_dags/example_bash_decorator.py
[2024-12-22T02:48:58.249+0000] {processor.py:830} INFO - Processing file /home/airflow/.local/lib/python3.12/site-packages/airflow/example_dags/example_bash_decorator.py for tasks to queue
[2024-12-22T02:48:58.251+0000] {logging_mixin.py:188} INFO - [2024-12-22T02:48:58.251+0000] {dagbag.py:545} INFO - Filling up the DagBag from /home/airflow/.local/lib/python3.12/site-packages/airflow/example_dags/example_bash_decorator.py
[2024-12-22T02:48:58.260+0000] {processor.py:840} INFO - DAG(s) 'example_bash_decorator' retrieved from /home/airflow/.local/lib/python3.12/site-packages/airflow/example_dags/example_bash_decorator.py
[2024-12-22T02:48:58.284+0000] {logging_mixin.py:188} INFO - [2024-12-22T02:48:58.284+0000] {dag.py:3089} INFO - Sync 1 DAGs
[2024-12-22T02:48:58.295+0000] {logging_mixin.py:188} INFO - [2024-12-22T02:48:58.295+0000] {dag.py:3947} INFO - Setting next_dagrun for example_bash_decorator to None, run_after=None
[2024-12-22T02:48:58.317+0000] {processor.py:183} INFO - Processing /home/airflow/.local/lib/python3.12/site-packages/airflow/example_dags/example_bash_decorator.py took 0.074 seconds
[2024-12-22T02:49:29.510+0000] {processor.py:161} INFO - Started process (PID=33790) to work on /home/airflow/.local/lib/python3.12/site-packages/airflow/example_dags/example_bash_decorator.py
[2024-12-22T02:49:29.511+0000] {processor.py:830} INFO - Processing file /home/airflow/.local/lib/python3.12/site-packages/airflow/example_dags/example_bash_decorator.py for tasks to queue
[2024-12-22T02:49:29.513+0000] {logging_mixin.py:188} INFO - [2024-12-22T02:49:29.512+0000] {dagbag.py:545} INFO - Filling up the DagBag from /home/airflow/.local/lib/python3.12/site-packages/airflow/example_dags/example_bash_decorator.py
[2024-12-22T02:49:29.524+0000] {processor.py:840} INFO - DAG(s) 'example_bash_decorator' retrieved from /home/airflow/.local/lib/python3.12/site-packages/airflow/example_dags/example_bash_decorator.py
[2024-12-22T02:49:29.541+0000] {logging_mixin.py:188} INFO - [2024-12-22T02:49:29.541+0000] {dag.py:3089} INFO - Sync 1 DAGs
[2024-12-22T02:49:29.551+0000] {logging_mixin.py:188} INFO - [2024-12-22T02:49:29.551+0000] {dag.py:3947} INFO - Setting next_dagrun for example_bash_decorator to None, run_after=None
[2024-12-22T02:49:29.567+0000] {processor.py:183} INFO - Processing /home/airflow/.local/lib/python3.12/site-packages/airflow/example_dags/example_bash_decorator.py took 0.063 seconds
[2024-12-22T02:50:00.480+0000] {processor.py:161} INFO - Started process (PID=34064) to work on /home/airflow/.local/lib/python3.12/site-packages/airflow/example_dags/example_bash_decorator.py
[2024-12-22T02:50:00.481+0000] {processor.py:830} INFO - Processing file /home/airflow/.local/lib/python3.12/site-packages/airflow/example_dags/example_bash_decorator.py for tasks to queue
[2024-12-22T02:50:00.482+0000] {logging_mixin.py:188} INFO - [2024-12-22T02:50:00.482+0000] {dagbag.py:545} INFO - Filling up the DagBag from /home/airflow/.local/lib/python3.12/site-packages/airflow/example_dags/example_bash_decorator.py
[2024-12-22T02:50:00.491+0000] {processor.py:840} INFO - DAG(s) 'example_bash_decorator' retrieved from /home/airflow/.local/lib/python3.12/site-packages/airflow/example_dags/example_bash_decorator.py
[2024-12-22T02:50:00.507+0000] {logging_mixin.py:188} INFO - [2024-12-22T02:50:00.506+0000] {dag.py:3089} INFO - Sync 1 DAGs
[2024-12-22T02:50:00.515+0000] {logging_mixin.py:188} INFO - [2024-12-22T02:50:00.515+0000] {dag.py:3947} INFO - Setting next_dagrun for example_bash_decorator to None, run_after=None
[2024-12-22T02:50:00.527+0000] {processor.py:183} INFO - Processing /home/airflow/.local/lib/python3.12/site-packages/airflow/example_dags/example_bash_decorator.py took 0.053 seconds
[2024-12-22T02:50:30.706+0000] {processor.py:161} INFO - Started process (PID=34342) to work on /home/airflow/.local/lib/python3.12/site-packages/airflow/example_dags/example_bash_decorator.py
[2024-12-22T02:50:30.707+0000] {processor.py:830} INFO - Processing file /home/airflow/.local/lib/python3.12/site-packages/airflow/example_dags/example_bash_decorator.py for tasks to queue
[2024-12-22T02:50:30.709+0000] {logging_mixin.py:188} INFO - [2024-12-22T02:50:30.709+0000] {dagbag.py:545} INFO - Filling up the DagBag from /home/airflow/.local/lib/python3.12/site-packages/airflow/example_dags/example_bash_decorator.py
[2024-12-22T02:50:30.717+0000] {processor.py:840} INFO - DAG(s) 'example_bash_decorator' retrieved from /home/airflow/.local/lib/python3.12/site-packages/airflow/example_dags/example_bash_decorator.py
[2024-12-22T02:50:30.733+0000] {logging_mixin.py:188} INFO - [2024-12-22T02:50:30.733+0000] {dag.py:3089} INFO - Sync 1 DAGs
[2024-12-22T02:50:30.740+0000] {logging_mixin.py:188} INFO - [2024-12-22T02:50:30.740+0000] {dag.py:3947} INFO - Setting next_dagrun for example_bash_decorator to None, run_after=None
[2024-12-22T02:50:30.752+0000] {processor.py:183} INFO - Processing /home/airflow/.local/lib/python3.12/site-packages/airflow/example_dags/example_bash_decorator.py took 0.050 seconds
[2024-12-22T02:51:01.522+0000] {processor.py:161} INFO - Started process (PID=34624) to work on /home/airflow/.local/lib/python3.12/site-packages/airflow/example_dags/example_bash_decorator.py
[2024-12-22T02:51:01.523+0000] {processor.py:830} INFO - Processing file /home/airflow/.local/lib/python3.12/site-packages/airflow/example_dags/example_bash_decorator.py for tasks to queue
[2024-12-22T02:51:01.524+0000] {logging_mixin.py:188} INFO - [2024-12-22T02:51:01.524+0000] {dagbag.py:545} INFO - Filling up the DagBag from /home/airflow/.local/lib/python3.12/site-packages/airflow/example_dags/example_bash_decorator.py
[2024-12-22T02:51:01.533+0000] {processor.py:840} INFO - DAG(s) 'example_bash_decorator' retrieved from /home/airflow/.local/lib/python3.12/site-packages/airflow/example_dags/example_bash_decorator.py
[2024-12-22T02:51:01.550+0000] {logging_mixin.py:188} INFO - [2024-12-22T02:51:01.550+0000] {dag.py:3089} INFO - Sync 1 DAGs
[2024-12-22T02:51:01.557+0000] {logging_mixin.py:188} INFO - [2024-12-22T02:51:01.557+0000] {dag.py:3947} INFO - Setting next_dagrun for example_bash_decorator to None, run_after=None
[2024-12-22T02:51:01.568+0000] {processor.py:183} INFO - Processing /home/airflow/.local/lib/python3.12/site-packages/airflow/example_dags/example_bash_decorator.py took 0.050 seconds
[2024-12-22T02:51:34.405+0000] {processor.py:161} INFO - Started process (PID=34901) to work on /home/airflow/.local/lib/python3.12/site-packages/airflow/example_dags/example_bash_decorator.py
[2024-12-22T02:51:34.407+0000] {processor.py:830} INFO - Processing file /home/airflow/.local/lib/python3.12/site-packages/airflow/example_dags/example_bash_decorator.py for tasks to queue
[2024-12-22T02:51:34.408+0000] {logging_mixin.py:188} INFO - [2024-12-22T02:51:34.408+0000] {dagbag.py:545} INFO - Filling up the DagBag from /home/airflow/.local/lib/python3.12/site-packages/airflow/example_dags/example_bash_decorator.py
[2024-12-22T02:51:34.416+0000] {processor.py:840} INFO - DAG(s) 'example_bash_decorator' retrieved from /home/airflow/.local/lib/python3.12/site-packages/airflow/example_dags/example_bash_decorator.py
[2024-12-22T02:51:34.431+0000] {logging_mixin.py:188} INFO - [2024-12-22T02:51:34.430+0000] {dag.py:3089} INFO - Sync 1 DAGs
[2024-12-22T02:51:34.438+0000] {logging_mixin.py:188} INFO - [2024-12-22T02:51:34.438+0000] {dag.py:3947} INFO - Setting next_dagrun for example_bash_decorator to None, run_after=None
[2024-12-22T02:51:34.450+0000] {processor.py:183} INFO - Processing /home/airflow/.local/lib/python3.12/site-packages/airflow/example_dags/example_bash_decorator.py took 0.052 seconds
[2024-12-22T02:52:07.628+0000] {processor.py:161} INFO - Started process (PID=35178) to work on /home/airflow/.local/lib/python3.12/site-packages/airflow/example_dags/example_bash_decorator.py
[2024-12-22T02:52:07.629+0000] {processor.py:830} INFO - Processing file /home/airflow/.local/lib/python3.12/site-packages/airflow/example_dags/example_bash_decorator.py for tasks to queue
[2024-12-22T02:52:07.630+0000] {logging_mixin.py:188} INFO - [2024-12-22T02:52:07.630+0000] {dagbag.py:545} INFO - Filling up the DagBag from /home/airflow/.local/lib/python3.12/site-packages/airflow/example_dags/example_bash_decorator.py
[2024-12-22T02:52:07.637+0000] {processor.py:840} INFO - DAG(s) 'example_bash_decorator' retrieved from /home/airflow/.local/lib/python3.12/site-packages/airflow/example_dags/example_bash_decorator.py
[2024-12-22T02:52:07.651+0000] {logging_mixin.py:188} INFO - [2024-12-22T02:52:07.651+0000] {dag.py:3089} INFO - Sync 1 DAGs
[2024-12-22T02:52:07.659+0000] {logging_mixin.py:188} INFO - [2024-12-22T02:52:07.659+0000] {dag.py:3947} INFO - Setting next_dagrun for example_bash_decorator to None, run_after=None
[2024-12-22T02:52:07.673+0000] {processor.py:183} INFO - Processing /home/airflow/.local/lib/python3.12/site-packages/airflow/example_dags/example_bash_decorator.py took 0.048 seconds
[2024-12-22T02:52:40.698+0000] {processor.py:161} INFO - Started process (PID=35455) to work on /home/airflow/.local/lib/python3.12/site-packages/airflow/example_dags/example_bash_decorator.py
[2024-12-22T02:52:40.699+0000] {processor.py:830} INFO - Processing file /home/airflow/.local/lib/python3.12/site-packages/airflow/example_dags/example_bash_decorator.py for tasks to queue
[2024-12-22T02:52:40.701+0000] {logging_mixin.py:188} INFO - [2024-12-22T02:52:40.700+0000] {dagbag.py:545} INFO - Filling up the DagBag from /home/airflow/.local/lib/python3.12/site-packages/airflow/example_dags/example_bash_decorator.py
[2024-12-22T02:52:40.710+0000] {processor.py:840} INFO - DAG(s) 'example_bash_decorator' retrieved from /home/airflow/.local/lib/python3.12/site-packages/airflow/example_dags/example_bash_decorator.py
[2024-12-22T02:52:40.727+0000] {logging_mixin.py:188} INFO - [2024-12-22T02:52:40.726+0000] {dag.py:3089} INFO - Sync 1 DAGs
[2024-12-22T02:52:40.735+0000] {logging_mixin.py:188} INFO - [2024-12-22T02:52:40.735+0000] {dag.py:3947} INFO - Setting next_dagrun for example_bash_decorator to None, run_after=None
[2024-12-22T02:52:40.883+0000] {processor.py:183} INFO - Processing /home/airflow/.local/lib/python3.12/site-packages/airflow/example_dags/example_bash_decorator.py took 0.189 seconds
[2024-12-22T02:53:11.466+0000] {processor.py:161} INFO - Started process (PID=35732) to work on /home/airflow/.local/lib/python3.12/site-packages/airflow/example_dags/example_bash_decorator.py
[2024-12-22T02:53:11.467+0000] {processor.py:830} INFO - Processing file /home/airflow/.local/lib/python3.12/site-packages/airflow/example_dags/example_bash_decorator.py for tasks to queue
[2024-12-22T02:53:11.469+0000] {logging_mixin.py:188} INFO - [2024-12-22T02:53:11.469+0000] {dagbag.py:545} INFO - Filling up the DagBag from /home/airflow/.local/lib/python3.12/site-packages/airflow/example_dags/example_bash_decorator.py
[2024-12-22T02:53:11.479+0000] {processor.py:840} INFO - DAG(s) 'example_bash_decorator' retrieved from /home/airflow/.local/lib/python3.12/site-packages/airflow/example_dags/example_bash_decorator.py
[2024-12-22T02:53:11.498+0000] {logging_mixin.py:188} INFO - [2024-12-22T02:53:11.498+0000] {dag.py:3089} INFO - Sync 1 DAGs
[2024-12-22T02:53:11.507+0000] {logging_mixin.py:188} INFO - [2024-12-22T02:53:11.507+0000] {dag.py:3947} INFO - Setting next_dagrun for example_bash_decorator to None, run_after=None
[2024-12-22T02:53:11.519+0000] {processor.py:183} INFO - Processing /home/airflow/.local/lib/python3.12/site-packages/airflow/example_dags/example_bash_decorator.py took 0.058 seconds
[2024-12-22T02:53:41.568+0000] {processor.py:161} INFO - Started process (PID=36006) to work on /home/airflow/.local/lib/python3.12/site-packages/airflow/example_dags/example_bash_decorator.py
[2024-12-22T02:53:41.568+0000] {processor.py:830} INFO - Processing file /home/airflow/.local/lib/python3.12/site-packages/airflow/example_dags/example_bash_decorator.py for tasks to queue
[2024-12-22T02:53:41.570+0000] {logging_mixin.py:188} INFO - [2024-12-22T02:53:41.569+0000] {dagbag.py:545} INFO - Filling up the DagBag from /home/airflow/.local/lib/python3.12/site-packages/airflow/example_dags/example_bash_decorator.py
[2024-12-22T02:53:41.578+0000] {processor.py:840} INFO - DAG(s) 'example_bash_decorator' retrieved from /home/airflow/.local/lib/python3.12/site-packages/airflow/example_dags/example_bash_decorator.py
[2024-12-22T02:53:41.594+0000] {logging_mixin.py:188} INFO - [2024-12-22T02:53:41.594+0000] {dag.py:3089} INFO - Sync 1 DAGs
[2024-12-22T02:53:41.601+0000] {logging_mixin.py:188} INFO - [2024-12-22T02:53:41.601+0000] {dag.py:3947} INFO - Setting next_dagrun for example_bash_decorator to None, run_after=None
[2024-12-22T02:53:41.613+0000] {processor.py:183} INFO - Processing /home/airflow/.local/lib/python3.12/site-packages/airflow/example_dags/example_bash_decorator.py took 0.049 seconds
[2024-12-22T02:54:12.812+0000] {processor.py:161} INFO - Started process (PID=36281) to work on /home/airflow/.local/lib/python3.12/site-packages/airflow/example_dags/example_bash_decorator.py
[2024-12-22T02:54:12.813+0000] {processor.py:830} INFO - Processing file /home/airflow/.local/lib/python3.12/site-packages/airflow/example_dags/example_bash_decorator.py for tasks to queue
[2024-12-22T02:54:12.814+0000] {logging_mixin.py:188} INFO - [2024-12-22T02:54:12.814+0000] {dagbag.py:545} INFO - Filling up the DagBag from /home/airflow/.local/lib/python3.12/site-packages/airflow/example_dags/example_bash_decorator.py
[2024-12-22T02:54:12.822+0000] {processor.py:840} INFO - DAG(s) 'example_bash_decorator' retrieved from /home/airflow/.local/lib/python3.12/site-packages/airflow/example_dags/example_bash_decorator.py
[2024-12-22T02:54:12.839+0000] {logging_mixin.py:188} INFO - [2024-12-22T02:54:12.838+0000] {dag.py:3089} INFO - Sync 1 DAGs
[2024-12-22T02:54:12.846+0000] {logging_mixin.py:188} INFO - [2024-12-22T02:54:12.846+0000] {dag.py:3947} INFO - Setting next_dagrun for example_bash_decorator to None, run_after=None
[2024-12-22T02:54:12.857+0000] {processor.py:183} INFO - Processing /home/airflow/.local/lib/python3.12/site-packages/airflow/example_dags/example_bash_decorator.py took 0.050 seconds
[2024-12-22T02:54:44.321+0000] {processor.py:161} INFO - Started process (PID=36563) to work on /home/airflow/.local/lib/python3.12/site-packages/airflow/example_dags/example_bash_decorator.py
[2024-12-22T02:54:44.322+0000] {processor.py:830} INFO - Processing file /home/airflow/.local/lib/python3.12/site-packages/airflow/example_dags/example_bash_decorator.py for tasks to queue
[2024-12-22T02:54:44.323+0000] {logging_mixin.py:188} INFO - [2024-12-22T02:54:44.323+0000] {dagbag.py:545} INFO - Filling up the DagBag from /home/airflow/.local/lib/python3.12/site-packages/airflow/example_dags/example_bash_decorator.py
[2024-12-22T02:54:44.331+0000] {processor.py:840} INFO - DAG(s) 'example_bash_decorator' retrieved from /home/airflow/.local/lib/python3.12/site-packages/airflow/example_dags/example_bash_decorator.py
[2024-12-22T02:54:44.347+0000] {logging_mixin.py:188} INFO - [2024-12-22T02:54:44.347+0000] {dag.py:3089} INFO - Sync 1 DAGs
[2024-12-22T02:54:44.355+0000] {logging_mixin.py:188} INFO - [2024-12-22T02:54:44.355+0000] {dag.py:3947} INFO - Setting next_dagrun for example_bash_decorator to None, run_after=None
[2024-12-22T02:54:44.366+0000] {processor.py:183} INFO - Processing /home/airflow/.local/lib/python3.12/site-packages/airflow/example_dags/example_bash_decorator.py took 0.049 seconds
[2024-12-22T02:55:16.702+0000] {processor.py:161} INFO - Started process (PID=36840) to work on /home/airflow/.local/lib/python3.12/site-packages/airflow/example_dags/example_bash_decorator.py
[2024-12-22T02:55:16.702+0000] {processor.py:830} INFO - Processing file /home/airflow/.local/lib/python3.12/site-packages/airflow/example_dags/example_bash_decorator.py for tasks to queue
[2024-12-22T02:55:16.704+0000] {logging_mixin.py:188} INFO - [2024-12-22T02:55:16.703+0000] {dagbag.py:545} INFO - Filling up the DagBag from /home/airflow/.local/lib/python3.12/site-packages/airflow/example_dags/example_bash_decorator.py
[2024-12-22T02:55:16.713+0000] {processor.py:840} INFO - DAG(s) 'example_bash_decorator' retrieved from /home/airflow/.local/lib/python3.12/site-packages/airflow/example_dags/example_bash_decorator.py
[2024-12-22T02:55:16.732+0000] {logging_mixin.py:188} INFO - [2024-12-22T02:55:16.732+0000] {dag.py:3089} INFO - Sync 1 DAGs
[2024-12-22T02:55:16.852+0000] {logging_mixin.py:188} INFO - [2024-12-22T02:55:16.852+0000] {dag.py:3947} INFO - Setting next_dagrun for example_bash_decorator to None, run_after=None
[2024-12-22T02:55:16.866+0000] {processor.py:183} INFO - Processing /home/airflow/.local/lib/python3.12/site-packages/airflow/example_dags/example_bash_decorator.py took 0.168 seconds
[2024-12-22T02:55:49.015+0000] {processor.py:161} INFO - Started process (PID=37117) to work on /home/airflow/.local/lib/python3.12/site-packages/airflow/example_dags/example_bash_decorator.py
[2024-12-22T02:55:49.016+0000] {processor.py:830} INFO - Processing file /home/airflow/.local/lib/python3.12/site-packages/airflow/example_dags/example_bash_decorator.py for tasks to queue
[2024-12-22T02:55:49.017+0000] {logging_mixin.py:188} INFO - [2024-12-22T02:55:49.017+0000] {dagbag.py:545} INFO - Filling up the DagBag from /home/airflow/.local/lib/python3.12/site-packages/airflow/example_dags/example_bash_decorator.py
[2024-12-22T02:55:49.026+0000] {processor.py:840} INFO - DAG(s) 'example_bash_decorator' retrieved from /home/airflow/.local/lib/python3.12/site-packages/airflow/example_dags/example_bash_decorator.py
[2024-12-22T02:55:49.042+0000] {logging_mixin.py:188} INFO - [2024-12-22T02:55:49.042+0000] {dag.py:3089} INFO - Sync 1 DAGs
[2024-12-22T02:55:49.050+0000] {logging_mixin.py:188} INFO - [2024-12-22T02:55:49.050+0000] {dag.py:3947} INFO - Setting next_dagrun for example_bash_decorator to None, run_after=None
[2024-12-22T02:55:49.060+0000] {processor.py:183} INFO - Processing /home/airflow/.local/lib/python3.12/site-packages/airflow/example_dags/example_bash_decorator.py took 0.049 seconds
[2024-12-22T02:56:19.982+0000] {processor.py:161} INFO - Started process (PID=37394) to work on /home/airflow/.local/lib/python3.12/site-packages/airflow/example_dags/example_bash_decorator.py
[2024-12-22T02:56:19.983+0000] {processor.py:830} INFO - Processing file /home/airflow/.local/lib/python3.12/site-packages/airflow/example_dags/example_bash_decorator.py for tasks to queue
[2024-12-22T02:56:19.984+0000] {logging_mixin.py:188} INFO - [2024-12-22T02:56:19.984+0000] {dagbag.py:545} INFO - Filling up the DagBag from /home/airflow/.local/lib/python3.12/site-packages/airflow/example_dags/example_bash_decorator.py
[2024-12-22T02:56:19.994+0000] {processor.py:840} INFO - DAG(s) 'example_bash_decorator' retrieved from /home/airflow/.local/lib/python3.12/site-packages/airflow/example_dags/example_bash_decorator.py
[2024-12-22T02:56:20.020+0000] {logging_mixin.py:188} INFO - [2024-12-22T02:56:20.020+0000] {dag.py:3089} INFO - Sync 1 DAGs
[2024-12-22T02:56:20.030+0000] {logging_mixin.py:188} INFO - [2024-12-22T02:56:20.030+0000] {dag.py:3947} INFO - Setting next_dagrun for example_bash_decorator to None, run_after=None
[2024-12-22T02:56:20.050+0000] {processor.py:183} INFO - Processing /home/airflow/.local/lib/python3.12/site-packages/airflow/example_dags/example_bash_decorator.py took 0.072 seconds
[2024-12-22T02:56:50.778+0000] {processor.py:161} INFO - Started process (PID=37673) to work on /home/airflow/.local/lib/python3.12/site-packages/airflow/example_dags/example_bash_decorator.py
[2024-12-22T02:56:50.779+0000] {processor.py:830} INFO - Processing file /home/airflow/.local/lib/python3.12/site-packages/airflow/example_dags/example_bash_decorator.py for tasks to queue
[2024-12-22T02:56:50.780+0000] {logging_mixin.py:188} INFO - [2024-12-22T02:56:50.780+0000] {dagbag.py:545} INFO - Filling up the DagBag from /home/airflow/.local/lib/python3.12/site-packages/airflow/example_dags/example_bash_decorator.py
[2024-12-22T02:56:50.789+0000] {processor.py:840} INFO - DAG(s) 'example_bash_decorator' retrieved from /home/airflow/.local/lib/python3.12/site-packages/airflow/example_dags/example_bash_decorator.py
[2024-12-22T02:56:50.807+0000] {logging_mixin.py:188} INFO - [2024-12-22T02:56:50.807+0000] {dag.py:3089} INFO - Sync 1 DAGs
[2024-12-22T02:56:50.816+0000] {logging_mixin.py:188} INFO - [2024-12-22T02:56:50.816+0000] {dag.py:3947} INFO - Setting next_dagrun for example_bash_decorator to None, run_after=None
[2024-12-22T02:56:50.827+0000] {processor.py:183} INFO - Processing /home/airflow/.local/lib/python3.12/site-packages/airflow/example_dags/example_bash_decorator.py took 0.053 seconds
[2024-12-22T02:57:21.359+0000] {processor.py:161} INFO - Started process (PID=37949) to work on /home/airflow/.local/lib/python3.12/site-packages/airflow/example_dags/example_bash_decorator.py
[2024-12-22T02:57:21.360+0000] {processor.py:830} INFO - Processing file /home/airflow/.local/lib/python3.12/site-packages/airflow/example_dags/example_bash_decorator.py for tasks to queue
[2024-12-22T02:57:21.364+0000] {logging_mixin.py:188} INFO - [2024-12-22T02:57:21.363+0000] {dagbag.py:545} INFO - Filling up the DagBag from /home/airflow/.local/lib/python3.12/site-packages/airflow/example_dags/example_bash_decorator.py
[2024-12-22T02:57:21.374+0000] {processor.py:840} INFO - DAG(s) 'example_bash_decorator' retrieved from /home/airflow/.local/lib/python3.12/site-packages/airflow/example_dags/example_bash_decorator.py
[2024-12-22T02:57:21.396+0000] {logging_mixin.py:188} INFO - [2024-12-22T02:57:21.396+0000] {dag.py:3089} INFO - Sync 1 DAGs
[2024-12-22T02:57:21.405+0000] {logging_mixin.py:188} INFO - [2024-12-22T02:57:21.405+0000] {dag.py:3947} INFO - Setting next_dagrun for example_bash_decorator to None, run_after=None
[2024-12-22T02:57:21.418+0000] {processor.py:183} INFO - Processing /home/airflow/.local/lib/python3.12/site-packages/airflow/example_dags/example_bash_decorator.py took 0.063 seconds
[2024-12-22T02:57:52.471+0000] {processor.py:161} INFO - Started process (PID=38226) to work on /home/airflow/.local/lib/python3.12/site-packages/airflow/example_dags/example_bash_decorator.py
[2024-12-22T02:57:52.472+0000] {processor.py:830} INFO - Processing file /home/airflow/.local/lib/python3.12/site-packages/airflow/example_dags/example_bash_decorator.py for tasks to queue
[2024-12-22T02:57:52.473+0000] {logging_mixin.py:188} INFO - [2024-12-22T02:57:52.473+0000] {dagbag.py:545} INFO - Filling up the DagBag from /home/airflow/.local/lib/python3.12/site-packages/airflow/example_dags/example_bash_decorator.py
[2024-12-22T02:57:52.483+0000] {processor.py:840} INFO - DAG(s) 'example_bash_decorator' retrieved from /home/airflow/.local/lib/python3.12/site-packages/airflow/example_dags/example_bash_decorator.py
[2024-12-22T02:57:52.498+0000] {logging_mixin.py:188} INFO - [2024-12-22T02:57:52.498+0000] {dag.py:3089} INFO - Sync 1 DAGs
[2024-12-22T02:57:52.506+0000] {logging_mixin.py:188} INFO - [2024-12-22T02:57:52.505+0000] {dag.py:3947} INFO - Setting next_dagrun for example_bash_decorator to None, run_after=None
[2024-12-22T02:57:52.517+0000] {processor.py:183} INFO - Processing /home/airflow/.local/lib/python3.12/site-packages/airflow/example_dags/example_bash_decorator.py took 0.050 seconds
[2024-12-22T02:58:24.828+0000] {processor.py:161} INFO - Started process (PID=38504) to work on /home/airflow/.local/lib/python3.12/site-packages/airflow/example_dags/example_bash_decorator.py
[2024-12-22T02:58:24.829+0000] {processor.py:830} INFO - Processing file /home/airflow/.local/lib/python3.12/site-packages/airflow/example_dags/example_bash_decorator.py for tasks to queue
[2024-12-22T02:58:24.831+0000] {logging_mixin.py:188} INFO - [2024-12-22T02:58:24.830+0000] {dagbag.py:545} INFO - Filling up the DagBag from /home/airflow/.local/lib/python3.12/site-packages/airflow/example_dags/example_bash_decorator.py
[2024-12-22T02:58:24.838+0000] {processor.py:840} INFO - DAG(s) 'example_bash_decorator' retrieved from /home/airflow/.local/lib/python3.12/site-packages/airflow/example_dags/example_bash_decorator.py
[2024-12-22T02:58:24.853+0000] {logging_mixin.py:188} INFO - [2024-12-22T02:58:24.853+0000] {dag.py:3089} INFO - Sync 1 DAGs
[2024-12-22T02:58:24.861+0000] {logging_mixin.py:188} INFO - [2024-12-22T02:58:24.861+0000] {dag.py:3947} INFO - Setting next_dagrun for example_bash_decorator to None, run_after=None
[2024-12-22T02:58:24.874+0000] {processor.py:183} INFO - Processing /home/airflow/.local/lib/python3.12/site-packages/airflow/example_dags/example_bash_decorator.py took 0.050 seconds
[2024-12-22T02:58:57.307+0000] {processor.py:161} INFO - Started process (PID=38781) to work on /home/airflow/.local/lib/python3.12/site-packages/airflow/example_dags/example_bash_decorator.py
[2024-12-22T02:58:57.308+0000] {processor.py:830} INFO - Processing file /home/airflow/.local/lib/python3.12/site-packages/airflow/example_dags/example_bash_decorator.py for tasks to queue
[2024-12-22T02:58:57.309+0000] {logging_mixin.py:188} INFO - [2024-12-22T02:58:57.309+0000] {dagbag.py:545} INFO - Filling up the DagBag from /home/airflow/.local/lib/python3.12/site-packages/airflow/example_dags/example_bash_decorator.py
[2024-12-22T02:58:57.317+0000] {processor.py:840} INFO - DAG(s) 'example_bash_decorator' retrieved from /home/airflow/.local/lib/python3.12/site-packages/airflow/example_dags/example_bash_decorator.py
[2024-12-22T02:58:57.332+0000] {logging_mixin.py:188} INFO - [2024-12-22T02:58:57.332+0000] {dag.py:3089} INFO - Sync 1 DAGs
[2024-12-22T02:58:57.340+0000] {logging_mixin.py:188} INFO - [2024-12-22T02:58:57.340+0000] {dag.py:3947} INFO - Setting next_dagrun for example_bash_decorator to None, run_after=None
[2024-12-22T02:58:57.350+0000] {processor.py:183} INFO - Processing /home/airflow/.local/lib/python3.12/site-packages/airflow/example_dags/example_bash_decorator.py took 0.048 seconds
[2024-12-22T02:59:29.573+0000] {processor.py:161} INFO - Started process (PID=39058) to work on /home/airflow/.local/lib/python3.12/site-packages/airflow/example_dags/example_bash_decorator.py
[2024-12-22T02:59:29.574+0000] {processor.py:830} INFO - Processing file /home/airflow/.local/lib/python3.12/site-packages/airflow/example_dags/example_bash_decorator.py for tasks to queue
[2024-12-22T02:59:29.575+0000] {logging_mixin.py:188} INFO - [2024-12-22T02:59:29.575+0000] {dagbag.py:545} INFO - Filling up the DagBag from /home/airflow/.local/lib/python3.12/site-packages/airflow/example_dags/example_bash_decorator.py
[2024-12-22T02:59:29.583+0000] {processor.py:840} INFO - DAG(s) 'example_bash_decorator' retrieved from /home/airflow/.local/lib/python3.12/site-packages/airflow/example_dags/example_bash_decorator.py
[2024-12-22T02:59:29.603+0000] {logging_mixin.py:188} INFO - [2024-12-22T02:59:29.603+0000] {dag.py:3089} INFO - Sync 1 DAGs
[2024-12-22T02:59:29.611+0000] {logging_mixin.py:188} INFO - [2024-12-22T02:59:29.610+0000] {dag.py:3947} INFO - Setting next_dagrun for example_bash_decorator to None, run_after=None
[2024-12-22T02:59:29.622+0000] {processor.py:183} INFO - Processing /home/airflow/.local/lib/python3.12/site-packages/airflow/example_dags/example_bash_decorator.py took 0.054 seconds
[2024-12-22T03:00:00.747+0000] {processor.py:161} INFO - Started process (PID=39335) to work on /home/airflow/.local/lib/python3.12/site-packages/airflow/example_dags/example_bash_decorator.py
[2024-12-22T03:00:00.747+0000] {processor.py:830} INFO - Processing file /home/airflow/.local/lib/python3.12/site-packages/airflow/example_dags/example_bash_decorator.py for tasks to queue
[2024-12-22T03:00:00.749+0000] {logging_mixin.py:188} INFO - [2024-12-22T03:00:00.749+0000] {dagbag.py:545} INFO - Filling up the DagBag from /home/airflow/.local/lib/python3.12/site-packages/airflow/example_dags/example_bash_decorator.py
[2024-12-22T03:00:00.757+0000] {processor.py:840} INFO - DAG(s) 'example_bash_decorator' retrieved from /home/airflow/.local/lib/python3.12/site-packages/airflow/example_dags/example_bash_decorator.py
[2024-12-22T03:00:00.773+0000] {logging_mixin.py:188} INFO - [2024-12-22T03:00:00.772+0000] {dag.py:3089} INFO - Sync 1 DAGs
[2024-12-22T03:00:00.781+0000] {logging_mixin.py:188} INFO - [2024-12-22T03:00:00.780+0000] {dag.py:3947} INFO - Setting next_dagrun for example_bash_decorator to None, run_after=None
[2024-12-22T03:00:00.796+0000] {processor.py:183} INFO - Processing /home/airflow/.local/lib/python3.12/site-packages/airflow/example_dags/example_bash_decorator.py took 0.053 seconds
[2024-12-22T03:00:31.542+0000] {processor.py:161} INFO - Started process (PID=39612) to work on /home/airflow/.local/lib/python3.12/site-packages/airflow/example_dags/example_bash_decorator.py
[2024-12-22T03:00:31.542+0000] {processor.py:830} INFO - Processing file /home/airflow/.local/lib/python3.12/site-packages/airflow/example_dags/example_bash_decorator.py for tasks to queue
[2024-12-22T03:00:31.544+0000] {logging_mixin.py:188} INFO - [2024-12-22T03:00:31.544+0000] {dagbag.py:545} INFO - Filling up the DagBag from /home/airflow/.local/lib/python3.12/site-packages/airflow/example_dags/example_bash_decorator.py
[2024-12-22T03:00:31.553+0000] {processor.py:840} INFO - DAG(s) 'example_bash_decorator' retrieved from /home/airflow/.local/lib/python3.12/site-packages/airflow/example_dags/example_bash_decorator.py
[2024-12-22T03:00:31.569+0000] {logging_mixin.py:188} INFO - [2024-12-22T03:00:31.569+0000] {dag.py:3089} INFO - Sync 1 DAGs
[2024-12-22T03:00:31.577+0000] {logging_mixin.py:188} INFO - [2024-12-22T03:00:31.576+0000] {dag.py:3947} INFO - Setting next_dagrun for example_bash_decorator to None, run_after=None
[2024-12-22T03:00:31.588+0000] {processor.py:183} INFO - Processing /home/airflow/.local/lib/python3.12/site-packages/airflow/example_dags/example_bash_decorator.py took 0.051 seconds
[2024-12-22T03:01:02.327+0000] {processor.py:161} INFO - Started process (PID=39889) to work on /home/airflow/.local/lib/python3.12/site-packages/airflow/example_dags/example_bash_decorator.py
[2024-12-22T03:01:02.328+0000] {processor.py:830} INFO - Processing file /home/airflow/.local/lib/python3.12/site-packages/airflow/example_dags/example_bash_decorator.py for tasks to queue
[2024-12-22T03:01:02.329+0000] {logging_mixin.py:188} INFO - [2024-12-22T03:01:02.329+0000] {dagbag.py:545} INFO - Filling up the DagBag from /home/airflow/.local/lib/python3.12/site-packages/airflow/example_dags/example_bash_decorator.py
[2024-12-22T03:01:02.339+0000] {processor.py:840} INFO - DAG(s) 'example_bash_decorator' retrieved from /home/airflow/.local/lib/python3.12/site-packages/airflow/example_dags/example_bash_decorator.py
[2024-12-22T03:01:02.355+0000] {logging_mixin.py:188} INFO - [2024-12-22T03:01:02.355+0000] {dag.py:3089} INFO - Sync 1 DAGs
[2024-12-22T03:01:02.363+0000] {logging_mixin.py:188} INFO - [2024-12-22T03:01:02.363+0000] {dag.py:3947} INFO - Setting next_dagrun for example_bash_decorator to None, run_after=None
[2024-12-22T03:01:02.375+0000] {processor.py:183} INFO - Processing /home/airflow/.local/lib/python3.12/site-packages/airflow/example_dags/example_bash_decorator.py took 0.052 seconds
[2024-12-22T03:01:33.345+0000] {processor.py:161} INFO - Started process (PID=40167) to work on /home/airflow/.local/lib/python3.12/site-packages/airflow/example_dags/example_bash_decorator.py
[2024-12-22T03:01:33.346+0000] {processor.py:830} INFO - Processing file /home/airflow/.local/lib/python3.12/site-packages/airflow/example_dags/example_bash_decorator.py for tasks to queue
[2024-12-22T03:01:33.347+0000] {logging_mixin.py:188} INFO - [2024-12-22T03:01:33.347+0000] {dagbag.py:545} INFO - Filling up the DagBag from /home/airflow/.local/lib/python3.12/site-packages/airflow/example_dags/example_bash_decorator.py
[2024-12-22T03:01:33.355+0000] {processor.py:840} INFO - DAG(s) 'example_bash_decorator' retrieved from /home/airflow/.local/lib/python3.12/site-packages/airflow/example_dags/example_bash_decorator.py
[2024-12-22T03:01:33.370+0000] {logging_mixin.py:188} INFO - [2024-12-22T03:01:33.370+0000] {dag.py:3089} INFO - Sync 1 DAGs
[2024-12-22T03:01:33.378+0000] {logging_mixin.py:188} INFO - [2024-12-22T03:01:33.377+0000] {dag.py:3947} INFO - Setting next_dagrun for example_bash_decorator to None, run_after=None
[2024-12-22T03:01:33.389+0000] {processor.py:183} INFO - Processing /home/airflow/.local/lib/python3.12/site-packages/airflow/example_dags/example_bash_decorator.py took 0.048 seconds
[2024-12-22T03:02:05.881+0000] {processor.py:161} INFO - Started process (PID=40444) to work on /home/airflow/.local/lib/python3.12/site-packages/airflow/example_dags/example_bash_decorator.py
[2024-12-22T03:02:05.881+0000] {processor.py:830} INFO - Processing file /home/airflow/.local/lib/python3.12/site-packages/airflow/example_dags/example_bash_decorator.py for tasks to queue
[2024-12-22T03:02:05.883+0000] {logging_mixin.py:188} INFO - [2024-12-22T03:02:05.883+0000] {dagbag.py:545} INFO - Filling up the DagBag from /home/airflow/.local/lib/python3.12/site-packages/airflow/example_dags/example_bash_decorator.py
[2024-12-22T03:02:05.891+0000] {processor.py:840} INFO - DAG(s) 'example_bash_decorator' retrieved from /home/airflow/.local/lib/python3.12/site-packages/airflow/example_dags/example_bash_decorator.py
[2024-12-22T03:02:05.905+0000] {logging_mixin.py:188} INFO - [2024-12-22T03:02:05.905+0000] {dag.py:3089} INFO - Sync 1 DAGs
[2024-12-22T03:02:05.912+0000] {logging_mixin.py:188} INFO - [2024-12-22T03:02:05.912+0000] {dag.py:3947} INFO - Setting next_dagrun for example_bash_decorator to None, run_after=None
[2024-12-22T03:02:05.925+0000] {processor.py:183} INFO - Processing /home/airflow/.local/lib/python3.12/site-packages/airflow/example_dags/example_bash_decorator.py took 0.048 seconds
[2024-12-22T03:02:38.334+0000] {processor.py:161} INFO - Started process (PID=40721) to work on /home/airflow/.local/lib/python3.12/site-packages/airflow/example_dags/example_bash_decorator.py
[2024-12-22T03:02:38.334+0000] {processor.py:830} INFO - Processing file /home/airflow/.local/lib/python3.12/site-packages/airflow/example_dags/example_bash_decorator.py for tasks to queue
[2024-12-22T03:02:38.335+0000] {logging_mixin.py:188} INFO - [2024-12-22T03:02:38.335+0000] {dagbag.py:545} INFO - Filling up the DagBag from /home/airflow/.local/lib/python3.12/site-packages/airflow/example_dags/example_bash_decorator.py
[2024-12-22T03:02:38.343+0000] {processor.py:840} INFO - DAG(s) 'example_bash_decorator' retrieved from /home/airflow/.local/lib/python3.12/site-packages/airflow/example_dags/example_bash_decorator.py
[2024-12-22T03:02:38.358+0000] {logging_mixin.py:188} INFO - [2024-12-22T03:02:38.358+0000] {dag.py:3089} INFO - Sync 1 DAGs
[2024-12-22T03:02:38.365+0000] {logging_mixin.py:188} INFO - [2024-12-22T03:02:38.365+0000] {dag.py:3947} INFO - Setting next_dagrun for example_bash_decorator to None, run_after=None
[2024-12-22T03:02:38.376+0000] {processor.py:183} INFO - Processing /home/airflow/.local/lib/python3.12/site-packages/airflow/example_dags/example_bash_decorator.py took 0.046 seconds
[2024-12-22T03:03:11.605+0000] {processor.py:161} INFO - Started process (PID=40998) to work on /home/airflow/.local/lib/python3.12/site-packages/airflow/example_dags/example_bash_decorator.py
[2024-12-22T03:03:11.606+0000] {processor.py:830} INFO - Processing file /home/airflow/.local/lib/python3.12/site-packages/airflow/example_dags/example_bash_decorator.py for tasks to queue
[2024-12-22T03:03:11.608+0000] {logging_mixin.py:188} INFO - [2024-12-22T03:03:11.607+0000] {dagbag.py:545} INFO - Filling up the DagBag from /home/airflow/.local/lib/python3.12/site-packages/airflow/example_dags/example_bash_decorator.py
[2024-12-22T03:03:11.616+0000] {processor.py:840} INFO - DAG(s) 'example_bash_decorator' retrieved from /home/airflow/.local/lib/python3.12/site-packages/airflow/example_dags/example_bash_decorator.py
[2024-12-22T03:03:11.632+0000] {logging_mixin.py:188} INFO - [2024-12-22T03:03:11.632+0000] {dag.py:3089} INFO - Sync 1 DAGs
[2024-12-22T03:03:11.640+0000] {logging_mixin.py:188} INFO - [2024-12-22T03:03:11.640+0000] {dag.py:3947} INFO - Setting next_dagrun for example_bash_decorator to None, run_after=None
[2024-12-22T03:03:11.652+0000] {processor.py:183} INFO - Processing /home/airflow/.local/lib/python3.12/site-packages/airflow/example_dags/example_bash_decorator.py took 0.051 seconds
[2024-12-22T03:03:41.708+0000] {processor.py:161} INFO - Started process (PID=41275) to work on /home/airflow/.local/lib/python3.12/site-packages/airflow/example_dags/example_bash_decorator.py
[2024-12-22T03:03:41.709+0000] {processor.py:830} INFO - Processing file /home/airflow/.local/lib/python3.12/site-packages/airflow/example_dags/example_bash_decorator.py for tasks to queue
[2024-12-22T03:03:41.711+0000] {logging_mixin.py:188} INFO - [2024-12-22T03:03:41.711+0000] {dagbag.py:545} INFO - Filling up the DagBag from /home/airflow/.local/lib/python3.12/site-packages/airflow/example_dags/example_bash_decorator.py
[2024-12-22T03:03:41.721+0000] {processor.py:840} INFO - DAG(s) 'example_bash_decorator' retrieved from /home/airflow/.local/lib/python3.12/site-packages/airflow/example_dags/example_bash_decorator.py
[2024-12-22T03:03:41.739+0000] {logging_mixin.py:188} INFO - [2024-12-22T03:03:41.739+0000] {dag.py:3089} INFO - Sync 1 DAGs
[2024-12-22T03:03:41.746+0000] {logging_mixin.py:188} INFO - [2024-12-22T03:03:41.746+0000] {dag.py:3947} INFO - Setting next_dagrun for example_bash_decorator to None, run_after=None
[2024-12-22T03:03:41.758+0000] {processor.py:183} INFO - Processing /home/airflow/.local/lib/python3.12/site-packages/airflow/example_dags/example_bash_decorator.py took 0.055 seconds
[2024-12-22T03:04:12.707+0000] {processor.py:161} INFO - Started process (PID=41552) to work on /home/airflow/.local/lib/python3.12/site-packages/airflow/example_dags/example_bash_decorator.py
[2024-12-22T03:04:12.708+0000] {processor.py:830} INFO - Processing file /home/airflow/.local/lib/python3.12/site-packages/airflow/example_dags/example_bash_decorator.py for tasks to queue
[2024-12-22T03:04:12.710+0000] {logging_mixin.py:188} INFO - [2024-12-22T03:04:12.710+0000] {dagbag.py:545} INFO - Filling up the DagBag from /home/airflow/.local/lib/python3.12/site-packages/airflow/example_dags/example_bash_decorator.py
[2024-12-22T03:04:12.723+0000] {processor.py:840} INFO - DAG(s) 'example_bash_decorator' retrieved from /home/airflow/.local/lib/python3.12/site-packages/airflow/example_dags/example_bash_decorator.py
[2024-12-22T03:04:12.741+0000] {logging_mixin.py:188} INFO - [2024-12-22T03:04:12.741+0000] {dag.py:3089} INFO - Sync 1 DAGs
[2024-12-22T03:04:12.750+0000] {logging_mixin.py:188} INFO - [2024-12-22T03:04:12.750+0000] {dag.py:3947} INFO - Setting next_dagrun for example_bash_decorator to None, run_after=None
[2024-12-22T03:04:12.762+0000] {processor.py:183} INFO - Processing /home/airflow/.local/lib/python3.12/site-packages/airflow/example_dags/example_bash_decorator.py took 0.062 seconds
