[2024-12-22T01:45:52.290+0000] {processor.py:161} INFO - Started process (PID=314) to work on /home/airflow/.local/lib/python3.12/site-packages/airflow/example_dags/example_setup_teardown_taskflow.py
[2024-12-22T01:45:52.291+0000] {processor.py:830} INFO - Processing file /home/airflow/.local/lib/python3.12/site-packages/airflow/example_dags/example_setup_teardown_taskflow.py for tasks to queue
[2024-12-22T01:45:52.292+0000] {logging_mixin.py:188} INFO - [2024-12-22T01:45:52.292+0000] {dagbag.py:545} INFO - Filling up the DagBag from /home/airflow/.local/lib/python3.12/site-packages/airflow/example_dags/example_setup_teardown_taskflow.py
[2024-12-22T01:45:52.300+0000] {processor.py:840} INFO - DAG(s) 'example_setup_teardown_taskflow' retrieved from /home/airflow/.local/lib/python3.12/site-packages/airflow/example_dags/example_setup_teardown_taskflow.py
[2024-12-22T01:45:52.309+0000] {logging_mixin.py:188} INFO - [2024-12-22T01:45:52.309+0000] {dag.py:3089} INFO - Sync 1 DAGs
[2024-12-22T01:45:52.322+0000] {logging_mixin.py:188} INFO - [2024-12-22T01:45:52.322+0000] {dag.py:3947} INFO - Setting next_dagrun for example_setup_teardown_taskflow to 2024-12-21 00:00:00+00:00, run_after=2024-12-22 00:00:00+00:00
[2024-12-22T01:45:52.337+0000] {processor.py:183} INFO - Processing /home/airflow/.local/lib/python3.12/site-packages/airflow/example_dags/example_setup_teardown_taskflow.py took 0.051 seconds
[2024-12-22T01:46:22.731+0000] {processor.py:161} INFO - Started process (PID=591) to work on /home/airflow/.local/lib/python3.12/site-packages/airflow/example_dags/example_setup_teardown_taskflow.py
[2024-12-22T01:46:22.732+0000] {processor.py:830} INFO - Processing file /home/airflow/.local/lib/python3.12/site-packages/airflow/example_dags/example_setup_teardown_taskflow.py for tasks to queue
[2024-12-22T01:46:22.733+0000] {logging_mixin.py:188} INFO - [2024-12-22T01:46:22.733+0000] {dagbag.py:545} INFO - Filling up the DagBag from /home/airflow/.local/lib/python3.12/site-packages/airflow/example_dags/example_setup_teardown_taskflow.py
[2024-12-22T01:46:22.738+0000] {processor.py:840} INFO - DAG(s) 'example_setup_teardown_taskflow' retrieved from /home/airflow/.local/lib/python3.12/site-packages/airflow/example_dags/example_setup_teardown_taskflow.py
[2024-12-22T01:46:22.792+0000] {logging_mixin.py:188} INFO - [2024-12-22T01:46:22.792+0000] {dag.py:3089} INFO - Sync 1 DAGs
[2024-12-22T01:46:22.801+0000] {logging_mixin.py:188} INFO - [2024-12-22T01:46:22.801+0000] {dag.py:3947} INFO - Setting next_dagrun for example_setup_teardown_taskflow to 2024-12-21 00:00:00+00:00, run_after=2024-12-22 00:00:00+00:00
[2024-12-22T01:46:22.810+0000] {processor.py:183} INFO - Processing /home/airflow/.local/lib/python3.12/site-packages/airflow/example_dags/example_setup_teardown_taskflow.py took 0.082 seconds
[2024-12-22T01:46:52.882+0000] {processor.py:161} INFO - Started process (PID=870) to work on /home/airflow/.local/lib/python3.12/site-packages/airflow/example_dags/example_setup_teardown_taskflow.py
[2024-12-22T01:46:52.883+0000] {processor.py:830} INFO - Processing file /home/airflow/.local/lib/python3.12/site-packages/airflow/example_dags/example_setup_teardown_taskflow.py for tasks to queue
[2024-12-22T01:46:52.884+0000] {logging_mixin.py:188} INFO - [2024-12-22T01:46:52.884+0000] {dagbag.py:545} INFO - Filling up the DagBag from /home/airflow/.local/lib/python3.12/site-packages/airflow/example_dags/example_setup_teardown_taskflow.py
[2024-12-22T01:46:52.890+0000] {processor.py:840} INFO - DAG(s) 'example_setup_teardown_taskflow' retrieved from /home/airflow/.local/lib/python3.12/site-packages/airflow/example_dags/example_setup_teardown_taskflow.py
[2024-12-22T01:46:52.903+0000] {logging_mixin.py:188} INFO - [2024-12-22T01:46:52.903+0000] {dag.py:3089} INFO - Sync 1 DAGs
[2024-12-22T01:46:52.914+0000] {logging_mixin.py:188} INFO - [2024-12-22T01:46:52.913+0000] {dag.py:3947} INFO - Setting next_dagrun for example_setup_teardown_taskflow to 2024-12-21 00:00:00+00:00, run_after=2024-12-22 00:00:00+00:00
[2024-12-22T01:46:52.923+0000] {processor.py:183} INFO - Processing /home/airflow/.local/lib/python3.12/site-packages/airflow/example_dags/example_setup_teardown_taskflow.py took 0.045 seconds
[2024-12-22T01:47:23.269+0000] {processor.py:161} INFO - Started process (PID=1145) to work on /home/airflow/.local/lib/python3.12/site-packages/airflow/example_dags/example_setup_teardown_taskflow.py
[2024-12-22T01:47:23.270+0000] {processor.py:830} INFO - Processing file /home/airflow/.local/lib/python3.12/site-packages/airflow/example_dags/example_setup_teardown_taskflow.py for tasks to queue
[2024-12-22T01:47:23.271+0000] {logging_mixin.py:188} INFO - [2024-12-22T01:47:23.271+0000] {dagbag.py:545} INFO - Filling up the DagBag from /home/airflow/.local/lib/python3.12/site-packages/airflow/example_dags/example_setup_teardown_taskflow.py
[2024-12-22T01:47:23.278+0000] {processor.py:840} INFO - DAG(s) 'example_setup_teardown_taskflow' retrieved from /home/airflow/.local/lib/python3.12/site-packages/airflow/example_dags/example_setup_teardown_taskflow.py
[2024-12-22T01:47:23.293+0000] {logging_mixin.py:188} INFO - [2024-12-22T01:47:23.293+0000] {dag.py:3089} INFO - Sync 1 DAGs
[2024-12-22T01:47:23.305+0000] {logging_mixin.py:188} INFO - [2024-12-22T01:47:23.305+0000] {dag.py:3947} INFO - Setting next_dagrun for example_setup_teardown_taskflow to 2024-12-21 00:00:00+00:00, run_after=2024-12-22 00:00:00+00:00
[2024-12-22T01:47:23.315+0000] {processor.py:183} INFO - Processing /home/airflow/.local/lib/python3.12/site-packages/airflow/example_dags/example_setup_teardown_taskflow.py took 0.050 seconds
[2024-12-22T01:47:53.669+0000] {processor.py:161} INFO - Started process (PID=1423) to work on /home/airflow/.local/lib/python3.12/site-packages/airflow/example_dags/example_setup_teardown_taskflow.py
[2024-12-22T01:47:53.670+0000] {processor.py:830} INFO - Processing file /home/airflow/.local/lib/python3.12/site-packages/airflow/example_dags/example_setup_teardown_taskflow.py for tasks to queue
[2024-12-22T01:47:53.671+0000] {logging_mixin.py:188} INFO - [2024-12-22T01:47:53.671+0000] {dagbag.py:545} INFO - Filling up the DagBag from /home/airflow/.local/lib/python3.12/site-packages/airflow/example_dags/example_setup_teardown_taskflow.py
[2024-12-22T01:47:53.677+0000] {processor.py:840} INFO - DAG(s) 'example_setup_teardown_taskflow' retrieved from /home/airflow/.local/lib/python3.12/site-packages/airflow/example_dags/example_setup_teardown_taskflow.py
[2024-12-22T01:47:53.691+0000] {logging_mixin.py:188} INFO - [2024-12-22T01:47:53.691+0000] {dag.py:3089} INFO - Sync 1 DAGs
[2024-12-22T01:47:53.704+0000] {logging_mixin.py:188} INFO - [2024-12-22T01:47:53.703+0000] {dag.py:3947} INFO - Setting next_dagrun for example_setup_teardown_taskflow to 2024-12-21 00:00:00+00:00, run_after=2024-12-22 00:00:00+00:00
[2024-12-22T01:47:53.714+0000] {processor.py:183} INFO - Processing /home/airflow/.local/lib/python3.12/site-packages/airflow/example_dags/example_setup_teardown_taskflow.py took 0.049 seconds
[2024-12-22T01:48:24.058+0000] {processor.py:161} INFO - Started process (PID=1700) to work on /home/airflow/.local/lib/python3.12/site-packages/airflow/example_dags/example_setup_teardown_taskflow.py
[2024-12-22T01:48:24.059+0000] {processor.py:830} INFO - Processing file /home/airflow/.local/lib/python3.12/site-packages/airflow/example_dags/example_setup_teardown_taskflow.py for tasks to queue
[2024-12-22T01:48:24.060+0000] {logging_mixin.py:188} INFO - [2024-12-22T01:48:24.060+0000] {dagbag.py:545} INFO - Filling up the DagBag from /home/airflow/.local/lib/python3.12/site-packages/airflow/example_dags/example_setup_teardown_taskflow.py
[2024-12-22T01:48:24.065+0000] {processor.py:840} INFO - DAG(s) 'example_setup_teardown_taskflow' retrieved from /home/airflow/.local/lib/python3.12/site-packages/airflow/example_dags/example_setup_teardown_taskflow.py
[2024-12-22T01:48:24.079+0000] {logging_mixin.py:188} INFO - [2024-12-22T01:48:24.079+0000] {dag.py:3089} INFO - Sync 1 DAGs
[2024-12-22T01:48:24.091+0000] {logging_mixin.py:188} INFO - [2024-12-22T01:48:24.091+0000] {dag.py:3947} INFO - Setting next_dagrun for example_setup_teardown_taskflow to 2024-12-21 00:00:00+00:00, run_after=2024-12-22 00:00:00+00:00
[2024-12-22T01:48:24.100+0000] {processor.py:183} INFO - Processing /home/airflow/.local/lib/python3.12/site-packages/airflow/example_dags/example_setup_teardown_taskflow.py took 0.046 seconds
[2024-12-22T01:48:54.309+0000] {processor.py:161} INFO - Started process (PID=1977) to work on /home/airflow/.local/lib/python3.12/site-packages/airflow/example_dags/example_setup_teardown_taskflow.py
[2024-12-22T01:48:54.309+0000] {processor.py:830} INFO - Processing file /home/airflow/.local/lib/python3.12/site-packages/airflow/example_dags/example_setup_teardown_taskflow.py for tasks to queue
[2024-12-22T01:48:54.311+0000] {logging_mixin.py:188} INFO - [2024-12-22T01:48:54.310+0000] {dagbag.py:545} INFO - Filling up the DagBag from /home/airflow/.local/lib/python3.12/site-packages/airflow/example_dags/example_setup_teardown_taskflow.py
[2024-12-22T01:48:54.317+0000] {processor.py:840} INFO - DAG(s) 'example_setup_teardown_taskflow' retrieved from /home/airflow/.local/lib/python3.12/site-packages/airflow/example_dags/example_setup_teardown_taskflow.py
[2024-12-22T01:48:54.332+0000] {logging_mixin.py:188} INFO - [2024-12-22T01:48:54.331+0000] {dag.py:3089} INFO - Sync 1 DAGs
[2024-12-22T01:48:54.344+0000] {logging_mixin.py:188} INFO - [2024-12-22T01:48:54.344+0000] {dag.py:3947} INFO - Setting next_dagrun for example_setup_teardown_taskflow to 2024-12-21 00:00:00+00:00, run_after=2024-12-22 00:00:00+00:00
[2024-12-22T01:48:54.358+0000] {processor.py:183} INFO - Processing /home/airflow/.local/lib/python3.12/site-packages/airflow/example_dags/example_setup_teardown_taskflow.py took 0.053 seconds
[2024-12-22T01:49:24.912+0000] {processor.py:161} INFO - Started process (PID=2256) to work on /home/airflow/.local/lib/python3.12/site-packages/airflow/example_dags/example_setup_teardown_taskflow.py
[2024-12-22T01:49:24.913+0000] {processor.py:830} INFO - Processing file /home/airflow/.local/lib/python3.12/site-packages/airflow/example_dags/example_setup_teardown_taskflow.py for tasks to queue
[2024-12-22T01:49:24.914+0000] {logging_mixin.py:188} INFO - [2024-12-22T01:49:24.914+0000] {dagbag.py:545} INFO - Filling up the DagBag from /home/airflow/.local/lib/python3.12/site-packages/airflow/example_dags/example_setup_teardown_taskflow.py
[2024-12-22T01:49:24.919+0000] {processor.py:840} INFO - DAG(s) 'example_setup_teardown_taskflow' retrieved from /home/airflow/.local/lib/python3.12/site-packages/airflow/example_dags/example_setup_teardown_taskflow.py
[2024-12-22T01:49:24.933+0000] {logging_mixin.py:188} INFO - [2024-12-22T01:49:24.933+0000] {dag.py:3089} INFO - Sync 1 DAGs
[2024-12-22T01:49:24.944+0000] {logging_mixin.py:188} INFO - [2024-12-22T01:49:24.944+0000] {dag.py:3947} INFO - Setting next_dagrun for example_setup_teardown_taskflow to 2024-12-21 00:00:00+00:00, run_after=2024-12-22 00:00:00+00:00
[2024-12-22T01:49:24.955+0000] {processor.py:183} INFO - Processing /home/airflow/.local/lib/python3.12/site-packages/airflow/example_dags/example_setup_teardown_taskflow.py took 0.047 seconds
[2024-12-22T01:49:55.201+0000] {processor.py:161} INFO - Started process (PID=2531) to work on /home/airflow/.local/lib/python3.12/site-packages/airflow/example_dags/example_setup_teardown_taskflow.py
[2024-12-22T01:49:55.201+0000] {processor.py:830} INFO - Processing file /home/airflow/.local/lib/python3.12/site-packages/airflow/example_dags/example_setup_teardown_taskflow.py for tasks to queue
[2024-12-22T01:49:55.202+0000] {logging_mixin.py:188} INFO - [2024-12-22T01:49:55.202+0000] {dagbag.py:545} INFO - Filling up the DagBag from /home/airflow/.local/lib/python3.12/site-packages/airflow/example_dags/example_setup_teardown_taskflow.py
[2024-12-22T01:49:55.207+0000] {processor.py:840} INFO - DAG(s) 'example_setup_teardown_taskflow' retrieved from /home/airflow/.local/lib/python3.12/site-packages/airflow/example_dags/example_setup_teardown_taskflow.py
[2024-12-22T01:49:55.221+0000] {logging_mixin.py:188} INFO - [2024-12-22T01:49:55.221+0000] {dag.py:3089} INFO - Sync 1 DAGs
[2024-12-22T01:49:55.235+0000] {logging_mixin.py:188} INFO - [2024-12-22T01:49:55.235+0000] {dag.py:3947} INFO - Setting next_dagrun for example_setup_teardown_taskflow to 2024-12-21 00:00:00+00:00, run_after=2024-12-22 00:00:00+00:00
[2024-12-22T01:49:55.245+0000] {processor.py:183} INFO - Processing /home/airflow/.local/lib/python3.12/site-packages/airflow/example_dags/example_setup_teardown_taskflow.py took 0.048 seconds
[2024-12-22T01:50:26.105+0000] {processor.py:161} INFO - Started process (PID=2808) to work on /home/airflow/.local/lib/python3.12/site-packages/airflow/example_dags/example_setup_teardown_taskflow.py
[2024-12-22T01:50:26.105+0000] {processor.py:830} INFO - Processing file /home/airflow/.local/lib/python3.12/site-packages/airflow/example_dags/example_setup_teardown_taskflow.py for tasks to queue
[2024-12-22T01:50:26.106+0000] {logging_mixin.py:188} INFO - [2024-12-22T01:50:26.106+0000] {dagbag.py:545} INFO - Filling up the DagBag from /home/airflow/.local/lib/python3.12/site-packages/airflow/example_dags/example_setup_teardown_taskflow.py
[2024-12-22T01:50:26.112+0000] {processor.py:840} INFO - DAG(s) 'example_setup_teardown_taskflow' retrieved from /home/airflow/.local/lib/python3.12/site-packages/airflow/example_dags/example_setup_teardown_taskflow.py
[2024-12-22T01:50:26.126+0000] {logging_mixin.py:188} INFO - [2024-12-22T01:50:26.126+0000] {dag.py:3089} INFO - Sync 1 DAGs
[2024-12-22T01:50:26.137+0000] {logging_mixin.py:188} INFO - [2024-12-22T01:50:26.137+0000] {dag.py:3947} INFO - Setting next_dagrun for example_setup_teardown_taskflow to 2024-12-21 00:00:00+00:00, run_after=2024-12-22 00:00:00+00:00
[2024-12-22T01:50:26.147+0000] {processor.py:183} INFO - Processing /home/airflow/.local/lib/python3.12/site-packages/airflow/example_dags/example_setup_teardown_taskflow.py took 0.046 seconds
[2024-12-22T01:50:58.971+0000] {processor.py:161} INFO - Started process (PID=3085) to work on /home/airflow/.local/lib/python3.12/site-packages/airflow/example_dags/example_setup_teardown_taskflow.py
[2024-12-22T01:50:58.971+0000] {processor.py:830} INFO - Processing file /home/airflow/.local/lib/python3.12/site-packages/airflow/example_dags/example_setup_teardown_taskflow.py for tasks to queue
[2024-12-22T01:50:58.972+0000] {logging_mixin.py:188} INFO - [2024-12-22T01:50:58.972+0000] {dagbag.py:545} INFO - Filling up the DagBag from /home/airflow/.local/lib/python3.12/site-packages/airflow/example_dags/example_setup_teardown_taskflow.py
[2024-12-22T01:50:58.978+0000] {processor.py:840} INFO - DAG(s) 'example_setup_teardown_taskflow' retrieved from /home/airflow/.local/lib/python3.12/site-packages/airflow/example_dags/example_setup_teardown_taskflow.py
[2024-12-22T01:50:58.990+0000] {logging_mixin.py:188} INFO - [2024-12-22T01:50:58.990+0000] {dag.py:3089} INFO - Sync 1 DAGs
[2024-12-22T01:50:59.001+0000] {logging_mixin.py:188} INFO - [2024-12-22T01:50:59.001+0000] {dag.py:3947} INFO - Setting next_dagrun for example_setup_teardown_taskflow to 2024-12-21 00:00:00+00:00, run_after=2024-12-22 00:00:00+00:00
[2024-12-22T01:50:59.012+0000] {processor.py:183} INFO - Processing /home/airflow/.local/lib/python3.12/site-packages/airflow/example_dags/example_setup_teardown_taskflow.py took 0.045 seconds
[2024-12-22T01:51:32.246+0000] {processor.py:161} INFO - Started process (PID=3362) to work on /home/airflow/.local/lib/python3.12/site-packages/airflow/example_dags/example_setup_teardown_taskflow.py
[2024-12-22T01:51:32.246+0000] {processor.py:830} INFO - Processing file /home/airflow/.local/lib/python3.12/site-packages/airflow/example_dags/example_setup_teardown_taskflow.py for tasks to queue
[2024-12-22T01:51:32.247+0000] {logging_mixin.py:188} INFO - [2024-12-22T01:51:32.247+0000] {dagbag.py:545} INFO - Filling up the DagBag from /home/airflow/.local/lib/python3.12/site-packages/airflow/example_dags/example_setup_teardown_taskflow.py
[2024-12-22T01:51:32.253+0000] {processor.py:840} INFO - DAG(s) 'example_setup_teardown_taskflow' retrieved from /home/airflow/.local/lib/python3.12/site-packages/airflow/example_dags/example_setup_teardown_taskflow.py
[2024-12-22T01:51:32.268+0000] {logging_mixin.py:188} INFO - [2024-12-22T01:51:32.268+0000] {dag.py:3089} INFO - Sync 1 DAGs
[2024-12-22T01:51:32.279+0000] {logging_mixin.py:188} INFO - [2024-12-22T01:51:32.279+0000] {dag.py:3947} INFO - Setting next_dagrun for example_setup_teardown_taskflow to 2024-12-21 00:00:00+00:00, run_after=2024-12-22 00:00:00+00:00
[2024-12-22T01:51:32.292+0000] {processor.py:183} INFO - Processing /home/airflow/.local/lib/python3.12/site-packages/airflow/example_dags/example_setup_teardown_taskflow.py took 0.051 seconds
[2024-12-22T01:52:02.692+0000] {processor.py:161} INFO - Started process (PID=3639) to work on /home/airflow/.local/lib/python3.12/site-packages/airflow/example_dags/example_setup_teardown_taskflow.py
[2024-12-22T01:52:02.693+0000] {processor.py:830} INFO - Processing file /home/airflow/.local/lib/python3.12/site-packages/airflow/example_dags/example_setup_teardown_taskflow.py for tasks to queue
[2024-12-22T01:52:02.694+0000] {logging_mixin.py:188} INFO - [2024-12-22T01:52:02.694+0000] {dagbag.py:545} INFO - Filling up the DagBag from /home/airflow/.local/lib/python3.12/site-packages/airflow/example_dags/example_setup_teardown_taskflow.py
[2024-12-22T01:52:02.700+0000] {processor.py:840} INFO - DAG(s) 'example_setup_teardown_taskflow' retrieved from /home/airflow/.local/lib/python3.12/site-packages/airflow/example_dags/example_setup_teardown_taskflow.py
[2024-12-22T01:52:02.714+0000] {logging_mixin.py:188} INFO - [2024-12-22T01:52:02.714+0000] {dag.py:3089} INFO - Sync 1 DAGs
[2024-12-22T01:52:02.727+0000] {logging_mixin.py:188} INFO - [2024-12-22T01:52:02.727+0000] {dag.py:3947} INFO - Setting next_dagrun for example_setup_teardown_taskflow to 2024-12-21 00:00:00+00:00, run_after=2024-12-22 00:00:00+00:00
[2024-12-22T01:52:02.739+0000] {processor.py:183} INFO - Processing /home/airflow/.local/lib/python3.12/site-packages/airflow/example_dags/example_setup_teardown_taskflow.py took 0.051 seconds
[2024-12-22T01:52:33.170+0000] {processor.py:161} INFO - Started process (PID=3916) to work on /home/airflow/.local/lib/python3.12/site-packages/airflow/example_dags/example_setup_teardown_taskflow.py
[2024-12-22T01:52:33.171+0000] {processor.py:830} INFO - Processing file /home/airflow/.local/lib/python3.12/site-packages/airflow/example_dags/example_setup_teardown_taskflow.py for tasks to queue
[2024-12-22T01:52:33.173+0000] {logging_mixin.py:188} INFO - [2024-12-22T01:52:33.173+0000] {dagbag.py:545} INFO - Filling up the DagBag from /home/airflow/.local/lib/python3.12/site-packages/airflow/example_dags/example_setup_teardown_taskflow.py
[2024-12-22T01:52:33.179+0000] {processor.py:840} INFO - DAG(s) 'example_setup_teardown_taskflow' retrieved from /home/airflow/.local/lib/python3.12/site-packages/airflow/example_dags/example_setup_teardown_taskflow.py
[2024-12-22T01:52:33.193+0000] {logging_mixin.py:188} INFO - [2024-12-22T01:52:33.193+0000] {dag.py:3089} INFO - Sync 1 DAGs
[2024-12-22T01:52:33.206+0000] {logging_mixin.py:188} INFO - [2024-12-22T01:52:33.206+0000] {dag.py:3947} INFO - Setting next_dagrun for example_setup_teardown_taskflow to 2024-12-21 00:00:00+00:00, run_after=2024-12-22 00:00:00+00:00
[2024-12-22T01:52:33.217+0000] {processor.py:183} INFO - Processing /home/airflow/.local/lib/python3.12/site-packages/airflow/example_dags/example_setup_teardown_taskflow.py took 0.051 seconds
[2024-12-22T01:53:04.154+0000] {processor.py:161} INFO - Started process (PID=4193) to work on /home/airflow/.local/lib/python3.12/site-packages/airflow/example_dags/example_setup_teardown_taskflow.py
[2024-12-22T01:53:04.155+0000] {processor.py:830} INFO - Processing file /home/airflow/.local/lib/python3.12/site-packages/airflow/example_dags/example_setup_teardown_taskflow.py for tasks to queue
[2024-12-22T01:53:04.156+0000] {logging_mixin.py:188} INFO - [2024-12-22T01:53:04.156+0000] {dagbag.py:545} INFO - Filling up the DagBag from /home/airflow/.local/lib/python3.12/site-packages/airflow/example_dags/example_setup_teardown_taskflow.py
[2024-12-22T01:53:04.162+0000] {processor.py:840} INFO - DAG(s) 'example_setup_teardown_taskflow' retrieved from /home/airflow/.local/lib/python3.12/site-packages/airflow/example_dags/example_setup_teardown_taskflow.py
[2024-12-22T01:53:04.173+0000] {logging_mixin.py:188} INFO - [2024-12-22T01:53:04.173+0000] {dag.py:3089} INFO - Sync 1 DAGs
[2024-12-22T01:53:04.185+0000] {logging_mixin.py:188} INFO - [2024-12-22T01:53:04.185+0000] {dag.py:3947} INFO - Setting next_dagrun for example_setup_teardown_taskflow to 2024-12-21 00:00:00+00:00, run_after=2024-12-22 00:00:00+00:00
[2024-12-22T01:53:04.198+0000] {processor.py:183} INFO - Processing /home/airflow/.local/lib/python3.12/site-packages/airflow/example_dags/example_setup_teardown_taskflow.py took 0.049 seconds
[2024-12-22T01:53:35.627+0000] {processor.py:161} INFO - Started process (PID=4470) to work on /home/airflow/.local/lib/python3.12/site-packages/airflow/example_dags/example_setup_teardown_taskflow.py
[2024-12-22T01:53:35.628+0000] {processor.py:830} INFO - Processing file /home/airflow/.local/lib/python3.12/site-packages/airflow/example_dags/example_setup_teardown_taskflow.py for tasks to queue
[2024-12-22T01:53:35.629+0000] {logging_mixin.py:188} INFO - [2024-12-22T01:53:35.629+0000] {dagbag.py:545} INFO - Filling up the DagBag from /home/airflow/.local/lib/python3.12/site-packages/airflow/example_dags/example_setup_teardown_taskflow.py
[2024-12-22T01:53:35.635+0000] {processor.py:840} INFO - DAG(s) 'example_setup_teardown_taskflow' retrieved from /home/airflow/.local/lib/python3.12/site-packages/airflow/example_dags/example_setup_teardown_taskflow.py
[2024-12-22T01:53:35.649+0000] {logging_mixin.py:188} INFO - [2024-12-22T01:53:35.649+0000] {dag.py:3089} INFO - Sync 1 DAGs
[2024-12-22T01:53:35.661+0000] {logging_mixin.py:188} INFO - [2024-12-22T01:53:35.661+0000] {dag.py:3947} INFO - Setting next_dagrun for example_setup_teardown_taskflow to 2024-12-21 00:00:00+00:00, run_after=2024-12-22 00:00:00+00:00
[2024-12-22T01:53:35.670+0000] {processor.py:183} INFO - Processing /home/airflow/.local/lib/python3.12/site-packages/airflow/example_dags/example_setup_teardown_taskflow.py took 0.047 seconds
[2024-12-22T01:54:07.634+0000] {processor.py:161} INFO - Started process (PID=4750) to work on /home/airflow/.local/lib/python3.12/site-packages/airflow/example_dags/example_setup_teardown_taskflow.py
[2024-12-22T01:54:07.635+0000] {processor.py:830} INFO - Processing file /home/airflow/.local/lib/python3.12/site-packages/airflow/example_dags/example_setup_teardown_taskflow.py for tasks to queue
[2024-12-22T01:54:07.636+0000] {logging_mixin.py:188} INFO - [2024-12-22T01:54:07.636+0000] {dagbag.py:545} INFO - Filling up the DagBag from /home/airflow/.local/lib/python3.12/site-packages/airflow/example_dags/example_setup_teardown_taskflow.py
[2024-12-22T01:54:07.641+0000] {processor.py:840} INFO - DAG(s) 'example_setup_teardown_taskflow' retrieved from /home/airflow/.local/lib/python3.12/site-packages/airflow/example_dags/example_setup_teardown_taskflow.py
[2024-12-22T01:54:07.653+0000] {logging_mixin.py:188} INFO - [2024-12-22T01:54:07.653+0000] {dag.py:3089} INFO - Sync 1 DAGs
[2024-12-22T01:54:07.663+0000] {logging_mixin.py:188} INFO - [2024-12-22T01:54:07.663+0000] {dag.py:3947} INFO - Setting next_dagrun for example_setup_teardown_taskflow to 2024-12-21 00:00:00+00:00, run_after=2024-12-22 00:00:00+00:00
[2024-12-22T01:54:07.672+0000] {processor.py:183} INFO - Processing /home/airflow/.local/lib/python3.12/site-packages/airflow/example_dags/example_setup_teardown_taskflow.py took 0.041 seconds
[2024-12-22T01:54:40.623+0000] {processor.py:161} INFO - Started process (PID=5027) to work on /home/airflow/.local/lib/python3.12/site-packages/airflow/example_dags/example_setup_teardown_taskflow.py
[2024-12-22T01:54:40.623+0000] {processor.py:830} INFO - Processing file /home/airflow/.local/lib/python3.12/site-packages/airflow/example_dags/example_setup_teardown_taskflow.py for tasks to queue
[2024-12-22T01:54:40.625+0000] {logging_mixin.py:188} INFO - [2024-12-22T01:54:40.624+0000] {dagbag.py:545} INFO - Filling up the DagBag from /home/airflow/.local/lib/python3.12/site-packages/airflow/example_dags/example_setup_teardown_taskflow.py
[2024-12-22T01:54:40.630+0000] {processor.py:840} INFO - DAG(s) 'example_setup_teardown_taskflow' retrieved from /home/airflow/.local/lib/python3.12/site-packages/airflow/example_dags/example_setup_teardown_taskflow.py
[2024-12-22T01:54:40.643+0000] {logging_mixin.py:188} INFO - [2024-12-22T01:54:40.643+0000] {dag.py:3089} INFO - Sync 1 DAGs
[2024-12-22T01:54:40.654+0000] {logging_mixin.py:188} INFO - [2024-12-22T01:54:40.653+0000] {dag.py:3947} INFO - Setting next_dagrun for example_setup_teardown_taskflow to 2024-12-21 00:00:00+00:00, run_after=2024-12-22 00:00:00+00:00
[2024-12-22T01:54:40.664+0000] {processor.py:183} INFO - Processing /home/airflow/.local/lib/python3.12/site-packages/airflow/example_dags/example_setup_teardown_taskflow.py took 0.045 seconds
[2024-12-22T01:55:13.660+0000] {processor.py:161} INFO - Started process (PID=5302) to work on /home/airflow/.local/lib/python3.12/site-packages/airflow/example_dags/example_setup_teardown_taskflow.py
[2024-12-22T01:55:13.660+0000] {processor.py:830} INFO - Processing file /home/airflow/.local/lib/python3.12/site-packages/airflow/example_dags/example_setup_teardown_taskflow.py for tasks to queue
[2024-12-22T01:55:13.662+0000] {logging_mixin.py:188} INFO - [2024-12-22T01:55:13.662+0000] {dagbag.py:545} INFO - Filling up the DagBag from /home/airflow/.local/lib/python3.12/site-packages/airflow/example_dags/example_setup_teardown_taskflow.py
[2024-12-22T01:55:13.669+0000] {processor.py:840} INFO - DAG(s) 'example_setup_teardown_taskflow' retrieved from /home/airflow/.local/lib/python3.12/site-packages/airflow/example_dags/example_setup_teardown_taskflow.py
[2024-12-22T01:55:13.683+0000] {logging_mixin.py:188} INFO - [2024-12-22T01:55:13.683+0000] {dag.py:3089} INFO - Sync 1 DAGs
[2024-12-22T01:55:13.695+0000] {logging_mixin.py:188} INFO - [2024-12-22T01:55:13.694+0000] {dag.py:3947} INFO - Setting next_dagrun for example_setup_teardown_taskflow to 2024-12-21 00:00:00+00:00, run_after=2024-12-22 00:00:00+00:00
[2024-12-22T01:55:13.705+0000] {processor.py:183} INFO - Processing /home/airflow/.local/lib/python3.12/site-packages/airflow/example_dags/example_setup_teardown_taskflow.py took 0.050 seconds
[2024-12-22T01:55:44.338+0000] {processor.py:161} INFO - Started process (PID=5579) to work on /home/airflow/.local/lib/python3.12/site-packages/airflow/example_dags/example_setup_teardown_taskflow.py
[2024-12-22T01:55:44.339+0000] {processor.py:830} INFO - Processing file /home/airflow/.local/lib/python3.12/site-packages/airflow/example_dags/example_setup_teardown_taskflow.py for tasks to queue
[2024-12-22T01:55:44.340+0000] {logging_mixin.py:188} INFO - [2024-12-22T01:55:44.340+0000] {dagbag.py:545} INFO - Filling up the DagBag from /home/airflow/.local/lib/python3.12/site-packages/airflow/example_dags/example_setup_teardown_taskflow.py
[2024-12-22T01:55:44.345+0000] {processor.py:840} INFO - DAG(s) 'example_setup_teardown_taskflow' retrieved from /home/airflow/.local/lib/python3.12/site-packages/airflow/example_dags/example_setup_teardown_taskflow.py
[2024-12-22T01:55:44.358+0000] {logging_mixin.py:188} INFO - [2024-12-22T01:55:44.358+0000] {dag.py:3089} INFO - Sync 1 DAGs
[2024-12-22T01:55:44.370+0000] {logging_mixin.py:188} INFO - [2024-12-22T01:55:44.370+0000] {dag.py:3947} INFO - Setting next_dagrun for example_setup_teardown_taskflow to 2024-12-21 00:00:00+00:00, run_after=2024-12-22 00:00:00+00:00
[2024-12-22T01:55:44.380+0000] {processor.py:183} INFO - Processing /home/airflow/.local/lib/python3.12/site-packages/airflow/example_dags/example_setup_teardown_taskflow.py took 0.046 seconds
[2024-12-22T01:56:15.771+0000] {processor.py:161} INFO - Started process (PID=5856) to work on /home/airflow/.local/lib/python3.12/site-packages/airflow/example_dags/example_setup_teardown_taskflow.py
[2024-12-22T01:56:15.772+0000] {processor.py:830} INFO - Processing file /home/airflow/.local/lib/python3.12/site-packages/airflow/example_dags/example_setup_teardown_taskflow.py for tasks to queue
[2024-12-22T01:56:15.773+0000] {logging_mixin.py:188} INFO - [2024-12-22T01:56:15.773+0000] {dagbag.py:545} INFO - Filling up the DagBag from /home/airflow/.local/lib/python3.12/site-packages/airflow/example_dags/example_setup_teardown_taskflow.py
[2024-12-22T01:56:15.779+0000] {processor.py:840} INFO - DAG(s) 'example_setup_teardown_taskflow' retrieved from /home/airflow/.local/lib/python3.12/site-packages/airflow/example_dags/example_setup_teardown_taskflow.py
[2024-12-22T01:56:15.793+0000] {logging_mixin.py:188} INFO - [2024-12-22T01:56:15.793+0000] {dag.py:3089} INFO - Sync 1 DAGs
[2024-12-22T01:56:15.806+0000] {logging_mixin.py:188} INFO - [2024-12-22T01:56:15.806+0000] {dag.py:3947} INFO - Setting next_dagrun for example_setup_teardown_taskflow to 2024-12-21 00:00:00+00:00, run_after=2024-12-22 00:00:00+00:00
[2024-12-22T01:56:15.816+0000] {processor.py:183} INFO - Processing /home/airflow/.local/lib/python3.12/site-packages/airflow/example_dags/example_setup_teardown_taskflow.py took 0.049 seconds
[2024-12-22T01:56:46.108+0000] {processor.py:161} INFO - Started process (PID=6133) to work on /home/airflow/.local/lib/python3.12/site-packages/airflow/example_dags/example_setup_teardown_taskflow.py
[2024-12-22T01:56:46.109+0000] {processor.py:830} INFO - Processing file /home/airflow/.local/lib/python3.12/site-packages/airflow/example_dags/example_setup_teardown_taskflow.py for tasks to queue
[2024-12-22T01:56:46.110+0000] {logging_mixin.py:188} INFO - [2024-12-22T01:56:46.110+0000] {dagbag.py:545} INFO - Filling up the DagBag from /home/airflow/.local/lib/python3.12/site-packages/airflow/example_dags/example_setup_teardown_taskflow.py
[2024-12-22T01:56:46.115+0000] {processor.py:840} INFO - DAG(s) 'example_setup_teardown_taskflow' retrieved from /home/airflow/.local/lib/python3.12/site-packages/airflow/example_dags/example_setup_teardown_taskflow.py
[2024-12-22T01:56:46.130+0000] {logging_mixin.py:188} INFO - [2024-12-22T01:56:46.130+0000] {dag.py:3089} INFO - Sync 1 DAGs
[2024-12-22T01:56:46.143+0000] {logging_mixin.py:188} INFO - [2024-12-22T01:56:46.143+0000] {dag.py:3947} INFO - Setting next_dagrun for example_setup_teardown_taskflow to 2024-12-21 00:00:00+00:00, run_after=2024-12-22 00:00:00+00:00
[2024-12-22T01:56:46.157+0000] {processor.py:183} INFO - Processing /home/airflow/.local/lib/python3.12/site-packages/airflow/example_dags/example_setup_teardown_taskflow.py took 0.054 seconds
[2024-12-22T01:57:16.770+0000] {processor.py:161} INFO - Started process (PID=6413) to work on /home/airflow/.local/lib/python3.12/site-packages/airflow/example_dags/example_setup_teardown_taskflow.py
[2024-12-22T01:57:16.772+0000] {processor.py:830} INFO - Processing file /home/airflow/.local/lib/python3.12/site-packages/airflow/example_dags/example_setup_teardown_taskflow.py for tasks to queue
[2024-12-22T01:57:16.773+0000] {logging_mixin.py:188} INFO - [2024-12-22T01:57:16.773+0000] {dagbag.py:545} INFO - Filling up the DagBag from /home/airflow/.local/lib/python3.12/site-packages/airflow/example_dags/example_setup_teardown_taskflow.py
[2024-12-22T01:57:16.778+0000] {processor.py:840} INFO - DAG(s) 'example_setup_teardown_taskflow' retrieved from /home/airflow/.local/lib/python3.12/site-packages/airflow/example_dags/example_setup_teardown_taskflow.py
[2024-12-22T01:57:16.792+0000] {logging_mixin.py:188} INFO - [2024-12-22T01:57:16.791+0000] {dag.py:3089} INFO - Sync 1 DAGs
[2024-12-22T01:57:16.803+0000] {logging_mixin.py:188} INFO - [2024-12-22T01:57:16.803+0000] {dag.py:3947} INFO - Setting next_dagrun for example_setup_teardown_taskflow to 2024-12-21 00:00:00+00:00, run_after=2024-12-22 00:00:00+00:00
[2024-12-22T01:57:16.813+0000] {processor.py:183} INFO - Processing /home/airflow/.local/lib/python3.12/site-packages/airflow/example_dags/example_setup_teardown_taskflow.py took 0.046 seconds
[2024-12-22T01:57:49.874+0000] {processor.py:161} INFO - Started process (PID=6690) to work on /home/airflow/.local/lib/python3.12/site-packages/airflow/example_dags/example_setup_teardown_taskflow.py
[2024-12-22T01:57:49.875+0000] {processor.py:830} INFO - Processing file /home/airflow/.local/lib/python3.12/site-packages/airflow/example_dags/example_setup_teardown_taskflow.py for tasks to queue
[2024-12-22T01:57:49.876+0000] {logging_mixin.py:188} INFO - [2024-12-22T01:57:49.876+0000] {dagbag.py:545} INFO - Filling up the DagBag from /home/airflow/.local/lib/python3.12/site-packages/airflow/example_dags/example_setup_teardown_taskflow.py
[2024-12-22T01:57:49.881+0000] {processor.py:840} INFO - DAG(s) 'example_setup_teardown_taskflow' retrieved from /home/airflow/.local/lib/python3.12/site-packages/airflow/example_dags/example_setup_teardown_taskflow.py
[2024-12-22T01:57:49.897+0000] {logging_mixin.py:188} INFO - [2024-12-22T01:57:49.897+0000] {dag.py:3089} INFO - Sync 1 DAGs
[2024-12-22T01:57:49.910+0000] {logging_mixin.py:188} INFO - [2024-12-22T01:57:49.910+0000] {dag.py:3947} INFO - Setting next_dagrun for example_setup_teardown_taskflow to 2024-12-21 00:00:00+00:00, run_after=2024-12-22 00:00:00+00:00
[2024-12-22T01:57:49.919+0000] {processor.py:183} INFO - Processing /home/airflow/.local/lib/python3.12/site-packages/airflow/example_dags/example_setup_teardown_taskflow.py took 0.049 seconds
[2024-12-22T01:58:22.108+0000] {processor.py:161} INFO - Started process (PID=6965) to work on /home/airflow/.local/lib/python3.12/site-packages/airflow/example_dags/example_setup_teardown_taskflow.py
[2024-12-22T01:58:22.109+0000] {processor.py:830} INFO - Processing file /home/airflow/.local/lib/python3.12/site-packages/airflow/example_dags/example_setup_teardown_taskflow.py for tasks to queue
[2024-12-22T01:58:22.110+0000] {logging_mixin.py:188} INFO - [2024-12-22T01:58:22.110+0000] {dagbag.py:545} INFO - Filling up the DagBag from /home/airflow/.local/lib/python3.12/site-packages/airflow/example_dags/example_setup_teardown_taskflow.py
[2024-12-22T01:58:22.115+0000] {processor.py:840} INFO - DAG(s) 'example_setup_teardown_taskflow' retrieved from /home/airflow/.local/lib/python3.12/site-packages/airflow/example_dags/example_setup_teardown_taskflow.py
[2024-12-22T01:58:22.127+0000] {logging_mixin.py:188} INFO - [2024-12-22T01:58:22.127+0000] {dag.py:3089} INFO - Sync 1 DAGs
[2024-12-22T01:58:22.139+0000] {logging_mixin.py:188} INFO - [2024-12-22T01:58:22.139+0000] {dag.py:3947} INFO - Setting next_dagrun for example_setup_teardown_taskflow to 2024-12-21 00:00:00+00:00, run_after=2024-12-22 00:00:00+00:00
[2024-12-22T01:58:22.154+0000] {processor.py:183} INFO - Processing /home/airflow/.local/lib/python3.12/site-packages/airflow/example_dags/example_setup_teardown_taskflow.py took 0.050 seconds
[2024-12-22T01:58:55.200+0000] {processor.py:161} INFO - Started process (PID=7242) to work on /home/airflow/.local/lib/python3.12/site-packages/airflow/example_dags/example_setup_teardown_taskflow.py
[2024-12-22T01:58:55.200+0000] {processor.py:830} INFO - Processing file /home/airflow/.local/lib/python3.12/site-packages/airflow/example_dags/example_setup_teardown_taskflow.py for tasks to queue
[2024-12-22T01:58:55.202+0000] {logging_mixin.py:188} INFO - [2024-12-22T01:58:55.201+0000] {dagbag.py:545} INFO - Filling up the DagBag from /home/airflow/.local/lib/python3.12/site-packages/airflow/example_dags/example_setup_teardown_taskflow.py
[2024-12-22T01:58:55.208+0000] {processor.py:840} INFO - DAG(s) 'example_setup_teardown_taskflow' retrieved from /home/airflow/.local/lib/python3.12/site-packages/airflow/example_dags/example_setup_teardown_taskflow.py
[2024-12-22T01:58:55.222+0000] {logging_mixin.py:188} INFO - [2024-12-22T01:58:55.222+0000] {dag.py:3089} INFO - Sync 1 DAGs
[2024-12-22T01:58:55.233+0000] {logging_mixin.py:188} INFO - [2024-12-22T01:58:55.233+0000] {dag.py:3947} INFO - Setting next_dagrun for example_setup_teardown_taskflow to 2024-12-21 00:00:00+00:00, run_after=2024-12-22 00:00:00+00:00
[2024-12-22T01:58:55.244+0000] {processor.py:183} INFO - Processing /home/airflow/.local/lib/python3.12/site-packages/airflow/example_dags/example_setup_teardown_taskflow.py took 0.048 seconds
[2024-12-22T01:59:26.038+0000] {processor.py:161} INFO - Started process (PID=7521) to work on /home/airflow/.local/lib/python3.12/site-packages/airflow/example_dags/example_setup_teardown_taskflow.py
[2024-12-22T01:59:26.039+0000] {processor.py:830} INFO - Processing file /home/airflow/.local/lib/python3.12/site-packages/airflow/example_dags/example_setup_teardown_taskflow.py for tasks to queue
[2024-12-22T01:59:26.040+0000] {logging_mixin.py:188} INFO - [2024-12-22T01:59:26.039+0000] {dagbag.py:545} INFO - Filling up the DagBag from /home/airflow/.local/lib/python3.12/site-packages/airflow/example_dags/example_setup_teardown_taskflow.py
[2024-12-22T01:59:26.045+0000] {processor.py:840} INFO - DAG(s) 'example_setup_teardown_taskflow' retrieved from /home/airflow/.local/lib/python3.12/site-packages/airflow/example_dags/example_setup_teardown_taskflow.py
[2024-12-22T01:59:26.058+0000] {logging_mixin.py:188} INFO - [2024-12-22T01:59:26.058+0000] {dag.py:3089} INFO - Sync 1 DAGs
[2024-12-22T01:59:26.069+0000] {logging_mixin.py:188} INFO - [2024-12-22T01:59:26.069+0000] {dag.py:3947} INFO - Setting next_dagrun for example_setup_teardown_taskflow to 2024-12-21 00:00:00+00:00, run_after=2024-12-22 00:00:00+00:00
[2024-12-22T01:59:26.079+0000] {processor.py:183} INFO - Processing /home/airflow/.local/lib/python3.12/site-packages/airflow/example_dags/example_setup_teardown_taskflow.py took 0.045 seconds
[2024-12-22T01:59:56.788+0000] {processor.py:161} INFO - Started process (PID=7796) to work on /home/airflow/.local/lib/python3.12/site-packages/airflow/example_dags/example_setup_teardown_taskflow.py
[2024-12-22T01:59:56.788+0000] {processor.py:830} INFO - Processing file /home/airflow/.local/lib/python3.12/site-packages/airflow/example_dags/example_setup_teardown_taskflow.py for tasks to queue
[2024-12-22T01:59:56.790+0000] {logging_mixin.py:188} INFO - [2024-12-22T01:59:56.789+0000] {dagbag.py:545} INFO - Filling up the DagBag from /home/airflow/.local/lib/python3.12/site-packages/airflow/example_dags/example_setup_teardown_taskflow.py
[2024-12-22T01:59:56.795+0000] {processor.py:840} INFO - DAG(s) 'example_setup_teardown_taskflow' retrieved from /home/airflow/.local/lib/python3.12/site-packages/airflow/example_dags/example_setup_teardown_taskflow.py
[2024-12-22T01:59:56.811+0000] {logging_mixin.py:188} INFO - [2024-12-22T01:59:56.811+0000] {dag.py:3089} INFO - Sync 1 DAGs
[2024-12-22T01:59:56.824+0000] {logging_mixin.py:188} INFO - [2024-12-22T01:59:56.824+0000] {dag.py:3947} INFO - Setting next_dagrun for example_setup_teardown_taskflow to 2024-12-21 00:00:00+00:00, run_after=2024-12-22 00:00:00+00:00
[2024-12-22T01:59:56.835+0000] {processor.py:183} INFO - Processing /home/airflow/.local/lib/python3.12/site-packages/airflow/example_dags/example_setup_teardown_taskflow.py took 0.051 seconds
[2024-12-22T02:00:27.888+0000] {processor.py:161} INFO - Started process (PID=8073) to work on /home/airflow/.local/lib/python3.12/site-packages/airflow/example_dags/example_setup_teardown_taskflow.py
[2024-12-22T02:00:27.889+0000] {processor.py:830} INFO - Processing file /home/airflow/.local/lib/python3.12/site-packages/airflow/example_dags/example_setup_teardown_taskflow.py for tasks to queue
[2024-12-22T02:00:27.890+0000] {logging_mixin.py:188} INFO - [2024-12-22T02:00:27.890+0000] {dagbag.py:545} INFO - Filling up the DagBag from /home/airflow/.local/lib/python3.12/site-packages/airflow/example_dags/example_setup_teardown_taskflow.py
[2024-12-22T02:00:27.896+0000] {processor.py:840} INFO - DAG(s) 'example_setup_teardown_taskflow' retrieved from /home/airflow/.local/lib/python3.12/site-packages/airflow/example_dags/example_setup_teardown_taskflow.py
[2024-12-22T02:00:27.910+0000] {logging_mixin.py:188} INFO - [2024-12-22T02:00:27.910+0000] {dag.py:3089} INFO - Sync 1 DAGs
[2024-12-22T02:00:27.922+0000] {logging_mixin.py:188} INFO - [2024-12-22T02:00:27.922+0000] {dag.py:3947} INFO - Setting next_dagrun for example_setup_teardown_taskflow to 2024-12-21 00:00:00+00:00, run_after=2024-12-22 00:00:00+00:00
[2024-12-22T02:00:27.932+0000] {processor.py:183} INFO - Processing /home/airflow/.local/lib/python3.12/site-packages/airflow/example_dags/example_setup_teardown_taskflow.py took 0.048 seconds
[2024-12-22T02:00:58.310+0000] {processor.py:161} INFO - Started process (PID=8352) to work on /home/airflow/.local/lib/python3.12/site-packages/airflow/example_dags/example_setup_teardown_taskflow.py
[2024-12-22T02:00:58.311+0000] {processor.py:830} INFO - Processing file /home/airflow/.local/lib/python3.12/site-packages/airflow/example_dags/example_setup_teardown_taskflow.py for tasks to queue
[2024-12-22T02:00:58.312+0000] {logging_mixin.py:188} INFO - [2024-12-22T02:00:58.312+0000] {dagbag.py:545} INFO - Filling up the DagBag from /home/airflow/.local/lib/python3.12/site-packages/airflow/example_dags/example_setup_teardown_taskflow.py
[2024-12-22T02:00:58.318+0000] {processor.py:840} INFO - DAG(s) 'example_setup_teardown_taskflow' retrieved from /home/airflow/.local/lib/python3.12/site-packages/airflow/example_dags/example_setup_teardown_taskflow.py
[2024-12-22T02:00:58.331+0000] {logging_mixin.py:188} INFO - [2024-12-22T02:00:58.331+0000] {dag.py:3089} INFO - Sync 1 DAGs
[2024-12-22T02:00:58.342+0000] {logging_mixin.py:188} INFO - [2024-12-22T02:00:58.341+0000] {dag.py:3947} INFO - Setting next_dagrun for example_setup_teardown_taskflow to 2024-12-21 00:00:00+00:00, run_after=2024-12-22 00:00:00+00:00
[2024-12-22T02:00:58.351+0000] {processor.py:183} INFO - Processing /home/airflow/.local/lib/python3.12/site-packages/airflow/example_dags/example_setup_teardown_taskflow.py took 0.045 seconds
[2024-12-22T02:01:31.331+0000] {processor.py:161} INFO - Started process (PID=8627) to work on /home/airflow/.local/lib/python3.12/site-packages/airflow/example_dags/example_setup_teardown_taskflow.py
[2024-12-22T02:01:31.332+0000] {processor.py:830} INFO - Processing file /home/airflow/.local/lib/python3.12/site-packages/airflow/example_dags/example_setup_teardown_taskflow.py for tasks to queue
[2024-12-22T02:01:31.333+0000] {logging_mixin.py:188} INFO - [2024-12-22T02:01:31.332+0000] {dagbag.py:545} INFO - Filling up the DagBag from /home/airflow/.local/lib/python3.12/site-packages/airflow/example_dags/example_setup_teardown_taskflow.py
[2024-12-22T02:01:31.338+0000] {processor.py:840} INFO - DAG(s) 'example_setup_teardown_taskflow' retrieved from /home/airflow/.local/lib/python3.12/site-packages/airflow/example_dags/example_setup_teardown_taskflow.py
[2024-12-22T02:01:31.351+0000] {logging_mixin.py:188} INFO - [2024-12-22T02:01:31.351+0000] {dag.py:3089} INFO - Sync 1 DAGs
[2024-12-22T02:01:31.363+0000] {logging_mixin.py:188} INFO - [2024-12-22T02:01:31.363+0000] {dag.py:3947} INFO - Setting next_dagrun for example_setup_teardown_taskflow to 2024-12-21 00:00:00+00:00, run_after=2024-12-22 00:00:00+00:00
[2024-12-22T02:01:31.373+0000] {processor.py:183} INFO - Processing /home/airflow/.local/lib/python3.12/site-packages/airflow/example_dags/example_setup_teardown_taskflow.py took 0.045 seconds
[2024-12-22T02:02:04.315+0000] {processor.py:161} INFO - Started process (PID=8904) to work on /home/airflow/.local/lib/python3.12/site-packages/airflow/example_dags/example_setup_teardown_taskflow.py
[2024-12-22T02:02:04.315+0000] {processor.py:830} INFO - Processing file /home/airflow/.local/lib/python3.12/site-packages/airflow/example_dags/example_setup_teardown_taskflow.py for tasks to queue
[2024-12-22T02:02:04.316+0000] {logging_mixin.py:188} INFO - [2024-12-22T02:02:04.316+0000] {dagbag.py:545} INFO - Filling up the DagBag from /home/airflow/.local/lib/python3.12/site-packages/airflow/example_dags/example_setup_teardown_taskflow.py
[2024-12-22T02:02:04.323+0000] {processor.py:840} INFO - DAG(s) 'example_setup_teardown_taskflow' retrieved from /home/airflow/.local/lib/python3.12/site-packages/airflow/example_dags/example_setup_teardown_taskflow.py
[2024-12-22T02:02:04.335+0000] {logging_mixin.py:188} INFO - [2024-12-22T02:02:04.335+0000] {dag.py:3089} INFO - Sync 1 DAGs
[2024-12-22T02:02:04.346+0000] {logging_mixin.py:188} INFO - [2024-12-22T02:02:04.345+0000] {dag.py:3947} INFO - Setting next_dagrun for example_setup_teardown_taskflow to 2024-12-21 00:00:00+00:00, run_after=2024-12-22 00:00:00+00:00
[2024-12-22T02:02:04.356+0000] {processor.py:183} INFO - Processing /home/airflow/.local/lib/python3.12/site-packages/airflow/example_dags/example_setup_teardown_taskflow.py took 0.045 seconds
[2024-12-22T02:02:36.365+0000] {processor.py:161} INFO - Started process (PID=9181) to work on /home/airflow/.local/lib/python3.12/site-packages/airflow/example_dags/example_setup_teardown_taskflow.py
[2024-12-22T02:02:36.366+0000] {processor.py:830} INFO - Processing file /home/airflow/.local/lib/python3.12/site-packages/airflow/example_dags/example_setup_teardown_taskflow.py for tasks to queue
[2024-12-22T02:02:36.367+0000] {logging_mixin.py:188} INFO - [2024-12-22T02:02:36.367+0000] {dagbag.py:545} INFO - Filling up the DagBag from /home/airflow/.local/lib/python3.12/site-packages/airflow/example_dags/example_setup_teardown_taskflow.py
[2024-12-22T02:02:36.372+0000] {processor.py:840} INFO - DAG(s) 'example_setup_teardown_taskflow' retrieved from /home/airflow/.local/lib/python3.12/site-packages/airflow/example_dags/example_setup_teardown_taskflow.py
[2024-12-22T02:02:36.387+0000] {logging_mixin.py:188} INFO - [2024-12-22T02:02:36.386+0000] {dag.py:3089} INFO - Sync 1 DAGs
[2024-12-22T02:02:36.400+0000] {logging_mixin.py:188} INFO - [2024-12-22T02:02:36.400+0000] {dag.py:3947} INFO - Setting next_dagrun for example_setup_teardown_taskflow to 2024-12-21 00:00:00+00:00, run_after=2024-12-22 00:00:00+00:00
[2024-12-22T02:02:36.412+0000] {processor.py:183} INFO - Processing /home/airflow/.local/lib/python3.12/site-packages/airflow/example_dags/example_setup_teardown_taskflow.py took 0.051 seconds
[2024-12-22T02:03:07.735+0000] {processor.py:161} INFO - Started process (PID=9458) to work on /home/airflow/.local/lib/python3.12/site-packages/airflow/example_dags/example_setup_teardown_taskflow.py
[2024-12-22T02:03:07.736+0000] {processor.py:830} INFO - Processing file /home/airflow/.local/lib/python3.12/site-packages/airflow/example_dags/example_setup_teardown_taskflow.py for tasks to queue
[2024-12-22T02:03:07.737+0000] {logging_mixin.py:188} INFO - [2024-12-22T02:03:07.737+0000] {dagbag.py:545} INFO - Filling up the DagBag from /home/airflow/.local/lib/python3.12/site-packages/airflow/example_dags/example_setup_teardown_taskflow.py
[2024-12-22T02:03:07.744+0000] {processor.py:840} INFO - DAG(s) 'example_setup_teardown_taskflow' retrieved from /home/airflow/.local/lib/python3.12/site-packages/airflow/example_dags/example_setup_teardown_taskflow.py
[2024-12-22T02:03:07.758+0000] {logging_mixin.py:188} INFO - [2024-12-22T02:03:07.758+0000] {dag.py:3089} INFO - Sync 1 DAGs
[2024-12-22T02:03:07.776+0000] {logging_mixin.py:188} INFO - [2024-12-22T02:03:07.776+0000] {dag.py:3947} INFO - Setting next_dagrun for example_setup_teardown_taskflow to 2024-12-21 00:00:00+00:00, run_after=2024-12-22 00:00:00+00:00
[2024-12-22T02:03:07.787+0000] {processor.py:183} INFO - Processing /home/airflow/.local/lib/python3.12/site-packages/airflow/example_dags/example_setup_teardown_taskflow.py took 0.056 seconds
[2024-12-22T02:03:38.253+0000] {processor.py:161} INFO - Started process (PID=9737) to work on /home/airflow/.local/lib/python3.12/site-packages/airflow/example_dags/example_setup_teardown_taskflow.py
[2024-12-22T02:03:38.254+0000] {processor.py:830} INFO - Processing file /home/airflow/.local/lib/python3.12/site-packages/airflow/example_dags/example_setup_teardown_taskflow.py for tasks to queue
[2024-12-22T02:03:38.256+0000] {logging_mixin.py:188} INFO - [2024-12-22T02:03:38.256+0000] {dagbag.py:545} INFO - Filling up the DagBag from /home/airflow/.local/lib/python3.12/site-packages/airflow/example_dags/example_setup_teardown_taskflow.py
[2024-12-22T02:03:38.262+0000] {processor.py:840} INFO - DAG(s) 'example_setup_teardown_taskflow' retrieved from /home/airflow/.local/lib/python3.12/site-packages/airflow/example_dags/example_setup_teardown_taskflow.py
[2024-12-22T02:03:38.278+0000] {logging_mixin.py:188} INFO - [2024-12-22T02:03:38.278+0000] {dag.py:3089} INFO - Sync 1 DAGs
[2024-12-22T02:03:38.292+0000] {logging_mixin.py:188} INFO - [2024-12-22T02:03:38.292+0000] {dag.py:3947} INFO - Setting next_dagrun for example_setup_teardown_taskflow to 2024-12-21 00:00:00+00:00, run_after=2024-12-22 00:00:00+00:00
[2024-12-22T02:03:38.304+0000] {processor.py:183} INFO - Processing /home/airflow/.local/lib/python3.12/site-packages/airflow/example_dags/example_setup_teardown_taskflow.py took 0.055 seconds
[2024-12-22T02:04:09.000+0000] {processor.py:161} INFO - Started process (PID=10012) to work on /home/airflow/.local/lib/python3.12/site-packages/airflow/example_dags/example_setup_teardown_taskflow.py
[2024-12-22T02:04:09.001+0000] {processor.py:830} INFO - Processing file /home/airflow/.local/lib/python3.12/site-packages/airflow/example_dags/example_setup_teardown_taskflow.py for tasks to queue
[2024-12-22T02:04:09.002+0000] {logging_mixin.py:188} INFO - [2024-12-22T02:04:09.002+0000] {dagbag.py:545} INFO - Filling up the DagBag from /home/airflow/.local/lib/python3.12/site-packages/airflow/example_dags/example_setup_teardown_taskflow.py
[2024-12-22T02:04:09.009+0000] {processor.py:840} INFO - DAG(s) 'example_setup_teardown_taskflow' retrieved from /home/airflow/.local/lib/python3.12/site-packages/airflow/example_dags/example_setup_teardown_taskflow.py
[2024-12-22T02:04:09.024+0000] {logging_mixin.py:188} INFO - [2024-12-22T02:04:09.024+0000] {dag.py:3089} INFO - Sync 1 DAGs
[2024-12-22T02:04:09.036+0000] {logging_mixin.py:188} INFO - [2024-12-22T02:04:09.036+0000] {dag.py:3947} INFO - Setting next_dagrun for example_setup_teardown_taskflow to 2024-12-21 00:00:00+00:00, run_after=2024-12-22 00:00:00+00:00
[2024-12-22T02:04:09.052+0000] {processor.py:183} INFO - Processing /home/airflow/.local/lib/python3.12/site-packages/airflow/example_dags/example_setup_teardown_taskflow.py took 0.056 seconds
[2024-12-22T02:04:40.001+0000] {processor.py:161} INFO - Started process (PID=10289) to work on /home/airflow/.local/lib/python3.12/site-packages/airflow/example_dags/example_setup_teardown_taskflow.py
[2024-12-22T02:04:40.002+0000] {processor.py:830} INFO - Processing file /home/airflow/.local/lib/python3.12/site-packages/airflow/example_dags/example_setup_teardown_taskflow.py for tasks to queue
[2024-12-22T02:04:40.003+0000] {logging_mixin.py:188} INFO - [2024-12-22T02:04:40.003+0000] {dagbag.py:545} INFO - Filling up the DagBag from /home/airflow/.local/lib/python3.12/site-packages/airflow/example_dags/example_setup_teardown_taskflow.py
[2024-12-22T02:04:40.009+0000] {processor.py:840} INFO - DAG(s) 'example_setup_teardown_taskflow' retrieved from /home/airflow/.local/lib/python3.12/site-packages/airflow/example_dags/example_setup_teardown_taskflow.py
[2024-12-22T02:04:40.026+0000] {logging_mixin.py:188} INFO - [2024-12-22T02:04:40.026+0000] {dag.py:3089} INFO - Sync 1 DAGs
[2024-12-22T02:04:40.039+0000] {logging_mixin.py:188} INFO - [2024-12-22T02:04:40.039+0000] {dag.py:3947} INFO - Setting next_dagrun for example_setup_teardown_taskflow to 2024-12-21 00:00:00+00:00, run_after=2024-12-22 00:00:00+00:00
[2024-12-22T02:04:40.049+0000] {processor.py:183} INFO - Processing /home/airflow/.local/lib/python3.12/site-packages/airflow/example_dags/example_setup_teardown_taskflow.py took 0.054 seconds
[2024-12-22T02:05:12.939+0000] {processor.py:161} INFO - Started process (PID=10566) to work on /home/airflow/.local/lib/python3.12/site-packages/airflow/example_dags/example_setup_teardown_taskflow.py
[2024-12-22T02:05:12.939+0000] {processor.py:830} INFO - Processing file /home/airflow/.local/lib/python3.12/site-packages/airflow/example_dags/example_setup_teardown_taskflow.py for tasks to queue
[2024-12-22T02:05:12.941+0000] {logging_mixin.py:188} INFO - [2024-12-22T02:05:12.941+0000] {dagbag.py:545} INFO - Filling up the DagBag from /home/airflow/.local/lib/python3.12/site-packages/airflow/example_dags/example_setup_teardown_taskflow.py
[2024-12-22T02:05:12.948+0000] {processor.py:840} INFO - DAG(s) 'example_setup_teardown_taskflow' retrieved from /home/airflow/.local/lib/python3.12/site-packages/airflow/example_dags/example_setup_teardown_taskflow.py
[2024-12-22T02:05:12.963+0000] {logging_mixin.py:188} INFO - [2024-12-22T02:05:12.962+0000] {dag.py:3089} INFO - Sync 1 DAGs
[2024-12-22T02:05:12.973+0000] {logging_mixin.py:188} INFO - [2024-12-22T02:05:12.973+0000] {dag.py:3947} INFO - Setting next_dagrun for example_setup_teardown_taskflow to 2024-12-21 00:00:00+00:00, run_after=2024-12-22 00:00:00+00:00
[2024-12-22T02:05:12.984+0000] {processor.py:183} INFO - Processing /home/airflow/.local/lib/python3.12/site-packages/airflow/example_dags/example_setup_teardown_taskflow.py took 0.050 seconds
[2024-12-22T02:05:45.685+0000] {processor.py:161} INFO - Started process (PID=10843) to work on /home/airflow/.local/lib/python3.12/site-packages/airflow/example_dags/example_setup_teardown_taskflow.py
[2024-12-22T02:05:45.686+0000] {processor.py:830} INFO - Processing file /home/airflow/.local/lib/python3.12/site-packages/airflow/example_dags/example_setup_teardown_taskflow.py for tasks to queue
[2024-12-22T02:05:45.687+0000] {logging_mixin.py:188} INFO - [2024-12-22T02:05:45.687+0000] {dagbag.py:545} INFO - Filling up the DagBag from /home/airflow/.local/lib/python3.12/site-packages/airflow/example_dags/example_setup_teardown_taskflow.py
[2024-12-22T02:05:45.692+0000] {processor.py:840} INFO - DAG(s) 'example_setup_teardown_taskflow' retrieved from /home/airflow/.local/lib/python3.12/site-packages/airflow/example_dags/example_setup_teardown_taskflow.py
[2024-12-22T02:05:45.707+0000] {logging_mixin.py:188} INFO - [2024-12-22T02:05:45.707+0000] {dag.py:3089} INFO - Sync 1 DAGs
[2024-12-22T02:05:45.720+0000] {logging_mixin.py:188} INFO - [2024-12-22T02:05:45.719+0000] {dag.py:3947} INFO - Setting next_dagrun for example_setup_teardown_taskflow to 2024-12-21 00:00:00+00:00, run_after=2024-12-22 00:00:00+00:00
[2024-12-22T02:05:45.731+0000] {processor.py:183} INFO - Processing /home/airflow/.local/lib/python3.12/site-packages/airflow/example_dags/example_setup_teardown_taskflow.py took 0.050 seconds
[2024-12-22T02:06:16.760+0000] {processor.py:161} INFO - Started process (PID=11120) to work on /home/airflow/.local/lib/python3.12/site-packages/airflow/example_dags/example_setup_teardown_taskflow.py
[2024-12-22T02:06:16.761+0000] {processor.py:830} INFO - Processing file /home/airflow/.local/lib/python3.12/site-packages/airflow/example_dags/example_setup_teardown_taskflow.py for tasks to queue
[2024-12-22T02:06:16.762+0000] {logging_mixin.py:188} INFO - [2024-12-22T02:06:16.762+0000] {dagbag.py:545} INFO - Filling up the DagBag from /home/airflow/.local/lib/python3.12/site-packages/airflow/example_dags/example_setup_teardown_taskflow.py
[2024-12-22T02:06:16.768+0000] {processor.py:840} INFO - DAG(s) 'example_setup_teardown_taskflow' retrieved from /home/airflow/.local/lib/python3.12/site-packages/airflow/example_dags/example_setup_teardown_taskflow.py
[2024-12-22T02:06:16.784+0000] {logging_mixin.py:188} INFO - [2024-12-22T02:06:16.784+0000] {dag.py:3089} INFO - Sync 1 DAGs
[2024-12-22T02:06:16.798+0000] {logging_mixin.py:188} INFO - [2024-12-22T02:06:16.798+0000] {dag.py:3947} INFO - Setting next_dagrun for example_setup_teardown_taskflow to 2024-12-21 00:00:00+00:00, run_after=2024-12-22 00:00:00+00:00
[2024-12-22T02:06:16.809+0000] {processor.py:183} INFO - Processing /home/airflow/.local/lib/python3.12/site-packages/airflow/example_dags/example_setup_teardown_taskflow.py took 0.053 seconds
[2024-12-22T02:06:47.691+0000] {processor.py:161} INFO - Started process (PID=11399) to work on /home/airflow/.local/lib/python3.12/site-packages/airflow/example_dags/example_setup_teardown_taskflow.py
[2024-12-22T02:06:47.692+0000] {processor.py:830} INFO - Processing file /home/airflow/.local/lib/python3.12/site-packages/airflow/example_dags/example_setup_teardown_taskflow.py for tasks to queue
[2024-12-22T02:06:47.693+0000] {logging_mixin.py:188} INFO - [2024-12-22T02:06:47.693+0000] {dagbag.py:545} INFO - Filling up the DagBag from /home/airflow/.local/lib/python3.12/site-packages/airflow/example_dags/example_setup_teardown_taskflow.py
[2024-12-22T02:06:47.699+0000] {processor.py:840} INFO - DAG(s) 'example_setup_teardown_taskflow' retrieved from /home/airflow/.local/lib/python3.12/site-packages/airflow/example_dags/example_setup_teardown_taskflow.py
[2024-12-22T02:06:47.714+0000] {logging_mixin.py:188} INFO - [2024-12-22T02:06:47.713+0000] {dag.py:3089} INFO - Sync 1 DAGs
[2024-12-22T02:06:47.726+0000] {logging_mixin.py:188} INFO - [2024-12-22T02:06:47.726+0000] {dag.py:3947} INFO - Setting next_dagrun for example_setup_teardown_taskflow to 2024-12-21 00:00:00+00:00, run_after=2024-12-22 00:00:00+00:00
[2024-12-22T02:06:47.737+0000] {processor.py:183} INFO - Processing /home/airflow/.local/lib/python3.12/site-packages/airflow/example_dags/example_setup_teardown_taskflow.py took 0.051 seconds
[2024-12-22T02:07:18.599+0000] {processor.py:161} INFO - Started process (PID=11676) to work on /home/airflow/.local/lib/python3.12/site-packages/airflow/example_dags/example_setup_teardown_taskflow.py
[2024-12-22T02:07:18.600+0000] {processor.py:830} INFO - Processing file /home/airflow/.local/lib/python3.12/site-packages/airflow/example_dags/example_setup_teardown_taskflow.py for tasks to queue
[2024-12-22T02:07:18.601+0000] {logging_mixin.py:188} INFO - [2024-12-22T02:07:18.601+0000] {dagbag.py:545} INFO - Filling up the DagBag from /home/airflow/.local/lib/python3.12/site-packages/airflow/example_dags/example_setup_teardown_taskflow.py
[2024-12-22T02:07:18.606+0000] {processor.py:840} INFO - DAG(s) 'example_setup_teardown_taskflow' retrieved from /home/airflow/.local/lib/python3.12/site-packages/airflow/example_dags/example_setup_teardown_taskflow.py
[2024-12-22T02:07:18.621+0000] {logging_mixin.py:188} INFO - [2024-12-22T02:07:18.621+0000] {dag.py:3089} INFO - Sync 1 DAGs
[2024-12-22T02:07:18.633+0000] {logging_mixin.py:188} INFO - [2024-12-22T02:07:18.633+0000] {dag.py:3947} INFO - Setting next_dagrun for example_setup_teardown_taskflow to 2024-12-21 00:00:00+00:00, run_after=2024-12-22 00:00:00+00:00
[2024-12-22T02:07:18.644+0000] {processor.py:183} INFO - Processing /home/airflow/.local/lib/python3.12/site-packages/airflow/example_dags/example_setup_teardown_taskflow.py took 0.049 seconds
[2024-12-22T02:07:51.767+0000] {processor.py:161} INFO - Started process (PID=11951) to work on /home/airflow/.local/lib/python3.12/site-packages/airflow/example_dags/example_setup_teardown_taskflow.py
[2024-12-22T02:07:51.768+0000] {processor.py:830} INFO - Processing file /home/airflow/.local/lib/python3.12/site-packages/airflow/example_dags/example_setup_teardown_taskflow.py for tasks to queue
[2024-12-22T02:07:51.770+0000] {logging_mixin.py:188} INFO - [2024-12-22T02:07:51.769+0000] {dagbag.py:545} INFO - Filling up the DagBag from /home/airflow/.local/lib/python3.12/site-packages/airflow/example_dags/example_setup_teardown_taskflow.py
[2024-12-22T02:07:51.776+0000] {processor.py:840} INFO - DAG(s) 'example_setup_teardown_taskflow' retrieved from /home/airflow/.local/lib/python3.12/site-packages/airflow/example_dags/example_setup_teardown_taskflow.py
[2024-12-22T02:07:51.791+0000] {logging_mixin.py:188} INFO - [2024-12-22T02:07:51.791+0000] {dag.py:3089} INFO - Sync 1 DAGs
[2024-12-22T02:07:51.816+0000] {logging_mixin.py:188} INFO - [2024-12-22T02:07:51.816+0000] {dag.py:3947} INFO - Setting next_dagrun for example_setup_teardown_taskflow to 2024-12-21 00:00:00+00:00, run_after=2024-12-22 00:00:00+00:00
[2024-12-22T02:07:51.946+0000] {processor.py:183} INFO - Processing /home/airflow/.local/lib/python3.12/site-packages/airflow/example_dags/example_setup_teardown_taskflow.py took 0.188 seconds
[2024-12-22T02:08:24.146+0000] {processor.py:161} INFO - Started process (PID=12228) to work on /home/airflow/.local/lib/python3.12/site-packages/airflow/example_dags/example_setup_teardown_taskflow.py
[2024-12-22T02:08:24.147+0000] {processor.py:830} INFO - Processing file /home/airflow/.local/lib/python3.12/site-packages/airflow/example_dags/example_setup_teardown_taskflow.py for tasks to queue
[2024-12-22T02:08:24.148+0000] {logging_mixin.py:188} INFO - [2024-12-22T02:08:24.148+0000] {dagbag.py:545} INFO - Filling up the DagBag from /home/airflow/.local/lib/python3.12/site-packages/airflow/example_dags/example_setup_teardown_taskflow.py
[2024-12-22T02:08:24.154+0000] {processor.py:840} INFO - DAG(s) 'example_setup_teardown_taskflow' retrieved from /home/airflow/.local/lib/python3.12/site-packages/airflow/example_dags/example_setup_teardown_taskflow.py
[2024-12-22T02:08:24.170+0000] {logging_mixin.py:188} INFO - [2024-12-22T02:08:24.169+0000] {dag.py:3089} INFO - Sync 1 DAGs
[2024-12-22T02:08:24.180+0000] {logging_mixin.py:188} INFO - [2024-12-22T02:08:24.180+0000] {dag.py:3947} INFO - Setting next_dagrun for example_setup_teardown_taskflow to 2024-12-21 00:00:00+00:00, run_after=2024-12-22 00:00:00+00:00
[2024-12-22T02:08:24.193+0000] {processor.py:183} INFO - Processing /home/airflow/.local/lib/python3.12/site-packages/airflow/example_dags/example_setup_teardown_taskflow.py took 0.050 seconds
[2024-12-22T02:08:56.716+0000] {processor.py:161} INFO - Started process (PID=12505) to work on /home/airflow/.local/lib/python3.12/site-packages/airflow/example_dags/example_setup_teardown_taskflow.py
[2024-12-22T02:08:56.716+0000] {processor.py:830} INFO - Processing file /home/airflow/.local/lib/python3.12/site-packages/airflow/example_dags/example_setup_teardown_taskflow.py for tasks to queue
[2024-12-22T02:08:56.718+0000] {logging_mixin.py:188} INFO - [2024-12-22T02:08:56.717+0000] {dagbag.py:545} INFO - Filling up the DagBag from /home/airflow/.local/lib/python3.12/site-packages/airflow/example_dags/example_setup_teardown_taskflow.py
[2024-12-22T02:08:56.723+0000] {processor.py:840} INFO - DAG(s) 'example_setup_teardown_taskflow' retrieved from /home/airflow/.local/lib/python3.12/site-packages/airflow/example_dags/example_setup_teardown_taskflow.py
[2024-12-22T02:08:56.738+0000] {logging_mixin.py:188} INFO - [2024-12-22T02:08:56.738+0000] {dag.py:3089} INFO - Sync 1 DAGs
[2024-12-22T02:08:56.751+0000] {logging_mixin.py:188} INFO - [2024-12-22T02:08:56.751+0000] {dag.py:3947} INFO - Setting next_dagrun for example_setup_teardown_taskflow to 2024-12-21 00:00:00+00:00, run_after=2024-12-22 00:00:00+00:00
[2024-12-22T02:08:56.763+0000] {processor.py:183} INFO - Processing /home/airflow/.local/lib/python3.12/site-packages/airflow/example_dags/example_setup_teardown_taskflow.py took 0.052 seconds
[2024-12-22T02:09:28.968+0000] {processor.py:161} INFO - Started process (PID=12782) to work on /home/airflow/.local/lib/python3.12/site-packages/airflow/example_dags/example_setup_teardown_taskflow.py
[2024-12-22T02:09:28.968+0000] {processor.py:830} INFO - Processing file /home/airflow/.local/lib/python3.12/site-packages/airflow/example_dags/example_setup_teardown_taskflow.py for tasks to queue
[2024-12-22T02:09:28.970+0000] {logging_mixin.py:188} INFO - [2024-12-22T02:09:28.969+0000] {dagbag.py:545} INFO - Filling up the DagBag from /home/airflow/.local/lib/python3.12/site-packages/airflow/example_dags/example_setup_teardown_taskflow.py
[2024-12-22T02:09:28.976+0000] {processor.py:840} INFO - DAG(s) 'example_setup_teardown_taskflow' retrieved from /home/airflow/.local/lib/python3.12/site-packages/airflow/example_dags/example_setup_teardown_taskflow.py
[2024-12-22T02:09:28.990+0000] {logging_mixin.py:188} INFO - [2024-12-22T02:09:28.990+0000] {dag.py:3089} INFO - Sync 1 DAGs
[2024-12-22T02:09:29.002+0000] {logging_mixin.py:188} INFO - [2024-12-22T02:09:29.001+0000] {dag.py:3947} INFO - Setting next_dagrun for example_setup_teardown_taskflow to 2024-12-21 00:00:00+00:00, run_after=2024-12-22 00:00:00+00:00
[2024-12-22T02:09:29.013+0000] {processor.py:183} INFO - Processing /home/airflow/.local/lib/python3.12/site-packages/airflow/example_dags/example_setup_teardown_taskflow.py took 0.049 seconds
[2024-12-22T02:09:59.779+0000] {processor.py:161} INFO - Started process (PID=13059) to work on /home/airflow/.local/lib/python3.12/site-packages/airflow/example_dags/example_setup_teardown_taskflow.py
[2024-12-22T02:09:59.780+0000] {processor.py:830} INFO - Processing file /home/airflow/.local/lib/python3.12/site-packages/airflow/example_dags/example_setup_teardown_taskflow.py for tasks to queue
[2024-12-22T02:09:59.781+0000] {logging_mixin.py:188} INFO - [2024-12-22T02:09:59.781+0000] {dagbag.py:545} INFO - Filling up the DagBag from /home/airflow/.local/lib/python3.12/site-packages/airflow/example_dags/example_setup_teardown_taskflow.py
[2024-12-22T02:09:59.787+0000] {processor.py:840} INFO - DAG(s) 'example_setup_teardown_taskflow' retrieved from /home/airflow/.local/lib/python3.12/site-packages/airflow/example_dags/example_setup_teardown_taskflow.py
[2024-12-22T02:09:59.914+0000] {logging_mixin.py:188} INFO - [2024-12-22T02:09:59.914+0000] {dag.py:3089} INFO - Sync 1 DAGs
[2024-12-22T02:09:59.924+0000] {logging_mixin.py:188} INFO - [2024-12-22T02:09:59.924+0000] {dag.py:3947} INFO - Setting next_dagrun for example_setup_teardown_taskflow to 2024-12-21 00:00:00+00:00, run_after=2024-12-22 00:00:00+00:00
[2024-12-22T02:09:59.936+0000] {processor.py:183} INFO - Processing /home/airflow/.local/lib/python3.12/site-packages/airflow/example_dags/example_setup_teardown_taskflow.py took 0.162 seconds
[2024-12-22T02:10:30.199+0000] {processor.py:161} INFO - Started process (PID=13336) to work on /home/airflow/.local/lib/python3.12/site-packages/airflow/example_dags/example_setup_teardown_taskflow.py
[2024-12-22T02:10:30.200+0000] {processor.py:830} INFO - Processing file /home/airflow/.local/lib/python3.12/site-packages/airflow/example_dags/example_setup_teardown_taskflow.py for tasks to queue
[2024-12-22T02:10:30.202+0000] {logging_mixin.py:188} INFO - [2024-12-22T02:10:30.201+0000] {dagbag.py:545} INFO - Filling up the DagBag from /home/airflow/.local/lib/python3.12/site-packages/airflow/example_dags/example_setup_teardown_taskflow.py
[2024-12-22T02:10:30.209+0000] {processor.py:840} INFO - DAG(s) 'example_setup_teardown_taskflow' retrieved from /home/airflow/.local/lib/python3.12/site-packages/airflow/example_dags/example_setup_teardown_taskflow.py
[2024-12-22T02:10:30.224+0000] {logging_mixin.py:188} INFO - [2024-12-22T02:10:30.224+0000] {dag.py:3089} INFO - Sync 1 DAGs
[2024-12-22T02:10:30.235+0000] {logging_mixin.py:188} INFO - [2024-12-22T02:10:30.235+0000] {dag.py:3947} INFO - Setting next_dagrun for example_setup_teardown_taskflow to 2024-12-21 00:00:00+00:00, run_after=2024-12-22 00:00:00+00:00
[2024-12-22T02:10:30.246+0000] {processor.py:183} INFO - Processing /home/airflow/.local/lib/python3.12/site-packages/airflow/example_dags/example_setup_teardown_taskflow.py took 0.051 seconds
[2024-12-22T02:11:01.605+0000] {processor.py:161} INFO - Started process (PID=13613) to work on /home/airflow/.local/lib/python3.12/site-packages/airflow/example_dags/example_setup_teardown_taskflow.py
[2024-12-22T02:11:01.606+0000] {processor.py:830} INFO - Processing file /home/airflow/.local/lib/python3.12/site-packages/airflow/example_dags/example_setup_teardown_taskflow.py for tasks to queue
[2024-12-22T02:11:01.609+0000] {logging_mixin.py:188} INFO - [2024-12-22T02:11:01.609+0000] {dagbag.py:545} INFO - Filling up the DagBag from /home/airflow/.local/lib/python3.12/site-packages/airflow/example_dags/example_setup_teardown_taskflow.py
[2024-12-22T02:11:01.614+0000] {processor.py:840} INFO - DAG(s) 'example_setup_teardown_taskflow' retrieved from /home/airflow/.local/lib/python3.12/site-packages/airflow/example_dags/example_setup_teardown_taskflow.py
[2024-12-22T02:11:01.628+0000] {logging_mixin.py:188} INFO - [2024-12-22T02:11:01.628+0000] {dag.py:3089} INFO - Sync 1 DAGs
[2024-12-22T02:11:01.643+0000] {logging_mixin.py:188} INFO - [2024-12-22T02:11:01.642+0000] {dag.py:3947} INFO - Setting next_dagrun for example_setup_teardown_taskflow to 2024-12-21 00:00:00+00:00, run_after=2024-12-22 00:00:00+00:00
[2024-12-22T02:11:01.652+0000] {processor.py:183} INFO - Processing /home/airflow/.local/lib/python3.12/site-packages/airflow/example_dags/example_setup_teardown_taskflow.py took 0.051 seconds
[2024-12-22T02:11:34.118+0000] {processor.py:161} INFO - Started process (PID=13890) to work on /home/airflow/.local/lib/python3.12/site-packages/airflow/example_dags/example_setup_teardown_taskflow.py
[2024-12-22T02:11:34.119+0000] {processor.py:830} INFO - Processing file /home/airflow/.local/lib/python3.12/site-packages/airflow/example_dags/example_setup_teardown_taskflow.py for tasks to queue
[2024-12-22T02:11:34.121+0000] {logging_mixin.py:188} INFO - [2024-12-22T02:11:34.121+0000] {dagbag.py:545} INFO - Filling up the DagBag from /home/airflow/.local/lib/python3.12/site-packages/airflow/example_dags/example_setup_teardown_taskflow.py
[2024-12-22T02:11:34.127+0000] {processor.py:840} INFO - DAG(s) 'example_setup_teardown_taskflow' retrieved from /home/airflow/.local/lib/python3.12/site-packages/airflow/example_dags/example_setup_teardown_taskflow.py
[2024-12-22T02:11:34.142+0000] {logging_mixin.py:188} INFO - [2024-12-22T02:11:34.142+0000] {dag.py:3089} INFO - Sync 1 DAGs
[2024-12-22T02:11:34.154+0000] {logging_mixin.py:188} INFO - [2024-12-22T02:11:34.154+0000] {dag.py:3947} INFO - Setting next_dagrun for example_setup_teardown_taskflow to 2024-12-21 00:00:00+00:00, run_after=2024-12-22 00:00:00+00:00
[2024-12-22T02:11:34.168+0000] {processor.py:183} INFO - Processing /home/airflow/.local/lib/python3.12/site-packages/airflow/example_dags/example_setup_teardown_taskflow.py took 0.054 seconds
[2024-12-22T02:12:05.191+0000] {processor.py:161} INFO - Started process (PID=14168) to work on /home/airflow/.local/lib/python3.12/site-packages/airflow/example_dags/example_setup_teardown_taskflow.py
[2024-12-22T02:12:05.192+0000] {processor.py:830} INFO - Processing file /home/airflow/.local/lib/python3.12/site-packages/airflow/example_dags/example_setup_teardown_taskflow.py for tasks to queue
[2024-12-22T02:12:05.193+0000] {logging_mixin.py:188} INFO - [2024-12-22T02:12:05.193+0000] {dagbag.py:545} INFO - Filling up the DagBag from /home/airflow/.local/lib/python3.12/site-packages/airflow/example_dags/example_setup_teardown_taskflow.py
[2024-12-22T02:12:05.199+0000] {processor.py:840} INFO - DAG(s) 'example_setup_teardown_taskflow' retrieved from /home/airflow/.local/lib/python3.12/site-packages/airflow/example_dags/example_setup_teardown_taskflow.py
[2024-12-22T02:12:05.214+0000] {logging_mixin.py:188} INFO - [2024-12-22T02:12:05.214+0000] {dag.py:3089} INFO - Sync 1 DAGs
[2024-12-22T02:12:05.226+0000] {logging_mixin.py:188} INFO - [2024-12-22T02:12:05.226+0000] {dag.py:3947} INFO - Setting next_dagrun for example_setup_teardown_taskflow to 2024-12-21 00:00:00+00:00, run_after=2024-12-22 00:00:00+00:00
[2024-12-22T02:12:05.237+0000] {processor.py:183} INFO - Processing /home/airflow/.local/lib/python3.12/site-packages/airflow/example_dags/example_setup_teardown_taskflow.py took 0.051 seconds
[2024-12-22T02:12:35.971+0000] {processor.py:161} INFO - Started process (PID=14445) to work on /home/airflow/.local/lib/python3.12/site-packages/airflow/example_dags/example_setup_teardown_taskflow.py
[2024-12-22T02:12:35.972+0000] {processor.py:830} INFO - Processing file /home/airflow/.local/lib/python3.12/site-packages/airflow/example_dags/example_setup_teardown_taskflow.py for tasks to queue
[2024-12-22T02:12:35.973+0000] {logging_mixin.py:188} INFO - [2024-12-22T02:12:35.973+0000] {dagbag.py:545} INFO - Filling up the DagBag from /home/airflow/.local/lib/python3.12/site-packages/airflow/example_dags/example_setup_teardown_taskflow.py
[2024-12-22T02:12:35.980+0000] {processor.py:840} INFO - DAG(s) 'example_setup_teardown_taskflow' retrieved from /home/airflow/.local/lib/python3.12/site-packages/airflow/example_dags/example_setup_teardown_taskflow.py
[2024-12-22T02:12:35.995+0000] {logging_mixin.py:188} INFO - [2024-12-22T02:12:35.995+0000] {dag.py:3089} INFO - Sync 1 DAGs
[2024-12-22T02:12:36.008+0000] {logging_mixin.py:188} INFO - [2024-12-22T02:12:36.008+0000] {dag.py:3947} INFO - Setting next_dagrun for example_setup_teardown_taskflow to 2024-12-21 00:00:00+00:00, run_after=2024-12-22 00:00:00+00:00
[2024-12-22T02:12:36.020+0000] {processor.py:183} INFO - Processing /home/airflow/.local/lib/python3.12/site-packages/airflow/example_dags/example_setup_teardown_taskflow.py took 0.053 seconds
[2024-12-22T02:13:06.521+0000] {processor.py:161} INFO - Started process (PID=14722) to work on /home/airflow/.local/lib/python3.12/site-packages/airflow/example_dags/example_setup_teardown_taskflow.py
[2024-12-22T02:13:06.522+0000] {processor.py:830} INFO - Processing file /home/airflow/.local/lib/python3.12/site-packages/airflow/example_dags/example_setup_teardown_taskflow.py for tasks to queue
[2024-12-22T02:13:06.523+0000] {logging_mixin.py:188} INFO - [2024-12-22T02:13:06.523+0000] {dagbag.py:545} INFO - Filling up the DagBag from /home/airflow/.local/lib/python3.12/site-packages/airflow/example_dags/example_setup_teardown_taskflow.py
[2024-12-22T02:13:06.530+0000] {processor.py:840} INFO - DAG(s) 'example_setup_teardown_taskflow' retrieved from /home/airflow/.local/lib/python3.12/site-packages/airflow/example_dags/example_setup_teardown_taskflow.py
[2024-12-22T02:13:06.547+0000] {logging_mixin.py:188} INFO - [2024-12-22T02:13:06.547+0000] {dag.py:3089} INFO - Sync 1 DAGs
[2024-12-22T02:13:06.559+0000] {logging_mixin.py:188} INFO - [2024-12-22T02:13:06.558+0000] {dag.py:3947} INFO - Setting next_dagrun for example_setup_teardown_taskflow to 2024-12-21 00:00:00+00:00, run_after=2024-12-22 00:00:00+00:00
[2024-12-22T02:13:06.568+0000] {processor.py:183} INFO - Processing /home/airflow/.local/lib/python3.12/site-packages/airflow/example_dags/example_setup_teardown_taskflow.py took 0.051 seconds
[2024-12-22T02:13:37.021+0000] {processor.py:161} INFO - Started process (PID=14999) to work on /home/airflow/.local/lib/python3.12/site-packages/airflow/example_dags/example_setup_teardown_taskflow.py
[2024-12-22T02:13:37.022+0000] {processor.py:830} INFO - Processing file /home/airflow/.local/lib/python3.12/site-packages/airflow/example_dags/example_setup_teardown_taskflow.py for tasks to queue
[2024-12-22T02:13:37.023+0000] {logging_mixin.py:188} INFO - [2024-12-22T02:13:37.023+0000] {dagbag.py:545} INFO - Filling up the DagBag from /home/airflow/.local/lib/python3.12/site-packages/airflow/example_dags/example_setup_teardown_taskflow.py
[2024-12-22T02:13:37.029+0000] {processor.py:840} INFO - DAG(s) 'example_setup_teardown_taskflow' retrieved from /home/airflow/.local/lib/python3.12/site-packages/airflow/example_dags/example_setup_teardown_taskflow.py
[2024-12-22T02:13:37.043+0000] {logging_mixin.py:188} INFO - [2024-12-22T02:13:37.043+0000] {dag.py:3089} INFO - Sync 1 DAGs
[2024-12-22T02:13:37.054+0000] {logging_mixin.py:188} INFO - [2024-12-22T02:13:37.054+0000] {dag.py:3947} INFO - Setting next_dagrun for example_setup_teardown_taskflow to 2024-12-21 00:00:00+00:00, run_after=2024-12-22 00:00:00+00:00
[2024-12-22T02:13:37.065+0000] {processor.py:183} INFO - Processing /home/airflow/.local/lib/python3.12/site-packages/airflow/example_dags/example_setup_teardown_taskflow.py took 0.048 seconds
[2024-12-22T02:14:10.456+0000] {processor.py:161} INFO - Started process (PID=15276) to work on /home/airflow/.local/lib/python3.12/site-packages/airflow/example_dags/example_setup_teardown_taskflow.py
[2024-12-22T02:14:10.457+0000] {processor.py:830} INFO - Processing file /home/airflow/.local/lib/python3.12/site-packages/airflow/example_dags/example_setup_teardown_taskflow.py for tasks to queue
[2024-12-22T02:14:10.458+0000] {logging_mixin.py:188} INFO - [2024-12-22T02:14:10.458+0000] {dagbag.py:545} INFO - Filling up the DagBag from /home/airflow/.local/lib/python3.12/site-packages/airflow/example_dags/example_setup_teardown_taskflow.py
[2024-12-22T02:14:10.464+0000] {processor.py:840} INFO - DAG(s) 'example_setup_teardown_taskflow' retrieved from /home/airflow/.local/lib/python3.12/site-packages/airflow/example_dags/example_setup_teardown_taskflow.py
[2024-12-22T02:14:10.480+0000] {logging_mixin.py:188} INFO - [2024-12-22T02:14:10.480+0000] {dag.py:3089} INFO - Sync 1 DAGs
[2024-12-22T02:14:10.493+0000] {logging_mixin.py:188} INFO - [2024-12-22T02:14:10.492+0000] {dag.py:3947} INFO - Setting next_dagrun for example_setup_teardown_taskflow to 2024-12-21 00:00:00+00:00, run_after=2024-12-22 00:00:00+00:00
[2024-12-22T02:14:10.504+0000] {processor.py:183} INFO - Processing /home/airflow/.local/lib/python3.12/site-packages/airflow/example_dags/example_setup_teardown_taskflow.py took 0.051 seconds
[2024-12-22T02:14:41.779+0000] {processor.py:161} INFO - Started process (PID=15554) to work on /home/airflow/.local/lib/python3.12/site-packages/airflow/example_dags/example_setup_teardown_taskflow.py
[2024-12-22T02:14:41.781+0000] {processor.py:830} INFO - Processing file /home/airflow/.local/lib/python3.12/site-packages/airflow/example_dags/example_setup_teardown_taskflow.py for tasks to queue
[2024-12-22T02:14:41.783+0000] {logging_mixin.py:188} INFO - [2024-12-22T02:14:41.782+0000] {dagbag.py:545} INFO - Filling up the DagBag from /home/airflow/.local/lib/python3.12/site-packages/airflow/example_dags/example_setup_teardown_taskflow.py
[2024-12-22T02:14:41.788+0000] {processor.py:840} INFO - DAG(s) 'example_setup_teardown_taskflow' retrieved from /home/airflow/.local/lib/python3.12/site-packages/airflow/example_dags/example_setup_teardown_taskflow.py
[2024-12-22T02:14:41.803+0000] {logging_mixin.py:188} INFO - [2024-12-22T02:14:41.803+0000] {dag.py:3089} INFO - Sync 1 DAGs
[2024-12-22T02:14:41.816+0000] {logging_mixin.py:188} INFO - [2024-12-22T02:14:41.816+0000] {dag.py:3947} INFO - Setting next_dagrun for example_setup_teardown_taskflow to 2024-12-21 00:00:00+00:00, run_after=2024-12-22 00:00:00+00:00
[2024-12-22T02:14:41.828+0000] {processor.py:183} INFO - Processing /home/airflow/.local/lib/python3.12/site-packages/airflow/example_dags/example_setup_teardown_taskflow.py took 0.053 seconds
[2024-12-22T02:15:12.970+0000] {processor.py:161} INFO - Started process (PID=15832) to work on /home/airflow/.local/lib/python3.12/site-packages/airflow/example_dags/example_setup_teardown_taskflow.py
[2024-12-22T02:15:12.973+0000] {processor.py:830} INFO - Processing file /home/airflow/.local/lib/python3.12/site-packages/airflow/example_dags/example_setup_teardown_taskflow.py for tasks to queue
[2024-12-22T02:15:12.974+0000] {logging_mixin.py:188} INFO - [2024-12-22T02:15:12.974+0000] {dagbag.py:545} INFO - Filling up the DagBag from /home/airflow/.local/lib/python3.12/site-packages/airflow/example_dags/example_setup_teardown_taskflow.py
[2024-12-22T02:15:12.980+0000] {processor.py:840} INFO - DAG(s) 'example_setup_teardown_taskflow' retrieved from /home/airflow/.local/lib/python3.12/site-packages/airflow/example_dags/example_setup_teardown_taskflow.py
[2024-12-22T02:15:13.002+0000] {logging_mixin.py:188} INFO - [2024-12-22T02:15:13.001+0000] {dag.py:3089} INFO - Sync 1 DAGs
[2024-12-22T02:15:13.017+0000] {logging_mixin.py:188} INFO - [2024-12-22T02:15:13.016+0000] {dag.py:3947} INFO - Setting next_dagrun for example_setup_teardown_taskflow to 2024-12-21 00:00:00+00:00, run_after=2024-12-22 00:00:00+00:00
[2024-12-22T02:15:13.029+0000] {processor.py:183} INFO - Processing /home/airflow/.local/lib/python3.12/site-packages/airflow/example_dags/example_setup_teardown_taskflow.py took 0.065 seconds
[2024-12-22T02:15:43.578+0000] {processor.py:161} INFO - Started process (PID=16107) to work on /home/airflow/.local/lib/python3.12/site-packages/airflow/example_dags/example_setup_teardown_taskflow.py
[2024-12-22T02:15:43.579+0000] {processor.py:830} INFO - Processing file /home/airflow/.local/lib/python3.12/site-packages/airflow/example_dags/example_setup_teardown_taskflow.py for tasks to queue
[2024-12-22T02:15:43.580+0000] {logging_mixin.py:188} INFO - [2024-12-22T02:15:43.580+0000] {dagbag.py:545} INFO - Filling up the DagBag from /home/airflow/.local/lib/python3.12/site-packages/airflow/example_dags/example_setup_teardown_taskflow.py
[2024-12-22T02:15:43.590+0000] {processor.py:840} INFO - DAG(s) 'example_setup_teardown_taskflow' retrieved from /home/airflow/.local/lib/python3.12/site-packages/airflow/example_dags/example_setup_teardown_taskflow.py
[2024-12-22T02:15:43.607+0000] {logging_mixin.py:188} INFO - [2024-12-22T02:15:43.606+0000] {dag.py:3089} INFO - Sync 1 DAGs
[2024-12-22T02:15:43.620+0000] {logging_mixin.py:188} INFO - [2024-12-22T02:15:43.620+0000] {dag.py:3947} INFO - Setting next_dagrun for example_setup_teardown_taskflow to 2024-12-21 00:00:00+00:00, run_after=2024-12-22 00:00:00+00:00
[2024-12-22T02:15:43.632+0000] {processor.py:183} INFO - Processing /home/airflow/.local/lib/python3.12/site-packages/airflow/example_dags/example_setup_teardown_taskflow.py took 0.058 seconds
[2024-12-22T02:16:14.540+0000] {processor.py:161} INFO - Started process (PID=16384) to work on /home/airflow/.local/lib/python3.12/site-packages/airflow/example_dags/example_setup_teardown_taskflow.py
[2024-12-22T02:16:14.541+0000] {processor.py:830} INFO - Processing file /home/airflow/.local/lib/python3.12/site-packages/airflow/example_dags/example_setup_teardown_taskflow.py for tasks to queue
[2024-12-22T02:16:14.542+0000] {logging_mixin.py:188} INFO - [2024-12-22T02:16:14.542+0000] {dagbag.py:545} INFO - Filling up the DagBag from /home/airflow/.local/lib/python3.12/site-packages/airflow/example_dags/example_setup_teardown_taskflow.py
[2024-12-22T02:16:14.547+0000] {processor.py:840} INFO - DAG(s) 'example_setup_teardown_taskflow' retrieved from /home/airflow/.local/lib/python3.12/site-packages/airflow/example_dags/example_setup_teardown_taskflow.py
[2024-12-22T02:16:14.560+0000] {logging_mixin.py:188} INFO - [2024-12-22T02:16:14.560+0000] {dag.py:3089} INFO - Sync 1 DAGs
[2024-12-22T02:16:14.573+0000] {logging_mixin.py:188} INFO - [2024-12-22T02:16:14.573+0000] {dag.py:3947} INFO - Setting next_dagrun for example_setup_teardown_taskflow to 2024-12-21 00:00:00+00:00, run_after=2024-12-22 00:00:00+00:00
[2024-12-22T02:16:14.585+0000] {processor.py:183} INFO - Processing /home/airflow/.local/lib/python3.12/site-packages/airflow/example_dags/example_setup_teardown_taskflow.py took 0.048 seconds
[2024-12-22T02:16:45.939+0000] {processor.py:161} INFO - Started process (PID=16661) to work on /home/airflow/.local/lib/python3.12/site-packages/airflow/example_dags/example_setup_teardown_taskflow.py
[2024-12-22T02:16:45.939+0000] {processor.py:830} INFO - Processing file /home/airflow/.local/lib/python3.12/site-packages/airflow/example_dags/example_setup_teardown_taskflow.py for tasks to queue
[2024-12-22T02:16:45.941+0000] {logging_mixin.py:188} INFO - [2024-12-22T02:16:45.940+0000] {dagbag.py:545} INFO - Filling up the DagBag from /home/airflow/.local/lib/python3.12/site-packages/airflow/example_dags/example_setup_teardown_taskflow.py
[2024-12-22T02:16:45.946+0000] {processor.py:840} INFO - DAG(s) 'example_setup_teardown_taskflow' retrieved from /home/airflow/.local/lib/python3.12/site-packages/airflow/example_dags/example_setup_teardown_taskflow.py
[2024-12-22T02:16:45.960+0000] {logging_mixin.py:188} INFO - [2024-12-22T02:16:45.959+0000] {dag.py:3089} INFO - Sync 1 DAGs
[2024-12-22T02:16:45.970+0000] {logging_mixin.py:188} INFO - [2024-12-22T02:16:45.970+0000] {dag.py:3947} INFO - Setting next_dagrun for example_setup_teardown_taskflow to 2024-12-21 00:00:00+00:00, run_after=2024-12-22 00:00:00+00:00
[2024-12-22T02:16:45.981+0000] {processor.py:183} INFO - Processing /home/airflow/.local/lib/python3.12/site-packages/airflow/example_dags/example_setup_teardown_taskflow.py took 0.046 seconds
[2024-12-22T02:17:19.437+0000] {processor.py:161} INFO - Started process (PID=16938) to work on /home/airflow/.local/lib/python3.12/site-packages/airflow/example_dags/example_setup_teardown_taskflow.py
[2024-12-22T02:17:19.438+0000] {processor.py:830} INFO - Processing file /home/airflow/.local/lib/python3.12/site-packages/airflow/example_dags/example_setup_teardown_taskflow.py for tasks to queue
[2024-12-22T02:17:19.439+0000] {logging_mixin.py:188} INFO - [2024-12-22T02:17:19.439+0000] {dagbag.py:545} INFO - Filling up the DagBag from /home/airflow/.local/lib/python3.12/site-packages/airflow/example_dags/example_setup_teardown_taskflow.py
[2024-12-22T02:17:19.444+0000] {processor.py:840} INFO - DAG(s) 'example_setup_teardown_taskflow' retrieved from /home/airflow/.local/lib/python3.12/site-packages/airflow/example_dags/example_setup_teardown_taskflow.py
[2024-12-22T02:17:19.459+0000] {logging_mixin.py:188} INFO - [2024-12-22T02:17:19.459+0000] {dag.py:3089} INFO - Sync 1 DAGs
[2024-12-22T02:17:19.470+0000] {logging_mixin.py:188} INFO - [2024-12-22T02:17:19.470+0000] {dag.py:3947} INFO - Setting next_dagrun for example_setup_teardown_taskflow to 2024-12-21 00:00:00+00:00, run_after=2024-12-22 00:00:00+00:00
[2024-12-22T02:17:19.481+0000] {processor.py:183} INFO - Processing /home/airflow/.local/lib/python3.12/site-packages/airflow/example_dags/example_setup_teardown_taskflow.py took 0.048 seconds
[2024-12-22T02:17:49.747+0000] {processor.py:161} INFO - Started process (PID=17217) to work on /home/airflow/.local/lib/python3.12/site-packages/airflow/example_dags/example_setup_teardown_taskflow.py
[2024-12-22T02:17:49.747+0000] {processor.py:830} INFO - Processing file /home/airflow/.local/lib/python3.12/site-packages/airflow/example_dags/example_setup_teardown_taskflow.py for tasks to queue
[2024-12-22T02:17:49.749+0000] {logging_mixin.py:188} INFO - [2024-12-22T02:17:49.748+0000] {dagbag.py:545} INFO - Filling up the DagBag from /home/airflow/.local/lib/python3.12/site-packages/airflow/example_dags/example_setup_teardown_taskflow.py
[2024-12-22T02:17:49.754+0000] {processor.py:840} INFO - DAG(s) 'example_setup_teardown_taskflow' retrieved from /home/airflow/.local/lib/python3.12/site-packages/airflow/example_dags/example_setup_teardown_taskflow.py
[2024-12-22T02:17:49.768+0000] {logging_mixin.py:188} INFO - [2024-12-22T02:17:49.768+0000] {dag.py:3089} INFO - Sync 1 DAGs
[2024-12-22T02:17:49.781+0000] {logging_mixin.py:188} INFO - [2024-12-22T02:17:49.781+0000] {dag.py:3947} INFO - Setting next_dagrun for example_setup_teardown_taskflow to 2024-12-21 00:00:00+00:00, run_after=2024-12-22 00:00:00+00:00
[2024-12-22T02:17:49.792+0000] {processor.py:183} INFO - Processing /home/airflow/.local/lib/python3.12/site-packages/airflow/example_dags/example_setup_teardown_taskflow.py took 0.050 seconds
[2024-12-22T02:18:20.812+0000] {processor.py:161} INFO - Started process (PID=17492) to work on /home/airflow/.local/lib/python3.12/site-packages/airflow/example_dags/example_setup_teardown_taskflow.py
[2024-12-22T02:18:20.812+0000] {processor.py:830} INFO - Processing file /home/airflow/.local/lib/python3.12/site-packages/airflow/example_dags/example_setup_teardown_taskflow.py for tasks to queue
[2024-12-22T02:18:20.814+0000] {logging_mixin.py:188} INFO - [2024-12-22T02:18:20.814+0000] {dagbag.py:545} INFO - Filling up the DagBag from /home/airflow/.local/lib/python3.12/site-packages/airflow/example_dags/example_setup_teardown_taskflow.py
[2024-12-22T02:18:20.820+0000] {processor.py:840} INFO - DAG(s) 'example_setup_teardown_taskflow' retrieved from /home/airflow/.local/lib/python3.12/site-packages/airflow/example_dags/example_setup_teardown_taskflow.py
[2024-12-22T02:18:20.837+0000] {logging_mixin.py:188} INFO - [2024-12-22T02:18:20.837+0000] {dag.py:3089} INFO - Sync 1 DAGs
[2024-12-22T02:18:20.850+0000] {logging_mixin.py:188} INFO - [2024-12-22T02:18:20.850+0000] {dag.py:3947} INFO - Setting next_dagrun for example_setup_teardown_taskflow to 2024-12-21 00:00:00+00:00, run_after=2024-12-22 00:00:00+00:00
[2024-12-22T02:18:20.862+0000] {processor.py:183} INFO - Processing /home/airflow/.local/lib/python3.12/site-packages/airflow/example_dags/example_setup_teardown_taskflow.py took 0.055 seconds
[2024-12-22T02:18:51.581+0000] {processor.py:161} INFO - Started process (PID=17769) to work on /home/airflow/.local/lib/python3.12/site-packages/airflow/example_dags/example_setup_teardown_taskflow.py
[2024-12-22T02:18:51.581+0000] {processor.py:830} INFO - Processing file /home/airflow/.local/lib/python3.12/site-packages/airflow/example_dags/example_setup_teardown_taskflow.py for tasks to queue
[2024-12-22T02:18:51.583+0000] {logging_mixin.py:188} INFO - [2024-12-22T02:18:51.582+0000] {dagbag.py:545} INFO - Filling up the DagBag from /home/airflow/.local/lib/python3.12/site-packages/airflow/example_dags/example_setup_teardown_taskflow.py
[2024-12-22T02:18:51.588+0000] {processor.py:840} INFO - DAG(s) 'example_setup_teardown_taskflow' retrieved from /home/airflow/.local/lib/python3.12/site-packages/airflow/example_dags/example_setup_teardown_taskflow.py
[2024-12-22T02:18:51.601+0000] {logging_mixin.py:188} INFO - [2024-12-22T02:18:51.601+0000] {dag.py:3089} INFO - Sync 1 DAGs
[2024-12-22T02:18:51.614+0000] {logging_mixin.py:188} INFO - [2024-12-22T02:18:51.614+0000] {dag.py:3947} INFO - Setting next_dagrun for example_setup_teardown_taskflow to 2024-12-21 00:00:00+00:00, run_after=2024-12-22 00:00:00+00:00
[2024-12-22T02:18:51.624+0000] {processor.py:183} INFO - Processing /home/airflow/.local/lib/python3.12/site-packages/airflow/example_dags/example_setup_teardown_taskflow.py took 0.047 seconds
[2024-12-22T02:19:39.566+0000] {processor.py:161} INFO - Started process (PID=18053) to work on /home/airflow/.local/lib/python3.12/site-packages/airflow/example_dags/example_setup_teardown_taskflow.py
[2024-12-22T02:19:39.567+0000] {processor.py:830} INFO - Processing file /home/airflow/.local/lib/python3.12/site-packages/airflow/example_dags/example_setup_teardown_taskflow.py for tasks to queue
[2024-12-22T02:19:39.568+0000] {logging_mixin.py:188} INFO - [2024-12-22T02:19:39.568+0000] {dagbag.py:545} INFO - Filling up the DagBag from /home/airflow/.local/lib/python3.12/site-packages/airflow/example_dags/example_setup_teardown_taskflow.py
[2024-12-22T02:19:39.574+0000] {processor.py:840} INFO - DAG(s) 'example_setup_teardown_taskflow' retrieved from /home/airflow/.local/lib/python3.12/site-packages/airflow/example_dags/example_setup_teardown_taskflow.py
[2024-12-22T02:19:39.587+0000] {logging_mixin.py:188} INFO - [2024-12-22T02:19:39.587+0000] {dag.py:3089} INFO - Sync 1 DAGs
[2024-12-22T02:19:39.600+0000] {logging_mixin.py:188} INFO - [2024-12-22T02:19:39.599+0000] {dag.py:3947} INFO - Setting next_dagrun for example_setup_teardown_taskflow to 2024-12-21 00:00:00+00:00, run_after=2024-12-22 00:00:00+00:00
[2024-12-22T02:19:39.611+0000] {processor.py:183} INFO - Processing /home/airflow/.local/lib/python3.12/site-packages/airflow/example_dags/example_setup_teardown_taskflow.py took 0.049 seconds
[2024-12-22T02:20:09.757+0000] {processor.py:161} INFO - Started process (PID=18330) to work on /home/airflow/.local/lib/python3.12/site-packages/airflow/example_dags/example_setup_teardown_taskflow.py
[2024-12-22T02:20:09.757+0000] {processor.py:830} INFO - Processing file /home/airflow/.local/lib/python3.12/site-packages/airflow/example_dags/example_setup_teardown_taskflow.py for tasks to queue
[2024-12-22T02:20:09.759+0000] {logging_mixin.py:188} INFO - [2024-12-22T02:20:09.759+0000] {dagbag.py:545} INFO - Filling up the DagBag from /home/airflow/.local/lib/python3.12/site-packages/airflow/example_dags/example_setup_teardown_taskflow.py
[2024-12-22T02:20:09.765+0000] {processor.py:840} INFO - DAG(s) 'example_setup_teardown_taskflow' retrieved from /home/airflow/.local/lib/python3.12/site-packages/airflow/example_dags/example_setup_teardown_taskflow.py
[2024-12-22T02:20:09.781+0000] {logging_mixin.py:188} INFO - [2024-12-22T02:20:09.781+0000] {dag.py:3089} INFO - Sync 1 DAGs
[2024-12-22T02:20:09.799+0000] {logging_mixin.py:188} INFO - [2024-12-22T02:20:09.799+0000] {dag.py:3947} INFO - Setting next_dagrun for example_setup_teardown_taskflow to 2024-12-21 00:00:00+00:00, run_after=2024-12-22 00:00:00+00:00
[2024-12-22T02:20:09.813+0000] {processor.py:183} INFO - Processing /home/airflow/.local/lib/python3.12/site-packages/airflow/example_dags/example_setup_teardown_taskflow.py took 0.061 seconds
[2024-12-22T02:20:40.079+0000] {processor.py:161} INFO - Started process (PID=18601) to work on /home/airflow/.local/lib/python3.12/site-packages/airflow/example_dags/example_setup_teardown_taskflow.py
[2024-12-22T02:20:40.080+0000] {processor.py:830} INFO - Processing file /home/airflow/.local/lib/python3.12/site-packages/airflow/example_dags/example_setup_teardown_taskflow.py for tasks to queue
[2024-12-22T02:20:40.082+0000] {logging_mixin.py:188} INFO - [2024-12-22T02:20:40.082+0000] {dagbag.py:545} INFO - Filling up the DagBag from /home/airflow/.local/lib/python3.12/site-packages/airflow/example_dags/example_setup_teardown_taskflow.py
[2024-12-22T02:20:40.087+0000] {processor.py:840} INFO - DAG(s) 'example_setup_teardown_taskflow' retrieved from /home/airflow/.local/lib/python3.12/site-packages/airflow/example_dags/example_setup_teardown_taskflow.py
[2024-12-22T02:20:40.102+0000] {logging_mixin.py:188} INFO - [2024-12-22T02:20:40.102+0000] {dag.py:3089} INFO - Sync 1 DAGs
[2024-12-22T02:20:40.115+0000] {logging_mixin.py:188} INFO - [2024-12-22T02:20:40.115+0000] {dag.py:3947} INFO - Setting next_dagrun for example_setup_teardown_taskflow to 2024-12-21 00:00:00+00:00, run_after=2024-12-22 00:00:00+00:00
[2024-12-22T02:20:40.126+0000] {processor.py:183} INFO - Processing /home/airflow/.local/lib/python3.12/site-packages/airflow/example_dags/example_setup_teardown_taskflow.py took 0.051 seconds
[2024-12-22T02:21:11.123+0000] {processor.py:161} INFO - Started process (PID=18878) to work on /home/airflow/.local/lib/python3.12/site-packages/airflow/example_dags/example_setup_teardown_taskflow.py
[2024-12-22T02:21:11.124+0000] {processor.py:830} INFO - Processing file /home/airflow/.local/lib/python3.12/site-packages/airflow/example_dags/example_setup_teardown_taskflow.py for tasks to queue
[2024-12-22T02:21:11.125+0000] {logging_mixin.py:188} INFO - [2024-12-22T02:21:11.125+0000] {dagbag.py:545} INFO - Filling up the DagBag from /home/airflow/.local/lib/python3.12/site-packages/airflow/example_dags/example_setup_teardown_taskflow.py
[2024-12-22T02:21:11.132+0000] {processor.py:840} INFO - DAG(s) 'example_setup_teardown_taskflow' retrieved from /home/airflow/.local/lib/python3.12/site-packages/airflow/example_dags/example_setup_teardown_taskflow.py
[2024-12-22T02:21:11.150+0000] {logging_mixin.py:188} INFO - [2024-12-22T02:21:11.150+0000] {dag.py:3089} INFO - Sync 1 DAGs
[2024-12-22T02:21:11.168+0000] {logging_mixin.py:188} INFO - [2024-12-22T02:21:11.168+0000] {dag.py:3947} INFO - Setting next_dagrun for example_setup_teardown_taskflow to 2024-12-21 00:00:00+00:00, run_after=2024-12-22 00:00:00+00:00
[2024-12-22T02:21:11.183+0000] {processor.py:183} INFO - Processing /home/airflow/.local/lib/python3.12/site-packages/airflow/example_dags/example_setup_teardown_taskflow.py took 0.065 seconds
[2024-12-22T02:21:42.118+0000] {processor.py:161} INFO - Started process (PID=19155) to work on /home/airflow/.local/lib/python3.12/site-packages/airflow/example_dags/example_setup_teardown_taskflow.py
[2024-12-22T02:21:42.118+0000] {processor.py:830} INFO - Processing file /home/airflow/.local/lib/python3.12/site-packages/airflow/example_dags/example_setup_teardown_taskflow.py for tasks to queue
[2024-12-22T02:21:42.120+0000] {logging_mixin.py:188} INFO - [2024-12-22T02:21:42.119+0000] {dagbag.py:545} INFO - Filling up the DagBag from /home/airflow/.local/lib/python3.12/site-packages/airflow/example_dags/example_setup_teardown_taskflow.py
[2024-12-22T02:21:42.125+0000] {processor.py:840} INFO - DAG(s) 'example_setup_teardown_taskflow' retrieved from /home/airflow/.local/lib/python3.12/site-packages/airflow/example_dags/example_setup_teardown_taskflow.py
[2024-12-22T02:21:42.139+0000] {logging_mixin.py:188} INFO - [2024-12-22T02:21:42.139+0000] {dag.py:3089} INFO - Sync 1 DAGs
[2024-12-22T02:21:42.152+0000] {logging_mixin.py:188} INFO - [2024-12-22T02:21:42.152+0000] {dag.py:3947} INFO - Setting next_dagrun for example_setup_teardown_taskflow to 2024-12-21 00:00:00+00:00, run_after=2024-12-22 00:00:00+00:00
[2024-12-22T02:21:42.163+0000] {processor.py:183} INFO - Processing /home/airflow/.local/lib/python3.12/site-packages/airflow/example_dags/example_setup_teardown_taskflow.py took 0.050 seconds
[2024-12-22T02:22:12.321+0000] {processor.py:161} INFO - Started process (PID=19432) to work on /home/airflow/.local/lib/python3.12/site-packages/airflow/example_dags/example_setup_teardown_taskflow.py
[2024-12-22T02:22:12.321+0000] {processor.py:830} INFO - Processing file /home/airflow/.local/lib/python3.12/site-packages/airflow/example_dags/example_setup_teardown_taskflow.py for tasks to queue
[2024-12-22T02:22:12.322+0000] {logging_mixin.py:188} INFO - [2024-12-22T02:22:12.322+0000] {dagbag.py:545} INFO - Filling up the DagBag from /home/airflow/.local/lib/python3.12/site-packages/airflow/example_dags/example_setup_teardown_taskflow.py
[2024-12-22T02:22:12.327+0000] {processor.py:840} INFO - DAG(s) 'example_setup_teardown_taskflow' retrieved from /home/airflow/.local/lib/python3.12/site-packages/airflow/example_dags/example_setup_teardown_taskflow.py
[2024-12-22T02:22:12.352+0000] {logging_mixin.py:188} INFO - [2024-12-22T02:22:12.352+0000] {dag.py:3089} INFO - Sync 1 DAGs
[2024-12-22T02:22:12.364+0000] {logging_mixin.py:188} INFO - [2024-12-22T02:22:12.364+0000] {dag.py:3947} INFO - Setting next_dagrun for example_setup_teardown_taskflow to 2024-12-21 00:00:00+00:00, run_after=2024-12-22 00:00:00+00:00
[2024-12-22T02:22:12.375+0000] {processor.py:183} INFO - Processing /home/airflow/.local/lib/python3.12/site-packages/airflow/example_dags/example_setup_teardown_taskflow.py took 0.059 seconds
[2024-12-22T02:22:42.946+0000] {processor.py:161} INFO - Started process (PID=19709) to work on /home/airflow/.local/lib/python3.12/site-packages/airflow/example_dags/example_setup_teardown_taskflow.py
[2024-12-22T02:22:42.947+0000] {processor.py:830} INFO - Processing file /home/airflow/.local/lib/python3.12/site-packages/airflow/example_dags/example_setup_teardown_taskflow.py for tasks to queue
[2024-12-22T02:22:42.949+0000] {logging_mixin.py:188} INFO - [2024-12-22T02:22:42.948+0000] {dagbag.py:545} INFO - Filling up the DagBag from /home/airflow/.local/lib/python3.12/site-packages/airflow/example_dags/example_setup_teardown_taskflow.py
[2024-12-22T02:22:42.955+0000] {processor.py:840} INFO - DAG(s) 'example_setup_teardown_taskflow' retrieved from /home/airflow/.local/lib/python3.12/site-packages/airflow/example_dags/example_setup_teardown_taskflow.py
[2024-12-22T02:22:42.969+0000] {logging_mixin.py:188} INFO - [2024-12-22T02:22:42.969+0000] {dag.py:3089} INFO - Sync 1 DAGs
[2024-12-22T02:22:42.981+0000] {logging_mixin.py:188} INFO - [2024-12-22T02:22:42.981+0000] {dag.py:3947} INFO - Setting next_dagrun for example_setup_teardown_taskflow to 2024-12-21 00:00:00+00:00, run_after=2024-12-22 00:00:00+00:00
[2024-12-22T02:22:42.991+0000] {processor.py:183} INFO - Processing /home/airflow/.local/lib/python3.12/site-packages/airflow/example_dags/example_setup_teardown_taskflow.py took 0.049 seconds
[2024-12-22T02:23:13.426+0000] {processor.py:161} INFO - Started process (PID=19986) to work on /home/airflow/.local/lib/python3.12/site-packages/airflow/example_dags/example_setup_teardown_taskflow.py
[2024-12-22T02:23:13.427+0000] {processor.py:830} INFO - Processing file /home/airflow/.local/lib/python3.12/site-packages/airflow/example_dags/example_setup_teardown_taskflow.py for tasks to queue
[2024-12-22T02:23:13.429+0000] {logging_mixin.py:188} INFO - [2024-12-22T02:23:13.428+0000] {dagbag.py:545} INFO - Filling up the DagBag from /home/airflow/.local/lib/python3.12/site-packages/airflow/example_dags/example_setup_teardown_taskflow.py
[2024-12-22T02:23:13.434+0000] {processor.py:840} INFO - DAG(s) 'example_setup_teardown_taskflow' retrieved from /home/airflow/.local/lib/python3.12/site-packages/airflow/example_dags/example_setup_teardown_taskflow.py
[2024-12-22T02:23:13.449+0000] {logging_mixin.py:188} INFO - [2024-12-22T02:23:13.449+0000] {dag.py:3089} INFO - Sync 1 DAGs
[2024-12-22T02:23:13.462+0000] {logging_mixin.py:188} INFO - [2024-12-22T02:23:13.462+0000] {dag.py:3947} INFO - Setting next_dagrun for example_setup_teardown_taskflow to 2024-12-21 00:00:00+00:00, run_after=2024-12-22 00:00:00+00:00
[2024-12-22T02:23:13.474+0000] {processor.py:183} INFO - Processing /home/airflow/.local/lib/python3.12/site-packages/airflow/example_dags/example_setup_teardown_taskflow.py took 0.052 seconds
[2024-12-22T02:23:44.165+0000] {processor.py:161} INFO - Started process (PID=20263) to work on /home/airflow/.local/lib/python3.12/site-packages/airflow/example_dags/example_setup_teardown_taskflow.py
[2024-12-22T02:23:44.165+0000] {processor.py:830} INFO - Processing file /home/airflow/.local/lib/python3.12/site-packages/airflow/example_dags/example_setup_teardown_taskflow.py for tasks to queue
[2024-12-22T02:23:44.168+0000] {logging_mixin.py:188} INFO - [2024-12-22T02:23:44.167+0000] {dagbag.py:545} INFO - Filling up the DagBag from /home/airflow/.local/lib/python3.12/site-packages/airflow/example_dags/example_setup_teardown_taskflow.py
[2024-12-22T02:23:44.175+0000] {processor.py:840} INFO - DAG(s) 'example_setup_teardown_taskflow' retrieved from /home/airflow/.local/lib/python3.12/site-packages/airflow/example_dags/example_setup_teardown_taskflow.py
[2024-12-22T02:23:44.191+0000] {logging_mixin.py:188} INFO - [2024-12-22T02:23:44.191+0000] {dag.py:3089} INFO - Sync 1 DAGs
[2024-12-22T02:23:44.206+0000] {logging_mixin.py:188} INFO - [2024-12-22T02:23:44.206+0000] {dag.py:3947} INFO - Setting next_dagrun for example_setup_teardown_taskflow to 2024-12-21 00:00:00+00:00, run_after=2024-12-22 00:00:00+00:00
[2024-12-22T02:23:44.217+0000] {processor.py:183} INFO - Processing /home/airflow/.local/lib/python3.12/site-packages/airflow/example_dags/example_setup_teardown_taskflow.py took 0.057 seconds
[2024-12-22T02:24:14.660+0000] {processor.py:161} INFO - Started process (PID=20540) to work on /home/airflow/.local/lib/python3.12/site-packages/airflow/example_dags/example_setup_teardown_taskflow.py
[2024-12-22T02:24:14.661+0000] {processor.py:830} INFO - Processing file /home/airflow/.local/lib/python3.12/site-packages/airflow/example_dags/example_setup_teardown_taskflow.py for tasks to queue
[2024-12-22T02:24:14.662+0000] {logging_mixin.py:188} INFO - [2024-12-22T02:24:14.662+0000] {dagbag.py:545} INFO - Filling up the DagBag from /home/airflow/.local/lib/python3.12/site-packages/airflow/example_dags/example_setup_teardown_taskflow.py
[2024-12-22T02:24:14.668+0000] {processor.py:840} INFO - DAG(s) 'example_setup_teardown_taskflow' retrieved from /home/airflow/.local/lib/python3.12/site-packages/airflow/example_dags/example_setup_teardown_taskflow.py
[2024-12-22T02:24:14.683+0000] {logging_mixin.py:188} INFO - [2024-12-22T02:24:14.683+0000] {dag.py:3089} INFO - Sync 1 DAGs
[2024-12-22T02:24:14.695+0000] {logging_mixin.py:188} INFO - [2024-12-22T02:24:14.695+0000] {dag.py:3947} INFO - Setting next_dagrun for example_setup_teardown_taskflow to 2024-12-21 00:00:00+00:00, run_after=2024-12-22 00:00:00+00:00
[2024-12-22T02:24:14.706+0000] {processor.py:183} INFO - Processing /home/airflow/.local/lib/python3.12/site-packages/airflow/example_dags/example_setup_teardown_taskflow.py took 0.050 seconds
[2024-12-22T02:24:45.517+0000] {processor.py:161} INFO - Started process (PID=20817) to work on /home/airflow/.local/lib/python3.12/site-packages/airflow/example_dags/example_setup_teardown_taskflow.py
[2024-12-22T02:24:45.518+0000] {processor.py:830} INFO - Processing file /home/airflow/.local/lib/python3.12/site-packages/airflow/example_dags/example_setup_teardown_taskflow.py for tasks to queue
[2024-12-22T02:24:45.519+0000] {logging_mixin.py:188} INFO - [2024-12-22T02:24:45.519+0000] {dagbag.py:545} INFO - Filling up the DagBag from /home/airflow/.local/lib/python3.12/site-packages/airflow/example_dags/example_setup_teardown_taskflow.py
[2024-12-22T02:24:45.525+0000] {processor.py:840} INFO - DAG(s) 'example_setup_teardown_taskflow' retrieved from /home/airflow/.local/lib/python3.12/site-packages/airflow/example_dags/example_setup_teardown_taskflow.py
[2024-12-22T02:24:45.540+0000] {logging_mixin.py:188} INFO - [2024-12-22T02:24:45.539+0000] {dag.py:3089} INFO - Sync 1 DAGs
[2024-12-22T02:24:45.552+0000] {logging_mixin.py:188} INFO - [2024-12-22T02:24:45.552+0000] {dag.py:3947} INFO - Setting next_dagrun for example_setup_teardown_taskflow to 2024-12-21 00:00:00+00:00, run_after=2024-12-22 00:00:00+00:00
[2024-12-22T02:24:45.562+0000] {processor.py:183} INFO - Processing /home/airflow/.local/lib/python3.12/site-packages/airflow/example_dags/example_setup_teardown_taskflow.py took 0.050 seconds
[2024-12-22T02:25:15.902+0000] {processor.py:161} INFO - Started process (PID=21094) to work on /home/airflow/.local/lib/python3.12/site-packages/airflow/example_dags/example_setup_teardown_taskflow.py
[2024-12-22T02:25:15.903+0000] {processor.py:830} INFO - Processing file /home/airflow/.local/lib/python3.12/site-packages/airflow/example_dags/example_setup_teardown_taskflow.py for tasks to queue
[2024-12-22T02:25:15.904+0000] {logging_mixin.py:188} INFO - [2024-12-22T02:25:15.904+0000] {dagbag.py:545} INFO - Filling up the DagBag from /home/airflow/.local/lib/python3.12/site-packages/airflow/example_dags/example_setup_teardown_taskflow.py
[2024-12-22T02:25:15.910+0000] {processor.py:840} INFO - DAG(s) 'example_setup_teardown_taskflow' retrieved from /home/airflow/.local/lib/python3.12/site-packages/airflow/example_dags/example_setup_teardown_taskflow.py
[2024-12-22T02:25:15.923+0000] {logging_mixin.py:188} INFO - [2024-12-22T02:25:15.923+0000] {dag.py:3089} INFO - Sync 1 DAGs
[2024-12-22T02:25:15.935+0000] {logging_mixin.py:188} INFO - [2024-12-22T02:25:15.935+0000] {dag.py:3947} INFO - Setting next_dagrun for example_setup_teardown_taskflow to 2024-12-21 00:00:00+00:00, run_after=2024-12-22 00:00:00+00:00
[2024-12-22T02:25:15.946+0000] {processor.py:183} INFO - Processing /home/airflow/.local/lib/python3.12/site-packages/airflow/example_dags/example_setup_teardown_taskflow.py took 0.049 seconds
[2024-12-22T02:25:46.188+0000] {processor.py:161} INFO - Started process (PID=21372) to work on /home/airflow/.local/lib/python3.12/site-packages/airflow/example_dags/example_setup_teardown_taskflow.py
[2024-12-22T02:25:46.189+0000] {processor.py:830} INFO - Processing file /home/airflow/.local/lib/python3.12/site-packages/airflow/example_dags/example_setup_teardown_taskflow.py for tasks to queue
[2024-12-22T02:25:46.190+0000] {logging_mixin.py:188} INFO - [2024-12-22T02:25:46.190+0000] {dagbag.py:545} INFO - Filling up the DagBag from /home/airflow/.local/lib/python3.12/site-packages/airflow/example_dags/example_setup_teardown_taskflow.py
[2024-12-22T02:25:46.195+0000] {processor.py:840} INFO - DAG(s) 'example_setup_teardown_taskflow' retrieved from /home/airflow/.local/lib/python3.12/site-packages/airflow/example_dags/example_setup_teardown_taskflow.py
[2024-12-22T02:25:46.209+0000] {logging_mixin.py:188} INFO - [2024-12-22T02:25:46.209+0000] {dag.py:3089} INFO - Sync 1 DAGs
[2024-12-22T02:25:46.221+0000] {logging_mixin.py:188} INFO - [2024-12-22T02:25:46.221+0000] {dag.py:3947} INFO - Setting next_dagrun for example_setup_teardown_taskflow to 2024-12-21 00:00:00+00:00, run_after=2024-12-22 00:00:00+00:00
[2024-12-22T02:25:46.233+0000] {processor.py:183} INFO - Processing /home/airflow/.local/lib/python3.12/site-packages/airflow/example_dags/example_setup_teardown_taskflow.py took 0.048 seconds
[2024-12-22T02:26:16.634+0000] {processor.py:161} INFO - Started process (PID=21651) to work on /home/airflow/.local/lib/python3.12/site-packages/airflow/example_dags/example_setup_teardown_taskflow.py
[2024-12-22T02:26:16.635+0000] {processor.py:830} INFO - Processing file /home/airflow/.local/lib/python3.12/site-packages/airflow/example_dags/example_setup_teardown_taskflow.py for tasks to queue
[2024-12-22T02:26:16.636+0000] {logging_mixin.py:188} INFO - [2024-12-22T02:26:16.636+0000] {dagbag.py:545} INFO - Filling up the DagBag from /home/airflow/.local/lib/python3.12/site-packages/airflow/example_dags/example_setup_teardown_taskflow.py
[2024-12-22T02:26:16.643+0000] {processor.py:840} INFO - DAG(s) 'example_setup_teardown_taskflow' retrieved from /home/airflow/.local/lib/python3.12/site-packages/airflow/example_dags/example_setup_teardown_taskflow.py
[2024-12-22T02:26:16.658+0000] {logging_mixin.py:188} INFO - [2024-12-22T02:26:16.658+0000] {dag.py:3089} INFO - Sync 1 DAGs
[2024-12-22T02:26:16.681+0000] {logging_mixin.py:188} INFO - [2024-12-22T02:26:16.681+0000] {dag.py:3947} INFO - Setting next_dagrun for example_setup_teardown_taskflow to 2024-12-21 00:00:00+00:00, run_after=2024-12-22 00:00:00+00:00
[2024-12-22T02:26:16.692+0000] {processor.py:183} INFO - Processing /home/airflow/.local/lib/python3.12/site-packages/airflow/example_dags/example_setup_teardown_taskflow.py took 0.062 seconds
[2024-12-22T02:26:47.617+0000] {processor.py:161} INFO - Started process (PID=21926) to work on /home/airflow/.local/lib/python3.12/site-packages/airflow/example_dags/example_setup_teardown_taskflow.py
[2024-12-22T02:26:47.618+0000] {processor.py:830} INFO - Processing file /home/airflow/.local/lib/python3.12/site-packages/airflow/example_dags/example_setup_teardown_taskflow.py for tasks to queue
[2024-12-22T02:26:47.620+0000] {logging_mixin.py:188} INFO - [2024-12-22T02:26:47.620+0000] {dagbag.py:545} INFO - Filling up the DagBag from /home/airflow/.local/lib/python3.12/site-packages/airflow/example_dags/example_setup_teardown_taskflow.py
[2024-12-22T02:26:47.626+0000] {processor.py:840} INFO - DAG(s) 'example_setup_teardown_taskflow' retrieved from /home/airflow/.local/lib/python3.12/site-packages/airflow/example_dags/example_setup_teardown_taskflow.py
[2024-12-22T02:26:47.641+0000] {logging_mixin.py:188} INFO - [2024-12-22T02:26:47.640+0000] {dag.py:3089} INFO - Sync 1 DAGs
[2024-12-22T02:26:47.654+0000] {logging_mixin.py:188} INFO - [2024-12-22T02:26:47.654+0000] {dag.py:3947} INFO - Setting next_dagrun for example_setup_teardown_taskflow to 2024-12-21 00:00:00+00:00, run_after=2024-12-22 00:00:00+00:00
[2024-12-22T02:26:47.665+0000] {processor.py:183} INFO - Processing /home/airflow/.local/lib/python3.12/site-packages/airflow/example_dags/example_setup_teardown_taskflow.py took 0.052 seconds
[2024-12-22T02:27:18.436+0000] {processor.py:161} INFO - Started process (PID=22205) to work on /home/airflow/.local/lib/python3.12/site-packages/airflow/example_dags/example_setup_teardown_taskflow.py
[2024-12-22T02:27:18.437+0000] {processor.py:830} INFO - Processing file /home/airflow/.local/lib/python3.12/site-packages/airflow/example_dags/example_setup_teardown_taskflow.py for tasks to queue
[2024-12-22T02:27:18.439+0000] {logging_mixin.py:188} INFO - [2024-12-22T02:27:18.438+0000] {dagbag.py:545} INFO - Filling up the DagBag from /home/airflow/.local/lib/python3.12/site-packages/airflow/example_dags/example_setup_teardown_taskflow.py
[2024-12-22T02:27:18.445+0000] {processor.py:840} INFO - DAG(s) 'example_setup_teardown_taskflow' retrieved from /home/airflow/.local/lib/python3.12/site-packages/airflow/example_dags/example_setup_teardown_taskflow.py
[2024-12-22T02:27:18.459+0000] {logging_mixin.py:188} INFO - [2024-12-22T02:27:18.459+0000] {dag.py:3089} INFO - Sync 1 DAGs
[2024-12-22T02:27:18.473+0000] {logging_mixin.py:188} INFO - [2024-12-22T02:27:18.473+0000] {dag.py:3947} INFO - Setting next_dagrun for example_setup_teardown_taskflow to 2024-12-21 00:00:00+00:00, run_after=2024-12-22 00:00:00+00:00
[2024-12-22T02:27:18.484+0000] {processor.py:183} INFO - Processing /home/airflow/.local/lib/python3.12/site-packages/airflow/example_dags/example_setup_teardown_taskflow.py took 0.051 seconds
[2024-12-22T02:27:48.773+0000] {processor.py:161} INFO - Started process (PID=22480) to work on /home/airflow/.local/lib/python3.12/site-packages/airflow/example_dags/example_setup_teardown_taskflow.py
[2024-12-22T02:27:48.774+0000] {processor.py:830} INFO - Processing file /home/airflow/.local/lib/python3.12/site-packages/airflow/example_dags/example_setup_teardown_taskflow.py for tasks to queue
[2024-12-22T02:27:48.775+0000] {logging_mixin.py:188} INFO - [2024-12-22T02:27:48.775+0000] {dagbag.py:545} INFO - Filling up the DagBag from /home/airflow/.local/lib/python3.12/site-packages/airflow/example_dags/example_setup_teardown_taskflow.py
[2024-12-22T02:27:48.781+0000] {processor.py:840} INFO - DAG(s) 'example_setup_teardown_taskflow' retrieved from /home/airflow/.local/lib/python3.12/site-packages/airflow/example_dags/example_setup_teardown_taskflow.py
[2024-12-22T02:27:48.795+0000] {logging_mixin.py:188} INFO - [2024-12-22T02:27:48.795+0000] {dag.py:3089} INFO - Sync 1 DAGs
[2024-12-22T02:27:48.806+0000] {logging_mixin.py:188} INFO - [2024-12-22T02:27:48.806+0000] {dag.py:3947} INFO - Setting next_dagrun for example_setup_teardown_taskflow to 2024-12-21 00:00:00+00:00, run_after=2024-12-22 00:00:00+00:00
[2024-12-22T02:27:48.817+0000] {processor.py:183} INFO - Processing /home/airflow/.local/lib/python3.12/site-packages/airflow/example_dags/example_setup_teardown_taskflow.py took 0.047 seconds
[2024-12-22T02:28:19.233+0000] {processor.py:161} INFO - Started process (PID=22757) to work on /home/airflow/.local/lib/python3.12/site-packages/airflow/example_dags/example_setup_teardown_taskflow.py
[2024-12-22T02:28:19.234+0000] {processor.py:830} INFO - Processing file /home/airflow/.local/lib/python3.12/site-packages/airflow/example_dags/example_setup_teardown_taskflow.py for tasks to queue
[2024-12-22T02:28:19.235+0000] {logging_mixin.py:188} INFO - [2024-12-22T02:28:19.235+0000] {dagbag.py:545} INFO - Filling up the DagBag from /home/airflow/.local/lib/python3.12/site-packages/airflow/example_dags/example_setup_teardown_taskflow.py
[2024-12-22T02:28:19.240+0000] {processor.py:840} INFO - DAG(s) 'example_setup_teardown_taskflow' retrieved from /home/airflow/.local/lib/python3.12/site-packages/airflow/example_dags/example_setup_teardown_taskflow.py
[2024-12-22T02:28:19.254+0000] {logging_mixin.py:188} INFO - [2024-12-22T02:28:19.254+0000] {dag.py:3089} INFO - Sync 1 DAGs
[2024-12-22T02:28:19.267+0000] {logging_mixin.py:188} INFO - [2024-12-22T02:28:19.267+0000] {dag.py:3947} INFO - Setting next_dagrun for example_setup_teardown_taskflow to 2024-12-21 00:00:00+00:00, run_after=2024-12-22 00:00:00+00:00
[2024-12-22T02:28:19.279+0000] {processor.py:183} INFO - Processing /home/airflow/.local/lib/python3.12/site-packages/airflow/example_dags/example_setup_teardown_taskflow.py took 0.050 seconds
[2024-12-22T02:28:52.856+0000] {processor.py:161} INFO - Started process (PID=23034) to work on /home/airflow/.local/lib/python3.12/site-packages/airflow/example_dags/example_setup_teardown_taskflow.py
[2024-12-22T02:28:52.856+0000] {processor.py:830} INFO - Processing file /home/airflow/.local/lib/python3.12/site-packages/airflow/example_dags/example_setup_teardown_taskflow.py for tasks to queue
[2024-12-22T02:28:52.857+0000] {logging_mixin.py:188} INFO - [2024-12-22T02:28:52.857+0000] {dagbag.py:545} INFO - Filling up the DagBag from /home/airflow/.local/lib/python3.12/site-packages/airflow/example_dags/example_setup_teardown_taskflow.py
[2024-12-22T02:28:52.863+0000] {processor.py:840} INFO - DAG(s) 'example_setup_teardown_taskflow' retrieved from /home/airflow/.local/lib/python3.12/site-packages/airflow/example_dags/example_setup_teardown_taskflow.py
[2024-12-22T02:28:52.882+0000] {logging_mixin.py:188} INFO - [2024-12-22T02:28:52.882+0000] {dag.py:3089} INFO - Sync 1 DAGs
[2024-12-22T02:28:52.895+0000] {logging_mixin.py:188} INFO - [2024-12-22T02:28:52.894+0000] {dag.py:3947} INFO - Setting next_dagrun for example_setup_teardown_taskflow to 2024-12-21 00:00:00+00:00, run_after=2024-12-22 00:00:00+00:00
[2024-12-22T02:28:52.905+0000] {processor.py:183} INFO - Processing /home/airflow/.local/lib/python3.12/site-packages/airflow/example_dags/example_setup_teardown_taskflow.py took 0.053 seconds
[2024-12-22T02:29:38.611+0000] {processor.py:161} INFO - Started process (PID=23311) to work on /home/airflow/.local/lib/python3.12/site-packages/airflow/example_dags/example_setup_teardown_taskflow.py
[2024-12-22T02:29:38.612+0000] {processor.py:830} INFO - Processing file /home/airflow/.local/lib/python3.12/site-packages/airflow/example_dags/example_setup_teardown_taskflow.py for tasks to queue
[2024-12-22T02:29:38.615+0000] {logging_mixin.py:188} INFO - [2024-12-22T02:29:38.615+0000] {dagbag.py:545} INFO - Filling up the DagBag from /home/airflow/.local/lib/python3.12/site-packages/airflow/example_dags/example_setup_teardown_taskflow.py
[2024-12-22T02:29:38.633+0000] {processor.py:840} INFO - DAG(s) 'example_setup_teardown_taskflow' retrieved from /home/airflow/.local/lib/python3.12/site-packages/airflow/example_dags/example_setup_teardown_taskflow.py
[2024-12-22T02:29:38.649+0000] {logging_mixin.py:188} INFO - [2024-12-22T02:29:38.649+0000] {dag.py:3089} INFO - Sync 1 DAGs
[2024-12-22T02:29:38.661+0000] {logging_mixin.py:188} INFO - [2024-12-22T02:29:38.661+0000] {dag.py:3947} INFO - Setting next_dagrun for example_setup_teardown_taskflow to 2024-12-21 00:00:00+00:00, run_after=2024-12-22 00:00:00+00:00
[2024-12-22T02:29:38.673+0000] {processor.py:183} INFO - Processing /home/airflow/.local/lib/python3.12/site-packages/airflow/example_dags/example_setup_teardown_taskflow.py took 0.066 seconds
[2024-12-22T02:30:09.195+0000] {processor.py:161} INFO - Started process (PID=23594) to work on /home/airflow/.local/lib/python3.12/site-packages/airflow/example_dags/example_setup_teardown_taskflow.py
[2024-12-22T02:30:09.196+0000] {processor.py:830} INFO - Processing file /home/airflow/.local/lib/python3.12/site-packages/airflow/example_dags/example_setup_teardown_taskflow.py for tasks to queue
[2024-12-22T02:30:09.197+0000] {logging_mixin.py:188} INFO - [2024-12-22T02:30:09.197+0000] {dagbag.py:545} INFO - Filling up the DagBag from /home/airflow/.local/lib/python3.12/site-packages/airflow/example_dags/example_setup_teardown_taskflow.py
[2024-12-22T02:30:09.204+0000] {processor.py:840} INFO - DAG(s) 'example_setup_teardown_taskflow' retrieved from /home/airflow/.local/lib/python3.12/site-packages/airflow/example_dags/example_setup_teardown_taskflow.py
[2024-12-22T02:30:09.220+0000] {logging_mixin.py:188} INFO - [2024-12-22T02:30:09.220+0000] {dag.py:3089} INFO - Sync 1 DAGs
[2024-12-22T02:30:09.233+0000] {logging_mixin.py:188} INFO - [2024-12-22T02:30:09.233+0000] {dag.py:3947} INFO - Setting next_dagrun for example_setup_teardown_taskflow to 2024-12-21 00:00:00+00:00, run_after=2024-12-22 00:00:00+00:00
[2024-12-22T02:30:09.244+0000] {processor.py:183} INFO - Processing /home/airflow/.local/lib/python3.12/site-packages/airflow/example_dags/example_setup_teardown_taskflow.py took 0.055 seconds
[2024-12-22T02:30:39.402+0000] {processor.py:161} INFO - Started process (PID=23865) to work on /home/airflow/.local/lib/python3.12/site-packages/airflow/example_dags/example_setup_teardown_taskflow.py
[2024-12-22T02:30:39.402+0000] {processor.py:830} INFO - Processing file /home/airflow/.local/lib/python3.12/site-packages/airflow/example_dags/example_setup_teardown_taskflow.py for tasks to queue
[2024-12-22T02:30:39.403+0000] {logging_mixin.py:188} INFO - [2024-12-22T02:30:39.403+0000] {dagbag.py:545} INFO - Filling up the DagBag from /home/airflow/.local/lib/python3.12/site-packages/airflow/example_dags/example_setup_teardown_taskflow.py
[2024-12-22T02:30:39.409+0000] {processor.py:840} INFO - DAG(s) 'example_setup_teardown_taskflow' retrieved from /home/airflow/.local/lib/python3.12/site-packages/airflow/example_dags/example_setup_teardown_taskflow.py
[2024-12-22T02:30:39.423+0000] {logging_mixin.py:188} INFO - [2024-12-22T02:30:39.423+0000] {dag.py:3089} INFO - Sync 1 DAGs
[2024-12-22T02:30:39.437+0000] {logging_mixin.py:188} INFO - [2024-12-22T02:30:39.437+0000] {dag.py:3947} INFO - Setting next_dagrun for example_setup_teardown_taskflow to 2024-12-21 00:00:00+00:00, run_after=2024-12-22 00:00:00+00:00
[2024-12-22T02:30:39.451+0000] {processor.py:183} INFO - Processing /home/airflow/.local/lib/python3.12/site-packages/airflow/example_dags/example_setup_teardown_taskflow.py took 0.054 seconds
[2024-12-22T02:31:09.876+0000] {processor.py:161} INFO - Started process (PID=24143) to work on /home/airflow/.local/lib/python3.12/site-packages/airflow/example_dags/example_setup_teardown_taskflow.py
[2024-12-22T02:31:09.877+0000] {processor.py:830} INFO - Processing file /home/airflow/.local/lib/python3.12/site-packages/airflow/example_dags/example_setup_teardown_taskflow.py for tasks to queue
[2024-12-22T02:31:09.878+0000] {logging_mixin.py:188} INFO - [2024-12-22T02:31:09.878+0000] {dagbag.py:545} INFO - Filling up the DagBag from /home/airflow/.local/lib/python3.12/site-packages/airflow/example_dags/example_setup_teardown_taskflow.py
[2024-12-22T02:31:09.884+0000] {processor.py:840} INFO - DAG(s) 'example_setup_teardown_taskflow' retrieved from /home/airflow/.local/lib/python3.12/site-packages/airflow/example_dags/example_setup_teardown_taskflow.py
[2024-12-22T02:31:09.898+0000] {logging_mixin.py:188} INFO - [2024-12-22T02:31:09.898+0000] {dag.py:3089} INFO - Sync 1 DAGs
[2024-12-22T02:31:09.910+0000] {logging_mixin.py:188} INFO - [2024-12-22T02:31:09.910+0000] {dag.py:3947} INFO - Setting next_dagrun for example_setup_teardown_taskflow to 2024-12-21 00:00:00+00:00, run_after=2024-12-22 00:00:00+00:00
[2024-12-22T02:31:09.921+0000] {processor.py:183} INFO - Processing /home/airflow/.local/lib/python3.12/site-packages/airflow/example_dags/example_setup_teardown_taskflow.py took 0.048 seconds
[2024-12-22T02:31:40.302+0000] {processor.py:161} INFO - Started process (PID=24421) to work on /home/airflow/.local/lib/python3.12/site-packages/airflow/example_dags/example_setup_teardown_taskflow.py
[2024-12-22T02:31:40.303+0000] {processor.py:830} INFO - Processing file /home/airflow/.local/lib/python3.12/site-packages/airflow/example_dags/example_setup_teardown_taskflow.py for tasks to queue
[2024-12-22T02:31:40.304+0000] {logging_mixin.py:188} INFO - [2024-12-22T02:31:40.304+0000] {dagbag.py:545} INFO - Filling up the DagBag from /home/airflow/.local/lib/python3.12/site-packages/airflow/example_dags/example_setup_teardown_taskflow.py
[2024-12-22T02:31:40.309+0000] {processor.py:840} INFO - DAG(s) 'example_setup_teardown_taskflow' retrieved from /home/airflow/.local/lib/python3.12/site-packages/airflow/example_dags/example_setup_teardown_taskflow.py
[2024-12-22T02:31:40.323+0000] {logging_mixin.py:188} INFO - [2024-12-22T02:31:40.323+0000] {dag.py:3089} INFO - Sync 1 DAGs
[2024-12-22T02:31:40.334+0000] {logging_mixin.py:188} INFO - [2024-12-22T02:31:40.334+0000] {dag.py:3947} INFO - Setting next_dagrun for example_setup_teardown_taskflow to 2024-12-21 00:00:00+00:00, run_after=2024-12-22 00:00:00+00:00
[2024-12-22T02:31:40.346+0000] {processor.py:183} INFO - Processing /home/airflow/.local/lib/python3.12/site-packages/airflow/example_dags/example_setup_teardown_taskflow.py took 0.047 seconds
[2024-12-22T02:32:10.767+0000] {processor.py:161} INFO - Started process (PID=24696) to work on /home/airflow/.local/lib/python3.12/site-packages/airflow/example_dags/example_setup_teardown_taskflow.py
[2024-12-22T02:32:10.768+0000] {processor.py:830} INFO - Processing file /home/airflow/.local/lib/python3.12/site-packages/airflow/example_dags/example_setup_teardown_taskflow.py for tasks to queue
[2024-12-22T02:32:10.770+0000] {logging_mixin.py:188} INFO - [2024-12-22T02:32:10.769+0000] {dagbag.py:545} INFO - Filling up the DagBag from /home/airflow/.local/lib/python3.12/site-packages/airflow/example_dags/example_setup_teardown_taskflow.py
[2024-12-22T02:32:10.775+0000] {processor.py:840} INFO - DAG(s) 'example_setup_teardown_taskflow' retrieved from /home/airflow/.local/lib/python3.12/site-packages/airflow/example_dags/example_setup_teardown_taskflow.py
[2024-12-22T02:32:10.794+0000] {logging_mixin.py:188} INFO - [2024-12-22T02:32:10.794+0000] {dag.py:3089} INFO - Sync 1 DAGs
[2024-12-22T02:32:10.807+0000] {logging_mixin.py:188} INFO - [2024-12-22T02:32:10.807+0000] {dag.py:3947} INFO - Setting next_dagrun for example_setup_teardown_taskflow to 2024-12-21 00:00:00+00:00, run_after=2024-12-22 00:00:00+00:00
[2024-12-22T02:32:10.819+0000] {processor.py:183} INFO - Processing /home/airflow/.local/lib/python3.12/site-packages/airflow/example_dags/example_setup_teardown_taskflow.py took 0.057 seconds
[2024-12-22T02:32:41.115+0000] {processor.py:161} INFO - Started process (PID=24975) to work on /home/airflow/.local/lib/python3.12/site-packages/airflow/example_dags/example_setup_teardown_taskflow.py
[2024-12-22T02:32:41.116+0000] {processor.py:830} INFO - Processing file /home/airflow/.local/lib/python3.12/site-packages/airflow/example_dags/example_setup_teardown_taskflow.py for tasks to queue
[2024-12-22T02:32:41.117+0000] {logging_mixin.py:188} INFO - [2024-12-22T02:32:41.117+0000] {dagbag.py:545} INFO - Filling up the DagBag from /home/airflow/.local/lib/python3.12/site-packages/airflow/example_dags/example_setup_teardown_taskflow.py
[2024-12-22T02:32:41.125+0000] {processor.py:840} INFO - DAG(s) 'example_setup_teardown_taskflow' retrieved from /home/airflow/.local/lib/python3.12/site-packages/airflow/example_dags/example_setup_teardown_taskflow.py
[2024-12-22T02:32:41.143+0000] {logging_mixin.py:188} INFO - [2024-12-22T02:32:41.143+0000] {dag.py:3089} INFO - Sync 1 DAGs
[2024-12-22T02:32:41.158+0000] {logging_mixin.py:188} INFO - [2024-12-22T02:32:41.157+0000] {dag.py:3947} INFO - Setting next_dagrun for example_setup_teardown_taskflow to 2024-12-21 00:00:00+00:00, run_after=2024-12-22 00:00:00+00:00
[2024-12-22T02:32:41.168+0000] {processor.py:183} INFO - Processing /home/airflow/.local/lib/python3.12/site-packages/airflow/example_dags/example_setup_teardown_taskflow.py took 0.058 seconds
[2024-12-22T02:33:11.376+0000] {processor.py:161} INFO - Started process (PID=25257) to work on /home/airflow/.local/lib/python3.12/site-packages/airflow/example_dags/example_setup_teardown_taskflow.py
[2024-12-22T02:33:11.377+0000] {processor.py:830} INFO - Processing file /home/airflow/.local/lib/python3.12/site-packages/airflow/example_dags/example_setup_teardown_taskflow.py for tasks to queue
[2024-12-22T02:33:11.378+0000] {logging_mixin.py:188} INFO - [2024-12-22T02:33:11.378+0000] {dagbag.py:545} INFO - Filling up the DagBag from /home/airflow/.local/lib/python3.12/site-packages/airflow/example_dags/example_setup_teardown_taskflow.py
[2024-12-22T02:33:11.382+0000] {processor.py:840} INFO - DAG(s) 'example_setup_teardown_taskflow' retrieved from /home/airflow/.local/lib/python3.12/site-packages/airflow/example_dags/example_setup_teardown_taskflow.py
[2024-12-22T02:33:11.396+0000] {logging_mixin.py:188} INFO - [2024-12-22T02:33:11.396+0000] {dag.py:3089} INFO - Sync 1 DAGs
[2024-12-22T02:33:11.406+0000] {logging_mixin.py:188} INFO - [2024-12-22T02:33:11.406+0000] {dag.py:3947} INFO - Setting next_dagrun for example_setup_teardown_taskflow to 2024-12-21 00:00:00+00:00, run_after=2024-12-22 00:00:00+00:00
[2024-12-22T02:33:11.416+0000] {processor.py:183} INFO - Processing /home/airflow/.local/lib/python3.12/site-packages/airflow/example_dags/example_setup_teardown_taskflow.py took 0.044 seconds
[2024-12-22T02:33:41.762+0000] {processor.py:161} INFO - Started process (PID=25527) to work on /home/airflow/.local/lib/python3.12/site-packages/airflow/example_dags/example_setup_teardown_taskflow.py
[2024-12-22T02:33:41.762+0000] {processor.py:830} INFO - Processing file /home/airflow/.local/lib/python3.12/site-packages/airflow/example_dags/example_setup_teardown_taskflow.py for tasks to queue
[2024-12-22T02:33:41.764+0000] {logging_mixin.py:188} INFO - [2024-12-22T02:33:41.763+0000] {dagbag.py:545} INFO - Filling up the DagBag from /home/airflow/.local/lib/python3.12/site-packages/airflow/example_dags/example_setup_teardown_taskflow.py
[2024-12-22T02:33:41.769+0000] {processor.py:840} INFO - DAG(s) 'example_setup_teardown_taskflow' retrieved from /home/airflow/.local/lib/python3.12/site-packages/airflow/example_dags/example_setup_teardown_taskflow.py
[2024-12-22T02:33:41.782+0000] {logging_mixin.py:188} INFO - [2024-12-22T02:33:41.782+0000] {dag.py:3089} INFO - Sync 1 DAGs
[2024-12-22T02:33:41.793+0000] {logging_mixin.py:188} INFO - [2024-12-22T02:33:41.792+0000] {dag.py:3947} INFO - Setting next_dagrun for example_setup_teardown_taskflow to 2024-12-21 00:00:00+00:00, run_after=2024-12-22 00:00:00+00:00
[2024-12-22T02:33:41.806+0000] {processor.py:183} INFO - Processing /home/airflow/.local/lib/python3.12/site-packages/airflow/example_dags/example_setup_teardown_taskflow.py took 0.048 seconds
[2024-12-22T02:34:12.312+0000] {processor.py:161} INFO - Started process (PID=25804) to work on /home/airflow/.local/lib/python3.12/site-packages/airflow/example_dags/example_setup_teardown_taskflow.py
[2024-12-22T02:34:12.313+0000] {processor.py:830} INFO - Processing file /home/airflow/.local/lib/python3.12/site-packages/airflow/example_dags/example_setup_teardown_taskflow.py for tasks to queue
[2024-12-22T02:34:12.314+0000] {logging_mixin.py:188} INFO - [2024-12-22T02:34:12.314+0000] {dagbag.py:545} INFO - Filling up the DagBag from /home/airflow/.local/lib/python3.12/site-packages/airflow/example_dags/example_setup_teardown_taskflow.py
[2024-12-22T02:34:12.320+0000] {processor.py:840} INFO - DAG(s) 'example_setup_teardown_taskflow' retrieved from /home/airflow/.local/lib/python3.12/site-packages/airflow/example_dags/example_setup_teardown_taskflow.py
[2024-12-22T02:34:12.334+0000] {logging_mixin.py:188} INFO - [2024-12-22T02:34:12.334+0000] {dag.py:3089} INFO - Sync 1 DAGs
[2024-12-22T02:34:12.346+0000] {logging_mixin.py:188} INFO - [2024-12-22T02:34:12.346+0000] {dag.py:3947} INFO - Setting next_dagrun for example_setup_teardown_taskflow to 2024-12-21 00:00:00+00:00, run_after=2024-12-22 00:00:00+00:00
[2024-12-22T02:34:12.356+0000] {processor.py:183} INFO - Processing /home/airflow/.local/lib/python3.12/site-packages/airflow/example_dags/example_setup_teardown_taskflow.py took 0.048 seconds
[2024-12-22T02:34:42.605+0000] {processor.py:161} INFO - Started process (PID=26081) to work on /home/airflow/.local/lib/python3.12/site-packages/airflow/example_dags/example_setup_teardown_taskflow.py
[2024-12-22T02:34:42.606+0000] {processor.py:830} INFO - Processing file /home/airflow/.local/lib/python3.12/site-packages/airflow/example_dags/example_setup_teardown_taskflow.py for tasks to queue
[2024-12-22T02:34:42.607+0000] {logging_mixin.py:188} INFO - [2024-12-22T02:34:42.607+0000] {dagbag.py:545} INFO - Filling up the DagBag from /home/airflow/.local/lib/python3.12/site-packages/airflow/example_dags/example_setup_teardown_taskflow.py
[2024-12-22T02:34:42.613+0000] {processor.py:840} INFO - DAG(s) 'example_setup_teardown_taskflow' retrieved from /home/airflow/.local/lib/python3.12/site-packages/airflow/example_dags/example_setup_teardown_taskflow.py
[2024-12-22T02:34:42.627+0000] {logging_mixin.py:188} INFO - [2024-12-22T02:34:42.627+0000] {dag.py:3089} INFO - Sync 1 DAGs
[2024-12-22T02:34:42.640+0000] {logging_mixin.py:188} INFO - [2024-12-22T02:34:42.640+0000] {dag.py:3947} INFO - Setting next_dagrun for example_setup_teardown_taskflow to 2024-12-21 00:00:00+00:00, run_after=2024-12-22 00:00:00+00:00
[2024-12-22T02:34:42.653+0000] {processor.py:183} INFO - Processing /home/airflow/.local/lib/python3.12/site-packages/airflow/example_dags/example_setup_teardown_taskflow.py took 0.052 seconds
[2024-12-22T02:35:13.064+0000] {processor.py:161} INFO - Started process (PID=26359) to work on /home/airflow/.local/lib/python3.12/site-packages/airflow/example_dags/example_setup_teardown_taskflow.py
[2024-12-22T02:35:13.064+0000] {processor.py:830} INFO - Processing file /home/airflow/.local/lib/python3.12/site-packages/airflow/example_dags/example_setup_teardown_taskflow.py for tasks to queue
[2024-12-22T02:35:13.066+0000] {logging_mixin.py:188} INFO - [2024-12-22T02:35:13.066+0000] {dagbag.py:545} INFO - Filling up the DagBag from /home/airflow/.local/lib/python3.12/site-packages/airflow/example_dags/example_setup_teardown_taskflow.py
[2024-12-22T02:35:13.071+0000] {processor.py:840} INFO - DAG(s) 'example_setup_teardown_taskflow' retrieved from /home/airflow/.local/lib/python3.12/site-packages/airflow/example_dags/example_setup_teardown_taskflow.py
[2024-12-22T02:35:13.086+0000] {logging_mixin.py:188} INFO - [2024-12-22T02:35:13.086+0000] {dag.py:3089} INFO - Sync 1 DAGs
[2024-12-22T02:35:13.099+0000] {logging_mixin.py:188} INFO - [2024-12-22T02:35:13.099+0000] {dag.py:3947} INFO - Setting next_dagrun for example_setup_teardown_taskflow to 2024-12-21 00:00:00+00:00, run_after=2024-12-22 00:00:00+00:00
[2024-12-22T02:35:13.112+0000] {processor.py:183} INFO - Processing /home/airflow/.local/lib/python3.12/site-packages/airflow/example_dags/example_setup_teardown_taskflow.py took 0.052 seconds
[2024-12-22T02:35:43.304+0000] {processor.py:161} INFO - Started process (PID=26636) to work on /home/airflow/.local/lib/python3.12/site-packages/airflow/example_dags/example_setup_teardown_taskflow.py
[2024-12-22T02:35:43.305+0000] {processor.py:830} INFO - Processing file /home/airflow/.local/lib/python3.12/site-packages/airflow/example_dags/example_setup_teardown_taskflow.py for tasks to queue
[2024-12-22T02:35:43.306+0000] {logging_mixin.py:188} INFO - [2024-12-22T02:35:43.306+0000] {dagbag.py:545} INFO - Filling up the DagBag from /home/airflow/.local/lib/python3.12/site-packages/airflow/example_dags/example_setup_teardown_taskflow.py
[2024-12-22T02:35:43.311+0000] {processor.py:840} INFO - DAG(s) 'example_setup_teardown_taskflow' retrieved from /home/airflow/.local/lib/python3.12/site-packages/airflow/example_dags/example_setup_teardown_taskflow.py
[2024-12-22T02:35:43.327+0000] {logging_mixin.py:188} INFO - [2024-12-22T02:35:43.327+0000] {dag.py:3089} INFO - Sync 1 DAGs
[2024-12-22T02:35:43.339+0000] {logging_mixin.py:188} INFO - [2024-12-22T02:35:43.339+0000] {dag.py:3947} INFO - Setting next_dagrun for example_setup_teardown_taskflow to 2024-12-21 00:00:00+00:00, run_after=2024-12-22 00:00:00+00:00
[2024-12-22T02:35:43.352+0000] {processor.py:183} INFO - Processing /home/airflow/.local/lib/python3.12/site-packages/airflow/example_dags/example_setup_teardown_taskflow.py took 0.053 seconds
[2024-12-22T02:36:14.437+0000] {processor.py:161} INFO - Started process (PID=26913) to work on /home/airflow/.local/lib/python3.12/site-packages/airflow/example_dags/example_setup_teardown_taskflow.py
[2024-12-22T02:36:14.438+0000] {processor.py:830} INFO - Processing file /home/airflow/.local/lib/python3.12/site-packages/airflow/example_dags/example_setup_teardown_taskflow.py for tasks to queue
[2024-12-22T02:36:14.439+0000] {logging_mixin.py:188} INFO - [2024-12-22T02:36:14.439+0000] {dagbag.py:545} INFO - Filling up the DagBag from /home/airflow/.local/lib/python3.12/site-packages/airflow/example_dags/example_setup_teardown_taskflow.py
[2024-12-22T02:36:14.445+0000] {processor.py:840} INFO - DAG(s) 'example_setup_teardown_taskflow' retrieved from /home/airflow/.local/lib/python3.12/site-packages/airflow/example_dags/example_setup_teardown_taskflow.py
[2024-12-22T02:36:14.461+0000] {logging_mixin.py:188} INFO - [2024-12-22T02:36:14.461+0000] {dag.py:3089} INFO - Sync 1 DAGs
[2024-12-22T02:36:14.474+0000] {logging_mixin.py:188} INFO - [2024-12-22T02:36:14.474+0000] {dag.py:3947} INFO - Setting next_dagrun for example_setup_teardown_taskflow to 2024-12-21 00:00:00+00:00, run_after=2024-12-22 00:00:00+00:00
[2024-12-22T02:36:14.485+0000] {processor.py:183} INFO - Processing /home/airflow/.local/lib/python3.12/site-packages/airflow/example_dags/example_setup_teardown_taskflow.py took 0.052 seconds
[2024-12-22T02:36:44.597+0000] {processor.py:161} INFO - Started process (PID=27190) to work on /home/airflow/.local/lib/python3.12/site-packages/airflow/example_dags/example_setup_teardown_taskflow.py
[2024-12-22T02:36:44.598+0000] {processor.py:830} INFO - Processing file /home/airflow/.local/lib/python3.12/site-packages/airflow/example_dags/example_setup_teardown_taskflow.py for tasks to queue
[2024-12-22T02:36:44.600+0000] {logging_mixin.py:188} INFO - [2024-12-22T02:36:44.599+0000] {dagbag.py:545} INFO - Filling up the DagBag from /home/airflow/.local/lib/python3.12/site-packages/airflow/example_dags/example_setup_teardown_taskflow.py
[2024-12-22T02:36:44.606+0000] {processor.py:840} INFO - DAG(s) 'example_setup_teardown_taskflow' retrieved from /home/airflow/.local/lib/python3.12/site-packages/airflow/example_dags/example_setup_teardown_taskflow.py
[2024-12-22T02:36:44.621+0000] {logging_mixin.py:188} INFO - [2024-12-22T02:36:44.621+0000] {dag.py:3089} INFO - Sync 1 DAGs
[2024-12-22T02:36:44.634+0000] {logging_mixin.py:188} INFO - [2024-12-22T02:36:44.634+0000] {dag.py:3947} INFO - Setting next_dagrun for example_setup_teardown_taskflow to 2024-12-21 00:00:00+00:00, run_after=2024-12-22 00:00:00+00:00
[2024-12-22T02:36:44.647+0000] {processor.py:183} INFO - Processing /home/airflow/.local/lib/python3.12/site-packages/airflow/example_dags/example_setup_teardown_taskflow.py took 0.054 seconds
[2024-12-22T02:37:15.141+0000] {processor.py:161} INFO - Started process (PID=27469) to work on /home/airflow/.local/lib/python3.12/site-packages/airflow/example_dags/example_setup_teardown_taskflow.py
[2024-12-22T02:37:15.142+0000] {processor.py:830} INFO - Processing file /home/airflow/.local/lib/python3.12/site-packages/airflow/example_dags/example_setup_teardown_taskflow.py for tasks to queue
[2024-12-22T02:37:15.144+0000] {logging_mixin.py:188} INFO - [2024-12-22T02:37:15.143+0000] {dagbag.py:545} INFO - Filling up the DagBag from /home/airflow/.local/lib/python3.12/site-packages/airflow/example_dags/example_setup_teardown_taskflow.py
[2024-12-22T02:37:15.149+0000] {processor.py:840} INFO - DAG(s) 'example_setup_teardown_taskflow' retrieved from /home/airflow/.local/lib/python3.12/site-packages/airflow/example_dags/example_setup_teardown_taskflow.py
[2024-12-22T02:37:15.164+0000] {logging_mixin.py:188} INFO - [2024-12-22T02:37:15.164+0000] {dag.py:3089} INFO - Sync 1 DAGs
[2024-12-22T02:37:15.178+0000] {logging_mixin.py:188} INFO - [2024-12-22T02:37:15.178+0000] {dag.py:3947} INFO - Setting next_dagrun for example_setup_teardown_taskflow to 2024-12-21 00:00:00+00:00, run_after=2024-12-22 00:00:00+00:00
[2024-12-22T02:37:15.189+0000] {processor.py:183} INFO - Processing /home/airflow/.local/lib/python3.12/site-packages/airflow/example_dags/example_setup_teardown_taskflow.py took 0.051 seconds
[2024-12-22T02:37:47.860+0000] {processor.py:161} INFO - Started process (PID=27746) to work on /home/airflow/.local/lib/python3.12/site-packages/airflow/example_dags/example_setup_teardown_taskflow.py
[2024-12-22T02:37:47.861+0000] {processor.py:830} INFO - Processing file /home/airflow/.local/lib/python3.12/site-packages/airflow/example_dags/example_setup_teardown_taskflow.py for tasks to queue
[2024-12-22T02:37:47.862+0000] {logging_mixin.py:188} INFO - [2024-12-22T02:37:47.861+0000] {dagbag.py:545} INFO - Filling up the DagBag from /home/airflow/.local/lib/python3.12/site-packages/airflow/example_dags/example_setup_teardown_taskflow.py
[2024-12-22T02:37:47.866+0000] {processor.py:840} INFO - DAG(s) 'example_setup_teardown_taskflow' retrieved from /home/airflow/.local/lib/python3.12/site-packages/airflow/example_dags/example_setup_teardown_taskflow.py
[2024-12-22T02:37:47.879+0000] {logging_mixin.py:188} INFO - [2024-12-22T02:37:47.879+0000] {dag.py:3089} INFO - Sync 1 DAGs
[2024-12-22T02:37:47.890+0000] {logging_mixin.py:188} INFO - [2024-12-22T02:37:47.890+0000] {dag.py:3947} INFO - Setting next_dagrun for example_setup_teardown_taskflow to 2024-12-21 00:00:00+00:00, run_after=2024-12-22 00:00:00+00:00
[2024-12-22T02:37:47.900+0000] {processor.py:183} INFO - Processing /home/airflow/.local/lib/python3.12/site-packages/airflow/example_dags/example_setup_teardown_taskflow.py took 0.044 seconds
[2024-12-22T02:38:20.596+0000] {processor.py:161} INFO - Started process (PID=28021) to work on /home/airflow/.local/lib/python3.12/site-packages/airflow/example_dags/example_setup_teardown_taskflow.py
[2024-12-22T02:38:20.597+0000] {processor.py:830} INFO - Processing file /home/airflow/.local/lib/python3.12/site-packages/airflow/example_dags/example_setup_teardown_taskflow.py for tasks to queue
[2024-12-22T02:38:20.598+0000] {logging_mixin.py:188} INFO - [2024-12-22T02:38:20.598+0000] {dagbag.py:545} INFO - Filling up the DagBag from /home/airflow/.local/lib/python3.12/site-packages/airflow/example_dags/example_setup_teardown_taskflow.py
[2024-12-22T02:38:20.604+0000] {processor.py:840} INFO - DAG(s) 'example_setup_teardown_taskflow' retrieved from /home/airflow/.local/lib/python3.12/site-packages/airflow/example_dags/example_setup_teardown_taskflow.py
[2024-12-22T02:38:20.620+0000] {logging_mixin.py:188} INFO - [2024-12-22T02:38:20.620+0000] {dag.py:3089} INFO - Sync 1 DAGs
[2024-12-22T02:38:20.632+0000] {logging_mixin.py:188} INFO - [2024-12-22T02:38:20.632+0000] {dag.py:3947} INFO - Setting next_dagrun for example_setup_teardown_taskflow to 2024-12-21 00:00:00+00:00, run_after=2024-12-22 00:00:00+00:00
[2024-12-22T02:38:20.644+0000] {processor.py:183} INFO - Processing /home/airflow/.local/lib/python3.12/site-packages/airflow/example_dags/example_setup_teardown_taskflow.py took 0.054 seconds
[2024-12-22T02:38:52.022+0000] {processor.py:161} INFO - Started process (PID=28298) to work on /home/airflow/.local/lib/python3.12/site-packages/airflow/example_dags/example_setup_teardown_taskflow.py
[2024-12-22T02:38:52.023+0000] {processor.py:830} INFO - Processing file /home/airflow/.local/lib/python3.12/site-packages/airflow/example_dags/example_setup_teardown_taskflow.py for tasks to queue
[2024-12-22T02:38:52.025+0000] {logging_mixin.py:188} INFO - [2024-12-22T02:38:52.025+0000] {dagbag.py:545} INFO - Filling up the DagBag from /home/airflow/.local/lib/python3.12/site-packages/airflow/example_dags/example_setup_teardown_taskflow.py
[2024-12-22T02:38:52.032+0000] {processor.py:840} INFO - DAG(s) 'example_setup_teardown_taskflow' retrieved from /home/airflow/.local/lib/python3.12/site-packages/airflow/example_dags/example_setup_teardown_taskflow.py
[2024-12-22T02:38:52.050+0000] {logging_mixin.py:188} INFO - [2024-12-22T02:38:52.049+0000] {dag.py:3089} INFO - Sync 1 DAGs
[2024-12-22T02:38:52.063+0000] {logging_mixin.py:188} INFO - [2024-12-22T02:38:52.063+0000] {dag.py:3947} INFO - Setting next_dagrun for example_setup_teardown_taskflow to 2024-12-21 00:00:00+00:00, run_after=2024-12-22 00:00:00+00:00
[2024-12-22T02:38:52.078+0000] {processor.py:183} INFO - Processing /home/airflow/.local/lib/python3.12/site-packages/airflow/example_dags/example_setup_teardown_taskflow.py took 0.062 seconds
[2024-12-22T02:39:22.723+0000] {processor.py:161} INFO - Started process (PID=28575) to work on /home/airflow/.local/lib/python3.12/site-packages/airflow/example_dags/example_setup_teardown_taskflow.py
[2024-12-22T02:39:22.725+0000] {processor.py:830} INFO - Processing file /home/airflow/.local/lib/python3.12/site-packages/airflow/example_dags/example_setup_teardown_taskflow.py for tasks to queue
[2024-12-22T02:39:22.727+0000] {logging_mixin.py:188} INFO - [2024-12-22T02:39:22.727+0000] {dagbag.py:545} INFO - Filling up the DagBag from /home/airflow/.local/lib/python3.12/site-packages/airflow/example_dags/example_setup_teardown_taskflow.py
[2024-12-22T02:39:22.733+0000] {processor.py:840} INFO - DAG(s) 'example_setup_teardown_taskflow' retrieved from /home/airflow/.local/lib/python3.12/site-packages/airflow/example_dags/example_setup_teardown_taskflow.py
[2024-12-22T02:39:22.747+0000] {logging_mixin.py:188} INFO - [2024-12-22T02:39:22.747+0000] {dag.py:3089} INFO - Sync 1 DAGs
[2024-12-22T02:39:22.761+0000] {logging_mixin.py:188} INFO - [2024-12-22T02:39:22.760+0000] {dag.py:3947} INFO - Setting next_dagrun for example_setup_teardown_taskflow to 2024-12-21 00:00:00+00:00, run_after=2024-12-22 00:00:00+00:00
[2024-12-22T02:39:22.773+0000] {processor.py:183} INFO - Processing /home/airflow/.local/lib/python3.12/site-packages/airflow/example_dags/example_setup_teardown_taskflow.py took 0.054 seconds
[2024-12-22T02:39:53.437+0000] {processor.py:161} INFO - Started process (PID=28855) to work on /home/airflow/.local/lib/python3.12/site-packages/airflow/example_dags/example_setup_teardown_taskflow.py
[2024-12-22T02:39:53.438+0000] {processor.py:830} INFO - Processing file /home/airflow/.local/lib/python3.12/site-packages/airflow/example_dags/example_setup_teardown_taskflow.py for tasks to queue
[2024-12-22T02:39:53.439+0000] {logging_mixin.py:188} INFO - [2024-12-22T02:39:53.439+0000] {dagbag.py:545} INFO - Filling up the DagBag from /home/airflow/.local/lib/python3.12/site-packages/airflow/example_dags/example_setup_teardown_taskflow.py
[2024-12-22T02:39:53.444+0000] {processor.py:840} INFO - DAG(s) 'example_setup_teardown_taskflow' retrieved from /home/airflow/.local/lib/python3.12/site-packages/airflow/example_dags/example_setup_teardown_taskflow.py
[2024-12-22T02:39:53.457+0000] {logging_mixin.py:188} INFO - [2024-12-22T02:39:53.457+0000] {dag.py:3089} INFO - Sync 1 DAGs
[2024-12-22T02:39:53.467+0000] {logging_mixin.py:188} INFO - [2024-12-22T02:39:53.467+0000] {dag.py:3947} INFO - Setting next_dagrun for example_setup_teardown_taskflow to 2024-12-21 00:00:00+00:00, run_after=2024-12-22 00:00:00+00:00
[2024-12-22T02:39:53.479+0000] {processor.py:183} INFO - Processing /home/airflow/.local/lib/python3.12/site-packages/airflow/example_dags/example_setup_teardown_taskflow.py took 0.045 seconds
[2024-12-22T02:40:26.824+0000] {processor.py:161} INFO - Started process (PID=29132) to work on /home/airflow/.local/lib/python3.12/site-packages/airflow/example_dags/example_setup_teardown_taskflow.py
[2024-12-22T02:40:26.824+0000] {processor.py:830} INFO - Processing file /home/airflow/.local/lib/python3.12/site-packages/airflow/example_dags/example_setup_teardown_taskflow.py for tasks to queue
[2024-12-22T02:40:26.825+0000] {logging_mixin.py:188} INFO - [2024-12-22T02:40:26.825+0000] {dagbag.py:545} INFO - Filling up the DagBag from /home/airflow/.local/lib/python3.12/site-packages/airflow/example_dags/example_setup_teardown_taskflow.py
[2024-12-22T02:40:26.830+0000] {processor.py:840} INFO - DAG(s) 'example_setup_teardown_taskflow' retrieved from /home/airflow/.local/lib/python3.12/site-packages/airflow/example_dags/example_setup_teardown_taskflow.py
[2024-12-22T02:40:26.843+0000] {logging_mixin.py:188} INFO - [2024-12-22T02:40:26.843+0000] {dag.py:3089} INFO - Sync 1 DAGs
[2024-12-22T02:40:26.854+0000] {logging_mixin.py:188} INFO - [2024-12-22T02:40:26.854+0000] {dag.py:3947} INFO - Setting next_dagrun for example_setup_teardown_taskflow to 2024-12-21 00:00:00+00:00, run_after=2024-12-22 00:00:00+00:00
[2024-12-22T02:40:26.869+0000] {processor.py:183} INFO - Processing /home/airflow/.local/lib/python3.12/site-packages/airflow/example_dags/example_setup_teardown_taskflow.py took 0.049 seconds
[2024-12-22T02:40:59.197+0000] {processor.py:161} INFO - Started process (PID=29407) to work on /home/airflow/.local/lib/python3.12/site-packages/airflow/example_dags/example_setup_teardown_taskflow.py
[2024-12-22T02:40:59.198+0000] {processor.py:830} INFO - Processing file /home/airflow/.local/lib/python3.12/site-packages/airflow/example_dags/example_setup_teardown_taskflow.py for tasks to queue
[2024-12-22T02:40:59.199+0000] {logging_mixin.py:188} INFO - [2024-12-22T02:40:59.199+0000] {dagbag.py:545} INFO - Filling up the DagBag from /home/airflow/.local/lib/python3.12/site-packages/airflow/example_dags/example_setup_teardown_taskflow.py
[2024-12-22T02:40:59.205+0000] {processor.py:840} INFO - DAG(s) 'example_setup_teardown_taskflow' retrieved from /home/airflow/.local/lib/python3.12/site-packages/airflow/example_dags/example_setup_teardown_taskflow.py
[2024-12-22T02:40:59.221+0000] {logging_mixin.py:188} INFO - [2024-12-22T02:40:59.221+0000] {dag.py:3089} INFO - Sync 1 DAGs
[2024-12-22T02:40:59.239+0000] {logging_mixin.py:188} INFO - [2024-12-22T02:40:59.239+0000] {dag.py:3947} INFO - Setting next_dagrun for example_setup_teardown_taskflow to 2024-12-21 00:00:00+00:00, run_after=2024-12-22 00:00:00+00:00
[2024-12-22T02:40:59.251+0000] {processor.py:183} INFO - Processing /home/airflow/.local/lib/python3.12/site-packages/airflow/example_dags/example_setup_teardown_taskflow.py took 0.058 seconds
[2024-12-22T02:41:31.970+0000] {processor.py:161} INFO - Started process (PID=29684) to work on /home/airflow/.local/lib/python3.12/site-packages/airflow/example_dags/example_setup_teardown_taskflow.py
[2024-12-22T02:41:31.970+0000] {processor.py:830} INFO - Processing file /home/airflow/.local/lib/python3.12/site-packages/airflow/example_dags/example_setup_teardown_taskflow.py for tasks to queue
[2024-12-22T02:41:31.971+0000] {logging_mixin.py:188} INFO - [2024-12-22T02:41:31.971+0000] {dagbag.py:545} INFO - Filling up the DagBag from /home/airflow/.local/lib/python3.12/site-packages/airflow/example_dags/example_setup_teardown_taskflow.py
[2024-12-22T02:41:31.977+0000] {processor.py:840} INFO - DAG(s) 'example_setup_teardown_taskflow' retrieved from /home/airflow/.local/lib/python3.12/site-packages/airflow/example_dags/example_setup_teardown_taskflow.py
[2024-12-22T02:41:31.993+0000] {logging_mixin.py:188} INFO - [2024-12-22T02:41:31.993+0000] {dag.py:3089} INFO - Sync 1 DAGs
[2024-12-22T02:41:32.006+0000] {logging_mixin.py:188} INFO - [2024-12-22T02:41:32.006+0000] {dag.py:3947} INFO - Setting next_dagrun for example_setup_teardown_taskflow to 2024-12-21 00:00:00+00:00, run_after=2024-12-22 00:00:00+00:00
[2024-12-22T02:41:32.019+0000] {processor.py:183} INFO - Processing /home/airflow/.local/lib/python3.12/site-packages/airflow/example_dags/example_setup_teardown_taskflow.py took 0.053 seconds
[2024-12-22T02:42:02.966+0000] {processor.py:161} INFO - Started process (PID=29961) to work on /home/airflow/.local/lib/python3.12/site-packages/airflow/example_dags/example_setup_teardown_taskflow.py
[2024-12-22T02:42:02.967+0000] {processor.py:830} INFO - Processing file /home/airflow/.local/lib/python3.12/site-packages/airflow/example_dags/example_setup_teardown_taskflow.py for tasks to queue
[2024-12-22T02:42:02.969+0000] {logging_mixin.py:188} INFO - [2024-12-22T02:42:02.969+0000] {dagbag.py:545} INFO - Filling up the DagBag from /home/airflow/.local/lib/python3.12/site-packages/airflow/example_dags/example_setup_teardown_taskflow.py
[2024-12-22T02:42:02.975+0000] {processor.py:840} INFO - DAG(s) 'example_setup_teardown_taskflow' retrieved from /home/airflow/.local/lib/python3.12/site-packages/airflow/example_dags/example_setup_teardown_taskflow.py
[2024-12-22T02:42:02.991+0000] {logging_mixin.py:188} INFO - [2024-12-22T02:42:02.991+0000] {dag.py:3089} INFO - Sync 1 DAGs
[2024-12-22T02:42:03.006+0000] {logging_mixin.py:188} INFO - [2024-12-22T02:42:03.006+0000] {dag.py:3947} INFO - Setting next_dagrun for example_setup_teardown_taskflow to 2024-12-21 00:00:00+00:00, run_after=2024-12-22 00:00:00+00:00
[2024-12-22T02:42:03.020+0000] {processor.py:183} INFO - Processing /home/airflow/.local/lib/python3.12/site-packages/airflow/example_dags/example_setup_teardown_taskflow.py took 0.058 seconds
[2024-12-22T02:42:34.091+0000] {processor.py:161} INFO - Started process (PID=30238) to work on /home/airflow/.local/lib/python3.12/site-packages/airflow/example_dags/example_setup_teardown_taskflow.py
[2024-12-22T02:42:34.092+0000] {processor.py:830} INFO - Processing file /home/airflow/.local/lib/python3.12/site-packages/airflow/example_dags/example_setup_teardown_taskflow.py for tasks to queue
[2024-12-22T02:42:34.093+0000] {logging_mixin.py:188} INFO - [2024-12-22T02:42:34.093+0000] {dagbag.py:545} INFO - Filling up the DagBag from /home/airflow/.local/lib/python3.12/site-packages/airflow/example_dags/example_setup_teardown_taskflow.py
[2024-12-22T02:42:34.099+0000] {processor.py:840} INFO - DAG(s) 'example_setup_teardown_taskflow' retrieved from /home/airflow/.local/lib/python3.12/site-packages/airflow/example_dags/example_setup_teardown_taskflow.py
[2024-12-22T02:42:34.116+0000] {logging_mixin.py:188} INFO - [2024-12-22T02:42:34.116+0000] {dag.py:3089} INFO - Sync 1 DAGs
[2024-12-22T02:42:34.130+0000] {logging_mixin.py:188} INFO - [2024-12-22T02:42:34.130+0000] {dag.py:3947} INFO - Setting next_dagrun for example_setup_teardown_taskflow to 2024-12-21 00:00:00+00:00, run_after=2024-12-22 00:00:00+00:00
[2024-12-22T02:42:34.142+0000] {processor.py:183} INFO - Processing /home/airflow/.local/lib/python3.12/site-packages/airflow/example_dags/example_setup_teardown_taskflow.py took 0.056 seconds
[2024-12-22T02:43:06.436+0000] {processor.py:161} INFO - Started process (PID=30515) to work on /home/airflow/.local/lib/python3.12/site-packages/airflow/example_dags/example_setup_teardown_taskflow.py
[2024-12-22T02:43:06.437+0000] {processor.py:830} INFO - Processing file /home/airflow/.local/lib/python3.12/site-packages/airflow/example_dags/example_setup_teardown_taskflow.py for tasks to queue
[2024-12-22T02:43:06.438+0000] {logging_mixin.py:188} INFO - [2024-12-22T02:43:06.438+0000] {dagbag.py:545} INFO - Filling up the DagBag from /home/airflow/.local/lib/python3.12/site-packages/airflow/example_dags/example_setup_teardown_taskflow.py
[2024-12-22T02:43:06.443+0000] {processor.py:840} INFO - DAG(s) 'example_setup_teardown_taskflow' retrieved from /home/airflow/.local/lib/python3.12/site-packages/airflow/example_dags/example_setup_teardown_taskflow.py
[2024-12-22T02:43:06.457+0000] {logging_mixin.py:188} INFO - [2024-12-22T02:43:06.457+0000] {dag.py:3089} INFO - Sync 1 DAGs
[2024-12-22T02:43:06.469+0000] {logging_mixin.py:188} INFO - [2024-12-22T02:43:06.469+0000] {dag.py:3947} INFO - Setting next_dagrun for example_setup_teardown_taskflow to 2024-12-21 00:00:00+00:00, run_after=2024-12-22 00:00:00+00:00
[2024-12-22T02:43:06.480+0000] {processor.py:183} INFO - Processing /home/airflow/.local/lib/python3.12/site-packages/airflow/example_dags/example_setup_teardown_taskflow.py took 0.048 seconds
[2024-12-22T02:43:38.890+0000] {processor.py:161} INFO - Started process (PID=30792) to work on /home/airflow/.local/lib/python3.12/site-packages/airflow/example_dags/example_setup_teardown_taskflow.py
[2024-12-22T02:43:38.891+0000] {processor.py:830} INFO - Processing file /home/airflow/.local/lib/python3.12/site-packages/airflow/example_dags/example_setup_teardown_taskflow.py for tasks to queue
[2024-12-22T02:43:38.892+0000] {logging_mixin.py:188} INFO - [2024-12-22T02:43:38.892+0000] {dagbag.py:545} INFO - Filling up the DagBag from /home/airflow/.local/lib/python3.12/site-packages/airflow/example_dags/example_setup_teardown_taskflow.py
[2024-12-22T02:43:38.897+0000] {processor.py:840} INFO - DAG(s) 'example_setup_teardown_taskflow' retrieved from /home/airflow/.local/lib/python3.12/site-packages/airflow/example_dags/example_setup_teardown_taskflow.py
[2024-12-22T02:43:38.912+0000] {logging_mixin.py:188} INFO - [2024-12-22T02:43:38.912+0000] {dag.py:3089} INFO - Sync 1 DAGs
[2024-12-22T02:43:38.924+0000] {logging_mixin.py:188} INFO - [2024-12-22T02:43:38.924+0000] {dag.py:3947} INFO - Setting next_dagrun for example_setup_teardown_taskflow to 2024-12-21 00:00:00+00:00, run_after=2024-12-22 00:00:00+00:00
[2024-12-22T02:43:38.936+0000] {processor.py:183} INFO - Processing /home/airflow/.local/lib/python3.12/site-packages/airflow/example_dags/example_setup_teardown_taskflow.py took 0.051 seconds
[2024-12-22T02:44:11.517+0000] {processor.py:161} INFO - Started process (PID=31069) to work on /home/airflow/.local/lib/python3.12/site-packages/airflow/example_dags/example_setup_teardown_taskflow.py
[2024-12-22T02:44:11.517+0000] {processor.py:830} INFO - Processing file /home/airflow/.local/lib/python3.12/site-packages/airflow/example_dags/example_setup_teardown_taskflow.py for tasks to queue
[2024-12-22T02:44:11.519+0000] {logging_mixin.py:188} INFO - [2024-12-22T02:44:11.519+0000] {dagbag.py:545} INFO - Filling up the DagBag from /home/airflow/.local/lib/python3.12/site-packages/airflow/example_dags/example_setup_teardown_taskflow.py
[2024-12-22T02:44:11.524+0000] {processor.py:840} INFO - DAG(s) 'example_setup_teardown_taskflow' retrieved from /home/airflow/.local/lib/python3.12/site-packages/airflow/example_dags/example_setup_teardown_taskflow.py
[2024-12-22T02:44:11.539+0000] {logging_mixin.py:188} INFO - [2024-12-22T02:44:11.539+0000] {dag.py:3089} INFO - Sync 1 DAGs
[2024-12-22T02:44:11.550+0000] {logging_mixin.py:188} INFO - [2024-12-22T02:44:11.550+0000] {dag.py:3947} INFO - Setting next_dagrun for example_setup_teardown_taskflow to 2024-12-21 00:00:00+00:00, run_after=2024-12-22 00:00:00+00:00
[2024-12-22T02:44:11.562+0000] {processor.py:183} INFO - Processing /home/airflow/.local/lib/python3.12/site-packages/airflow/example_dags/example_setup_teardown_taskflow.py took 0.050 seconds
[2024-12-22T02:44:44.170+0000] {processor.py:161} INFO - Started process (PID=31346) to work on /home/airflow/.local/lib/python3.12/site-packages/airflow/example_dags/example_setup_teardown_taskflow.py
[2024-12-22T02:44:44.171+0000] {processor.py:830} INFO - Processing file /home/airflow/.local/lib/python3.12/site-packages/airflow/example_dags/example_setup_teardown_taskflow.py for tasks to queue
[2024-12-22T02:44:44.172+0000] {logging_mixin.py:188} INFO - [2024-12-22T02:44:44.172+0000] {dagbag.py:545} INFO - Filling up the DagBag from /home/airflow/.local/lib/python3.12/site-packages/airflow/example_dags/example_setup_teardown_taskflow.py
[2024-12-22T02:44:44.177+0000] {processor.py:840} INFO - DAG(s) 'example_setup_teardown_taskflow' retrieved from /home/airflow/.local/lib/python3.12/site-packages/airflow/example_dags/example_setup_teardown_taskflow.py
[2024-12-22T02:44:44.192+0000] {logging_mixin.py:188} INFO - [2024-12-22T02:44:44.192+0000] {dag.py:3089} INFO - Sync 1 DAGs
[2024-12-22T02:44:44.204+0000] {logging_mixin.py:188} INFO - [2024-12-22T02:44:44.204+0000] {dag.py:3947} INFO - Setting next_dagrun for example_setup_teardown_taskflow to 2024-12-21 00:00:00+00:00, run_after=2024-12-22 00:00:00+00:00
[2024-12-22T02:44:44.218+0000] {processor.py:183} INFO - Processing /home/airflow/.local/lib/python3.12/site-packages/airflow/example_dags/example_setup_teardown_taskflow.py took 0.053 seconds
[2024-12-22T02:45:15.401+0000] {processor.py:161} INFO - Started process (PID=31623) to work on /home/airflow/.local/lib/python3.12/site-packages/airflow/example_dags/example_setup_teardown_taskflow.py
[2024-12-22T02:45:15.403+0000] {processor.py:830} INFO - Processing file /home/airflow/.local/lib/python3.12/site-packages/airflow/example_dags/example_setup_teardown_taskflow.py for tasks to queue
[2024-12-22T02:45:15.405+0000] {logging_mixin.py:188} INFO - [2024-12-22T02:45:15.405+0000] {dagbag.py:545} INFO - Filling up the DagBag from /home/airflow/.local/lib/python3.12/site-packages/airflow/example_dags/example_setup_teardown_taskflow.py
[2024-12-22T02:45:15.419+0000] {processor.py:840} INFO - DAG(s) 'example_setup_teardown_taskflow' retrieved from /home/airflow/.local/lib/python3.12/site-packages/airflow/example_dags/example_setup_teardown_taskflow.py
[2024-12-22T02:45:15.438+0000] {logging_mixin.py:188} INFO - [2024-12-22T02:45:15.438+0000] {dag.py:3089} INFO - Sync 1 DAGs
[2024-12-22T02:45:15.457+0000] {logging_mixin.py:188} INFO - [2024-12-22T02:45:15.456+0000] {dag.py:3947} INFO - Setting next_dagrun for example_setup_teardown_taskflow to 2024-12-21 00:00:00+00:00, run_after=2024-12-22 00:00:00+00:00
[2024-12-22T02:45:15.477+0000] {processor.py:183} INFO - Processing /home/airflow/.local/lib/python3.12/site-packages/airflow/example_dags/example_setup_teardown_taskflow.py took 0.080 seconds
[2024-12-22T02:45:46.492+0000] {processor.py:161} INFO - Started process (PID=31902) to work on /home/airflow/.local/lib/python3.12/site-packages/airflow/example_dags/example_setup_teardown_taskflow.py
[2024-12-22T02:45:46.493+0000] {processor.py:830} INFO - Processing file /home/airflow/.local/lib/python3.12/site-packages/airflow/example_dags/example_setup_teardown_taskflow.py for tasks to queue
[2024-12-22T02:45:46.495+0000] {logging_mixin.py:188} INFO - [2024-12-22T02:45:46.495+0000] {dagbag.py:545} INFO - Filling up the DagBag from /home/airflow/.local/lib/python3.12/site-packages/airflow/example_dags/example_setup_teardown_taskflow.py
[2024-12-22T02:45:46.502+0000] {processor.py:840} INFO - DAG(s) 'example_setup_teardown_taskflow' retrieved from /home/airflow/.local/lib/python3.12/site-packages/airflow/example_dags/example_setup_teardown_taskflow.py
[2024-12-22T02:45:46.517+0000] {logging_mixin.py:188} INFO - [2024-12-22T02:45:46.517+0000] {dag.py:3089} INFO - Sync 1 DAGs
[2024-12-22T02:45:46.531+0000] {logging_mixin.py:188} INFO - [2024-12-22T02:45:46.531+0000] {dag.py:3947} INFO - Setting next_dagrun for example_setup_teardown_taskflow to 2024-12-21 00:00:00+00:00, run_after=2024-12-22 00:00:00+00:00
[2024-12-22T02:45:46.543+0000] {processor.py:183} INFO - Processing /home/airflow/.local/lib/python3.12/site-packages/airflow/example_dags/example_setup_teardown_taskflow.py took 0.056 seconds
[2024-12-22T02:46:17.930+0000] {processor.py:161} INFO - Started process (PID=32177) to work on /home/airflow/.local/lib/python3.12/site-packages/airflow/example_dags/example_setup_teardown_taskflow.py
[2024-12-22T02:46:17.930+0000] {processor.py:830} INFO - Processing file /home/airflow/.local/lib/python3.12/site-packages/airflow/example_dags/example_setup_teardown_taskflow.py for tasks to queue
[2024-12-22T02:46:17.932+0000] {logging_mixin.py:188} INFO - [2024-12-22T02:46:17.932+0000] {dagbag.py:545} INFO - Filling up the DagBag from /home/airflow/.local/lib/python3.12/site-packages/airflow/example_dags/example_setup_teardown_taskflow.py
[2024-12-22T02:46:17.939+0000] {processor.py:840} INFO - DAG(s) 'example_setup_teardown_taskflow' retrieved from /home/airflow/.local/lib/python3.12/site-packages/airflow/example_dags/example_setup_teardown_taskflow.py
[2024-12-22T02:46:17.955+0000] {logging_mixin.py:188} INFO - [2024-12-22T02:46:17.955+0000] {dag.py:3089} INFO - Sync 1 DAGs
[2024-12-22T02:46:17.970+0000] {logging_mixin.py:188} INFO - [2024-12-22T02:46:17.969+0000] {dag.py:3947} INFO - Setting next_dagrun for example_setup_teardown_taskflow to 2024-12-21 00:00:00+00:00, run_after=2024-12-22 00:00:00+00:00
[2024-12-22T02:46:17.982+0000] {processor.py:183} INFO - Processing /home/airflow/.local/lib/python3.12/site-packages/airflow/example_dags/example_setup_teardown_taskflow.py took 0.058 seconds
[2024-12-22T02:46:48.338+0000] {processor.py:161} INFO - Started process (PID=32455) to work on /home/airflow/.local/lib/python3.12/site-packages/airflow/example_dags/example_setup_teardown_taskflow.py
[2024-12-22T02:46:48.339+0000] {processor.py:830} INFO - Processing file /home/airflow/.local/lib/python3.12/site-packages/airflow/example_dags/example_setup_teardown_taskflow.py for tasks to queue
[2024-12-22T02:46:48.341+0000] {logging_mixin.py:188} INFO - [2024-12-22T02:46:48.341+0000] {dagbag.py:545} INFO - Filling up the DagBag from /home/airflow/.local/lib/python3.12/site-packages/airflow/example_dags/example_setup_teardown_taskflow.py
[2024-12-22T02:46:48.346+0000] {processor.py:840} INFO - DAG(s) 'example_setup_teardown_taskflow' retrieved from /home/airflow/.local/lib/python3.12/site-packages/airflow/example_dags/example_setup_teardown_taskflow.py
[2024-12-22T02:46:48.360+0000] {logging_mixin.py:188} INFO - [2024-12-22T02:46:48.360+0000] {dag.py:3089} INFO - Sync 1 DAGs
[2024-12-22T02:46:48.373+0000] {logging_mixin.py:188} INFO - [2024-12-22T02:46:48.373+0000] {dag.py:3947} INFO - Setting next_dagrun for example_setup_teardown_taskflow to 2024-12-21 00:00:00+00:00, run_after=2024-12-22 00:00:00+00:00
[2024-12-22T02:46:48.383+0000] {processor.py:183} INFO - Processing /home/airflow/.local/lib/python3.12/site-packages/airflow/example_dags/example_setup_teardown_taskflow.py took 0.049 seconds
[2024-12-22T02:47:20.677+0000] {processor.py:161} INFO - Started process (PID=32730) to work on /home/airflow/.local/lib/python3.12/site-packages/airflow/example_dags/example_setup_teardown_taskflow.py
[2024-12-22T02:47:20.678+0000] {processor.py:830} INFO - Processing file /home/airflow/.local/lib/python3.12/site-packages/airflow/example_dags/example_setup_teardown_taskflow.py for tasks to queue
[2024-12-22T02:47:20.679+0000] {logging_mixin.py:188} INFO - [2024-12-22T02:47:20.679+0000] {dagbag.py:545} INFO - Filling up the DagBag from /home/airflow/.local/lib/python3.12/site-packages/airflow/example_dags/example_setup_teardown_taskflow.py
[2024-12-22T02:47:20.685+0000] {processor.py:840} INFO - DAG(s) 'example_setup_teardown_taskflow' retrieved from /home/airflow/.local/lib/python3.12/site-packages/airflow/example_dags/example_setup_teardown_taskflow.py
[2024-12-22T02:47:20.701+0000] {logging_mixin.py:188} INFO - [2024-12-22T02:47:20.701+0000] {dag.py:3089} INFO - Sync 1 DAGs
[2024-12-22T02:47:20.715+0000] {logging_mixin.py:188} INFO - [2024-12-22T02:47:20.715+0000] {dag.py:3947} INFO - Setting next_dagrun for example_setup_teardown_taskflow to 2024-12-21 00:00:00+00:00, run_after=2024-12-22 00:00:00+00:00
[2024-12-22T02:47:20.728+0000] {processor.py:183} INFO - Processing /home/airflow/.local/lib/python3.12/site-packages/airflow/example_dags/example_setup_teardown_taskflow.py took 0.056 seconds
[2024-12-22T02:47:53.219+0000] {processor.py:161} INFO - Started process (PID=33007) to work on /home/airflow/.local/lib/python3.12/site-packages/airflow/example_dags/example_setup_teardown_taskflow.py
[2024-12-22T02:47:53.220+0000] {processor.py:830} INFO - Processing file /home/airflow/.local/lib/python3.12/site-packages/airflow/example_dags/example_setup_teardown_taskflow.py for tasks to queue
[2024-12-22T02:47:53.221+0000] {logging_mixin.py:188} INFO - [2024-12-22T02:47:53.221+0000] {dagbag.py:545} INFO - Filling up the DagBag from /home/airflow/.local/lib/python3.12/site-packages/airflow/example_dags/example_setup_teardown_taskflow.py
[2024-12-22T02:47:53.228+0000] {processor.py:840} INFO - DAG(s) 'example_setup_teardown_taskflow' retrieved from /home/airflow/.local/lib/python3.12/site-packages/airflow/example_dags/example_setup_teardown_taskflow.py
[2024-12-22T02:47:53.243+0000] {logging_mixin.py:188} INFO - [2024-12-22T02:47:53.243+0000] {dag.py:3089} INFO - Sync 1 DAGs
[2024-12-22T02:47:53.257+0000] {logging_mixin.py:188} INFO - [2024-12-22T02:47:53.257+0000] {dag.py:3947} INFO - Setting next_dagrun for example_setup_teardown_taskflow to 2024-12-21 00:00:00+00:00, run_after=2024-12-22 00:00:00+00:00
[2024-12-22T02:47:53.269+0000] {processor.py:183} INFO - Processing /home/airflow/.local/lib/python3.12/site-packages/airflow/example_dags/example_setup_teardown_taskflow.py took 0.054 seconds
[2024-12-22T02:48:26.018+0000] {processor.py:161} INFO - Started process (PID=33285) to work on /home/airflow/.local/lib/python3.12/site-packages/airflow/example_dags/example_setup_teardown_taskflow.py
[2024-12-22T02:48:26.019+0000] {processor.py:830} INFO - Processing file /home/airflow/.local/lib/python3.12/site-packages/airflow/example_dags/example_setup_teardown_taskflow.py for tasks to queue
[2024-12-22T02:48:26.020+0000] {logging_mixin.py:188} INFO - [2024-12-22T02:48:26.020+0000] {dagbag.py:545} INFO - Filling up the DagBag from /home/airflow/.local/lib/python3.12/site-packages/airflow/example_dags/example_setup_teardown_taskflow.py
[2024-12-22T02:48:26.027+0000] {processor.py:840} INFO - DAG(s) 'example_setup_teardown_taskflow' retrieved from /home/airflow/.local/lib/python3.12/site-packages/airflow/example_dags/example_setup_teardown_taskflow.py
[2024-12-22T02:48:26.043+0000] {logging_mixin.py:188} INFO - [2024-12-22T02:48:26.043+0000] {dag.py:3089} INFO - Sync 1 DAGs
[2024-12-22T02:48:26.056+0000] {logging_mixin.py:188} INFO - [2024-12-22T02:48:26.056+0000] {dag.py:3947} INFO - Setting next_dagrun for example_setup_teardown_taskflow to 2024-12-21 00:00:00+00:00, run_after=2024-12-22 00:00:00+00:00
[2024-12-22T02:48:26.067+0000] {processor.py:183} INFO - Processing /home/airflow/.local/lib/python3.12/site-packages/airflow/example_dags/example_setup_teardown_taskflow.py took 0.054 seconds
[2024-12-22T02:48:58.748+0000] {processor.py:161} INFO - Started process (PID=33561) to work on /home/airflow/.local/lib/python3.12/site-packages/airflow/example_dags/example_setup_teardown_taskflow.py
[2024-12-22T02:48:58.749+0000] {processor.py:830} INFO - Processing file /home/airflow/.local/lib/python3.12/site-packages/airflow/example_dags/example_setup_teardown_taskflow.py for tasks to queue
[2024-12-22T02:48:58.751+0000] {logging_mixin.py:188} INFO - [2024-12-22T02:48:58.751+0000] {dagbag.py:545} INFO - Filling up the DagBag from /home/airflow/.local/lib/python3.12/site-packages/airflow/example_dags/example_setup_teardown_taskflow.py
[2024-12-22T02:48:58.763+0000] {processor.py:840} INFO - DAG(s) 'example_setup_teardown_taskflow' retrieved from /home/airflow/.local/lib/python3.12/site-packages/airflow/example_dags/example_setup_teardown_taskflow.py
[2024-12-22T02:48:58.781+0000] {logging_mixin.py:188} INFO - [2024-12-22T02:48:58.781+0000] {dag.py:3089} INFO - Sync 1 DAGs
[2024-12-22T02:48:58.793+0000] {logging_mixin.py:188} INFO - [2024-12-22T02:48:58.793+0000] {dag.py:3947} INFO - Setting next_dagrun for example_setup_teardown_taskflow to 2024-12-21 00:00:00+00:00, run_after=2024-12-22 00:00:00+00:00
[2024-12-22T02:48:58.807+0000] {processor.py:183} INFO - Processing /home/airflow/.local/lib/python3.12/site-packages/airflow/example_dags/example_setup_teardown_taskflow.py took 0.063 seconds
[2024-12-22T02:49:30.137+0000] {processor.py:161} INFO - Started process (PID=33838) to work on /home/airflow/.local/lib/python3.12/site-packages/airflow/example_dags/example_setup_teardown_taskflow.py
[2024-12-22T02:49:30.138+0000] {processor.py:830} INFO - Processing file /home/airflow/.local/lib/python3.12/site-packages/airflow/example_dags/example_setup_teardown_taskflow.py for tasks to queue
[2024-12-22T02:49:30.140+0000] {logging_mixin.py:188} INFO - [2024-12-22T02:49:30.139+0000] {dagbag.py:545} INFO - Filling up the DagBag from /home/airflow/.local/lib/python3.12/site-packages/airflow/example_dags/example_setup_teardown_taskflow.py
[2024-12-22T02:49:30.146+0000] {processor.py:840} INFO - DAG(s) 'example_setup_teardown_taskflow' retrieved from /home/airflow/.local/lib/python3.12/site-packages/airflow/example_dags/example_setup_teardown_taskflow.py
[2024-12-22T02:49:30.162+0000] {logging_mixin.py:188} INFO - [2024-12-22T02:49:30.162+0000] {dag.py:3089} INFO - Sync 1 DAGs
[2024-12-22T02:49:30.176+0000] {logging_mixin.py:188} INFO - [2024-12-22T02:49:30.176+0000] {dag.py:3947} INFO - Setting next_dagrun for example_setup_teardown_taskflow to 2024-12-21 00:00:00+00:00, run_after=2024-12-22 00:00:00+00:00
[2024-12-22T02:49:30.189+0000] {processor.py:183} INFO - Processing /home/airflow/.local/lib/python3.12/site-packages/airflow/example_dags/example_setup_teardown_taskflow.py took 0.057 seconds
[2024-12-22T02:50:01.105+0000] {processor.py:161} INFO - Started process (PID=34114) to work on /home/airflow/.local/lib/python3.12/site-packages/airflow/example_dags/example_setup_teardown_taskflow.py
[2024-12-22T02:50:01.106+0000] {processor.py:830} INFO - Processing file /home/airflow/.local/lib/python3.12/site-packages/airflow/example_dags/example_setup_teardown_taskflow.py for tasks to queue
[2024-12-22T02:50:01.107+0000] {logging_mixin.py:188} INFO - [2024-12-22T02:50:01.107+0000] {dagbag.py:545} INFO - Filling up the DagBag from /home/airflow/.local/lib/python3.12/site-packages/airflow/example_dags/example_setup_teardown_taskflow.py
[2024-12-22T02:50:01.114+0000] {processor.py:840} INFO - DAG(s) 'example_setup_teardown_taskflow' retrieved from /home/airflow/.local/lib/python3.12/site-packages/airflow/example_dags/example_setup_teardown_taskflow.py
[2024-12-22T02:50:01.130+0000] {logging_mixin.py:188} INFO - [2024-12-22T02:50:01.130+0000] {dag.py:3089} INFO - Sync 1 DAGs
[2024-12-22T02:50:01.144+0000] {logging_mixin.py:188} INFO - [2024-12-22T02:50:01.144+0000] {dag.py:3947} INFO - Setting next_dagrun for example_setup_teardown_taskflow to 2024-12-21 00:00:00+00:00, run_after=2024-12-22 00:00:00+00:00
[2024-12-22T02:50:01.156+0000] {processor.py:183} INFO - Processing /home/airflow/.local/lib/python3.12/site-packages/airflow/example_dags/example_setup_teardown_taskflow.py took 0.056 seconds
[2024-12-22T02:50:31.460+0000] {processor.py:161} INFO - Started process (PID=34392) to work on /home/airflow/.local/lib/python3.12/site-packages/airflow/example_dags/example_setup_teardown_taskflow.py
[2024-12-22T02:50:31.461+0000] {processor.py:830} INFO - Processing file /home/airflow/.local/lib/python3.12/site-packages/airflow/example_dags/example_setup_teardown_taskflow.py for tasks to queue
[2024-12-22T02:50:31.462+0000] {logging_mixin.py:188} INFO - [2024-12-22T02:50:31.462+0000] {dagbag.py:545} INFO - Filling up the DagBag from /home/airflow/.local/lib/python3.12/site-packages/airflow/example_dags/example_setup_teardown_taskflow.py
[2024-12-22T02:50:31.467+0000] {processor.py:840} INFO - DAG(s) 'example_setup_teardown_taskflow' retrieved from /home/airflow/.local/lib/python3.12/site-packages/airflow/example_dags/example_setup_teardown_taskflow.py
[2024-12-22T02:50:31.482+0000] {logging_mixin.py:188} INFO - [2024-12-22T02:50:31.481+0000] {dag.py:3089} INFO - Sync 1 DAGs
[2024-12-22T02:50:31.494+0000] {logging_mixin.py:188} INFO - [2024-12-22T02:50:31.494+0000] {dag.py:3947} INFO - Setting next_dagrun for example_setup_teardown_taskflow to 2024-12-21 00:00:00+00:00, run_after=2024-12-22 00:00:00+00:00
[2024-12-22T02:50:31.506+0000] {processor.py:183} INFO - Processing /home/airflow/.local/lib/python3.12/site-packages/airflow/example_dags/example_setup_teardown_taskflow.py took 0.051 seconds
[2024-12-22T02:51:02.006+0000] {processor.py:161} INFO - Started process (PID=34669) to work on /home/airflow/.local/lib/python3.12/site-packages/airflow/example_dags/example_setup_teardown_taskflow.py
[2024-12-22T02:51:02.007+0000] {processor.py:830} INFO - Processing file /home/airflow/.local/lib/python3.12/site-packages/airflow/example_dags/example_setup_teardown_taskflow.py for tasks to queue
[2024-12-22T02:51:02.008+0000] {logging_mixin.py:188} INFO - [2024-12-22T02:51:02.008+0000] {dagbag.py:545} INFO - Filling up the DagBag from /home/airflow/.local/lib/python3.12/site-packages/airflow/example_dags/example_setup_teardown_taskflow.py
[2024-12-22T02:51:02.014+0000] {processor.py:840} INFO - DAG(s) 'example_setup_teardown_taskflow' retrieved from /home/airflow/.local/lib/python3.12/site-packages/airflow/example_dags/example_setup_teardown_taskflow.py
[2024-12-22T02:51:02.029+0000] {logging_mixin.py:188} INFO - [2024-12-22T02:51:02.029+0000] {dag.py:3089} INFO - Sync 1 DAGs
[2024-12-22T02:51:02.043+0000] {logging_mixin.py:188} INFO - [2024-12-22T02:51:02.042+0000] {dag.py:3947} INFO - Setting next_dagrun for example_setup_teardown_taskflow to 2024-12-21 00:00:00+00:00, run_after=2024-12-22 00:00:00+00:00
[2024-12-22T02:51:02.053+0000] {processor.py:183} INFO - Processing /home/airflow/.local/lib/python3.12/site-packages/airflow/example_dags/example_setup_teardown_taskflow.py took 0.052 seconds
[2024-12-22T02:51:34.858+0000] {processor.py:161} INFO - Started process (PID=34946) to work on /home/airflow/.local/lib/python3.12/site-packages/airflow/example_dags/example_setup_teardown_taskflow.py
[2024-12-22T02:51:34.859+0000] {processor.py:830} INFO - Processing file /home/airflow/.local/lib/python3.12/site-packages/airflow/example_dags/example_setup_teardown_taskflow.py for tasks to queue
[2024-12-22T02:51:34.861+0000] {logging_mixin.py:188} INFO - [2024-12-22T02:51:34.860+0000] {dagbag.py:545} INFO - Filling up the DagBag from /home/airflow/.local/lib/python3.12/site-packages/airflow/example_dags/example_setup_teardown_taskflow.py
[2024-12-22T02:51:34.866+0000] {processor.py:840} INFO - DAG(s) 'example_setup_teardown_taskflow' retrieved from /home/airflow/.local/lib/python3.12/site-packages/airflow/example_dags/example_setup_teardown_taskflow.py
[2024-12-22T02:51:34.881+0000] {logging_mixin.py:188} INFO - [2024-12-22T02:51:34.881+0000] {dag.py:3089} INFO - Sync 1 DAGs
[2024-12-22T02:51:34.893+0000] {logging_mixin.py:188} INFO - [2024-12-22T02:51:34.893+0000] {dag.py:3947} INFO - Setting next_dagrun for example_setup_teardown_taskflow to 2024-12-21 00:00:00+00:00, run_after=2024-12-22 00:00:00+00:00
[2024-12-22T02:51:34.904+0000] {processor.py:183} INFO - Processing /home/airflow/.local/lib/python3.12/site-packages/airflow/example_dags/example_setup_teardown_taskflow.py took 0.050 seconds
[2024-12-22T02:52:08.043+0000] {processor.py:161} INFO - Started process (PID=35223) to work on /home/airflow/.local/lib/python3.12/site-packages/airflow/example_dags/example_setup_teardown_taskflow.py
[2024-12-22T02:52:08.044+0000] {processor.py:830} INFO - Processing file /home/airflow/.local/lib/python3.12/site-packages/airflow/example_dags/example_setup_teardown_taskflow.py for tasks to queue
[2024-12-22T02:52:08.045+0000] {logging_mixin.py:188} INFO - [2024-12-22T02:52:08.045+0000] {dagbag.py:545} INFO - Filling up the DagBag from /home/airflow/.local/lib/python3.12/site-packages/airflow/example_dags/example_setup_teardown_taskflow.py
[2024-12-22T02:52:08.051+0000] {processor.py:840} INFO - DAG(s) 'example_setup_teardown_taskflow' retrieved from /home/airflow/.local/lib/python3.12/site-packages/airflow/example_dags/example_setup_teardown_taskflow.py
[2024-12-22T02:52:08.064+0000] {logging_mixin.py:188} INFO - [2024-12-22T02:52:08.064+0000] {dag.py:3089} INFO - Sync 1 DAGs
[2024-12-22T02:52:08.075+0000] {logging_mixin.py:188} INFO - [2024-12-22T02:52:08.075+0000] {dag.py:3947} INFO - Setting next_dagrun for example_setup_teardown_taskflow to 2024-12-21 00:00:00+00:00, run_after=2024-12-22 00:00:00+00:00
[2024-12-22T02:52:08.087+0000] {processor.py:183} INFO - Processing /home/airflow/.local/lib/python3.12/site-packages/airflow/example_dags/example_setup_teardown_taskflow.py took 0.047 seconds
[2024-12-22T02:52:41.284+0000] {processor.py:161} INFO - Started process (PID=35502) to work on /home/airflow/.local/lib/python3.12/site-packages/airflow/example_dags/example_setup_teardown_taskflow.py
[2024-12-22T02:52:41.285+0000] {processor.py:830} INFO - Processing file /home/airflow/.local/lib/python3.12/site-packages/airflow/example_dags/example_setup_teardown_taskflow.py for tasks to queue
[2024-12-22T02:52:41.286+0000] {logging_mixin.py:188} INFO - [2024-12-22T02:52:41.286+0000] {dagbag.py:545} INFO - Filling up the DagBag from /home/airflow/.local/lib/python3.12/site-packages/airflow/example_dags/example_setup_teardown_taskflow.py
[2024-12-22T02:52:41.293+0000] {processor.py:840} INFO - DAG(s) 'example_setup_teardown_taskflow' retrieved from /home/airflow/.local/lib/python3.12/site-packages/airflow/example_dags/example_setup_teardown_taskflow.py
[2024-12-22T02:52:41.309+0000] {logging_mixin.py:188} INFO - [2024-12-22T02:52:41.309+0000] {dag.py:3089} INFO - Sync 1 DAGs
[2024-12-22T02:52:41.323+0000] {logging_mixin.py:188} INFO - [2024-12-22T02:52:41.323+0000] {dag.py:3947} INFO - Setting next_dagrun for example_setup_teardown_taskflow to 2024-12-21 00:00:00+00:00, run_after=2024-12-22 00:00:00+00:00
[2024-12-22T02:52:41.336+0000] {processor.py:183} INFO - Processing /home/airflow/.local/lib/python3.12/site-packages/airflow/example_dags/example_setup_teardown_taskflow.py took 0.057 seconds
[2024-12-22T02:53:12.202+0000] {processor.py:161} INFO - Started process (PID=35777) to work on /home/airflow/.local/lib/python3.12/site-packages/airflow/example_dags/example_setup_teardown_taskflow.py
[2024-12-22T02:53:12.203+0000] {processor.py:830} INFO - Processing file /home/airflow/.local/lib/python3.12/site-packages/airflow/example_dags/example_setup_teardown_taskflow.py for tasks to queue
[2024-12-22T02:53:12.204+0000] {logging_mixin.py:188} INFO - [2024-12-22T02:53:12.204+0000] {dagbag.py:545} INFO - Filling up the DagBag from /home/airflow/.local/lib/python3.12/site-packages/airflow/example_dags/example_setup_teardown_taskflow.py
[2024-12-22T02:53:12.211+0000] {processor.py:840} INFO - DAG(s) 'example_setup_teardown_taskflow' retrieved from /home/airflow/.local/lib/python3.12/site-packages/airflow/example_dags/example_setup_teardown_taskflow.py
[2024-12-22T02:53:12.228+0000] {logging_mixin.py:188} INFO - [2024-12-22T02:53:12.227+0000] {dag.py:3089} INFO - Sync 1 DAGs
[2024-12-22T02:53:12.358+0000] {logging_mixin.py:188} INFO - [2024-12-22T02:53:12.357+0000] {dag.py:3947} INFO - Setting next_dagrun for example_setup_teardown_taskflow to 2024-12-21 00:00:00+00:00, run_after=2024-12-22 00:00:00+00:00
[2024-12-22T02:53:12.372+0000] {processor.py:183} INFO - Processing /home/airflow/.local/lib/python3.12/site-packages/airflow/example_dags/example_setup_teardown_taskflow.py took 0.175 seconds
[2024-12-22T02:53:43.418+0000] {processor.py:161} INFO - Started process (PID=36054) to work on /home/airflow/.local/lib/python3.12/site-packages/airflow/example_dags/example_setup_teardown_taskflow.py
[2024-12-22T02:53:43.419+0000] {processor.py:830} INFO - Processing file /home/airflow/.local/lib/python3.12/site-packages/airflow/example_dags/example_setup_teardown_taskflow.py for tasks to queue
[2024-12-22T02:53:43.421+0000] {logging_mixin.py:188} INFO - [2024-12-22T02:53:43.421+0000] {dagbag.py:545} INFO - Filling up the DagBag from /home/airflow/.local/lib/python3.12/site-packages/airflow/example_dags/example_setup_teardown_taskflow.py
[2024-12-22T02:53:43.428+0000] {processor.py:840} INFO - DAG(s) 'example_setup_teardown_taskflow' retrieved from /home/airflow/.local/lib/python3.12/site-packages/airflow/example_dags/example_setup_teardown_taskflow.py
[2024-12-22T02:53:43.443+0000] {logging_mixin.py:188} INFO - [2024-12-22T02:53:43.443+0000] {dag.py:3089} INFO - Sync 1 DAGs
[2024-12-22T02:53:43.459+0000] {logging_mixin.py:188} INFO - [2024-12-22T02:53:43.459+0000] {dag.py:3947} INFO - Setting next_dagrun for example_setup_teardown_taskflow to 2024-12-21 00:00:00+00:00, run_after=2024-12-22 00:00:00+00:00
[2024-12-22T02:53:43.473+0000] {processor.py:183} INFO - Processing /home/airflow/.local/lib/python3.12/site-packages/airflow/example_dags/example_setup_teardown_taskflow.py took 0.059 seconds
[2024-12-22T02:54:14.540+0000] {processor.py:161} INFO - Started process (PID=36331) to work on /home/airflow/.local/lib/python3.12/site-packages/airflow/example_dags/example_setup_teardown_taskflow.py
[2024-12-22T02:54:14.541+0000] {processor.py:830} INFO - Processing file /home/airflow/.local/lib/python3.12/site-packages/airflow/example_dags/example_setup_teardown_taskflow.py for tasks to queue
[2024-12-22T02:54:14.543+0000] {logging_mixin.py:188} INFO - [2024-12-22T02:54:14.542+0000] {dagbag.py:545} INFO - Filling up the DagBag from /home/airflow/.local/lib/python3.12/site-packages/airflow/example_dags/example_setup_teardown_taskflow.py
[2024-12-22T02:54:14.549+0000] {processor.py:840} INFO - DAG(s) 'example_setup_teardown_taskflow' retrieved from /home/airflow/.local/lib/python3.12/site-packages/airflow/example_dags/example_setup_teardown_taskflow.py
[2024-12-22T02:54:14.566+0000] {logging_mixin.py:188} INFO - [2024-12-22T02:54:14.566+0000] {dag.py:3089} INFO - Sync 1 DAGs
[2024-12-22T02:54:14.579+0000] {logging_mixin.py:188} INFO - [2024-12-22T02:54:14.579+0000] {dag.py:3947} INFO - Setting next_dagrun for example_setup_teardown_taskflow to 2024-12-21 00:00:00+00:00, run_after=2024-12-22 00:00:00+00:00
[2024-12-22T02:54:14.591+0000] {processor.py:183} INFO - Processing /home/airflow/.local/lib/python3.12/site-packages/airflow/example_dags/example_setup_teardown_taskflow.py took 0.056 seconds
[2024-12-22T02:54:44.720+0000] {processor.py:161} INFO - Started process (PID=36605) to work on /home/airflow/.local/lib/python3.12/site-packages/airflow/example_dags/example_setup_teardown_taskflow.py
[2024-12-22T02:54:44.720+0000] {processor.py:830} INFO - Processing file /home/airflow/.local/lib/python3.12/site-packages/airflow/example_dags/example_setup_teardown_taskflow.py for tasks to queue
[2024-12-22T02:54:44.722+0000] {logging_mixin.py:188} INFO - [2024-12-22T02:54:44.722+0000] {dagbag.py:545} INFO - Filling up the DagBag from /home/airflow/.local/lib/python3.12/site-packages/airflow/example_dags/example_setup_teardown_taskflow.py
[2024-12-22T02:54:44.730+0000] {processor.py:840} INFO - DAG(s) 'example_setup_teardown_taskflow' retrieved from /home/airflow/.local/lib/python3.12/site-packages/airflow/example_dags/example_setup_teardown_taskflow.py
[2024-12-22T02:54:44.745+0000] {logging_mixin.py:188} INFO - [2024-12-22T02:54:44.745+0000] {dag.py:3089} INFO - Sync 1 DAGs
[2024-12-22T02:54:44.757+0000] {logging_mixin.py:188} INFO - [2024-12-22T02:54:44.757+0000] {dag.py:3947} INFO - Setting next_dagrun for example_setup_teardown_taskflow to 2024-12-21 00:00:00+00:00, run_after=2024-12-22 00:00:00+00:00
[2024-12-22T02:54:44.769+0000] {processor.py:183} INFO - Processing /home/airflow/.local/lib/python3.12/site-packages/airflow/example_dags/example_setup_teardown_taskflow.py took 0.055 seconds
[2024-12-22T02:55:17.573+0000] {processor.py:161} INFO - Started process (PID=36885) to work on /home/airflow/.local/lib/python3.12/site-packages/airflow/example_dags/example_setup_teardown_taskflow.py
[2024-12-22T02:55:17.574+0000] {processor.py:830} INFO - Processing file /home/airflow/.local/lib/python3.12/site-packages/airflow/example_dags/example_setup_teardown_taskflow.py for tasks to queue
[2024-12-22T02:55:17.575+0000] {logging_mixin.py:188} INFO - [2024-12-22T02:55:17.575+0000] {dagbag.py:545} INFO - Filling up the DagBag from /home/airflow/.local/lib/python3.12/site-packages/airflow/example_dags/example_setup_teardown_taskflow.py
[2024-12-22T02:55:17.584+0000] {processor.py:840} INFO - DAG(s) 'example_setup_teardown_taskflow' retrieved from /home/airflow/.local/lib/python3.12/site-packages/airflow/example_dags/example_setup_teardown_taskflow.py
[2024-12-22T02:55:17.709+0000] {logging_mixin.py:188} INFO - [2024-12-22T02:55:17.708+0000] {dag.py:3089} INFO - Sync 1 DAGs
[2024-12-22T02:55:17.721+0000] {logging_mixin.py:188} INFO - [2024-12-22T02:55:17.721+0000] {dag.py:3947} INFO - Setting next_dagrun for example_setup_teardown_taskflow to 2024-12-21 00:00:00+00:00, run_after=2024-12-22 00:00:00+00:00
[2024-12-22T02:55:17.732+0000] {processor.py:183} INFO - Processing /home/airflow/.local/lib/python3.12/site-packages/airflow/example_dags/example_setup_teardown_taskflow.py took 0.167 seconds
[2024-12-22T02:55:49.589+0000] {processor.py:161} INFO - Started process (PID=37162) to work on /home/airflow/.local/lib/python3.12/site-packages/airflow/example_dags/example_setup_teardown_taskflow.py
[2024-12-22T02:55:49.590+0000] {processor.py:830} INFO - Processing file /home/airflow/.local/lib/python3.12/site-packages/airflow/example_dags/example_setup_teardown_taskflow.py for tasks to queue
[2024-12-22T02:55:49.591+0000] {logging_mixin.py:188} INFO - [2024-12-22T02:55:49.591+0000] {dagbag.py:545} INFO - Filling up the DagBag from /home/airflow/.local/lib/python3.12/site-packages/airflow/example_dags/example_setup_teardown_taskflow.py
[2024-12-22T02:55:49.598+0000] {processor.py:840} INFO - DAG(s) 'example_setup_teardown_taskflow' retrieved from /home/airflow/.local/lib/python3.12/site-packages/airflow/example_dags/example_setup_teardown_taskflow.py
[2024-12-22T02:55:49.614+0000] {logging_mixin.py:188} INFO - [2024-12-22T02:55:49.614+0000] {dag.py:3089} INFO - Sync 1 DAGs
[2024-12-22T02:55:49.628+0000] {logging_mixin.py:188} INFO - [2024-12-22T02:55:49.627+0000] {dag.py:3947} INFO - Setting next_dagrun for example_setup_teardown_taskflow to 2024-12-21 00:00:00+00:00, run_after=2024-12-22 00:00:00+00:00
[2024-12-22T02:55:49.644+0000] {processor.py:183} INFO - Processing /home/airflow/.local/lib/python3.12/site-packages/airflow/example_dags/example_setup_teardown_taskflow.py took 0.059 seconds
[2024-12-22T02:56:20.552+0000] {processor.py:161} INFO - Started process (PID=37441) to work on /home/airflow/.local/lib/python3.12/site-packages/airflow/example_dags/example_setup_teardown_taskflow.py
[2024-12-22T02:56:20.553+0000] {processor.py:830} INFO - Processing file /home/airflow/.local/lib/python3.12/site-packages/airflow/example_dags/example_setup_teardown_taskflow.py for tasks to queue
[2024-12-22T02:56:20.555+0000] {logging_mixin.py:188} INFO - [2024-12-22T02:56:20.554+0000] {dagbag.py:545} INFO - Filling up the DagBag from /home/airflow/.local/lib/python3.12/site-packages/airflow/example_dags/example_setup_teardown_taskflow.py
[2024-12-22T02:56:20.561+0000] {processor.py:840} INFO - DAG(s) 'example_setup_teardown_taskflow' retrieved from /home/airflow/.local/lib/python3.12/site-packages/airflow/example_dags/example_setup_teardown_taskflow.py
[2024-12-22T02:56:20.577+0000] {logging_mixin.py:188} INFO - [2024-12-22T02:56:20.577+0000] {dag.py:3089} INFO - Sync 1 DAGs
[2024-12-22T02:56:20.590+0000] {logging_mixin.py:188} INFO - [2024-12-22T02:56:20.590+0000] {dag.py:3947} INFO - Setting next_dagrun for example_setup_teardown_taskflow to 2024-12-21 00:00:00+00:00, run_after=2024-12-22 00:00:00+00:00
[2024-12-22T02:56:20.601+0000] {processor.py:183} INFO - Processing /home/airflow/.local/lib/python3.12/site-packages/airflow/example_dags/example_setup_teardown_taskflow.py took 0.054 seconds
[2024-12-22T02:56:51.331+0000] {processor.py:161} INFO - Started process (PID=37716) to work on /home/airflow/.local/lib/python3.12/site-packages/airflow/example_dags/example_setup_teardown_taskflow.py
[2024-12-22T02:56:51.331+0000] {processor.py:830} INFO - Processing file /home/airflow/.local/lib/python3.12/site-packages/airflow/example_dags/example_setup_teardown_taskflow.py for tasks to queue
[2024-12-22T02:56:51.333+0000] {logging_mixin.py:188} INFO - [2024-12-22T02:56:51.333+0000] {dagbag.py:545} INFO - Filling up the DagBag from /home/airflow/.local/lib/python3.12/site-packages/airflow/example_dags/example_setup_teardown_taskflow.py
[2024-12-22T02:56:51.339+0000] {processor.py:840} INFO - DAG(s) 'example_setup_teardown_taskflow' retrieved from /home/airflow/.local/lib/python3.12/site-packages/airflow/example_dags/example_setup_teardown_taskflow.py
[2024-12-22T02:56:51.358+0000] {logging_mixin.py:188} INFO - [2024-12-22T02:56:51.358+0000] {dag.py:3089} INFO - Sync 1 DAGs
[2024-12-22T02:56:51.371+0000] {logging_mixin.py:188} INFO - [2024-12-22T02:56:51.371+0000] {dag.py:3947} INFO - Setting next_dagrun for example_setup_teardown_taskflow to 2024-12-21 00:00:00+00:00, run_after=2024-12-22 00:00:00+00:00
[2024-12-22T02:56:51.385+0000] {processor.py:183} INFO - Processing /home/airflow/.local/lib/python3.12/site-packages/airflow/example_dags/example_setup_teardown_taskflow.py took 0.059 seconds
[2024-12-22T02:57:21.811+0000] {processor.py:161} INFO - Started process (PID=37996) to work on /home/airflow/.local/lib/python3.12/site-packages/airflow/example_dags/example_setup_teardown_taskflow.py
[2024-12-22T02:57:21.812+0000] {processor.py:830} INFO - Processing file /home/airflow/.local/lib/python3.12/site-packages/airflow/example_dags/example_setup_teardown_taskflow.py for tasks to queue
[2024-12-22T02:57:21.814+0000] {logging_mixin.py:188} INFO - [2024-12-22T02:57:21.814+0000] {dagbag.py:545} INFO - Filling up the DagBag from /home/airflow/.local/lib/python3.12/site-packages/airflow/example_dags/example_setup_teardown_taskflow.py
[2024-12-22T02:57:21.819+0000] {processor.py:840} INFO - DAG(s) 'example_setup_teardown_taskflow' retrieved from /home/airflow/.local/lib/python3.12/site-packages/airflow/example_dags/example_setup_teardown_taskflow.py
[2024-12-22T02:57:21.834+0000] {logging_mixin.py:188} INFO - [2024-12-22T02:57:21.834+0000] {dag.py:3089} INFO - Sync 1 DAGs
[2024-12-22T02:57:21.846+0000] {logging_mixin.py:188} INFO - [2024-12-22T02:57:21.846+0000] {dag.py:3947} INFO - Setting next_dagrun for example_setup_teardown_taskflow to 2024-12-21 00:00:00+00:00, run_after=2024-12-22 00:00:00+00:00
[2024-12-22T02:57:21.859+0000] {processor.py:183} INFO - Processing /home/airflow/.local/lib/python3.12/site-packages/airflow/example_dags/example_setup_teardown_taskflow.py took 0.052 seconds
[2024-12-22T02:57:52.851+0000] {processor.py:161} INFO - Started process (PID=38273) to work on /home/airflow/.local/lib/python3.12/site-packages/airflow/example_dags/example_setup_teardown_taskflow.py
[2024-12-22T02:57:52.851+0000] {processor.py:830} INFO - Processing file /home/airflow/.local/lib/python3.12/site-packages/airflow/example_dags/example_setup_teardown_taskflow.py for tasks to queue
[2024-12-22T02:57:52.853+0000] {logging_mixin.py:188} INFO - [2024-12-22T02:57:52.852+0000] {dagbag.py:545} INFO - Filling up the DagBag from /home/airflow/.local/lib/python3.12/site-packages/airflow/example_dags/example_setup_teardown_taskflow.py
[2024-12-22T02:57:52.859+0000] {processor.py:840} INFO - DAG(s) 'example_setup_teardown_taskflow' retrieved from /home/airflow/.local/lib/python3.12/site-packages/airflow/example_dags/example_setup_teardown_taskflow.py
[2024-12-22T02:57:52.873+0000] {logging_mixin.py:188} INFO - [2024-12-22T02:57:52.873+0000] {dag.py:3089} INFO - Sync 1 DAGs
[2024-12-22T02:57:52.885+0000] {logging_mixin.py:188} INFO - [2024-12-22T02:57:52.885+0000] {dag.py:3947} INFO - Setting next_dagrun for example_setup_teardown_taskflow to 2024-12-21 00:00:00+00:00, run_after=2024-12-22 00:00:00+00:00
[2024-12-22T02:57:52.895+0000] {processor.py:183} INFO - Processing /home/airflow/.local/lib/python3.12/site-packages/airflow/example_dags/example_setup_teardown_taskflow.py took 0.048 seconds
[2024-12-22T02:58:25.285+0000] {processor.py:161} INFO - Started process (PID=38549) to work on /home/airflow/.local/lib/python3.12/site-packages/airflow/example_dags/example_setup_teardown_taskflow.py
[2024-12-22T02:58:25.286+0000] {processor.py:830} INFO - Processing file /home/airflow/.local/lib/python3.12/site-packages/airflow/example_dags/example_setup_teardown_taskflow.py for tasks to queue
[2024-12-22T02:58:25.287+0000] {logging_mixin.py:188} INFO - [2024-12-22T02:58:25.287+0000] {dagbag.py:545} INFO - Filling up the DagBag from /home/airflow/.local/lib/python3.12/site-packages/airflow/example_dags/example_setup_teardown_taskflow.py
[2024-12-22T02:58:25.292+0000] {processor.py:840} INFO - DAG(s) 'example_setup_teardown_taskflow' retrieved from /home/airflow/.local/lib/python3.12/site-packages/airflow/example_dags/example_setup_teardown_taskflow.py
[2024-12-22T02:58:25.308+0000] {logging_mixin.py:188} INFO - [2024-12-22T02:58:25.308+0000] {dag.py:3089} INFO - Sync 1 DAGs
[2024-12-22T02:58:25.322+0000] {logging_mixin.py:188} INFO - [2024-12-22T02:58:25.322+0000] {dag.py:3947} INFO - Setting next_dagrun for example_setup_teardown_taskflow to 2024-12-21 00:00:00+00:00, run_after=2024-12-22 00:00:00+00:00
[2024-12-22T02:58:25.332+0000] {processor.py:183} INFO - Processing /home/airflow/.local/lib/python3.12/site-packages/airflow/example_dags/example_setup_teardown_taskflow.py took 0.051 seconds
[2024-12-22T02:58:57.668+0000] {processor.py:161} INFO - Started process (PID=38826) to work on /home/airflow/.local/lib/python3.12/site-packages/airflow/example_dags/example_setup_teardown_taskflow.py
[2024-12-22T02:58:57.669+0000] {processor.py:830} INFO - Processing file /home/airflow/.local/lib/python3.12/site-packages/airflow/example_dags/example_setup_teardown_taskflow.py for tasks to queue
[2024-12-22T02:58:57.670+0000] {logging_mixin.py:188} INFO - [2024-12-22T02:58:57.670+0000] {dagbag.py:545} INFO - Filling up the DagBag from /home/airflow/.local/lib/python3.12/site-packages/airflow/example_dags/example_setup_teardown_taskflow.py
[2024-12-22T02:58:57.676+0000] {processor.py:840} INFO - DAG(s) 'example_setup_teardown_taskflow' retrieved from /home/airflow/.local/lib/python3.12/site-packages/airflow/example_dags/example_setup_teardown_taskflow.py
[2024-12-22T02:58:57.693+0000] {logging_mixin.py:188} INFO - [2024-12-22T02:58:57.693+0000] {dag.py:3089} INFO - Sync 1 DAGs
[2024-12-22T02:58:57.706+0000] {logging_mixin.py:188} INFO - [2024-12-22T02:58:57.705+0000] {dag.py:3947} INFO - Setting next_dagrun for example_setup_teardown_taskflow to 2024-12-21 00:00:00+00:00, run_after=2024-12-22 00:00:00+00:00
[2024-12-22T02:58:57.715+0000] {processor.py:183} INFO - Processing /home/airflow/.local/lib/python3.12/site-packages/airflow/example_dags/example_setup_teardown_taskflow.py took 0.051 seconds
[2024-12-22T02:59:30.124+0000] {processor.py:161} INFO - Started process (PID=39103) to work on /home/airflow/.local/lib/python3.12/site-packages/airflow/example_dags/example_setup_teardown_taskflow.py
[2024-12-22T02:59:30.125+0000] {processor.py:830} INFO - Processing file /home/airflow/.local/lib/python3.12/site-packages/airflow/example_dags/example_setup_teardown_taskflow.py for tasks to queue
[2024-12-22T02:59:30.126+0000] {logging_mixin.py:188} INFO - [2024-12-22T02:59:30.126+0000] {dagbag.py:545} INFO - Filling up the DagBag from /home/airflow/.local/lib/python3.12/site-packages/airflow/example_dags/example_setup_teardown_taskflow.py
[2024-12-22T02:59:30.133+0000] {processor.py:840} INFO - DAG(s) 'example_setup_teardown_taskflow' retrieved from /home/airflow/.local/lib/python3.12/site-packages/airflow/example_dags/example_setup_teardown_taskflow.py
[2024-12-22T02:59:30.148+0000] {logging_mixin.py:188} INFO - [2024-12-22T02:59:30.148+0000] {dag.py:3089} INFO - Sync 1 DAGs
[2024-12-22T02:59:30.161+0000] {logging_mixin.py:188} INFO - [2024-12-22T02:59:30.161+0000] {dag.py:3947} INFO - Setting next_dagrun for example_setup_teardown_taskflow to 2024-12-21 00:00:00+00:00, run_after=2024-12-22 00:00:00+00:00
[2024-12-22T02:59:30.172+0000] {processor.py:183} INFO - Processing /home/airflow/.local/lib/python3.12/site-packages/airflow/example_dags/example_setup_teardown_taskflow.py took 0.052 seconds
[2024-12-22T03:00:01.213+0000] {processor.py:161} INFO - Started process (PID=39380) to work on /home/airflow/.local/lib/python3.12/site-packages/airflow/example_dags/example_setup_teardown_taskflow.py
[2024-12-22T03:00:01.213+0000] {processor.py:830} INFO - Processing file /home/airflow/.local/lib/python3.12/site-packages/airflow/example_dags/example_setup_teardown_taskflow.py for tasks to queue
[2024-12-22T03:00:01.215+0000] {logging_mixin.py:188} INFO - [2024-12-22T03:00:01.214+0000] {dagbag.py:545} INFO - Filling up the DagBag from /home/airflow/.local/lib/python3.12/site-packages/airflow/example_dags/example_setup_teardown_taskflow.py
[2024-12-22T03:00:01.221+0000] {processor.py:840} INFO - DAG(s) 'example_setup_teardown_taskflow' retrieved from /home/airflow/.local/lib/python3.12/site-packages/airflow/example_dags/example_setup_teardown_taskflow.py
[2024-12-22T03:00:01.238+0000] {logging_mixin.py:188} INFO - [2024-12-22T03:00:01.237+0000] {dag.py:3089} INFO - Sync 1 DAGs
[2024-12-22T03:00:01.250+0000] {logging_mixin.py:188} INFO - [2024-12-22T03:00:01.250+0000] {dag.py:3947} INFO - Setting next_dagrun for example_setup_teardown_taskflow to 2024-12-21 00:00:00+00:00, run_after=2024-12-22 00:00:00+00:00
[2024-12-22T03:00:01.263+0000] {processor.py:183} INFO - Processing /home/airflow/.local/lib/python3.12/site-packages/airflow/example_dags/example_setup_teardown_taskflow.py took 0.054 seconds
[2024-12-22T03:00:31.967+0000] {processor.py:161} INFO - Started process (PID=39659) to work on /home/airflow/.local/lib/python3.12/site-packages/airflow/example_dags/example_setup_teardown_taskflow.py
[2024-12-22T03:00:31.968+0000] {processor.py:830} INFO - Processing file /home/airflow/.local/lib/python3.12/site-packages/airflow/example_dags/example_setup_teardown_taskflow.py for tasks to queue
[2024-12-22T03:00:31.969+0000] {logging_mixin.py:188} INFO - [2024-12-22T03:00:31.969+0000] {dagbag.py:545} INFO - Filling up the DagBag from /home/airflow/.local/lib/python3.12/site-packages/airflow/example_dags/example_setup_teardown_taskflow.py
[2024-12-22T03:00:31.974+0000] {processor.py:840} INFO - DAG(s) 'example_setup_teardown_taskflow' retrieved from /home/airflow/.local/lib/python3.12/site-packages/airflow/example_dags/example_setup_teardown_taskflow.py
[2024-12-22T03:00:31.989+0000] {logging_mixin.py:188} INFO - [2024-12-22T03:00:31.989+0000] {dag.py:3089} INFO - Sync 1 DAGs
[2024-12-22T03:00:32.001+0000] {logging_mixin.py:188} INFO - [2024-12-22T03:00:32.001+0000] {dag.py:3947} INFO - Setting next_dagrun for example_setup_teardown_taskflow to 2024-12-21 00:00:00+00:00, run_after=2024-12-22 00:00:00+00:00
[2024-12-22T03:00:32.012+0000] {processor.py:183} INFO - Processing /home/airflow/.local/lib/python3.12/site-packages/airflow/example_dags/example_setup_teardown_taskflow.py took 0.050 seconds
[2024-12-22T03:01:02.730+0000] {processor.py:161} INFO - Started process (PID=39934) to work on /home/airflow/.local/lib/python3.12/site-packages/airflow/example_dags/example_setup_teardown_taskflow.py
[2024-12-22T03:01:02.731+0000] {processor.py:830} INFO - Processing file /home/airflow/.local/lib/python3.12/site-packages/airflow/example_dags/example_setup_teardown_taskflow.py for tasks to queue
[2024-12-22T03:01:02.733+0000] {logging_mixin.py:188} INFO - [2024-12-22T03:01:02.733+0000] {dagbag.py:545} INFO - Filling up the DagBag from /home/airflow/.local/lib/python3.12/site-packages/airflow/example_dags/example_setup_teardown_taskflow.py
[2024-12-22T03:01:02.740+0000] {processor.py:840} INFO - DAG(s) 'example_setup_teardown_taskflow' retrieved from /home/airflow/.local/lib/python3.12/site-packages/airflow/example_dags/example_setup_teardown_taskflow.py
[2024-12-22T03:01:02.756+0000] {logging_mixin.py:188} INFO - [2024-12-22T03:01:02.756+0000] {dag.py:3089} INFO - Sync 1 DAGs
[2024-12-22T03:01:02.770+0000] {logging_mixin.py:188} INFO - [2024-12-22T03:01:02.769+0000] {dag.py:3947} INFO - Setting next_dagrun for example_setup_teardown_taskflow to 2024-12-21 00:00:00+00:00, run_after=2024-12-22 00:00:00+00:00
[2024-12-22T03:01:02.782+0000] {processor.py:183} INFO - Processing /home/airflow/.local/lib/python3.12/site-packages/airflow/example_dags/example_setup_teardown_taskflow.py took 0.056 seconds
[2024-12-22T03:01:33.755+0000] {processor.py:161} INFO - Started process (PID=40212) to work on /home/airflow/.local/lib/python3.12/site-packages/airflow/example_dags/example_setup_teardown_taskflow.py
[2024-12-22T03:01:33.756+0000] {processor.py:830} INFO - Processing file /home/airflow/.local/lib/python3.12/site-packages/airflow/example_dags/example_setup_teardown_taskflow.py for tasks to queue
[2024-12-22T03:01:33.757+0000] {logging_mixin.py:188} INFO - [2024-12-22T03:01:33.757+0000] {dagbag.py:545} INFO - Filling up the DagBag from /home/airflow/.local/lib/python3.12/site-packages/airflow/example_dags/example_setup_teardown_taskflow.py
[2024-12-22T03:01:33.765+0000] {processor.py:840} INFO - DAG(s) 'example_setup_teardown_taskflow' retrieved from /home/airflow/.local/lib/python3.12/site-packages/airflow/example_dags/example_setup_teardown_taskflow.py
[2024-12-22T03:01:33.788+0000] {logging_mixin.py:188} INFO - [2024-12-22T03:01:33.788+0000] {dag.py:3089} INFO - Sync 1 DAGs
[2024-12-22T03:01:33.801+0000] {logging_mixin.py:188} INFO - [2024-12-22T03:01:33.801+0000] {dag.py:3947} INFO - Setting next_dagrun for example_setup_teardown_taskflow to 2024-12-21 00:00:00+00:00, run_after=2024-12-22 00:00:00+00:00
[2024-12-22T03:01:33.813+0000] {processor.py:183} INFO - Processing /home/airflow/.local/lib/python3.12/site-packages/airflow/example_dags/example_setup_teardown_taskflow.py took 0.063 seconds
[2024-12-22T03:02:06.259+0000] {processor.py:161} INFO - Started process (PID=40491) to work on /home/airflow/.local/lib/python3.12/site-packages/airflow/example_dags/example_setup_teardown_taskflow.py
[2024-12-22T03:02:06.260+0000] {processor.py:830} INFO - Processing file /home/airflow/.local/lib/python3.12/site-packages/airflow/example_dags/example_setup_teardown_taskflow.py for tasks to queue
[2024-12-22T03:02:06.261+0000] {logging_mixin.py:188} INFO - [2024-12-22T03:02:06.261+0000] {dagbag.py:545} INFO - Filling up the DagBag from /home/airflow/.local/lib/python3.12/site-packages/airflow/example_dags/example_setup_teardown_taskflow.py
[2024-12-22T03:02:06.267+0000] {processor.py:840} INFO - DAG(s) 'example_setup_teardown_taskflow' retrieved from /home/airflow/.local/lib/python3.12/site-packages/airflow/example_dags/example_setup_teardown_taskflow.py
[2024-12-22T03:02:06.283+0000] {logging_mixin.py:188} INFO - [2024-12-22T03:02:06.283+0000] {dag.py:3089} INFO - Sync 1 DAGs
[2024-12-22T03:02:06.294+0000] {logging_mixin.py:188} INFO - [2024-12-22T03:02:06.294+0000] {dag.py:3947} INFO - Setting next_dagrun for example_setup_teardown_taskflow to 2024-12-21 00:00:00+00:00, run_after=2024-12-22 00:00:00+00:00
[2024-12-22T03:02:06.305+0000] {processor.py:183} INFO - Processing /home/airflow/.local/lib/python3.12/site-packages/airflow/example_dags/example_setup_teardown_taskflow.py took 0.050 seconds
[2024-12-22T03:02:38.723+0000] {processor.py:161} INFO - Started process (PID=40768) to work on /home/airflow/.local/lib/python3.12/site-packages/airflow/example_dags/example_setup_teardown_taskflow.py
[2024-12-22T03:02:38.724+0000] {processor.py:830} INFO - Processing file /home/airflow/.local/lib/python3.12/site-packages/airflow/example_dags/example_setup_teardown_taskflow.py for tasks to queue
[2024-12-22T03:02:38.726+0000] {logging_mixin.py:188} INFO - [2024-12-22T03:02:38.726+0000] {dagbag.py:545} INFO - Filling up the DagBag from /home/airflow/.local/lib/python3.12/site-packages/airflow/example_dags/example_setup_teardown_taskflow.py
[2024-12-22T03:02:38.731+0000] {processor.py:840} INFO - DAG(s) 'example_setup_teardown_taskflow' retrieved from /home/airflow/.local/lib/python3.12/site-packages/airflow/example_dags/example_setup_teardown_taskflow.py
[2024-12-22T03:02:38.745+0000] {logging_mixin.py:188} INFO - [2024-12-22T03:02:38.745+0000] {dag.py:3089} INFO - Sync 1 DAGs
[2024-12-22T03:02:38.758+0000] {logging_mixin.py:188} INFO - [2024-12-22T03:02:38.758+0000] {dag.py:3947} INFO - Setting next_dagrun for example_setup_teardown_taskflow to 2024-12-21 00:00:00+00:00, run_after=2024-12-22 00:00:00+00:00
[2024-12-22T03:02:38.771+0000] {processor.py:183} INFO - Processing /home/airflow/.local/lib/python3.12/site-packages/airflow/example_dags/example_setup_teardown_taskflow.py took 0.052 seconds
[2024-12-22T03:03:12.044+0000] {processor.py:161} INFO - Started process (PID=41043) to work on /home/airflow/.local/lib/python3.12/site-packages/airflow/example_dags/example_setup_teardown_taskflow.py
[2024-12-22T03:03:12.045+0000] {processor.py:830} INFO - Processing file /home/airflow/.local/lib/python3.12/site-packages/airflow/example_dags/example_setup_teardown_taskflow.py for tasks to queue
[2024-12-22T03:03:12.046+0000] {logging_mixin.py:188} INFO - [2024-12-22T03:03:12.046+0000] {dagbag.py:545} INFO - Filling up the DagBag from /home/airflow/.local/lib/python3.12/site-packages/airflow/example_dags/example_setup_teardown_taskflow.py
[2024-12-22T03:03:12.052+0000] {processor.py:840} INFO - DAG(s) 'example_setup_teardown_taskflow' retrieved from /home/airflow/.local/lib/python3.12/site-packages/airflow/example_dags/example_setup_teardown_taskflow.py
[2024-12-22T03:03:12.066+0000] {logging_mixin.py:188} INFO - [2024-12-22T03:03:12.065+0000] {dag.py:3089} INFO - Sync 1 DAGs
[2024-12-22T03:03:12.078+0000] {logging_mixin.py:188} INFO - [2024-12-22T03:03:12.078+0000] {dag.py:3947} INFO - Setting next_dagrun for example_setup_teardown_taskflow to 2024-12-21 00:00:00+00:00, run_after=2024-12-22 00:00:00+00:00
[2024-12-22T03:03:12.091+0000] {processor.py:183} INFO - Processing /home/airflow/.local/lib/python3.12/site-packages/airflow/example_dags/example_setup_teardown_taskflow.py took 0.050 seconds
[2024-12-22T03:03:42.175+0000] {processor.py:161} INFO - Started process (PID=41320) to work on /home/airflow/.local/lib/python3.12/site-packages/airflow/example_dags/example_setup_teardown_taskflow.py
[2024-12-22T03:03:42.176+0000] {processor.py:830} INFO - Processing file /home/airflow/.local/lib/python3.12/site-packages/airflow/example_dags/example_setup_teardown_taskflow.py for tasks to queue
[2024-12-22T03:03:42.177+0000] {logging_mixin.py:188} INFO - [2024-12-22T03:03:42.177+0000] {dagbag.py:545} INFO - Filling up the DagBag from /home/airflow/.local/lib/python3.12/site-packages/airflow/example_dags/example_setup_teardown_taskflow.py
[2024-12-22T03:03:42.183+0000] {processor.py:840} INFO - DAG(s) 'example_setup_teardown_taskflow' retrieved from /home/airflow/.local/lib/python3.12/site-packages/airflow/example_dags/example_setup_teardown_taskflow.py
[2024-12-22T03:03:42.199+0000] {logging_mixin.py:188} INFO - [2024-12-22T03:03:42.199+0000] {dag.py:3089} INFO - Sync 1 DAGs
[2024-12-22T03:03:42.213+0000] {logging_mixin.py:188} INFO - [2024-12-22T03:03:42.213+0000] {dag.py:3947} INFO - Setting next_dagrun for example_setup_teardown_taskflow to 2024-12-21 00:00:00+00:00, run_after=2024-12-22 00:00:00+00:00
[2024-12-22T03:03:42.226+0000] {processor.py:183} INFO - Processing /home/airflow/.local/lib/python3.12/site-packages/airflow/example_dags/example_setup_teardown_taskflow.py took 0.057 seconds
[2024-12-22T03:04:13.139+0000] {processor.py:161} INFO - Started process (PID=41598) to work on /home/airflow/.local/lib/python3.12/site-packages/airflow/example_dags/example_setup_teardown_taskflow.py
[2024-12-22T03:04:13.140+0000] {processor.py:830} INFO - Processing file /home/airflow/.local/lib/python3.12/site-packages/airflow/example_dags/example_setup_teardown_taskflow.py for tasks to queue
[2024-12-22T03:04:13.141+0000] {logging_mixin.py:188} INFO - [2024-12-22T03:04:13.141+0000] {dagbag.py:545} INFO - Filling up the DagBag from /home/airflow/.local/lib/python3.12/site-packages/airflow/example_dags/example_setup_teardown_taskflow.py
[2024-12-22T03:04:13.148+0000] {processor.py:840} INFO - DAG(s) 'example_setup_teardown_taskflow' retrieved from /home/airflow/.local/lib/python3.12/site-packages/airflow/example_dags/example_setup_teardown_taskflow.py
[2024-12-22T03:04:13.173+0000] {logging_mixin.py:188} INFO - [2024-12-22T03:04:13.173+0000] {dag.py:3089} INFO - Sync 1 DAGs
[2024-12-22T03:04:13.189+0000] {logging_mixin.py:188} INFO - [2024-12-22T03:04:13.188+0000] {dag.py:3947} INFO - Setting next_dagrun for example_setup_teardown_taskflow to 2024-12-21 00:00:00+00:00, run_after=2024-12-22 00:00:00+00:00
[2024-12-22T03:04:13.202+0000] {processor.py:183} INFO - Processing /home/airflow/.local/lib/python3.12/site-packages/airflow/example_dags/example_setup_teardown_taskflow.py took 0.067 seconds
