[2024-12-22T01:45:52.873+0000] {processor.py:161} INFO - Started process (PID=400) to work on /home/airflow/.local/lib/python3.12/site-packages/airflow/example_dags/example_nested_branch_dag.py
[2024-12-22T01:45:52.873+0000] {processor.py:830} INFO - Processing file /home/airflow/.local/lib/python3.12/site-packages/airflow/example_dags/example_nested_branch_dag.py for tasks to queue
[2024-12-22T01:45:52.875+0000] {logging_mixin.py:188} INFO - [2024-12-22T01:45:52.875+0000] {dagbag.py:545} INFO - Filling up the DagBag from /home/airflow/.local/lib/python3.12/site-packages/airflow/example_dags/example_nested_branch_dag.py
[2024-12-22T01:45:52.883+0000] {processor.py:840} INFO - DAG(s) 'example_nested_branch_dag' retrieved from /home/airflow/.local/lib/python3.12/site-packages/airflow/example_dags/example_nested_branch_dag.py
[2024-12-22T01:45:52.891+0000] {logging_mixin.py:188} INFO - [2024-12-22T01:45:52.891+0000] {dag.py:3089} INFO - Sync 1 DAGs
[2024-12-22T01:45:52.906+0000] {logging_mixin.py:188} INFO - [2024-12-22T01:45:52.906+0000] {dag.py:3947} INFO - Setting next_dagrun for example_nested_branch_dag to 2024-12-21 00:00:00+00:00, run_after=2024-12-22 00:00:00+00:00
[2024-12-22T01:45:52.918+0000] {processor.py:183} INFO - Processing /home/airflow/.local/lib/python3.12/site-packages/airflow/example_dags/example_nested_branch_dag.py took 0.050 seconds
[2024-12-22T01:46:23.570+0000] {processor.py:161} INFO - Started process (PID=677) to work on /home/airflow/.local/lib/python3.12/site-packages/airflow/example_dags/example_nested_branch_dag.py
[2024-12-22T01:46:23.571+0000] {processor.py:830} INFO - Processing file /home/airflow/.local/lib/python3.12/site-packages/airflow/example_dags/example_nested_branch_dag.py for tasks to queue
[2024-12-22T01:46:23.572+0000] {logging_mixin.py:188} INFO - [2024-12-22T01:46:23.572+0000] {dagbag.py:545} INFO - Filling up the DagBag from /home/airflow/.local/lib/python3.12/site-packages/airflow/example_dags/example_nested_branch_dag.py
[2024-12-22T01:46:23.578+0000] {processor.py:840} INFO - DAG(s) 'example_nested_branch_dag' retrieved from /home/airflow/.local/lib/python3.12/site-packages/airflow/example_dags/example_nested_branch_dag.py
[2024-12-22T01:46:23.630+0000] {logging_mixin.py:188} INFO - [2024-12-22T01:46:23.630+0000] {dag.py:3089} INFO - Sync 1 DAGs
[2024-12-22T01:46:23.640+0000] {logging_mixin.py:188} INFO - [2024-12-22T01:46:23.640+0000] {dag.py:3947} INFO - Setting next_dagrun for example_nested_branch_dag to 2024-12-21 00:00:00+00:00, run_after=2024-12-22 00:00:00+00:00
[2024-12-22T01:46:23.651+0000] {processor.py:183} INFO - Processing /home/airflow/.local/lib/python3.12/site-packages/airflow/example_dags/example_nested_branch_dag.py took 0.085 seconds
[2024-12-22T01:46:53.710+0000] {processor.py:161} INFO - Started process (PID=950) to work on /home/airflow/.local/lib/python3.12/site-packages/airflow/example_dags/example_nested_branch_dag.py
[2024-12-22T01:46:53.710+0000] {processor.py:830} INFO - Processing file /home/airflow/.local/lib/python3.12/site-packages/airflow/example_dags/example_nested_branch_dag.py for tasks to queue
[2024-12-22T01:46:53.712+0000] {logging_mixin.py:188} INFO - [2024-12-22T01:46:53.712+0000] {dagbag.py:545} INFO - Filling up the DagBag from /home/airflow/.local/lib/python3.12/site-packages/airflow/example_dags/example_nested_branch_dag.py
[2024-12-22T01:46:53.717+0000] {processor.py:840} INFO - DAG(s) 'example_nested_branch_dag' retrieved from /home/airflow/.local/lib/python3.12/site-packages/airflow/example_dags/example_nested_branch_dag.py
[2024-12-22T01:46:53.729+0000] {logging_mixin.py:188} INFO - [2024-12-22T01:46:53.728+0000] {dag.py:3089} INFO - Sync 1 DAGs
[2024-12-22T01:46:53.739+0000] {logging_mixin.py:188} INFO - [2024-12-22T01:46:53.738+0000] {dag.py:3947} INFO - Setting next_dagrun for example_nested_branch_dag to 2024-12-21 00:00:00+00:00, run_after=2024-12-22 00:00:00+00:00
[2024-12-22T01:46:53.747+0000] {processor.py:183} INFO - Processing /home/airflow/.local/lib/python3.12/site-packages/airflow/example_dags/example_nested_branch_dag.py took 0.041 seconds
[2024-12-22T01:47:23.816+0000] {processor.py:161} INFO - Started process (PID=1225) to work on /home/airflow/.local/lib/python3.12/site-packages/airflow/example_dags/example_nested_branch_dag.py
[2024-12-22T01:47:23.817+0000] {processor.py:830} INFO - Processing file /home/airflow/.local/lib/python3.12/site-packages/airflow/example_dags/example_nested_branch_dag.py for tasks to queue
[2024-12-22T01:47:23.818+0000] {logging_mixin.py:188} INFO - [2024-12-22T01:47:23.818+0000] {dagbag.py:545} INFO - Filling up the DagBag from /home/airflow/.local/lib/python3.12/site-packages/airflow/example_dags/example_nested_branch_dag.py
[2024-12-22T01:47:23.825+0000] {processor.py:840} INFO - DAG(s) 'example_nested_branch_dag' retrieved from /home/airflow/.local/lib/python3.12/site-packages/airflow/example_dags/example_nested_branch_dag.py
[2024-12-22T01:47:23.838+0000] {logging_mixin.py:188} INFO - [2024-12-22T01:47:23.838+0000] {dag.py:3089} INFO - Sync 1 DAGs
[2024-12-22T01:47:23.851+0000] {logging_mixin.py:188} INFO - [2024-12-22T01:47:23.851+0000] {dag.py:3947} INFO - Setting next_dagrun for example_nested_branch_dag to 2024-12-21 00:00:00+00:00, run_after=2024-12-22 00:00:00+00:00
[2024-12-22T01:47:23.864+0000] {processor.py:183} INFO - Processing /home/airflow/.local/lib/python3.12/site-packages/airflow/example_dags/example_nested_branch_dag.py took 0.051 seconds
[2024-12-22T01:47:54.394+0000] {processor.py:161} INFO - Started process (PID=1503) to work on /home/airflow/.local/lib/python3.12/site-packages/airflow/example_dags/example_nested_branch_dag.py
[2024-12-22T01:47:54.394+0000] {processor.py:830} INFO - Processing file /home/airflow/.local/lib/python3.12/site-packages/airflow/example_dags/example_nested_branch_dag.py for tasks to queue
[2024-12-22T01:47:54.396+0000] {logging_mixin.py:188} INFO - [2024-12-22T01:47:54.395+0000] {dagbag.py:545} INFO - Filling up the DagBag from /home/airflow/.local/lib/python3.12/site-packages/airflow/example_dags/example_nested_branch_dag.py
[2024-12-22T01:47:54.402+0000] {processor.py:840} INFO - DAG(s) 'example_nested_branch_dag' retrieved from /home/airflow/.local/lib/python3.12/site-packages/airflow/example_dags/example_nested_branch_dag.py
[2024-12-22T01:47:54.415+0000] {logging_mixin.py:188} INFO - [2024-12-22T01:47:54.415+0000] {dag.py:3089} INFO - Sync 1 DAGs
[2024-12-22T01:47:54.426+0000] {logging_mixin.py:188} INFO - [2024-12-22T01:47:54.426+0000] {dag.py:3947} INFO - Setting next_dagrun for example_nested_branch_dag to 2024-12-21 00:00:00+00:00, run_after=2024-12-22 00:00:00+00:00
[2024-12-22T01:47:54.436+0000] {processor.py:183} INFO - Processing /home/airflow/.local/lib/python3.12/site-packages/airflow/example_dags/example_nested_branch_dag.py took 0.047 seconds
[2024-12-22T01:48:24.602+0000] {processor.py:161} INFO - Started process (PID=1780) to work on /home/airflow/.local/lib/python3.12/site-packages/airflow/example_dags/example_nested_branch_dag.py
[2024-12-22T01:48:24.602+0000] {processor.py:830} INFO - Processing file /home/airflow/.local/lib/python3.12/site-packages/airflow/example_dags/example_nested_branch_dag.py for tasks to queue
[2024-12-22T01:48:24.605+0000] {logging_mixin.py:188} INFO - [2024-12-22T01:48:24.605+0000] {dagbag.py:545} INFO - Filling up the DagBag from /home/airflow/.local/lib/python3.12/site-packages/airflow/example_dags/example_nested_branch_dag.py
[2024-12-22T01:48:24.610+0000] {processor.py:840} INFO - DAG(s) 'example_nested_branch_dag' retrieved from /home/airflow/.local/lib/python3.12/site-packages/airflow/example_dags/example_nested_branch_dag.py
[2024-12-22T01:48:24.625+0000] {logging_mixin.py:188} INFO - [2024-12-22T01:48:24.625+0000] {dag.py:3089} INFO - Sync 1 DAGs
[2024-12-22T01:48:24.637+0000] {logging_mixin.py:188} INFO - [2024-12-22T01:48:24.636+0000] {dag.py:3947} INFO - Setting next_dagrun for example_nested_branch_dag to 2024-12-21 00:00:00+00:00, run_after=2024-12-22 00:00:00+00:00
[2024-12-22T01:48:24.648+0000] {processor.py:183} INFO - Processing /home/airflow/.local/lib/python3.12/site-packages/airflow/example_dags/example_nested_branch_dag.py took 0.051 seconds
[2024-12-22T01:48:54.962+0000] {processor.py:161} INFO - Started process (PID=2059) to work on /home/airflow/.local/lib/python3.12/site-packages/airflow/example_dags/example_nested_branch_dag.py
[2024-12-22T01:48:54.963+0000] {processor.py:830} INFO - Processing file /home/airflow/.local/lib/python3.12/site-packages/airflow/example_dags/example_nested_branch_dag.py for tasks to queue
[2024-12-22T01:48:54.964+0000] {logging_mixin.py:188} INFO - [2024-12-22T01:48:54.964+0000] {dagbag.py:545} INFO - Filling up the DagBag from /home/airflow/.local/lib/python3.12/site-packages/airflow/example_dags/example_nested_branch_dag.py
[2024-12-22T01:48:54.971+0000] {processor.py:840} INFO - DAG(s) 'example_nested_branch_dag' retrieved from /home/airflow/.local/lib/python3.12/site-packages/airflow/example_dags/example_nested_branch_dag.py
[2024-12-22T01:48:54.985+0000] {logging_mixin.py:188} INFO - [2024-12-22T01:48:54.985+0000] {dag.py:3089} INFO - Sync 1 DAGs
[2024-12-22T01:48:54.999+0000] {logging_mixin.py:188} INFO - [2024-12-22T01:48:54.998+0000] {dag.py:3947} INFO - Setting next_dagrun for example_nested_branch_dag to 2024-12-21 00:00:00+00:00, run_after=2024-12-22 00:00:00+00:00
[2024-12-22T01:48:55.009+0000] {processor.py:183} INFO - Processing /home/airflow/.local/lib/python3.12/site-packages/airflow/example_dags/example_nested_branch_dag.py took 0.052 seconds
[2024-12-22T01:49:25.557+0000] {processor.py:161} INFO - Started process (PID=2334) to work on /home/airflow/.local/lib/python3.12/site-packages/airflow/example_dags/example_nested_branch_dag.py
[2024-12-22T01:49:25.557+0000] {processor.py:830} INFO - Processing file /home/airflow/.local/lib/python3.12/site-packages/airflow/example_dags/example_nested_branch_dag.py for tasks to queue
[2024-12-22T01:49:25.559+0000] {logging_mixin.py:188} INFO - [2024-12-22T01:49:25.558+0000] {dagbag.py:545} INFO - Filling up the DagBag from /home/airflow/.local/lib/python3.12/site-packages/airflow/example_dags/example_nested_branch_dag.py
[2024-12-22T01:49:25.566+0000] {processor.py:840} INFO - DAG(s) 'example_nested_branch_dag' retrieved from /home/airflow/.local/lib/python3.12/site-packages/airflow/example_dags/example_nested_branch_dag.py
[2024-12-22T01:49:25.582+0000] {logging_mixin.py:188} INFO - [2024-12-22T01:49:25.582+0000] {dag.py:3089} INFO - Sync 1 DAGs
[2024-12-22T01:49:25.597+0000] {logging_mixin.py:188} INFO - [2024-12-22T01:49:25.597+0000] {dag.py:3947} INFO - Setting next_dagrun for example_nested_branch_dag to 2024-12-21 00:00:00+00:00, run_after=2024-12-22 00:00:00+00:00
[2024-12-22T01:49:25.609+0000] {processor.py:183} INFO - Processing /home/airflow/.local/lib/python3.12/site-packages/airflow/example_dags/example_nested_branch_dag.py took 0.057 seconds
[2024-12-22T01:49:55.735+0000] {processor.py:161} INFO - Started process (PID=2611) to work on /home/airflow/.local/lib/python3.12/site-packages/airflow/example_dags/example_nested_branch_dag.py
[2024-12-22T01:49:55.735+0000] {processor.py:830} INFO - Processing file /home/airflow/.local/lib/python3.12/site-packages/airflow/example_dags/example_nested_branch_dag.py for tasks to queue
[2024-12-22T01:49:55.736+0000] {logging_mixin.py:188} INFO - [2024-12-22T01:49:55.736+0000] {dagbag.py:545} INFO - Filling up the DagBag from /home/airflow/.local/lib/python3.12/site-packages/airflow/example_dags/example_nested_branch_dag.py
[2024-12-22T01:49:55.742+0000] {processor.py:840} INFO - DAG(s) 'example_nested_branch_dag' retrieved from /home/airflow/.local/lib/python3.12/site-packages/airflow/example_dags/example_nested_branch_dag.py
[2024-12-22T01:49:55.755+0000] {logging_mixin.py:188} INFO - [2024-12-22T01:49:55.755+0000] {dag.py:3089} INFO - Sync 1 DAGs
[2024-12-22T01:49:55.766+0000] {logging_mixin.py:188} INFO - [2024-12-22T01:49:55.766+0000] {dag.py:3947} INFO - Setting next_dagrun for example_nested_branch_dag to 2024-12-21 00:00:00+00:00, run_after=2024-12-22 00:00:00+00:00
[2024-12-22T01:49:55.776+0000] {processor.py:183} INFO - Processing /home/airflow/.local/lib/python3.12/site-packages/airflow/example_dags/example_nested_branch_dag.py took 0.045 seconds
[2024-12-22T01:50:26.619+0000] {processor.py:161} INFO - Started process (PID=2888) to work on /home/airflow/.local/lib/python3.12/site-packages/airflow/example_dags/example_nested_branch_dag.py
[2024-12-22T01:50:26.620+0000] {processor.py:830} INFO - Processing file /home/airflow/.local/lib/python3.12/site-packages/airflow/example_dags/example_nested_branch_dag.py for tasks to queue
[2024-12-22T01:50:26.621+0000] {logging_mixin.py:188} INFO - [2024-12-22T01:50:26.621+0000] {dagbag.py:545} INFO - Filling up the DagBag from /home/airflow/.local/lib/python3.12/site-packages/airflow/example_dags/example_nested_branch_dag.py
[2024-12-22T01:50:26.627+0000] {processor.py:840} INFO - DAG(s) 'example_nested_branch_dag' retrieved from /home/airflow/.local/lib/python3.12/site-packages/airflow/example_dags/example_nested_branch_dag.py
[2024-12-22T01:50:26.639+0000] {logging_mixin.py:188} INFO - [2024-12-22T01:50:26.639+0000] {dag.py:3089} INFO - Sync 1 DAGs
[2024-12-22T01:50:26.651+0000] {logging_mixin.py:188} INFO - [2024-12-22T01:50:26.651+0000] {dag.py:3947} INFO - Setting next_dagrun for example_nested_branch_dag to 2024-12-21 00:00:00+00:00, run_after=2024-12-22 00:00:00+00:00
[2024-12-22T01:50:26.662+0000] {processor.py:183} INFO - Processing /home/airflow/.local/lib/python3.12/site-packages/airflow/example_dags/example_nested_branch_dag.py took 0.046 seconds
[2024-12-22T01:50:59.616+0000] {processor.py:161} INFO - Started process (PID=3165) to work on /home/airflow/.local/lib/python3.12/site-packages/airflow/example_dags/example_nested_branch_dag.py
[2024-12-22T01:50:59.617+0000] {processor.py:830} INFO - Processing file /home/airflow/.local/lib/python3.12/site-packages/airflow/example_dags/example_nested_branch_dag.py for tasks to queue
[2024-12-22T01:50:59.618+0000] {logging_mixin.py:188} INFO - [2024-12-22T01:50:59.618+0000] {dagbag.py:545} INFO - Filling up the DagBag from /home/airflow/.local/lib/python3.12/site-packages/airflow/example_dags/example_nested_branch_dag.py
[2024-12-22T01:50:59.623+0000] {processor.py:840} INFO - DAG(s) 'example_nested_branch_dag' retrieved from /home/airflow/.local/lib/python3.12/site-packages/airflow/example_dags/example_nested_branch_dag.py
[2024-12-22T01:50:59.636+0000] {logging_mixin.py:188} INFO - [2024-12-22T01:50:59.636+0000] {dag.py:3089} INFO - Sync 1 DAGs
[2024-12-22T01:50:59.647+0000] {logging_mixin.py:188} INFO - [2024-12-22T01:50:59.646+0000] {dag.py:3947} INFO - Setting next_dagrun for example_nested_branch_dag to 2024-12-21 00:00:00+00:00, run_after=2024-12-22 00:00:00+00:00
[2024-12-22T01:50:59.657+0000] {processor.py:183} INFO - Processing /home/airflow/.local/lib/python3.12/site-packages/airflow/example_dags/example_nested_branch_dag.py took 0.045 seconds
[2024-12-22T01:51:32.922+0000] {processor.py:161} INFO - Started process (PID=3442) to work on /home/airflow/.local/lib/python3.12/site-packages/airflow/example_dags/example_nested_branch_dag.py
[2024-12-22T01:51:32.923+0000] {processor.py:830} INFO - Processing file /home/airflow/.local/lib/python3.12/site-packages/airflow/example_dags/example_nested_branch_dag.py for tasks to queue
[2024-12-22T01:51:32.924+0000] {logging_mixin.py:188} INFO - [2024-12-22T01:51:32.924+0000] {dagbag.py:545} INFO - Filling up the DagBag from /home/airflow/.local/lib/python3.12/site-packages/airflow/example_dags/example_nested_branch_dag.py
[2024-12-22T01:51:32.930+0000] {processor.py:840} INFO - DAG(s) 'example_nested_branch_dag' retrieved from /home/airflow/.local/lib/python3.12/site-packages/airflow/example_dags/example_nested_branch_dag.py
[2024-12-22T01:51:32.946+0000] {logging_mixin.py:188} INFO - [2024-12-22T01:51:32.946+0000] {dag.py:3089} INFO - Sync 1 DAGs
[2024-12-22T01:51:32.958+0000] {logging_mixin.py:188} INFO - [2024-12-22T01:51:32.958+0000] {dag.py:3947} INFO - Setting next_dagrun for example_nested_branch_dag to 2024-12-21 00:00:00+00:00, run_after=2024-12-22 00:00:00+00:00
[2024-12-22T01:51:32.971+0000] {processor.py:183} INFO - Processing /home/airflow/.local/lib/python3.12/site-packages/airflow/example_dags/example_nested_branch_dag.py took 0.054 seconds
[2024-12-22T01:52:03.332+0000] {processor.py:161} INFO - Started process (PID=3719) to work on /home/airflow/.local/lib/python3.12/site-packages/airflow/example_dags/example_nested_branch_dag.py
[2024-12-22T01:52:03.333+0000] {processor.py:830} INFO - Processing file /home/airflow/.local/lib/python3.12/site-packages/airflow/example_dags/example_nested_branch_dag.py for tasks to queue
[2024-12-22T01:52:03.334+0000] {logging_mixin.py:188} INFO - [2024-12-22T01:52:03.334+0000] {dagbag.py:545} INFO - Filling up the DagBag from /home/airflow/.local/lib/python3.12/site-packages/airflow/example_dags/example_nested_branch_dag.py
[2024-12-22T01:52:03.340+0000] {processor.py:840} INFO - DAG(s) 'example_nested_branch_dag' retrieved from /home/airflow/.local/lib/python3.12/site-packages/airflow/example_dags/example_nested_branch_dag.py
[2024-12-22T01:52:03.355+0000] {logging_mixin.py:188} INFO - [2024-12-22T01:52:03.355+0000] {dag.py:3089} INFO - Sync 1 DAGs
[2024-12-22T01:52:03.367+0000] {logging_mixin.py:188} INFO - [2024-12-22T01:52:03.367+0000] {dag.py:3947} INFO - Setting next_dagrun for example_nested_branch_dag to 2024-12-21 00:00:00+00:00, run_after=2024-12-22 00:00:00+00:00
[2024-12-22T01:52:03.380+0000] {processor.py:183} INFO - Processing /home/airflow/.local/lib/python3.12/site-packages/airflow/example_dags/example_nested_branch_dag.py took 0.051 seconds
[2024-12-22T01:52:33.730+0000] {processor.py:161} INFO - Started process (PID=3996) to work on /home/airflow/.local/lib/python3.12/site-packages/airflow/example_dags/example_nested_branch_dag.py
[2024-12-22T01:52:33.730+0000] {processor.py:830} INFO - Processing file /home/airflow/.local/lib/python3.12/site-packages/airflow/example_dags/example_nested_branch_dag.py for tasks to queue
[2024-12-22T01:52:33.732+0000] {logging_mixin.py:188} INFO - [2024-12-22T01:52:33.732+0000] {dagbag.py:545} INFO - Filling up the DagBag from /home/airflow/.local/lib/python3.12/site-packages/airflow/example_dags/example_nested_branch_dag.py
[2024-12-22T01:52:33.738+0000] {processor.py:840} INFO - DAG(s) 'example_nested_branch_dag' retrieved from /home/airflow/.local/lib/python3.12/site-packages/airflow/example_dags/example_nested_branch_dag.py
[2024-12-22T01:52:33.752+0000] {logging_mixin.py:188} INFO - [2024-12-22T01:52:33.752+0000] {dag.py:3089} INFO - Sync 1 DAGs
[2024-12-22T01:52:33.765+0000] {logging_mixin.py:188} INFO - [2024-12-22T01:52:33.765+0000] {dag.py:3947} INFO - Setting next_dagrun for example_nested_branch_dag to 2024-12-21 00:00:00+00:00, run_after=2024-12-22 00:00:00+00:00
[2024-12-22T01:52:33.776+0000] {processor.py:183} INFO - Processing /home/airflow/.local/lib/python3.12/site-packages/airflow/example_dags/example_nested_branch_dag.py took 0.050 seconds
[2024-12-22T01:53:04.795+0000] {processor.py:161} INFO - Started process (PID=4275) to work on /home/airflow/.local/lib/python3.12/site-packages/airflow/example_dags/example_nested_branch_dag.py
[2024-12-22T01:53:04.795+0000] {processor.py:830} INFO - Processing file /home/airflow/.local/lib/python3.12/site-packages/airflow/example_dags/example_nested_branch_dag.py for tasks to queue
[2024-12-22T01:53:04.797+0000] {logging_mixin.py:188} INFO - [2024-12-22T01:53:04.796+0000] {dagbag.py:545} INFO - Filling up the DagBag from /home/airflow/.local/lib/python3.12/site-packages/airflow/example_dags/example_nested_branch_dag.py
[2024-12-22T01:53:04.803+0000] {processor.py:840} INFO - DAG(s) 'example_nested_branch_dag' retrieved from /home/airflow/.local/lib/python3.12/site-packages/airflow/example_dags/example_nested_branch_dag.py
[2024-12-22T01:53:04.818+0000] {logging_mixin.py:188} INFO - [2024-12-22T01:53:04.817+0000] {dag.py:3089} INFO - Sync 1 DAGs
[2024-12-22T01:53:04.829+0000] {logging_mixin.py:188} INFO - [2024-12-22T01:53:04.829+0000] {dag.py:3947} INFO - Setting next_dagrun for example_nested_branch_dag to 2024-12-21 00:00:00+00:00, run_after=2024-12-22 00:00:00+00:00
[2024-12-22T01:53:04.840+0000] {processor.py:183} INFO - Processing /home/airflow/.local/lib/python3.12/site-packages/airflow/example_dags/example_nested_branch_dag.py took 0.049 seconds
[2024-12-22T01:53:36.172+0000] {processor.py:161} INFO - Started process (PID=4550) to work on /home/airflow/.local/lib/python3.12/site-packages/airflow/example_dags/example_nested_branch_dag.py
[2024-12-22T01:53:36.173+0000] {processor.py:830} INFO - Processing file /home/airflow/.local/lib/python3.12/site-packages/airflow/example_dags/example_nested_branch_dag.py for tasks to queue
[2024-12-22T01:53:36.174+0000] {logging_mixin.py:188} INFO - [2024-12-22T01:53:36.174+0000] {dagbag.py:545} INFO - Filling up the DagBag from /home/airflow/.local/lib/python3.12/site-packages/airflow/example_dags/example_nested_branch_dag.py
[2024-12-22T01:53:36.180+0000] {processor.py:840} INFO - DAG(s) 'example_nested_branch_dag' retrieved from /home/airflow/.local/lib/python3.12/site-packages/airflow/example_dags/example_nested_branch_dag.py
[2024-12-22T01:53:36.194+0000] {logging_mixin.py:188} INFO - [2024-12-22T01:53:36.194+0000] {dag.py:3089} INFO - Sync 1 DAGs
[2024-12-22T01:53:36.205+0000] {logging_mixin.py:188} INFO - [2024-12-22T01:53:36.205+0000] {dag.py:3947} INFO - Setting next_dagrun for example_nested_branch_dag to 2024-12-21 00:00:00+00:00, run_after=2024-12-22 00:00:00+00:00
[2024-12-22T01:53:36.216+0000] {processor.py:183} INFO - Processing /home/airflow/.local/lib/python3.12/site-packages/airflow/example_dags/example_nested_branch_dag.py took 0.047 seconds
[2024-12-22T01:54:08.301+0000] {processor.py:161} INFO - Started process (PID=4828) to work on /home/airflow/.local/lib/python3.12/site-packages/airflow/example_dags/example_nested_branch_dag.py
[2024-12-22T01:54:08.302+0000] {processor.py:830} INFO - Processing file /home/airflow/.local/lib/python3.12/site-packages/airflow/example_dags/example_nested_branch_dag.py for tasks to queue
[2024-12-22T01:54:08.303+0000] {logging_mixin.py:188} INFO - [2024-12-22T01:54:08.303+0000] {dagbag.py:545} INFO - Filling up the DagBag from /home/airflow/.local/lib/python3.12/site-packages/airflow/example_dags/example_nested_branch_dag.py
[2024-12-22T01:54:08.309+0000] {processor.py:840} INFO - DAG(s) 'example_nested_branch_dag' retrieved from /home/airflow/.local/lib/python3.12/site-packages/airflow/example_dags/example_nested_branch_dag.py
[2024-12-22T01:54:08.321+0000] {logging_mixin.py:188} INFO - [2024-12-22T01:54:08.321+0000] {dag.py:3089} INFO - Sync 1 DAGs
[2024-12-22T01:54:08.333+0000] {logging_mixin.py:188} INFO - [2024-12-22T01:54:08.332+0000] {dag.py:3947} INFO - Setting next_dagrun for example_nested_branch_dag to 2024-12-21 00:00:00+00:00, run_after=2024-12-22 00:00:00+00:00
[2024-12-22T01:54:08.343+0000] {processor.py:183} INFO - Processing /home/airflow/.local/lib/python3.12/site-packages/airflow/example_dags/example_nested_branch_dag.py took 0.045 seconds
[2024-12-22T01:54:41.218+0000] {processor.py:161} INFO - Started process (PID=5105) to work on /home/airflow/.local/lib/python3.12/site-packages/airflow/example_dags/example_nested_branch_dag.py
[2024-12-22T01:54:41.218+0000] {processor.py:830} INFO - Processing file /home/airflow/.local/lib/python3.12/site-packages/airflow/example_dags/example_nested_branch_dag.py for tasks to queue
[2024-12-22T01:54:41.219+0000] {logging_mixin.py:188} INFO - [2024-12-22T01:54:41.219+0000] {dagbag.py:545} INFO - Filling up the DagBag from /home/airflow/.local/lib/python3.12/site-packages/airflow/example_dags/example_nested_branch_dag.py
[2024-12-22T01:54:41.225+0000] {processor.py:840} INFO - DAG(s) 'example_nested_branch_dag' retrieved from /home/airflow/.local/lib/python3.12/site-packages/airflow/example_dags/example_nested_branch_dag.py
[2024-12-22T01:54:41.238+0000] {logging_mixin.py:188} INFO - [2024-12-22T01:54:41.238+0000] {dag.py:3089} INFO - Sync 1 DAGs
[2024-12-22T01:54:41.250+0000] {logging_mixin.py:188} INFO - [2024-12-22T01:54:41.250+0000] {dag.py:3947} INFO - Setting next_dagrun for example_nested_branch_dag to 2024-12-21 00:00:00+00:00, run_after=2024-12-22 00:00:00+00:00
[2024-12-22T01:54:41.260+0000] {processor.py:183} INFO - Processing /home/airflow/.local/lib/python3.12/site-packages/airflow/example_dags/example_nested_branch_dag.py took 0.046 seconds
[2024-12-22T01:55:14.306+0000] {processor.py:161} INFO - Started process (PID=5382) to work on /home/airflow/.local/lib/python3.12/site-packages/airflow/example_dags/example_nested_branch_dag.py
[2024-12-22T01:55:14.307+0000] {processor.py:830} INFO - Processing file /home/airflow/.local/lib/python3.12/site-packages/airflow/example_dags/example_nested_branch_dag.py for tasks to queue
[2024-12-22T01:55:14.308+0000] {logging_mixin.py:188} INFO - [2024-12-22T01:55:14.308+0000] {dagbag.py:545} INFO - Filling up the DagBag from /home/airflow/.local/lib/python3.12/site-packages/airflow/example_dags/example_nested_branch_dag.py
[2024-12-22T01:55:14.314+0000] {processor.py:840} INFO - DAG(s) 'example_nested_branch_dag' retrieved from /home/airflow/.local/lib/python3.12/site-packages/airflow/example_dags/example_nested_branch_dag.py
[2024-12-22T01:55:14.328+0000] {logging_mixin.py:188} INFO - [2024-12-22T01:55:14.328+0000] {dag.py:3089} INFO - Sync 1 DAGs
[2024-12-22T01:55:14.341+0000] {logging_mixin.py:188} INFO - [2024-12-22T01:55:14.340+0000] {dag.py:3947} INFO - Setting next_dagrun for example_nested_branch_dag to 2024-12-21 00:00:00+00:00, run_after=2024-12-22 00:00:00+00:00
[2024-12-22T01:55:14.351+0000] {processor.py:183} INFO - Processing /home/airflow/.local/lib/python3.12/site-packages/airflow/example_dags/example_nested_branch_dag.py took 0.049 seconds
[2024-12-22T01:55:44.972+0000] {processor.py:161} INFO - Started process (PID=5659) to work on /home/airflow/.local/lib/python3.12/site-packages/airflow/example_dags/example_nested_branch_dag.py
[2024-12-22T01:55:44.973+0000] {processor.py:830} INFO - Processing file /home/airflow/.local/lib/python3.12/site-packages/airflow/example_dags/example_nested_branch_dag.py for tasks to queue
[2024-12-22T01:55:44.974+0000] {logging_mixin.py:188} INFO - [2024-12-22T01:55:44.974+0000] {dagbag.py:545} INFO - Filling up the DagBag from /home/airflow/.local/lib/python3.12/site-packages/airflow/example_dags/example_nested_branch_dag.py
[2024-12-22T01:55:44.981+0000] {processor.py:840} INFO - DAG(s) 'example_nested_branch_dag' retrieved from /home/airflow/.local/lib/python3.12/site-packages/airflow/example_dags/example_nested_branch_dag.py
[2024-12-22T01:55:44.995+0000] {logging_mixin.py:188} INFO - [2024-12-22T01:55:44.994+0000] {dag.py:3089} INFO - Sync 1 DAGs
[2024-12-22T01:55:45.007+0000] {logging_mixin.py:188} INFO - [2024-12-22T01:55:45.007+0000] {dag.py:3947} INFO - Setting next_dagrun for example_nested_branch_dag to 2024-12-21 00:00:00+00:00, run_after=2024-12-22 00:00:00+00:00
[2024-12-22T01:55:45.017+0000] {processor.py:183} INFO - Processing /home/airflow/.local/lib/python3.12/site-packages/airflow/example_dags/example_nested_branch_dag.py took 0.049 seconds
[2024-12-22T01:56:16.384+0000] {processor.py:161} INFO - Started process (PID=5938) to work on /home/airflow/.local/lib/python3.12/site-packages/airflow/example_dags/example_nested_branch_dag.py
[2024-12-22T01:56:16.385+0000] {processor.py:830} INFO - Processing file /home/airflow/.local/lib/python3.12/site-packages/airflow/example_dags/example_nested_branch_dag.py for tasks to queue
[2024-12-22T01:56:16.387+0000] {logging_mixin.py:188} INFO - [2024-12-22T01:56:16.386+0000] {dagbag.py:545} INFO - Filling up the DagBag from /home/airflow/.local/lib/python3.12/site-packages/airflow/example_dags/example_nested_branch_dag.py
[2024-12-22T01:56:16.393+0000] {processor.py:840} INFO - DAG(s) 'example_nested_branch_dag' retrieved from /home/airflow/.local/lib/python3.12/site-packages/airflow/example_dags/example_nested_branch_dag.py
[2024-12-22T01:56:16.408+0000] {logging_mixin.py:188} INFO - [2024-12-22T01:56:16.408+0000] {dag.py:3089} INFO - Sync 1 DAGs
[2024-12-22T01:56:16.419+0000] {logging_mixin.py:188} INFO - [2024-12-22T01:56:16.419+0000] {dag.py:3947} INFO - Setting next_dagrun for example_nested_branch_dag to 2024-12-21 00:00:00+00:00, run_after=2024-12-22 00:00:00+00:00
[2024-12-22T01:56:16.430+0000] {processor.py:183} INFO - Processing /home/airflow/.local/lib/python3.12/site-packages/airflow/example_dags/example_nested_branch_dag.py took 0.049 seconds
[2024-12-22T01:56:46.663+0000] {processor.py:161} INFO - Started process (PID=6213) to work on /home/airflow/.local/lib/python3.12/site-packages/airflow/example_dags/example_nested_branch_dag.py
[2024-12-22T01:56:46.664+0000] {processor.py:830} INFO - Processing file /home/airflow/.local/lib/python3.12/site-packages/airflow/example_dags/example_nested_branch_dag.py for tasks to queue
[2024-12-22T01:56:46.665+0000] {logging_mixin.py:188} INFO - [2024-12-22T01:56:46.665+0000] {dagbag.py:545} INFO - Filling up the DagBag from /home/airflow/.local/lib/python3.12/site-packages/airflow/example_dags/example_nested_branch_dag.py
[2024-12-22T01:56:46.672+0000] {processor.py:840} INFO - DAG(s) 'example_nested_branch_dag' retrieved from /home/airflow/.local/lib/python3.12/site-packages/airflow/example_dags/example_nested_branch_dag.py
[2024-12-22T01:56:46.685+0000] {logging_mixin.py:188} INFO - [2024-12-22T01:56:46.685+0000] {dag.py:3089} INFO - Sync 1 DAGs
[2024-12-22T01:56:46.696+0000] {logging_mixin.py:188} INFO - [2024-12-22T01:56:46.696+0000] {dag.py:3947} INFO - Setting next_dagrun for example_nested_branch_dag to 2024-12-21 00:00:00+00:00, run_after=2024-12-22 00:00:00+00:00
[2024-12-22T01:56:46.708+0000] {processor.py:183} INFO - Processing /home/airflow/.local/lib/python3.12/site-packages/airflow/example_dags/example_nested_branch_dag.py took 0.049 seconds
[2024-12-22T01:57:17.361+0000] {processor.py:161} INFO - Started process (PID=6491) to work on /home/airflow/.local/lib/python3.12/site-packages/airflow/example_dags/example_nested_branch_dag.py
[2024-12-22T01:57:17.361+0000] {processor.py:830} INFO - Processing file /home/airflow/.local/lib/python3.12/site-packages/airflow/example_dags/example_nested_branch_dag.py for tasks to queue
[2024-12-22T01:57:17.362+0000] {logging_mixin.py:188} INFO - [2024-12-22T01:57:17.362+0000] {dagbag.py:545} INFO - Filling up the DagBag from /home/airflow/.local/lib/python3.12/site-packages/airflow/example_dags/example_nested_branch_dag.py
[2024-12-22T01:57:17.367+0000] {processor.py:840} INFO - DAG(s) 'example_nested_branch_dag' retrieved from /home/airflow/.local/lib/python3.12/site-packages/airflow/example_dags/example_nested_branch_dag.py
[2024-12-22T01:57:17.381+0000] {logging_mixin.py:188} INFO - [2024-12-22T01:57:17.381+0000] {dag.py:3089} INFO - Sync 1 DAGs
[2024-12-22T01:57:17.393+0000] {logging_mixin.py:188} INFO - [2024-12-22T01:57:17.393+0000] {dag.py:3947} INFO - Setting next_dagrun for example_nested_branch_dag to 2024-12-21 00:00:00+00:00, run_after=2024-12-22 00:00:00+00:00
[2024-12-22T01:57:17.403+0000] {processor.py:183} INFO - Processing /home/airflow/.local/lib/python3.12/site-packages/airflow/example_dags/example_nested_branch_dag.py took 0.046 seconds
[2024-12-22T01:57:50.464+0000] {processor.py:161} INFO - Started process (PID=6768) to work on /home/airflow/.local/lib/python3.12/site-packages/airflow/example_dags/example_nested_branch_dag.py
[2024-12-22T01:57:50.465+0000] {processor.py:830} INFO - Processing file /home/airflow/.local/lib/python3.12/site-packages/airflow/example_dags/example_nested_branch_dag.py for tasks to queue
[2024-12-22T01:57:50.466+0000] {logging_mixin.py:188} INFO - [2024-12-22T01:57:50.466+0000] {dagbag.py:545} INFO - Filling up the DagBag from /home/airflow/.local/lib/python3.12/site-packages/airflow/example_dags/example_nested_branch_dag.py
[2024-12-22T01:57:50.472+0000] {processor.py:840} INFO - DAG(s) 'example_nested_branch_dag' retrieved from /home/airflow/.local/lib/python3.12/site-packages/airflow/example_dags/example_nested_branch_dag.py
[2024-12-22T01:57:50.484+0000] {logging_mixin.py:188} INFO - [2024-12-22T01:57:50.484+0000] {dag.py:3089} INFO - Sync 1 DAGs
[2024-12-22T01:57:50.495+0000] {logging_mixin.py:188} INFO - [2024-12-22T01:57:50.495+0000] {dag.py:3947} INFO - Setting next_dagrun for example_nested_branch_dag to 2024-12-21 00:00:00+00:00, run_after=2024-12-22 00:00:00+00:00
[2024-12-22T01:57:50.507+0000] {processor.py:183} INFO - Processing /home/airflow/.local/lib/python3.12/site-packages/airflow/example_dags/example_nested_branch_dag.py took 0.046 seconds
[2024-12-22T01:58:22.625+0000] {processor.py:161} INFO - Started process (PID=7045) to work on /home/airflow/.local/lib/python3.12/site-packages/airflow/example_dags/example_nested_branch_dag.py
[2024-12-22T01:58:22.626+0000] {processor.py:830} INFO - Processing file /home/airflow/.local/lib/python3.12/site-packages/airflow/example_dags/example_nested_branch_dag.py for tasks to queue
[2024-12-22T01:58:22.628+0000] {logging_mixin.py:188} INFO - [2024-12-22T01:58:22.628+0000] {dagbag.py:545} INFO - Filling up the DagBag from /home/airflow/.local/lib/python3.12/site-packages/airflow/example_dags/example_nested_branch_dag.py
[2024-12-22T01:58:22.635+0000] {processor.py:840} INFO - DAG(s) 'example_nested_branch_dag' retrieved from /home/airflow/.local/lib/python3.12/site-packages/airflow/example_dags/example_nested_branch_dag.py
[2024-12-22T01:58:22.648+0000] {logging_mixin.py:188} INFO - [2024-12-22T01:58:22.648+0000] {dag.py:3089} INFO - Sync 1 DAGs
[2024-12-22T01:58:22.659+0000] {logging_mixin.py:188} INFO - [2024-12-22T01:58:22.659+0000] {dag.py:3947} INFO - Setting next_dagrun for example_nested_branch_dag to 2024-12-21 00:00:00+00:00, run_after=2024-12-22 00:00:00+00:00
[2024-12-22T01:58:22.669+0000] {processor.py:183} INFO - Processing /home/airflow/.local/lib/python3.12/site-packages/airflow/example_dags/example_nested_branch_dag.py took 0.048 seconds
[2024-12-22T01:58:55.737+0000] {processor.py:161} INFO - Started process (PID=7322) to work on /home/airflow/.local/lib/python3.12/site-packages/airflow/example_dags/example_nested_branch_dag.py
[2024-12-22T01:58:55.737+0000] {processor.py:830} INFO - Processing file /home/airflow/.local/lib/python3.12/site-packages/airflow/example_dags/example_nested_branch_dag.py for tasks to queue
[2024-12-22T01:58:55.738+0000] {logging_mixin.py:188} INFO - [2024-12-22T01:58:55.738+0000] {dagbag.py:545} INFO - Filling up the DagBag from /home/airflow/.local/lib/python3.12/site-packages/airflow/example_dags/example_nested_branch_dag.py
[2024-12-22T01:58:55.744+0000] {processor.py:840} INFO - DAG(s) 'example_nested_branch_dag' retrieved from /home/airflow/.local/lib/python3.12/site-packages/airflow/example_dags/example_nested_branch_dag.py
[2024-12-22T01:58:55.757+0000] {logging_mixin.py:188} INFO - [2024-12-22T01:58:55.757+0000] {dag.py:3089} INFO - Sync 1 DAGs
[2024-12-22T01:58:55.769+0000] {logging_mixin.py:188} INFO - [2024-12-22T01:58:55.769+0000] {dag.py:3947} INFO - Setting next_dagrun for example_nested_branch_dag to 2024-12-21 00:00:00+00:00, run_after=2024-12-22 00:00:00+00:00
[2024-12-22T01:58:55.779+0000] {processor.py:183} INFO - Processing /home/airflow/.local/lib/python3.12/site-packages/airflow/example_dags/example_nested_branch_dag.py took 0.046 seconds
[2024-12-22T01:59:26.744+0000] {processor.py:161} INFO - Started process (PID=7599) to work on /home/airflow/.local/lib/python3.12/site-packages/airflow/example_dags/example_nested_branch_dag.py
[2024-12-22T01:59:26.744+0000] {processor.py:830} INFO - Processing file /home/airflow/.local/lib/python3.12/site-packages/airflow/example_dags/example_nested_branch_dag.py for tasks to queue
[2024-12-22T01:59:26.746+0000] {logging_mixin.py:188} INFO - [2024-12-22T01:59:26.746+0000] {dagbag.py:545} INFO - Filling up the DagBag from /home/airflow/.local/lib/python3.12/site-packages/airflow/example_dags/example_nested_branch_dag.py
[2024-12-22T01:59:26.753+0000] {processor.py:840} INFO - DAG(s) 'example_nested_branch_dag' retrieved from /home/airflow/.local/lib/python3.12/site-packages/airflow/example_dags/example_nested_branch_dag.py
[2024-12-22T01:59:26.768+0000] {logging_mixin.py:188} INFO - [2024-12-22T01:59:26.768+0000] {dag.py:3089} INFO - Sync 1 DAGs
[2024-12-22T01:59:26.780+0000] {logging_mixin.py:188} INFO - [2024-12-22T01:59:26.779+0000] {dag.py:3947} INFO - Setting next_dagrun for example_nested_branch_dag to 2024-12-21 00:00:00+00:00, run_after=2024-12-22 00:00:00+00:00
[2024-12-22T01:59:26.791+0000] {processor.py:183} INFO - Processing /home/airflow/.local/lib/python3.12/site-packages/airflow/example_dags/example_nested_branch_dag.py took 0.051 seconds
[2024-12-22T01:59:57.344+0000] {processor.py:161} INFO - Started process (PID=7876) to work on /home/airflow/.local/lib/python3.12/site-packages/airflow/example_dags/example_nested_branch_dag.py
[2024-12-22T01:59:57.345+0000] {processor.py:830} INFO - Processing file /home/airflow/.local/lib/python3.12/site-packages/airflow/example_dags/example_nested_branch_dag.py for tasks to queue
[2024-12-22T01:59:57.346+0000] {logging_mixin.py:188} INFO - [2024-12-22T01:59:57.346+0000] {dagbag.py:545} INFO - Filling up the DagBag from /home/airflow/.local/lib/python3.12/site-packages/airflow/example_dags/example_nested_branch_dag.py
[2024-12-22T01:59:57.352+0000] {processor.py:840} INFO - DAG(s) 'example_nested_branch_dag' retrieved from /home/airflow/.local/lib/python3.12/site-packages/airflow/example_dags/example_nested_branch_dag.py
[2024-12-22T01:59:57.367+0000] {logging_mixin.py:188} INFO - [2024-12-22T01:59:57.366+0000] {dag.py:3089} INFO - Sync 1 DAGs
[2024-12-22T01:59:57.378+0000] {logging_mixin.py:188} INFO - [2024-12-22T01:59:57.378+0000] {dag.py:3947} INFO - Setting next_dagrun for example_nested_branch_dag to 2024-12-21 00:00:00+00:00, run_after=2024-12-22 00:00:00+00:00
[2024-12-22T01:59:57.390+0000] {processor.py:183} INFO - Processing /home/airflow/.local/lib/python3.12/site-packages/airflow/example_dags/example_nested_branch_dag.py took 0.050 seconds
[2024-12-22T02:00:28.427+0000] {processor.py:161} INFO - Started process (PID=8153) to work on /home/airflow/.local/lib/python3.12/site-packages/airflow/example_dags/example_nested_branch_dag.py
[2024-12-22T02:00:28.428+0000] {processor.py:830} INFO - Processing file /home/airflow/.local/lib/python3.12/site-packages/airflow/example_dags/example_nested_branch_dag.py for tasks to queue
[2024-12-22T02:00:28.429+0000] {logging_mixin.py:188} INFO - [2024-12-22T02:00:28.429+0000] {dagbag.py:545} INFO - Filling up the DagBag from /home/airflow/.local/lib/python3.12/site-packages/airflow/example_dags/example_nested_branch_dag.py
[2024-12-22T02:00:28.435+0000] {processor.py:840} INFO - DAG(s) 'example_nested_branch_dag' retrieved from /home/airflow/.local/lib/python3.12/site-packages/airflow/example_dags/example_nested_branch_dag.py
[2024-12-22T02:00:28.449+0000] {logging_mixin.py:188} INFO - [2024-12-22T02:00:28.449+0000] {dag.py:3089} INFO - Sync 1 DAGs
[2024-12-22T02:00:28.461+0000] {logging_mixin.py:188} INFO - [2024-12-22T02:00:28.461+0000] {dag.py:3947} INFO - Setting next_dagrun for example_nested_branch_dag to 2024-12-21 00:00:00+00:00, run_after=2024-12-22 00:00:00+00:00
[2024-12-22T02:00:28.473+0000] {processor.py:183} INFO - Processing /home/airflow/.local/lib/python3.12/site-packages/airflow/example_dags/example_nested_branch_dag.py took 0.050 seconds
[2024-12-22T02:00:58.974+0000] {processor.py:161} INFO - Started process (PID=8432) to work on /home/airflow/.local/lib/python3.12/site-packages/airflow/example_dags/example_nested_branch_dag.py
[2024-12-22T02:00:58.975+0000] {processor.py:830} INFO - Processing file /home/airflow/.local/lib/python3.12/site-packages/airflow/example_dags/example_nested_branch_dag.py for tasks to queue
[2024-12-22T02:00:58.976+0000] {logging_mixin.py:188} INFO - [2024-12-22T02:00:58.976+0000] {dagbag.py:545} INFO - Filling up the DagBag from /home/airflow/.local/lib/python3.12/site-packages/airflow/example_dags/example_nested_branch_dag.py
[2024-12-22T02:00:58.981+0000] {processor.py:840} INFO - DAG(s) 'example_nested_branch_dag' retrieved from /home/airflow/.local/lib/python3.12/site-packages/airflow/example_dags/example_nested_branch_dag.py
[2024-12-22T02:00:58.995+0000] {logging_mixin.py:188} INFO - [2024-12-22T02:00:58.995+0000] {dag.py:3089} INFO - Sync 1 DAGs
[2024-12-22T02:00:59.006+0000] {logging_mixin.py:188} INFO - [2024-12-22T02:00:59.006+0000] {dag.py:3947} INFO - Setting next_dagrun for example_nested_branch_dag to 2024-12-21 00:00:00+00:00, run_after=2024-12-22 00:00:00+00:00
[2024-12-22T02:00:59.016+0000] {processor.py:183} INFO - Processing /home/airflow/.local/lib/python3.12/site-packages/airflow/example_dags/example_nested_branch_dag.py took 0.045 seconds
[2024-12-22T02:01:31.836+0000] {processor.py:161} INFO - Started process (PID=8707) to work on /home/airflow/.local/lib/python3.12/site-packages/airflow/example_dags/example_nested_branch_dag.py
[2024-12-22T02:01:31.836+0000] {processor.py:830} INFO - Processing file /home/airflow/.local/lib/python3.12/site-packages/airflow/example_dags/example_nested_branch_dag.py for tasks to queue
[2024-12-22T02:01:31.837+0000] {logging_mixin.py:188} INFO - [2024-12-22T02:01:31.837+0000] {dagbag.py:545} INFO - Filling up the DagBag from /home/airflow/.local/lib/python3.12/site-packages/airflow/example_dags/example_nested_branch_dag.py
[2024-12-22T02:01:31.843+0000] {processor.py:840} INFO - DAG(s) 'example_nested_branch_dag' retrieved from /home/airflow/.local/lib/python3.12/site-packages/airflow/example_dags/example_nested_branch_dag.py
[2024-12-22T02:01:31.855+0000] {logging_mixin.py:188} INFO - [2024-12-22T02:01:31.855+0000] {dag.py:3089} INFO - Sync 1 DAGs
[2024-12-22T02:01:31.865+0000] {logging_mixin.py:188} INFO - [2024-12-22T02:01:31.865+0000] {dag.py:3947} INFO - Setting next_dagrun for example_nested_branch_dag to 2024-12-21 00:00:00+00:00, run_after=2024-12-22 00:00:00+00:00
[2024-12-22T02:01:31.874+0000] {processor.py:183} INFO - Processing /home/airflow/.local/lib/python3.12/site-packages/airflow/example_dags/example_nested_branch_dag.py took 0.042 seconds
[2024-12-22T02:02:04.917+0000] {processor.py:161} INFO - Started process (PID=8984) to work on /home/airflow/.local/lib/python3.12/site-packages/airflow/example_dags/example_nested_branch_dag.py
[2024-12-22T02:02:04.917+0000] {processor.py:830} INFO - Processing file /home/airflow/.local/lib/python3.12/site-packages/airflow/example_dags/example_nested_branch_dag.py for tasks to queue
[2024-12-22T02:02:04.919+0000] {logging_mixin.py:188} INFO - [2024-12-22T02:02:04.918+0000] {dagbag.py:545} INFO - Filling up the DagBag from /home/airflow/.local/lib/python3.12/site-packages/airflow/example_dags/example_nested_branch_dag.py
[2024-12-22T02:02:04.924+0000] {processor.py:840} INFO - DAG(s) 'example_nested_branch_dag' retrieved from /home/airflow/.local/lib/python3.12/site-packages/airflow/example_dags/example_nested_branch_dag.py
[2024-12-22T02:02:04.937+0000] {logging_mixin.py:188} INFO - [2024-12-22T02:02:04.937+0000] {dag.py:3089} INFO - Sync 1 DAGs
[2024-12-22T02:02:04.948+0000] {logging_mixin.py:188} INFO - [2024-12-22T02:02:04.948+0000] {dag.py:3947} INFO - Setting next_dagrun for example_nested_branch_dag to 2024-12-21 00:00:00+00:00, run_after=2024-12-22 00:00:00+00:00
[2024-12-22T02:02:04.958+0000] {processor.py:183} INFO - Processing /home/airflow/.local/lib/python3.12/site-packages/airflow/example_dags/example_nested_branch_dag.py took 0.045 seconds
[2024-12-22T02:02:36.931+0000] {processor.py:161} INFO - Started process (PID=9261) to work on /home/airflow/.local/lib/python3.12/site-packages/airflow/example_dags/example_nested_branch_dag.py
[2024-12-22T02:02:36.932+0000] {processor.py:830} INFO - Processing file /home/airflow/.local/lib/python3.12/site-packages/airflow/example_dags/example_nested_branch_dag.py for tasks to queue
[2024-12-22T02:02:36.933+0000] {logging_mixin.py:188} INFO - [2024-12-22T02:02:36.933+0000] {dagbag.py:545} INFO - Filling up the DagBag from /home/airflow/.local/lib/python3.12/site-packages/airflow/example_dags/example_nested_branch_dag.py
[2024-12-22T02:02:36.939+0000] {processor.py:840} INFO - DAG(s) 'example_nested_branch_dag' retrieved from /home/airflow/.local/lib/python3.12/site-packages/airflow/example_dags/example_nested_branch_dag.py
[2024-12-22T02:02:36.953+0000] {logging_mixin.py:188} INFO - [2024-12-22T02:02:36.953+0000] {dag.py:3089} INFO - Sync 1 DAGs
[2024-12-22T02:02:36.965+0000] {logging_mixin.py:188} INFO - [2024-12-22T02:02:36.965+0000] {dag.py:3947} INFO - Setting next_dagrun for example_nested_branch_dag to 2024-12-21 00:00:00+00:00, run_after=2024-12-22 00:00:00+00:00
[2024-12-22T02:02:36.977+0000] {processor.py:183} INFO - Processing /home/airflow/.local/lib/python3.12/site-packages/airflow/example_dags/example_nested_branch_dag.py took 0.050 seconds
[2024-12-22T02:03:08.320+0000] {processor.py:161} INFO - Started process (PID=9538) to work on /home/airflow/.local/lib/python3.12/site-packages/airflow/example_dags/example_nested_branch_dag.py
[2024-12-22T02:03:08.321+0000] {processor.py:830} INFO - Processing file /home/airflow/.local/lib/python3.12/site-packages/airflow/example_dags/example_nested_branch_dag.py for tasks to queue
[2024-12-22T02:03:08.322+0000] {logging_mixin.py:188} INFO - [2024-12-22T02:03:08.322+0000] {dagbag.py:545} INFO - Filling up the DagBag from /home/airflow/.local/lib/python3.12/site-packages/airflow/example_dags/example_nested_branch_dag.py
[2024-12-22T02:03:08.329+0000] {processor.py:840} INFO - DAG(s) 'example_nested_branch_dag' retrieved from /home/airflow/.local/lib/python3.12/site-packages/airflow/example_dags/example_nested_branch_dag.py
[2024-12-22T02:03:08.345+0000] {logging_mixin.py:188} INFO - [2024-12-22T02:03:08.344+0000] {dag.py:3089} INFO - Sync 1 DAGs
[2024-12-22T02:03:08.357+0000] {logging_mixin.py:188} INFO - [2024-12-22T02:03:08.357+0000] {dag.py:3947} INFO - Setting next_dagrun for example_nested_branch_dag to 2024-12-21 00:00:00+00:00, run_after=2024-12-22 00:00:00+00:00
[2024-12-22T02:03:08.370+0000] {processor.py:183} INFO - Processing /home/airflow/.local/lib/python3.12/site-packages/airflow/example_dags/example_nested_branch_dag.py took 0.053 seconds
[2024-12-22T02:03:39.049+0000] {processor.py:161} INFO - Started process (PID=9817) to work on /home/airflow/.local/lib/python3.12/site-packages/airflow/example_dags/example_nested_branch_dag.py
[2024-12-22T02:03:39.050+0000] {processor.py:830} INFO - Processing file /home/airflow/.local/lib/python3.12/site-packages/airflow/example_dags/example_nested_branch_dag.py for tasks to queue
[2024-12-22T02:03:39.051+0000] {logging_mixin.py:188} INFO - [2024-12-22T02:03:39.051+0000] {dagbag.py:545} INFO - Filling up the DagBag from /home/airflow/.local/lib/python3.12/site-packages/airflow/example_dags/example_nested_branch_dag.py
[2024-12-22T02:03:39.056+0000] {processor.py:840} INFO - DAG(s) 'example_nested_branch_dag' retrieved from /home/airflow/.local/lib/python3.12/site-packages/airflow/example_dags/example_nested_branch_dag.py
[2024-12-22T02:03:39.070+0000] {logging_mixin.py:188} INFO - [2024-12-22T02:03:39.069+0000] {dag.py:3089} INFO - Sync 1 DAGs
[2024-12-22T02:03:39.096+0000] {logging_mixin.py:188} INFO - [2024-12-22T02:03:39.096+0000] {dag.py:3947} INFO - Setting next_dagrun for example_nested_branch_dag to 2024-12-21 00:00:00+00:00, run_after=2024-12-22 00:00:00+00:00
[2024-12-22T02:03:39.109+0000] {processor.py:183} INFO - Processing /home/airflow/.local/lib/python3.12/site-packages/airflow/example_dags/example_nested_branch_dag.py took 0.064 seconds
[2024-12-22T02:04:09.734+0000] {processor.py:161} INFO - Started process (PID=10094) to work on /home/airflow/.local/lib/python3.12/site-packages/airflow/example_dags/example_nested_branch_dag.py
[2024-12-22T02:04:09.735+0000] {processor.py:830} INFO - Processing file /home/airflow/.local/lib/python3.12/site-packages/airflow/example_dags/example_nested_branch_dag.py for tasks to queue
[2024-12-22T02:04:09.736+0000] {logging_mixin.py:188} INFO - [2024-12-22T02:04:09.736+0000] {dagbag.py:545} INFO - Filling up the DagBag from /home/airflow/.local/lib/python3.12/site-packages/airflow/example_dags/example_nested_branch_dag.py
[2024-12-22T02:04:09.742+0000] {processor.py:840} INFO - DAG(s) 'example_nested_branch_dag' retrieved from /home/airflow/.local/lib/python3.12/site-packages/airflow/example_dags/example_nested_branch_dag.py
[2024-12-22T02:04:09.756+0000] {logging_mixin.py:188} INFO - [2024-12-22T02:04:09.756+0000] {dag.py:3089} INFO - Sync 1 DAGs
[2024-12-22T02:04:09.769+0000] {logging_mixin.py:188} INFO - [2024-12-22T02:04:09.769+0000] {dag.py:3947} INFO - Setting next_dagrun for example_nested_branch_dag to 2024-12-21 00:00:00+00:00, run_after=2024-12-22 00:00:00+00:00
[2024-12-22T02:04:09.780+0000] {processor.py:183} INFO - Processing /home/airflow/.local/lib/python3.12/site-packages/airflow/example_dags/example_nested_branch_dag.py took 0.051 seconds
[2024-12-22T02:04:40.798+0000] {processor.py:161} INFO - Started process (PID=10371) to work on /home/airflow/.local/lib/python3.12/site-packages/airflow/example_dags/example_nested_branch_dag.py
[2024-12-22T02:04:40.798+0000] {processor.py:830} INFO - Processing file /home/airflow/.local/lib/python3.12/site-packages/airflow/example_dags/example_nested_branch_dag.py for tasks to queue
[2024-12-22T02:04:40.800+0000] {logging_mixin.py:188} INFO - [2024-12-22T02:04:40.800+0000] {dagbag.py:545} INFO - Filling up the DagBag from /home/airflow/.local/lib/python3.12/site-packages/airflow/example_dags/example_nested_branch_dag.py
[2024-12-22T02:04:40.806+0000] {processor.py:840} INFO - DAG(s) 'example_nested_branch_dag' retrieved from /home/airflow/.local/lib/python3.12/site-packages/airflow/example_dags/example_nested_branch_dag.py
[2024-12-22T02:04:40.822+0000] {logging_mixin.py:188} INFO - [2024-12-22T02:04:40.821+0000] {dag.py:3089} INFO - Sync 1 DAGs
[2024-12-22T02:04:40.834+0000] {logging_mixin.py:188} INFO - [2024-12-22T02:04:40.834+0000] {dag.py:3947} INFO - Setting next_dagrun for example_nested_branch_dag to 2024-12-21 00:00:00+00:00, run_after=2024-12-22 00:00:00+00:00
[2024-12-22T02:04:40.844+0000] {processor.py:183} INFO - Processing /home/airflow/.local/lib/python3.12/site-packages/airflow/example_dags/example_nested_branch_dag.py took 0.051 seconds
[2024-12-22T02:05:13.505+0000] {processor.py:161} INFO - Started process (PID=10646) to work on /home/airflow/.local/lib/python3.12/site-packages/airflow/example_dags/example_nested_branch_dag.py
[2024-12-22T02:05:13.505+0000] {processor.py:830} INFO - Processing file /home/airflow/.local/lib/python3.12/site-packages/airflow/example_dags/example_nested_branch_dag.py for tasks to queue
[2024-12-22T02:05:13.507+0000] {logging_mixin.py:188} INFO - [2024-12-22T02:05:13.506+0000] {dagbag.py:545} INFO - Filling up the DagBag from /home/airflow/.local/lib/python3.12/site-packages/airflow/example_dags/example_nested_branch_dag.py
[2024-12-22T02:05:13.512+0000] {processor.py:840} INFO - DAG(s) 'example_nested_branch_dag' retrieved from /home/airflow/.local/lib/python3.12/site-packages/airflow/example_dags/example_nested_branch_dag.py
[2024-12-22T02:05:13.525+0000] {logging_mixin.py:188} INFO - [2024-12-22T02:05:13.525+0000] {dag.py:3089} INFO - Sync 1 DAGs
[2024-12-22T02:05:13.536+0000] {logging_mixin.py:188} INFO - [2024-12-22T02:05:13.536+0000] {dag.py:3947} INFO - Setting next_dagrun for example_nested_branch_dag to 2024-12-21 00:00:00+00:00, run_after=2024-12-22 00:00:00+00:00
[2024-12-22T02:05:13.546+0000] {processor.py:183} INFO - Processing /home/airflow/.local/lib/python3.12/site-packages/airflow/example_dags/example_nested_branch_dag.py took 0.045 seconds
[2024-12-22T02:05:46.350+0000] {processor.py:161} INFO - Started process (PID=10923) to work on /home/airflow/.local/lib/python3.12/site-packages/airflow/example_dags/example_nested_branch_dag.py
[2024-12-22T02:05:46.351+0000] {processor.py:830} INFO - Processing file /home/airflow/.local/lib/python3.12/site-packages/airflow/example_dags/example_nested_branch_dag.py for tasks to queue
[2024-12-22T02:05:46.352+0000] {logging_mixin.py:188} INFO - [2024-12-22T02:05:46.352+0000] {dagbag.py:545} INFO - Filling up the DagBag from /home/airflow/.local/lib/python3.12/site-packages/airflow/example_dags/example_nested_branch_dag.py
[2024-12-22T02:05:46.359+0000] {processor.py:840} INFO - DAG(s) 'example_nested_branch_dag' retrieved from /home/airflow/.local/lib/python3.12/site-packages/airflow/example_dags/example_nested_branch_dag.py
[2024-12-22T02:05:46.374+0000] {logging_mixin.py:188} INFO - [2024-12-22T02:05:46.373+0000] {dag.py:3089} INFO - Sync 1 DAGs
[2024-12-22T02:05:46.386+0000] {logging_mixin.py:188} INFO - [2024-12-22T02:05:46.386+0000] {dag.py:3947} INFO - Setting next_dagrun for example_nested_branch_dag to 2024-12-21 00:00:00+00:00, run_after=2024-12-22 00:00:00+00:00
[2024-12-22T02:05:46.398+0000] {processor.py:183} INFO - Processing /home/airflow/.local/lib/python3.12/site-packages/airflow/example_dags/example_nested_branch_dag.py took 0.051 seconds
[2024-12-22T02:06:17.565+0000] {processor.py:161} INFO - Started process (PID=11202) to work on /home/airflow/.local/lib/python3.12/site-packages/airflow/example_dags/example_nested_branch_dag.py
[2024-12-22T02:06:17.566+0000] {processor.py:830} INFO - Processing file /home/airflow/.local/lib/python3.12/site-packages/airflow/example_dags/example_nested_branch_dag.py for tasks to queue
[2024-12-22T02:06:17.567+0000] {logging_mixin.py:188} INFO - [2024-12-22T02:06:17.567+0000] {dagbag.py:545} INFO - Filling up the DagBag from /home/airflow/.local/lib/python3.12/site-packages/airflow/example_dags/example_nested_branch_dag.py
[2024-12-22T02:06:17.573+0000] {processor.py:840} INFO - DAG(s) 'example_nested_branch_dag' retrieved from /home/airflow/.local/lib/python3.12/site-packages/airflow/example_dags/example_nested_branch_dag.py
[2024-12-22T02:06:17.587+0000] {logging_mixin.py:188} INFO - [2024-12-22T02:06:17.586+0000] {dag.py:3089} INFO - Sync 1 DAGs
[2024-12-22T02:06:17.599+0000] {logging_mixin.py:188} INFO - [2024-12-22T02:06:17.599+0000] {dag.py:3947} INFO - Setting next_dagrun for example_nested_branch_dag to 2024-12-21 00:00:00+00:00, run_after=2024-12-22 00:00:00+00:00
[2024-12-22T02:06:17.610+0000] {processor.py:183} INFO - Processing /home/airflow/.local/lib/python3.12/site-packages/airflow/example_dags/example_nested_branch_dag.py took 0.049 seconds
[2024-12-22T02:06:48.397+0000] {processor.py:161} INFO - Started process (PID=11477) to work on /home/airflow/.local/lib/python3.12/site-packages/airflow/example_dags/example_nested_branch_dag.py
[2024-12-22T02:06:48.397+0000] {processor.py:830} INFO - Processing file /home/airflow/.local/lib/python3.12/site-packages/airflow/example_dags/example_nested_branch_dag.py for tasks to queue
[2024-12-22T02:06:48.399+0000] {logging_mixin.py:188} INFO - [2024-12-22T02:06:48.399+0000] {dagbag.py:545} INFO - Filling up the DagBag from /home/airflow/.local/lib/python3.12/site-packages/airflow/example_dags/example_nested_branch_dag.py
[2024-12-22T02:06:48.406+0000] {processor.py:840} INFO - DAG(s) 'example_nested_branch_dag' retrieved from /home/airflow/.local/lib/python3.12/site-packages/airflow/example_dags/example_nested_branch_dag.py
[2024-12-22T02:06:48.422+0000] {logging_mixin.py:188} INFO - [2024-12-22T02:06:48.422+0000] {dag.py:3089} INFO - Sync 1 DAGs
[2024-12-22T02:06:48.435+0000] {logging_mixin.py:188} INFO - [2024-12-22T02:06:48.435+0000] {dag.py:3947} INFO - Setting next_dagrun for example_nested_branch_dag to 2024-12-21 00:00:00+00:00, run_after=2024-12-22 00:00:00+00:00
[2024-12-22T02:06:48.449+0000] {processor.py:183} INFO - Processing /home/airflow/.local/lib/python3.12/site-packages/airflow/example_dags/example_nested_branch_dag.py took 0.056 seconds
[2024-12-22T02:07:19.328+0000] {processor.py:161} INFO - Started process (PID=11756) to work on /home/airflow/.local/lib/python3.12/site-packages/airflow/example_dags/example_nested_branch_dag.py
[2024-12-22T02:07:19.329+0000] {processor.py:830} INFO - Processing file /home/airflow/.local/lib/python3.12/site-packages/airflow/example_dags/example_nested_branch_dag.py for tasks to queue
[2024-12-22T02:07:19.330+0000] {logging_mixin.py:188} INFO - [2024-12-22T02:07:19.330+0000] {dagbag.py:545} INFO - Filling up the DagBag from /home/airflow/.local/lib/python3.12/site-packages/airflow/example_dags/example_nested_branch_dag.py
[2024-12-22T02:07:19.335+0000] {processor.py:840} INFO - DAG(s) 'example_nested_branch_dag' retrieved from /home/airflow/.local/lib/python3.12/site-packages/airflow/example_dags/example_nested_branch_dag.py
[2024-12-22T02:07:19.348+0000] {logging_mixin.py:188} INFO - [2024-12-22T02:07:19.348+0000] {dag.py:3089} INFO - Sync 1 DAGs
[2024-12-22T02:07:19.358+0000] {logging_mixin.py:188} INFO - [2024-12-22T02:07:19.358+0000] {dag.py:3947} INFO - Setting next_dagrun for example_nested_branch_dag to 2024-12-21 00:00:00+00:00, run_after=2024-12-22 00:00:00+00:00
[2024-12-22T02:07:19.368+0000] {processor.py:183} INFO - Processing /home/airflow/.local/lib/python3.12/site-packages/airflow/example_dags/example_nested_branch_dag.py took 0.043 seconds
[2024-12-22T02:07:53.262+0000] {processor.py:161} INFO - Started process (PID=12031) to work on /home/airflow/.local/lib/python3.12/site-packages/airflow/example_dags/example_nested_branch_dag.py
[2024-12-22T02:07:53.263+0000] {processor.py:830} INFO - Processing file /home/airflow/.local/lib/python3.12/site-packages/airflow/example_dags/example_nested_branch_dag.py for tasks to queue
[2024-12-22T02:07:53.264+0000] {logging_mixin.py:188} INFO - [2024-12-22T02:07:53.264+0000] {dagbag.py:545} INFO - Filling up the DagBag from /home/airflow/.local/lib/python3.12/site-packages/airflow/example_dags/example_nested_branch_dag.py
[2024-12-22T02:07:53.270+0000] {processor.py:840} INFO - DAG(s) 'example_nested_branch_dag' retrieved from /home/airflow/.local/lib/python3.12/site-packages/airflow/example_dags/example_nested_branch_dag.py
[2024-12-22T02:07:53.284+0000] {logging_mixin.py:188} INFO - [2024-12-22T02:07:53.283+0000] {dag.py:3089} INFO - Sync 1 DAGs
[2024-12-22T02:07:53.295+0000] {logging_mixin.py:188} INFO - [2024-12-22T02:07:53.295+0000] {dag.py:3947} INFO - Setting next_dagrun for example_nested_branch_dag to 2024-12-21 00:00:00+00:00, run_after=2024-12-22 00:00:00+00:00
[2024-12-22T02:07:53.305+0000] {processor.py:183} INFO - Processing /home/airflow/.local/lib/python3.12/site-packages/airflow/example_dags/example_nested_branch_dag.py took 0.047 seconds
[2024-12-22T02:08:25.227+0000] {processor.py:161} INFO - Started process (PID=12310) to work on /home/airflow/.local/lib/python3.12/site-packages/airflow/example_dags/example_nested_branch_dag.py
[2024-12-22T02:08:25.228+0000] {processor.py:830} INFO - Processing file /home/airflow/.local/lib/python3.12/site-packages/airflow/example_dags/example_nested_branch_dag.py for tasks to queue
[2024-12-22T02:08:25.229+0000] {logging_mixin.py:188} INFO - [2024-12-22T02:08:25.229+0000] {dagbag.py:545} INFO - Filling up the DagBag from /home/airflow/.local/lib/python3.12/site-packages/airflow/example_dags/example_nested_branch_dag.py
[2024-12-22T02:08:25.235+0000] {processor.py:840} INFO - DAG(s) 'example_nested_branch_dag' retrieved from /home/airflow/.local/lib/python3.12/site-packages/airflow/example_dags/example_nested_branch_dag.py
[2024-12-22T02:08:25.248+0000] {logging_mixin.py:188} INFO - [2024-12-22T02:08:25.248+0000] {dag.py:3089} INFO - Sync 1 DAGs
[2024-12-22T02:08:25.364+0000] {logging_mixin.py:188} INFO - [2024-12-22T02:08:25.363+0000] {dag.py:3947} INFO - Setting next_dagrun for example_nested_branch_dag to 2024-12-21 00:00:00+00:00, run_after=2024-12-22 00:00:00+00:00
[2024-12-22T02:08:25.380+0000] {processor.py:183} INFO - Processing /home/airflow/.local/lib/python3.12/site-packages/airflow/example_dags/example_nested_branch_dag.py took 0.156 seconds
[2024-12-22T02:08:57.566+0000] {processor.py:161} INFO - Started process (PID=12585) to work on /home/airflow/.local/lib/python3.12/site-packages/airflow/example_dags/example_nested_branch_dag.py
[2024-12-22T02:08:57.566+0000] {processor.py:830} INFO - Processing file /home/airflow/.local/lib/python3.12/site-packages/airflow/example_dags/example_nested_branch_dag.py for tasks to queue
[2024-12-22T02:08:57.568+0000] {logging_mixin.py:188} INFO - [2024-12-22T02:08:57.567+0000] {dagbag.py:545} INFO - Filling up the DagBag from /home/airflow/.local/lib/python3.12/site-packages/airflow/example_dags/example_nested_branch_dag.py
[2024-12-22T02:08:57.573+0000] {processor.py:840} INFO - DAG(s) 'example_nested_branch_dag' retrieved from /home/airflow/.local/lib/python3.12/site-packages/airflow/example_dags/example_nested_branch_dag.py
[2024-12-22T02:08:57.588+0000] {logging_mixin.py:188} INFO - [2024-12-22T02:08:57.588+0000] {dag.py:3089} INFO - Sync 1 DAGs
[2024-12-22T02:08:57.602+0000] {logging_mixin.py:188} INFO - [2024-12-22T02:08:57.602+0000] {dag.py:3947} INFO - Setting next_dagrun for example_nested_branch_dag to 2024-12-21 00:00:00+00:00, run_after=2024-12-22 00:00:00+00:00
[2024-12-22T02:08:57.731+0000] {processor.py:183} INFO - Processing /home/airflow/.local/lib/python3.12/site-packages/airflow/example_dags/example_nested_branch_dag.py took 0.169 seconds
[2024-12-22T02:09:29.702+0000] {processor.py:161} INFO - Started process (PID=12864) to work on /home/airflow/.local/lib/python3.12/site-packages/airflow/example_dags/example_nested_branch_dag.py
[2024-12-22T02:09:29.703+0000] {processor.py:830} INFO - Processing file /home/airflow/.local/lib/python3.12/site-packages/airflow/example_dags/example_nested_branch_dag.py for tasks to queue
[2024-12-22T02:09:29.704+0000] {logging_mixin.py:188} INFO - [2024-12-22T02:09:29.704+0000] {dagbag.py:545} INFO - Filling up the DagBag from /home/airflow/.local/lib/python3.12/site-packages/airflow/example_dags/example_nested_branch_dag.py
[2024-12-22T02:09:29.710+0000] {processor.py:840} INFO - DAG(s) 'example_nested_branch_dag' retrieved from /home/airflow/.local/lib/python3.12/site-packages/airflow/example_dags/example_nested_branch_dag.py
[2024-12-22T02:09:29.723+0000] {logging_mixin.py:188} INFO - [2024-12-22T02:09:29.723+0000] {dag.py:3089} INFO - Sync 1 DAGs
[2024-12-22T02:09:29.734+0000] {logging_mixin.py:188} INFO - [2024-12-22T02:09:29.734+0000] {dag.py:3947} INFO - Setting next_dagrun for example_nested_branch_dag to 2024-12-21 00:00:00+00:00, run_after=2024-12-22 00:00:00+00:00
[2024-12-22T02:09:29.745+0000] {processor.py:183} INFO - Processing /home/airflow/.local/lib/python3.12/site-packages/airflow/example_dags/example_nested_branch_dag.py took 0.047 seconds
[2024-12-22T02:10:01.192+0000] {processor.py:161} INFO - Started process (PID=13139) to work on /home/airflow/.local/lib/python3.12/site-packages/airflow/example_dags/example_nested_branch_dag.py
[2024-12-22T02:10:01.193+0000] {processor.py:830} INFO - Processing file /home/airflow/.local/lib/python3.12/site-packages/airflow/example_dags/example_nested_branch_dag.py for tasks to queue
[2024-12-22T02:10:01.195+0000] {logging_mixin.py:188} INFO - [2024-12-22T02:10:01.194+0000] {dagbag.py:545} INFO - Filling up the DagBag from /home/airflow/.local/lib/python3.12/site-packages/airflow/example_dags/example_nested_branch_dag.py
[2024-12-22T02:10:01.201+0000] {processor.py:840} INFO - DAG(s) 'example_nested_branch_dag' retrieved from /home/airflow/.local/lib/python3.12/site-packages/airflow/example_dags/example_nested_branch_dag.py
[2024-12-22T02:10:01.217+0000] {logging_mixin.py:188} INFO - [2024-12-22T02:10:01.217+0000] {dag.py:3089} INFO - Sync 1 DAGs
[2024-12-22T02:10:01.231+0000] {logging_mixin.py:188} INFO - [2024-12-22T02:10:01.231+0000] {dag.py:3947} INFO - Setting next_dagrun for example_nested_branch_dag to 2024-12-21 00:00:00+00:00, run_after=2024-12-22 00:00:00+00:00
[2024-12-22T02:10:01.243+0000] {processor.py:183} INFO - Processing /home/airflow/.local/lib/python3.12/site-packages/airflow/example_dags/example_nested_branch_dag.py took 0.055 seconds
[2024-12-22T02:10:31.922+0000] {processor.py:161} INFO - Started process (PID=13418) to work on /home/airflow/.local/lib/python3.12/site-packages/airflow/example_dags/example_nested_branch_dag.py
[2024-12-22T02:10:31.923+0000] {processor.py:830} INFO - Processing file /home/airflow/.local/lib/python3.12/site-packages/airflow/example_dags/example_nested_branch_dag.py for tasks to queue
[2024-12-22T02:10:31.924+0000] {logging_mixin.py:188} INFO - [2024-12-22T02:10:31.924+0000] {dagbag.py:545} INFO - Filling up the DagBag from /home/airflow/.local/lib/python3.12/site-packages/airflow/example_dags/example_nested_branch_dag.py
[2024-12-22T02:10:31.931+0000] {processor.py:840} INFO - DAG(s) 'example_nested_branch_dag' retrieved from /home/airflow/.local/lib/python3.12/site-packages/airflow/example_dags/example_nested_branch_dag.py
[2024-12-22T02:10:31.946+0000] {logging_mixin.py:188} INFO - [2024-12-22T02:10:31.945+0000] {dag.py:3089} INFO - Sync 1 DAGs
[2024-12-22T02:10:31.957+0000] {logging_mixin.py:188} INFO - [2024-12-22T02:10:31.957+0000] {dag.py:3947} INFO - Setting next_dagrun for example_nested_branch_dag to 2024-12-21 00:00:00+00:00, run_after=2024-12-22 00:00:00+00:00
[2024-12-22T02:10:31.967+0000] {processor.py:183} INFO - Processing /home/airflow/.local/lib/python3.12/site-packages/airflow/example_dags/example_nested_branch_dag.py took 0.049 seconds
[2024-12-22T02:11:02.240+0000] {processor.py:161} INFO - Started process (PID=13695) to work on /home/airflow/.local/lib/python3.12/site-packages/airflow/example_dags/example_nested_branch_dag.py
[2024-12-22T02:11:02.241+0000] {processor.py:830} INFO - Processing file /home/airflow/.local/lib/python3.12/site-packages/airflow/example_dags/example_nested_branch_dag.py for tasks to queue
[2024-12-22T02:11:02.242+0000] {logging_mixin.py:188} INFO - [2024-12-22T02:11:02.242+0000] {dagbag.py:545} INFO - Filling up the DagBag from /home/airflow/.local/lib/python3.12/site-packages/airflow/example_dags/example_nested_branch_dag.py
[2024-12-22T02:11:02.248+0000] {processor.py:840} INFO - DAG(s) 'example_nested_branch_dag' retrieved from /home/airflow/.local/lib/python3.12/site-packages/airflow/example_dags/example_nested_branch_dag.py
[2024-12-22T02:11:02.262+0000] {logging_mixin.py:188} INFO - [2024-12-22T02:11:02.261+0000] {dag.py:3089} INFO - Sync 1 DAGs
[2024-12-22T02:11:02.273+0000] {logging_mixin.py:188} INFO - [2024-12-22T02:11:02.273+0000] {dag.py:3947} INFO - Setting next_dagrun for example_nested_branch_dag to 2024-12-21 00:00:00+00:00, run_after=2024-12-22 00:00:00+00:00
[2024-12-22T02:11:02.281+0000] {processor.py:183} INFO - Processing /home/airflow/.local/lib/python3.12/site-packages/airflow/example_dags/example_nested_branch_dag.py took 0.045 seconds
[2024-12-22T02:11:34.817+0000] {processor.py:161} INFO - Started process (PID=13970) to work on /home/airflow/.local/lib/python3.12/site-packages/airflow/example_dags/example_nested_branch_dag.py
[2024-12-22T02:11:34.818+0000] {processor.py:830} INFO - Processing file /home/airflow/.local/lib/python3.12/site-packages/airflow/example_dags/example_nested_branch_dag.py for tasks to queue
[2024-12-22T02:11:34.819+0000] {logging_mixin.py:188} INFO - [2024-12-22T02:11:34.819+0000] {dagbag.py:545} INFO - Filling up the DagBag from /home/airflow/.local/lib/python3.12/site-packages/airflow/example_dags/example_nested_branch_dag.py
[2024-12-22T02:11:34.827+0000] {processor.py:840} INFO - DAG(s) 'example_nested_branch_dag' retrieved from /home/airflow/.local/lib/python3.12/site-packages/airflow/example_dags/example_nested_branch_dag.py
[2024-12-22T02:11:34.841+0000] {logging_mixin.py:188} INFO - [2024-12-22T02:11:34.841+0000] {dag.py:3089} INFO - Sync 1 DAGs
[2024-12-22T02:11:34.855+0000] {logging_mixin.py:188} INFO - [2024-12-22T02:11:34.854+0000] {dag.py:3947} INFO - Setting next_dagrun for example_nested_branch_dag to 2024-12-21 00:00:00+00:00, run_after=2024-12-22 00:00:00+00:00
[2024-12-22T02:11:34.866+0000] {processor.py:183} INFO - Processing /home/airflow/.local/lib/python3.12/site-packages/airflow/example_dags/example_nested_branch_dag.py took 0.053 seconds
[2024-12-22T02:12:05.886+0000] {processor.py:161} INFO - Started process (PID=14248) to work on /home/airflow/.local/lib/python3.12/site-packages/airflow/example_dags/example_nested_branch_dag.py
[2024-12-22T02:12:05.887+0000] {processor.py:830} INFO - Processing file /home/airflow/.local/lib/python3.12/site-packages/airflow/example_dags/example_nested_branch_dag.py for tasks to queue
[2024-12-22T02:12:05.888+0000] {logging_mixin.py:188} INFO - [2024-12-22T02:12:05.888+0000] {dagbag.py:545} INFO - Filling up the DagBag from /home/airflow/.local/lib/python3.12/site-packages/airflow/example_dags/example_nested_branch_dag.py
[2024-12-22T02:12:05.895+0000] {processor.py:840} INFO - DAG(s) 'example_nested_branch_dag' retrieved from /home/airflow/.local/lib/python3.12/site-packages/airflow/example_dags/example_nested_branch_dag.py
[2024-12-22T02:12:05.910+0000] {logging_mixin.py:188} INFO - [2024-12-22T02:12:05.910+0000] {dag.py:3089} INFO - Sync 1 DAGs
[2024-12-22T02:12:05.922+0000] {logging_mixin.py:188} INFO - [2024-12-22T02:12:05.922+0000] {dag.py:3947} INFO - Setting next_dagrun for example_nested_branch_dag to 2024-12-21 00:00:00+00:00, run_after=2024-12-22 00:00:00+00:00
[2024-12-22T02:12:05.935+0000] {processor.py:183} INFO - Processing /home/airflow/.local/lib/python3.12/site-packages/airflow/example_dags/example_nested_branch_dag.py took 0.053 seconds
[2024-12-22T02:12:36.767+0000] {processor.py:161} INFO - Started process (PID=14527) to work on /home/airflow/.local/lib/python3.12/site-packages/airflow/example_dags/example_nested_branch_dag.py
[2024-12-22T02:12:36.768+0000] {processor.py:830} INFO - Processing file /home/airflow/.local/lib/python3.12/site-packages/airflow/example_dags/example_nested_branch_dag.py for tasks to queue
[2024-12-22T02:12:36.770+0000] {logging_mixin.py:188} INFO - [2024-12-22T02:12:36.769+0000] {dagbag.py:545} INFO - Filling up the DagBag from /home/airflow/.local/lib/python3.12/site-packages/airflow/example_dags/example_nested_branch_dag.py
[2024-12-22T02:12:36.776+0000] {processor.py:840} INFO - DAG(s) 'example_nested_branch_dag' retrieved from /home/airflow/.local/lib/python3.12/site-packages/airflow/example_dags/example_nested_branch_dag.py
[2024-12-22T02:12:36.789+0000] {logging_mixin.py:188} INFO - [2024-12-22T02:12:36.789+0000] {dag.py:3089} INFO - Sync 1 DAGs
[2024-12-22T02:12:36.803+0000] {logging_mixin.py:188} INFO - [2024-12-22T02:12:36.803+0000] {dag.py:3947} INFO - Setting next_dagrun for example_nested_branch_dag to 2024-12-21 00:00:00+00:00, run_after=2024-12-22 00:00:00+00:00
[2024-12-22T02:12:36.814+0000] {processor.py:183} INFO - Processing /home/airflow/.local/lib/python3.12/site-packages/airflow/example_dags/example_nested_branch_dag.py took 0.051 seconds
[2024-12-22T02:13:07.102+0000] {processor.py:161} INFO - Started process (PID=14802) to work on /home/airflow/.local/lib/python3.12/site-packages/airflow/example_dags/example_nested_branch_dag.py
[2024-12-22T02:13:07.102+0000] {processor.py:830} INFO - Processing file /home/airflow/.local/lib/python3.12/site-packages/airflow/example_dags/example_nested_branch_dag.py for tasks to queue
[2024-12-22T02:13:07.104+0000] {logging_mixin.py:188} INFO - [2024-12-22T02:13:07.103+0000] {dagbag.py:545} INFO - Filling up the DagBag from /home/airflow/.local/lib/python3.12/site-packages/airflow/example_dags/example_nested_branch_dag.py
[2024-12-22T02:13:07.109+0000] {processor.py:840} INFO - DAG(s) 'example_nested_branch_dag' retrieved from /home/airflow/.local/lib/python3.12/site-packages/airflow/example_dags/example_nested_branch_dag.py
[2024-12-22T02:13:07.124+0000] {logging_mixin.py:188} INFO - [2024-12-22T02:13:07.124+0000] {dag.py:3089} INFO - Sync 1 DAGs
[2024-12-22T02:13:07.137+0000] {logging_mixin.py:188} INFO - [2024-12-22T02:13:07.137+0000] {dag.py:3947} INFO - Setting next_dagrun for example_nested_branch_dag to 2024-12-21 00:00:00+00:00, run_after=2024-12-22 00:00:00+00:00
[2024-12-22T02:13:07.148+0000] {processor.py:183} INFO - Processing /home/airflow/.local/lib/python3.12/site-packages/airflow/example_dags/example_nested_branch_dag.py took 0.051 seconds
[2024-12-22T02:13:37.652+0000] {processor.py:161} INFO - Started process (PID=15081) to work on /home/airflow/.local/lib/python3.12/site-packages/airflow/example_dags/example_nested_branch_dag.py
[2024-12-22T02:13:37.653+0000] {processor.py:830} INFO - Processing file /home/airflow/.local/lib/python3.12/site-packages/airflow/example_dags/example_nested_branch_dag.py for tasks to queue
[2024-12-22T02:13:37.654+0000] {logging_mixin.py:188} INFO - [2024-12-22T02:13:37.654+0000] {dagbag.py:545} INFO - Filling up the DagBag from /home/airflow/.local/lib/python3.12/site-packages/airflow/example_dags/example_nested_branch_dag.py
[2024-12-22T02:13:37.660+0000] {processor.py:840} INFO - DAG(s) 'example_nested_branch_dag' retrieved from /home/airflow/.local/lib/python3.12/site-packages/airflow/example_dags/example_nested_branch_dag.py
[2024-12-22T02:13:37.673+0000] {logging_mixin.py:188} INFO - [2024-12-22T02:13:37.673+0000] {dag.py:3089} INFO - Sync 1 DAGs
[2024-12-22T02:13:37.685+0000] {logging_mixin.py:188} INFO - [2024-12-22T02:13:37.685+0000] {dag.py:3947} INFO - Setting next_dagrun for example_nested_branch_dag to 2024-12-21 00:00:00+00:00, run_after=2024-12-22 00:00:00+00:00
[2024-12-22T02:13:37.695+0000] {processor.py:183} INFO - Processing /home/airflow/.local/lib/python3.12/site-packages/airflow/example_dags/example_nested_branch_dag.py took 0.047 seconds
[2024-12-22T02:14:11.332+0000] {processor.py:161} INFO - Started process (PID=15358) to work on /home/airflow/.local/lib/python3.12/site-packages/airflow/example_dags/example_nested_branch_dag.py
[2024-12-22T02:14:11.332+0000] {processor.py:830} INFO - Processing file /home/airflow/.local/lib/python3.12/site-packages/airflow/example_dags/example_nested_branch_dag.py for tasks to queue
[2024-12-22T02:14:11.333+0000] {logging_mixin.py:188} INFO - [2024-12-22T02:14:11.333+0000] {dagbag.py:545} INFO - Filling up the DagBag from /home/airflow/.local/lib/python3.12/site-packages/airflow/example_dags/example_nested_branch_dag.py
[2024-12-22T02:14:11.339+0000] {processor.py:840} INFO - DAG(s) 'example_nested_branch_dag' retrieved from /home/airflow/.local/lib/python3.12/site-packages/airflow/example_dags/example_nested_branch_dag.py
[2024-12-22T02:14:11.354+0000] {logging_mixin.py:188} INFO - [2024-12-22T02:14:11.354+0000] {dag.py:3089} INFO - Sync 1 DAGs
[2024-12-22T02:14:11.367+0000] {logging_mixin.py:188} INFO - [2024-12-22T02:14:11.367+0000] {dag.py:3947} INFO - Setting next_dagrun for example_nested_branch_dag to 2024-12-21 00:00:00+00:00, run_after=2024-12-22 00:00:00+00:00
[2024-12-22T02:14:11.379+0000] {processor.py:183} INFO - Processing /home/airflow/.local/lib/python3.12/site-packages/airflow/example_dags/example_nested_branch_dag.py took 0.051 seconds
[2024-12-22T02:14:42.602+0000] {processor.py:161} INFO - Started process (PID=15635) to work on /home/airflow/.local/lib/python3.12/site-packages/airflow/example_dags/example_nested_branch_dag.py
[2024-12-22T02:14:42.603+0000] {processor.py:830} INFO - Processing file /home/airflow/.local/lib/python3.12/site-packages/airflow/example_dags/example_nested_branch_dag.py for tasks to queue
[2024-12-22T02:14:42.604+0000] {logging_mixin.py:188} INFO - [2024-12-22T02:14:42.604+0000] {dagbag.py:545} INFO - Filling up the DagBag from /home/airflow/.local/lib/python3.12/site-packages/airflow/example_dags/example_nested_branch_dag.py
[2024-12-22T02:14:42.610+0000] {processor.py:840} INFO - DAG(s) 'example_nested_branch_dag' retrieved from /home/airflow/.local/lib/python3.12/site-packages/airflow/example_dags/example_nested_branch_dag.py
[2024-12-22T02:14:42.624+0000] {logging_mixin.py:188} INFO - [2024-12-22T02:14:42.624+0000] {dag.py:3089} INFO - Sync 1 DAGs
[2024-12-22T02:14:42.635+0000] {logging_mixin.py:188} INFO - [2024-12-22T02:14:42.635+0000] {dag.py:3947} INFO - Setting next_dagrun for example_nested_branch_dag to 2024-12-21 00:00:00+00:00, run_after=2024-12-22 00:00:00+00:00
[2024-12-22T02:14:42.645+0000] {processor.py:183} INFO - Processing /home/airflow/.local/lib/python3.12/site-packages/airflow/example_dags/example_nested_branch_dag.py took 0.046 seconds
[2024-12-22T02:15:13.830+0000] {processor.py:161} INFO - Started process (PID=15912) to work on /home/airflow/.local/lib/python3.12/site-packages/airflow/example_dags/example_nested_branch_dag.py
[2024-12-22T02:15:13.831+0000] {processor.py:830} INFO - Processing file /home/airflow/.local/lib/python3.12/site-packages/airflow/example_dags/example_nested_branch_dag.py for tasks to queue
[2024-12-22T02:15:13.833+0000] {logging_mixin.py:188} INFO - [2024-12-22T02:15:13.832+0000] {dagbag.py:545} INFO - Filling up the DagBag from /home/airflow/.local/lib/python3.12/site-packages/airflow/example_dags/example_nested_branch_dag.py
[2024-12-22T02:15:13.840+0000] {processor.py:840} INFO - DAG(s) 'example_nested_branch_dag' retrieved from /home/airflow/.local/lib/python3.12/site-packages/airflow/example_dags/example_nested_branch_dag.py
[2024-12-22T02:15:13.855+0000] {logging_mixin.py:188} INFO - [2024-12-22T02:15:13.855+0000] {dag.py:3089} INFO - Sync 1 DAGs
[2024-12-22T02:15:13.869+0000] {logging_mixin.py:188} INFO - [2024-12-22T02:15:13.869+0000] {dag.py:3947} INFO - Setting next_dagrun for example_nested_branch_dag to 2024-12-21 00:00:00+00:00, run_after=2024-12-22 00:00:00+00:00
[2024-12-22T02:15:13.881+0000] {processor.py:183} INFO - Processing /home/airflow/.local/lib/python3.12/site-packages/airflow/example_dags/example_nested_branch_dag.py took 0.055 seconds
[2024-12-22T02:15:44.364+0000] {processor.py:161} INFO - Started process (PID=16187) to work on /home/airflow/.local/lib/python3.12/site-packages/airflow/example_dags/example_nested_branch_dag.py
[2024-12-22T02:15:44.365+0000] {processor.py:830} INFO - Processing file /home/airflow/.local/lib/python3.12/site-packages/airflow/example_dags/example_nested_branch_dag.py for tasks to queue
[2024-12-22T02:15:44.366+0000] {logging_mixin.py:188} INFO - [2024-12-22T02:15:44.366+0000] {dagbag.py:545} INFO - Filling up the DagBag from /home/airflow/.local/lib/python3.12/site-packages/airflow/example_dags/example_nested_branch_dag.py
[2024-12-22T02:15:44.373+0000] {processor.py:840} INFO - DAG(s) 'example_nested_branch_dag' retrieved from /home/airflow/.local/lib/python3.12/site-packages/airflow/example_dags/example_nested_branch_dag.py
[2024-12-22T02:15:44.389+0000] {logging_mixin.py:188} INFO - [2024-12-22T02:15:44.388+0000] {dag.py:3089} INFO - Sync 1 DAGs
[2024-12-22T02:15:44.402+0000] {logging_mixin.py:188} INFO - [2024-12-22T02:15:44.402+0000] {dag.py:3947} INFO - Setting next_dagrun for example_nested_branch_dag to 2024-12-21 00:00:00+00:00, run_after=2024-12-22 00:00:00+00:00
[2024-12-22T02:15:44.415+0000] {processor.py:183} INFO - Processing /home/airflow/.local/lib/python3.12/site-packages/airflow/example_dags/example_nested_branch_dag.py took 0.055 seconds
[2024-12-22T02:16:15.077+0000] {processor.py:161} INFO - Started process (PID=16464) to work on /home/airflow/.local/lib/python3.12/site-packages/airflow/example_dags/example_nested_branch_dag.py
[2024-12-22T02:16:15.078+0000] {processor.py:830} INFO - Processing file /home/airflow/.local/lib/python3.12/site-packages/airflow/example_dags/example_nested_branch_dag.py for tasks to queue
[2024-12-22T02:16:15.079+0000] {logging_mixin.py:188} INFO - [2024-12-22T02:16:15.079+0000] {dagbag.py:545} INFO - Filling up the DagBag from /home/airflow/.local/lib/python3.12/site-packages/airflow/example_dags/example_nested_branch_dag.py
[2024-12-22T02:16:15.087+0000] {processor.py:840} INFO - DAG(s) 'example_nested_branch_dag' retrieved from /home/airflow/.local/lib/python3.12/site-packages/airflow/example_dags/example_nested_branch_dag.py
[2024-12-22T02:16:15.100+0000] {logging_mixin.py:188} INFO - [2024-12-22T02:16:15.100+0000] {dag.py:3089} INFO - Sync 1 DAGs
[2024-12-22T02:16:15.113+0000] {logging_mixin.py:188} INFO - [2024-12-22T02:16:15.113+0000] {dag.py:3947} INFO - Setting next_dagrun for example_nested_branch_dag to 2024-12-21 00:00:00+00:00, run_after=2024-12-22 00:00:00+00:00
[2024-12-22T02:16:15.124+0000] {processor.py:183} INFO - Processing /home/airflow/.local/lib/python3.12/site-packages/airflow/example_dags/example_nested_branch_dag.py took 0.051 seconds
[2024-12-22T02:16:46.529+0000] {processor.py:161} INFO - Started process (PID=16741) to work on /home/airflow/.local/lib/python3.12/site-packages/airflow/example_dags/example_nested_branch_dag.py
[2024-12-22T02:16:46.530+0000] {processor.py:830} INFO - Processing file /home/airflow/.local/lib/python3.12/site-packages/airflow/example_dags/example_nested_branch_dag.py for tasks to queue
[2024-12-22T02:16:46.531+0000] {logging_mixin.py:188} INFO - [2024-12-22T02:16:46.531+0000] {dagbag.py:545} INFO - Filling up the DagBag from /home/airflow/.local/lib/python3.12/site-packages/airflow/example_dags/example_nested_branch_dag.py
[2024-12-22T02:16:46.538+0000] {processor.py:840} INFO - DAG(s) 'example_nested_branch_dag' retrieved from /home/airflow/.local/lib/python3.12/site-packages/airflow/example_dags/example_nested_branch_dag.py
[2024-12-22T02:16:46.553+0000] {logging_mixin.py:188} INFO - [2024-12-22T02:16:46.552+0000] {dag.py:3089} INFO - Sync 1 DAGs
[2024-12-22T02:16:46.565+0000] {logging_mixin.py:188} INFO - [2024-12-22T02:16:46.565+0000] {dag.py:3947} INFO - Setting next_dagrun for example_nested_branch_dag to 2024-12-21 00:00:00+00:00, run_after=2024-12-22 00:00:00+00:00
[2024-12-22T02:16:46.575+0000] {processor.py:183} INFO - Processing /home/airflow/.local/lib/python3.12/site-packages/airflow/example_dags/example_nested_branch_dag.py took 0.050 seconds
[2024-12-22T02:17:20.189+0000] {processor.py:161} INFO - Started process (PID=17019) to work on /home/airflow/.local/lib/python3.12/site-packages/airflow/example_dags/example_nested_branch_dag.py
[2024-12-22T02:17:20.189+0000] {processor.py:830} INFO - Processing file /home/airflow/.local/lib/python3.12/site-packages/airflow/example_dags/example_nested_branch_dag.py for tasks to queue
[2024-12-22T02:17:20.191+0000] {logging_mixin.py:188} INFO - [2024-12-22T02:17:20.191+0000] {dagbag.py:545} INFO - Filling up the DagBag from /home/airflow/.local/lib/python3.12/site-packages/airflow/example_dags/example_nested_branch_dag.py
[2024-12-22T02:17:20.198+0000] {processor.py:840} INFO - DAG(s) 'example_nested_branch_dag' retrieved from /home/airflow/.local/lib/python3.12/site-packages/airflow/example_dags/example_nested_branch_dag.py
[2024-12-22T02:17:20.213+0000] {logging_mixin.py:188} INFO - [2024-12-22T02:17:20.212+0000] {dag.py:3089} INFO - Sync 1 DAGs
[2024-12-22T02:17:20.225+0000] {logging_mixin.py:188} INFO - [2024-12-22T02:17:20.225+0000] {dag.py:3947} INFO - Setting next_dagrun for example_nested_branch_dag to 2024-12-21 00:00:00+00:00, run_after=2024-12-22 00:00:00+00:00
[2024-12-22T02:17:20.236+0000] {processor.py:183} INFO - Processing /home/airflow/.local/lib/python3.12/site-packages/airflow/example_dags/example_nested_branch_dag.py took 0.052 seconds
[2024-12-22T02:17:50.560+0000] {processor.py:161} INFO - Started process (PID=17297) to work on /home/airflow/.local/lib/python3.12/site-packages/airflow/example_dags/example_nested_branch_dag.py
[2024-12-22T02:17:50.562+0000] {processor.py:830} INFO - Processing file /home/airflow/.local/lib/python3.12/site-packages/airflow/example_dags/example_nested_branch_dag.py for tasks to queue
[2024-12-22T02:17:50.563+0000] {logging_mixin.py:188} INFO - [2024-12-22T02:17:50.563+0000] {dagbag.py:545} INFO - Filling up the DagBag from /home/airflow/.local/lib/python3.12/site-packages/airflow/example_dags/example_nested_branch_dag.py
[2024-12-22T02:17:50.569+0000] {processor.py:840} INFO - DAG(s) 'example_nested_branch_dag' retrieved from /home/airflow/.local/lib/python3.12/site-packages/airflow/example_dags/example_nested_branch_dag.py
[2024-12-22T02:17:50.588+0000] {logging_mixin.py:188} INFO - [2024-12-22T02:17:50.588+0000] {dag.py:3089} INFO - Sync 1 DAGs
[2024-12-22T02:17:50.601+0000] {logging_mixin.py:188} INFO - [2024-12-22T02:17:50.601+0000] {dag.py:3947} INFO - Setting next_dagrun for example_nested_branch_dag to 2024-12-21 00:00:00+00:00, run_after=2024-12-22 00:00:00+00:00
[2024-12-22T02:17:50.614+0000] {processor.py:183} INFO - Processing /home/airflow/.local/lib/python3.12/site-packages/airflow/example_dags/example_nested_branch_dag.py took 0.058 seconds
[2024-12-22T02:18:21.537+0000] {processor.py:161} INFO - Started process (PID=17574) to work on /home/airflow/.local/lib/python3.12/site-packages/airflow/example_dags/example_nested_branch_dag.py
[2024-12-22T02:18:21.538+0000] {processor.py:830} INFO - Processing file /home/airflow/.local/lib/python3.12/site-packages/airflow/example_dags/example_nested_branch_dag.py for tasks to queue
[2024-12-22T02:18:21.539+0000] {logging_mixin.py:188} INFO - [2024-12-22T02:18:21.539+0000] {dagbag.py:545} INFO - Filling up the DagBag from /home/airflow/.local/lib/python3.12/site-packages/airflow/example_dags/example_nested_branch_dag.py
[2024-12-22T02:18:21.546+0000] {processor.py:840} INFO - DAG(s) 'example_nested_branch_dag' retrieved from /home/airflow/.local/lib/python3.12/site-packages/airflow/example_dags/example_nested_branch_dag.py
[2024-12-22T02:18:21.560+0000] {logging_mixin.py:188} INFO - [2024-12-22T02:18:21.559+0000] {dag.py:3089} INFO - Sync 1 DAGs
[2024-12-22T02:18:21.573+0000] {logging_mixin.py:188} INFO - [2024-12-22T02:18:21.573+0000] {dag.py:3947} INFO - Setting next_dagrun for example_nested_branch_dag to 2024-12-21 00:00:00+00:00, run_after=2024-12-22 00:00:00+00:00
[2024-12-22T02:18:21.584+0000] {processor.py:183} INFO - Processing /home/airflow/.local/lib/python3.12/site-packages/airflow/example_dags/example_nested_branch_dag.py took 0.051 seconds
[2024-12-22T02:18:52.306+0000] {processor.py:161} INFO - Started process (PID=17849) to work on /home/airflow/.local/lib/python3.12/site-packages/airflow/example_dags/example_nested_branch_dag.py
[2024-12-22T02:18:52.307+0000] {processor.py:830} INFO - Processing file /home/airflow/.local/lib/python3.12/site-packages/airflow/example_dags/example_nested_branch_dag.py for tasks to queue
[2024-12-22T02:18:52.308+0000] {logging_mixin.py:188} INFO - [2024-12-22T02:18:52.308+0000] {dagbag.py:545} INFO - Filling up the DagBag from /home/airflow/.local/lib/python3.12/site-packages/airflow/example_dags/example_nested_branch_dag.py
[2024-12-22T02:18:52.316+0000] {processor.py:840} INFO - DAG(s) 'example_nested_branch_dag' retrieved from /home/airflow/.local/lib/python3.12/site-packages/airflow/example_dags/example_nested_branch_dag.py
[2024-12-22T02:18:52.331+0000] {logging_mixin.py:188} INFO - [2024-12-22T02:18:52.331+0000] {dag.py:3089} INFO - Sync 1 DAGs
[2024-12-22T02:18:52.344+0000] {logging_mixin.py:188} INFO - [2024-12-22T02:18:52.344+0000] {dag.py:3947} INFO - Setting next_dagrun for example_nested_branch_dag to 2024-12-21 00:00:00+00:00, run_after=2024-12-22 00:00:00+00:00
[2024-12-22T02:18:52.356+0000] {processor.py:183} INFO - Processing /home/airflow/.local/lib/python3.12/site-packages/airflow/example_dags/example_nested_branch_dag.py took 0.053 seconds
[2024-12-22T02:19:40.375+0000] {processor.py:161} INFO - Started process (PID=18133) to work on /home/airflow/.local/lib/python3.12/site-packages/airflow/example_dags/example_nested_branch_dag.py
[2024-12-22T02:19:40.376+0000] {processor.py:830} INFO - Processing file /home/airflow/.local/lib/python3.12/site-packages/airflow/example_dags/example_nested_branch_dag.py for tasks to queue
[2024-12-22T02:19:40.378+0000] {logging_mixin.py:188} INFO - [2024-12-22T02:19:40.378+0000] {dagbag.py:545} INFO - Filling up the DagBag from /home/airflow/.local/lib/python3.12/site-packages/airflow/example_dags/example_nested_branch_dag.py
[2024-12-22T02:19:40.385+0000] {processor.py:840} INFO - DAG(s) 'example_nested_branch_dag' retrieved from /home/airflow/.local/lib/python3.12/site-packages/airflow/example_dags/example_nested_branch_dag.py
[2024-12-22T02:19:40.401+0000] {logging_mixin.py:188} INFO - [2024-12-22T02:19:40.401+0000] {dag.py:3089} INFO - Sync 1 DAGs
[2024-12-22T02:19:40.415+0000] {logging_mixin.py:188} INFO - [2024-12-22T02:19:40.415+0000] {dag.py:3947} INFO - Setting next_dagrun for example_nested_branch_dag to 2024-12-21 00:00:00+00:00, run_after=2024-12-22 00:00:00+00:00
[2024-12-22T02:19:40.428+0000] {processor.py:183} INFO - Processing /home/airflow/.local/lib/python3.12/site-packages/airflow/example_dags/example_nested_branch_dag.py took 0.057 seconds
[2024-12-22T02:20:10.506+0000] {processor.py:161} INFO - Started process (PID=18412) to work on /home/airflow/.local/lib/python3.12/site-packages/airflow/example_dags/example_nested_branch_dag.py
[2024-12-22T02:20:10.507+0000] {processor.py:830} INFO - Processing file /home/airflow/.local/lib/python3.12/site-packages/airflow/example_dags/example_nested_branch_dag.py for tasks to queue
[2024-12-22T02:20:10.508+0000] {logging_mixin.py:188} INFO - [2024-12-22T02:20:10.508+0000] {dagbag.py:545} INFO - Filling up the DagBag from /home/airflow/.local/lib/python3.12/site-packages/airflow/example_dags/example_nested_branch_dag.py
[2024-12-22T02:20:10.514+0000] {processor.py:840} INFO - DAG(s) 'example_nested_branch_dag' retrieved from /home/airflow/.local/lib/python3.12/site-packages/airflow/example_dags/example_nested_branch_dag.py
[2024-12-22T02:20:10.530+0000] {logging_mixin.py:188} INFO - [2024-12-22T02:20:10.530+0000] {dag.py:3089} INFO - Sync 1 DAGs
[2024-12-22T02:20:10.543+0000] {logging_mixin.py:188} INFO - [2024-12-22T02:20:10.543+0000] {dag.py:3947} INFO - Setting next_dagrun for example_nested_branch_dag to 2024-12-21 00:00:00+00:00, run_after=2024-12-22 00:00:00+00:00
[2024-12-22T02:20:10.557+0000] {processor.py:183} INFO - Processing /home/airflow/.local/lib/python3.12/site-packages/airflow/example_dags/example_nested_branch_dag.py took 0.055 seconds
[2024-12-22T02:20:40.975+0000] {processor.py:161} INFO - Started process (PID=18689) to work on /home/airflow/.local/lib/python3.12/site-packages/airflow/example_dags/example_nested_branch_dag.py
[2024-12-22T02:20:40.975+0000] {processor.py:830} INFO - Processing file /home/airflow/.local/lib/python3.12/site-packages/airflow/example_dags/example_nested_branch_dag.py for tasks to queue
[2024-12-22T02:20:40.977+0000] {logging_mixin.py:188} INFO - [2024-12-22T02:20:40.976+0000] {dagbag.py:545} INFO - Filling up the DagBag from /home/airflow/.local/lib/python3.12/site-packages/airflow/example_dags/example_nested_branch_dag.py
[2024-12-22T02:20:40.984+0000] {processor.py:840} INFO - DAG(s) 'example_nested_branch_dag' retrieved from /home/airflow/.local/lib/python3.12/site-packages/airflow/example_dags/example_nested_branch_dag.py
[2024-12-22T02:20:40.997+0000] {logging_mixin.py:188} INFO - [2024-12-22T02:20:40.997+0000] {dag.py:3089} INFO - Sync 1 DAGs
[2024-12-22T02:20:41.010+0000] {logging_mixin.py:188} INFO - [2024-12-22T02:20:41.010+0000] {dag.py:3947} INFO - Setting next_dagrun for example_nested_branch_dag to 2024-12-21 00:00:00+00:00, run_after=2024-12-22 00:00:00+00:00
[2024-12-22T02:20:41.021+0000] {processor.py:183} INFO - Processing /home/airflow/.local/lib/python3.12/site-packages/airflow/example_dags/example_nested_branch_dag.py took 0.051 seconds
[2024-12-22T02:21:12.094+0000] {processor.py:161} INFO - Started process (PID=18966) to work on /home/airflow/.local/lib/python3.12/site-packages/airflow/example_dags/example_nested_branch_dag.py
[2024-12-22T02:21:12.095+0000] {processor.py:830} INFO - Processing file /home/airflow/.local/lib/python3.12/site-packages/airflow/example_dags/example_nested_branch_dag.py for tasks to queue
[2024-12-22T02:21:12.096+0000] {logging_mixin.py:188} INFO - [2024-12-22T02:21:12.096+0000] {dagbag.py:545} INFO - Filling up the DagBag from /home/airflow/.local/lib/python3.12/site-packages/airflow/example_dags/example_nested_branch_dag.py
[2024-12-22T02:21:12.104+0000] {processor.py:840} INFO - DAG(s) 'example_nested_branch_dag' retrieved from /home/airflow/.local/lib/python3.12/site-packages/airflow/example_dags/example_nested_branch_dag.py
[2024-12-22T02:21:12.119+0000] {logging_mixin.py:188} INFO - [2024-12-22T02:21:12.119+0000] {dag.py:3089} INFO - Sync 1 DAGs
[2024-12-22T02:21:12.133+0000] {logging_mixin.py:188} INFO - [2024-12-22T02:21:12.133+0000] {dag.py:3947} INFO - Setting next_dagrun for example_nested_branch_dag to 2024-12-21 00:00:00+00:00, run_after=2024-12-22 00:00:00+00:00
[2024-12-22T02:21:12.144+0000] {processor.py:183} INFO - Processing /home/airflow/.local/lib/python3.12/site-packages/airflow/example_dags/example_nested_branch_dag.py took 0.055 seconds
[2024-12-22T02:21:42.802+0000] {processor.py:161} INFO - Started process (PID=19243) to work on /home/airflow/.local/lib/python3.12/site-packages/airflow/example_dags/example_nested_branch_dag.py
[2024-12-22T02:21:42.804+0000] {processor.py:830} INFO - Processing file /home/airflow/.local/lib/python3.12/site-packages/airflow/example_dags/example_nested_branch_dag.py for tasks to queue
[2024-12-22T02:21:42.805+0000] {logging_mixin.py:188} INFO - [2024-12-22T02:21:42.805+0000] {dagbag.py:545} INFO - Filling up the DagBag from /home/airflow/.local/lib/python3.12/site-packages/airflow/example_dags/example_nested_branch_dag.py
[2024-12-22T02:21:42.811+0000] {processor.py:840} INFO - DAG(s) 'example_nested_branch_dag' retrieved from /home/airflow/.local/lib/python3.12/site-packages/airflow/example_dags/example_nested_branch_dag.py
[2024-12-22T02:21:42.825+0000] {logging_mixin.py:188} INFO - [2024-12-22T02:21:42.825+0000] {dag.py:3089} INFO - Sync 1 DAGs
[2024-12-22T02:21:42.839+0000] {logging_mixin.py:188} INFO - [2024-12-22T02:21:42.839+0000] {dag.py:3947} INFO - Setting next_dagrun for example_nested_branch_dag to 2024-12-21 00:00:00+00:00, run_after=2024-12-22 00:00:00+00:00
[2024-12-22T02:21:42.849+0000] {processor.py:183} INFO - Processing /home/airflow/.local/lib/python3.12/site-packages/airflow/example_dags/example_nested_branch_dag.py took 0.051 seconds
[2024-12-22T02:22:13.169+0000] {processor.py:161} INFO - Started process (PID=19520) to work on /home/airflow/.local/lib/python3.12/site-packages/airflow/example_dags/example_nested_branch_dag.py
[2024-12-22T02:22:13.170+0000] {processor.py:830} INFO - Processing file /home/airflow/.local/lib/python3.12/site-packages/airflow/example_dags/example_nested_branch_dag.py for tasks to queue
[2024-12-22T02:22:13.171+0000] {logging_mixin.py:188} INFO - [2024-12-22T02:22:13.171+0000] {dagbag.py:545} INFO - Filling up the DagBag from /home/airflow/.local/lib/python3.12/site-packages/airflow/example_dags/example_nested_branch_dag.py
[2024-12-22T02:22:13.179+0000] {processor.py:840} INFO - DAG(s) 'example_nested_branch_dag' retrieved from /home/airflow/.local/lib/python3.12/site-packages/airflow/example_dags/example_nested_branch_dag.py
[2024-12-22T02:22:13.193+0000] {logging_mixin.py:188} INFO - [2024-12-22T02:22:13.193+0000] {dag.py:3089} INFO - Sync 1 DAGs
[2024-12-22T02:22:13.205+0000] {logging_mixin.py:188} INFO - [2024-12-22T02:22:13.205+0000] {dag.py:3947} INFO - Setting next_dagrun for example_nested_branch_dag to 2024-12-21 00:00:00+00:00, run_after=2024-12-22 00:00:00+00:00
[2024-12-22T02:22:13.216+0000] {processor.py:183} INFO - Processing /home/airflow/.local/lib/python3.12/site-packages/airflow/example_dags/example_nested_branch_dag.py took 0.051 seconds
[2024-12-22T02:22:43.522+0000] {processor.py:161} INFO - Started process (PID=19789) to work on /home/airflow/.local/lib/python3.12/site-packages/airflow/example_dags/example_nested_branch_dag.py
[2024-12-22T02:22:43.523+0000] {processor.py:830} INFO - Processing file /home/airflow/.local/lib/python3.12/site-packages/airflow/example_dags/example_nested_branch_dag.py for tasks to queue
[2024-12-22T02:22:43.524+0000] {logging_mixin.py:188} INFO - [2024-12-22T02:22:43.524+0000] {dagbag.py:545} INFO - Filling up the DagBag from /home/airflow/.local/lib/python3.12/site-packages/airflow/example_dags/example_nested_branch_dag.py
[2024-12-22T02:22:43.529+0000] {processor.py:840} INFO - DAG(s) 'example_nested_branch_dag' retrieved from /home/airflow/.local/lib/python3.12/site-packages/airflow/example_dags/example_nested_branch_dag.py
[2024-12-22T02:22:43.545+0000] {logging_mixin.py:188} INFO - [2024-12-22T02:22:43.545+0000] {dag.py:3089} INFO - Sync 1 DAGs
[2024-12-22T02:22:43.559+0000] {logging_mixin.py:188} INFO - [2024-12-22T02:22:43.559+0000] {dag.py:3947} INFO - Setting next_dagrun for example_nested_branch_dag to 2024-12-21 00:00:00+00:00, run_after=2024-12-22 00:00:00+00:00
[2024-12-22T02:22:43.571+0000] {processor.py:183} INFO - Processing /home/airflow/.local/lib/python3.12/site-packages/airflow/example_dags/example_nested_branch_dag.py took 0.052 seconds
[2024-12-22T02:23:14.216+0000] {processor.py:161} INFO - Started process (PID=20068) to work on /home/airflow/.local/lib/python3.12/site-packages/airflow/example_dags/example_nested_branch_dag.py
[2024-12-22T02:23:14.217+0000] {processor.py:830} INFO - Processing file /home/airflow/.local/lib/python3.12/site-packages/airflow/example_dags/example_nested_branch_dag.py for tasks to queue
[2024-12-22T02:23:14.218+0000] {logging_mixin.py:188} INFO - [2024-12-22T02:23:14.218+0000] {dagbag.py:545} INFO - Filling up the DagBag from /home/airflow/.local/lib/python3.12/site-packages/airflow/example_dags/example_nested_branch_dag.py
[2024-12-22T02:23:14.225+0000] {processor.py:840} INFO - DAG(s) 'example_nested_branch_dag' retrieved from /home/airflow/.local/lib/python3.12/site-packages/airflow/example_dags/example_nested_branch_dag.py
[2024-12-22T02:23:14.239+0000] {logging_mixin.py:188} INFO - [2024-12-22T02:23:14.239+0000] {dag.py:3089} INFO - Sync 1 DAGs
[2024-12-22T02:23:14.254+0000] {logging_mixin.py:188} INFO - [2024-12-22T02:23:14.254+0000] {dag.py:3947} INFO - Setting next_dagrun for example_nested_branch_dag to 2024-12-21 00:00:00+00:00, run_after=2024-12-22 00:00:00+00:00
[2024-12-22T02:23:14.267+0000] {processor.py:183} INFO - Processing /home/airflow/.local/lib/python3.12/site-packages/airflow/example_dags/example_nested_branch_dag.py took 0.056 seconds
[2024-12-22T02:23:44.796+0000] {processor.py:161} INFO - Started process (PID=20343) to work on /home/airflow/.local/lib/python3.12/site-packages/airflow/example_dags/example_nested_branch_dag.py
[2024-12-22T02:23:44.797+0000] {processor.py:830} INFO - Processing file /home/airflow/.local/lib/python3.12/site-packages/airflow/example_dags/example_nested_branch_dag.py for tasks to queue
[2024-12-22T02:23:44.798+0000] {logging_mixin.py:188} INFO - [2024-12-22T02:23:44.798+0000] {dagbag.py:545} INFO - Filling up the DagBag from /home/airflow/.local/lib/python3.12/site-packages/airflow/example_dags/example_nested_branch_dag.py
[2024-12-22T02:23:44.804+0000] {processor.py:840} INFO - DAG(s) 'example_nested_branch_dag' retrieved from /home/airflow/.local/lib/python3.12/site-packages/airflow/example_dags/example_nested_branch_dag.py
[2024-12-22T02:23:44.818+0000] {logging_mixin.py:188} INFO - [2024-12-22T02:23:44.818+0000] {dag.py:3089} INFO - Sync 1 DAGs
[2024-12-22T02:23:44.831+0000] {logging_mixin.py:188} INFO - [2024-12-22T02:23:44.831+0000] {dag.py:3947} INFO - Setting next_dagrun for example_nested_branch_dag to 2024-12-21 00:00:00+00:00, run_after=2024-12-22 00:00:00+00:00
[2024-12-22T02:23:44.843+0000] {processor.py:183} INFO - Processing /home/airflow/.local/lib/python3.12/site-packages/airflow/example_dags/example_nested_branch_dag.py took 0.052 seconds
[2024-12-22T02:24:15.341+0000] {processor.py:161} INFO - Started process (PID=20620) to work on /home/airflow/.local/lib/python3.12/site-packages/airflow/example_dags/example_nested_branch_dag.py
[2024-12-22T02:24:15.342+0000] {processor.py:830} INFO - Processing file /home/airflow/.local/lib/python3.12/site-packages/airflow/example_dags/example_nested_branch_dag.py for tasks to queue
[2024-12-22T02:24:15.343+0000] {logging_mixin.py:188} INFO - [2024-12-22T02:24:15.343+0000] {dagbag.py:545} INFO - Filling up the DagBag from /home/airflow/.local/lib/python3.12/site-packages/airflow/example_dags/example_nested_branch_dag.py
[2024-12-22T02:24:15.349+0000] {processor.py:840} INFO - DAG(s) 'example_nested_branch_dag' retrieved from /home/airflow/.local/lib/python3.12/site-packages/airflow/example_dags/example_nested_branch_dag.py
[2024-12-22T02:24:15.364+0000] {logging_mixin.py:188} INFO - [2024-12-22T02:24:15.364+0000] {dag.py:3089} INFO - Sync 1 DAGs
[2024-12-22T02:24:15.377+0000] {logging_mixin.py:188} INFO - [2024-12-22T02:24:15.377+0000] {dag.py:3947} INFO - Setting next_dagrun for example_nested_branch_dag to 2024-12-21 00:00:00+00:00, run_after=2024-12-22 00:00:00+00:00
[2024-12-22T02:24:15.390+0000] {processor.py:183} INFO - Processing /home/airflow/.local/lib/python3.12/site-packages/airflow/example_dags/example_nested_branch_dag.py took 0.053 seconds
[2024-12-22T02:24:46.252+0000] {processor.py:161} INFO - Started process (PID=20899) to work on /home/airflow/.local/lib/python3.12/site-packages/airflow/example_dags/example_nested_branch_dag.py
[2024-12-22T02:24:46.253+0000] {processor.py:830} INFO - Processing file /home/airflow/.local/lib/python3.12/site-packages/airflow/example_dags/example_nested_branch_dag.py for tasks to queue
[2024-12-22T02:24:46.254+0000] {logging_mixin.py:188} INFO - [2024-12-22T02:24:46.254+0000] {dagbag.py:545} INFO - Filling up the DagBag from /home/airflow/.local/lib/python3.12/site-packages/airflow/example_dags/example_nested_branch_dag.py
[2024-12-22T02:24:46.260+0000] {processor.py:840} INFO - DAG(s) 'example_nested_branch_dag' retrieved from /home/airflow/.local/lib/python3.12/site-packages/airflow/example_dags/example_nested_branch_dag.py
[2024-12-22T02:24:46.273+0000] {logging_mixin.py:188} INFO - [2024-12-22T02:24:46.273+0000] {dag.py:3089} INFO - Sync 1 DAGs
[2024-12-22T02:24:46.285+0000] {logging_mixin.py:188} INFO - [2024-12-22T02:24:46.285+0000] {dag.py:3947} INFO - Setting next_dagrun for example_nested_branch_dag to 2024-12-21 00:00:00+00:00, run_after=2024-12-22 00:00:00+00:00
[2024-12-22T02:24:46.296+0000] {processor.py:183} INFO - Processing /home/airflow/.local/lib/python3.12/site-packages/airflow/example_dags/example_nested_branch_dag.py took 0.048 seconds
[2024-12-22T02:25:16.548+0000] {processor.py:161} INFO - Started process (PID=21174) to work on /home/airflow/.local/lib/python3.12/site-packages/airflow/example_dags/example_nested_branch_dag.py
[2024-12-22T02:25:16.549+0000] {processor.py:830} INFO - Processing file /home/airflow/.local/lib/python3.12/site-packages/airflow/example_dags/example_nested_branch_dag.py for tasks to queue
[2024-12-22T02:25:16.550+0000] {logging_mixin.py:188} INFO - [2024-12-22T02:25:16.550+0000] {dagbag.py:545} INFO - Filling up the DagBag from /home/airflow/.local/lib/python3.12/site-packages/airflow/example_dags/example_nested_branch_dag.py
[2024-12-22T02:25:16.556+0000] {processor.py:840} INFO - DAG(s) 'example_nested_branch_dag' retrieved from /home/airflow/.local/lib/python3.12/site-packages/airflow/example_dags/example_nested_branch_dag.py
[2024-12-22T02:25:16.569+0000] {logging_mixin.py:188} INFO - [2024-12-22T02:25:16.568+0000] {dag.py:3089} INFO - Sync 1 DAGs
[2024-12-22T02:25:16.581+0000] {logging_mixin.py:188} INFO - [2024-12-22T02:25:16.581+0000] {dag.py:3947} INFO - Setting next_dagrun for example_nested_branch_dag to 2024-12-21 00:00:00+00:00, run_after=2024-12-22 00:00:00+00:00
[2024-12-22T02:25:16.593+0000] {processor.py:183} INFO - Processing /home/airflow/.local/lib/python3.12/site-packages/airflow/example_dags/example_nested_branch_dag.py took 0.049 seconds
[2024-12-22T02:25:46.831+0000] {processor.py:161} INFO - Started process (PID=21452) to work on /home/airflow/.local/lib/python3.12/site-packages/airflow/example_dags/example_nested_branch_dag.py
[2024-12-22T02:25:46.832+0000] {processor.py:830} INFO - Processing file /home/airflow/.local/lib/python3.12/site-packages/airflow/example_dags/example_nested_branch_dag.py for tasks to queue
[2024-12-22T02:25:46.833+0000] {logging_mixin.py:188} INFO - [2024-12-22T02:25:46.833+0000] {dagbag.py:545} INFO - Filling up the DagBag from /home/airflow/.local/lib/python3.12/site-packages/airflow/example_dags/example_nested_branch_dag.py
[2024-12-22T02:25:46.838+0000] {processor.py:840} INFO - DAG(s) 'example_nested_branch_dag' retrieved from /home/airflow/.local/lib/python3.12/site-packages/airflow/example_dags/example_nested_branch_dag.py
[2024-12-22T02:25:46.851+0000] {logging_mixin.py:188} INFO - [2024-12-22T02:25:46.851+0000] {dag.py:3089} INFO - Sync 1 DAGs
[2024-12-22T02:25:46.861+0000] {logging_mixin.py:188} INFO - [2024-12-22T02:25:46.861+0000] {dag.py:3947} INFO - Setting next_dagrun for example_nested_branch_dag to 2024-12-21 00:00:00+00:00, run_after=2024-12-22 00:00:00+00:00
[2024-12-22T02:25:46.873+0000] {processor.py:183} INFO - Processing /home/airflow/.local/lib/python3.12/site-packages/airflow/example_dags/example_nested_branch_dag.py took 0.045 seconds
[2024-12-22T02:26:17.488+0000] {processor.py:161} INFO - Started process (PID=21730) to work on /home/airflow/.local/lib/python3.12/site-packages/airflow/example_dags/example_nested_branch_dag.py
[2024-12-22T02:26:17.489+0000] {processor.py:830} INFO - Processing file /home/airflow/.local/lib/python3.12/site-packages/airflow/example_dags/example_nested_branch_dag.py for tasks to queue
[2024-12-22T02:26:17.490+0000] {logging_mixin.py:188} INFO - [2024-12-22T02:26:17.490+0000] {dagbag.py:545} INFO - Filling up the DagBag from /home/airflow/.local/lib/python3.12/site-packages/airflow/example_dags/example_nested_branch_dag.py
[2024-12-22T02:26:17.497+0000] {processor.py:840} INFO - DAG(s) 'example_nested_branch_dag' retrieved from /home/airflow/.local/lib/python3.12/site-packages/airflow/example_dags/example_nested_branch_dag.py
[2024-12-22T02:26:17.511+0000] {logging_mixin.py:188} INFO - [2024-12-22T02:26:17.511+0000] {dag.py:3089} INFO - Sync 1 DAGs
[2024-12-22T02:26:17.524+0000] {logging_mixin.py:188} INFO - [2024-12-22T02:26:17.524+0000] {dag.py:3947} INFO - Setting next_dagrun for example_nested_branch_dag to 2024-12-21 00:00:00+00:00, run_after=2024-12-22 00:00:00+00:00
[2024-12-22T02:26:17.536+0000] {processor.py:183} INFO - Processing /home/airflow/.local/lib/python3.12/site-packages/airflow/example_dags/example_nested_branch_dag.py took 0.053 seconds
[2024-12-22T02:26:48.301+0000] {processor.py:161} INFO - Started process (PID=22007) to work on /home/airflow/.local/lib/python3.12/site-packages/airflow/example_dags/example_nested_branch_dag.py
[2024-12-22T02:26:48.302+0000] {processor.py:830} INFO - Processing file /home/airflow/.local/lib/python3.12/site-packages/airflow/example_dags/example_nested_branch_dag.py for tasks to queue
[2024-12-22T02:26:48.304+0000] {logging_mixin.py:188} INFO - [2024-12-22T02:26:48.303+0000] {dagbag.py:545} INFO - Filling up the DagBag from /home/airflow/.local/lib/python3.12/site-packages/airflow/example_dags/example_nested_branch_dag.py
[2024-12-22T02:26:48.310+0000] {processor.py:840} INFO - DAG(s) 'example_nested_branch_dag' retrieved from /home/airflow/.local/lib/python3.12/site-packages/airflow/example_dags/example_nested_branch_dag.py
[2024-12-22T02:26:48.328+0000] {logging_mixin.py:188} INFO - [2024-12-22T02:26:48.328+0000] {dag.py:3089} INFO - Sync 1 DAGs
[2024-12-22T02:26:48.342+0000] {logging_mixin.py:188} INFO - [2024-12-22T02:26:48.341+0000] {dag.py:3947} INFO - Setting next_dagrun for example_nested_branch_dag to 2024-12-21 00:00:00+00:00, run_after=2024-12-22 00:00:00+00:00
[2024-12-22T02:26:48.358+0000] {processor.py:183} INFO - Processing /home/airflow/.local/lib/python3.12/site-packages/airflow/example_dags/example_nested_branch_dag.py took 0.061 seconds
[2024-12-22T02:27:19.134+0000] {processor.py:161} INFO - Started process (PID=22285) to work on /home/airflow/.local/lib/python3.12/site-packages/airflow/example_dags/example_nested_branch_dag.py
[2024-12-22T02:27:19.135+0000] {processor.py:830} INFO - Processing file /home/airflow/.local/lib/python3.12/site-packages/airflow/example_dags/example_nested_branch_dag.py for tasks to queue
[2024-12-22T02:27:19.136+0000] {logging_mixin.py:188} INFO - [2024-12-22T02:27:19.136+0000] {dagbag.py:545} INFO - Filling up the DagBag from /home/airflow/.local/lib/python3.12/site-packages/airflow/example_dags/example_nested_branch_dag.py
[2024-12-22T02:27:19.143+0000] {processor.py:840} INFO - DAG(s) 'example_nested_branch_dag' retrieved from /home/airflow/.local/lib/python3.12/site-packages/airflow/example_dags/example_nested_branch_dag.py
[2024-12-22T02:27:19.159+0000] {logging_mixin.py:188} INFO - [2024-12-22T02:27:19.159+0000] {dag.py:3089} INFO - Sync 1 DAGs
[2024-12-22T02:27:19.172+0000] {logging_mixin.py:188} INFO - [2024-12-22T02:27:19.172+0000] {dag.py:3947} INFO - Setting next_dagrun for example_nested_branch_dag to 2024-12-21 00:00:00+00:00, run_after=2024-12-22 00:00:00+00:00
[2024-12-22T02:27:19.182+0000] {processor.py:183} INFO - Processing /home/airflow/.local/lib/python3.12/site-packages/airflow/example_dags/example_nested_branch_dag.py took 0.051 seconds
[2024-12-22T02:27:49.560+0000] {processor.py:161} INFO - Started process (PID=22562) to work on /home/airflow/.local/lib/python3.12/site-packages/airflow/example_dags/example_nested_branch_dag.py
[2024-12-22T02:27:49.560+0000] {processor.py:830} INFO - Processing file /home/airflow/.local/lib/python3.12/site-packages/airflow/example_dags/example_nested_branch_dag.py for tasks to queue
[2024-12-22T02:27:49.562+0000] {logging_mixin.py:188} INFO - [2024-12-22T02:27:49.561+0000] {dagbag.py:545} INFO - Filling up the DagBag from /home/airflow/.local/lib/python3.12/site-packages/airflow/example_dags/example_nested_branch_dag.py
[2024-12-22T02:27:49.567+0000] {processor.py:840} INFO - DAG(s) 'example_nested_branch_dag' retrieved from /home/airflow/.local/lib/python3.12/site-packages/airflow/example_dags/example_nested_branch_dag.py
[2024-12-22T02:27:49.579+0000] {logging_mixin.py:188} INFO - [2024-12-22T02:27:49.579+0000] {dag.py:3089} INFO - Sync 1 DAGs
[2024-12-22T02:27:49.589+0000] {logging_mixin.py:188} INFO - [2024-12-22T02:27:49.589+0000] {dag.py:3947} INFO - Setting next_dagrun for example_nested_branch_dag to 2024-12-21 00:00:00+00:00, run_after=2024-12-22 00:00:00+00:00
[2024-12-22T02:27:49.599+0000] {processor.py:183} INFO - Processing /home/airflow/.local/lib/python3.12/site-packages/airflow/example_dags/example_nested_branch_dag.py took 0.042 seconds
[2024-12-22T02:28:20.034+0000] {processor.py:161} INFO - Started process (PID=22839) to work on /home/airflow/.local/lib/python3.12/site-packages/airflow/example_dags/example_nested_branch_dag.py
[2024-12-22T02:28:20.035+0000] {processor.py:830} INFO - Processing file /home/airflow/.local/lib/python3.12/site-packages/airflow/example_dags/example_nested_branch_dag.py for tasks to queue
[2024-12-22T02:28:20.036+0000] {logging_mixin.py:188} INFO - [2024-12-22T02:28:20.036+0000] {dagbag.py:545} INFO - Filling up the DagBag from /home/airflow/.local/lib/python3.12/site-packages/airflow/example_dags/example_nested_branch_dag.py
[2024-12-22T02:28:20.043+0000] {processor.py:840} INFO - DAG(s) 'example_nested_branch_dag' retrieved from /home/airflow/.local/lib/python3.12/site-packages/airflow/example_dags/example_nested_branch_dag.py
[2024-12-22T02:28:20.055+0000] {logging_mixin.py:188} INFO - [2024-12-22T02:28:20.055+0000] {dag.py:3089} INFO - Sync 1 DAGs
[2024-12-22T02:28:20.066+0000] {logging_mixin.py:188} INFO - [2024-12-22T02:28:20.066+0000] {dag.py:3947} INFO - Setting next_dagrun for example_nested_branch_dag to 2024-12-21 00:00:00+00:00, run_after=2024-12-22 00:00:00+00:00
[2024-12-22T02:28:20.075+0000] {processor.py:183} INFO - Processing /home/airflow/.local/lib/python3.12/site-packages/airflow/example_dags/example_nested_branch_dag.py took 0.045 seconds
[2024-12-22T02:28:53.494+0000] {processor.py:161} INFO - Started process (PID=23116) to work on /home/airflow/.local/lib/python3.12/site-packages/airflow/example_dags/example_nested_branch_dag.py
[2024-12-22T02:28:53.495+0000] {processor.py:830} INFO - Processing file /home/airflow/.local/lib/python3.12/site-packages/airflow/example_dags/example_nested_branch_dag.py for tasks to queue
[2024-12-22T02:28:53.497+0000] {logging_mixin.py:188} INFO - [2024-12-22T02:28:53.496+0000] {dagbag.py:545} INFO - Filling up the DagBag from /home/airflow/.local/lib/python3.12/site-packages/airflow/example_dags/example_nested_branch_dag.py
[2024-12-22T02:28:53.502+0000] {processor.py:840} INFO - DAG(s) 'example_nested_branch_dag' retrieved from /home/airflow/.local/lib/python3.12/site-packages/airflow/example_dags/example_nested_branch_dag.py
[2024-12-22T02:28:53.516+0000] {logging_mixin.py:188} INFO - [2024-12-22T02:28:53.516+0000] {dag.py:3089} INFO - Sync 1 DAGs
[2024-12-22T02:28:53.526+0000] {logging_mixin.py:188} INFO - [2024-12-22T02:28:53.526+0000] {dag.py:3947} INFO - Setting next_dagrun for example_nested_branch_dag to 2024-12-21 00:00:00+00:00, run_after=2024-12-22 00:00:00+00:00
[2024-12-22T02:28:53.536+0000] {processor.py:183} INFO - Processing /home/airflow/.local/lib/python3.12/site-packages/airflow/example_dags/example_nested_branch_dag.py took 0.047 seconds
[2024-12-22T02:29:39.312+0000] {processor.py:161} INFO - Started process (PID=23399) to work on /home/airflow/.local/lib/python3.12/site-packages/airflow/example_dags/example_nested_branch_dag.py
[2024-12-22T02:29:39.313+0000] {processor.py:830} INFO - Processing file /home/airflow/.local/lib/python3.12/site-packages/airflow/example_dags/example_nested_branch_dag.py for tasks to queue
[2024-12-22T02:29:39.314+0000] {logging_mixin.py:188} INFO - [2024-12-22T02:29:39.314+0000] {dagbag.py:545} INFO - Filling up the DagBag from /home/airflow/.local/lib/python3.12/site-packages/airflow/example_dags/example_nested_branch_dag.py
[2024-12-22T02:29:39.320+0000] {processor.py:840} INFO - DAG(s) 'example_nested_branch_dag' retrieved from /home/airflow/.local/lib/python3.12/site-packages/airflow/example_dags/example_nested_branch_dag.py
[2024-12-22T02:29:39.336+0000] {logging_mixin.py:188} INFO - [2024-12-22T02:29:39.335+0000] {dag.py:3089} INFO - Sync 1 DAGs
[2024-12-22T02:29:39.348+0000] {logging_mixin.py:188} INFO - [2024-12-22T02:29:39.348+0000] {dag.py:3947} INFO - Setting next_dagrun for example_nested_branch_dag to 2024-12-21 00:00:00+00:00, run_after=2024-12-22 00:00:00+00:00
[2024-12-22T02:29:39.360+0000] {processor.py:183} INFO - Processing /home/airflow/.local/lib/python3.12/site-packages/airflow/example_dags/example_nested_branch_dag.py took 0.052 seconds
[2024-12-22T02:30:09.766+0000] {processor.py:161} INFO - Started process (PID=23674) to work on /home/airflow/.local/lib/python3.12/site-packages/airflow/example_dags/example_nested_branch_dag.py
[2024-12-22T02:30:09.767+0000] {processor.py:830} INFO - Processing file /home/airflow/.local/lib/python3.12/site-packages/airflow/example_dags/example_nested_branch_dag.py for tasks to queue
[2024-12-22T02:30:09.768+0000] {logging_mixin.py:188} INFO - [2024-12-22T02:30:09.768+0000] {dagbag.py:545} INFO - Filling up the DagBag from /home/airflow/.local/lib/python3.12/site-packages/airflow/example_dags/example_nested_branch_dag.py
[2024-12-22T02:30:09.775+0000] {processor.py:840} INFO - DAG(s) 'example_nested_branch_dag' retrieved from /home/airflow/.local/lib/python3.12/site-packages/airflow/example_dags/example_nested_branch_dag.py
[2024-12-22T02:30:09.789+0000] {logging_mixin.py:188} INFO - [2024-12-22T02:30:09.789+0000] {dag.py:3089} INFO - Sync 1 DAGs
[2024-12-22T02:30:09.801+0000] {logging_mixin.py:188} INFO - [2024-12-22T02:30:09.801+0000] {dag.py:3947} INFO - Setting next_dagrun for example_nested_branch_dag to 2024-12-21 00:00:00+00:00, run_after=2024-12-22 00:00:00+00:00
[2024-12-22T02:30:09.813+0000] {processor.py:183} INFO - Processing /home/airflow/.local/lib/python3.12/site-packages/airflow/example_dags/example_nested_branch_dag.py took 0.051 seconds
[2024-12-22T02:30:39.986+0000] {processor.py:161} INFO - Started process (PID=23951) to work on /home/airflow/.local/lib/python3.12/site-packages/airflow/example_dags/example_nested_branch_dag.py
[2024-12-22T02:30:39.987+0000] {processor.py:830} INFO - Processing file /home/airflow/.local/lib/python3.12/site-packages/airflow/example_dags/example_nested_branch_dag.py for tasks to queue
[2024-12-22T02:30:39.988+0000] {logging_mixin.py:188} INFO - [2024-12-22T02:30:39.988+0000] {dagbag.py:545} INFO - Filling up the DagBag from /home/airflow/.local/lib/python3.12/site-packages/airflow/example_dags/example_nested_branch_dag.py
[2024-12-22T02:30:39.999+0000] {processor.py:840} INFO - DAG(s) 'example_nested_branch_dag' retrieved from /home/airflow/.local/lib/python3.12/site-packages/airflow/example_dags/example_nested_branch_dag.py
[2024-12-22T02:30:40.024+0000] {logging_mixin.py:188} INFO - [2024-12-22T02:30:40.024+0000] {dag.py:3089} INFO - Sync 1 DAGs
[2024-12-22T02:30:40.040+0000] {logging_mixin.py:188} INFO - [2024-12-22T02:30:40.040+0000] {dag.py:3947} INFO - Setting next_dagrun for example_nested_branch_dag to 2024-12-21 00:00:00+00:00, run_after=2024-12-22 00:00:00+00:00
[2024-12-22T02:30:40.054+0000] {processor.py:183} INFO - Processing /home/airflow/.local/lib/python3.12/site-packages/airflow/example_dags/example_nested_branch_dag.py took 0.075 seconds
[2024-12-22T02:31:10.632+0000] {processor.py:161} INFO - Started process (PID=24224) to work on /home/airflow/.local/lib/python3.12/site-packages/airflow/example_dags/example_nested_branch_dag.py
[2024-12-22T02:31:10.633+0000] {processor.py:830} INFO - Processing file /home/airflow/.local/lib/python3.12/site-packages/airflow/example_dags/example_nested_branch_dag.py for tasks to queue
[2024-12-22T02:31:10.634+0000] {logging_mixin.py:188} INFO - [2024-12-22T02:31:10.634+0000] {dagbag.py:545} INFO - Filling up the DagBag from /home/airflow/.local/lib/python3.12/site-packages/airflow/example_dags/example_nested_branch_dag.py
[2024-12-22T02:31:10.640+0000] {processor.py:840} INFO - DAG(s) 'example_nested_branch_dag' retrieved from /home/airflow/.local/lib/python3.12/site-packages/airflow/example_dags/example_nested_branch_dag.py
[2024-12-22T02:31:10.653+0000] {logging_mixin.py:188} INFO - [2024-12-22T02:31:10.653+0000] {dag.py:3089} INFO - Sync 1 DAGs
[2024-12-22T02:31:10.664+0000] {logging_mixin.py:188} INFO - [2024-12-22T02:31:10.664+0000] {dag.py:3947} INFO - Setting next_dagrun for example_nested_branch_dag to 2024-12-21 00:00:00+00:00, run_after=2024-12-22 00:00:00+00:00
[2024-12-22T02:31:10.677+0000] {processor.py:183} INFO - Processing /home/airflow/.local/lib/python3.12/site-packages/airflow/example_dags/example_nested_branch_dag.py took 0.049 seconds
[2024-12-22T02:31:41.117+0000] {processor.py:161} INFO - Started process (PID=24501) to work on /home/airflow/.local/lib/python3.12/site-packages/airflow/example_dags/example_nested_branch_dag.py
[2024-12-22T02:31:41.118+0000] {processor.py:830} INFO - Processing file /home/airflow/.local/lib/python3.12/site-packages/airflow/example_dags/example_nested_branch_dag.py for tasks to queue
[2024-12-22T02:31:41.119+0000] {logging_mixin.py:188} INFO - [2024-12-22T02:31:41.119+0000] {dagbag.py:545} INFO - Filling up the DagBag from /home/airflow/.local/lib/python3.12/site-packages/airflow/example_dags/example_nested_branch_dag.py
[2024-12-22T02:31:41.126+0000] {processor.py:840} INFO - DAG(s) 'example_nested_branch_dag' retrieved from /home/airflow/.local/lib/python3.12/site-packages/airflow/example_dags/example_nested_branch_dag.py
[2024-12-22T02:31:41.138+0000] {logging_mixin.py:188} INFO - [2024-12-22T02:31:41.138+0000] {dag.py:3089} INFO - Sync 1 DAGs
[2024-12-22T02:31:41.151+0000] {logging_mixin.py:188} INFO - [2024-12-22T02:31:41.151+0000] {dag.py:3947} INFO - Setting next_dagrun for example_nested_branch_dag to 2024-12-21 00:00:00+00:00, run_after=2024-12-22 00:00:00+00:00
[2024-12-22T02:31:41.161+0000] {processor.py:183} INFO - Processing /home/airflow/.local/lib/python3.12/site-packages/airflow/example_dags/example_nested_branch_dag.py took 0.048 seconds
[2024-12-22T02:32:11.464+0000] {processor.py:161} INFO - Started process (PID=24778) to work on /home/airflow/.local/lib/python3.12/site-packages/airflow/example_dags/example_nested_branch_dag.py
[2024-12-22T02:32:11.465+0000] {processor.py:830} INFO - Processing file /home/airflow/.local/lib/python3.12/site-packages/airflow/example_dags/example_nested_branch_dag.py for tasks to queue
[2024-12-22T02:32:11.467+0000] {logging_mixin.py:188} INFO - [2024-12-22T02:32:11.466+0000] {dagbag.py:545} INFO - Filling up the DagBag from /home/airflow/.local/lib/python3.12/site-packages/airflow/example_dags/example_nested_branch_dag.py
[2024-12-22T02:32:11.473+0000] {processor.py:840} INFO - DAG(s) 'example_nested_branch_dag' retrieved from /home/airflow/.local/lib/python3.12/site-packages/airflow/example_dags/example_nested_branch_dag.py
[2024-12-22T02:32:11.492+0000] {logging_mixin.py:188} INFO - [2024-12-22T02:32:11.492+0000] {dag.py:3089} INFO - Sync 1 DAGs
[2024-12-22T02:32:11.508+0000] {logging_mixin.py:188} INFO - [2024-12-22T02:32:11.508+0000] {dag.py:3947} INFO - Setting next_dagrun for example_nested_branch_dag to 2024-12-21 00:00:00+00:00, run_after=2024-12-22 00:00:00+00:00
[2024-12-22T02:32:11.522+0000] {processor.py:183} INFO - Processing /home/airflow/.local/lib/python3.12/site-packages/airflow/example_dags/example_nested_branch_dag.py took 0.062 seconds
[2024-12-22T02:32:41.987+0000] {processor.py:161} INFO - Started process (PID=25055) to work on /home/airflow/.local/lib/python3.12/site-packages/airflow/example_dags/example_nested_branch_dag.py
[2024-12-22T02:32:41.988+0000] {processor.py:830} INFO - Processing file /home/airflow/.local/lib/python3.12/site-packages/airflow/example_dags/example_nested_branch_dag.py for tasks to queue
[2024-12-22T02:32:41.992+0000] {logging_mixin.py:188} INFO - [2024-12-22T02:32:41.991+0000] {dagbag.py:545} INFO - Filling up the DagBag from /home/airflow/.local/lib/python3.12/site-packages/airflow/example_dags/example_nested_branch_dag.py
[2024-12-22T02:32:42.000+0000] {processor.py:840} INFO - DAG(s) 'example_nested_branch_dag' retrieved from /home/airflow/.local/lib/python3.12/site-packages/airflow/example_dags/example_nested_branch_dag.py
[2024-12-22T02:32:42.013+0000] {logging_mixin.py:188} INFO - [2024-12-22T02:32:42.013+0000] {dag.py:3089} INFO - Sync 1 DAGs
[2024-12-22T02:32:42.026+0000] {logging_mixin.py:188} INFO - [2024-12-22T02:32:42.026+0000] {dag.py:3947} INFO - Setting next_dagrun for example_nested_branch_dag to 2024-12-21 00:00:00+00:00, run_after=2024-12-22 00:00:00+00:00
[2024-12-22T02:32:42.039+0000] {processor.py:183} INFO - Processing /home/airflow/.local/lib/python3.12/site-packages/airflow/example_dags/example_nested_branch_dag.py took 0.056 seconds
[2024-12-22T02:33:12.126+0000] {processor.py:161} INFO - Started process (PID=25332) to work on /home/airflow/.local/lib/python3.12/site-packages/airflow/example_dags/example_nested_branch_dag.py
[2024-12-22T02:33:12.127+0000] {processor.py:830} INFO - Processing file /home/airflow/.local/lib/python3.12/site-packages/airflow/example_dags/example_nested_branch_dag.py for tasks to queue
[2024-12-22T02:33:12.128+0000] {logging_mixin.py:188} INFO - [2024-12-22T02:33:12.128+0000] {dagbag.py:545} INFO - Filling up the DagBag from /home/airflow/.local/lib/python3.12/site-packages/airflow/example_dags/example_nested_branch_dag.py
[2024-12-22T02:33:12.134+0000] {processor.py:840} INFO - DAG(s) 'example_nested_branch_dag' retrieved from /home/airflow/.local/lib/python3.12/site-packages/airflow/example_dags/example_nested_branch_dag.py
[2024-12-22T02:33:12.149+0000] {logging_mixin.py:188} INFO - [2024-12-22T02:33:12.149+0000] {dag.py:3089} INFO - Sync 1 DAGs
[2024-12-22T02:33:12.163+0000] {logging_mixin.py:188} INFO - [2024-12-22T02:33:12.163+0000] {dag.py:3947} INFO - Setting next_dagrun for example_nested_branch_dag to 2024-12-21 00:00:00+00:00, run_after=2024-12-22 00:00:00+00:00
[2024-12-22T02:33:12.174+0000] {processor.py:183} INFO - Processing /home/airflow/.local/lib/python3.12/site-packages/airflow/example_dags/example_nested_branch_dag.py took 0.052 seconds
[2024-12-22T02:33:42.418+0000] {processor.py:161} INFO - Started process (PID=25607) to work on /home/airflow/.local/lib/python3.12/site-packages/airflow/example_dags/example_nested_branch_dag.py
[2024-12-22T02:33:42.419+0000] {processor.py:830} INFO - Processing file /home/airflow/.local/lib/python3.12/site-packages/airflow/example_dags/example_nested_branch_dag.py for tasks to queue
[2024-12-22T02:33:42.420+0000] {logging_mixin.py:188} INFO - [2024-12-22T02:33:42.419+0000] {dagbag.py:545} INFO - Filling up the DagBag from /home/airflow/.local/lib/python3.12/site-packages/airflow/example_dags/example_nested_branch_dag.py
[2024-12-22T02:33:42.426+0000] {processor.py:840} INFO - DAG(s) 'example_nested_branch_dag' retrieved from /home/airflow/.local/lib/python3.12/site-packages/airflow/example_dags/example_nested_branch_dag.py
[2024-12-22T02:33:42.438+0000] {logging_mixin.py:188} INFO - [2024-12-22T02:33:42.438+0000] {dag.py:3089} INFO - Sync 1 DAGs
[2024-12-22T02:33:42.449+0000] {logging_mixin.py:188} INFO - [2024-12-22T02:33:42.449+0000] {dag.py:3947} INFO - Setting next_dagrun for example_nested_branch_dag to 2024-12-21 00:00:00+00:00, run_after=2024-12-22 00:00:00+00:00
[2024-12-22T02:33:42.460+0000] {processor.py:183} INFO - Processing /home/airflow/.local/lib/python3.12/site-packages/airflow/example_dags/example_nested_branch_dag.py took 0.047 seconds
[2024-12-22T02:34:12.939+0000] {processor.py:161} INFO - Started process (PID=25884) to work on /home/airflow/.local/lib/python3.12/site-packages/airflow/example_dags/example_nested_branch_dag.py
[2024-12-22T02:34:12.940+0000] {processor.py:830} INFO - Processing file /home/airflow/.local/lib/python3.12/site-packages/airflow/example_dags/example_nested_branch_dag.py for tasks to queue
[2024-12-22T02:34:12.941+0000] {logging_mixin.py:188} INFO - [2024-12-22T02:34:12.941+0000] {dagbag.py:545} INFO - Filling up the DagBag from /home/airflow/.local/lib/python3.12/site-packages/airflow/example_dags/example_nested_branch_dag.py
[2024-12-22T02:34:12.948+0000] {processor.py:840} INFO - DAG(s) 'example_nested_branch_dag' retrieved from /home/airflow/.local/lib/python3.12/site-packages/airflow/example_dags/example_nested_branch_dag.py
[2024-12-22T02:34:12.963+0000] {logging_mixin.py:188} INFO - [2024-12-22T02:34:12.963+0000] {dag.py:3089} INFO - Sync 1 DAGs
[2024-12-22T02:34:12.976+0000] {logging_mixin.py:188} INFO - [2024-12-22T02:34:12.975+0000] {dag.py:3947} INFO - Setting next_dagrun for example_nested_branch_dag to 2024-12-21 00:00:00+00:00, run_after=2024-12-22 00:00:00+00:00
[2024-12-22T02:34:12.987+0000] {processor.py:183} INFO - Processing /home/airflow/.local/lib/python3.12/site-packages/airflow/example_dags/example_nested_branch_dag.py took 0.052 seconds
[2024-12-22T02:34:43.390+0000] {processor.py:161} INFO - Started process (PID=26161) to work on /home/airflow/.local/lib/python3.12/site-packages/airflow/example_dags/example_nested_branch_dag.py
[2024-12-22T02:34:43.390+0000] {processor.py:830} INFO - Processing file /home/airflow/.local/lib/python3.12/site-packages/airflow/example_dags/example_nested_branch_dag.py for tasks to queue
[2024-12-22T02:34:43.392+0000] {logging_mixin.py:188} INFO - [2024-12-22T02:34:43.391+0000] {dagbag.py:545} INFO - Filling up the DagBag from /home/airflow/.local/lib/python3.12/site-packages/airflow/example_dags/example_nested_branch_dag.py
[2024-12-22T02:34:43.398+0000] {processor.py:840} INFO - DAG(s) 'example_nested_branch_dag' retrieved from /home/airflow/.local/lib/python3.12/site-packages/airflow/example_dags/example_nested_branch_dag.py
[2024-12-22T02:34:43.414+0000] {logging_mixin.py:188} INFO - [2024-12-22T02:34:43.414+0000] {dag.py:3089} INFO - Sync 1 DAGs
[2024-12-22T02:34:43.428+0000] {logging_mixin.py:188} INFO - [2024-12-22T02:34:43.427+0000] {dag.py:3947} INFO - Setting next_dagrun for example_nested_branch_dag to 2024-12-21 00:00:00+00:00, run_after=2024-12-22 00:00:00+00:00
[2024-12-22T02:34:43.439+0000] {processor.py:183} INFO - Processing /home/airflow/.local/lib/python3.12/site-packages/airflow/example_dags/example_nested_branch_dag.py took 0.054 seconds
[2024-12-22T02:35:13.897+0000] {processor.py:161} INFO - Started process (PID=26439) to work on /home/airflow/.local/lib/python3.12/site-packages/airflow/example_dags/example_nested_branch_dag.py
[2024-12-22T02:35:13.898+0000] {processor.py:830} INFO - Processing file /home/airflow/.local/lib/python3.12/site-packages/airflow/example_dags/example_nested_branch_dag.py for tasks to queue
[2024-12-22T02:35:13.899+0000] {logging_mixin.py:188} INFO - [2024-12-22T02:35:13.899+0000] {dagbag.py:545} INFO - Filling up the DagBag from /home/airflow/.local/lib/python3.12/site-packages/airflow/example_dags/example_nested_branch_dag.py
[2024-12-22T02:35:13.906+0000] {processor.py:840} INFO - DAG(s) 'example_nested_branch_dag' retrieved from /home/airflow/.local/lib/python3.12/site-packages/airflow/example_dags/example_nested_branch_dag.py
[2024-12-22T02:35:13.920+0000] {logging_mixin.py:188} INFO - [2024-12-22T02:35:13.920+0000] {dag.py:3089} INFO - Sync 1 DAGs
[2024-12-22T02:35:13.933+0000] {logging_mixin.py:188} INFO - [2024-12-22T02:35:13.932+0000] {dag.py:3947} INFO - Setting next_dagrun for example_nested_branch_dag to 2024-12-21 00:00:00+00:00, run_after=2024-12-22 00:00:00+00:00
[2024-12-22T02:35:13.944+0000] {processor.py:183} INFO - Processing /home/airflow/.local/lib/python3.12/site-packages/airflow/example_dags/example_nested_branch_dag.py took 0.051 seconds
[2024-12-22T02:35:44.170+0000] {processor.py:161} INFO - Started process (PID=26718) to work on /home/airflow/.local/lib/python3.12/site-packages/airflow/example_dags/example_nested_branch_dag.py
[2024-12-22T02:35:44.171+0000] {processor.py:830} INFO - Processing file /home/airflow/.local/lib/python3.12/site-packages/airflow/example_dags/example_nested_branch_dag.py for tasks to queue
[2024-12-22T02:35:44.172+0000] {logging_mixin.py:188} INFO - [2024-12-22T02:35:44.172+0000] {dagbag.py:545} INFO - Filling up the DagBag from /home/airflow/.local/lib/python3.12/site-packages/airflow/example_dags/example_nested_branch_dag.py
[2024-12-22T02:35:44.177+0000] {processor.py:840} INFO - DAG(s) 'example_nested_branch_dag' retrieved from /home/airflow/.local/lib/python3.12/site-packages/airflow/example_dags/example_nested_branch_dag.py
[2024-12-22T02:35:44.191+0000] {logging_mixin.py:188} INFO - [2024-12-22T02:35:44.190+0000] {dag.py:3089} INFO - Sync 1 DAGs
[2024-12-22T02:35:44.202+0000] {logging_mixin.py:188} INFO - [2024-12-22T02:35:44.202+0000] {dag.py:3947} INFO - Setting next_dagrun for example_nested_branch_dag to 2024-12-21 00:00:00+00:00, run_after=2024-12-22 00:00:00+00:00
[2024-12-22T02:35:44.216+0000] {processor.py:183} INFO - Processing /home/airflow/.local/lib/python3.12/site-packages/airflow/example_dags/example_nested_branch_dag.py took 0.050 seconds
[2024-12-22T02:36:15.260+0000] {processor.py:161} INFO - Started process (PID=26993) to work on /home/airflow/.local/lib/python3.12/site-packages/airflow/example_dags/example_nested_branch_dag.py
[2024-12-22T02:36:15.261+0000] {processor.py:830} INFO - Processing file /home/airflow/.local/lib/python3.12/site-packages/airflow/example_dags/example_nested_branch_dag.py for tasks to queue
[2024-12-22T02:36:15.262+0000] {logging_mixin.py:188} INFO - [2024-12-22T02:36:15.262+0000] {dagbag.py:545} INFO - Filling up the DagBag from /home/airflow/.local/lib/python3.12/site-packages/airflow/example_dags/example_nested_branch_dag.py
[2024-12-22T02:36:15.269+0000] {processor.py:840} INFO - DAG(s) 'example_nested_branch_dag' retrieved from /home/airflow/.local/lib/python3.12/site-packages/airflow/example_dags/example_nested_branch_dag.py
[2024-12-22T02:36:15.286+0000] {logging_mixin.py:188} INFO - [2024-12-22T02:36:15.285+0000] {dag.py:3089} INFO - Sync 1 DAGs
[2024-12-22T02:36:15.298+0000] {logging_mixin.py:188} INFO - [2024-12-22T02:36:15.298+0000] {dag.py:3947} INFO - Setting next_dagrun for example_nested_branch_dag to 2024-12-21 00:00:00+00:00, run_after=2024-12-22 00:00:00+00:00
[2024-12-22T02:36:15.310+0000] {processor.py:183} INFO - Processing /home/airflow/.local/lib/python3.12/site-packages/airflow/example_dags/example_nested_branch_dag.py took 0.059 seconds
[2024-12-22T02:36:45.498+0000] {processor.py:161} INFO - Started process (PID=27272) to work on /home/airflow/.local/lib/python3.12/site-packages/airflow/example_dags/example_nested_branch_dag.py
[2024-12-22T02:36:45.498+0000] {processor.py:830} INFO - Processing file /home/airflow/.local/lib/python3.12/site-packages/airflow/example_dags/example_nested_branch_dag.py for tasks to queue
[2024-12-22T02:36:45.500+0000] {logging_mixin.py:188} INFO - [2024-12-22T02:36:45.499+0000] {dagbag.py:545} INFO - Filling up the DagBag from /home/airflow/.local/lib/python3.12/site-packages/airflow/example_dags/example_nested_branch_dag.py
[2024-12-22T02:36:45.506+0000] {processor.py:840} INFO - DAG(s) 'example_nested_branch_dag' retrieved from /home/airflow/.local/lib/python3.12/site-packages/airflow/example_dags/example_nested_branch_dag.py
[2024-12-22T02:36:45.530+0000] {logging_mixin.py:188} INFO - [2024-12-22T02:36:45.530+0000] {dag.py:3089} INFO - Sync 1 DAGs
[2024-12-22T02:36:45.543+0000] {logging_mixin.py:188} INFO - [2024-12-22T02:36:45.543+0000] {dag.py:3947} INFO - Setting next_dagrun for example_nested_branch_dag to 2024-12-21 00:00:00+00:00, run_after=2024-12-22 00:00:00+00:00
[2024-12-22T02:36:45.554+0000] {processor.py:183} INFO - Processing /home/airflow/.local/lib/python3.12/site-packages/airflow/example_dags/example_nested_branch_dag.py took 0.061 seconds
[2024-12-22T02:37:15.814+0000] {processor.py:161} INFO - Started process (PID=27547) to work on /home/airflow/.local/lib/python3.12/site-packages/airflow/example_dags/example_nested_branch_dag.py
[2024-12-22T02:37:15.815+0000] {processor.py:830} INFO - Processing file /home/airflow/.local/lib/python3.12/site-packages/airflow/example_dags/example_nested_branch_dag.py for tasks to queue
[2024-12-22T02:37:15.816+0000] {logging_mixin.py:188} INFO - [2024-12-22T02:37:15.816+0000] {dagbag.py:545} INFO - Filling up the DagBag from /home/airflow/.local/lib/python3.12/site-packages/airflow/example_dags/example_nested_branch_dag.py
[2024-12-22T02:37:15.823+0000] {processor.py:840} INFO - DAG(s) 'example_nested_branch_dag' retrieved from /home/airflow/.local/lib/python3.12/site-packages/airflow/example_dags/example_nested_branch_dag.py
[2024-12-22T02:37:15.836+0000] {logging_mixin.py:188} INFO - [2024-12-22T02:37:15.835+0000] {dag.py:3089} INFO - Sync 1 DAGs
[2024-12-22T02:37:15.847+0000] {logging_mixin.py:188} INFO - [2024-12-22T02:37:15.847+0000] {dag.py:3947} INFO - Setting next_dagrun for example_nested_branch_dag to 2024-12-21 00:00:00+00:00, run_after=2024-12-22 00:00:00+00:00
[2024-12-22T02:37:15.858+0000] {processor.py:183} INFO - Processing /home/airflow/.local/lib/python3.12/site-packages/airflow/example_dags/example_nested_branch_dag.py took 0.048 seconds
[2024-12-22T02:37:48.661+0000] {processor.py:161} INFO - Started process (PID=27826) to work on /home/airflow/.local/lib/python3.12/site-packages/airflow/example_dags/example_nested_branch_dag.py
[2024-12-22T02:37:48.662+0000] {processor.py:830} INFO - Processing file /home/airflow/.local/lib/python3.12/site-packages/airflow/example_dags/example_nested_branch_dag.py for tasks to queue
[2024-12-22T02:37:48.663+0000] {logging_mixin.py:188} INFO - [2024-12-22T02:37:48.663+0000] {dagbag.py:545} INFO - Filling up the DagBag from /home/airflow/.local/lib/python3.12/site-packages/airflow/example_dags/example_nested_branch_dag.py
[2024-12-22T02:37:48.670+0000] {processor.py:840} INFO - DAG(s) 'example_nested_branch_dag' retrieved from /home/airflow/.local/lib/python3.12/site-packages/airflow/example_dags/example_nested_branch_dag.py
[2024-12-22T02:37:48.682+0000] {logging_mixin.py:188} INFO - [2024-12-22T02:37:48.682+0000] {dag.py:3089} INFO - Sync 1 DAGs
[2024-12-22T02:37:48.696+0000] {logging_mixin.py:188} INFO - [2024-12-22T02:37:48.696+0000] {dag.py:3947} INFO - Setting next_dagrun for example_nested_branch_dag to 2024-12-21 00:00:00+00:00, run_after=2024-12-22 00:00:00+00:00
[2024-12-22T02:37:48.705+0000] {processor.py:183} INFO - Processing /home/airflow/.local/lib/python3.12/site-packages/airflow/example_dags/example_nested_branch_dag.py took 0.048 seconds
[2024-12-22T02:38:21.280+0000] {processor.py:161} INFO - Started process (PID=28101) to work on /home/airflow/.local/lib/python3.12/site-packages/airflow/example_dags/example_nested_branch_dag.py
[2024-12-22T02:38:21.281+0000] {processor.py:830} INFO - Processing file /home/airflow/.local/lib/python3.12/site-packages/airflow/example_dags/example_nested_branch_dag.py for tasks to queue
[2024-12-22T02:38:21.283+0000] {logging_mixin.py:188} INFO - [2024-12-22T02:38:21.283+0000] {dagbag.py:545} INFO - Filling up the DagBag from /home/airflow/.local/lib/python3.12/site-packages/airflow/example_dags/example_nested_branch_dag.py
[2024-12-22T02:38:21.290+0000] {processor.py:840} INFO - DAG(s) 'example_nested_branch_dag' retrieved from /home/airflow/.local/lib/python3.12/site-packages/airflow/example_dags/example_nested_branch_dag.py
[2024-12-22T02:38:21.306+0000] {logging_mixin.py:188} INFO - [2024-12-22T02:38:21.306+0000] {dag.py:3089} INFO - Sync 1 DAGs
[2024-12-22T02:38:21.320+0000] {logging_mixin.py:188} INFO - [2024-12-22T02:38:21.320+0000] {dag.py:3947} INFO - Setting next_dagrun for example_nested_branch_dag to 2024-12-21 00:00:00+00:00, run_after=2024-12-22 00:00:00+00:00
[2024-12-22T02:38:21.334+0000] {processor.py:183} INFO - Processing /home/airflow/.local/lib/python3.12/site-packages/airflow/example_dags/example_nested_branch_dag.py took 0.058 seconds
[2024-12-22T02:38:52.735+0000] {processor.py:161} INFO - Started process (PID=28378) to work on /home/airflow/.local/lib/python3.12/site-packages/airflow/example_dags/example_nested_branch_dag.py
[2024-12-22T02:38:52.736+0000] {processor.py:830} INFO - Processing file /home/airflow/.local/lib/python3.12/site-packages/airflow/example_dags/example_nested_branch_dag.py for tasks to queue
[2024-12-22T02:38:52.737+0000] {logging_mixin.py:188} INFO - [2024-12-22T02:38:52.737+0000] {dagbag.py:545} INFO - Filling up the DagBag from /home/airflow/.local/lib/python3.12/site-packages/airflow/example_dags/example_nested_branch_dag.py
[2024-12-22T02:38:52.743+0000] {processor.py:840} INFO - DAG(s) 'example_nested_branch_dag' retrieved from /home/airflow/.local/lib/python3.12/site-packages/airflow/example_dags/example_nested_branch_dag.py
[2024-12-22T02:38:52.757+0000] {logging_mixin.py:188} INFO - [2024-12-22T02:38:52.757+0000] {dag.py:3089} INFO - Sync 1 DAGs
[2024-12-22T02:38:52.770+0000] {logging_mixin.py:188} INFO - [2024-12-22T02:38:52.770+0000] {dag.py:3947} INFO - Setting next_dagrun for example_nested_branch_dag to 2024-12-21 00:00:00+00:00, run_after=2024-12-22 00:00:00+00:00
[2024-12-22T02:38:52.780+0000] {processor.py:183} INFO - Processing /home/airflow/.local/lib/python3.12/site-packages/airflow/example_dags/example_nested_branch_dag.py took 0.049 seconds
[2024-12-22T02:39:23.416+0000] {processor.py:161} INFO - Started process (PID=28655) to work on /home/airflow/.local/lib/python3.12/site-packages/airflow/example_dags/example_nested_branch_dag.py
[2024-12-22T02:39:23.417+0000] {processor.py:830} INFO - Processing file /home/airflow/.local/lib/python3.12/site-packages/airflow/example_dags/example_nested_branch_dag.py for tasks to queue
[2024-12-22T02:39:23.418+0000] {logging_mixin.py:188} INFO - [2024-12-22T02:39:23.418+0000] {dagbag.py:545} INFO - Filling up the DagBag from /home/airflow/.local/lib/python3.12/site-packages/airflow/example_dags/example_nested_branch_dag.py
[2024-12-22T02:39:23.424+0000] {processor.py:840} INFO - DAG(s) 'example_nested_branch_dag' retrieved from /home/airflow/.local/lib/python3.12/site-packages/airflow/example_dags/example_nested_branch_dag.py
[2024-12-22T02:39:23.439+0000] {logging_mixin.py:188} INFO - [2024-12-22T02:39:23.438+0000] {dag.py:3089} INFO - Sync 1 DAGs
[2024-12-22T02:39:23.453+0000] {logging_mixin.py:188} INFO - [2024-12-22T02:39:23.453+0000] {dag.py:3947} INFO - Setting next_dagrun for example_nested_branch_dag to 2024-12-21 00:00:00+00:00, run_after=2024-12-22 00:00:00+00:00
[2024-12-22T02:39:23.464+0000] {processor.py:183} INFO - Processing /home/airflow/.local/lib/python3.12/site-packages/airflow/example_dags/example_nested_branch_dag.py took 0.053 seconds
[2024-12-22T02:39:54.160+0000] {processor.py:161} INFO - Started process (PID=28933) to work on /home/airflow/.local/lib/python3.12/site-packages/airflow/example_dags/example_nested_branch_dag.py
[2024-12-22T02:39:54.161+0000] {processor.py:830} INFO - Processing file /home/airflow/.local/lib/python3.12/site-packages/airflow/example_dags/example_nested_branch_dag.py for tasks to queue
[2024-12-22T02:39:54.162+0000] {logging_mixin.py:188} INFO - [2024-12-22T02:39:54.162+0000] {dagbag.py:545} INFO - Filling up the DagBag from /home/airflow/.local/lib/python3.12/site-packages/airflow/example_dags/example_nested_branch_dag.py
[2024-12-22T02:39:54.168+0000] {processor.py:840} INFO - DAG(s) 'example_nested_branch_dag' retrieved from /home/airflow/.local/lib/python3.12/site-packages/airflow/example_dags/example_nested_branch_dag.py
[2024-12-22T02:39:54.181+0000] {logging_mixin.py:188} INFO - [2024-12-22T02:39:54.180+0000] {dag.py:3089} INFO - Sync 1 DAGs
[2024-12-22T02:39:54.192+0000] {logging_mixin.py:188} INFO - [2024-12-22T02:39:54.192+0000] {dag.py:3947} INFO - Setting next_dagrun for example_nested_branch_dag to 2024-12-21 00:00:00+00:00, run_after=2024-12-22 00:00:00+00:00
[2024-12-22T02:39:54.202+0000] {processor.py:183} INFO - Processing /home/airflow/.local/lib/python3.12/site-packages/airflow/example_dags/example_nested_branch_dag.py took 0.046 seconds
[2024-12-22T02:40:27.548+0000] {processor.py:161} INFO - Started process (PID=29212) to work on /home/airflow/.local/lib/python3.12/site-packages/airflow/example_dags/example_nested_branch_dag.py
[2024-12-22T02:40:27.549+0000] {processor.py:830} INFO - Processing file /home/airflow/.local/lib/python3.12/site-packages/airflow/example_dags/example_nested_branch_dag.py for tasks to queue
[2024-12-22T02:40:27.550+0000] {logging_mixin.py:188} INFO - [2024-12-22T02:40:27.550+0000] {dagbag.py:545} INFO - Filling up the DagBag from /home/airflow/.local/lib/python3.12/site-packages/airflow/example_dags/example_nested_branch_dag.py
[2024-12-22T02:40:27.556+0000] {processor.py:840} INFO - DAG(s) 'example_nested_branch_dag' retrieved from /home/airflow/.local/lib/python3.12/site-packages/airflow/example_dags/example_nested_branch_dag.py
[2024-12-22T02:40:27.572+0000] {logging_mixin.py:188} INFO - [2024-12-22T02:40:27.571+0000] {dag.py:3089} INFO - Sync 1 DAGs
[2024-12-22T02:40:27.584+0000] {logging_mixin.py:188} INFO - [2024-12-22T02:40:27.584+0000] {dag.py:3947} INFO - Setting next_dagrun for example_nested_branch_dag to 2024-12-21 00:00:00+00:00, run_after=2024-12-22 00:00:00+00:00
[2024-12-22T02:40:27.596+0000] {processor.py:183} INFO - Processing /home/airflow/.local/lib/python3.12/site-packages/airflow/example_dags/example_nested_branch_dag.py took 0.051 seconds
[2024-12-22T02:40:59.877+0000] {processor.py:161} INFO - Started process (PID=29487) to work on /home/airflow/.local/lib/python3.12/site-packages/airflow/example_dags/example_nested_branch_dag.py
[2024-12-22T02:40:59.879+0000] {processor.py:830} INFO - Processing file /home/airflow/.local/lib/python3.12/site-packages/airflow/example_dags/example_nested_branch_dag.py for tasks to queue
[2024-12-22T02:40:59.880+0000] {logging_mixin.py:188} INFO - [2024-12-22T02:40:59.880+0000] {dagbag.py:545} INFO - Filling up the DagBag from /home/airflow/.local/lib/python3.12/site-packages/airflow/example_dags/example_nested_branch_dag.py
[2024-12-22T02:40:59.885+0000] {processor.py:840} INFO - DAG(s) 'example_nested_branch_dag' retrieved from /home/airflow/.local/lib/python3.12/site-packages/airflow/example_dags/example_nested_branch_dag.py
[2024-12-22T02:40:59.901+0000] {logging_mixin.py:188} INFO - [2024-12-22T02:40:59.900+0000] {dag.py:3089} INFO - Sync 1 DAGs
[2024-12-22T02:40:59.913+0000] {logging_mixin.py:188} INFO - [2024-12-22T02:40:59.913+0000] {dag.py:3947} INFO - Setting next_dagrun for example_nested_branch_dag to 2024-12-21 00:00:00+00:00, run_after=2024-12-22 00:00:00+00:00
[2024-12-22T02:40:59.924+0000] {processor.py:183} INFO - Processing /home/airflow/.local/lib/python3.12/site-packages/airflow/example_dags/example_nested_branch_dag.py took 0.051 seconds
[2024-12-22T02:41:32.690+0000] {processor.py:161} INFO - Started process (PID=29764) to work on /home/airflow/.local/lib/python3.12/site-packages/airflow/example_dags/example_nested_branch_dag.py
[2024-12-22T02:41:32.691+0000] {processor.py:830} INFO - Processing file /home/airflow/.local/lib/python3.12/site-packages/airflow/example_dags/example_nested_branch_dag.py for tasks to queue
[2024-12-22T02:41:32.693+0000] {logging_mixin.py:188} INFO - [2024-12-22T02:41:32.693+0000] {dagbag.py:545} INFO - Filling up the DagBag from /home/airflow/.local/lib/python3.12/site-packages/airflow/example_dags/example_nested_branch_dag.py
[2024-12-22T02:41:32.701+0000] {processor.py:840} INFO - DAG(s) 'example_nested_branch_dag' retrieved from /home/airflow/.local/lib/python3.12/site-packages/airflow/example_dags/example_nested_branch_dag.py
[2024-12-22T02:41:32.719+0000] {logging_mixin.py:188} INFO - [2024-12-22T02:41:32.719+0000] {dag.py:3089} INFO - Sync 1 DAGs
[2024-12-22T02:41:32.735+0000] {logging_mixin.py:188} INFO - [2024-12-22T02:41:32.734+0000] {dag.py:3947} INFO - Setting next_dagrun for example_nested_branch_dag to 2024-12-21 00:00:00+00:00, run_after=2024-12-22 00:00:00+00:00
[2024-12-22T02:41:32.745+0000] {processor.py:183} INFO - Processing /home/airflow/.local/lib/python3.12/site-packages/airflow/example_dags/example_nested_branch_dag.py took 0.061 seconds
[2024-12-22T02:42:03.815+0000] {processor.py:161} INFO - Started process (PID=30043) to work on /home/airflow/.local/lib/python3.12/site-packages/airflow/example_dags/example_nested_branch_dag.py
[2024-12-22T02:42:03.816+0000] {processor.py:830} INFO - Processing file /home/airflow/.local/lib/python3.12/site-packages/airflow/example_dags/example_nested_branch_dag.py for tasks to queue
[2024-12-22T02:42:03.817+0000] {logging_mixin.py:188} INFO - [2024-12-22T02:42:03.817+0000] {dagbag.py:545} INFO - Filling up the DagBag from /home/airflow/.local/lib/python3.12/site-packages/airflow/example_dags/example_nested_branch_dag.py
[2024-12-22T02:42:03.824+0000] {processor.py:840} INFO - DAG(s) 'example_nested_branch_dag' retrieved from /home/airflow/.local/lib/python3.12/site-packages/airflow/example_dags/example_nested_branch_dag.py
[2024-12-22T02:42:03.840+0000] {logging_mixin.py:188} INFO - [2024-12-22T02:42:03.840+0000] {dag.py:3089} INFO - Sync 1 DAGs
[2024-12-22T02:42:03.854+0000] {logging_mixin.py:188} INFO - [2024-12-22T02:42:03.854+0000] {dag.py:3947} INFO - Setting next_dagrun for example_nested_branch_dag to 2024-12-21 00:00:00+00:00, run_after=2024-12-22 00:00:00+00:00
[2024-12-22T02:42:03.866+0000] {processor.py:183} INFO - Processing /home/airflow/.local/lib/python3.12/site-packages/airflow/example_dags/example_nested_branch_dag.py took 0.056 seconds
[2024-12-22T02:42:34.696+0000] {processor.py:161} INFO - Started process (PID=30318) to work on /home/airflow/.local/lib/python3.12/site-packages/airflow/example_dags/example_nested_branch_dag.py
[2024-12-22T02:42:34.697+0000] {processor.py:830} INFO - Processing file /home/airflow/.local/lib/python3.12/site-packages/airflow/example_dags/example_nested_branch_dag.py for tasks to queue
[2024-12-22T02:42:34.698+0000] {logging_mixin.py:188} INFO - [2024-12-22T02:42:34.698+0000] {dagbag.py:545} INFO - Filling up the DagBag from /home/airflow/.local/lib/python3.12/site-packages/airflow/example_dags/example_nested_branch_dag.py
[2024-12-22T02:42:34.704+0000] {processor.py:840} INFO - DAG(s) 'example_nested_branch_dag' retrieved from /home/airflow/.local/lib/python3.12/site-packages/airflow/example_dags/example_nested_branch_dag.py
[2024-12-22T02:42:34.718+0000] {logging_mixin.py:188} INFO - [2024-12-22T02:42:34.718+0000] {dag.py:3089} INFO - Sync 1 DAGs
[2024-12-22T02:42:34.733+0000] {logging_mixin.py:188} INFO - [2024-12-22T02:42:34.733+0000] {dag.py:3947} INFO - Setting next_dagrun for example_nested_branch_dag to 2024-12-21 00:00:00+00:00, run_after=2024-12-22 00:00:00+00:00
[2024-12-22T02:42:34.745+0000] {processor.py:183} INFO - Processing /home/airflow/.local/lib/python3.12/site-packages/airflow/example_dags/example_nested_branch_dag.py took 0.053 seconds
[2024-12-22T02:43:07.148+0000] {processor.py:161} INFO - Started process (PID=30597) to work on /home/airflow/.local/lib/python3.12/site-packages/airflow/example_dags/example_nested_branch_dag.py
[2024-12-22T02:43:07.149+0000] {processor.py:830} INFO - Processing file /home/airflow/.local/lib/python3.12/site-packages/airflow/example_dags/example_nested_branch_dag.py for tasks to queue
[2024-12-22T02:43:07.151+0000] {logging_mixin.py:188} INFO - [2024-12-22T02:43:07.151+0000] {dagbag.py:545} INFO - Filling up the DagBag from /home/airflow/.local/lib/python3.12/site-packages/airflow/example_dags/example_nested_branch_dag.py
[2024-12-22T02:43:07.157+0000] {processor.py:840} INFO - DAG(s) 'example_nested_branch_dag' retrieved from /home/airflow/.local/lib/python3.12/site-packages/airflow/example_dags/example_nested_branch_dag.py
[2024-12-22T02:43:07.170+0000] {logging_mixin.py:188} INFO - [2024-12-22T02:43:07.170+0000] {dag.py:3089} INFO - Sync 1 DAGs
[2024-12-22T02:43:07.185+0000] {logging_mixin.py:188} INFO - [2024-12-22T02:43:07.184+0000] {dag.py:3947} INFO - Setting next_dagrun for example_nested_branch_dag to 2024-12-21 00:00:00+00:00, run_after=2024-12-22 00:00:00+00:00
[2024-12-22T02:43:07.196+0000] {processor.py:183} INFO - Processing /home/airflow/.local/lib/python3.12/site-packages/airflow/example_dags/example_nested_branch_dag.py took 0.053 seconds
[2024-12-22T02:43:39.466+0000] {processor.py:161} INFO - Started process (PID=30872) to work on /home/airflow/.local/lib/python3.12/site-packages/airflow/example_dags/example_nested_branch_dag.py
[2024-12-22T02:43:39.467+0000] {processor.py:830} INFO - Processing file /home/airflow/.local/lib/python3.12/site-packages/airflow/example_dags/example_nested_branch_dag.py for tasks to queue
[2024-12-22T02:43:39.468+0000] {logging_mixin.py:188} INFO - [2024-12-22T02:43:39.468+0000] {dagbag.py:545} INFO - Filling up the DagBag from /home/airflow/.local/lib/python3.12/site-packages/airflow/example_dags/example_nested_branch_dag.py
[2024-12-22T02:43:39.474+0000] {processor.py:840} INFO - DAG(s) 'example_nested_branch_dag' retrieved from /home/airflow/.local/lib/python3.12/site-packages/airflow/example_dags/example_nested_branch_dag.py
[2024-12-22T02:43:39.487+0000] {logging_mixin.py:188} INFO - [2024-12-22T02:43:39.487+0000] {dag.py:3089} INFO - Sync 1 DAGs
[2024-12-22T02:43:39.501+0000] {logging_mixin.py:188} INFO - [2024-12-22T02:43:39.501+0000] {dag.py:3947} INFO - Setting next_dagrun for example_nested_branch_dag to 2024-12-21 00:00:00+00:00, run_after=2024-12-22 00:00:00+00:00
[2024-12-22T02:43:39.512+0000] {processor.py:183} INFO - Processing /home/airflow/.local/lib/python3.12/site-packages/airflow/example_dags/example_nested_branch_dag.py took 0.050 seconds
[2024-12-22T02:44:12.334+0000] {processor.py:161} INFO - Started process (PID=31151) to work on /home/airflow/.local/lib/python3.12/site-packages/airflow/example_dags/example_nested_branch_dag.py
[2024-12-22T02:44:12.335+0000] {processor.py:830} INFO - Processing file /home/airflow/.local/lib/python3.12/site-packages/airflow/example_dags/example_nested_branch_dag.py for tasks to queue
[2024-12-22T02:44:12.336+0000] {logging_mixin.py:188} INFO - [2024-12-22T02:44:12.336+0000] {dagbag.py:545} INFO - Filling up the DagBag from /home/airflow/.local/lib/python3.12/site-packages/airflow/example_dags/example_nested_branch_dag.py
[2024-12-22T02:44:12.343+0000] {processor.py:840} INFO - DAG(s) 'example_nested_branch_dag' retrieved from /home/airflow/.local/lib/python3.12/site-packages/airflow/example_dags/example_nested_branch_dag.py
[2024-12-22T02:44:12.358+0000] {logging_mixin.py:188} INFO - [2024-12-22T02:44:12.358+0000] {dag.py:3089} INFO - Sync 1 DAGs
[2024-12-22T02:44:12.372+0000] {logging_mixin.py:188} INFO - [2024-12-22T02:44:12.372+0000] {dag.py:3947} INFO - Setting next_dagrun for example_nested_branch_dag to 2024-12-21 00:00:00+00:00, run_after=2024-12-22 00:00:00+00:00
[2024-12-22T02:44:12.383+0000] {processor.py:183} INFO - Processing /home/airflow/.local/lib/python3.12/site-packages/airflow/example_dags/example_nested_branch_dag.py took 0.052 seconds
[2024-12-22T02:44:44.889+0000] {processor.py:161} INFO - Started process (PID=31428) to work on /home/airflow/.local/lib/python3.12/site-packages/airflow/example_dags/example_nested_branch_dag.py
[2024-12-22T02:44:44.890+0000] {processor.py:830} INFO - Processing file /home/airflow/.local/lib/python3.12/site-packages/airflow/example_dags/example_nested_branch_dag.py for tasks to queue
[2024-12-22T02:44:44.891+0000] {logging_mixin.py:188} INFO - [2024-12-22T02:44:44.891+0000] {dagbag.py:545} INFO - Filling up the DagBag from /home/airflow/.local/lib/python3.12/site-packages/airflow/example_dags/example_nested_branch_dag.py
[2024-12-22T02:44:44.898+0000] {processor.py:840} INFO - DAG(s) 'example_nested_branch_dag' retrieved from /home/airflow/.local/lib/python3.12/site-packages/airflow/example_dags/example_nested_branch_dag.py
[2024-12-22T02:44:44.913+0000] {logging_mixin.py:188} INFO - [2024-12-22T02:44:44.913+0000] {dag.py:3089} INFO - Sync 1 DAGs
[2024-12-22T02:44:44.926+0000] {logging_mixin.py:188} INFO - [2024-12-22T02:44:44.925+0000] {dag.py:3947} INFO - Setting next_dagrun for example_nested_branch_dag to 2024-12-21 00:00:00+00:00, run_after=2024-12-22 00:00:00+00:00
[2024-12-22T02:44:44.937+0000] {processor.py:183} INFO - Processing /home/airflow/.local/lib/python3.12/site-packages/airflow/example_dags/example_nested_branch_dag.py took 0.053 seconds
[2024-12-22T02:45:16.068+0000] {processor.py:161} INFO - Started process (PID=31703) to work on /home/airflow/.local/lib/python3.12/site-packages/airflow/example_dags/example_nested_branch_dag.py
[2024-12-22T02:45:16.069+0000] {processor.py:830} INFO - Processing file /home/airflow/.local/lib/python3.12/site-packages/airflow/example_dags/example_nested_branch_dag.py for tasks to queue
[2024-12-22T02:45:16.070+0000] {logging_mixin.py:188} INFO - [2024-12-22T02:45:16.070+0000] {dagbag.py:545} INFO - Filling up the DagBag from /home/airflow/.local/lib/python3.12/site-packages/airflow/example_dags/example_nested_branch_dag.py
[2024-12-22T02:45:16.078+0000] {processor.py:840} INFO - DAG(s) 'example_nested_branch_dag' retrieved from /home/airflow/.local/lib/python3.12/site-packages/airflow/example_dags/example_nested_branch_dag.py
[2024-12-22T02:45:16.092+0000] {logging_mixin.py:188} INFO - [2024-12-22T02:45:16.092+0000] {dag.py:3089} INFO - Sync 1 DAGs
[2024-12-22T02:45:16.106+0000] {logging_mixin.py:188} INFO - [2024-12-22T02:45:16.106+0000] {dag.py:3947} INFO - Setting next_dagrun for example_nested_branch_dag to 2024-12-21 00:00:00+00:00, run_after=2024-12-22 00:00:00+00:00
[2024-12-22T02:45:16.117+0000] {processor.py:183} INFO - Processing /home/airflow/.local/lib/python3.12/site-packages/airflow/example_dags/example_nested_branch_dag.py took 0.053 seconds
[2024-12-22T02:45:47.406+0000] {processor.py:161} INFO - Started process (PID=31982) to work on /home/airflow/.local/lib/python3.12/site-packages/airflow/example_dags/example_nested_branch_dag.py
[2024-12-22T02:45:47.407+0000] {processor.py:830} INFO - Processing file /home/airflow/.local/lib/python3.12/site-packages/airflow/example_dags/example_nested_branch_dag.py for tasks to queue
[2024-12-22T02:45:47.409+0000] {logging_mixin.py:188} INFO - [2024-12-22T02:45:47.408+0000] {dagbag.py:545} INFO - Filling up the DagBag from /home/airflow/.local/lib/python3.12/site-packages/airflow/example_dags/example_nested_branch_dag.py
[2024-12-22T02:45:47.417+0000] {processor.py:840} INFO - DAG(s) 'example_nested_branch_dag' retrieved from /home/airflow/.local/lib/python3.12/site-packages/airflow/example_dags/example_nested_branch_dag.py
[2024-12-22T02:45:47.433+0000] {logging_mixin.py:188} INFO - [2024-12-22T02:45:47.433+0000] {dag.py:3089} INFO - Sync 1 DAGs
[2024-12-22T02:45:47.446+0000] {logging_mixin.py:188} INFO - [2024-12-22T02:45:47.446+0000] {dag.py:3947} INFO - Setting next_dagrun for example_nested_branch_dag to 2024-12-21 00:00:00+00:00, run_after=2024-12-22 00:00:00+00:00
[2024-12-22T02:45:47.457+0000] {processor.py:183} INFO - Processing /home/airflow/.local/lib/python3.12/site-packages/airflow/example_dags/example_nested_branch_dag.py took 0.057 seconds
[2024-12-22T02:46:18.640+0000] {processor.py:161} INFO - Started process (PID=32257) to work on /home/airflow/.local/lib/python3.12/site-packages/airflow/example_dags/example_nested_branch_dag.py
[2024-12-22T02:46:18.641+0000] {processor.py:830} INFO - Processing file /home/airflow/.local/lib/python3.12/site-packages/airflow/example_dags/example_nested_branch_dag.py for tasks to queue
[2024-12-22T02:46:18.643+0000] {logging_mixin.py:188} INFO - [2024-12-22T02:46:18.642+0000] {dagbag.py:545} INFO - Filling up the DagBag from /home/airflow/.local/lib/python3.12/site-packages/airflow/example_dags/example_nested_branch_dag.py
[2024-12-22T02:46:18.649+0000] {processor.py:840} INFO - DAG(s) 'example_nested_branch_dag' retrieved from /home/airflow/.local/lib/python3.12/site-packages/airflow/example_dags/example_nested_branch_dag.py
[2024-12-22T02:46:18.666+0000] {logging_mixin.py:188} INFO - [2024-12-22T02:46:18.666+0000] {dag.py:3089} INFO - Sync 1 DAGs
[2024-12-22T02:46:18.681+0000] {logging_mixin.py:188} INFO - [2024-12-22T02:46:18.681+0000] {dag.py:3947} INFO - Setting next_dagrun for example_nested_branch_dag to 2024-12-21 00:00:00+00:00, run_after=2024-12-22 00:00:00+00:00
[2024-12-22T02:46:18.695+0000] {processor.py:183} INFO - Processing /home/airflow/.local/lib/python3.12/site-packages/airflow/example_dags/example_nested_branch_dag.py took 0.058 seconds
[2024-12-22T02:46:49.247+0000] {processor.py:161} INFO - Started process (PID=32535) to work on /home/airflow/.local/lib/python3.12/site-packages/airflow/example_dags/example_nested_branch_dag.py
[2024-12-22T02:46:49.249+0000] {processor.py:830} INFO - Processing file /home/airflow/.local/lib/python3.12/site-packages/airflow/example_dags/example_nested_branch_dag.py for tasks to queue
[2024-12-22T02:46:49.251+0000] {logging_mixin.py:188} INFO - [2024-12-22T02:46:49.251+0000] {dagbag.py:545} INFO - Filling up the DagBag from /home/airflow/.local/lib/python3.12/site-packages/airflow/example_dags/example_nested_branch_dag.py
[2024-12-22T02:46:49.260+0000] {processor.py:840} INFO - DAG(s) 'example_nested_branch_dag' retrieved from /home/airflow/.local/lib/python3.12/site-packages/airflow/example_dags/example_nested_branch_dag.py
[2024-12-22T02:46:49.280+0000] {logging_mixin.py:188} INFO - [2024-12-22T02:46:49.280+0000] {dag.py:3089} INFO - Sync 1 DAGs
[2024-12-22T02:46:49.297+0000] {logging_mixin.py:188} INFO - [2024-12-22T02:46:49.297+0000] {dag.py:3947} INFO - Setting next_dagrun for example_nested_branch_dag to 2024-12-21 00:00:00+00:00, run_after=2024-12-22 00:00:00+00:00
[2024-12-22T02:46:49.310+0000] {processor.py:183} INFO - Processing /home/airflow/.local/lib/python3.12/site-packages/airflow/example_dags/example_nested_branch_dag.py took 0.076 seconds
[2024-12-22T02:47:21.541+0000] {processor.py:161} INFO - Started process (PID=32812) to work on /home/airflow/.local/lib/python3.12/site-packages/airflow/example_dags/example_nested_branch_dag.py
[2024-12-22T02:47:21.542+0000] {processor.py:830} INFO - Processing file /home/airflow/.local/lib/python3.12/site-packages/airflow/example_dags/example_nested_branch_dag.py for tasks to queue
[2024-12-22T02:47:21.543+0000] {logging_mixin.py:188} INFO - [2024-12-22T02:47:21.543+0000] {dagbag.py:545} INFO - Filling up the DagBag from /home/airflow/.local/lib/python3.12/site-packages/airflow/example_dags/example_nested_branch_dag.py
[2024-12-22T02:47:21.549+0000] {processor.py:840} INFO - DAG(s) 'example_nested_branch_dag' retrieved from /home/airflow/.local/lib/python3.12/site-packages/airflow/example_dags/example_nested_branch_dag.py
[2024-12-22T02:47:21.562+0000] {logging_mixin.py:188} INFO - [2024-12-22T02:47:21.562+0000] {dag.py:3089} INFO - Sync 1 DAGs
[2024-12-22T02:47:21.574+0000] {logging_mixin.py:188} INFO - [2024-12-22T02:47:21.573+0000] {dag.py:3947} INFO - Setting next_dagrun for example_nested_branch_dag to 2024-12-21 00:00:00+00:00, run_after=2024-12-22 00:00:00+00:00
[2024-12-22T02:47:21.584+0000] {processor.py:183} INFO - Processing /home/airflow/.local/lib/python3.12/site-packages/airflow/example_dags/example_nested_branch_dag.py took 0.047 seconds
[2024-12-22T02:47:53.867+0000] {processor.py:161} INFO - Started process (PID=33089) to work on /home/airflow/.local/lib/python3.12/site-packages/airflow/example_dags/example_nested_branch_dag.py
[2024-12-22T02:47:53.867+0000] {processor.py:830} INFO - Processing file /home/airflow/.local/lib/python3.12/site-packages/airflow/example_dags/example_nested_branch_dag.py for tasks to queue
[2024-12-22T02:47:53.869+0000] {logging_mixin.py:188} INFO - [2024-12-22T02:47:53.868+0000] {dagbag.py:545} INFO - Filling up the DagBag from /home/airflow/.local/lib/python3.12/site-packages/airflow/example_dags/example_nested_branch_dag.py
[2024-12-22T02:47:53.874+0000] {processor.py:840} INFO - DAG(s) 'example_nested_branch_dag' retrieved from /home/airflow/.local/lib/python3.12/site-packages/airflow/example_dags/example_nested_branch_dag.py
[2024-12-22T02:47:53.888+0000] {logging_mixin.py:188} INFO - [2024-12-22T02:47:53.888+0000] {dag.py:3089} INFO - Sync 1 DAGs
[2024-12-22T02:47:53.901+0000] {logging_mixin.py:188} INFO - [2024-12-22T02:47:53.901+0000] {dag.py:3947} INFO - Setting next_dagrun for example_nested_branch_dag to 2024-12-21 00:00:00+00:00, run_after=2024-12-22 00:00:00+00:00
[2024-12-22T02:47:53.910+0000] {processor.py:183} INFO - Processing /home/airflow/.local/lib/python3.12/site-packages/airflow/example_dags/example_nested_branch_dag.py took 0.047 seconds
[2024-12-22T02:48:26.632+0000] {processor.py:161} INFO - Started process (PID=33364) to work on /home/airflow/.local/lib/python3.12/site-packages/airflow/example_dags/example_nested_branch_dag.py
[2024-12-22T02:48:26.633+0000] {processor.py:830} INFO - Processing file /home/airflow/.local/lib/python3.12/site-packages/airflow/example_dags/example_nested_branch_dag.py for tasks to queue
[2024-12-22T02:48:26.634+0000] {logging_mixin.py:188} INFO - [2024-12-22T02:48:26.634+0000] {dagbag.py:545} INFO - Filling up the DagBag from /home/airflow/.local/lib/python3.12/site-packages/airflow/example_dags/example_nested_branch_dag.py
[2024-12-22T02:48:26.641+0000] {processor.py:840} INFO - DAG(s) 'example_nested_branch_dag' retrieved from /home/airflow/.local/lib/python3.12/site-packages/airflow/example_dags/example_nested_branch_dag.py
[2024-12-22T02:48:26.657+0000] {logging_mixin.py:188} INFO - [2024-12-22T02:48:26.656+0000] {dag.py:3089} INFO - Sync 1 DAGs
[2024-12-22T02:48:26.671+0000] {logging_mixin.py:188} INFO - [2024-12-22T02:48:26.671+0000] {dag.py:3947} INFO - Setting next_dagrun for example_nested_branch_dag to 2024-12-21 00:00:00+00:00, run_after=2024-12-22 00:00:00+00:00
[2024-12-22T02:48:26.685+0000] {processor.py:183} INFO - Processing /home/airflow/.local/lib/python3.12/site-packages/airflow/example_dags/example_nested_branch_dag.py took 0.059 seconds
[2024-12-22T02:48:59.644+0000] {processor.py:161} INFO - Started process (PID=33643) to work on /home/airflow/.local/lib/python3.12/site-packages/airflow/example_dags/example_nested_branch_dag.py
[2024-12-22T02:48:59.645+0000] {processor.py:830} INFO - Processing file /home/airflow/.local/lib/python3.12/site-packages/airflow/example_dags/example_nested_branch_dag.py for tasks to queue
[2024-12-22T02:48:59.647+0000] {logging_mixin.py:188} INFO - [2024-12-22T02:48:59.647+0000] {dagbag.py:545} INFO - Filling up the DagBag from /home/airflow/.local/lib/python3.12/site-packages/airflow/example_dags/example_nested_branch_dag.py
[2024-12-22T02:48:59.654+0000] {processor.py:840} INFO - DAG(s) 'example_nested_branch_dag' retrieved from /home/airflow/.local/lib/python3.12/site-packages/airflow/example_dags/example_nested_branch_dag.py
[2024-12-22T02:48:59.668+0000] {logging_mixin.py:188} INFO - [2024-12-22T02:48:59.667+0000] {dag.py:3089} INFO - Sync 1 DAGs
[2024-12-22T02:48:59.680+0000] {logging_mixin.py:188} INFO - [2024-12-22T02:48:59.680+0000] {dag.py:3947} INFO - Setting next_dagrun for example_nested_branch_dag to 2024-12-21 00:00:00+00:00, run_after=2024-12-22 00:00:00+00:00
[2024-12-22T02:48:59.692+0000] {processor.py:183} INFO - Processing /home/airflow/.local/lib/python3.12/site-packages/airflow/example_dags/example_nested_branch_dag.py took 0.053 seconds
[2024-12-22T02:49:31.011+0000] {processor.py:161} INFO - Started process (PID=33918) to work on /home/airflow/.local/lib/python3.12/site-packages/airflow/example_dags/example_nested_branch_dag.py
[2024-12-22T02:49:31.011+0000] {processor.py:830} INFO - Processing file /home/airflow/.local/lib/python3.12/site-packages/airflow/example_dags/example_nested_branch_dag.py for tasks to queue
[2024-12-22T02:49:31.013+0000] {logging_mixin.py:188} INFO - [2024-12-22T02:49:31.013+0000] {dagbag.py:545} INFO - Filling up the DagBag from /home/airflow/.local/lib/python3.12/site-packages/airflow/example_dags/example_nested_branch_dag.py
[2024-12-22T02:49:31.023+0000] {processor.py:840} INFO - DAG(s) 'example_nested_branch_dag' retrieved from /home/airflow/.local/lib/python3.12/site-packages/airflow/example_dags/example_nested_branch_dag.py
[2024-12-22T02:49:31.042+0000] {logging_mixin.py:188} INFO - [2024-12-22T02:49:31.042+0000] {dag.py:3089} INFO - Sync 1 DAGs
[2024-12-22T02:49:31.057+0000] {logging_mixin.py:188} INFO - [2024-12-22T02:49:31.057+0000] {dag.py:3947} INFO - Setting next_dagrun for example_nested_branch_dag to 2024-12-21 00:00:00+00:00, run_after=2024-12-22 00:00:00+00:00
[2024-12-22T02:49:31.071+0000] {processor.py:183} INFO - Processing /home/airflow/.local/lib/python3.12/site-packages/airflow/example_dags/example_nested_branch_dag.py took 0.064 seconds
[2024-12-22T02:50:02.056+0000] {processor.py:161} INFO - Started process (PID=34196) to work on /home/airflow/.local/lib/python3.12/site-packages/airflow/example_dags/example_nested_branch_dag.py
[2024-12-22T02:50:02.057+0000] {processor.py:830} INFO - Processing file /home/airflow/.local/lib/python3.12/site-packages/airflow/example_dags/example_nested_branch_dag.py for tasks to queue
[2024-12-22T02:50:02.058+0000] {logging_mixin.py:188} INFO - [2024-12-22T02:50:02.058+0000] {dagbag.py:545} INFO - Filling up the DagBag from /home/airflow/.local/lib/python3.12/site-packages/airflow/example_dags/example_nested_branch_dag.py
[2024-12-22T02:50:02.065+0000] {processor.py:840} INFO - DAG(s) 'example_nested_branch_dag' retrieved from /home/airflow/.local/lib/python3.12/site-packages/airflow/example_dags/example_nested_branch_dag.py
[2024-12-22T02:50:02.081+0000] {logging_mixin.py:188} INFO - [2024-12-22T02:50:02.081+0000] {dag.py:3089} INFO - Sync 1 DAGs
[2024-12-22T02:50:02.095+0000] {logging_mixin.py:188} INFO - [2024-12-22T02:50:02.095+0000] {dag.py:3947} INFO - Setting next_dagrun for example_nested_branch_dag to 2024-12-21 00:00:00+00:00, run_after=2024-12-22 00:00:00+00:00
[2024-12-22T02:50:02.110+0000] {processor.py:183} INFO - Processing /home/airflow/.local/lib/python3.12/site-packages/airflow/example_dags/example_nested_branch_dag.py took 0.058 seconds
[2024-12-22T02:50:32.168+0000] {processor.py:161} INFO - Started process (PID=34472) to work on /home/airflow/.local/lib/python3.12/site-packages/airflow/example_dags/example_nested_branch_dag.py
[2024-12-22T02:50:32.169+0000] {processor.py:830} INFO - Processing file /home/airflow/.local/lib/python3.12/site-packages/airflow/example_dags/example_nested_branch_dag.py for tasks to queue
[2024-12-22T02:50:32.170+0000] {logging_mixin.py:188} INFO - [2024-12-22T02:50:32.170+0000] {dagbag.py:545} INFO - Filling up the DagBag from /home/airflow/.local/lib/python3.12/site-packages/airflow/example_dags/example_nested_branch_dag.py
[2024-12-22T02:50:32.178+0000] {processor.py:840} INFO - DAG(s) 'example_nested_branch_dag' retrieved from /home/airflow/.local/lib/python3.12/site-packages/airflow/example_dags/example_nested_branch_dag.py
[2024-12-22T02:50:32.196+0000] {logging_mixin.py:188} INFO - [2024-12-22T02:50:32.195+0000] {dag.py:3089} INFO - Sync 1 DAGs
[2024-12-22T02:50:32.211+0000] {logging_mixin.py:188} INFO - [2024-12-22T02:50:32.211+0000] {dag.py:3947} INFO - Setting next_dagrun for example_nested_branch_dag to 2024-12-21 00:00:00+00:00, run_after=2024-12-22 00:00:00+00:00
[2024-12-22T02:50:32.223+0000] {processor.py:183} INFO - Processing /home/airflow/.local/lib/python3.12/site-packages/airflow/example_dags/example_nested_branch_dag.py took 0.059 seconds
[2024-12-22T02:51:02.917+0000] {processor.py:161} INFO - Started process (PID=34751) to work on /home/airflow/.local/lib/python3.12/site-packages/airflow/example_dags/example_nested_branch_dag.py
[2024-12-22T02:51:02.922+0000] {processor.py:830} INFO - Processing file /home/airflow/.local/lib/python3.12/site-packages/airflow/example_dags/example_nested_branch_dag.py for tasks to queue
[2024-12-22T02:51:02.928+0000] {logging_mixin.py:188} INFO - [2024-12-22T02:51:02.927+0000] {dagbag.py:545} INFO - Filling up the DagBag from /home/airflow/.local/lib/python3.12/site-packages/airflow/example_dags/example_nested_branch_dag.py
[2024-12-22T02:51:02.957+0000] {processor.py:840} INFO - DAG(s) 'example_nested_branch_dag' retrieved from /home/airflow/.local/lib/python3.12/site-packages/airflow/example_dags/example_nested_branch_dag.py
[2024-12-22T02:51:02.975+0000] {logging_mixin.py:188} INFO - [2024-12-22T02:51:02.975+0000] {dag.py:3089} INFO - Sync 1 DAGs
[2024-12-22T02:51:02.987+0000] {logging_mixin.py:188} INFO - [2024-12-22T02:51:02.987+0000] {dag.py:3947} INFO - Setting next_dagrun for example_nested_branch_dag to 2024-12-21 00:00:00+00:00, run_after=2024-12-22 00:00:00+00:00
[2024-12-22T02:51:02.997+0000] {processor.py:183} INFO - Processing /home/airflow/.local/lib/python3.12/site-packages/airflow/example_dags/example_nested_branch_dag.py took 0.100 seconds
[2024-12-22T02:51:35.746+0000] {processor.py:161} INFO - Started process (PID=35028) to work on /home/airflow/.local/lib/python3.12/site-packages/airflow/example_dags/example_nested_branch_dag.py
[2024-12-22T02:51:35.747+0000] {processor.py:830} INFO - Processing file /home/airflow/.local/lib/python3.12/site-packages/airflow/example_dags/example_nested_branch_dag.py for tasks to queue
[2024-12-22T02:51:35.749+0000] {logging_mixin.py:188} INFO - [2024-12-22T02:51:35.748+0000] {dagbag.py:545} INFO - Filling up the DagBag from /home/airflow/.local/lib/python3.12/site-packages/airflow/example_dags/example_nested_branch_dag.py
[2024-12-22T02:51:35.757+0000] {processor.py:840} INFO - DAG(s) 'example_nested_branch_dag' retrieved from /home/airflow/.local/lib/python3.12/site-packages/airflow/example_dags/example_nested_branch_dag.py
[2024-12-22T02:51:35.773+0000] {logging_mixin.py:188} INFO - [2024-12-22T02:51:35.773+0000] {dag.py:3089} INFO - Sync 1 DAGs
[2024-12-22T02:51:35.788+0000] {logging_mixin.py:188} INFO - [2024-12-22T02:51:35.788+0000] {dag.py:3947} INFO - Setting next_dagrun for example_nested_branch_dag to 2024-12-21 00:00:00+00:00, run_after=2024-12-22 00:00:00+00:00
[2024-12-22T02:51:35.804+0000] {processor.py:183} INFO - Processing /home/airflow/.local/lib/python3.12/site-packages/airflow/example_dags/example_nested_branch_dag.py took 0.063 seconds
[2024-12-22T02:52:08.613+0000] {processor.py:161} INFO - Started process (PID=35303) to work on /home/airflow/.local/lib/python3.12/site-packages/airflow/example_dags/example_nested_branch_dag.py
[2024-12-22T02:52:08.614+0000] {processor.py:830} INFO - Processing file /home/airflow/.local/lib/python3.12/site-packages/airflow/example_dags/example_nested_branch_dag.py for tasks to queue
[2024-12-22T02:52:08.615+0000] {logging_mixin.py:188} INFO - [2024-12-22T02:52:08.615+0000] {dagbag.py:545} INFO - Filling up the DagBag from /home/airflow/.local/lib/python3.12/site-packages/airflow/example_dags/example_nested_branch_dag.py
[2024-12-22T02:52:08.621+0000] {processor.py:840} INFO - DAG(s) 'example_nested_branch_dag' retrieved from /home/airflow/.local/lib/python3.12/site-packages/airflow/example_dags/example_nested_branch_dag.py
[2024-12-22T02:52:08.634+0000] {logging_mixin.py:188} INFO - [2024-12-22T02:52:08.633+0000] {dag.py:3089} INFO - Sync 1 DAGs
[2024-12-22T02:52:08.649+0000] {logging_mixin.py:188} INFO - [2024-12-22T02:52:08.649+0000] {dag.py:3947} INFO - Setting next_dagrun for example_nested_branch_dag to 2024-12-21 00:00:00+00:00, run_after=2024-12-22 00:00:00+00:00
[2024-12-22T02:52:08.660+0000] {processor.py:183} INFO - Processing /home/airflow/.local/lib/python3.12/site-packages/airflow/example_dags/example_nested_branch_dag.py took 0.051 seconds
[2024-12-22T02:52:42.077+0000] {processor.py:161} INFO - Started process (PID=35580) to work on /home/airflow/.local/lib/python3.12/site-packages/airflow/example_dags/example_nested_branch_dag.py
[2024-12-22T02:52:42.078+0000] {processor.py:830} INFO - Processing file /home/airflow/.local/lib/python3.12/site-packages/airflow/example_dags/example_nested_branch_dag.py for tasks to queue
[2024-12-22T02:52:42.079+0000] {logging_mixin.py:188} INFO - [2024-12-22T02:52:42.079+0000] {dagbag.py:545} INFO - Filling up the DagBag from /home/airflow/.local/lib/python3.12/site-packages/airflow/example_dags/example_nested_branch_dag.py
[2024-12-22T02:52:42.087+0000] {processor.py:840} INFO - DAG(s) 'example_nested_branch_dag' retrieved from /home/airflow/.local/lib/python3.12/site-packages/airflow/example_dags/example_nested_branch_dag.py
[2024-12-22T02:52:42.104+0000] {logging_mixin.py:188} INFO - [2024-12-22T02:52:42.103+0000] {dag.py:3089} INFO - Sync 1 DAGs
[2024-12-22T02:52:42.119+0000] {logging_mixin.py:188} INFO - [2024-12-22T02:52:42.119+0000] {dag.py:3947} INFO - Setting next_dagrun for example_nested_branch_dag to 2024-12-21 00:00:00+00:00, run_after=2024-12-22 00:00:00+00:00
[2024-12-22T02:52:42.133+0000] {processor.py:183} INFO - Processing /home/airflow/.local/lib/python3.12/site-packages/airflow/example_dags/example_nested_branch_dag.py took 0.060 seconds
[2024-12-22T02:53:13.727+0000] {processor.py:161} INFO - Started process (PID=35857) to work on /home/airflow/.local/lib/python3.12/site-packages/airflow/example_dags/example_nested_branch_dag.py
[2024-12-22T02:53:13.728+0000] {processor.py:830} INFO - Processing file /home/airflow/.local/lib/python3.12/site-packages/airflow/example_dags/example_nested_branch_dag.py for tasks to queue
[2024-12-22T02:53:13.730+0000] {logging_mixin.py:188} INFO - [2024-12-22T02:53:13.729+0000] {dagbag.py:545} INFO - Filling up the DagBag from /home/airflow/.local/lib/python3.12/site-packages/airflow/example_dags/example_nested_branch_dag.py
[2024-12-22T02:53:13.736+0000] {processor.py:840} INFO - DAG(s) 'example_nested_branch_dag' retrieved from /home/airflow/.local/lib/python3.12/site-packages/airflow/example_dags/example_nested_branch_dag.py
[2024-12-22T02:53:13.752+0000] {logging_mixin.py:188} INFO - [2024-12-22T02:53:13.752+0000] {dag.py:3089} INFO - Sync 1 DAGs
[2024-12-22T02:53:13.766+0000] {logging_mixin.py:188} INFO - [2024-12-22T02:53:13.766+0000] {dag.py:3947} INFO - Setting next_dagrun for example_nested_branch_dag to 2024-12-21 00:00:00+00:00, run_after=2024-12-22 00:00:00+00:00
[2024-12-22T02:53:13.777+0000] {processor.py:183} INFO - Processing /home/airflow/.local/lib/python3.12/site-packages/airflow/example_dags/example_nested_branch_dag.py took 0.054 seconds
[2024-12-22T02:53:44.821+0000] {processor.py:161} INFO - Started process (PID=36134) to work on /home/airflow/.local/lib/python3.12/site-packages/airflow/example_dags/example_nested_branch_dag.py
[2024-12-22T02:53:44.822+0000] {processor.py:830} INFO - Processing file /home/airflow/.local/lib/python3.12/site-packages/airflow/example_dags/example_nested_branch_dag.py for tasks to queue
[2024-12-22T02:53:44.824+0000] {logging_mixin.py:188} INFO - [2024-12-22T02:53:44.824+0000] {dagbag.py:545} INFO - Filling up the DagBag from /home/airflow/.local/lib/python3.12/site-packages/airflow/example_dags/example_nested_branch_dag.py
[2024-12-22T02:53:44.832+0000] {processor.py:840} INFO - DAG(s) 'example_nested_branch_dag' retrieved from /home/airflow/.local/lib/python3.12/site-packages/airflow/example_dags/example_nested_branch_dag.py
[2024-12-22T02:53:44.850+0000] {logging_mixin.py:188} INFO - [2024-12-22T02:53:44.850+0000] {dag.py:3089} INFO - Sync 1 DAGs
[2024-12-22T02:53:44.992+0000] {logging_mixin.py:188} INFO - [2024-12-22T02:53:44.992+0000] {dag.py:3947} INFO - Setting next_dagrun for example_nested_branch_dag to 2024-12-21 00:00:00+00:00, run_after=2024-12-22 00:00:00+00:00
[2024-12-22T02:53:45.005+0000] {processor.py:183} INFO - Processing /home/airflow/.local/lib/python3.12/site-packages/airflow/example_dags/example_nested_branch_dag.py took 0.188 seconds
[2024-12-22T02:54:15.430+0000] {processor.py:161} INFO - Started process (PID=36411) to work on /home/airflow/.local/lib/python3.12/site-packages/airflow/example_dags/example_nested_branch_dag.py
[2024-12-22T02:54:15.431+0000] {processor.py:830} INFO - Processing file /home/airflow/.local/lib/python3.12/site-packages/airflow/example_dags/example_nested_branch_dag.py for tasks to queue
[2024-12-22T02:54:15.432+0000] {logging_mixin.py:188} INFO - [2024-12-22T02:54:15.432+0000] {dagbag.py:545} INFO - Filling up the DagBag from /home/airflow/.local/lib/python3.12/site-packages/airflow/example_dags/example_nested_branch_dag.py
[2024-12-22T02:54:15.439+0000] {processor.py:840} INFO - DAG(s) 'example_nested_branch_dag' retrieved from /home/airflow/.local/lib/python3.12/site-packages/airflow/example_dags/example_nested_branch_dag.py
[2024-12-22T02:54:15.456+0000] {logging_mixin.py:188} INFO - [2024-12-22T02:54:15.455+0000] {dag.py:3089} INFO - Sync 1 DAGs
[2024-12-22T02:54:15.470+0000] {logging_mixin.py:188} INFO - [2024-12-22T02:54:15.470+0000] {dag.py:3947} INFO - Setting next_dagrun for example_nested_branch_dag to 2024-12-21 00:00:00+00:00, run_after=2024-12-22 00:00:00+00:00
[2024-12-22T02:54:15.609+0000] {processor.py:183} INFO - Processing /home/airflow/.local/lib/python3.12/site-packages/airflow/example_dags/example_nested_branch_dag.py took 0.184 seconds
[2024-12-22T02:54:46.351+0000] {processor.py:161} INFO - Started process (PID=36688) to work on /home/airflow/.local/lib/python3.12/site-packages/airflow/example_dags/example_nested_branch_dag.py
[2024-12-22T02:54:46.352+0000] {processor.py:830} INFO - Processing file /home/airflow/.local/lib/python3.12/site-packages/airflow/example_dags/example_nested_branch_dag.py for tasks to queue
[2024-12-22T02:54:46.353+0000] {logging_mixin.py:188} INFO - [2024-12-22T02:54:46.353+0000] {dagbag.py:545} INFO - Filling up the DagBag from /home/airflow/.local/lib/python3.12/site-packages/airflow/example_dags/example_nested_branch_dag.py
[2024-12-22T02:54:46.359+0000] {processor.py:840} INFO - DAG(s) 'example_nested_branch_dag' retrieved from /home/airflow/.local/lib/python3.12/site-packages/airflow/example_dags/example_nested_branch_dag.py
[2024-12-22T02:54:46.374+0000] {logging_mixin.py:188} INFO - [2024-12-22T02:54:46.373+0000] {dag.py:3089} INFO - Sync 1 DAGs
[2024-12-22T02:54:46.386+0000] {logging_mixin.py:188} INFO - [2024-12-22T02:54:46.386+0000] {dag.py:3947} INFO - Setting next_dagrun for example_nested_branch_dag to 2024-12-21 00:00:00+00:00, run_after=2024-12-22 00:00:00+00:00
[2024-12-22T02:54:46.396+0000] {processor.py:183} INFO - Processing /home/airflow/.local/lib/python3.12/site-packages/airflow/example_dags/example_nested_branch_dag.py took 0.049 seconds
[2024-12-22T02:55:18.721+0000] {processor.py:161} INFO - Started process (PID=36965) to work on /home/airflow/.local/lib/python3.12/site-packages/airflow/example_dags/example_nested_branch_dag.py
[2024-12-22T02:55:18.722+0000] {processor.py:830} INFO - Processing file /home/airflow/.local/lib/python3.12/site-packages/airflow/example_dags/example_nested_branch_dag.py for tasks to queue
[2024-12-22T02:55:18.724+0000] {logging_mixin.py:188} INFO - [2024-12-22T02:55:18.723+0000] {dagbag.py:545} INFO - Filling up the DagBag from /home/airflow/.local/lib/python3.12/site-packages/airflow/example_dags/example_nested_branch_dag.py
[2024-12-22T02:55:18.730+0000] {processor.py:840} INFO - DAG(s) 'example_nested_branch_dag' retrieved from /home/airflow/.local/lib/python3.12/site-packages/airflow/example_dags/example_nested_branch_dag.py
[2024-12-22T02:55:18.746+0000] {logging_mixin.py:188} INFO - [2024-12-22T02:55:18.746+0000] {dag.py:3089} INFO - Sync 1 DAGs
[2024-12-22T02:55:18.761+0000] {logging_mixin.py:188} INFO - [2024-12-22T02:55:18.761+0000] {dag.py:3947} INFO - Setting next_dagrun for example_nested_branch_dag to 2024-12-21 00:00:00+00:00, run_after=2024-12-22 00:00:00+00:00
[2024-12-22T02:55:18.776+0000] {processor.py:183} INFO - Processing /home/airflow/.local/lib/python3.12/site-packages/airflow/example_dags/example_nested_branch_dag.py took 0.060 seconds
[2024-12-22T02:55:50.417+0000] {processor.py:161} INFO - Started process (PID=37242) to work on /home/airflow/.local/lib/python3.12/site-packages/airflow/example_dags/example_nested_branch_dag.py
[2024-12-22T02:55:50.418+0000] {processor.py:830} INFO - Processing file /home/airflow/.local/lib/python3.12/site-packages/airflow/example_dags/example_nested_branch_dag.py for tasks to queue
[2024-12-22T02:55:50.420+0000] {logging_mixin.py:188} INFO - [2024-12-22T02:55:50.419+0000] {dagbag.py:545} INFO - Filling up the DagBag from /home/airflow/.local/lib/python3.12/site-packages/airflow/example_dags/example_nested_branch_dag.py
[2024-12-22T02:55:50.428+0000] {processor.py:840} INFO - DAG(s) 'example_nested_branch_dag' retrieved from /home/airflow/.local/lib/python3.12/site-packages/airflow/example_dags/example_nested_branch_dag.py
[2024-12-22T02:55:50.448+0000] {logging_mixin.py:188} INFO - [2024-12-22T02:55:50.448+0000] {dag.py:3089} INFO - Sync 1 DAGs
[2024-12-22T02:55:50.461+0000] {logging_mixin.py:188} INFO - [2024-12-22T02:55:50.461+0000] {dag.py:3947} INFO - Setting next_dagrun for example_nested_branch_dag to 2024-12-21 00:00:00+00:00, run_after=2024-12-22 00:00:00+00:00
[2024-12-22T02:55:50.473+0000] {processor.py:183} INFO - Processing /home/airflow/.local/lib/python3.12/site-packages/airflow/example_dags/example_nested_branch_dag.py took 0.061 seconds
[2024-12-22T02:56:21.220+0000] {processor.py:161} INFO - Started process (PID=37519) to work on /home/airflow/.local/lib/python3.12/site-packages/airflow/example_dags/example_nested_branch_dag.py
[2024-12-22T02:56:21.221+0000] {processor.py:830} INFO - Processing file /home/airflow/.local/lib/python3.12/site-packages/airflow/example_dags/example_nested_branch_dag.py for tasks to queue
[2024-12-22T02:56:21.223+0000] {logging_mixin.py:188} INFO - [2024-12-22T02:56:21.222+0000] {dagbag.py:545} INFO - Filling up the DagBag from /home/airflow/.local/lib/python3.12/site-packages/airflow/example_dags/example_nested_branch_dag.py
[2024-12-22T02:56:21.229+0000] {processor.py:840} INFO - DAG(s) 'example_nested_branch_dag' retrieved from /home/airflow/.local/lib/python3.12/site-packages/airflow/example_dags/example_nested_branch_dag.py
[2024-12-22T02:56:21.247+0000] {logging_mixin.py:188} INFO - [2024-12-22T02:56:21.247+0000] {dag.py:3089} INFO - Sync 1 DAGs
[2024-12-22T02:56:21.261+0000] {logging_mixin.py:188} INFO - [2024-12-22T02:56:21.261+0000] {dag.py:3947} INFO - Setting next_dagrun for example_nested_branch_dag to 2024-12-21 00:00:00+00:00, run_after=2024-12-22 00:00:00+00:00
[2024-12-22T02:56:21.273+0000] {processor.py:183} INFO - Processing /home/airflow/.local/lib/python3.12/site-packages/airflow/example_dags/example_nested_branch_dag.py took 0.058 seconds
[2024-12-22T02:56:52.075+0000] {processor.py:161} INFO - Started process (PID=37796) to work on /home/airflow/.local/lib/python3.12/site-packages/airflow/example_dags/example_nested_branch_dag.py
[2024-12-22T02:56:52.076+0000] {processor.py:830} INFO - Processing file /home/airflow/.local/lib/python3.12/site-packages/airflow/example_dags/example_nested_branch_dag.py for tasks to queue
[2024-12-22T02:56:52.078+0000] {logging_mixin.py:188} INFO - [2024-12-22T02:56:52.078+0000] {dagbag.py:545} INFO - Filling up the DagBag from /home/airflow/.local/lib/python3.12/site-packages/airflow/example_dags/example_nested_branch_dag.py
[2024-12-22T02:56:52.086+0000] {processor.py:840} INFO - DAG(s) 'example_nested_branch_dag' retrieved from /home/airflow/.local/lib/python3.12/site-packages/airflow/example_dags/example_nested_branch_dag.py
[2024-12-22T02:56:52.104+0000] {logging_mixin.py:188} INFO - [2024-12-22T02:56:52.104+0000] {dag.py:3089} INFO - Sync 1 DAGs
[2024-12-22T02:56:52.118+0000] {logging_mixin.py:188} INFO - [2024-12-22T02:56:52.118+0000] {dag.py:3947} INFO - Setting next_dagrun for example_nested_branch_dag to 2024-12-21 00:00:00+00:00, run_after=2024-12-22 00:00:00+00:00
[2024-12-22T02:56:52.132+0000] {processor.py:183} INFO - Processing /home/airflow/.local/lib/python3.12/site-packages/airflow/example_dags/example_nested_branch_dag.py took 0.061 seconds
[2024-12-22T02:57:22.730+0000] {processor.py:161} INFO - Started process (PID=38074) to work on /home/airflow/.local/lib/python3.12/site-packages/airflow/example_dags/example_nested_branch_dag.py
[2024-12-22T02:57:22.731+0000] {processor.py:830} INFO - Processing file /home/airflow/.local/lib/python3.12/site-packages/airflow/example_dags/example_nested_branch_dag.py for tasks to queue
[2024-12-22T02:57:22.733+0000] {logging_mixin.py:188} INFO - [2024-12-22T02:57:22.732+0000] {dagbag.py:545} INFO - Filling up the DagBag from /home/airflow/.local/lib/python3.12/site-packages/airflow/example_dags/example_nested_branch_dag.py
[2024-12-22T02:57:22.741+0000] {processor.py:840} INFO - DAG(s) 'example_nested_branch_dag' retrieved from /home/airflow/.local/lib/python3.12/site-packages/airflow/example_dags/example_nested_branch_dag.py
[2024-12-22T02:57:22.761+0000] {logging_mixin.py:188} INFO - [2024-12-22T02:57:22.761+0000] {dag.py:3089} INFO - Sync 1 DAGs
[2024-12-22T02:57:22.776+0000] {logging_mixin.py:188} INFO - [2024-12-22T02:57:22.776+0000] {dag.py:3947} INFO - Setting next_dagrun for example_nested_branch_dag to 2024-12-21 00:00:00+00:00, run_after=2024-12-22 00:00:00+00:00
[2024-12-22T02:57:22.789+0000] {processor.py:183} INFO - Processing /home/airflow/.local/lib/python3.12/site-packages/airflow/example_dags/example_nested_branch_dag.py took 0.065 seconds
[2024-12-22T02:57:53.648+0000] {processor.py:161} INFO - Started process (PID=38353) to work on /home/airflow/.local/lib/python3.12/site-packages/airflow/example_dags/example_nested_branch_dag.py
[2024-12-22T02:57:53.649+0000] {processor.py:830} INFO - Processing file /home/airflow/.local/lib/python3.12/site-packages/airflow/example_dags/example_nested_branch_dag.py for tasks to queue
[2024-12-22T02:57:53.650+0000] {logging_mixin.py:188} INFO - [2024-12-22T02:57:53.650+0000] {dagbag.py:545} INFO - Filling up the DagBag from /home/airflow/.local/lib/python3.12/site-packages/airflow/example_dags/example_nested_branch_dag.py
[2024-12-22T02:57:53.657+0000] {processor.py:840} INFO - DAG(s) 'example_nested_branch_dag' retrieved from /home/airflow/.local/lib/python3.12/site-packages/airflow/example_dags/example_nested_branch_dag.py
[2024-12-22T02:57:53.672+0000] {logging_mixin.py:188} INFO - [2024-12-22T02:57:53.672+0000] {dag.py:3089} INFO - Sync 1 DAGs
[2024-12-22T02:57:53.685+0000] {logging_mixin.py:188} INFO - [2024-12-22T02:57:53.684+0000] {dag.py:3947} INFO - Setting next_dagrun for example_nested_branch_dag to 2024-12-21 00:00:00+00:00, run_after=2024-12-22 00:00:00+00:00
[2024-12-22T02:57:53.699+0000] {processor.py:183} INFO - Processing /home/airflow/.local/lib/python3.12/site-packages/airflow/example_dags/example_nested_branch_dag.py took 0.056 seconds
[2024-12-22T02:58:25.891+0000] {processor.py:161} INFO - Started process (PID=38629) to work on /home/airflow/.local/lib/python3.12/site-packages/airflow/example_dags/example_nested_branch_dag.py
[2024-12-22T02:58:25.891+0000] {processor.py:830} INFO - Processing file /home/airflow/.local/lib/python3.12/site-packages/airflow/example_dags/example_nested_branch_dag.py for tasks to queue
[2024-12-22T02:58:25.893+0000] {logging_mixin.py:188} INFO - [2024-12-22T02:58:25.892+0000] {dagbag.py:545} INFO - Filling up the DagBag from /home/airflow/.local/lib/python3.12/site-packages/airflow/example_dags/example_nested_branch_dag.py
[2024-12-22T02:58:25.899+0000] {processor.py:840} INFO - DAG(s) 'example_nested_branch_dag' retrieved from /home/airflow/.local/lib/python3.12/site-packages/airflow/example_dags/example_nested_branch_dag.py
[2024-12-22T02:58:25.912+0000] {logging_mixin.py:188} INFO - [2024-12-22T02:58:25.912+0000] {dag.py:3089} INFO - Sync 1 DAGs
[2024-12-22T02:58:25.924+0000] {logging_mixin.py:188} INFO - [2024-12-22T02:58:25.924+0000] {dag.py:3947} INFO - Setting next_dagrun for example_nested_branch_dag to 2024-12-21 00:00:00+00:00, run_after=2024-12-22 00:00:00+00:00
[2024-12-22T02:58:25.935+0000] {processor.py:183} INFO - Processing /home/airflow/.local/lib/python3.12/site-packages/airflow/example_dags/example_nested_branch_dag.py took 0.048 seconds
[2024-12-22T02:58:58.280+0000] {processor.py:161} INFO - Started process (PID=38906) to work on /home/airflow/.local/lib/python3.12/site-packages/airflow/example_dags/example_nested_branch_dag.py
[2024-12-22T02:58:58.281+0000] {processor.py:830} INFO - Processing file /home/airflow/.local/lib/python3.12/site-packages/airflow/example_dags/example_nested_branch_dag.py for tasks to queue
[2024-12-22T02:58:58.282+0000] {logging_mixin.py:188} INFO - [2024-12-22T02:58:58.282+0000] {dagbag.py:545} INFO - Filling up the DagBag from /home/airflow/.local/lib/python3.12/site-packages/airflow/example_dags/example_nested_branch_dag.py
[2024-12-22T02:58:58.289+0000] {processor.py:840} INFO - DAG(s) 'example_nested_branch_dag' retrieved from /home/airflow/.local/lib/python3.12/site-packages/airflow/example_dags/example_nested_branch_dag.py
[2024-12-22T02:58:58.304+0000] {logging_mixin.py:188} INFO - [2024-12-22T02:58:58.304+0000] {dag.py:3089} INFO - Sync 1 DAGs
[2024-12-22T02:58:58.319+0000] {logging_mixin.py:188} INFO - [2024-12-22T02:58:58.319+0000] {dag.py:3947} INFO - Setting next_dagrun for example_nested_branch_dag to 2024-12-21 00:00:00+00:00, run_after=2024-12-22 00:00:00+00:00
[2024-12-22T02:58:58.332+0000] {processor.py:183} INFO - Processing /home/airflow/.local/lib/python3.12/site-packages/airflow/example_dags/example_nested_branch_dag.py took 0.056 seconds
[2024-12-22T02:59:31.036+0000] {processor.py:161} INFO - Started process (PID=39185) to work on /home/airflow/.local/lib/python3.12/site-packages/airflow/example_dags/example_nested_branch_dag.py
[2024-12-22T02:59:31.037+0000] {processor.py:830} INFO - Processing file /home/airflow/.local/lib/python3.12/site-packages/airflow/example_dags/example_nested_branch_dag.py for tasks to queue
[2024-12-22T02:59:31.038+0000] {logging_mixin.py:188} INFO - [2024-12-22T02:59:31.038+0000] {dagbag.py:545} INFO - Filling up the DagBag from /home/airflow/.local/lib/python3.12/site-packages/airflow/example_dags/example_nested_branch_dag.py
[2024-12-22T02:59:31.044+0000] {processor.py:840} INFO - DAG(s) 'example_nested_branch_dag' retrieved from /home/airflow/.local/lib/python3.12/site-packages/airflow/example_dags/example_nested_branch_dag.py
[2024-12-22T02:59:31.059+0000] {logging_mixin.py:188} INFO - [2024-12-22T02:59:31.059+0000] {dag.py:3089} INFO - Sync 1 DAGs
[2024-12-22T02:59:31.072+0000] {logging_mixin.py:188} INFO - [2024-12-22T02:59:31.072+0000] {dag.py:3947} INFO - Setting next_dagrun for example_nested_branch_dag to 2024-12-21 00:00:00+00:00, run_after=2024-12-22 00:00:00+00:00
[2024-12-22T02:59:31.082+0000] {processor.py:183} INFO - Processing /home/airflow/.local/lib/python3.12/site-packages/airflow/example_dags/example_nested_branch_dag.py took 0.054 seconds
[2024-12-22T03:00:02.013+0000] {processor.py:161} INFO - Started process (PID=39462) to work on /home/airflow/.local/lib/python3.12/site-packages/airflow/example_dags/example_nested_branch_dag.py
[2024-12-22T03:00:02.014+0000] {processor.py:830} INFO - Processing file /home/airflow/.local/lib/python3.12/site-packages/airflow/example_dags/example_nested_branch_dag.py for tasks to queue
[2024-12-22T03:00:02.016+0000] {logging_mixin.py:188} INFO - [2024-12-22T03:00:02.016+0000] {dagbag.py:545} INFO - Filling up the DagBag from /home/airflow/.local/lib/python3.12/site-packages/airflow/example_dags/example_nested_branch_dag.py
[2024-12-22T03:00:02.024+0000] {processor.py:840} INFO - DAG(s) 'example_nested_branch_dag' retrieved from /home/airflow/.local/lib/python3.12/site-packages/airflow/example_dags/example_nested_branch_dag.py
[2024-12-22T03:00:02.041+0000] {logging_mixin.py:188} INFO - [2024-12-22T03:00:02.041+0000] {dag.py:3089} INFO - Sync 1 DAGs
[2024-12-22T03:00:02.055+0000] {logging_mixin.py:188} INFO - [2024-12-22T03:00:02.055+0000] {dag.py:3947} INFO - Setting next_dagrun for example_nested_branch_dag to 2024-12-21 00:00:00+00:00, run_after=2024-12-22 00:00:00+00:00
[2024-12-22T03:00:02.069+0000] {processor.py:183} INFO - Processing /home/airflow/.local/lib/python3.12/site-packages/airflow/example_dags/example_nested_branch_dag.py took 0.061 seconds
[2024-12-22T03:00:32.903+0000] {processor.py:161} INFO - Started process (PID=39739) to work on /home/airflow/.local/lib/python3.12/site-packages/airflow/example_dags/example_nested_branch_dag.py
[2024-12-22T03:00:32.904+0000] {processor.py:830} INFO - Processing file /home/airflow/.local/lib/python3.12/site-packages/airflow/example_dags/example_nested_branch_dag.py for tasks to queue
[2024-12-22T03:00:32.905+0000] {logging_mixin.py:188} INFO - [2024-12-22T03:00:32.905+0000] {dagbag.py:545} INFO - Filling up the DagBag from /home/airflow/.local/lib/python3.12/site-packages/airflow/example_dags/example_nested_branch_dag.py
[2024-12-22T03:00:32.912+0000] {processor.py:840} INFO - DAG(s) 'example_nested_branch_dag' retrieved from /home/airflow/.local/lib/python3.12/site-packages/airflow/example_dags/example_nested_branch_dag.py
[2024-12-22T03:00:32.928+0000] {logging_mixin.py:188} INFO - [2024-12-22T03:00:32.927+0000] {dag.py:3089} INFO - Sync 1 DAGs
[2024-12-22T03:00:32.941+0000] {logging_mixin.py:188} INFO - [2024-12-22T03:00:32.941+0000] {dag.py:3947} INFO - Setting next_dagrun for example_nested_branch_dag to 2024-12-21 00:00:00+00:00, run_after=2024-12-22 00:00:00+00:00
[2024-12-22T03:00:32.952+0000] {processor.py:183} INFO - Processing /home/airflow/.local/lib/python3.12/site-packages/airflow/example_dags/example_nested_branch_dag.py took 0.054 seconds
[2024-12-22T03:01:03.395+0000] {processor.py:161} INFO - Started process (PID=40014) to work on /home/airflow/.local/lib/python3.12/site-packages/airflow/example_dags/example_nested_branch_dag.py
[2024-12-22T03:01:03.396+0000] {processor.py:830} INFO - Processing file /home/airflow/.local/lib/python3.12/site-packages/airflow/example_dags/example_nested_branch_dag.py for tasks to queue
[2024-12-22T03:01:03.397+0000] {logging_mixin.py:188} INFO - [2024-12-22T03:01:03.397+0000] {dagbag.py:545} INFO - Filling up the DagBag from /home/airflow/.local/lib/python3.12/site-packages/airflow/example_dags/example_nested_branch_dag.py
[2024-12-22T03:01:03.404+0000] {processor.py:840} INFO - DAG(s) 'example_nested_branch_dag' retrieved from /home/airflow/.local/lib/python3.12/site-packages/airflow/example_dags/example_nested_branch_dag.py
[2024-12-22T03:01:03.420+0000] {logging_mixin.py:188} INFO - [2024-12-22T03:01:03.420+0000] {dag.py:3089} INFO - Sync 1 DAGs
[2024-12-22T03:01:03.436+0000] {logging_mixin.py:188} INFO - [2024-12-22T03:01:03.435+0000] {dag.py:3947} INFO - Setting next_dagrun for example_nested_branch_dag to 2024-12-21 00:00:00+00:00, run_after=2024-12-22 00:00:00+00:00
[2024-12-22T03:01:03.447+0000] {processor.py:183} INFO - Processing /home/airflow/.local/lib/python3.12/site-packages/airflow/example_dags/example_nested_branch_dag.py took 0.057 seconds
[2024-12-22T03:01:34.542+0000] {processor.py:161} INFO - Started process (PID=40292) to work on /home/airflow/.local/lib/python3.12/site-packages/airflow/example_dags/example_nested_branch_dag.py
[2024-12-22T03:01:34.543+0000] {processor.py:830} INFO - Processing file /home/airflow/.local/lib/python3.12/site-packages/airflow/example_dags/example_nested_branch_dag.py for tasks to queue
[2024-12-22T03:01:34.544+0000] {logging_mixin.py:188} INFO - [2024-12-22T03:01:34.544+0000] {dagbag.py:545} INFO - Filling up the DagBag from /home/airflow/.local/lib/python3.12/site-packages/airflow/example_dags/example_nested_branch_dag.py
[2024-12-22T03:01:34.550+0000] {processor.py:840} INFO - DAG(s) 'example_nested_branch_dag' retrieved from /home/airflow/.local/lib/python3.12/site-packages/airflow/example_dags/example_nested_branch_dag.py
[2024-12-22T03:01:34.562+0000] {logging_mixin.py:188} INFO - [2024-12-22T03:01:34.562+0000] {dag.py:3089} INFO - Sync 1 DAGs
[2024-12-22T03:01:34.574+0000] {logging_mixin.py:188} INFO - [2024-12-22T03:01:34.574+0000] {dag.py:3947} INFO - Setting next_dagrun for example_nested_branch_dag to 2024-12-21 00:00:00+00:00, run_after=2024-12-22 00:00:00+00:00
[2024-12-22T03:01:34.586+0000] {processor.py:183} INFO - Processing /home/airflow/.local/lib/python3.12/site-packages/airflow/example_dags/example_nested_branch_dag.py took 0.048 seconds
[2024-12-22T03:02:07.038+0000] {processor.py:161} INFO - Started process (PID=40571) to work on /home/airflow/.local/lib/python3.12/site-packages/airflow/example_dags/example_nested_branch_dag.py
[2024-12-22T03:02:07.039+0000] {processor.py:830} INFO - Processing file /home/airflow/.local/lib/python3.12/site-packages/airflow/example_dags/example_nested_branch_dag.py for tasks to queue
[2024-12-22T03:02:07.041+0000] {logging_mixin.py:188} INFO - [2024-12-22T03:02:07.041+0000] {dagbag.py:545} INFO - Filling up the DagBag from /home/airflow/.local/lib/python3.12/site-packages/airflow/example_dags/example_nested_branch_dag.py
[2024-12-22T03:02:07.054+0000] {processor.py:840} INFO - DAG(s) 'example_nested_branch_dag' retrieved from /home/airflow/.local/lib/python3.12/site-packages/airflow/example_dags/example_nested_branch_dag.py
[2024-12-22T03:02:07.071+0000] {logging_mixin.py:188} INFO - [2024-12-22T03:02:07.071+0000] {dag.py:3089} INFO - Sync 1 DAGs
[2024-12-22T03:02:07.083+0000] {logging_mixin.py:188} INFO - [2024-12-22T03:02:07.083+0000] {dag.py:3947} INFO - Setting next_dagrun for example_nested_branch_dag to 2024-12-21 00:00:00+00:00, run_after=2024-12-22 00:00:00+00:00
[2024-12-22T03:02:07.094+0000] {processor.py:183} INFO - Processing /home/airflow/.local/lib/python3.12/site-packages/airflow/example_dags/example_nested_branch_dag.py took 0.060 seconds
[2024-12-22T03:02:39.402+0000] {processor.py:161} INFO - Started process (PID=40846) to work on /home/airflow/.local/lib/python3.12/site-packages/airflow/example_dags/example_nested_branch_dag.py
[2024-12-22T03:02:39.403+0000] {processor.py:830} INFO - Processing file /home/airflow/.local/lib/python3.12/site-packages/airflow/example_dags/example_nested_branch_dag.py for tasks to queue
[2024-12-22T03:02:39.404+0000] {logging_mixin.py:188} INFO - [2024-12-22T03:02:39.404+0000] {dagbag.py:545} INFO - Filling up the DagBag from /home/airflow/.local/lib/python3.12/site-packages/airflow/example_dags/example_nested_branch_dag.py
[2024-12-22T03:02:39.412+0000] {processor.py:840} INFO - DAG(s) 'example_nested_branch_dag' retrieved from /home/airflow/.local/lib/python3.12/site-packages/airflow/example_dags/example_nested_branch_dag.py
[2024-12-22T03:02:39.428+0000] {logging_mixin.py:188} INFO - [2024-12-22T03:02:39.427+0000] {dag.py:3089} INFO - Sync 1 DAGs
[2024-12-22T03:02:39.441+0000] {logging_mixin.py:188} INFO - [2024-12-22T03:02:39.441+0000] {dag.py:3947} INFO - Setting next_dagrun for example_nested_branch_dag to 2024-12-21 00:00:00+00:00, run_after=2024-12-22 00:00:00+00:00
[2024-12-22T03:02:39.455+0000] {processor.py:183} INFO - Processing /home/airflow/.local/lib/python3.12/site-packages/airflow/example_dags/example_nested_branch_dag.py took 0.057 seconds
[2024-12-22T03:03:12.752+0000] {processor.py:161} INFO - Started process (PID=41123) to work on /home/airflow/.local/lib/python3.12/site-packages/airflow/example_dags/example_nested_branch_dag.py
[2024-12-22T03:03:12.753+0000] {processor.py:830} INFO - Processing file /home/airflow/.local/lib/python3.12/site-packages/airflow/example_dags/example_nested_branch_dag.py for tasks to queue
[2024-12-22T03:03:12.754+0000] {logging_mixin.py:188} INFO - [2024-12-22T03:03:12.754+0000] {dagbag.py:545} INFO - Filling up the DagBag from /home/airflow/.local/lib/python3.12/site-packages/airflow/example_dags/example_nested_branch_dag.py
[2024-12-22T03:03:12.761+0000] {processor.py:840} INFO - DAG(s) 'example_nested_branch_dag' retrieved from /home/airflow/.local/lib/python3.12/site-packages/airflow/example_dags/example_nested_branch_dag.py
[2024-12-22T03:03:12.776+0000] {logging_mixin.py:188} INFO - [2024-12-22T03:03:12.776+0000] {dag.py:3089} INFO - Sync 1 DAGs
[2024-12-22T03:03:12.789+0000] {logging_mixin.py:188} INFO - [2024-12-22T03:03:12.789+0000] {dag.py:3947} INFO - Setting next_dagrun for example_nested_branch_dag to 2024-12-21 00:00:00+00:00, run_after=2024-12-22 00:00:00+00:00
[2024-12-22T03:03:12.802+0000] {processor.py:183} INFO - Processing /home/airflow/.local/lib/python3.12/site-packages/airflow/example_dags/example_nested_branch_dag.py took 0.054 seconds
[2024-12-22T03:03:42.855+0000] {processor.py:161} INFO - Started process (PID=41400) to work on /home/airflow/.local/lib/python3.12/site-packages/airflow/example_dags/example_nested_branch_dag.py
[2024-12-22T03:03:42.856+0000] {processor.py:830} INFO - Processing file /home/airflow/.local/lib/python3.12/site-packages/airflow/example_dags/example_nested_branch_dag.py for tasks to queue
[2024-12-22T03:03:42.857+0000] {logging_mixin.py:188} INFO - [2024-12-22T03:03:42.857+0000] {dagbag.py:545} INFO - Filling up the DagBag from /home/airflow/.local/lib/python3.12/site-packages/airflow/example_dags/example_nested_branch_dag.py
[2024-12-22T03:03:42.864+0000] {processor.py:840} INFO - DAG(s) 'example_nested_branch_dag' retrieved from /home/airflow/.local/lib/python3.12/site-packages/airflow/example_dags/example_nested_branch_dag.py
[2024-12-22T03:03:42.880+0000] {logging_mixin.py:188} INFO - [2024-12-22T03:03:42.879+0000] {dag.py:3089} INFO - Sync 1 DAGs
[2024-12-22T03:03:42.897+0000] {logging_mixin.py:188} INFO - [2024-12-22T03:03:42.896+0000] {dag.py:3947} INFO - Setting next_dagrun for example_nested_branch_dag to 2024-12-21 00:00:00+00:00, run_after=2024-12-22 00:00:00+00:00
[2024-12-22T03:03:42.911+0000] {processor.py:183} INFO - Processing /home/airflow/.local/lib/python3.12/site-packages/airflow/example_dags/example_nested_branch_dag.py took 0.061 seconds
[2024-12-22T03:04:14.093+0000] {processor.py:161} INFO - Started process (PID=41679) to work on /home/airflow/.local/lib/python3.12/site-packages/airflow/example_dags/example_nested_branch_dag.py
[2024-12-22T03:04:14.093+0000] {processor.py:830} INFO - Processing file /home/airflow/.local/lib/python3.12/site-packages/airflow/example_dags/example_nested_branch_dag.py for tasks to queue
[2024-12-22T03:04:14.096+0000] {logging_mixin.py:188} INFO - [2024-12-22T03:04:14.095+0000] {dagbag.py:545} INFO - Filling up the DagBag from /home/airflow/.local/lib/python3.12/site-packages/airflow/example_dags/example_nested_branch_dag.py
[2024-12-22T03:04:14.103+0000] {processor.py:840} INFO - DAG(s) 'example_nested_branch_dag' retrieved from /home/airflow/.local/lib/python3.12/site-packages/airflow/example_dags/example_nested_branch_dag.py
[2024-12-22T03:04:14.122+0000] {logging_mixin.py:188} INFO - [2024-12-22T03:04:14.122+0000] {dag.py:3089} INFO - Sync 1 DAGs
[2024-12-22T03:04:14.136+0000] {logging_mixin.py:188} INFO - [2024-12-22T03:04:14.136+0000] {dag.py:3947} INFO - Setting next_dagrun for example_nested_branch_dag to 2024-12-21 00:00:00+00:00, run_after=2024-12-22 00:00:00+00:00
[2024-12-22T03:04:14.155+0000] {processor.py:183} INFO - Processing /home/airflow/.local/lib/python3.12/site-packages/airflow/example_dags/example_nested_branch_dag.py took 0.067 seconds
