[2024-12-22T01:45:52.823+0000] {processor.py:161} INFO - Started process (PID=395) to work on /home/airflow/.local/lib/python3.12/site-packages/airflow/example_dags/example_skip_dag.py
[2024-12-22T01:45:52.823+0000] {processor.py:830} INFO - Processing file /home/airflow/.local/lib/python3.12/site-packages/airflow/example_dags/example_skip_dag.py for tasks to queue
[2024-12-22T01:45:52.824+0000] {logging_mixin.py:188} INFO - [2024-12-22T01:45:52.824+0000] {dagbag.py:545} INFO - Filling up the DagBag from /home/airflow/.local/lib/python3.12/site-packages/airflow/example_dags/example_skip_dag.py
[2024-12-22T01:45:52.830+0000] {processor.py:840} INFO - DAG(s) 'example_skip_dag' retrieved from /home/airflow/.local/lib/python3.12/site-packages/airflow/example_dags/example_skip_dag.py
[2024-12-22T01:45:52.839+0000] {logging_mixin.py:188} INFO - [2024-12-22T01:45:52.839+0000] {dag.py:3089} INFO - Sync 1 DAGs
[2024-12-22T01:45:52.856+0000] {logging_mixin.py:188} INFO - [2024-12-22T01:45:52.856+0000] {dag.py:3947} INFO - Setting next_dagrun for example_skip_dag to 2024-12-21 00:00:00+00:00, run_after=2024-12-22 00:00:00+00:00
[2024-12-22T01:45:52.867+0000] {processor.py:183} INFO - Processing /home/airflow/.local/lib/python3.12/site-packages/airflow/example_dags/example_skip_dag.py took 0.048 seconds
[2024-12-22T01:46:23.508+0000] {processor.py:161} INFO - Started process (PID=672) to work on /home/airflow/.local/lib/python3.12/site-packages/airflow/example_dags/example_skip_dag.py
[2024-12-22T01:46:23.508+0000] {processor.py:830} INFO - Processing file /home/airflow/.local/lib/python3.12/site-packages/airflow/example_dags/example_skip_dag.py for tasks to queue
[2024-12-22T01:46:23.510+0000] {logging_mixin.py:188} INFO - [2024-12-22T01:46:23.509+0000] {dagbag.py:545} INFO - Filling up the DagBag from /home/airflow/.local/lib/python3.12/site-packages/airflow/example_dags/example_skip_dag.py
[2024-12-22T01:46:23.513+0000] {processor.py:840} INFO - DAG(s) 'example_skip_dag' retrieved from /home/airflow/.local/lib/python3.12/site-packages/airflow/example_dags/example_skip_dag.py
[2024-12-22T01:46:23.564+0000] {logging_mixin.py:188} INFO - [2024-12-22T01:46:23.564+0000] {dag.py:3089} INFO - Sync 1 DAGs
[2024-12-22T01:46:23.573+0000] {logging_mixin.py:188} INFO - [2024-12-22T01:46:23.573+0000] {dag.py:3947} INFO - Setting next_dagrun for example_skip_dag to 2024-12-21 00:00:00+00:00, run_after=2024-12-22 00:00:00+00:00
[2024-12-22T01:46:23.585+0000] {processor.py:183} INFO - Processing /home/airflow/.local/lib/python3.12/site-packages/airflow/example_dags/example_skip_dag.py took 0.080 seconds
[2024-12-22T01:46:53.646+0000] {processor.py:161} INFO - Started process (PID=943) to work on /home/airflow/.local/lib/python3.12/site-packages/airflow/example_dags/example_skip_dag.py
[2024-12-22T01:46:53.647+0000] {processor.py:830} INFO - Processing file /home/airflow/.local/lib/python3.12/site-packages/airflow/example_dags/example_skip_dag.py for tasks to queue
[2024-12-22T01:46:53.648+0000] {logging_mixin.py:188} INFO - [2024-12-22T01:46:53.648+0000] {dagbag.py:545} INFO - Filling up the DagBag from /home/airflow/.local/lib/python3.12/site-packages/airflow/example_dags/example_skip_dag.py
[2024-12-22T01:46:53.651+0000] {processor.py:840} INFO - DAG(s) 'example_skip_dag' retrieved from /home/airflow/.local/lib/python3.12/site-packages/airflow/example_dags/example_skip_dag.py
[2024-12-22T01:46:53.663+0000] {logging_mixin.py:188} INFO - [2024-12-22T01:46:53.663+0000] {dag.py:3089} INFO - Sync 1 DAGs
[2024-12-22T01:46:53.674+0000] {logging_mixin.py:188} INFO - [2024-12-22T01:46:53.674+0000] {dag.py:3947} INFO - Setting next_dagrun for example_skip_dag to 2024-12-21 00:00:00+00:00, run_after=2024-12-22 00:00:00+00:00
[2024-12-22T01:46:53.684+0000] {processor.py:183} INFO - Processing /home/airflow/.local/lib/python3.12/site-packages/airflow/example_dags/example_skip_dag.py took 0.042 seconds
[2024-12-22T01:47:23.805+0000] {processor.py:161} INFO - Started process (PID=1222) to work on /home/airflow/.local/lib/python3.12/site-packages/airflow/example_dags/example_skip_dag.py
[2024-12-22T01:47:23.806+0000] {processor.py:830} INFO - Processing file /home/airflow/.local/lib/python3.12/site-packages/airflow/example_dags/example_skip_dag.py for tasks to queue
[2024-12-22T01:47:23.808+0000] {logging_mixin.py:188} INFO - [2024-12-22T01:47:23.807+0000] {dagbag.py:545} INFO - Filling up the DagBag from /home/airflow/.local/lib/python3.12/site-packages/airflow/example_dags/example_skip_dag.py
[2024-12-22T01:47:23.812+0000] {processor.py:840} INFO - DAG(s) 'example_skip_dag' retrieved from /home/airflow/.local/lib/python3.12/site-packages/airflow/example_dags/example_skip_dag.py
[2024-12-22T01:47:23.826+0000] {logging_mixin.py:188} INFO - [2024-12-22T01:47:23.826+0000] {dag.py:3089} INFO - Sync 1 DAGs
[2024-12-22T01:47:23.838+0000] {logging_mixin.py:188} INFO - [2024-12-22T01:47:23.838+0000] {dag.py:3947} INFO - Setting next_dagrun for example_skip_dag to 2024-12-21 00:00:00+00:00, run_after=2024-12-22 00:00:00+00:00
[2024-12-22T01:47:23.851+0000] {processor.py:183} INFO - Processing /home/airflow/.local/lib/python3.12/site-packages/airflow/example_dags/example_skip_dag.py took 0.051 seconds
[2024-12-22T01:47:54.341+0000] {processor.py:161} INFO - Started process (PID=1498) to work on /home/airflow/.local/lib/python3.12/site-packages/airflow/example_dags/example_skip_dag.py
[2024-12-22T01:47:54.342+0000] {processor.py:830} INFO - Processing file /home/airflow/.local/lib/python3.12/site-packages/airflow/example_dags/example_skip_dag.py for tasks to queue
[2024-12-22T01:47:54.343+0000] {logging_mixin.py:188} INFO - [2024-12-22T01:47:54.343+0000] {dagbag.py:545} INFO - Filling up the DagBag from /home/airflow/.local/lib/python3.12/site-packages/airflow/example_dags/example_skip_dag.py
[2024-12-22T01:47:54.347+0000] {processor.py:840} INFO - DAG(s) 'example_skip_dag' retrieved from /home/airflow/.local/lib/python3.12/site-packages/airflow/example_dags/example_skip_dag.py
[2024-12-22T01:47:54.360+0000] {logging_mixin.py:188} INFO - [2024-12-22T01:47:54.360+0000] {dag.py:3089} INFO - Sync 1 DAGs
[2024-12-22T01:47:54.372+0000] {logging_mixin.py:188} INFO - [2024-12-22T01:47:54.372+0000] {dag.py:3947} INFO - Setting next_dagrun for example_skip_dag to 2024-12-21 00:00:00+00:00, run_after=2024-12-22 00:00:00+00:00
[2024-12-22T01:47:54.382+0000] {processor.py:183} INFO - Processing /home/airflow/.local/lib/python3.12/site-packages/airflow/example_dags/example_skip_dag.py took 0.044 seconds
[2024-12-22T01:48:24.583+0000] {processor.py:161} INFO - Started process (PID=1775) to work on /home/airflow/.local/lib/python3.12/site-packages/airflow/example_dags/example_skip_dag.py
[2024-12-22T01:48:24.584+0000] {processor.py:830} INFO - Processing file /home/airflow/.local/lib/python3.12/site-packages/airflow/example_dags/example_skip_dag.py for tasks to queue
[2024-12-22T01:48:24.585+0000] {logging_mixin.py:188} INFO - [2024-12-22T01:48:24.585+0000] {dagbag.py:545} INFO - Filling up the DagBag from /home/airflow/.local/lib/python3.12/site-packages/airflow/example_dags/example_skip_dag.py
[2024-12-22T01:48:24.589+0000] {processor.py:840} INFO - DAG(s) 'example_skip_dag' retrieved from /home/airflow/.local/lib/python3.12/site-packages/airflow/example_dags/example_skip_dag.py
[2024-12-22T01:48:24.604+0000] {logging_mixin.py:188} INFO - [2024-12-22T01:48:24.604+0000] {dag.py:3089} INFO - Sync 1 DAGs
[2024-12-22T01:48:24.616+0000] {logging_mixin.py:188} INFO - [2024-12-22T01:48:24.616+0000] {dag.py:3947} INFO - Setting next_dagrun for example_skip_dag to 2024-12-21 00:00:00+00:00, run_after=2024-12-22 00:00:00+00:00
[2024-12-22T01:48:24.627+0000] {processor.py:183} INFO - Processing /home/airflow/.local/lib/python3.12/site-packages/airflow/example_dags/example_skip_dag.py took 0.048 seconds
[2024-12-22T01:48:54.881+0000] {processor.py:161} INFO - Started process (PID=2054) to work on /home/airflow/.local/lib/python3.12/site-packages/airflow/example_dags/example_skip_dag.py
[2024-12-22T01:48:54.882+0000] {processor.py:830} INFO - Processing file /home/airflow/.local/lib/python3.12/site-packages/airflow/example_dags/example_skip_dag.py for tasks to queue
[2024-12-22T01:48:54.883+0000] {logging_mixin.py:188} INFO - [2024-12-22T01:48:54.883+0000] {dagbag.py:545} INFO - Filling up the DagBag from /home/airflow/.local/lib/python3.12/site-packages/airflow/example_dags/example_skip_dag.py
[2024-12-22T01:48:54.888+0000] {processor.py:840} INFO - DAG(s) 'example_skip_dag' retrieved from /home/airflow/.local/lib/python3.12/site-packages/airflow/example_dags/example_skip_dag.py
[2024-12-22T01:48:54.903+0000] {logging_mixin.py:188} INFO - [2024-12-22T01:48:54.903+0000] {dag.py:3089} INFO - Sync 1 DAGs
[2024-12-22T01:48:54.916+0000] {logging_mixin.py:188} INFO - [2024-12-22T01:48:54.916+0000] {dag.py:3947} INFO - Setting next_dagrun for example_skip_dag to 2024-12-21 00:00:00+00:00, run_after=2024-12-22 00:00:00+00:00
[2024-12-22T01:48:54.929+0000] {processor.py:183} INFO - Processing /home/airflow/.local/lib/python3.12/site-packages/airflow/example_dags/example_skip_dag.py took 0.052 seconds
[2024-12-22T01:49:25.511+0000] {processor.py:161} INFO - Started process (PID=2329) to work on /home/airflow/.local/lib/python3.12/site-packages/airflow/example_dags/example_skip_dag.py
[2024-12-22T01:49:25.512+0000] {processor.py:830} INFO - Processing file /home/airflow/.local/lib/python3.12/site-packages/airflow/example_dags/example_skip_dag.py for tasks to queue
[2024-12-22T01:49:25.513+0000] {logging_mixin.py:188} INFO - [2024-12-22T01:49:25.513+0000] {dagbag.py:545} INFO - Filling up the DagBag from /home/airflow/.local/lib/python3.12/site-packages/airflow/example_dags/example_skip_dag.py
[2024-12-22T01:49:25.518+0000] {processor.py:840} INFO - DAG(s) 'example_skip_dag' retrieved from /home/airflow/.local/lib/python3.12/site-packages/airflow/example_dags/example_skip_dag.py
[2024-12-22T01:49:25.533+0000] {logging_mixin.py:188} INFO - [2024-12-22T01:49:25.533+0000] {dag.py:3089} INFO - Sync 1 DAGs
[2024-12-22T01:49:25.546+0000] {logging_mixin.py:188} INFO - [2024-12-22T01:49:25.546+0000] {dag.py:3947} INFO - Setting next_dagrun for example_skip_dag to 2024-12-21 00:00:00+00:00, run_after=2024-12-22 00:00:00+00:00
[2024-12-22T01:49:25.558+0000] {processor.py:183} INFO - Processing /home/airflow/.local/lib/python3.12/site-packages/airflow/example_dags/example_skip_dag.py took 0.052 seconds
[2024-12-22T01:49:55.713+0000] {processor.py:161} INFO - Started process (PID=2606) to work on /home/airflow/.local/lib/python3.12/site-packages/airflow/example_dags/example_skip_dag.py
[2024-12-22T01:49:55.714+0000] {processor.py:830} INFO - Processing file /home/airflow/.local/lib/python3.12/site-packages/airflow/example_dags/example_skip_dag.py for tasks to queue
[2024-12-22T01:49:55.715+0000] {logging_mixin.py:188} INFO - [2024-12-22T01:49:55.715+0000] {dagbag.py:545} INFO - Filling up the DagBag from /home/airflow/.local/lib/python3.12/site-packages/airflow/example_dags/example_skip_dag.py
[2024-12-22T01:49:55.719+0000] {processor.py:840} INFO - DAG(s) 'example_skip_dag' retrieved from /home/airflow/.local/lib/python3.12/site-packages/airflow/example_dags/example_skip_dag.py
[2024-12-22T01:49:55.731+0000] {logging_mixin.py:188} INFO - [2024-12-22T01:49:55.731+0000] {dag.py:3089} INFO - Sync 1 DAGs
[2024-12-22T01:49:55.743+0000] {logging_mixin.py:188} INFO - [2024-12-22T01:49:55.743+0000] {dag.py:3947} INFO - Setting next_dagrun for example_skip_dag to 2024-12-21 00:00:00+00:00, run_after=2024-12-22 00:00:00+00:00
[2024-12-22T01:49:55.752+0000] {processor.py:183} INFO - Processing /home/airflow/.local/lib/python3.12/site-packages/airflow/example_dags/example_skip_dag.py took 0.043 seconds
[2024-12-22T01:50:26.607+0000] {processor.py:161} INFO - Started process (PID=2885) to work on /home/airflow/.local/lib/python3.12/site-packages/airflow/example_dags/example_skip_dag.py
[2024-12-22T01:50:26.608+0000] {processor.py:830} INFO - Processing file /home/airflow/.local/lib/python3.12/site-packages/airflow/example_dags/example_skip_dag.py for tasks to queue
[2024-12-22T01:50:26.609+0000] {logging_mixin.py:188} INFO - [2024-12-22T01:50:26.609+0000] {dagbag.py:545} INFO - Filling up the DagBag from /home/airflow/.local/lib/python3.12/site-packages/airflow/example_dags/example_skip_dag.py
[2024-12-22T01:50:26.613+0000] {processor.py:840} INFO - DAG(s) 'example_skip_dag' retrieved from /home/airflow/.local/lib/python3.12/site-packages/airflow/example_dags/example_skip_dag.py
[2024-12-22T01:50:26.626+0000] {logging_mixin.py:188} INFO - [2024-12-22T01:50:26.626+0000] {dag.py:3089} INFO - Sync 1 DAGs
[2024-12-22T01:50:26.638+0000] {logging_mixin.py:188} INFO - [2024-12-22T01:50:26.638+0000] {dag.py:3947} INFO - Setting next_dagrun for example_skip_dag to 2024-12-21 00:00:00+00:00, run_after=2024-12-22 00:00:00+00:00
[2024-12-22T01:50:26.647+0000] {processor.py:183} INFO - Processing /home/airflow/.local/lib/python3.12/site-packages/airflow/example_dags/example_skip_dag.py took 0.043 seconds
[2024-12-22T01:50:59.610+0000] {processor.py:161} INFO - Started process (PID=3162) to work on /home/airflow/.local/lib/python3.12/site-packages/airflow/example_dags/example_skip_dag.py
[2024-12-22T01:50:59.610+0000] {processor.py:830} INFO - Processing file /home/airflow/.local/lib/python3.12/site-packages/airflow/example_dags/example_skip_dag.py for tasks to queue
[2024-12-22T01:50:59.611+0000] {logging_mixin.py:188} INFO - [2024-12-22T01:50:59.611+0000] {dagbag.py:545} INFO - Filling up the DagBag from /home/airflow/.local/lib/python3.12/site-packages/airflow/example_dags/example_skip_dag.py
[2024-12-22T01:50:59.615+0000] {processor.py:840} INFO - DAG(s) 'example_skip_dag' retrieved from /home/airflow/.local/lib/python3.12/site-packages/airflow/example_dags/example_skip_dag.py
[2024-12-22T01:50:59.628+0000] {logging_mixin.py:188} INFO - [2024-12-22T01:50:59.628+0000] {dag.py:3089} INFO - Sync 1 DAGs
[2024-12-22T01:50:59.639+0000] {logging_mixin.py:188} INFO - [2024-12-22T01:50:59.639+0000] {dag.py:3947} INFO - Setting next_dagrun for example_skip_dag to 2024-12-21 00:00:00+00:00, run_after=2024-12-22 00:00:00+00:00
[2024-12-22T01:50:59.649+0000] {processor.py:183} INFO - Processing /home/airflow/.local/lib/python3.12/site-packages/airflow/example_dags/example_skip_dag.py took 0.043 seconds
[2024-12-22T01:51:32.888+0000] {processor.py:161} INFO - Started process (PID=3437) to work on /home/airflow/.local/lib/python3.12/site-packages/airflow/example_dags/example_skip_dag.py
[2024-12-22T01:51:32.889+0000] {processor.py:830} INFO - Processing file /home/airflow/.local/lib/python3.12/site-packages/airflow/example_dags/example_skip_dag.py for tasks to queue
[2024-12-22T01:51:32.891+0000] {logging_mixin.py:188} INFO - [2024-12-22T01:51:32.890+0000] {dagbag.py:545} INFO - Filling up the DagBag from /home/airflow/.local/lib/python3.12/site-packages/airflow/example_dags/example_skip_dag.py
[2024-12-22T01:51:32.896+0000] {processor.py:840} INFO - DAG(s) 'example_skip_dag' retrieved from /home/airflow/.local/lib/python3.12/site-packages/airflow/example_dags/example_skip_dag.py
[2024-12-22T01:51:32.912+0000] {logging_mixin.py:188} INFO - [2024-12-22T01:51:32.912+0000] {dag.py:3089} INFO - Sync 1 DAGs
[2024-12-22T01:51:32.924+0000] {logging_mixin.py:188} INFO - [2024-12-22T01:51:32.924+0000] {dag.py:3947} INFO - Setting next_dagrun for example_skip_dag to 2024-12-21 00:00:00+00:00, run_after=2024-12-22 00:00:00+00:00
[2024-12-22T01:51:32.936+0000] {processor.py:183} INFO - Processing /home/airflow/.local/lib/python3.12/site-packages/airflow/example_dags/example_skip_dag.py took 0.052 seconds
[2024-12-22T01:52:03.291+0000] {processor.py:161} INFO - Started process (PID=3714) to work on /home/airflow/.local/lib/python3.12/site-packages/airflow/example_dags/example_skip_dag.py
[2024-12-22T01:52:03.291+0000] {processor.py:830} INFO - Processing file /home/airflow/.local/lib/python3.12/site-packages/airflow/example_dags/example_skip_dag.py for tasks to queue
[2024-12-22T01:52:03.293+0000] {logging_mixin.py:188} INFO - [2024-12-22T01:52:03.292+0000] {dagbag.py:545} INFO - Filling up the DagBag from /home/airflow/.local/lib/python3.12/site-packages/airflow/example_dags/example_skip_dag.py
[2024-12-22T01:52:03.297+0000] {processor.py:840} INFO - DAG(s) 'example_skip_dag' retrieved from /home/airflow/.local/lib/python3.12/site-packages/airflow/example_dags/example_skip_dag.py
[2024-12-22T01:52:03.310+0000] {logging_mixin.py:188} INFO - [2024-12-22T01:52:03.310+0000] {dag.py:3089} INFO - Sync 1 DAGs
[2024-12-22T01:52:03.322+0000] {logging_mixin.py:188} INFO - [2024-12-22T01:52:03.322+0000] {dag.py:3947} INFO - Setting next_dagrun for example_skip_dag to 2024-12-21 00:00:00+00:00, run_after=2024-12-22 00:00:00+00:00
[2024-12-22T01:52:03.334+0000] {processor.py:183} INFO - Processing /home/airflow/.local/lib/python3.12/site-packages/airflow/example_dags/example_skip_dag.py took 0.047 seconds
[2024-12-22T01:52:33.702+0000] {processor.py:161} INFO - Started process (PID=3991) to work on /home/airflow/.local/lib/python3.12/site-packages/airflow/example_dags/example_skip_dag.py
[2024-12-22T01:52:33.703+0000] {processor.py:830} INFO - Processing file /home/airflow/.local/lib/python3.12/site-packages/airflow/example_dags/example_skip_dag.py for tasks to queue
[2024-12-22T01:52:33.704+0000] {logging_mixin.py:188} INFO - [2024-12-22T01:52:33.704+0000] {dagbag.py:545} INFO - Filling up the DagBag from /home/airflow/.local/lib/python3.12/site-packages/airflow/example_dags/example_skip_dag.py
[2024-12-22T01:52:33.709+0000] {processor.py:840} INFO - DAG(s) 'example_skip_dag' retrieved from /home/airflow/.local/lib/python3.12/site-packages/airflow/example_dags/example_skip_dag.py
[2024-12-22T01:52:33.724+0000] {logging_mixin.py:188} INFO - [2024-12-22T01:52:33.723+0000] {dag.py:3089} INFO - Sync 1 DAGs
[2024-12-22T01:52:33.738+0000] {logging_mixin.py:188} INFO - [2024-12-22T01:52:33.737+0000] {dag.py:3947} INFO - Setting next_dagrun for example_skip_dag to 2024-12-21 00:00:00+00:00, run_after=2024-12-22 00:00:00+00:00
[2024-12-22T01:52:33.748+0000] {processor.py:183} INFO - Processing /home/airflow/.local/lib/python3.12/site-packages/airflow/example_dags/example_skip_dag.py took 0.050 seconds
[2024-12-22T01:53:04.730+0000] {processor.py:161} INFO - Started process (PID=4268) to work on /home/airflow/.local/lib/python3.12/site-packages/airflow/example_dags/example_skip_dag.py
[2024-12-22T01:53:04.731+0000] {processor.py:830} INFO - Processing file /home/airflow/.local/lib/python3.12/site-packages/airflow/example_dags/example_skip_dag.py for tasks to queue
[2024-12-22T01:53:04.733+0000] {logging_mixin.py:188} INFO - [2024-12-22T01:53:04.732+0000] {dagbag.py:545} INFO - Filling up the DagBag from /home/airflow/.local/lib/python3.12/site-packages/airflow/example_dags/example_skip_dag.py
[2024-12-22T01:53:04.737+0000] {processor.py:840} INFO - DAG(s) 'example_skip_dag' retrieved from /home/airflow/.local/lib/python3.12/site-packages/airflow/example_dags/example_skip_dag.py
[2024-12-22T01:53:04.750+0000] {logging_mixin.py:188} INFO - [2024-12-22T01:53:04.750+0000] {dag.py:3089} INFO - Sync 1 DAGs
[2024-12-22T01:53:04.761+0000] {logging_mixin.py:188} INFO - [2024-12-22T01:53:04.761+0000] {dag.py:3947} INFO - Setting next_dagrun for example_skip_dag to 2024-12-21 00:00:00+00:00, run_after=2024-12-22 00:00:00+00:00
[2024-12-22T01:53:04.772+0000] {processor.py:183} INFO - Processing /home/airflow/.local/lib/python3.12/site-packages/airflow/example_dags/example_skip_dag.py took 0.046 seconds
[2024-12-22T01:53:36.155+0000] {processor.py:161} INFO - Started process (PID=4545) to work on /home/airflow/.local/lib/python3.12/site-packages/airflow/example_dags/example_skip_dag.py
[2024-12-22T01:53:36.156+0000] {processor.py:830} INFO - Processing file /home/airflow/.local/lib/python3.12/site-packages/airflow/example_dags/example_skip_dag.py for tasks to queue
[2024-12-22T01:53:36.157+0000] {logging_mixin.py:188} INFO - [2024-12-22T01:53:36.157+0000] {dagbag.py:545} INFO - Filling up the DagBag from /home/airflow/.local/lib/python3.12/site-packages/airflow/example_dags/example_skip_dag.py
[2024-12-22T01:53:36.162+0000] {processor.py:840} INFO - DAG(s) 'example_skip_dag' retrieved from /home/airflow/.local/lib/python3.12/site-packages/airflow/example_dags/example_skip_dag.py
[2024-12-22T01:53:36.175+0000] {logging_mixin.py:188} INFO - [2024-12-22T01:53:36.175+0000] {dag.py:3089} INFO - Sync 1 DAGs
[2024-12-22T01:53:36.187+0000] {logging_mixin.py:188} INFO - [2024-12-22T01:53:36.187+0000] {dag.py:3947} INFO - Setting next_dagrun for example_skip_dag to 2024-12-21 00:00:00+00:00, run_after=2024-12-22 00:00:00+00:00
[2024-12-22T01:53:36.197+0000] {processor.py:183} INFO - Processing /home/airflow/.local/lib/python3.12/site-packages/airflow/example_dags/example_skip_dag.py took 0.046 seconds
[2024-12-22T01:54:08.289+0000] {processor.py:161} INFO - Started process (PID=4825) to work on /home/airflow/.local/lib/python3.12/site-packages/airflow/example_dags/example_skip_dag.py
[2024-12-22T01:54:08.290+0000] {processor.py:830} INFO - Processing file /home/airflow/.local/lib/python3.12/site-packages/airflow/example_dags/example_skip_dag.py for tasks to queue
[2024-12-22T01:54:08.291+0000] {logging_mixin.py:188} INFO - [2024-12-22T01:54:08.291+0000] {dagbag.py:545} INFO - Filling up the DagBag from /home/airflow/.local/lib/python3.12/site-packages/airflow/example_dags/example_skip_dag.py
[2024-12-22T01:54:08.296+0000] {processor.py:840} INFO - DAG(s) 'example_skip_dag' retrieved from /home/airflow/.local/lib/python3.12/site-packages/airflow/example_dags/example_skip_dag.py
[2024-12-22T01:54:08.309+0000] {logging_mixin.py:188} INFO - [2024-12-22T01:54:08.309+0000] {dag.py:3089} INFO - Sync 1 DAGs
[2024-12-22T01:54:08.320+0000] {logging_mixin.py:188} INFO - [2024-12-22T01:54:08.320+0000] {dag.py:3947} INFO - Setting next_dagrun for example_skip_dag to 2024-12-21 00:00:00+00:00, run_after=2024-12-22 00:00:00+00:00
[2024-12-22T01:54:08.330+0000] {processor.py:183} INFO - Processing /home/airflow/.local/lib/python3.12/site-packages/airflow/example_dags/example_skip_dag.py took 0.044 seconds
[2024-12-22T01:54:41.174+0000] {processor.py:161} INFO - Started process (PID=5100) to work on /home/airflow/.local/lib/python3.12/site-packages/airflow/example_dags/example_skip_dag.py
[2024-12-22T01:54:41.175+0000] {processor.py:830} INFO - Processing file /home/airflow/.local/lib/python3.12/site-packages/airflow/example_dags/example_skip_dag.py for tasks to queue
[2024-12-22T01:54:41.176+0000] {logging_mixin.py:188} INFO - [2024-12-22T01:54:41.176+0000] {dagbag.py:545} INFO - Filling up the DagBag from /home/airflow/.local/lib/python3.12/site-packages/airflow/example_dags/example_skip_dag.py
[2024-12-22T01:54:41.180+0000] {processor.py:840} INFO - DAG(s) 'example_skip_dag' retrieved from /home/airflow/.local/lib/python3.12/site-packages/airflow/example_dags/example_skip_dag.py
[2024-12-22T01:54:41.193+0000] {logging_mixin.py:188} INFO - [2024-12-22T01:54:41.193+0000] {dag.py:3089} INFO - Sync 1 DAGs
[2024-12-22T01:54:41.204+0000] {logging_mixin.py:188} INFO - [2024-12-22T01:54:41.204+0000] {dag.py:3947} INFO - Setting next_dagrun for example_skip_dag to 2024-12-21 00:00:00+00:00, run_after=2024-12-22 00:00:00+00:00
[2024-12-22T01:54:41.214+0000] {processor.py:183} INFO - Processing /home/airflow/.local/lib/python3.12/site-packages/airflow/example_dags/example_skip_dag.py took 0.044 seconds
[2024-12-22T01:55:14.250+0000] {processor.py:161} INFO - Started process (PID=5377) to work on /home/airflow/.local/lib/python3.12/site-packages/airflow/example_dags/example_skip_dag.py
[2024-12-22T01:55:14.251+0000] {processor.py:830} INFO - Processing file /home/airflow/.local/lib/python3.12/site-packages/airflow/example_dags/example_skip_dag.py for tasks to queue
[2024-12-22T01:55:14.252+0000] {logging_mixin.py:188} INFO - [2024-12-22T01:55:14.252+0000] {dagbag.py:545} INFO - Filling up the DagBag from /home/airflow/.local/lib/python3.12/site-packages/airflow/example_dags/example_skip_dag.py
[2024-12-22T01:55:14.256+0000] {processor.py:840} INFO - DAG(s) 'example_skip_dag' retrieved from /home/airflow/.local/lib/python3.12/site-packages/airflow/example_dags/example_skip_dag.py
[2024-12-22T01:55:14.269+0000] {logging_mixin.py:188} INFO - [2024-12-22T01:55:14.269+0000] {dag.py:3089} INFO - Sync 1 DAGs
[2024-12-22T01:55:14.281+0000] {logging_mixin.py:188} INFO - [2024-12-22T01:55:14.281+0000] {dag.py:3947} INFO - Setting next_dagrun for example_skip_dag to 2024-12-21 00:00:00+00:00, run_after=2024-12-22 00:00:00+00:00
[2024-12-22T01:55:14.296+0000] {processor.py:183} INFO - Processing /home/airflow/.local/lib/python3.12/site-packages/airflow/example_dags/example_skip_dag.py took 0.049 seconds
[2024-12-22T01:55:44.971+0000] {processor.py:161} INFO - Started process (PID=5656) to work on /home/airflow/.local/lib/python3.12/site-packages/airflow/example_dags/example_skip_dag.py
[2024-12-22T01:55:44.972+0000] {processor.py:830} INFO - Processing file /home/airflow/.local/lib/python3.12/site-packages/airflow/example_dags/example_skip_dag.py for tasks to queue
[2024-12-22T01:55:44.974+0000] {logging_mixin.py:188} INFO - [2024-12-22T01:55:44.974+0000] {dagbag.py:545} INFO - Filling up the DagBag from /home/airflow/.local/lib/python3.12/site-packages/airflow/example_dags/example_skip_dag.py
[2024-12-22T01:55:44.978+0000] {processor.py:840} INFO - DAG(s) 'example_skip_dag' retrieved from /home/airflow/.local/lib/python3.12/site-packages/airflow/example_dags/example_skip_dag.py
[2024-12-22T01:55:44.994+0000] {logging_mixin.py:188} INFO - [2024-12-22T01:55:44.994+0000] {dag.py:3089} INFO - Sync 1 DAGs
[2024-12-22T01:55:45.006+0000] {logging_mixin.py:188} INFO - [2024-12-22T01:55:45.006+0000] {dag.py:3947} INFO - Setting next_dagrun for example_skip_dag to 2024-12-21 00:00:00+00:00, run_after=2024-12-22 00:00:00+00:00
[2024-12-22T01:55:45.016+0000] {processor.py:183} INFO - Processing /home/airflow/.local/lib/python3.12/site-packages/airflow/example_dags/example_skip_dag.py took 0.049 seconds
[2024-12-22T01:56:16.314+0000] {processor.py:161} INFO - Started process (PID=5933) to work on /home/airflow/.local/lib/python3.12/site-packages/airflow/example_dags/example_skip_dag.py
[2024-12-22T01:56:16.315+0000] {processor.py:830} INFO - Processing file /home/airflow/.local/lib/python3.12/site-packages/airflow/example_dags/example_skip_dag.py for tasks to queue
[2024-12-22T01:56:16.316+0000] {logging_mixin.py:188} INFO - [2024-12-22T01:56:16.316+0000] {dagbag.py:545} INFO - Filling up the DagBag from /home/airflow/.local/lib/python3.12/site-packages/airflow/example_dags/example_skip_dag.py
[2024-12-22T01:56:16.320+0000] {processor.py:840} INFO - DAG(s) 'example_skip_dag' retrieved from /home/airflow/.local/lib/python3.12/site-packages/airflow/example_dags/example_skip_dag.py
[2024-12-22T01:56:16.333+0000] {logging_mixin.py:188} INFO - [2024-12-22T01:56:16.333+0000] {dag.py:3089} INFO - Sync 1 DAGs
[2024-12-22T01:56:16.343+0000] {logging_mixin.py:188} INFO - [2024-12-22T01:56:16.343+0000] {dag.py:3947} INFO - Setting next_dagrun for example_skip_dag to 2024-12-21 00:00:00+00:00, run_after=2024-12-22 00:00:00+00:00
[2024-12-22T01:56:16.354+0000] {processor.py:183} INFO - Processing /home/airflow/.local/lib/python3.12/site-packages/airflow/example_dags/example_skip_dag.py took 0.044 seconds
[2024-12-22T01:56:46.658+0000] {processor.py:161} INFO - Started process (PID=6210) to work on /home/airflow/.local/lib/python3.12/site-packages/airflow/example_dags/example_skip_dag.py
[2024-12-22T01:56:46.659+0000] {processor.py:830} INFO - Processing file /home/airflow/.local/lib/python3.12/site-packages/airflow/example_dags/example_skip_dag.py for tasks to queue
[2024-12-22T01:56:46.660+0000] {logging_mixin.py:188} INFO - [2024-12-22T01:56:46.659+0000] {dagbag.py:545} INFO - Filling up the DagBag from /home/airflow/.local/lib/python3.12/site-packages/airflow/example_dags/example_skip_dag.py
[2024-12-22T01:56:46.664+0000] {processor.py:840} INFO - DAG(s) 'example_skip_dag' retrieved from /home/airflow/.local/lib/python3.12/site-packages/airflow/example_dags/example_skip_dag.py
[2024-12-22T01:56:46.677+0000] {logging_mixin.py:188} INFO - [2024-12-22T01:56:46.677+0000] {dag.py:3089} INFO - Sync 1 DAGs
[2024-12-22T01:56:46.688+0000] {logging_mixin.py:188} INFO - [2024-12-22T01:56:46.688+0000] {dag.py:3947} INFO - Setting next_dagrun for example_skip_dag to 2024-12-21 00:00:00+00:00, run_after=2024-12-22 00:00:00+00:00
[2024-12-22T01:56:46.698+0000] {processor.py:183} INFO - Processing /home/airflow/.local/lib/python3.12/site-packages/airflow/example_dags/example_skip_dag.py took 0.044 seconds
[2024-12-22T01:57:17.330+0000] {processor.py:161} INFO - Started process (PID=6486) to work on /home/airflow/.local/lib/python3.12/site-packages/airflow/example_dags/example_skip_dag.py
[2024-12-22T01:57:17.330+0000] {processor.py:830} INFO - Processing file /home/airflow/.local/lib/python3.12/site-packages/airflow/example_dags/example_skip_dag.py for tasks to queue
[2024-12-22T01:57:17.331+0000] {logging_mixin.py:188} INFO - [2024-12-22T01:57:17.331+0000] {dagbag.py:545} INFO - Filling up the DagBag from /home/airflow/.local/lib/python3.12/site-packages/airflow/example_dags/example_skip_dag.py
[2024-12-22T01:57:17.335+0000] {processor.py:840} INFO - DAG(s) 'example_skip_dag' retrieved from /home/airflow/.local/lib/python3.12/site-packages/airflow/example_dags/example_skip_dag.py
[2024-12-22T01:57:17.347+0000] {logging_mixin.py:188} INFO - [2024-12-22T01:57:17.347+0000] {dag.py:3089} INFO - Sync 1 DAGs
[2024-12-22T01:57:17.359+0000] {logging_mixin.py:188} INFO - [2024-12-22T01:57:17.359+0000] {dag.py:3947} INFO - Setting next_dagrun for example_skip_dag to 2024-12-21 00:00:00+00:00, run_after=2024-12-22 00:00:00+00:00
[2024-12-22T01:57:17.369+0000] {processor.py:183} INFO - Processing /home/airflow/.local/lib/python3.12/site-packages/airflow/example_dags/example_skip_dag.py took 0.042 seconds
[2024-12-22T01:57:50.433+0000] {processor.py:161} INFO - Started process (PID=6763) to work on /home/airflow/.local/lib/python3.12/site-packages/airflow/example_dags/example_skip_dag.py
[2024-12-22T01:57:50.434+0000] {processor.py:830} INFO - Processing file /home/airflow/.local/lib/python3.12/site-packages/airflow/example_dags/example_skip_dag.py for tasks to queue
[2024-12-22T01:57:50.435+0000] {logging_mixin.py:188} INFO - [2024-12-22T01:57:50.435+0000] {dagbag.py:545} INFO - Filling up the DagBag from /home/airflow/.local/lib/python3.12/site-packages/airflow/example_dags/example_skip_dag.py
[2024-12-22T01:57:50.440+0000] {processor.py:840} INFO - DAG(s) 'example_skip_dag' retrieved from /home/airflow/.local/lib/python3.12/site-packages/airflow/example_dags/example_skip_dag.py
[2024-12-22T01:57:50.453+0000] {logging_mixin.py:188} INFO - [2024-12-22T01:57:50.453+0000] {dag.py:3089} INFO - Sync 1 DAGs
[2024-12-22T01:57:50.464+0000] {logging_mixin.py:188} INFO - [2024-12-22T01:57:50.464+0000] {dag.py:3947} INFO - Setting next_dagrun for example_skip_dag to 2024-12-21 00:00:00+00:00, run_after=2024-12-22 00:00:00+00:00
[2024-12-22T01:57:50.474+0000] {processor.py:183} INFO - Processing /home/airflow/.local/lib/python3.12/site-packages/airflow/example_dags/example_skip_dag.py took 0.045 seconds
[2024-12-22T01:58:22.609+0000] {processor.py:161} INFO - Started process (PID=7040) to work on /home/airflow/.local/lib/python3.12/site-packages/airflow/example_dags/example_skip_dag.py
[2024-12-22T01:58:22.609+0000] {processor.py:830} INFO - Processing file /home/airflow/.local/lib/python3.12/site-packages/airflow/example_dags/example_skip_dag.py for tasks to queue
[2024-12-22T01:58:22.610+0000] {logging_mixin.py:188} INFO - [2024-12-22T01:58:22.610+0000] {dagbag.py:545} INFO - Filling up the DagBag from /home/airflow/.local/lib/python3.12/site-packages/airflow/example_dags/example_skip_dag.py
[2024-12-22T01:58:22.614+0000] {processor.py:840} INFO - DAG(s) 'example_skip_dag' retrieved from /home/airflow/.local/lib/python3.12/site-packages/airflow/example_dags/example_skip_dag.py
[2024-12-22T01:58:22.631+0000] {logging_mixin.py:188} INFO - [2024-12-22T01:58:22.631+0000] {dag.py:3089} INFO - Sync 1 DAGs
[2024-12-22T01:58:22.643+0000] {logging_mixin.py:188} INFO - [2024-12-22T01:58:22.643+0000] {dag.py:3947} INFO - Setting next_dagrun for example_skip_dag to 2024-12-21 00:00:00+00:00, run_after=2024-12-22 00:00:00+00:00
[2024-12-22T01:58:22.653+0000] {processor.py:183} INFO - Processing /home/airflow/.local/lib/python3.12/site-packages/airflow/example_dags/example_skip_dag.py took 0.048 seconds
[2024-12-22T01:58:55.725+0000] {processor.py:161} INFO - Started process (PID=7319) to work on /home/airflow/.local/lib/python3.12/site-packages/airflow/example_dags/example_skip_dag.py
[2024-12-22T01:58:55.726+0000] {processor.py:830} INFO - Processing file /home/airflow/.local/lib/python3.12/site-packages/airflow/example_dags/example_skip_dag.py for tasks to queue
[2024-12-22T01:58:55.727+0000] {logging_mixin.py:188} INFO - [2024-12-22T01:58:55.727+0000] {dagbag.py:545} INFO - Filling up the DagBag from /home/airflow/.local/lib/python3.12/site-packages/airflow/example_dags/example_skip_dag.py
[2024-12-22T01:58:55.732+0000] {processor.py:840} INFO - DAG(s) 'example_skip_dag' retrieved from /home/airflow/.local/lib/python3.12/site-packages/airflow/example_dags/example_skip_dag.py
[2024-12-22T01:58:55.745+0000] {logging_mixin.py:188} INFO - [2024-12-22T01:58:55.745+0000] {dag.py:3089} INFO - Sync 1 DAGs
[2024-12-22T01:58:55.757+0000] {logging_mixin.py:188} INFO - [2024-12-22T01:58:55.757+0000] {dag.py:3947} INFO - Setting next_dagrun for example_skip_dag to 2024-12-21 00:00:00+00:00, run_after=2024-12-22 00:00:00+00:00
[2024-12-22T01:58:55.768+0000] {processor.py:183} INFO - Processing /home/airflow/.local/lib/python3.12/site-packages/airflow/example_dags/example_skip_dag.py took 0.046 seconds
[2024-12-22T01:59:26.700+0000] {processor.py:161} INFO - Started process (PID=7594) to work on /home/airflow/.local/lib/python3.12/site-packages/airflow/example_dags/example_skip_dag.py
[2024-12-22T01:59:26.700+0000] {processor.py:830} INFO - Processing file /home/airflow/.local/lib/python3.12/site-packages/airflow/example_dags/example_skip_dag.py for tasks to queue
[2024-12-22T01:59:26.702+0000] {logging_mixin.py:188} INFO - [2024-12-22T01:59:26.702+0000] {dagbag.py:545} INFO - Filling up the DagBag from /home/airflow/.local/lib/python3.12/site-packages/airflow/example_dags/example_skip_dag.py
[2024-12-22T01:59:26.706+0000] {processor.py:840} INFO - DAG(s) 'example_skip_dag' retrieved from /home/airflow/.local/lib/python3.12/site-packages/airflow/example_dags/example_skip_dag.py
[2024-12-22T01:59:26.719+0000] {logging_mixin.py:188} INFO - [2024-12-22T01:59:26.719+0000] {dag.py:3089} INFO - Sync 1 DAGs
[2024-12-22T01:59:26.732+0000] {logging_mixin.py:188} INFO - [2024-12-22T01:59:26.732+0000] {dag.py:3947} INFO - Setting next_dagrun for example_skip_dag to 2024-12-21 00:00:00+00:00, run_after=2024-12-22 00:00:00+00:00
[2024-12-22T01:59:26.743+0000] {processor.py:183} INFO - Processing /home/airflow/.local/lib/python3.12/site-packages/airflow/example_dags/example_skip_dag.py took 0.047 seconds
[2024-12-22T01:59:57.307+0000] {processor.py:161} INFO - Started process (PID=7871) to work on /home/airflow/.local/lib/python3.12/site-packages/airflow/example_dags/example_skip_dag.py
[2024-12-22T01:59:57.308+0000] {processor.py:830} INFO - Processing file /home/airflow/.local/lib/python3.12/site-packages/airflow/example_dags/example_skip_dag.py for tasks to queue
[2024-12-22T01:59:57.309+0000] {logging_mixin.py:188} INFO - [2024-12-22T01:59:57.309+0000] {dagbag.py:545} INFO - Filling up the DagBag from /home/airflow/.local/lib/python3.12/site-packages/airflow/example_dags/example_skip_dag.py
[2024-12-22T01:59:57.313+0000] {processor.py:840} INFO - DAG(s) 'example_skip_dag' retrieved from /home/airflow/.local/lib/python3.12/site-packages/airflow/example_dags/example_skip_dag.py
[2024-12-22T01:59:57.326+0000] {logging_mixin.py:188} INFO - [2024-12-22T01:59:57.326+0000] {dag.py:3089} INFO - Sync 1 DAGs
[2024-12-22T01:59:57.338+0000] {logging_mixin.py:188} INFO - [2024-12-22T01:59:57.338+0000] {dag.py:3947} INFO - Setting next_dagrun for example_skip_dag to 2024-12-21 00:00:00+00:00, run_after=2024-12-22 00:00:00+00:00
[2024-12-22T01:59:57.349+0000] {processor.py:183} INFO - Processing /home/airflow/.local/lib/python3.12/site-packages/airflow/example_dags/example_skip_dag.py took 0.046 seconds
[2024-12-22T02:00:28.411+0000] {processor.py:161} INFO - Started process (PID=8148) to work on /home/airflow/.local/lib/python3.12/site-packages/airflow/example_dags/example_skip_dag.py
[2024-12-22T02:00:28.411+0000] {processor.py:830} INFO - Processing file /home/airflow/.local/lib/python3.12/site-packages/airflow/example_dags/example_skip_dag.py for tasks to queue
[2024-12-22T02:00:28.413+0000] {logging_mixin.py:188} INFO - [2024-12-22T02:00:28.412+0000] {dagbag.py:545} INFO - Filling up the DagBag from /home/airflow/.local/lib/python3.12/site-packages/airflow/example_dags/example_skip_dag.py
[2024-12-22T02:00:28.417+0000] {processor.py:840} INFO - DAG(s) 'example_skip_dag' retrieved from /home/airflow/.local/lib/python3.12/site-packages/airflow/example_dags/example_skip_dag.py
[2024-12-22T02:00:28.431+0000] {logging_mixin.py:188} INFO - [2024-12-22T02:00:28.431+0000] {dag.py:3089} INFO - Sync 1 DAGs
[2024-12-22T02:00:28.443+0000] {logging_mixin.py:188} INFO - [2024-12-22T02:00:28.442+0000] {dag.py:3947} INFO - Setting next_dagrun for example_skip_dag to 2024-12-21 00:00:00+00:00, run_after=2024-12-22 00:00:00+00:00
[2024-12-22T02:00:28.455+0000] {processor.py:183} INFO - Processing /home/airflow/.local/lib/python3.12/site-packages/airflow/example_dags/example_skip_dag.py took 0.048 seconds
[2024-12-22T02:00:58.914+0000] {processor.py:161} INFO - Started process (PID=8425) to work on /home/airflow/.local/lib/python3.12/site-packages/airflow/example_dags/example_skip_dag.py
[2024-12-22T02:00:58.915+0000] {processor.py:830} INFO - Processing file /home/airflow/.local/lib/python3.12/site-packages/airflow/example_dags/example_skip_dag.py for tasks to queue
[2024-12-22T02:00:58.916+0000] {logging_mixin.py:188} INFO - [2024-12-22T02:00:58.916+0000] {dagbag.py:545} INFO - Filling up the DagBag from /home/airflow/.local/lib/python3.12/site-packages/airflow/example_dags/example_skip_dag.py
[2024-12-22T02:00:58.920+0000] {processor.py:840} INFO - DAG(s) 'example_skip_dag' retrieved from /home/airflow/.local/lib/python3.12/site-packages/airflow/example_dags/example_skip_dag.py
[2024-12-22T02:00:58.932+0000] {logging_mixin.py:188} INFO - [2024-12-22T02:00:58.932+0000] {dag.py:3089} INFO - Sync 1 DAGs
[2024-12-22T02:00:58.943+0000] {logging_mixin.py:188} INFO - [2024-12-22T02:00:58.943+0000] {dag.py:3947} INFO - Setting next_dagrun for example_skip_dag to 2024-12-21 00:00:00+00:00, run_after=2024-12-22 00:00:00+00:00
[2024-12-22T02:00:58.954+0000] {processor.py:183} INFO - Processing /home/airflow/.local/lib/python3.12/site-packages/airflow/example_dags/example_skip_dag.py took 0.043 seconds
[2024-12-22T02:01:31.823+0000] {processor.py:161} INFO - Started process (PID=8704) to work on /home/airflow/.local/lib/python3.12/site-packages/airflow/example_dags/example_skip_dag.py
[2024-12-22T02:01:31.824+0000] {processor.py:830} INFO - Processing file /home/airflow/.local/lib/python3.12/site-packages/airflow/example_dags/example_skip_dag.py for tasks to queue
[2024-12-22T02:01:31.826+0000] {logging_mixin.py:188} INFO - [2024-12-22T02:01:31.825+0000] {dagbag.py:545} INFO - Filling up the DagBag from /home/airflow/.local/lib/python3.12/site-packages/airflow/example_dags/example_skip_dag.py
[2024-12-22T02:01:31.829+0000] {processor.py:840} INFO - DAG(s) 'example_skip_dag' retrieved from /home/airflow/.local/lib/python3.12/site-packages/airflow/example_dags/example_skip_dag.py
[2024-12-22T02:01:31.842+0000] {logging_mixin.py:188} INFO - [2024-12-22T02:01:31.842+0000] {dag.py:3089} INFO - Sync 1 DAGs
[2024-12-22T02:01:31.853+0000] {logging_mixin.py:188} INFO - [2024-12-22T02:01:31.852+0000] {dag.py:3947} INFO - Setting next_dagrun for example_skip_dag to 2024-12-21 00:00:00+00:00, run_after=2024-12-22 00:00:00+00:00
[2024-12-22T02:01:31.862+0000] {processor.py:183} INFO - Processing /home/airflow/.local/lib/python3.12/site-packages/airflow/example_dags/example_skip_dag.py took 0.042 seconds
[2024-12-22T02:02:04.875+0000] {processor.py:161} INFO - Started process (PID=8979) to work on /home/airflow/.local/lib/python3.12/site-packages/airflow/example_dags/example_skip_dag.py
[2024-12-22T02:02:04.876+0000] {processor.py:830} INFO - Processing file /home/airflow/.local/lib/python3.12/site-packages/airflow/example_dags/example_skip_dag.py for tasks to queue
[2024-12-22T02:02:04.877+0000] {logging_mixin.py:188} INFO - [2024-12-22T02:02:04.877+0000] {dagbag.py:545} INFO - Filling up the DagBag from /home/airflow/.local/lib/python3.12/site-packages/airflow/example_dags/example_skip_dag.py
[2024-12-22T02:02:04.880+0000] {processor.py:840} INFO - DAG(s) 'example_skip_dag' retrieved from /home/airflow/.local/lib/python3.12/site-packages/airflow/example_dags/example_skip_dag.py
[2024-12-22T02:02:04.892+0000] {logging_mixin.py:188} INFO - [2024-12-22T02:02:04.892+0000] {dag.py:3089} INFO - Sync 1 DAGs
[2024-12-22T02:02:04.903+0000] {logging_mixin.py:188} INFO - [2024-12-22T02:02:04.903+0000] {dag.py:3947} INFO - Setting next_dagrun for example_skip_dag to 2024-12-21 00:00:00+00:00, run_after=2024-12-22 00:00:00+00:00
[2024-12-22T02:02:04.914+0000] {processor.py:183} INFO - Processing /home/airflow/.local/lib/python3.12/site-packages/airflow/example_dags/example_skip_dag.py took 0.043 seconds
[2024-12-22T02:02:36.910+0000] {processor.py:161} INFO - Started process (PID=9256) to work on /home/airflow/.local/lib/python3.12/site-packages/airflow/example_dags/example_skip_dag.py
[2024-12-22T02:02:36.911+0000] {processor.py:830} INFO - Processing file /home/airflow/.local/lib/python3.12/site-packages/airflow/example_dags/example_skip_dag.py for tasks to queue
[2024-12-22T02:02:36.912+0000] {logging_mixin.py:188} INFO - [2024-12-22T02:02:36.912+0000] {dagbag.py:545} INFO - Filling up the DagBag from /home/airflow/.local/lib/python3.12/site-packages/airflow/example_dags/example_skip_dag.py
[2024-12-22T02:02:36.916+0000] {processor.py:840} INFO - DAG(s) 'example_skip_dag' retrieved from /home/airflow/.local/lib/python3.12/site-packages/airflow/example_dags/example_skip_dag.py
[2024-12-22T02:02:36.931+0000] {logging_mixin.py:188} INFO - [2024-12-22T02:02:36.930+0000] {dag.py:3089} INFO - Sync 1 DAGs
[2024-12-22T02:02:36.943+0000] {logging_mixin.py:188} INFO - [2024-12-22T02:02:36.943+0000] {dag.py:3947} INFO - Setting next_dagrun for example_skip_dag to 2024-12-21 00:00:00+00:00, run_after=2024-12-22 00:00:00+00:00
[2024-12-22T02:02:36.955+0000] {processor.py:183} INFO - Processing /home/airflow/.local/lib/python3.12/site-packages/airflow/example_dags/example_skip_dag.py took 0.049 seconds
[2024-12-22T02:03:08.301+0000] {processor.py:161} INFO - Started process (PID=9533) to work on /home/airflow/.local/lib/python3.12/site-packages/airflow/example_dags/example_skip_dag.py
[2024-12-22T02:03:08.302+0000] {processor.py:830} INFO - Processing file /home/airflow/.local/lib/python3.12/site-packages/airflow/example_dags/example_skip_dag.py for tasks to queue
[2024-12-22T02:03:08.303+0000] {logging_mixin.py:188} INFO - [2024-12-22T02:03:08.303+0000] {dagbag.py:545} INFO - Filling up the DagBag from /home/airflow/.local/lib/python3.12/site-packages/airflow/example_dags/example_skip_dag.py
[2024-12-22T02:03:08.307+0000] {processor.py:840} INFO - DAG(s) 'example_skip_dag' retrieved from /home/airflow/.local/lib/python3.12/site-packages/airflow/example_dags/example_skip_dag.py
[2024-12-22T02:03:08.321+0000] {logging_mixin.py:188} INFO - [2024-12-22T02:03:08.321+0000] {dag.py:3089} INFO - Sync 1 DAGs
[2024-12-22T02:03:08.335+0000] {logging_mixin.py:188} INFO - [2024-12-22T02:03:08.335+0000] {dag.py:3947} INFO - Setting next_dagrun for example_skip_dag to 2024-12-21 00:00:00+00:00, run_after=2024-12-22 00:00:00+00:00
[2024-12-22T02:03:08.346+0000] {processor.py:183} INFO - Processing /home/airflow/.local/lib/python3.12/site-packages/airflow/example_dags/example_skip_dag.py took 0.049 seconds
[2024-12-22T02:03:38.973+0000] {processor.py:161} INFO - Started process (PID=9812) to work on /home/airflow/.local/lib/python3.12/site-packages/airflow/example_dags/example_skip_dag.py
[2024-12-22T02:03:38.973+0000] {processor.py:830} INFO - Processing file /home/airflow/.local/lib/python3.12/site-packages/airflow/example_dags/example_skip_dag.py for tasks to queue
[2024-12-22T02:03:38.974+0000] {logging_mixin.py:188} INFO - [2024-12-22T02:03:38.974+0000] {dagbag.py:545} INFO - Filling up the DagBag from /home/airflow/.local/lib/python3.12/site-packages/airflow/example_dags/example_skip_dag.py
[2024-12-22T02:03:38.978+0000] {processor.py:840} INFO - DAG(s) 'example_skip_dag' retrieved from /home/airflow/.local/lib/python3.12/site-packages/airflow/example_dags/example_skip_dag.py
[2024-12-22T02:03:38.991+0000] {logging_mixin.py:188} INFO - [2024-12-22T02:03:38.991+0000] {dag.py:3089} INFO - Sync 1 DAGs
[2024-12-22T02:03:39.002+0000] {logging_mixin.py:188} INFO - [2024-12-22T02:03:39.002+0000] {dag.py:3947} INFO - Setting next_dagrun for example_skip_dag to 2024-12-21 00:00:00+00:00, run_after=2024-12-22 00:00:00+00:00
[2024-12-22T02:03:39.013+0000] {processor.py:183} INFO - Processing /home/airflow/.local/lib/python3.12/site-packages/airflow/example_dags/example_skip_dag.py took 0.044 seconds
[2024-12-22T02:04:09.653+0000] {processor.py:161} INFO - Started process (PID=10089) to work on /home/airflow/.local/lib/python3.12/site-packages/airflow/example_dags/example_skip_dag.py
[2024-12-22T02:04:09.654+0000] {processor.py:830} INFO - Processing file /home/airflow/.local/lib/python3.12/site-packages/airflow/example_dags/example_skip_dag.py for tasks to queue
[2024-12-22T02:04:09.655+0000] {logging_mixin.py:188} INFO - [2024-12-22T02:04:09.655+0000] {dagbag.py:545} INFO - Filling up the DagBag from /home/airflow/.local/lib/python3.12/site-packages/airflow/example_dags/example_skip_dag.py
[2024-12-22T02:04:09.659+0000] {processor.py:840} INFO - DAG(s) 'example_skip_dag' retrieved from /home/airflow/.local/lib/python3.12/site-packages/airflow/example_dags/example_skip_dag.py
[2024-12-22T02:04:09.674+0000] {logging_mixin.py:188} INFO - [2024-12-22T02:04:09.673+0000] {dag.py:3089} INFO - Sync 1 DAGs
[2024-12-22T02:04:09.685+0000] {logging_mixin.py:188} INFO - [2024-12-22T02:04:09.685+0000] {dag.py:3947} INFO - Setting next_dagrun for example_skip_dag to 2024-12-21 00:00:00+00:00, run_after=2024-12-22 00:00:00+00:00
[2024-12-22T02:04:09.696+0000] {processor.py:183} INFO - Processing /home/airflow/.local/lib/python3.12/site-packages/airflow/example_dags/example_skip_dag.py took 0.046 seconds
[2024-12-22T02:04:40.726+0000] {processor.py:161} INFO - Started process (PID=10364) to work on /home/airflow/.local/lib/python3.12/site-packages/airflow/example_dags/example_skip_dag.py
[2024-12-22T02:04:40.727+0000] {processor.py:830} INFO - Processing file /home/airflow/.local/lib/python3.12/site-packages/airflow/example_dags/example_skip_dag.py for tasks to queue
[2024-12-22T02:04:40.728+0000] {logging_mixin.py:188} INFO - [2024-12-22T02:04:40.728+0000] {dagbag.py:545} INFO - Filling up the DagBag from /home/airflow/.local/lib/python3.12/site-packages/airflow/example_dags/example_skip_dag.py
[2024-12-22T02:04:40.733+0000] {processor.py:840} INFO - DAG(s) 'example_skip_dag' retrieved from /home/airflow/.local/lib/python3.12/site-packages/airflow/example_dags/example_skip_dag.py
[2024-12-22T02:04:40.747+0000] {logging_mixin.py:188} INFO - [2024-12-22T02:04:40.747+0000] {dag.py:3089} INFO - Sync 1 DAGs
[2024-12-22T02:04:40.759+0000] {logging_mixin.py:188} INFO - [2024-12-22T02:04:40.759+0000] {dag.py:3947} INFO - Setting next_dagrun for example_skip_dag to 2024-12-21 00:00:00+00:00, run_after=2024-12-22 00:00:00+00:00
[2024-12-22T02:04:40.769+0000] {processor.py:183} INFO - Processing /home/airflow/.local/lib/python3.12/site-packages/airflow/example_dags/example_skip_dag.py took 0.047 seconds
[2024-12-22T02:05:13.500+0000] {processor.py:161} INFO - Started process (PID=10643) to work on /home/airflow/.local/lib/python3.12/site-packages/airflow/example_dags/example_skip_dag.py
[2024-12-22T02:05:13.500+0000] {processor.py:830} INFO - Processing file /home/airflow/.local/lib/python3.12/site-packages/airflow/example_dags/example_skip_dag.py for tasks to queue
[2024-12-22T02:05:13.502+0000] {logging_mixin.py:188} INFO - [2024-12-22T02:05:13.501+0000] {dagbag.py:545} INFO - Filling up the DagBag from /home/airflow/.local/lib/python3.12/site-packages/airflow/example_dags/example_skip_dag.py
[2024-12-22T02:05:13.506+0000] {processor.py:840} INFO - DAG(s) 'example_skip_dag' retrieved from /home/airflow/.local/lib/python3.12/site-packages/airflow/example_dags/example_skip_dag.py
[2024-12-22T02:05:13.519+0000] {logging_mixin.py:188} INFO - [2024-12-22T02:05:13.519+0000] {dag.py:3089} INFO - Sync 1 DAGs
[2024-12-22T02:05:13.531+0000] {logging_mixin.py:188} INFO - [2024-12-22T02:05:13.531+0000] {dag.py:3947} INFO - Setting next_dagrun for example_skip_dag to 2024-12-21 00:00:00+00:00, run_after=2024-12-22 00:00:00+00:00
[2024-12-22T02:05:13.542+0000] {processor.py:183} INFO - Processing /home/airflow/.local/lib/python3.12/site-packages/airflow/example_dags/example_skip_dag.py took 0.045 seconds
[2024-12-22T02:05:46.319+0000] {processor.py:161} INFO - Started process (PID=10918) to work on /home/airflow/.local/lib/python3.12/site-packages/airflow/example_dags/example_skip_dag.py
[2024-12-22T02:05:46.319+0000] {processor.py:830} INFO - Processing file /home/airflow/.local/lib/python3.12/site-packages/airflow/example_dags/example_skip_dag.py for tasks to queue
[2024-12-22T02:05:46.321+0000] {logging_mixin.py:188} INFO - [2024-12-22T02:05:46.320+0000] {dagbag.py:545} INFO - Filling up the DagBag from /home/airflow/.local/lib/python3.12/site-packages/airflow/example_dags/example_skip_dag.py
[2024-12-22T02:05:46.325+0000] {processor.py:840} INFO - DAG(s) 'example_skip_dag' retrieved from /home/airflow/.local/lib/python3.12/site-packages/airflow/example_dags/example_skip_dag.py
[2024-12-22T02:05:46.340+0000] {logging_mixin.py:188} INFO - [2024-12-22T02:05:46.340+0000] {dag.py:3089} INFO - Sync 1 DAGs
[2024-12-22T02:05:46.351+0000] {logging_mixin.py:188} INFO - [2024-12-22T02:05:46.351+0000] {dag.py:3947} INFO - Setting next_dagrun for example_skip_dag to 2024-12-21 00:00:00+00:00, run_after=2024-12-22 00:00:00+00:00
[2024-12-22T02:05:46.363+0000] {processor.py:183} INFO - Processing /home/airflow/.local/lib/python3.12/site-packages/airflow/example_dags/example_skip_dag.py took 0.049 seconds
[2024-12-22T02:06:17.483+0000] {processor.py:161} INFO - Started process (PID=11195) to work on /home/airflow/.local/lib/python3.12/site-packages/airflow/example_dags/example_skip_dag.py
[2024-12-22T02:06:17.484+0000] {processor.py:830} INFO - Processing file /home/airflow/.local/lib/python3.12/site-packages/airflow/example_dags/example_skip_dag.py for tasks to queue
[2024-12-22T02:06:17.486+0000] {logging_mixin.py:188} INFO - [2024-12-22T02:06:17.485+0000] {dagbag.py:545} INFO - Filling up the DagBag from /home/airflow/.local/lib/python3.12/site-packages/airflow/example_dags/example_skip_dag.py
[2024-12-22T02:06:17.491+0000] {processor.py:840} INFO - DAG(s) 'example_skip_dag' retrieved from /home/airflow/.local/lib/python3.12/site-packages/airflow/example_dags/example_skip_dag.py
[2024-12-22T02:06:17.504+0000] {logging_mixin.py:188} INFO - [2024-12-22T02:06:17.504+0000] {dag.py:3089} INFO - Sync 1 DAGs
[2024-12-22T02:06:17.517+0000] {logging_mixin.py:188} INFO - [2024-12-22T02:06:17.517+0000] {dag.py:3947} INFO - Setting next_dagrun for example_skip_dag to 2024-12-21 00:00:00+00:00, run_after=2024-12-22 00:00:00+00:00
[2024-12-22T02:06:17.530+0000] {processor.py:183} INFO - Processing /home/airflow/.local/lib/python3.12/site-packages/airflow/example_dags/example_skip_dag.py took 0.051 seconds
[2024-12-22T02:06:48.335+0000] {processor.py:161} INFO - Started process (PID=11472) to work on /home/airflow/.local/lib/python3.12/site-packages/airflow/example_dags/example_skip_dag.py
[2024-12-22T02:06:48.336+0000] {processor.py:830} INFO - Processing file /home/airflow/.local/lib/python3.12/site-packages/airflow/example_dags/example_skip_dag.py for tasks to queue
[2024-12-22T02:06:48.337+0000] {logging_mixin.py:188} INFO - [2024-12-22T02:06:48.337+0000] {dagbag.py:545} INFO - Filling up the DagBag from /home/airflow/.local/lib/python3.12/site-packages/airflow/example_dags/example_skip_dag.py
[2024-12-22T02:06:48.342+0000] {processor.py:840} INFO - DAG(s) 'example_skip_dag' retrieved from /home/airflow/.local/lib/python3.12/site-packages/airflow/example_dags/example_skip_dag.py
[2024-12-22T02:06:48.356+0000] {logging_mixin.py:188} INFO - [2024-12-22T02:06:48.356+0000] {dag.py:3089} INFO - Sync 1 DAGs
[2024-12-22T02:06:48.370+0000] {logging_mixin.py:188} INFO - [2024-12-22T02:06:48.370+0000] {dag.py:3947} INFO - Setting next_dagrun for example_skip_dag to 2024-12-21 00:00:00+00:00, run_after=2024-12-22 00:00:00+00:00
[2024-12-22T02:06:48.383+0000] {processor.py:183} INFO - Processing /home/airflow/.local/lib/python3.12/site-packages/airflow/example_dags/example_skip_dag.py took 0.053 seconds
[2024-12-22T02:07:19.265+0000] {processor.py:161} INFO - Started process (PID=11749) to work on /home/airflow/.local/lib/python3.12/site-packages/airflow/example_dags/example_skip_dag.py
[2024-12-22T02:07:19.266+0000] {processor.py:830} INFO - Processing file /home/airflow/.local/lib/python3.12/site-packages/airflow/example_dags/example_skip_dag.py for tasks to queue
[2024-12-22T02:07:19.267+0000] {logging_mixin.py:188} INFO - [2024-12-22T02:07:19.267+0000] {dagbag.py:545} INFO - Filling up the DagBag from /home/airflow/.local/lib/python3.12/site-packages/airflow/example_dags/example_skip_dag.py
[2024-12-22T02:07:19.271+0000] {processor.py:840} INFO - DAG(s) 'example_skip_dag' retrieved from /home/airflow/.local/lib/python3.12/site-packages/airflow/example_dags/example_skip_dag.py
[2024-12-22T02:07:19.285+0000] {logging_mixin.py:188} INFO - [2024-12-22T02:07:19.285+0000] {dag.py:3089} INFO - Sync 1 DAGs
[2024-12-22T02:07:19.295+0000] {logging_mixin.py:188} INFO - [2024-12-22T02:07:19.295+0000] {dag.py:3947} INFO - Setting next_dagrun for example_skip_dag to 2024-12-21 00:00:00+00:00, run_after=2024-12-22 00:00:00+00:00
[2024-12-22T02:07:19.304+0000] {processor.py:183} INFO - Processing /home/airflow/.local/lib/python3.12/site-packages/airflow/example_dags/example_skip_dag.py took 0.043 seconds
[2024-12-22T02:07:53.259+0000] {processor.py:161} INFO - Started process (PID=12028) to work on /home/airflow/.local/lib/python3.12/site-packages/airflow/example_dags/example_skip_dag.py
[2024-12-22T02:07:53.259+0000] {processor.py:830} INFO - Processing file /home/airflow/.local/lib/python3.12/site-packages/airflow/example_dags/example_skip_dag.py for tasks to queue
[2024-12-22T02:07:53.261+0000] {logging_mixin.py:188} INFO - [2024-12-22T02:07:53.260+0000] {dagbag.py:545} INFO - Filling up the DagBag from /home/airflow/.local/lib/python3.12/site-packages/airflow/example_dags/example_skip_dag.py
[2024-12-22T02:07:53.264+0000] {processor.py:840} INFO - DAG(s) 'example_skip_dag' retrieved from /home/airflow/.local/lib/python3.12/site-packages/airflow/example_dags/example_skip_dag.py
[2024-12-22T02:07:53.278+0000] {logging_mixin.py:188} INFO - [2024-12-22T02:07:53.278+0000] {dag.py:3089} INFO - Sync 1 DAGs
[2024-12-22T02:07:53.289+0000] {logging_mixin.py:188} INFO - [2024-12-22T02:07:53.289+0000] {dag.py:3947} INFO - Setting next_dagrun for example_skip_dag to 2024-12-21 00:00:00+00:00, run_after=2024-12-22 00:00:00+00:00
[2024-12-22T02:07:53.300+0000] {processor.py:183} INFO - Processing /home/airflow/.local/lib/python3.12/site-packages/airflow/example_dags/example_skip_dag.py took 0.045 seconds
[2024-12-22T02:08:25.055+0000] {processor.py:161} INFO - Started process (PID=12303) to work on /home/airflow/.local/lib/python3.12/site-packages/airflow/example_dags/example_skip_dag.py
[2024-12-22T02:08:25.056+0000] {processor.py:830} INFO - Processing file /home/airflow/.local/lib/python3.12/site-packages/airflow/example_dags/example_skip_dag.py for tasks to queue
[2024-12-22T02:08:25.057+0000] {logging_mixin.py:188} INFO - [2024-12-22T02:08:25.057+0000] {dagbag.py:545} INFO - Filling up the DagBag from /home/airflow/.local/lib/python3.12/site-packages/airflow/example_dags/example_skip_dag.py
[2024-12-22T02:08:25.060+0000] {processor.py:840} INFO - DAG(s) 'example_skip_dag' retrieved from /home/airflow/.local/lib/python3.12/site-packages/airflow/example_dags/example_skip_dag.py
[2024-12-22T02:08:25.074+0000] {logging_mixin.py:188} INFO - [2024-12-22T02:08:25.074+0000] {dag.py:3089} INFO - Sync 1 DAGs
[2024-12-22T02:08:25.188+0000] {logging_mixin.py:188} INFO - [2024-12-22T02:08:25.187+0000] {dag.py:3947} INFO - Setting next_dagrun for example_skip_dag to 2024-12-21 00:00:00+00:00, run_after=2024-12-22 00:00:00+00:00
[2024-12-22T02:08:25.197+0000] {processor.py:183} INFO - Processing /home/airflow/.local/lib/python3.12/site-packages/airflow/example_dags/example_skip_dag.py took 0.146 seconds
[2024-12-22T02:08:57.515+0000] {processor.py:161} INFO - Started process (PID=12580) to work on /home/airflow/.local/lib/python3.12/site-packages/airflow/example_dags/example_skip_dag.py
[2024-12-22T02:08:57.516+0000] {processor.py:830} INFO - Processing file /home/airflow/.local/lib/python3.12/site-packages/airflow/example_dags/example_skip_dag.py for tasks to queue
[2024-12-22T02:08:57.517+0000] {logging_mixin.py:188} INFO - [2024-12-22T02:08:57.517+0000] {dagbag.py:545} INFO - Filling up the DagBag from /home/airflow/.local/lib/python3.12/site-packages/airflow/example_dags/example_skip_dag.py
[2024-12-22T02:08:57.522+0000] {processor.py:840} INFO - DAG(s) 'example_skip_dag' retrieved from /home/airflow/.local/lib/python3.12/site-packages/airflow/example_dags/example_skip_dag.py
[2024-12-22T02:08:57.541+0000] {logging_mixin.py:188} INFO - [2024-12-22T02:08:57.541+0000] {dag.py:3089} INFO - Sync 1 DAGs
[2024-12-22T02:08:57.554+0000] {logging_mixin.py:188} INFO - [2024-12-22T02:08:57.553+0000] {dag.py:3947} INFO - Setting next_dagrun for example_skip_dag to 2024-12-21 00:00:00+00:00, run_after=2024-12-22 00:00:00+00:00
[2024-12-22T02:08:57.565+0000] {processor.py:183} INFO - Processing /home/airflow/.local/lib/python3.12/site-packages/airflow/example_dags/example_skip_dag.py took 0.055 seconds
[2024-12-22T02:09:29.628+0000] {processor.py:161} INFO - Started process (PID=12859) to work on /home/airflow/.local/lib/python3.12/site-packages/airflow/example_dags/example_skip_dag.py
[2024-12-22T02:09:29.629+0000] {processor.py:830} INFO - Processing file /home/airflow/.local/lib/python3.12/site-packages/airflow/example_dags/example_skip_dag.py for tasks to queue
[2024-12-22T02:09:29.630+0000] {logging_mixin.py:188} INFO - [2024-12-22T02:09:29.630+0000] {dagbag.py:545} INFO - Filling up the DagBag from /home/airflow/.local/lib/python3.12/site-packages/airflow/example_dags/example_skip_dag.py
[2024-12-22T02:09:29.634+0000] {processor.py:840} INFO - DAG(s) 'example_skip_dag' retrieved from /home/airflow/.local/lib/python3.12/site-packages/airflow/example_dags/example_skip_dag.py
[2024-12-22T02:09:29.648+0000] {logging_mixin.py:188} INFO - [2024-12-22T02:09:29.648+0000] {dag.py:3089} INFO - Sync 1 DAGs
[2024-12-22T02:09:29.659+0000] {logging_mixin.py:188} INFO - [2024-12-22T02:09:29.658+0000] {dag.py:3947} INFO - Setting next_dagrun for example_skip_dag to 2024-12-21 00:00:00+00:00, run_after=2024-12-22 00:00:00+00:00
[2024-12-22T02:09:29.669+0000] {processor.py:183} INFO - Processing /home/airflow/.local/lib/python3.12/site-packages/airflow/example_dags/example_skip_dag.py took 0.045 seconds
[2024-12-22T02:10:01.152+0000] {processor.py:161} INFO - Started process (PID=13134) to work on /home/airflow/.local/lib/python3.12/site-packages/airflow/example_dags/example_skip_dag.py
[2024-12-22T02:10:01.153+0000] {processor.py:830} INFO - Processing file /home/airflow/.local/lib/python3.12/site-packages/airflow/example_dags/example_skip_dag.py for tasks to queue
[2024-12-22T02:10:01.155+0000] {logging_mixin.py:188} INFO - [2024-12-22T02:10:01.155+0000] {dagbag.py:545} INFO - Filling up the DagBag from /home/airflow/.local/lib/python3.12/site-packages/airflow/example_dags/example_skip_dag.py
[2024-12-22T02:10:01.159+0000] {processor.py:840} INFO - DAG(s) 'example_skip_dag' retrieved from /home/airflow/.local/lib/python3.12/site-packages/airflow/example_dags/example_skip_dag.py
[2024-12-22T02:10:01.174+0000] {logging_mixin.py:188} INFO - [2024-12-22T02:10:01.174+0000] {dag.py:3089} INFO - Sync 1 DAGs
[2024-12-22T02:10:01.188+0000] {logging_mixin.py:188} INFO - [2024-12-22T02:10:01.188+0000] {dag.py:3947} INFO - Setting next_dagrun for example_skip_dag to 2024-12-21 00:00:00+00:00, run_after=2024-12-22 00:00:00+00:00
[2024-12-22T02:10:01.200+0000] {processor.py:183} INFO - Processing /home/airflow/.local/lib/python3.12/site-packages/airflow/example_dags/example_skip_dag.py took 0.052 seconds
[2024-12-22T02:10:31.860+0000] {processor.py:161} INFO - Started process (PID=13411) to work on /home/airflow/.local/lib/python3.12/site-packages/airflow/example_dags/example_skip_dag.py
[2024-12-22T02:10:31.860+0000] {processor.py:830} INFO - Processing file /home/airflow/.local/lib/python3.12/site-packages/airflow/example_dags/example_skip_dag.py for tasks to queue
[2024-12-22T02:10:31.862+0000] {logging_mixin.py:188} INFO - [2024-12-22T02:10:31.862+0000] {dagbag.py:545} INFO - Filling up the DagBag from /home/airflow/.local/lib/python3.12/site-packages/airflow/example_dags/example_skip_dag.py
[2024-12-22T02:10:31.865+0000] {processor.py:840} INFO - DAG(s) 'example_skip_dag' retrieved from /home/airflow/.local/lib/python3.12/site-packages/airflow/example_dags/example_skip_dag.py
[2024-12-22T02:10:31.879+0000] {logging_mixin.py:188} INFO - [2024-12-22T02:10:31.879+0000] {dag.py:3089} INFO - Sync 1 DAGs
[2024-12-22T02:10:31.892+0000] {logging_mixin.py:188} INFO - [2024-12-22T02:10:31.891+0000] {dag.py:3947} INFO - Setting next_dagrun for example_skip_dag to 2024-12-21 00:00:00+00:00, run_after=2024-12-22 00:00:00+00:00
[2024-12-22T02:10:31.902+0000] {processor.py:183} INFO - Processing /home/airflow/.local/lib/python3.12/site-packages/airflow/example_dags/example_skip_dag.py took 0.047 seconds
[2024-12-22T02:11:02.167+0000] {processor.py:161} INFO - Started process (PID=13690) to work on /home/airflow/.local/lib/python3.12/site-packages/airflow/example_dags/example_skip_dag.py
[2024-12-22T02:11:02.167+0000] {processor.py:830} INFO - Processing file /home/airflow/.local/lib/python3.12/site-packages/airflow/example_dags/example_skip_dag.py for tasks to queue
[2024-12-22T02:11:02.168+0000] {logging_mixin.py:188} INFO - [2024-12-22T02:11:02.168+0000] {dagbag.py:545} INFO - Filling up the DagBag from /home/airflow/.local/lib/python3.12/site-packages/airflow/example_dags/example_skip_dag.py
[2024-12-22T02:11:02.173+0000] {processor.py:840} INFO - DAG(s) 'example_skip_dag' retrieved from /home/airflow/.local/lib/python3.12/site-packages/airflow/example_dags/example_skip_dag.py
[2024-12-22T02:11:02.186+0000] {logging_mixin.py:188} INFO - [2024-12-22T02:11:02.186+0000] {dag.py:3089} INFO - Sync 1 DAGs
[2024-12-22T02:11:02.197+0000] {logging_mixin.py:188} INFO - [2024-12-22T02:11:02.197+0000] {dag.py:3947} INFO - Setting next_dagrun for example_skip_dag to 2024-12-21 00:00:00+00:00, run_after=2024-12-22 00:00:00+00:00
[2024-12-22T02:11:02.206+0000] {processor.py:183} INFO - Processing /home/airflow/.local/lib/python3.12/site-packages/airflow/example_dags/example_skip_dag.py took 0.043 seconds
[2024-12-22T02:11:34.817+0000] {processor.py:161} INFO - Started process (PID=13967) to work on /home/airflow/.local/lib/python3.12/site-packages/airflow/example_dags/example_skip_dag.py
[2024-12-22T02:11:34.818+0000] {processor.py:830} INFO - Processing file /home/airflow/.local/lib/python3.12/site-packages/airflow/example_dags/example_skip_dag.py for tasks to queue
[2024-12-22T02:11:34.819+0000] {logging_mixin.py:188} INFO - [2024-12-22T02:11:34.819+0000] {dagbag.py:545} INFO - Filling up the DagBag from /home/airflow/.local/lib/python3.12/site-packages/airflow/example_dags/example_skip_dag.py
[2024-12-22T02:11:34.824+0000] {processor.py:840} INFO - DAG(s) 'example_skip_dag' retrieved from /home/airflow/.local/lib/python3.12/site-packages/airflow/example_dags/example_skip_dag.py
[2024-12-22T02:11:34.840+0000] {logging_mixin.py:188} INFO - [2024-12-22T02:11:34.840+0000] {dag.py:3089} INFO - Sync 1 DAGs
[2024-12-22T02:11:34.854+0000] {logging_mixin.py:188} INFO - [2024-12-22T02:11:34.854+0000] {dag.py:3947} INFO - Setting next_dagrun for example_skip_dag to 2024-12-21 00:00:00+00:00, run_after=2024-12-22 00:00:00+00:00
[2024-12-22T02:11:34.866+0000] {processor.py:183} INFO - Processing /home/airflow/.local/lib/python3.12/site-packages/airflow/example_dags/example_skip_dag.py took 0.053 seconds
[2024-12-22T02:12:05.883+0000] {processor.py:161} INFO - Started process (PID=14245) to work on /home/airflow/.local/lib/python3.12/site-packages/airflow/example_dags/example_skip_dag.py
[2024-12-22T02:12:05.884+0000] {processor.py:830} INFO - Processing file /home/airflow/.local/lib/python3.12/site-packages/airflow/example_dags/example_skip_dag.py for tasks to queue
[2024-12-22T02:12:05.885+0000] {logging_mixin.py:188} INFO - [2024-12-22T02:12:05.885+0000] {dagbag.py:545} INFO - Filling up the DagBag from /home/airflow/.local/lib/python3.12/site-packages/airflow/example_dags/example_skip_dag.py
[2024-12-22T02:12:05.889+0000] {processor.py:840} INFO - DAG(s) 'example_skip_dag' retrieved from /home/airflow/.local/lib/python3.12/site-packages/airflow/example_dags/example_skip_dag.py
[2024-12-22T02:12:05.904+0000] {logging_mixin.py:188} INFO - [2024-12-22T02:12:05.904+0000] {dag.py:3089} INFO - Sync 1 DAGs
[2024-12-22T02:12:05.918+0000] {logging_mixin.py:188} INFO - [2024-12-22T02:12:05.918+0000] {dag.py:3947} INFO - Setting next_dagrun for example_skip_dag to 2024-12-21 00:00:00+00:00, run_after=2024-12-22 00:00:00+00:00
[2024-12-22T02:12:05.931+0000] {processor.py:183} INFO - Processing /home/airflow/.local/lib/python3.12/site-packages/airflow/example_dags/example_skip_dag.py took 0.052 seconds
[2024-12-22T02:12:36.693+0000] {processor.py:161} INFO - Started process (PID=14520) to work on /home/airflow/.local/lib/python3.12/site-packages/airflow/example_dags/example_skip_dag.py
[2024-12-22T02:12:36.694+0000] {processor.py:830} INFO - Processing file /home/airflow/.local/lib/python3.12/site-packages/airflow/example_dags/example_skip_dag.py for tasks to queue
[2024-12-22T02:12:36.695+0000] {logging_mixin.py:188} INFO - [2024-12-22T02:12:36.695+0000] {dagbag.py:545} INFO - Filling up the DagBag from /home/airflow/.local/lib/python3.12/site-packages/airflow/example_dags/example_skip_dag.py
[2024-12-22T02:12:36.699+0000] {processor.py:840} INFO - DAG(s) 'example_skip_dag' retrieved from /home/airflow/.local/lib/python3.12/site-packages/airflow/example_dags/example_skip_dag.py
[2024-12-22T02:12:36.713+0000] {logging_mixin.py:188} INFO - [2024-12-22T02:12:36.713+0000] {dag.py:3089} INFO - Sync 1 DAGs
[2024-12-22T02:12:36.725+0000] {logging_mixin.py:188} INFO - [2024-12-22T02:12:36.725+0000] {dag.py:3947} INFO - Setting next_dagrun for example_skip_dag to 2024-12-21 00:00:00+00:00, run_after=2024-12-22 00:00:00+00:00
[2024-12-22T02:12:36.735+0000] {processor.py:183} INFO - Processing /home/airflow/.local/lib/python3.12/site-packages/airflow/example_dags/example_skip_dag.py took 0.047 seconds
[2024-12-22T02:13:07.078+0000] {processor.py:161} INFO - Started process (PID=14797) to work on /home/airflow/.local/lib/python3.12/site-packages/airflow/example_dags/example_skip_dag.py
[2024-12-22T02:13:07.079+0000] {processor.py:830} INFO - Processing file /home/airflow/.local/lib/python3.12/site-packages/airflow/example_dags/example_skip_dag.py for tasks to queue
[2024-12-22T02:13:07.080+0000] {logging_mixin.py:188} INFO - [2024-12-22T02:13:07.080+0000] {dagbag.py:545} INFO - Filling up the DagBag from /home/airflow/.local/lib/python3.12/site-packages/airflow/example_dags/example_skip_dag.py
[2024-12-22T02:13:07.085+0000] {processor.py:840} INFO - DAG(s) 'example_skip_dag' retrieved from /home/airflow/.local/lib/python3.12/site-packages/airflow/example_dags/example_skip_dag.py
[2024-12-22T02:13:07.097+0000] {logging_mixin.py:188} INFO - [2024-12-22T02:13:07.097+0000] {dag.py:3089} INFO - Sync 1 DAGs
[2024-12-22T02:13:07.110+0000] {logging_mixin.py:188} INFO - [2024-12-22T02:13:07.110+0000] {dag.py:3947} INFO - Setting next_dagrun for example_skip_dag to 2024-12-21 00:00:00+00:00, run_after=2024-12-22 00:00:00+00:00
[2024-12-22T02:13:07.119+0000] {processor.py:183} INFO - Processing /home/airflow/.local/lib/python3.12/site-packages/airflow/example_dags/example_skip_dag.py took 0.044 seconds
[2024-12-22T02:13:37.597+0000] {processor.py:161} INFO - Started process (PID=15074) to work on /home/airflow/.local/lib/python3.12/site-packages/airflow/example_dags/example_skip_dag.py
[2024-12-22T02:13:37.598+0000] {processor.py:830} INFO - Processing file /home/airflow/.local/lib/python3.12/site-packages/airflow/example_dags/example_skip_dag.py for tasks to queue
[2024-12-22T02:13:37.599+0000] {logging_mixin.py:188} INFO - [2024-12-22T02:13:37.599+0000] {dagbag.py:545} INFO - Filling up the DagBag from /home/airflow/.local/lib/python3.12/site-packages/airflow/example_dags/example_skip_dag.py
[2024-12-22T02:13:37.603+0000] {processor.py:840} INFO - DAG(s) 'example_skip_dag' retrieved from /home/airflow/.local/lib/python3.12/site-packages/airflow/example_dags/example_skip_dag.py
[2024-12-22T02:13:37.616+0000] {logging_mixin.py:188} INFO - [2024-12-22T02:13:37.616+0000] {dag.py:3089} INFO - Sync 1 DAGs
[2024-12-22T02:13:37.627+0000] {logging_mixin.py:188} INFO - [2024-12-22T02:13:37.627+0000] {dag.py:3947} INFO - Setting next_dagrun for example_skip_dag to 2024-12-21 00:00:00+00:00, run_after=2024-12-22 00:00:00+00:00
[2024-12-22T02:13:37.637+0000] {processor.py:183} INFO - Processing /home/airflow/.local/lib/python3.12/site-packages/airflow/example_dags/example_skip_dag.py took 0.044 seconds
[2024-12-22T02:14:11.255+0000] {processor.py:161} INFO - Started process (PID=15351) to work on /home/airflow/.local/lib/python3.12/site-packages/airflow/example_dags/example_skip_dag.py
[2024-12-22T02:14:11.256+0000] {processor.py:830} INFO - Processing file /home/airflow/.local/lib/python3.12/site-packages/airflow/example_dags/example_skip_dag.py for tasks to queue
[2024-12-22T02:14:11.257+0000] {logging_mixin.py:188} INFO - [2024-12-22T02:14:11.257+0000] {dagbag.py:545} INFO - Filling up the DagBag from /home/airflow/.local/lib/python3.12/site-packages/airflow/example_dags/example_skip_dag.py
[2024-12-22T02:14:11.263+0000] {processor.py:840} INFO - DAG(s) 'example_skip_dag' retrieved from /home/airflow/.local/lib/python3.12/site-packages/airflow/example_dags/example_skip_dag.py
[2024-12-22T02:14:11.277+0000] {logging_mixin.py:188} INFO - [2024-12-22T02:14:11.277+0000] {dag.py:3089} INFO - Sync 1 DAGs
[2024-12-22T02:14:11.289+0000] {logging_mixin.py:188} INFO - [2024-12-22T02:14:11.289+0000] {dag.py:3947} INFO - Setting next_dagrun for example_skip_dag to 2024-12-21 00:00:00+00:00, run_after=2024-12-22 00:00:00+00:00
[2024-12-22T02:14:11.299+0000] {processor.py:183} INFO - Processing /home/airflow/.local/lib/python3.12/site-packages/airflow/example_dags/example_skip_dag.py took 0.048 seconds
[2024-12-22T02:14:42.524+0000] {processor.py:161} INFO - Started process (PID=15628) to work on /home/airflow/.local/lib/python3.12/site-packages/airflow/example_dags/example_skip_dag.py
[2024-12-22T02:14:42.525+0000] {processor.py:830} INFO - Processing file /home/airflow/.local/lib/python3.12/site-packages/airflow/example_dags/example_skip_dag.py for tasks to queue
[2024-12-22T02:14:42.526+0000] {logging_mixin.py:188} INFO - [2024-12-22T02:14:42.526+0000] {dagbag.py:545} INFO - Filling up the DagBag from /home/airflow/.local/lib/python3.12/site-packages/airflow/example_dags/example_skip_dag.py
[2024-12-22T02:14:42.531+0000] {processor.py:840} INFO - DAG(s) 'example_skip_dag' retrieved from /home/airflow/.local/lib/python3.12/site-packages/airflow/example_dags/example_skip_dag.py
[2024-12-22T02:14:42.544+0000] {logging_mixin.py:188} INFO - [2024-12-22T02:14:42.544+0000] {dag.py:3089} INFO - Sync 1 DAGs
[2024-12-22T02:14:42.556+0000] {logging_mixin.py:188} INFO - [2024-12-22T02:14:42.556+0000] {dag.py:3947} INFO - Setting next_dagrun for example_skip_dag to 2024-12-21 00:00:00+00:00, run_after=2024-12-22 00:00:00+00:00
[2024-12-22T02:14:42.566+0000] {processor.py:183} INFO - Processing /home/airflow/.local/lib/python3.12/site-packages/airflow/example_dags/example_skip_dag.py took 0.046 seconds
[2024-12-22T02:15:13.754+0000] {processor.py:161} INFO - Started process (PID=15905) to work on /home/airflow/.local/lib/python3.12/site-packages/airflow/example_dags/example_skip_dag.py
[2024-12-22T02:15:13.754+0000] {processor.py:830} INFO - Processing file /home/airflow/.local/lib/python3.12/site-packages/airflow/example_dags/example_skip_dag.py for tasks to queue
[2024-12-22T02:15:13.756+0000] {logging_mixin.py:188} INFO - [2024-12-22T02:15:13.756+0000] {dagbag.py:545} INFO - Filling up the DagBag from /home/airflow/.local/lib/python3.12/site-packages/airflow/example_dags/example_skip_dag.py
[2024-12-22T02:15:13.760+0000] {processor.py:840} INFO - DAG(s) 'example_skip_dag' retrieved from /home/airflow/.local/lib/python3.12/site-packages/airflow/example_dags/example_skip_dag.py
[2024-12-22T02:15:13.776+0000] {logging_mixin.py:188} INFO - [2024-12-22T02:15:13.776+0000] {dag.py:3089} INFO - Sync 1 DAGs
[2024-12-22T02:15:13.790+0000] {logging_mixin.py:188} INFO - [2024-12-22T02:15:13.790+0000] {dag.py:3947} INFO - Setting next_dagrun for example_skip_dag to 2024-12-21 00:00:00+00:00, run_after=2024-12-22 00:00:00+00:00
[2024-12-22T02:15:13.803+0000] {processor.py:183} INFO - Processing /home/airflow/.local/lib/python3.12/site-packages/airflow/example_dags/example_skip_dag.py took 0.055 seconds
[2024-12-22T02:15:44.312+0000] {processor.py:161} INFO - Started process (PID=16182) to work on /home/airflow/.local/lib/python3.12/site-packages/airflow/example_dags/example_skip_dag.py
[2024-12-22T02:15:44.313+0000] {processor.py:830} INFO - Processing file /home/airflow/.local/lib/python3.12/site-packages/airflow/example_dags/example_skip_dag.py for tasks to queue
[2024-12-22T02:15:44.315+0000] {logging_mixin.py:188} INFO - [2024-12-22T02:15:44.314+0000] {dagbag.py:545} INFO - Filling up the DagBag from /home/airflow/.local/lib/python3.12/site-packages/airflow/example_dags/example_skip_dag.py
[2024-12-22T02:15:44.319+0000] {processor.py:840} INFO - DAG(s) 'example_skip_dag' retrieved from /home/airflow/.local/lib/python3.12/site-packages/airflow/example_dags/example_skip_dag.py
[2024-12-22T02:15:44.334+0000] {logging_mixin.py:188} INFO - [2024-12-22T02:15:44.334+0000] {dag.py:3089} INFO - Sync 1 DAGs
[2024-12-22T02:15:44.348+0000] {logging_mixin.py:188} INFO - [2024-12-22T02:15:44.348+0000] {dag.py:3947} INFO - Setting next_dagrun for example_skip_dag to 2024-12-21 00:00:00+00:00, run_after=2024-12-22 00:00:00+00:00
[2024-12-22T02:15:44.361+0000] {processor.py:183} INFO - Processing /home/airflow/.local/lib/python3.12/site-packages/airflow/example_dags/example_skip_dag.py took 0.053 seconds
[2024-12-22T02:16:15.053+0000] {processor.py:161} INFO - Started process (PID=16459) to work on /home/airflow/.local/lib/python3.12/site-packages/airflow/example_dags/example_skip_dag.py
[2024-12-22T02:16:15.054+0000] {processor.py:830} INFO - Processing file /home/airflow/.local/lib/python3.12/site-packages/airflow/example_dags/example_skip_dag.py for tasks to queue
[2024-12-22T02:16:15.055+0000] {logging_mixin.py:188} INFO - [2024-12-22T02:16:15.055+0000] {dagbag.py:545} INFO - Filling up the DagBag from /home/airflow/.local/lib/python3.12/site-packages/airflow/example_dags/example_skip_dag.py
[2024-12-22T02:16:15.059+0000] {processor.py:840} INFO - DAG(s) 'example_skip_dag' retrieved from /home/airflow/.local/lib/python3.12/site-packages/airflow/example_dags/example_skip_dag.py
[2024-12-22T02:16:15.072+0000] {logging_mixin.py:188} INFO - [2024-12-22T02:16:15.072+0000] {dag.py:3089} INFO - Sync 1 DAGs
[2024-12-22T02:16:15.084+0000] {logging_mixin.py:188} INFO - [2024-12-22T02:16:15.084+0000] {dag.py:3947} INFO - Setting next_dagrun for example_skip_dag to 2024-12-21 00:00:00+00:00, run_after=2024-12-22 00:00:00+00:00
[2024-12-22T02:16:15.095+0000] {processor.py:183} INFO - Processing /home/airflow/.local/lib/python3.12/site-packages/airflow/example_dags/example_skip_dag.py took 0.045 seconds
[2024-12-22T02:16:46.518+0000] {processor.py:161} INFO - Started process (PID=16738) to work on /home/airflow/.local/lib/python3.12/site-packages/airflow/example_dags/example_skip_dag.py
[2024-12-22T02:16:46.518+0000] {processor.py:830} INFO - Processing file /home/airflow/.local/lib/python3.12/site-packages/airflow/example_dags/example_skip_dag.py for tasks to queue
[2024-12-22T02:16:46.521+0000] {logging_mixin.py:188} INFO - [2024-12-22T02:16:46.521+0000] {dagbag.py:545} INFO - Filling up the DagBag from /home/airflow/.local/lib/python3.12/site-packages/airflow/example_dags/example_skip_dag.py
[2024-12-22T02:16:46.525+0000] {processor.py:840} INFO - DAG(s) 'example_skip_dag' retrieved from /home/airflow/.local/lib/python3.12/site-packages/airflow/example_dags/example_skip_dag.py
[2024-12-22T02:16:46.541+0000] {logging_mixin.py:188} INFO - [2024-12-22T02:16:46.541+0000] {dag.py:3089} INFO - Sync 1 DAGs
[2024-12-22T02:16:46.554+0000] {logging_mixin.py:188} INFO - [2024-12-22T02:16:46.554+0000] {dag.py:3947} INFO - Setting next_dagrun for example_skip_dag to 2024-12-21 00:00:00+00:00, run_after=2024-12-22 00:00:00+00:00
[2024-12-22T02:16:46.565+0000] {processor.py:183} INFO - Processing /home/airflow/.local/lib/python3.12/site-packages/airflow/example_dags/example_skip_dag.py took 0.053 seconds
[2024-12-22T02:17:20.130+0000] {processor.py:161} INFO - Started process (PID=17013) to work on /home/airflow/.local/lib/python3.12/site-packages/airflow/example_dags/example_skip_dag.py
[2024-12-22T02:17:20.130+0000] {processor.py:830} INFO - Processing file /home/airflow/.local/lib/python3.12/site-packages/airflow/example_dags/example_skip_dag.py for tasks to queue
[2024-12-22T02:17:20.132+0000] {logging_mixin.py:188} INFO - [2024-12-22T02:17:20.132+0000] {dagbag.py:545} INFO - Filling up the DagBag from /home/airflow/.local/lib/python3.12/site-packages/airflow/example_dags/example_skip_dag.py
[2024-12-22T02:17:20.137+0000] {processor.py:840} INFO - DAG(s) 'example_skip_dag' retrieved from /home/airflow/.local/lib/python3.12/site-packages/airflow/example_dags/example_skip_dag.py
[2024-12-22T02:17:20.149+0000] {logging_mixin.py:188} INFO - [2024-12-22T02:17:20.149+0000] {dag.py:3089} INFO - Sync 1 DAGs
[2024-12-22T02:17:20.162+0000] {logging_mixin.py:188} INFO - [2024-12-22T02:17:20.162+0000] {dag.py:3947} INFO - Setting next_dagrun for example_skip_dag to 2024-12-21 00:00:00+00:00, run_after=2024-12-22 00:00:00+00:00
[2024-12-22T02:17:20.174+0000] {processor.py:183} INFO - Processing /home/airflow/.local/lib/python3.12/site-packages/airflow/example_dags/example_skip_dag.py took 0.049 seconds
[2024-12-22T02:17:50.479+0000] {processor.py:161} INFO - Started process (PID=17290) to work on /home/airflow/.local/lib/python3.12/site-packages/airflow/example_dags/example_skip_dag.py
[2024-12-22T02:17:50.480+0000] {processor.py:830} INFO - Processing file /home/airflow/.local/lib/python3.12/site-packages/airflow/example_dags/example_skip_dag.py for tasks to queue
[2024-12-22T02:17:50.481+0000] {logging_mixin.py:188} INFO - [2024-12-22T02:17:50.481+0000] {dagbag.py:545} INFO - Filling up the DagBag from /home/airflow/.local/lib/python3.12/site-packages/airflow/example_dags/example_skip_dag.py
[2024-12-22T02:17:50.485+0000] {processor.py:840} INFO - DAG(s) 'example_skip_dag' retrieved from /home/airflow/.local/lib/python3.12/site-packages/airflow/example_dags/example_skip_dag.py
[2024-12-22T02:17:50.500+0000] {logging_mixin.py:188} INFO - [2024-12-22T02:17:50.500+0000] {dag.py:3089} INFO - Sync 1 DAGs
[2024-12-22T02:17:50.514+0000] {logging_mixin.py:188} INFO - [2024-12-22T02:17:50.514+0000] {dag.py:3947} INFO - Setting next_dagrun for example_skip_dag to 2024-12-21 00:00:00+00:00, run_after=2024-12-22 00:00:00+00:00
[2024-12-22T02:17:50.524+0000] {processor.py:183} INFO - Processing /home/airflow/.local/lib/python3.12/site-packages/airflow/example_dags/example_skip_dag.py took 0.049 seconds
[2024-12-22T02:18:21.458+0000] {processor.py:161} INFO - Started process (PID=17569) to work on /home/airflow/.local/lib/python3.12/site-packages/airflow/example_dags/example_skip_dag.py
[2024-12-22T02:18:21.459+0000] {processor.py:830} INFO - Processing file /home/airflow/.local/lib/python3.12/site-packages/airflow/example_dags/example_skip_dag.py for tasks to queue
[2024-12-22T02:18:21.460+0000] {logging_mixin.py:188} INFO - [2024-12-22T02:18:21.460+0000] {dagbag.py:545} INFO - Filling up the DagBag from /home/airflow/.local/lib/python3.12/site-packages/airflow/example_dags/example_skip_dag.py
[2024-12-22T02:18:21.463+0000] {processor.py:840} INFO - DAG(s) 'example_skip_dag' retrieved from /home/airflow/.local/lib/python3.12/site-packages/airflow/example_dags/example_skip_dag.py
[2024-12-22T02:18:21.477+0000] {logging_mixin.py:188} INFO - [2024-12-22T02:18:21.476+0000] {dag.py:3089} INFO - Sync 1 DAGs
[2024-12-22T02:18:21.488+0000] {logging_mixin.py:188} INFO - [2024-12-22T02:18:21.488+0000] {dag.py:3947} INFO - Setting next_dagrun for example_skip_dag to 2024-12-21 00:00:00+00:00, run_after=2024-12-22 00:00:00+00:00
[2024-12-22T02:18:21.498+0000] {processor.py:183} INFO - Processing /home/airflow/.local/lib/python3.12/site-packages/airflow/example_dags/example_skip_dag.py took 0.044 seconds
[2024-12-22T02:18:52.306+0000] {processor.py:161} INFO - Started process (PID=17846) to work on /home/airflow/.local/lib/python3.12/site-packages/airflow/example_dags/example_skip_dag.py
[2024-12-22T02:18:52.307+0000] {processor.py:830} INFO - Processing file /home/airflow/.local/lib/python3.12/site-packages/airflow/example_dags/example_skip_dag.py for tasks to queue
[2024-12-22T02:18:52.308+0000] {logging_mixin.py:188} INFO - [2024-12-22T02:18:52.308+0000] {dagbag.py:545} INFO - Filling up the DagBag from /home/airflow/.local/lib/python3.12/site-packages/airflow/example_dags/example_skip_dag.py
[2024-12-22T02:18:52.313+0000] {processor.py:840} INFO - DAG(s) 'example_skip_dag' retrieved from /home/airflow/.local/lib/python3.12/site-packages/airflow/example_dags/example_skip_dag.py
[2024-12-22T02:18:52.327+0000] {logging_mixin.py:188} INFO - [2024-12-22T02:18:52.327+0000] {dag.py:3089} INFO - Sync 1 DAGs
[2024-12-22T02:18:52.341+0000] {logging_mixin.py:188} INFO - [2024-12-22T02:18:52.341+0000] {dag.py:3947} INFO - Setting next_dagrun for example_skip_dag to 2024-12-21 00:00:00+00:00, run_after=2024-12-22 00:00:00+00:00
[2024-12-22T02:18:52.351+0000] {processor.py:183} INFO - Processing /home/airflow/.local/lib/python3.12/site-packages/airflow/example_dags/example_skip_dag.py took 0.048 seconds
[2024-12-22T02:19:40.314+0000] {processor.py:161} INFO - Started process (PID=18128) to work on /home/airflow/.local/lib/python3.12/site-packages/airflow/example_dags/example_skip_dag.py
[2024-12-22T02:19:40.315+0000] {processor.py:830} INFO - Processing file /home/airflow/.local/lib/python3.12/site-packages/airflow/example_dags/example_skip_dag.py for tasks to queue
[2024-12-22T02:19:40.316+0000] {logging_mixin.py:188} INFO - [2024-12-22T02:19:40.316+0000] {dagbag.py:545} INFO - Filling up the DagBag from /home/airflow/.local/lib/python3.12/site-packages/airflow/example_dags/example_skip_dag.py
[2024-12-22T02:19:40.320+0000] {processor.py:840} INFO - DAG(s) 'example_skip_dag' retrieved from /home/airflow/.local/lib/python3.12/site-packages/airflow/example_dags/example_skip_dag.py
[2024-12-22T02:19:40.335+0000] {logging_mixin.py:188} INFO - [2024-12-22T02:19:40.335+0000] {dag.py:3089} INFO - Sync 1 DAGs
[2024-12-22T02:19:40.348+0000] {logging_mixin.py:188} INFO - [2024-12-22T02:19:40.348+0000] {dag.py:3947} INFO - Setting next_dagrun for example_skip_dag to 2024-12-21 00:00:00+00:00, run_after=2024-12-22 00:00:00+00:00
[2024-12-22T02:19:40.360+0000] {processor.py:183} INFO - Processing /home/airflow/.local/lib/python3.12/site-packages/airflow/example_dags/example_skip_dag.py took 0.051 seconds
[2024-12-22T02:20:10.430+0000] {processor.py:161} INFO - Started process (PID=18405) to work on /home/airflow/.local/lib/python3.12/site-packages/airflow/example_dags/example_skip_dag.py
[2024-12-22T02:20:10.431+0000] {processor.py:830} INFO - Processing file /home/airflow/.local/lib/python3.12/site-packages/airflow/example_dags/example_skip_dag.py for tasks to queue
[2024-12-22T02:20:10.433+0000] {logging_mixin.py:188} INFO - [2024-12-22T02:20:10.432+0000] {dagbag.py:545} INFO - Filling up the DagBag from /home/airflow/.local/lib/python3.12/site-packages/airflow/example_dags/example_skip_dag.py
[2024-12-22T02:20:10.437+0000] {processor.py:840} INFO - DAG(s) 'example_skip_dag' retrieved from /home/airflow/.local/lib/python3.12/site-packages/airflow/example_dags/example_skip_dag.py
[2024-12-22T02:20:10.452+0000] {logging_mixin.py:188} INFO - [2024-12-22T02:20:10.452+0000] {dag.py:3089} INFO - Sync 1 DAGs
[2024-12-22T02:20:10.465+0000] {logging_mixin.py:188} INFO - [2024-12-22T02:20:10.464+0000] {dag.py:3947} INFO - Setting next_dagrun for example_skip_dag to 2024-12-21 00:00:00+00:00, run_after=2024-12-22 00:00:00+00:00
[2024-12-22T02:20:10.477+0000] {processor.py:183} INFO - Processing /home/airflow/.local/lib/python3.12/site-packages/airflow/example_dags/example_skip_dag.py took 0.052 seconds
[2024-12-22T02:20:40.893+0000] {processor.py:161} INFO - Started process (PID=18684) to work on /home/airflow/.local/lib/python3.12/site-packages/airflow/example_dags/example_skip_dag.py
[2024-12-22T02:20:40.894+0000] {processor.py:830} INFO - Processing file /home/airflow/.local/lib/python3.12/site-packages/airflow/example_dags/example_skip_dag.py for tasks to queue
[2024-12-22T02:20:40.895+0000] {logging_mixin.py:188} INFO - [2024-12-22T02:20:40.895+0000] {dagbag.py:545} INFO - Filling up the DagBag from /home/airflow/.local/lib/python3.12/site-packages/airflow/example_dags/example_skip_dag.py
[2024-12-22T02:20:40.900+0000] {processor.py:840} INFO - DAG(s) 'example_skip_dag' retrieved from /home/airflow/.local/lib/python3.12/site-packages/airflow/example_dags/example_skip_dag.py
[2024-12-22T02:20:40.915+0000] {logging_mixin.py:188} INFO - [2024-12-22T02:20:40.915+0000] {dag.py:3089} INFO - Sync 1 DAGs
[2024-12-22T02:20:40.928+0000] {logging_mixin.py:188} INFO - [2024-12-22T02:20:40.928+0000] {dag.py:3947} INFO - Setting next_dagrun for example_skip_dag to 2024-12-21 00:00:00+00:00, run_after=2024-12-22 00:00:00+00:00
[2024-12-22T02:20:40.940+0000] {processor.py:183} INFO - Processing /home/airflow/.local/lib/python3.12/site-packages/airflow/example_dags/example_skip_dag.py took 0.051 seconds
[2024-12-22T02:21:12.015+0000] {processor.py:161} INFO - Started process (PID=18959) to work on /home/airflow/.local/lib/python3.12/site-packages/airflow/example_dags/example_skip_dag.py
[2024-12-22T02:21:12.016+0000] {processor.py:830} INFO - Processing file /home/airflow/.local/lib/python3.12/site-packages/airflow/example_dags/example_skip_dag.py for tasks to queue
[2024-12-22T02:21:12.017+0000] {logging_mixin.py:188} INFO - [2024-12-22T02:21:12.017+0000] {dagbag.py:545} INFO - Filling up the DagBag from /home/airflow/.local/lib/python3.12/site-packages/airflow/example_dags/example_skip_dag.py
[2024-12-22T02:21:12.022+0000] {processor.py:840} INFO - DAG(s) 'example_skip_dag' retrieved from /home/airflow/.local/lib/python3.12/site-packages/airflow/example_dags/example_skip_dag.py
[2024-12-22T02:21:12.037+0000] {logging_mixin.py:188} INFO - [2024-12-22T02:21:12.037+0000] {dag.py:3089} INFO - Sync 1 DAGs
[2024-12-22T02:21:12.049+0000] {logging_mixin.py:188} INFO - [2024-12-22T02:21:12.049+0000] {dag.py:3947} INFO - Setting next_dagrun for example_skip_dag to 2024-12-21 00:00:00+00:00, run_after=2024-12-22 00:00:00+00:00
[2024-12-22T02:21:12.061+0000] {processor.py:183} INFO - Processing /home/airflow/.local/lib/python3.12/site-packages/airflow/example_dags/example_skip_dag.py took 0.050 seconds
[2024-12-22T02:21:42.724+0000] {processor.py:161} INFO - Started process (PID=19238) to work on /home/airflow/.local/lib/python3.12/site-packages/airflow/example_dags/example_skip_dag.py
[2024-12-22T02:21:42.724+0000] {processor.py:830} INFO - Processing file /home/airflow/.local/lib/python3.12/site-packages/airflow/example_dags/example_skip_dag.py for tasks to queue
[2024-12-22T02:21:42.725+0000] {logging_mixin.py:188} INFO - [2024-12-22T02:21:42.725+0000] {dagbag.py:545} INFO - Filling up the DagBag from /home/airflow/.local/lib/python3.12/site-packages/airflow/example_dags/example_skip_dag.py
[2024-12-22T02:21:42.729+0000] {processor.py:840} INFO - DAG(s) 'example_skip_dag' retrieved from /home/airflow/.local/lib/python3.12/site-packages/airflow/example_dags/example_skip_dag.py
[2024-12-22T02:21:42.743+0000] {logging_mixin.py:188} INFO - [2024-12-22T02:21:42.743+0000] {dag.py:3089} INFO - Sync 1 DAGs
[2024-12-22T02:21:42.755+0000] {logging_mixin.py:188} INFO - [2024-12-22T02:21:42.755+0000] {dag.py:3947} INFO - Setting next_dagrun for example_skip_dag to 2024-12-21 00:00:00+00:00, run_after=2024-12-22 00:00:00+00:00
[2024-12-22T02:21:42.766+0000] {processor.py:183} INFO - Processing /home/airflow/.local/lib/python3.12/site-packages/airflow/example_dags/example_skip_dag.py took 0.047 seconds
[2024-12-22T02:22:13.098+0000] {processor.py:161} INFO - Started process (PID=19515) to work on /home/airflow/.local/lib/python3.12/site-packages/airflow/example_dags/example_skip_dag.py
[2024-12-22T02:22:13.099+0000] {processor.py:830} INFO - Processing file /home/airflow/.local/lib/python3.12/site-packages/airflow/example_dags/example_skip_dag.py for tasks to queue
[2024-12-22T02:22:13.100+0000] {logging_mixin.py:188} INFO - [2024-12-22T02:22:13.100+0000] {dagbag.py:545} INFO - Filling up the DagBag from /home/airflow/.local/lib/python3.12/site-packages/airflow/example_dags/example_skip_dag.py
[2024-12-22T02:22:13.104+0000] {processor.py:840} INFO - DAG(s) 'example_skip_dag' retrieved from /home/airflow/.local/lib/python3.12/site-packages/airflow/example_dags/example_skip_dag.py
[2024-12-22T02:22:13.118+0000] {logging_mixin.py:188} INFO - [2024-12-22T02:22:13.118+0000] {dag.py:3089} INFO - Sync 1 DAGs
[2024-12-22T02:22:13.130+0000] {logging_mixin.py:188} INFO - [2024-12-22T02:22:13.130+0000] {dag.py:3947} INFO - Setting next_dagrun for example_skip_dag to 2024-12-21 00:00:00+00:00, run_after=2024-12-22 00:00:00+00:00
[2024-12-22T02:22:13.139+0000] {processor.py:183} INFO - Processing /home/airflow/.local/lib/python3.12/site-packages/airflow/example_dags/example_skip_dag.py took 0.044 seconds
[2024-12-22T02:22:43.481+0000] {processor.py:161} INFO - Started process (PID=19784) to work on /home/airflow/.local/lib/python3.12/site-packages/airflow/example_dags/example_skip_dag.py
[2024-12-22T02:22:43.481+0000] {processor.py:830} INFO - Processing file /home/airflow/.local/lib/python3.12/site-packages/airflow/example_dags/example_skip_dag.py for tasks to queue
[2024-12-22T02:22:43.484+0000] {logging_mixin.py:188} INFO - [2024-12-22T02:22:43.483+0000] {dagbag.py:545} INFO - Filling up the DagBag from /home/airflow/.local/lib/python3.12/site-packages/airflow/example_dags/example_skip_dag.py
[2024-12-22T02:22:43.488+0000] {processor.py:840} INFO - DAG(s) 'example_skip_dag' retrieved from /home/airflow/.local/lib/python3.12/site-packages/airflow/example_dags/example_skip_dag.py
[2024-12-22T02:22:43.503+0000] {logging_mixin.py:188} INFO - [2024-12-22T02:22:43.503+0000] {dag.py:3089} INFO - Sync 1 DAGs
[2024-12-22T02:22:43.514+0000] {logging_mixin.py:188} INFO - [2024-12-22T02:22:43.514+0000] {dag.py:3947} INFO - Setting next_dagrun for example_skip_dag to 2024-12-21 00:00:00+00:00, run_after=2024-12-22 00:00:00+00:00
[2024-12-22T02:22:43.524+0000] {processor.py:183} INFO - Processing /home/airflow/.local/lib/python3.12/site-packages/airflow/example_dags/example_skip_dag.py took 0.047 seconds
[2024-12-22T02:23:14.147+0000] {processor.py:161} INFO - Started process (PID=20061) to work on /home/airflow/.local/lib/python3.12/site-packages/airflow/example_dags/example_skip_dag.py
[2024-12-22T02:23:14.148+0000] {processor.py:830} INFO - Processing file /home/airflow/.local/lib/python3.12/site-packages/airflow/example_dags/example_skip_dag.py for tasks to queue
[2024-12-22T02:23:14.150+0000] {logging_mixin.py:188} INFO - [2024-12-22T02:23:14.150+0000] {dagbag.py:545} INFO - Filling up the DagBag from /home/airflow/.local/lib/python3.12/site-packages/airflow/example_dags/example_skip_dag.py
[2024-12-22T02:23:14.154+0000] {processor.py:840} INFO - DAG(s) 'example_skip_dag' retrieved from /home/airflow/.local/lib/python3.12/site-packages/airflow/example_dags/example_skip_dag.py
[2024-12-22T02:23:14.169+0000] {logging_mixin.py:188} INFO - [2024-12-22T02:23:14.169+0000] {dag.py:3089} INFO - Sync 1 DAGs
[2024-12-22T02:23:14.183+0000] {logging_mixin.py:188} INFO - [2024-12-22T02:23:14.183+0000] {dag.py:3947} INFO - Setting next_dagrun for example_skip_dag to 2024-12-21 00:00:00+00:00, run_after=2024-12-22 00:00:00+00:00
[2024-12-22T02:23:14.195+0000] {processor.py:183} INFO - Processing /home/airflow/.local/lib/python3.12/site-packages/airflow/example_dags/example_skip_dag.py took 0.052 seconds
[2024-12-22T02:23:44.780+0000] {processor.py:161} INFO - Started process (PID=20338) to work on /home/airflow/.local/lib/python3.12/site-packages/airflow/example_dags/example_skip_dag.py
[2024-12-22T02:23:44.781+0000] {processor.py:830} INFO - Processing file /home/airflow/.local/lib/python3.12/site-packages/airflow/example_dags/example_skip_dag.py for tasks to queue
[2024-12-22T02:23:44.782+0000] {logging_mixin.py:188} INFO - [2024-12-22T02:23:44.782+0000] {dagbag.py:545} INFO - Filling up the DagBag from /home/airflow/.local/lib/python3.12/site-packages/airflow/example_dags/example_skip_dag.py
[2024-12-22T02:23:44.787+0000] {processor.py:840} INFO - DAG(s) 'example_skip_dag' retrieved from /home/airflow/.local/lib/python3.12/site-packages/airflow/example_dags/example_skip_dag.py
[2024-12-22T02:23:44.802+0000] {logging_mixin.py:188} INFO - [2024-12-22T02:23:44.802+0000] {dag.py:3089} INFO - Sync 1 DAGs
[2024-12-22T02:23:44.815+0000] {logging_mixin.py:188} INFO - [2024-12-22T02:23:44.815+0000] {dag.py:3947} INFO - Setting next_dagrun for example_skip_dag to 2024-12-21 00:00:00+00:00, run_after=2024-12-22 00:00:00+00:00
[2024-12-22T02:23:44.826+0000] {processor.py:183} INFO - Processing /home/airflow/.local/lib/python3.12/site-packages/airflow/example_dags/example_skip_dag.py took 0.050 seconds
[2024-12-22T02:24:15.286+0000] {processor.py:161} INFO - Started process (PID=20615) to work on /home/airflow/.local/lib/python3.12/site-packages/airflow/example_dags/example_skip_dag.py
[2024-12-22T02:24:15.287+0000] {processor.py:830} INFO - Processing file /home/airflow/.local/lib/python3.12/site-packages/airflow/example_dags/example_skip_dag.py for tasks to queue
[2024-12-22T02:24:15.288+0000] {logging_mixin.py:188} INFO - [2024-12-22T02:24:15.288+0000] {dagbag.py:545} INFO - Filling up the DagBag from /home/airflow/.local/lib/python3.12/site-packages/airflow/example_dags/example_skip_dag.py
[2024-12-22T02:24:15.292+0000] {processor.py:840} INFO - DAG(s) 'example_skip_dag' retrieved from /home/airflow/.local/lib/python3.12/site-packages/airflow/example_dags/example_skip_dag.py
[2024-12-22T02:24:15.308+0000] {logging_mixin.py:188} INFO - [2024-12-22T02:24:15.308+0000] {dag.py:3089} INFO - Sync 1 DAGs
[2024-12-22T02:24:15.319+0000] {logging_mixin.py:188} INFO - [2024-12-22T02:24:15.319+0000] {dag.py:3947} INFO - Setting next_dagrun for example_skip_dag to 2024-12-21 00:00:00+00:00, run_after=2024-12-22 00:00:00+00:00
[2024-12-22T02:24:15.332+0000] {processor.py:183} INFO - Processing /home/airflow/.local/lib/python3.12/site-packages/airflow/example_dags/example_skip_dag.py took 0.049 seconds
[2024-12-22T02:24:46.180+0000] {processor.py:161} INFO - Started process (PID=20894) to work on /home/airflow/.local/lib/python3.12/site-packages/airflow/example_dags/example_skip_dag.py
[2024-12-22T02:24:46.181+0000] {processor.py:830} INFO - Processing file /home/airflow/.local/lib/python3.12/site-packages/airflow/example_dags/example_skip_dag.py for tasks to queue
[2024-12-22T02:24:46.182+0000] {logging_mixin.py:188} INFO - [2024-12-22T02:24:46.181+0000] {dagbag.py:545} INFO - Filling up the DagBag from /home/airflow/.local/lib/python3.12/site-packages/airflow/example_dags/example_skip_dag.py
[2024-12-22T02:24:46.185+0000] {processor.py:840} INFO - DAG(s) 'example_skip_dag' retrieved from /home/airflow/.local/lib/python3.12/site-packages/airflow/example_dags/example_skip_dag.py
[2024-12-22T02:24:46.200+0000] {logging_mixin.py:188} INFO - [2024-12-22T02:24:46.200+0000] {dag.py:3089} INFO - Sync 1 DAGs
[2024-12-22T02:24:46.211+0000] {logging_mixin.py:188} INFO - [2024-12-22T02:24:46.211+0000] {dag.py:3947} INFO - Setting next_dagrun for example_skip_dag to 2024-12-21 00:00:00+00:00, run_after=2024-12-22 00:00:00+00:00
[2024-12-22T02:24:46.222+0000] {processor.py:183} INFO - Processing /home/airflow/.local/lib/python3.12/site-packages/airflow/example_dags/example_skip_dag.py took 0.046 seconds
[2024-12-22T02:25:16.520+0000] {processor.py:161} INFO - Started process (PID=21169) to work on /home/airflow/.local/lib/python3.12/site-packages/airflow/example_dags/example_skip_dag.py
[2024-12-22T02:25:16.521+0000] {processor.py:830} INFO - Processing file /home/airflow/.local/lib/python3.12/site-packages/airflow/example_dags/example_skip_dag.py for tasks to queue
[2024-12-22T02:25:16.523+0000] {logging_mixin.py:188} INFO - [2024-12-22T02:25:16.522+0000] {dagbag.py:545} INFO - Filling up the DagBag from /home/airflow/.local/lib/python3.12/site-packages/airflow/example_dags/example_skip_dag.py
[2024-12-22T02:25:16.527+0000] {processor.py:840} INFO - DAG(s) 'example_skip_dag' retrieved from /home/airflow/.local/lib/python3.12/site-packages/airflow/example_dags/example_skip_dag.py
[2024-12-22T02:25:16.542+0000] {logging_mixin.py:188} INFO - [2024-12-22T02:25:16.542+0000] {dag.py:3089} INFO - Sync 1 DAGs
[2024-12-22T02:25:16.555+0000] {logging_mixin.py:188} INFO - [2024-12-22T02:25:16.555+0000] {dag.py:3947} INFO - Setting next_dagrun for example_skip_dag to 2024-12-21 00:00:00+00:00, run_after=2024-12-22 00:00:00+00:00
[2024-12-22T02:25:16.565+0000] {processor.py:183} INFO - Processing /home/airflow/.local/lib/python3.12/site-packages/airflow/example_dags/example_skip_dag.py took 0.049 seconds
[2024-12-22T02:25:46.831+0000] {processor.py:161} INFO - Started process (PID=21449) to work on /home/airflow/.local/lib/python3.12/site-packages/airflow/example_dags/example_skip_dag.py
[2024-12-22T02:25:46.832+0000] {processor.py:830} INFO - Processing file /home/airflow/.local/lib/python3.12/site-packages/airflow/example_dags/example_skip_dag.py for tasks to queue
[2024-12-22T02:25:46.833+0000] {logging_mixin.py:188} INFO - [2024-12-22T02:25:46.833+0000] {dagbag.py:545} INFO - Filling up the DagBag from /home/airflow/.local/lib/python3.12/site-packages/airflow/example_dags/example_skip_dag.py
[2024-12-22T02:25:46.837+0000] {processor.py:840} INFO - DAG(s) 'example_skip_dag' retrieved from /home/airflow/.local/lib/python3.12/site-packages/airflow/example_dags/example_skip_dag.py
[2024-12-22T02:25:46.850+0000] {logging_mixin.py:188} INFO - [2024-12-22T02:25:46.850+0000] {dag.py:3089} INFO - Sync 1 DAGs
[2024-12-22T02:25:46.862+0000] {logging_mixin.py:188} INFO - [2024-12-22T02:25:46.862+0000] {dag.py:3947} INFO - Setting next_dagrun for example_skip_dag to 2024-12-21 00:00:00+00:00, run_after=2024-12-22 00:00:00+00:00
[2024-12-22T02:25:46.872+0000] {processor.py:183} INFO - Processing /home/airflow/.local/lib/python3.12/site-packages/airflow/example_dags/example_skip_dag.py took 0.045 seconds
[2024-12-22T02:26:17.424+0000] {processor.py:161} INFO - Started process (PID=21724) to work on /home/airflow/.local/lib/python3.12/site-packages/airflow/example_dags/example_skip_dag.py
[2024-12-22T02:26:17.425+0000] {processor.py:830} INFO - Processing file /home/airflow/.local/lib/python3.12/site-packages/airflow/example_dags/example_skip_dag.py for tasks to queue
[2024-12-22T02:26:17.427+0000] {logging_mixin.py:188} INFO - [2024-12-22T02:26:17.426+0000] {dagbag.py:545} INFO - Filling up the DagBag from /home/airflow/.local/lib/python3.12/site-packages/airflow/example_dags/example_skip_dag.py
[2024-12-22T02:26:17.431+0000] {processor.py:840} INFO - DAG(s) 'example_skip_dag' retrieved from /home/airflow/.local/lib/python3.12/site-packages/airflow/example_dags/example_skip_dag.py
[2024-12-22T02:26:17.448+0000] {logging_mixin.py:188} INFO - [2024-12-22T02:26:17.448+0000] {dag.py:3089} INFO - Sync 1 DAGs
[2024-12-22T02:26:17.462+0000] {logging_mixin.py:188} INFO - [2024-12-22T02:26:17.462+0000] {dag.py:3947} INFO - Setting next_dagrun for example_skip_dag to 2024-12-21 00:00:00+00:00, run_after=2024-12-22 00:00:00+00:00
[2024-12-22T02:26:17.473+0000] {processor.py:183} INFO - Processing /home/airflow/.local/lib/python3.12/site-packages/airflow/example_dags/example_skip_dag.py took 0.053 seconds
[2024-12-22T02:26:48.243+0000] {processor.py:161} INFO - Started process (PID=22001) to work on /home/airflow/.local/lib/python3.12/site-packages/airflow/example_dags/example_skip_dag.py
[2024-12-22T02:26:48.244+0000] {processor.py:830} INFO - Processing file /home/airflow/.local/lib/python3.12/site-packages/airflow/example_dags/example_skip_dag.py for tasks to queue
[2024-12-22T02:26:48.245+0000] {logging_mixin.py:188} INFO - [2024-12-22T02:26:48.245+0000] {dagbag.py:545} INFO - Filling up the DagBag from /home/airflow/.local/lib/python3.12/site-packages/airflow/example_dags/example_skip_dag.py
[2024-12-22T02:26:48.250+0000] {processor.py:840} INFO - DAG(s) 'example_skip_dag' retrieved from /home/airflow/.local/lib/python3.12/site-packages/airflow/example_dags/example_skip_dag.py
[2024-12-22T02:26:48.264+0000] {logging_mixin.py:188} INFO - [2024-12-22T02:26:48.264+0000] {dag.py:3089} INFO - Sync 1 DAGs
[2024-12-22T02:26:48.275+0000] {logging_mixin.py:188} INFO - [2024-12-22T02:26:48.275+0000] {dag.py:3947} INFO - Setting next_dagrun for example_skip_dag to 2024-12-21 00:00:00+00:00, run_after=2024-12-22 00:00:00+00:00
[2024-12-22T02:26:48.288+0000] {processor.py:183} INFO - Processing /home/airflow/.local/lib/python3.12/site-packages/airflow/example_dags/example_skip_dag.py took 0.049 seconds
[2024-12-22T02:27:19.070+0000] {processor.py:161} INFO - Started process (PID=22278) to work on /home/airflow/.local/lib/python3.12/site-packages/airflow/example_dags/example_skip_dag.py
[2024-12-22T02:27:19.070+0000] {processor.py:830} INFO - Processing file /home/airflow/.local/lib/python3.12/site-packages/airflow/example_dags/example_skip_dag.py for tasks to queue
[2024-12-22T02:27:19.071+0000] {logging_mixin.py:188} INFO - [2024-12-22T02:27:19.071+0000] {dagbag.py:545} INFO - Filling up the DagBag from /home/airflow/.local/lib/python3.12/site-packages/airflow/example_dags/example_skip_dag.py
[2024-12-22T02:27:19.076+0000] {processor.py:840} INFO - DAG(s) 'example_skip_dag' retrieved from /home/airflow/.local/lib/python3.12/site-packages/airflow/example_dags/example_skip_dag.py
[2024-12-22T02:27:19.091+0000] {logging_mixin.py:188} INFO - [2024-12-22T02:27:19.091+0000] {dag.py:3089} INFO - Sync 1 DAGs
[2024-12-22T02:27:19.103+0000] {logging_mixin.py:188} INFO - [2024-12-22T02:27:19.103+0000] {dag.py:3947} INFO - Setting next_dagrun for example_skip_dag to 2024-12-21 00:00:00+00:00, run_after=2024-12-22 00:00:00+00:00
[2024-12-22T02:27:19.113+0000] {processor.py:183} INFO - Processing /home/airflow/.local/lib/python3.12/site-packages/airflow/example_dags/example_skip_dag.py took 0.048 seconds
[2024-12-22T02:27:49.495+0000] {processor.py:161} INFO - Started process (PID=22555) to work on /home/airflow/.local/lib/python3.12/site-packages/airflow/example_dags/example_skip_dag.py
[2024-12-22T02:27:49.495+0000] {processor.py:830} INFO - Processing file /home/airflow/.local/lib/python3.12/site-packages/airflow/example_dags/example_skip_dag.py for tasks to queue
[2024-12-22T02:27:49.496+0000] {logging_mixin.py:188} INFO - [2024-12-22T02:27:49.496+0000] {dagbag.py:545} INFO - Filling up the DagBag from /home/airflow/.local/lib/python3.12/site-packages/airflow/example_dags/example_skip_dag.py
[2024-12-22T02:27:49.500+0000] {processor.py:840} INFO - DAG(s) 'example_skip_dag' retrieved from /home/airflow/.local/lib/python3.12/site-packages/airflow/example_dags/example_skip_dag.py
[2024-12-22T02:27:49.512+0000] {logging_mixin.py:188} INFO - [2024-12-22T02:27:49.512+0000] {dag.py:3089} INFO - Sync 1 DAGs
[2024-12-22T02:27:49.523+0000] {logging_mixin.py:188} INFO - [2024-12-22T02:27:49.523+0000] {dag.py:3947} INFO - Setting next_dagrun for example_skip_dag to 2024-12-21 00:00:00+00:00, run_after=2024-12-22 00:00:00+00:00
[2024-12-22T02:27:49.534+0000] {processor.py:183} INFO - Processing /home/airflow/.local/lib/python3.12/site-packages/airflow/example_dags/example_skip_dag.py took 0.043 seconds
[2024-12-22T02:28:19.963+0000] {processor.py:161} INFO - Started process (PID=22834) to work on /home/airflow/.local/lib/python3.12/site-packages/airflow/example_dags/example_skip_dag.py
[2024-12-22T02:28:19.964+0000] {processor.py:830} INFO - Processing file /home/airflow/.local/lib/python3.12/site-packages/airflow/example_dags/example_skip_dag.py for tasks to queue
[2024-12-22T02:28:19.965+0000] {logging_mixin.py:188} INFO - [2024-12-22T02:28:19.965+0000] {dagbag.py:545} INFO - Filling up the DagBag from /home/airflow/.local/lib/python3.12/site-packages/airflow/example_dags/example_skip_dag.py
[2024-12-22T02:28:19.970+0000] {processor.py:840} INFO - DAG(s) 'example_skip_dag' retrieved from /home/airflow/.local/lib/python3.12/site-packages/airflow/example_dags/example_skip_dag.py
[2024-12-22T02:28:19.984+0000] {logging_mixin.py:188} INFO - [2024-12-22T02:28:19.984+0000] {dag.py:3089} INFO - Sync 1 DAGs
[2024-12-22T02:28:19.995+0000] {logging_mixin.py:188} INFO - [2024-12-22T02:28:19.995+0000] {dag.py:3947} INFO - Setting next_dagrun for example_skip_dag to 2024-12-21 00:00:00+00:00, run_after=2024-12-22 00:00:00+00:00
[2024-12-22T02:28:20.004+0000] {processor.py:183} INFO - Processing /home/airflow/.local/lib/python3.12/site-packages/airflow/example_dags/example_skip_dag.py took 0.045 seconds
[2024-12-22T02:28:53.418+0000] {processor.py:161} INFO - Started process (PID=23111) to work on /home/airflow/.local/lib/python3.12/site-packages/airflow/example_dags/example_skip_dag.py
[2024-12-22T02:28:53.419+0000] {processor.py:830} INFO - Processing file /home/airflow/.local/lib/python3.12/site-packages/airflow/example_dags/example_skip_dag.py for tasks to queue
[2024-12-22T02:28:53.420+0000] {logging_mixin.py:188} INFO - [2024-12-22T02:28:53.420+0000] {dagbag.py:545} INFO - Filling up the DagBag from /home/airflow/.local/lib/python3.12/site-packages/airflow/example_dags/example_skip_dag.py
[2024-12-22T02:28:53.423+0000] {processor.py:840} INFO - DAG(s) 'example_skip_dag' retrieved from /home/airflow/.local/lib/python3.12/site-packages/airflow/example_dags/example_skip_dag.py
[2024-12-22T02:28:53.437+0000] {logging_mixin.py:188} INFO - [2024-12-22T02:28:53.437+0000] {dag.py:3089} INFO - Sync 1 DAGs
[2024-12-22T02:28:53.448+0000] {logging_mixin.py:188} INFO - [2024-12-22T02:28:53.448+0000] {dag.py:3947} INFO - Setting next_dagrun for example_skip_dag to 2024-12-21 00:00:00+00:00, run_after=2024-12-22 00:00:00+00:00
[2024-12-22T02:28:53.458+0000] {processor.py:183} INFO - Processing /home/airflow/.local/lib/python3.12/site-packages/airflow/example_dags/example_skip_dag.py took 0.043 seconds
[2024-12-22T02:29:39.230+0000] {processor.py:161} INFO - Started process (PID=23394) to work on /home/airflow/.local/lib/python3.12/site-packages/airflow/example_dags/example_skip_dag.py
[2024-12-22T02:29:39.231+0000] {processor.py:830} INFO - Processing file /home/airflow/.local/lib/python3.12/site-packages/airflow/example_dags/example_skip_dag.py for tasks to queue
[2024-12-22T02:29:39.232+0000] {logging_mixin.py:188} INFO - [2024-12-22T02:29:39.232+0000] {dagbag.py:545} INFO - Filling up the DagBag from /home/airflow/.local/lib/python3.12/site-packages/airflow/example_dags/example_skip_dag.py
[2024-12-22T02:29:39.236+0000] {processor.py:840} INFO - DAG(s) 'example_skip_dag' retrieved from /home/airflow/.local/lib/python3.12/site-packages/airflow/example_dags/example_skip_dag.py
[2024-12-22T02:29:39.251+0000] {logging_mixin.py:188} INFO - [2024-12-22T02:29:39.251+0000] {dag.py:3089} INFO - Sync 1 DAGs
[2024-12-22T02:29:39.262+0000] {logging_mixin.py:188} INFO - [2024-12-22T02:29:39.262+0000] {dag.py:3947} INFO - Setting next_dagrun for example_skip_dag to 2024-12-21 00:00:00+00:00, run_after=2024-12-22 00:00:00+00:00
[2024-12-22T02:29:39.276+0000] {processor.py:183} INFO - Processing /home/airflow/.local/lib/python3.12/site-packages/airflow/example_dags/example_skip_dag.py took 0.050 seconds
[2024-12-22T02:30:09.746+0000] {processor.py:161} INFO - Started process (PID=23669) to work on /home/airflow/.local/lib/python3.12/site-packages/airflow/example_dags/example_skip_dag.py
[2024-12-22T02:30:09.748+0000] {processor.py:830} INFO - Processing file /home/airflow/.local/lib/python3.12/site-packages/airflow/example_dags/example_skip_dag.py for tasks to queue
[2024-12-22T02:30:09.749+0000] {logging_mixin.py:188} INFO - [2024-12-22T02:30:09.749+0000] {dagbag.py:545} INFO - Filling up the DagBag from /home/airflow/.local/lib/python3.12/site-packages/airflow/example_dags/example_skip_dag.py
[2024-12-22T02:30:09.753+0000] {processor.py:840} INFO - DAG(s) 'example_skip_dag' retrieved from /home/airflow/.local/lib/python3.12/site-packages/airflow/example_dags/example_skip_dag.py
[2024-12-22T02:30:09.769+0000] {logging_mixin.py:188} INFO - [2024-12-22T02:30:09.769+0000] {dag.py:3089} INFO - Sync 1 DAGs
[2024-12-22T02:30:09.782+0000] {logging_mixin.py:188} INFO - [2024-12-22T02:30:09.782+0000] {dag.py:3947} INFO - Setting next_dagrun for example_skip_dag to 2024-12-21 00:00:00+00:00, run_after=2024-12-22 00:00:00+00:00
[2024-12-22T02:30:09.793+0000] {processor.py:183} INFO - Processing /home/airflow/.local/lib/python3.12/site-packages/airflow/example_dags/example_skip_dag.py took 0.051 seconds
[2024-12-22T02:30:39.960+0000] {processor.py:161} INFO - Started process (PID=23948) to work on /home/airflow/.local/lib/python3.12/site-packages/airflow/example_dags/example_skip_dag.py
[2024-12-22T02:30:39.961+0000] {processor.py:830} INFO - Processing file /home/airflow/.local/lib/python3.12/site-packages/airflow/example_dags/example_skip_dag.py for tasks to queue
[2024-12-22T02:30:39.963+0000] {logging_mixin.py:188} INFO - [2024-12-22T02:30:39.963+0000] {dagbag.py:545} INFO - Filling up the DagBag from /home/airflow/.local/lib/python3.12/site-packages/airflow/example_dags/example_skip_dag.py
[2024-12-22T02:30:39.968+0000] {processor.py:840} INFO - DAG(s) 'example_skip_dag' retrieved from /home/airflow/.local/lib/python3.12/site-packages/airflow/example_dags/example_skip_dag.py
[2024-12-22T02:30:39.991+0000] {logging_mixin.py:188} INFO - [2024-12-22T02:30:39.991+0000] {dag.py:3089} INFO - Sync 1 DAGs
[2024-12-22T02:30:40.009+0000] {logging_mixin.py:188} INFO - [2024-12-22T02:30:40.009+0000] {dag.py:3947} INFO - Setting next_dagrun for example_skip_dag to 2024-12-21 00:00:00+00:00, run_after=2024-12-22 00:00:00+00:00
[2024-12-22T02:30:40.027+0000] {processor.py:183} INFO - Processing /home/airflow/.local/lib/python3.12/site-packages/airflow/example_dags/example_skip_dag.py took 0.073 seconds
[2024-12-22T02:31:10.555+0000] {processor.py:161} INFO - Started process (PID=24217) to work on /home/airflow/.local/lib/python3.12/site-packages/airflow/example_dags/example_skip_dag.py
[2024-12-22T02:31:10.556+0000] {processor.py:830} INFO - Processing file /home/airflow/.local/lib/python3.12/site-packages/airflow/example_dags/example_skip_dag.py for tasks to queue
[2024-12-22T02:31:10.557+0000] {logging_mixin.py:188} INFO - [2024-12-22T02:31:10.557+0000] {dagbag.py:545} INFO - Filling up the DagBag from /home/airflow/.local/lib/python3.12/site-packages/airflow/example_dags/example_skip_dag.py
[2024-12-22T02:31:10.562+0000] {processor.py:840} INFO - DAG(s) 'example_skip_dag' retrieved from /home/airflow/.local/lib/python3.12/site-packages/airflow/example_dags/example_skip_dag.py
[2024-12-22T02:31:10.575+0000] {logging_mixin.py:188} INFO - [2024-12-22T02:31:10.575+0000] {dag.py:3089} INFO - Sync 1 DAGs
[2024-12-22T02:31:10.587+0000] {logging_mixin.py:188} INFO - [2024-12-22T02:31:10.587+0000] {dag.py:3947} INFO - Setting next_dagrun for example_skip_dag to 2024-12-21 00:00:00+00:00, run_after=2024-12-22 00:00:00+00:00
[2024-12-22T02:31:10.598+0000] {processor.py:183} INFO - Processing /home/airflow/.local/lib/python3.12/site-packages/airflow/example_dags/example_skip_dag.py took 0.046 seconds
[2024-12-22T02:31:41.042+0000] {processor.py:161} INFO - Started process (PID=24494) to work on /home/airflow/.local/lib/python3.12/site-packages/airflow/example_dags/example_skip_dag.py
[2024-12-22T02:31:41.042+0000] {processor.py:830} INFO - Processing file /home/airflow/.local/lib/python3.12/site-packages/airflow/example_dags/example_skip_dag.py for tasks to queue
[2024-12-22T02:31:41.044+0000] {logging_mixin.py:188} INFO - [2024-12-22T02:31:41.044+0000] {dagbag.py:545} INFO - Filling up the DagBag from /home/airflow/.local/lib/python3.12/site-packages/airflow/example_dags/example_skip_dag.py
[2024-12-22T02:31:41.048+0000] {processor.py:840} INFO - DAG(s) 'example_skip_dag' retrieved from /home/airflow/.local/lib/python3.12/site-packages/airflow/example_dags/example_skip_dag.py
[2024-12-22T02:31:41.061+0000] {logging_mixin.py:188} INFO - [2024-12-22T02:31:41.061+0000] {dag.py:3089} INFO - Sync 1 DAGs
[2024-12-22T02:31:41.075+0000] {logging_mixin.py:188} INFO - [2024-12-22T02:31:41.075+0000] {dag.py:3947} INFO - Setting next_dagrun for example_skip_dag to 2024-12-21 00:00:00+00:00, run_after=2024-12-22 00:00:00+00:00
[2024-12-22T02:31:41.084+0000] {processor.py:183} INFO - Processing /home/airflow/.local/lib/python3.12/site-packages/airflow/example_dags/example_skip_dag.py took 0.048 seconds
[2024-12-22T02:32:11.389+0000] {processor.py:161} INFO - Started process (PID=24773) to work on /home/airflow/.local/lib/python3.12/site-packages/airflow/example_dags/example_skip_dag.py
[2024-12-22T02:32:11.389+0000] {processor.py:830} INFO - Processing file /home/airflow/.local/lib/python3.12/site-packages/airflow/example_dags/example_skip_dag.py for tasks to queue
[2024-12-22T02:32:11.391+0000] {logging_mixin.py:188} INFO - [2024-12-22T02:32:11.390+0000] {dagbag.py:545} INFO - Filling up the DagBag from /home/airflow/.local/lib/python3.12/site-packages/airflow/example_dags/example_skip_dag.py
[2024-12-22T02:32:11.394+0000] {processor.py:840} INFO - DAG(s) 'example_skip_dag' retrieved from /home/airflow/.local/lib/python3.12/site-packages/airflow/example_dags/example_skip_dag.py
[2024-12-22T02:32:11.409+0000] {logging_mixin.py:188} INFO - [2024-12-22T02:32:11.409+0000] {dag.py:3089} INFO - Sync 1 DAGs
[2024-12-22T02:32:11.420+0000] {logging_mixin.py:188} INFO - [2024-12-22T02:32:11.419+0000] {dag.py:3947} INFO - Setting next_dagrun for example_skip_dag to 2024-12-21 00:00:00+00:00, run_after=2024-12-22 00:00:00+00:00
[2024-12-22T02:32:11.430+0000] {processor.py:183} INFO - Processing /home/airflow/.local/lib/python3.12/site-packages/airflow/example_dags/example_skip_dag.py took 0.046 seconds
[2024-12-22T02:32:41.907+0000] {processor.py:161} INFO - Started process (PID=25050) to work on /home/airflow/.local/lib/python3.12/site-packages/airflow/example_dags/example_skip_dag.py
[2024-12-22T02:32:41.907+0000] {processor.py:830} INFO - Processing file /home/airflow/.local/lib/python3.12/site-packages/airflow/example_dags/example_skip_dag.py for tasks to queue
[2024-12-22T02:32:41.909+0000] {logging_mixin.py:188} INFO - [2024-12-22T02:32:41.908+0000] {dagbag.py:545} INFO - Filling up the DagBag from /home/airflow/.local/lib/python3.12/site-packages/airflow/example_dags/example_skip_dag.py
[2024-12-22T02:32:41.912+0000] {processor.py:840} INFO - DAG(s) 'example_skip_dag' retrieved from /home/airflow/.local/lib/python3.12/site-packages/airflow/example_dags/example_skip_dag.py
[2024-12-22T02:32:41.927+0000] {logging_mixin.py:188} INFO - [2024-12-22T02:32:41.927+0000] {dag.py:3089} INFO - Sync 1 DAGs
[2024-12-22T02:32:41.938+0000] {logging_mixin.py:188} INFO - [2024-12-22T02:32:41.938+0000] {dag.py:3947} INFO - Setting next_dagrun for example_skip_dag to 2024-12-21 00:00:00+00:00, run_after=2024-12-22 00:00:00+00:00
[2024-12-22T02:32:41.948+0000] {processor.py:183} INFO - Processing /home/airflow/.local/lib/python3.12/site-packages/airflow/example_dags/example_skip_dag.py took 0.046 seconds
[2024-12-22T02:33:12.051+0000] {processor.py:161} INFO - Started process (PID=25327) to work on /home/airflow/.local/lib/python3.12/site-packages/airflow/example_dags/example_skip_dag.py
[2024-12-22T02:33:12.052+0000] {processor.py:830} INFO - Processing file /home/airflow/.local/lib/python3.12/site-packages/airflow/example_dags/example_skip_dag.py for tasks to queue
[2024-12-22T02:33:12.053+0000] {logging_mixin.py:188} INFO - [2024-12-22T02:33:12.052+0000] {dagbag.py:545} INFO - Filling up the DagBag from /home/airflow/.local/lib/python3.12/site-packages/airflow/example_dags/example_skip_dag.py
[2024-12-22T02:33:12.056+0000] {processor.py:840} INFO - DAG(s) 'example_skip_dag' retrieved from /home/airflow/.local/lib/python3.12/site-packages/airflow/example_dags/example_skip_dag.py
[2024-12-22T02:33:12.070+0000] {logging_mixin.py:188} INFO - [2024-12-22T02:33:12.070+0000] {dag.py:3089} INFO - Sync 1 DAGs
[2024-12-22T02:33:12.081+0000] {logging_mixin.py:188} INFO - [2024-12-22T02:33:12.081+0000] {dag.py:3947} INFO - Setting next_dagrun for example_skip_dag to 2024-12-21 00:00:00+00:00, run_after=2024-12-22 00:00:00+00:00
[2024-12-22T02:33:12.091+0000] {processor.py:183} INFO - Processing /home/airflow/.local/lib/python3.12/site-packages/airflow/example_dags/example_skip_dag.py took 0.044 seconds
[2024-12-22T02:33:42.417+0000] {processor.py:161} INFO - Started process (PID=25604) to work on /home/airflow/.local/lib/python3.12/site-packages/airflow/example_dags/example_skip_dag.py
[2024-12-22T02:33:42.418+0000] {processor.py:830} INFO - Processing file /home/airflow/.local/lib/python3.12/site-packages/airflow/example_dags/example_skip_dag.py for tasks to queue
[2024-12-22T02:33:42.419+0000] {logging_mixin.py:188} INFO - [2024-12-22T02:33:42.419+0000] {dagbag.py:545} INFO - Filling up the DagBag from /home/airflow/.local/lib/python3.12/site-packages/airflow/example_dags/example_skip_dag.py
[2024-12-22T02:33:42.423+0000] {processor.py:840} INFO - DAG(s) 'example_skip_dag' retrieved from /home/airflow/.local/lib/python3.12/site-packages/airflow/example_dags/example_skip_dag.py
[2024-12-22T02:33:42.436+0000] {logging_mixin.py:188} INFO - [2024-12-22T02:33:42.436+0000] {dag.py:3089} INFO - Sync 1 DAGs
[2024-12-22T02:33:42.449+0000] {logging_mixin.py:188} INFO - [2024-12-22T02:33:42.449+0000] {dag.py:3947} INFO - Setting next_dagrun for example_skip_dag to 2024-12-21 00:00:00+00:00, run_after=2024-12-22 00:00:00+00:00
[2024-12-22T02:33:42.460+0000] {processor.py:183} INFO - Processing /home/airflow/.local/lib/python3.12/site-packages/airflow/example_dags/example_skip_dag.py took 0.047 seconds
[2024-12-22T02:34:12.898+0000] {processor.py:161} INFO - Started process (PID=25879) to work on /home/airflow/.local/lib/python3.12/site-packages/airflow/example_dags/example_skip_dag.py
[2024-12-22T02:34:12.899+0000] {processor.py:830} INFO - Processing file /home/airflow/.local/lib/python3.12/site-packages/airflow/example_dags/example_skip_dag.py for tasks to queue
[2024-12-22T02:34:12.900+0000] {logging_mixin.py:188} INFO - [2024-12-22T02:34:12.900+0000] {dagbag.py:545} INFO - Filling up the DagBag from /home/airflow/.local/lib/python3.12/site-packages/airflow/example_dags/example_skip_dag.py
[2024-12-22T02:34:12.905+0000] {processor.py:840} INFO - DAG(s) 'example_skip_dag' retrieved from /home/airflow/.local/lib/python3.12/site-packages/airflow/example_dags/example_skip_dag.py
[2024-12-22T02:34:12.919+0000] {logging_mixin.py:188} INFO - [2024-12-22T02:34:12.919+0000] {dag.py:3089} INFO - Sync 1 DAGs
[2024-12-22T02:34:12.931+0000] {logging_mixin.py:188} INFO - [2024-12-22T02:34:12.931+0000] {dag.py:3947} INFO - Setting next_dagrun for example_skip_dag to 2024-12-21 00:00:00+00:00, run_after=2024-12-22 00:00:00+00:00
[2024-12-22T02:34:12.943+0000] {processor.py:183} INFO - Processing /home/airflow/.local/lib/python3.12/site-packages/airflow/example_dags/example_skip_dag.py took 0.048 seconds
[2024-12-22T02:34:43.323+0000] {processor.py:161} INFO - Started process (PID=26156) to work on /home/airflow/.local/lib/python3.12/site-packages/airflow/example_dags/example_skip_dag.py
[2024-12-22T02:34:43.324+0000] {processor.py:830} INFO - Processing file /home/airflow/.local/lib/python3.12/site-packages/airflow/example_dags/example_skip_dag.py for tasks to queue
[2024-12-22T02:34:43.325+0000] {logging_mixin.py:188} INFO - [2024-12-22T02:34:43.324+0000] {dagbag.py:545} INFO - Filling up the DagBag from /home/airflow/.local/lib/python3.12/site-packages/airflow/example_dags/example_skip_dag.py
[2024-12-22T02:34:43.329+0000] {processor.py:840} INFO - DAG(s) 'example_skip_dag' retrieved from /home/airflow/.local/lib/python3.12/site-packages/airflow/example_dags/example_skip_dag.py
[2024-12-22T02:34:43.345+0000] {logging_mixin.py:188} INFO - [2024-12-22T02:34:43.344+0000] {dag.py:3089} INFO - Sync 1 DAGs
[2024-12-22T02:34:43.356+0000] {logging_mixin.py:188} INFO - [2024-12-22T02:34:43.356+0000] {dag.py:3947} INFO - Setting next_dagrun for example_skip_dag to 2024-12-21 00:00:00+00:00, run_after=2024-12-22 00:00:00+00:00
[2024-12-22T02:34:43.376+0000] {processor.py:183} INFO - Processing /home/airflow/.local/lib/python3.12/site-packages/airflow/example_dags/example_skip_dag.py took 0.057 seconds
[2024-12-22T02:35:13.894+0000] {processor.py:161} INFO - Started process (PID=26436) to work on /home/airflow/.local/lib/python3.12/site-packages/airflow/example_dags/example_skip_dag.py
[2024-12-22T02:35:13.895+0000] {processor.py:830} INFO - Processing file /home/airflow/.local/lib/python3.12/site-packages/airflow/example_dags/example_skip_dag.py for tasks to queue
[2024-12-22T02:35:13.896+0000] {logging_mixin.py:188} INFO - [2024-12-22T02:35:13.896+0000] {dagbag.py:545} INFO - Filling up the DagBag from /home/airflow/.local/lib/python3.12/site-packages/airflow/example_dags/example_skip_dag.py
[2024-12-22T02:35:13.901+0000] {processor.py:840} INFO - DAG(s) 'example_skip_dag' retrieved from /home/airflow/.local/lib/python3.12/site-packages/airflow/example_dags/example_skip_dag.py
[2024-12-22T02:35:13.915+0000] {logging_mixin.py:188} INFO - [2024-12-22T02:35:13.915+0000] {dag.py:3089} INFO - Sync 1 DAGs
[2024-12-22T02:35:13.927+0000] {logging_mixin.py:188} INFO - [2024-12-22T02:35:13.927+0000] {dag.py:3947} INFO - Setting next_dagrun for example_skip_dag to 2024-12-21 00:00:00+00:00, run_after=2024-12-22 00:00:00+00:00
[2024-12-22T02:35:13.938+0000] {processor.py:183} INFO - Processing /home/airflow/.local/lib/python3.12/site-packages/airflow/example_dags/example_skip_dag.py took 0.048 seconds
[2024-12-22T02:35:44.092+0000] {processor.py:161} INFO - Started process (PID=26713) to work on /home/airflow/.local/lib/python3.12/site-packages/airflow/example_dags/example_skip_dag.py
[2024-12-22T02:35:44.092+0000] {processor.py:830} INFO - Processing file /home/airflow/.local/lib/python3.12/site-packages/airflow/example_dags/example_skip_dag.py for tasks to queue
[2024-12-22T02:35:44.093+0000] {logging_mixin.py:188} INFO - [2024-12-22T02:35:44.093+0000] {dagbag.py:545} INFO - Filling up the DagBag from /home/airflow/.local/lib/python3.12/site-packages/airflow/example_dags/example_skip_dag.py
[2024-12-22T02:35:44.097+0000] {processor.py:840} INFO - DAG(s) 'example_skip_dag' retrieved from /home/airflow/.local/lib/python3.12/site-packages/airflow/example_dags/example_skip_dag.py
[2024-12-22T02:35:44.111+0000] {logging_mixin.py:188} INFO - [2024-12-22T02:35:44.111+0000] {dag.py:3089} INFO - Sync 1 DAGs
[2024-12-22T02:35:44.122+0000] {logging_mixin.py:188} INFO - [2024-12-22T02:35:44.122+0000] {dag.py:3947} INFO - Setting next_dagrun for example_skip_dag to 2024-12-21 00:00:00+00:00, run_after=2024-12-22 00:00:00+00:00
[2024-12-22T02:35:44.132+0000] {processor.py:183} INFO - Processing /home/airflow/.local/lib/python3.12/site-packages/airflow/example_dags/example_skip_dag.py took 0.044 seconds
[2024-12-22T02:36:15.246+0000] {processor.py:161} INFO - Started process (PID=26990) to work on /home/airflow/.local/lib/python3.12/site-packages/airflow/example_dags/example_skip_dag.py
[2024-12-22T02:36:15.247+0000] {processor.py:830} INFO - Processing file /home/airflow/.local/lib/python3.12/site-packages/airflow/example_dags/example_skip_dag.py for tasks to queue
[2024-12-22T02:36:15.248+0000] {logging_mixin.py:188} INFO - [2024-12-22T02:36:15.248+0000] {dagbag.py:545} INFO - Filling up the DagBag from /home/airflow/.local/lib/python3.12/site-packages/airflow/example_dags/example_skip_dag.py
[2024-12-22T02:36:15.253+0000] {processor.py:840} INFO - DAG(s) 'example_skip_dag' retrieved from /home/airflow/.local/lib/python3.12/site-packages/airflow/example_dags/example_skip_dag.py
[2024-12-22T02:36:15.271+0000] {logging_mixin.py:188} INFO - [2024-12-22T02:36:15.271+0000] {dag.py:3089} INFO - Sync 1 DAGs
[2024-12-22T02:36:15.285+0000] {logging_mixin.py:188} INFO - [2024-12-22T02:36:15.285+0000] {dag.py:3947} INFO - Setting next_dagrun for example_skip_dag to 2024-12-21 00:00:00+00:00, run_after=2024-12-22 00:00:00+00:00
[2024-12-22T02:36:15.297+0000] {processor.py:183} INFO - Processing /home/airflow/.local/lib/python3.12/site-packages/airflow/example_dags/example_skip_dag.py took 0.055 seconds
[2024-12-22T02:36:45.421+0000] {processor.py:161} INFO - Started process (PID=27267) to work on /home/airflow/.local/lib/python3.12/site-packages/airflow/example_dags/example_skip_dag.py
[2024-12-22T02:36:45.422+0000] {processor.py:830} INFO - Processing file /home/airflow/.local/lib/python3.12/site-packages/airflow/example_dags/example_skip_dag.py for tasks to queue
[2024-12-22T02:36:45.423+0000] {logging_mixin.py:188} INFO - [2024-12-22T02:36:45.423+0000] {dagbag.py:545} INFO - Filling up the DagBag from /home/airflow/.local/lib/python3.12/site-packages/airflow/example_dags/example_skip_dag.py
[2024-12-22T02:36:45.426+0000] {processor.py:840} INFO - DAG(s) 'example_skip_dag' retrieved from /home/airflow/.local/lib/python3.12/site-packages/airflow/example_dags/example_skip_dag.py
[2024-12-22T02:36:45.440+0000] {logging_mixin.py:188} INFO - [2024-12-22T02:36:45.440+0000] {dag.py:3089} INFO - Sync 1 DAGs
[2024-12-22T02:36:45.452+0000] {logging_mixin.py:188} INFO - [2024-12-22T02:36:45.452+0000] {dag.py:3947} INFO - Setting next_dagrun for example_skip_dag to 2024-12-21 00:00:00+00:00, run_after=2024-12-22 00:00:00+00:00
[2024-12-22T02:36:45.464+0000] {processor.py:183} INFO - Processing /home/airflow/.local/lib/python3.12/site-packages/airflow/example_dags/example_skip_dag.py took 0.046 seconds
[2024-12-22T02:37:15.813+0000] {processor.py:161} INFO - Started process (PID=27544) to work on /home/airflow/.local/lib/python3.12/site-packages/airflow/example_dags/example_skip_dag.py
[2024-12-22T02:37:15.814+0000] {processor.py:830} INFO - Processing file /home/airflow/.local/lib/python3.12/site-packages/airflow/example_dags/example_skip_dag.py for tasks to queue
[2024-12-22T02:37:15.815+0000] {logging_mixin.py:188} INFO - [2024-12-22T02:37:15.815+0000] {dagbag.py:545} INFO - Filling up the DagBag from /home/airflow/.local/lib/python3.12/site-packages/airflow/example_dags/example_skip_dag.py
[2024-12-22T02:37:15.822+0000] {processor.py:840} INFO - DAG(s) 'example_skip_dag' retrieved from /home/airflow/.local/lib/python3.12/site-packages/airflow/example_dags/example_skip_dag.py
[2024-12-22T02:37:15.835+0000] {logging_mixin.py:188} INFO - [2024-12-22T02:37:15.835+0000] {dag.py:3089} INFO - Sync 1 DAGs
[2024-12-22T02:37:15.847+0000] {logging_mixin.py:188} INFO - [2024-12-22T02:37:15.847+0000] {dag.py:3947} INFO - Setting next_dagrun for example_skip_dag to 2024-12-21 00:00:00+00:00, run_after=2024-12-22 00:00:00+00:00
[2024-12-22T02:37:15.857+0000] {processor.py:183} INFO - Processing /home/airflow/.local/lib/python3.12/site-packages/airflow/example_dags/example_skip_dag.py took 0.048 seconds
[2024-12-22T02:37:48.586+0000] {processor.py:161} INFO - Started process (PID=27821) to work on /home/airflow/.local/lib/python3.12/site-packages/airflow/example_dags/example_skip_dag.py
[2024-12-22T02:37:48.587+0000] {processor.py:830} INFO - Processing file /home/airflow/.local/lib/python3.12/site-packages/airflow/example_dags/example_skip_dag.py for tasks to queue
[2024-12-22T02:37:48.588+0000] {logging_mixin.py:188} INFO - [2024-12-22T02:37:48.588+0000] {dagbag.py:545} INFO - Filling up the DagBag from /home/airflow/.local/lib/python3.12/site-packages/airflow/example_dags/example_skip_dag.py
[2024-12-22T02:37:48.592+0000] {processor.py:840} INFO - DAG(s) 'example_skip_dag' retrieved from /home/airflow/.local/lib/python3.12/site-packages/airflow/example_dags/example_skip_dag.py
[2024-12-22T02:37:48.605+0000] {logging_mixin.py:188} INFO - [2024-12-22T02:37:48.605+0000] {dag.py:3089} INFO - Sync 1 DAGs
[2024-12-22T02:37:48.616+0000] {logging_mixin.py:188} INFO - [2024-12-22T02:37:48.616+0000] {dag.py:3947} INFO - Setting next_dagrun for example_skip_dag to 2024-12-21 00:00:00+00:00, run_after=2024-12-22 00:00:00+00:00
[2024-12-22T02:37:48.627+0000] {processor.py:183} INFO - Processing /home/airflow/.local/lib/python3.12/site-packages/airflow/example_dags/example_skip_dag.py took 0.045 seconds
[2024-12-22T02:38:21.224+0000] {processor.py:161} INFO - Started process (PID=28096) to work on /home/airflow/.local/lib/python3.12/site-packages/airflow/example_dags/example_skip_dag.py
[2024-12-22T02:38:21.224+0000] {processor.py:830} INFO - Processing file /home/airflow/.local/lib/python3.12/site-packages/airflow/example_dags/example_skip_dag.py for tasks to queue
[2024-12-22T02:38:21.226+0000] {logging_mixin.py:188} INFO - [2024-12-22T02:38:21.226+0000] {dagbag.py:545} INFO - Filling up the DagBag from /home/airflow/.local/lib/python3.12/site-packages/airflow/example_dags/example_skip_dag.py
[2024-12-22T02:38:21.230+0000] {processor.py:840} INFO - DAG(s) 'example_skip_dag' retrieved from /home/airflow/.local/lib/python3.12/site-packages/airflow/example_dags/example_skip_dag.py
[2024-12-22T02:38:21.245+0000] {logging_mixin.py:188} INFO - [2024-12-22T02:38:21.245+0000] {dag.py:3089} INFO - Sync 1 DAGs
[2024-12-22T02:38:21.257+0000] {logging_mixin.py:188} INFO - [2024-12-22T02:38:21.257+0000] {dag.py:3947} INFO - Setting next_dagrun for example_skip_dag to 2024-12-21 00:00:00+00:00, run_after=2024-12-22 00:00:00+00:00
[2024-12-22T02:38:21.270+0000] {processor.py:183} INFO - Processing /home/airflow/.local/lib/python3.12/site-packages/airflow/example_dags/example_skip_dag.py took 0.051 seconds
[2024-12-22T02:38:52.730+0000] {processor.py:161} INFO - Started process (PID=28375) to work on /home/airflow/.local/lib/python3.12/site-packages/airflow/example_dags/example_skip_dag.py
[2024-12-22T02:38:52.731+0000] {processor.py:830} INFO - Processing file /home/airflow/.local/lib/python3.12/site-packages/airflow/example_dags/example_skip_dag.py for tasks to queue
[2024-12-22T02:38:52.732+0000] {logging_mixin.py:188} INFO - [2024-12-22T02:38:52.732+0000] {dagbag.py:545} INFO - Filling up the DagBag from /home/airflow/.local/lib/python3.12/site-packages/airflow/example_dags/example_skip_dag.py
[2024-12-22T02:38:52.736+0000] {processor.py:840} INFO - DAG(s) 'example_skip_dag' retrieved from /home/airflow/.local/lib/python3.12/site-packages/airflow/example_dags/example_skip_dag.py
[2024-12-22T02:38:52.751+0000] {logging_mixin.py:188} INFO - [2024-12-22T02:38:52.751+0000] {dag.py:3089} INFO - Sync 1 DAGs
[2024-12-22T02:38:52.764+0000] {logging_mixin.py:188} INFO - [2024-12-22T02:38:52.764+0000] {dag.py:3947} INFO - Setting next_dagrun for example_skip_dag to 2024-12-21 00:00:00+00:00, run_after=2024-12-22 00:00:00+00:00
[2024-12-22T02:38:52.776+0000] {processor.py:183} INFO - Processing /home/airflow/.local/lib/python3.12/site-packages/airflow/example_dags/example_skip_dag.py took 0.050 seconds
[2024-12-22T02:39:23.411+0000] {processor.py:161} INFO - Started process (PID=28652) to work on /home/airflow/.local/lib/python3.12/site-packages/airflow/example_dags/example_skip_dag.py
[2024-12-22T02:39:23.412+0000] {processor.py:830} INFO - Processing file /home/airflow/.local/lib/python3.12/site-packages/airflow/example_dags/example_skip_dag.py for tasks to queue
[2024-12-22T02:39:23.413+0000] {logging_mixin.py:188} INFO - [2024-12-22T02:39:23.413+0000] {dagbag.py:545} INFO - Filling up the DagBag from /home/airflow/.local/lib/python3.12/site-packages/airflow/example_dags/example_skip_dag.py
[2024-12-22T02:39:23.417+0000] {processor.py:840} INFO - DAG(s) 'example_skip_dag' retrieved from /home/airflow/.local/lib/python3.12/site-packages/airflow/example_dags/example_skip_dag.py
[2024-12-22T02:39:23.432+0000] {logging_mixin.py:188} INFO - [2024-12-22T02:39:23.432+0000] {dag.py:3089} INFO - Sync 1 DAGs
[2024-12-22T02:39:23.443+0000] {logging_mixin.py:188} INFO - [2024-12-22T02:39:23.443+0000] {dag.py:3947} INFO - Setting next_dagrun for example_skip_dag to 2024-12-21 00:00:00+00:00, run_after=2024-12-22 00:00:00+00:00
[2024-12-22T02:39:23.457+0000] {processor.py:183} INFO - Processing /home/airflow/.local/lib/python3.12/site-packages/airflow/example_dags/example_skip_dag.py took 0.050 seconds
[2024-12-22T02:39:54.154+0000] {processor.py:161} INFO - Started process (PID=28930) to work on /home/airflow/.local/lib/python3.12/site-packages/airflow/example_dags/example_skip_dag.py
[2024-12-22T02:39:54.154+0000] {processor.py:830} INFO - Processing file /home/airflow/.local/lib/python3.12/site-packages/airflow/example_dags/example_skip_dag.py for tasks to queue
[2024-12-22T02:39:54.155+0000] {logging_mixin.py:188} INFO - [2024-12-22T02:39:54.155+0000] {dagbag.py:545} INFO - Filling up the DagBag from /home/airflow/.local/lib/python3.12/site-packages/airflow/example_dags/example_skip_dag.py
[2024-12-22T02:39:54.160+0000] {processor.py:840} INFO - DAG(s) 'example_skip_dag' retrieved from /home/airflow/.local/lib/python3.12/site-packages/airflow/example_dags/example_skip_dag.py
[2024-12-22T02:39:54.174+0000] {logging_mixin.py:188} INFO - [2024-12-22T02:39:54.174+0000] {dag.py:3089} INFO - Sync 1 DAGs
[2024-12-22T02:39:54.185+0000] {logging_mixin.py:188} INFO - [2024-12-22T02:39:54.185+0000] {dag.py:3947} INFO - Setting next_dagrun for example_skip_dag to 2024-12-21 00:00:00+00:00, run_after=2024-12-22 00:00:00+00:00
[2024-12-22T02:39:54.195+0000] {processor.py:183} INFO - Processing /home/airflow/.local/lib/python3.12/site-packages/airflow/example_dags/example_skip_dag.py took 0.045 seconds
[2024-12-22T02:40:27.493+0000] {processor.py:161} INFO - Started process (PID=29205) to work on /home/airflow/.local/lib/python3.12/site-packages/airflow/example_dags/example_skip_dag.py
[2024-12-22T02:40:27.494+0000] {processor.py:830} INFO - Processing file /home/airflow/.local/lib/python3.12/site-packages/airflow/example_dags/example_skip_dag.py for tasks to queue
[2024-12-22T02:40:27.495+0000] {logging_mixin.py:188} INFO - [2024-12-22T02:40:27.495+0000] {dagbag.py:545} INFO - Filling up the DagBag from /home/airflow/.local/lib/python3.12/site-packages/airflow/example_dags/example_skip_dag.py
[2024-12-22T02:40:27.499+0000] {processor.py:840} INFO - DAG(s) 'example_skip_dag' retrieved from /home/airflow/.local/lib/python3.12/site-packages/airflow/example_dags/example_skip_dag.py
[2024-12-22T02:40:27.513+0000] {logging_mixin.py:188} INFO - [2024-12-22T02:40:27.513+0000] {dag.py:3089} INFO - Sync 1 DAGs
[2024-12-22T02:40:27.525+0000] {logging_mixin.py:188} INFO - [2024-12-22T02:40:27.525+0000] {dag.py:3947} INFO - Setting next_dagrun for example_skip_dag to 2024-12-21 00:00:00+00:00, run_after=2024-12-22 00:00:00+00:00
[2024-12-22T02:40:27.535+0000] {processor.py:183} INFO - Processing /home/airflow/.local/lib/python3.12/site-packages/airflow/example_dags/example_skip_dag.py took 0.046 seconds
[2024-12-22T02:40:59.871+0000] {processor.py:161} INFO - Started process (PID=29484) to work on /home/airflow/.local/lib/python3.12/site-packages/airflow/example_dags/example_skip_dag.py
[2024-12-22T02:40:59.872+0000] {processor.py:830} INFO - Processing file /home/airflow/.local/lib/python3.12/site-packages/airflow/example_dags/example_skip_dag.py for tasks to queue
[2024-12-22T02:40:59.873+0000] {logging_mixin.py:188} INFO - [2024-12-22T02:40:59.873+0000] {dagbag.py:545} INFO - Filling up the DagBag from /home/airflow/.local/lib/python3.12/site-packages/airflow/example_dags/example_skip_dag.py
[2024-12-22T02:40:59.876+0000] {processor.py:840} INFO - DAG(s) 'example_skip_dag' retrieved from /home/airflow/.local/lib/python3.12/site-packages/airflow/example_dags/example_skip_dag.py
[2024-12-22T02:40:59.890+0000] {logging_mixin.py:188} INFO - [2024-12-22T02:40:59.890+0000] {dag.py:3089} INFO - Sync 1 DAGs
[2024-12-22T02:40:59.905+0000] {logging_mixin.py:188} INFO - [2024-12-22T02:40:59.905+0000] {dag.py:3947} INFO - Setting next_dagrun for example_skip_dag to 2024-12-21 00:00:00+00:00, run_after=2024-12-22 00:00:00+00:00
[2024-12-22T02:40:59.915+0000] {processor.py:183} INFO - Processing /home/airflow/.local/lib/python3.12/site-packages/airflow/example_dags/example_skip_dag.py took 0.048 seconds
[2024-12-22T02:41:32.661+0000] {processor.py:161} INFO - Started process (PID=29759) to work on /home/airflow/.local/lib/python3.12/site-packages/airflow/example_dags/example_skip_dag.py
[2024-12-22T02:41:32.662+0000] {processor.py:830} INFO - Processing file /home/airflow/.local/lib/python3.12/site-packages/airflow/example_dags/example_skip_dag.py for tasks to queue
[2024-12-22T02:41:32.663+0000] {logging_mixin.py:188} INFO - [2024-12-22T02:41:32.663+0000] {dagbag.py:545} INFO - Filling up the DagBag from /home/airflow/.local/lib/python3.12/site-packages/airflow/example_dags/example_skip_dag.py
[2024-12-22T02:41:32.669+0000] {processor.py:840} INFO - DAG(s) 'example_skip_dag' retrieved from /home/airflow/.local/lib/python3.12/site-packages/airflow/example_dags/example_skip_dag.py
[2024-12-22T02:41:32.685+0000] {logging_mixin.py:188} INFO - [2024-12-22T02:41:32.685+0000] {dag.py:3089} INFO - Sync 1 DAGs
[2024-12-22T02:41:32.715+0000] {logging_mixin.py:188} INFO - [2024-12-22T02:41:32.715+0000] {dag.py:3947} INFO - Setting next_dagrun for example_skip_dag to 2024-12-21 00:00:00+00:00, run_after=2024-12-22 00:00:00+00:00
[2024-12-22T02:41:32.726+0000] {processor.py:183} INFO - Processing /home/airflow/.local/lib/python3.12/site-packages/airflow/example_dags/example_skip_dag.py took 0.069 seconds
[2024-12-22T02:42:03.726+0000] {processor.py:161} INFO - Started process (PID=30038) to work on /home/airflow/.local/lib/python3.12/site-packages/airflow/example_dags/example_skip_dag.py
[2024-12-22T02:42:03.727+0000] {processor.py:830} INFO - Processing file /home/airflow/.local/lib/python3.12/site-packages/airflow/example_dags/example_skip_dag.py for tasks to queue
[2024-12-22T02:42:03.730+0000] {logging_mixin.py:188} INFO - [2024-12-22T02:42:03.729+0000] {dagbag.py:545} INFO - Filling up the DagBag from /home/airflow/.local/lib/python3.12/site-packages/airflow/example_dags/example_skip_dag.py
[2024-12-22T02:42:03.734+0000] {processor.py:840} INFO - DAG(s) 'example_skip_dag' retrieved from /home/airflow/.local/lib/python3.12/site-packages/airflow/example_dags/example_skip_dag.py
[2024-12-22T02:42:03.749+0000] {logging_mixin.py:188} INFO - [2024-12-22T02:42:03.749+0000] {dag.py:3089} INFO - Sync 1 DAGs
[2024-12-22T02:42:03.763+0000] {logging_mixin.py:188} INFO - [2024-12-22T02:42:03.763+0000] {dag.py:3947} INFO - Setting next_dagrun for example_skip_dag to 2024-12-21 00:00:00+00:00, run_after=2024-12-22 00:00:00+00:00
[2024-12-22T02:42:03.776+0000] {processor.py:183} INFO - Processing /home/airflow/.local/lib/python3.12/site-packages/airflow/example_dags/example_skip_dag.py took 0.053 seconds
[2024-12-22T02:42:34.669+0000] {processor.py:161} INFO - Started process (PID=30313) to work on /home/airflow/.local/lib/python3.12/site-packages/airflow/example_dags/example_skip_dag.py
[2024-12-22T02:42:34.669+0000] {processor.py:830} INFO - Processing file /home/airflow/.local/lib/python3.12/site-packages/airflow/example_dags/example_skip_dag.py for tasks to queue
[2024-12-22T02:42:34.671+0000] {logging_mixin.py:188} INFO - [2024-12-22T02:42:34.670+0000] {dagbag.py:545} INFO - Filling up the DagBag from /home/airflow/.local/lib/python3.12/site-packages/airflow/example_dags/example_skip_dag.py
[2024-12-22T02:42:34.675+0000] {processor.py:840} INFO - DAG(s) 'example_skip_dag' retrieved from /home/airflow/.local/lib/python3.12/site-packages/airflow/example_dags/example_skip_dag.py
[2024-12-22T02:42:34.690+0000] {logging_mixin.py:188} INFO - [2024-12-22T02:42:34.689+0000] {dag.py:3089} INFO - Sync 1 DAGs
[2024-12-22T02:42:34.702+0000] {logging_mixin.py:188} INFO - [2024-12-22T02:42:34.702+0000] {dag.py:3947} INFO - Setting next_dagrun for example_skip_dag to 2024-12-21 00:00:00+00:00, run_after=2024-12-22 00:00:00+00:00
[2024-12-22T02:42:34.713+0000] {processor.py:183} INFO - Processing /home/airflow/.local/lib/python3.12/site-packages/airflow/example_dags/example_skip_dag.py took 0.049 seconds
[2024-12-22T02:43:07.073+0000] {processor.py:161} INFO - Started process (PID=30590) to work on /home/airflow/.local/lib/python3.12/site-packages/airflow/example_dags/example_skip_dag.py
[2024-12-22T02:43:07.074+0000] {processor.py:830} INFO - Processing file /home/airflow/.local/lib/python3.12/site-packages/airflow/example_dags/example_skip_dag.py for tasks to queue
[2024-12-22T02:43:07.076+0000] {logging_mixin.py:188} INFO - [2024-12-22T02:43:07.075+0000] {dagbag.py:545} INFO - Filling up the DagBag from /home/airflow/.local/lib/python3.12/site-packages/airflow/example_dags/example_skip_dag.py
[2024-12-22T02:43:07.080+0000] {processor.py:840} INFO - DAG(s) 'example_skip_dag' retrieved from /home/airflow/.local/lib/python3.12/site-packages/airflow/example_dags/example_skip_dag.py
[2024-12-22T02:43:07.094+0000] {logging_mixin.py:188} INFO - [2024-12-22T02:43:07.093+0000] {dag.py:3089} INFO - Sync 1 DAGs
[2024-12-22T02:43:07.105+0000] {logging_mixin.py:188} INFO - [2024-12-22T02:43:07.105+0000] {dag.py:3947} INFO - Setting next_dagrun for example_skip_dag to 2024-12-21 00:00:00+00:00, run_after=2024-12-22 00:00:00+00:00
[2024-12-22T02:43:07.115+0000] {processor.py:183} INFO - Processing /home/airflow/.local/lib/python3.12/site-packages/airflow/example_dags/example_skip_dag.py took 0.046 seconds
[2024-12-22T02:43:39.442+0000] {processor.py:161} INFO - Started process (PID=30867) to work on /home/airflow/.local/lib/python3.12/site-packages/airflow/example_dags/example_skip_dag.py
[2024-12-22T02:43:39.443+0000] {processor.py:830} INFO - Processing file /home/airflow/.local/lib/python3.12/site-packages/airflow/example_dags/example_skip_dag.py for tasks to queue
[2024-12-22T02:43:39.444+0000] {logging_mixin.py:188} INFO - [2024-12-22T02:43:39.444+0000] {dagbag.py:545} INFO - Filling up the DagBag from /home/airflow/.local/lib/python3.12/site-packages/airflow/example_dags/example_skip_dag.py
[2024-12-22T02:43:39.448+0000] {processor.py:840} INFO - DAG(s) 'example_skip_dag' retrieved from /home/airflow/.local/lib/python3.12/site-packages/airflow/example_dags/example_skip_dag.py
[2024-12-22T02:43:39.461+0000] {logging_mixin.py:188} INFO - [2024-12-22T02:43:39.461+0000] {dag.py:3089} INFO - Sync 1 DAGs
[2024-12-22T02:43:39.473+0000] {logging_mixin.py:188} INFO - [2024-12-22T02:43:39.473+0000] {dag.py:3947} INFO - Setting next_dagrun for example_skip_dag to 2024-12-21 00:00:00+00:00, run_after=2024-12-22 00:00:00+00:00
[2024-12-22T02:43:39.483+0000] {processor.py:183} INFO - Processing /home/airflow/.local/lib/python3.12/site-packages/airflow/example_dags/example_skip_dag.py took 0.045 seconds
[2024-12-22T02:44:12.250+0000] {processor.py:161} INFO - Started process (PID=31146) to work on /home/airflow/.local/lib/python3.12/site-packages/airflow/example_dags/example_skip_dag.py
[2024-12-22T02:44:12.250+0000] {processor.py:830} INFO - Processing file /home/airflow/.local/lib/python3.12/site-packages/airflow/example_dags/example_skip_dag.py for tasks to queue
[2024-12-22T02:44:12.252+0000] {logging_mixin.py:188} INFO - [2024-12-22T02:44:12.251+0000] {dagbag.py:545} INFO - Filling up the DagBag from /home/airflow/.local/lib/python3.12/site-packages/airflow/example_dags/example_skip_dag.py
[2024-12-22T02:44:12.256+0000] {processor.py:840} INFO - DAG(s) 'example_skip_dag' retrieved from /home/airflow/.local/lib/python3.12/site-packages/airflow/example_dags/example_skip_dag.py
[2024-12-22T02:44:12.272+0000] {logging_mixin.py:188} INFO - [2024-12-22T02:44:12.272+0000] {dag.py:3089} INFO - Sync 1 DAGs
[2024-12-22T02:44:12.286+0000] {logging_mixin.py:188} INFO - [2024-12-22T02:44:12.286+0000] {dag.py:3947} INFO - Setting next_dagrun for example_skip_dag to 2024-12-21 00:00:00+00:00, run_after=2024-12-22 00:00:00+00:00
[2024-12-22T02:44:12.297+0000] {processor.py:183} INFO - Processing /home/airflow/.local/lib/python3.12/site-packages/airflow/example_dags/example_skip_dag.py took 0.052 seconds
[2024-12-22T02:44:44.804+0000] {processor.py:161} INFO - Started process (PID=31421) to work on /home/airflow/.local/lib/python3.12/site-packages/airflow/example_dags/example_skip_dag.py
[2024-12-22T02:44:44.805+0000] {processor.py:830} INFO - Processing file /home/airflow/.local/lib/python3.12/site-packages/airflow/example_dags/example_skip_dag.py for tasks to queue
[2024-12-22T02:44:44.806+0000] {logging_mixin.py:188} INFO - [2024-12-22T02:44:44.806+0000] {dagbag.py:545} INFO - Filling up the DagBag from /home/airflow/.local/lib/python3.12/site-packages/airflow/example_dags/example_skip_dag.py
[2024-12-22T02:44:44.811+0000] {processor.py:840} INFO - DAG(s) 'example_skip_dag' retrieved from /home/airflow/.local/lib/python3.12/site-packages/airflow/example_dags/example_skip_dag.py
[2024-12-22T02:44:44.828+0000] {logging_mixin.py:188} INFO - [2024-12-22T02:44:44.827+0000] {dag.py:3089} INFO - Sync 1 DAGs
[2024-12-22T02:44:44.840+0000] {logging_mixin.py:188} INFO - [2024-12-22T02:44:44.840+0000] {dag.py:3947} INFO - Setting next_dagrun for example_skip_dag to 2024-12-21 00:00:00+00:00, run_after=2024-12-22 00:00:00+00:00
[2024-12-22T02:44:44.850+0000] {processor.py:183} INFO - Processing /home/airflow/.local/lib/python3.12/site-packages/airflow/example_dags/example_skip_dag.py took 0.050 seconds
[2024-12-22T02:45:16.067+0000] {processor.py:161} INFO - Started process (PID=31700) to work on /home/airflow/.local/lib/python3.12/site-packages/airflow/example_dags/example_skip_dag.py
[2024-12-22T02:45:16.068+0000] {processor.py:830} INFO - Processing file /home/airflow/.local/lib/python3.12/site-packages/airflow/example_dags/example_skip_dag.py for tasks to queue
[2024-12-22T02:45:16.070+0000] {logging_mixin.py:188} INFO - [2024-12-22T02:45:16.070+0000] {dagbag.py:545} INFO - Filling up the DagBag from /home/airflow/.local/lib/python3.12/site-packages/airflow/example_dags/example_skip_dag.py
[2024-12-22T02:45:16.075+0000] {processor.py:840} INFO - DAG(s) 'example_skip_dag' retrieved from /home/airflow/.local/lib/python3.12/site-packages/airflow/example_dags/example_skip_dag.py
[2024-12-22T02:45:16.091+0000] {logging_mixin.py:188} INFO - [2024-12-22T02:45:16.091+0000] {dag.py:3089} INFO - Sync 1 DAGs
[2024-12-22T02:45:16.106+0000] {logging_mixin.py:188} INFO - [2024-12-22T02:45:16.106+0000] {dag.py:3947} INFO - Setting next_dagrun for example_skip_dag to 2024-12-21 00:00:00+00:00, run_after=2024-12-22 00:00:00+00:00
[2024-12-22T02:45:16.117+0000] {processor.py:183} INFO - Processing /home/airflow/.local/lib/python3.12/site-packages/airflow/example_dags/example_skip_dag.py took 0.054 seconds
[2024-12-22T02:45:47.315+0000] {processor.py:161} INFO - Started process (PID=31975) to work on /home/airflow/.local/lib/python3.12/site-packages/airflow/example_dags/example_skip_dag.py
[2024-12-22T02:45:47.316+0000] {processor.py:830} INFO - Processing file /home/airflow/.local/lib/python3.12/site-packages/airflow/example_dags/example_skip_dag.py for tasks to queue
[2024-12-22T02:45:47.317+0000] {logging_mixin.py:188} INFO - [2024-12-22T02:45:47.317+0000] {dagbag.py:545} INFO - Filling up the DagBag from /home/airflow/.local/lib/python3.12/site-packages/airflow/example_dags/example_skip_dag.py
[2024-12-22T02:45:47.323+0000] {processor.py:840} INFO - DAG(s) 'example_skip_dag' retrieved from /home/airflow/.local/lib/python3.12/site-packages/airflow/example_dags/example_skip_dag.py
[2024-12-22T02:45:47.337+0000] {logging_mixin.py:188} INFO - [2024-12-22T02:45:47.337+0000] {dag.py:3089} INFO - Sync 1 DAGs
[2024-12-22T02:45:47.350+0000] {logging_mixin.py:188} INFO - [2024-12-22T02:45:47.350+0000] {dag.py:3947} INFO - Setting next_dagrun for example_skip_dag to 2024-12-21 00:00:00+00:00, run_after=2024-12-22 00:00:00+00:00
[2024-12-22T02:45:47.363+0000] {processor.py:183} INFO - Processing /home/airflow/.local/lib/python3.12/site-packages/airflow/example_dags/example_skip_dag.py took 0.052 seconds
[2024-12-22T02:46:18.591+0000] {processor.py:161} INFO - Started process (PID=32252) to work on /home/airflow/.local/lib/python3.12/site-packages/airflow/example_dags/example_skip_dag.py
[2024-12-22T02:46:18.593+0000] {processor.py:830} INFO - Processing file /home/airflow/.local/lib/python3.12/site-packages/airflow/example_dags/example_skip_dag.py for tasks to queue
[2024-12-22T02:46:18.595+0000] {logging_mixin.py:188} INFO - [2024-12-22T02:46:18.594+0000] {dagbag.py:545} INFO - Filling up the DagBag from /home/airflow/.local/lib/python3.12/site-packages/airflow/example_dags/example_skip_dag.py
[2024-12-22T02:46:18.599+0000] {processor.py:840} INFO - DAG(s) 'example_skip_dag' retrieved from /home/airflow/.local/lib/python3.12/site-packages/airflow/example_dags/example_skip_dag.py
[2024-12-22T02:46:18.622+0000] {logging_mixin.py:188} INFO - [2024-12-22T02:46:18.621+0000] {dag.py:3089} INFO - Sync 1 DAGs
[2024-12-22T02:46:18.638+0000] {logging_mixin.py:188} INFO - [2024-12-22T02:46:18.638+0000] {dag.py:3947} INFO - Setting next_dagrun for example_skip_dag to 2024-12-21 00:00:00+00:00, run_after=2024-12-22 00:00:00+00:00
[2024-12-22T02:46:18.650+0000] {processor.py:183} INFO - Processing /home/airflow/.local/lib/python3.12/site-packages/airflow/example_dags/example_skip_dag.py took 0.064 seconds
[2024-12-22T02:46:49.155+0000] {processor.py:161} INFO - Started process (PID=32530) to work on /home/airflow/.local/lib/python3.12/site-packages/airflow/example_dags/example_skip_dag.py
[2024-12-22T02:46:49.157+0000] {processor.py:830} INFO - Processing file /home/airflow/.local/lib/python3.12/site-packages/airflow/example_dags/example_skip_dag.py for tasks to queue
[2024-12-22T02:46:49.159+0000] {logging_mixin.py:188} INFO - [2024-12-22T02:46:49.159+0000] {dagbag.py:545} INFO - Filling up the DagBag from /home/airflow/.local/lib/python3.12/site-packages/airflow/example_dags/example_skip_dag.py
[2024-12-22T02:46:49.162+0000] {processor.py:840} INFO - DAG(s) 'example_skip_dag' retrieved from /home/airflow/.local/lib/python3.12/site-packages/airflow/example_dags/example_skip_dag.py
[2024-12-22T02:46:49.178+0000] {logging_mixin.py:188} INFO - [2024-12-22T02:46:49.178+0000] {dag.py:3089} INFO - Sync 1 DAGs
[2024-12-22T02:46:49.190+0000] {logging_mixin.py:188} INFO - [2024-12-22T02:46:49.190+0000] {dag.py:3947} INFO - Setting next_dagrun for example_skip_dag to 2024-12-21 00:00:00+00:00, run_after=2024-12-22 00:00:00+00:00
[2024-12-22T02:46:49.201+0000] {processor.py:183} INFO - Processing /home/airflow/.local/lib/python3.12/site-packages/airflow/example_dags/example_skip_dag.py took 0.049 seconds
[2024-12-22T02:47:21.471+0000] {processor.py:161} INFO - Started process (PID=32805) to work on /home/airflow/.local/lib/python3.12/site-packages/airflow/example_dags/example_skip_dag.py
[2024-12-22T02:47:21.472+0000] {processor.py:830} INFO - Processing file /home/airflow/.local/lib/python3.12/site-packages/airflow/example_dags/example_skip_dag.py for tasks to queue
[2024-12-22T02:47:21.473+0000] {logging_mixin.py:188} INFO - [2024-12-22T02:47:21.473+0000] {dagbag.py:545} INFO - Filling up the DagBag from /home/airflow/.local/lib/python3.12/site-packages/airflow/example_dags/example_skip_dag.py
[2024-12-22T02:47:21.477+0000] {processor.py:840} INFO - DAG(s) 'example_skip_dag' retrieved from /home/airflow/.local/lib/python3.12/site-packages/airflow/example_dags/example_skip_dag.py
[2024-12-22T02:47:21.489+0000] {logging_mixin.py:188} INFO - [2024-12-22T02:47:21.489+0000] {dag.py:3089} INFO - Sync 1 DAGs
[2024-12-22T02:47:21.501+0000] {logging_mixin.py:188} INFO - [2024-12-22T02:47:21.500+0000] {dag.py:3947} INFO - Setting next_dagrun for example_skip_dag to 2024-12-21 00:00:00+00:00, run_after=2024-12-22 00:00:00+00:00
[2024-12-22T02:47:21.510+0000] {processor.py:183} INFO - Processing /home/airflow/.local/lib/python3.12/site-packages/airflow/example_dags/example_skip_dag.py took 0.043 seconds
[2024-12-22T02:47:53.798+0000] {processor.py:161} INFO - Started process (PID=33084) to work on /home/airflow/.local/lib/python3.12/site-packages/airflow/example_dags/example_skip_dag.py
[2024-12-22T02:47:53.799+0000] {processor.py:830} INFO - Processing file /home/airflow/.local/lib/python3.12/site-packages/airflow/example_dags/example_skip_dag.py for tasks to queue
[2024-12-22T02:47:53.800+0000] {logging_mixin.py:188} INFO - [2024-12-22T02:47:53.800+0000] {dagbag.py:545} INFO - Filling up the DagBag from /home/airflow/.local/lib/python3.12/site-packages/airflow/example_dags/example_skip_dag.py
[2024-12-22T02:47:53.804+0000] {processor.py:840} INFO - DAG(s) 'example_skip_dag' retrieved from /home/airflow/.local/lib/python3.12/site-packages/airflow/example_dags/example_skip_dag.py
[2024-12-22T02:47:53.816+0000] {logging_mixin.py:188} INFO - [2024-12-22T02:47:53.816+0000] {dag.py:3089} INFO - Sync 1 DAGs
[2024-12-22T02:47:53.827+0000] {logging_mixin.py:188} INFO - [2024-12-22T02:47:53.827+0000] {dag.py:3947} INFO - Setting next_dagrun for example_skip_dag to 2024-12-21 00:00:00+00:00, run_after=2024-12-22 00:00:00+00:00
[2024-12-22T02:47:53.836+0000] {processor.py:183} INFO - Processing /home/airflow/.local/lib/python3.12/site-packages/airflow/example_dags/example_skip_dag.py took 0.042 seconds
[2024-12-22T02:48:26.600+0000] {processor.py:161} INFO - Started process (PID=33359) to work on /home/airflow/.local/lib/python3.12/site-packages/airflow/example_dags/example_skip_dag.py
[2024-12-22T02:48:26.601+0000] {processor.py:830} INFO - Processing file /home/airflow/.local/lib/python3.12/site-packages/airflow/example_dags/example_skip_dag.py for tasks to queue
[2024-12-22T02:48:26.603+0000] {logging_mixin.py:188} INFO - [2024-12-22T02:48:26.602+0000] {dagbag.py:545} INFO - Filling up the DagBag from /home/airflow/.local/lib/python3.12/site-packages/airflow/example_dags/example_skip_dag.py
[2024-12-22T02:48:26.608+0000] {processor.py:840} INFO - DAG(s) 'example_skip_dag' retrieved from /home/airflow/.local/lib/python3.12/site-packages/airflow/example_dags/example_skip_dag.py
[2024-12-22T02:48:26.624+0000] {logging_mixin.py:188} INFO - [2024-12-22T02:48:26.624+0000] {dag.py:3089} INFO - Sync 1 DAGs
[2024-12-22T02:48:26.638+0000] {logging_mixin.py:188} INFO - [2024-12-22T02:48:26.638+0000] {dag.py:3947} INFO - Setting next_dagrun for example_skip_dag to 2024-12-21 00:00:00+00:00, run_after=2024-12-22 00:00:00+00:00
[2024-12-22T02:48:26.650+0000] {processor.py:183} INFO - Processing /home/airflow/.local/lib/python3.12/site-packages/airflow/example_dags/example_skip_dag.py took 0.054 seconds
[2024-12-22T02:48:59.556+0000] {processor.py:161} INFO - Started process (PID=33638) to work on /home/airflow/.local/lib/python3.12/site-packages/airflow/example_dags/example_skip_dag.py
[2024-12-22T02:48:59.557+0000] {processor.py:830} INFO - Processing file /home/airflow/.local/lib/python3.12/site-packages/airflow/example_dags/example_skip_dag.py for tasks to queue
[2024-12-22T02:48:59.558+0000] {logging_mixin.py:188} INFO - [2024-12-22T02:48:59.558+0000] {dagbag.py:545} INFO - Filling up the DagBag from /home/airflow/.local/lib/python3.12/site-packages/airflow/example_dags/example_skip_dag.py
[2024-12-22T02:48:59.562+0000] {processor.py:840} INFO - DAG(s) 'example_skip_dag' retrieved from /home/airflow/.local/lib/python3.12/site-packages/airflow/example_dags/example_skip_dag.py
[2024-12-22T02:48:59.579+0000] {logging_mixin.py:188} INFO - [2024-12-22T02:48:59.579+0000] {dag.py:3089} INFO - Sync 1 DAGs
[2024-12-22T02:48:59.593+0000] {logging_mixin.py:188} INFO - [2024-12-22T02:48:59.593+0000] {dag.py:3947} INFO - Setting next_dagrun for example_skip_dag to 2024-12-21 00:00:00+00:00, run_after=2024-12-22 00:00:00+00:00
[2024-12-22T02:48:59.604+0000] {processor.py:183} INFO - Processing /home/airflow/.local/lib/python3.12/site-packages/airflow/example_dags/example_skip_dag.py took 0.051 seconds
[2024-12-22T02:49:30.955+0000] {processor.py:161} INFO - Started process (PID=33913) to work on /home/airflow/.local/lib/python3.12/site-packages/airflow/example_dags/example_skip_dag.py
[2024-12-22T02:49:30.956+0000] {processor.py:830} INFO - Processing file /home/airflow/.local/lib/python3.12/site-packages/airflow/example_dags/example_skip_dag.py for tasks to queue
[2024-12-22T02:49:30.958+0000] {logging_mixin.py:188} INFO - [2024-12-22T02:49:30.958+0000] {dagbag.py:545} INFO - Filling up the DagBag from /home/airflow/.local/lib/python3.12/site-packages/airflow/example_dags/example_skip_dag.py
[2024-12-22T02:49:30.963+0000] {processor.py:840} INFO - DAG(s) 'example_skip_dag' retrieved from /home/airflow/.local/lib/python3.12/site-packages/airflow/example_dags/example_skip_dag.py
[2024-12-22T02:49:30.979+0000] {logging_mixin.py:188} INFO - [2024-12-22T02:49:30.978+0000] {dag.py:3089} INFO - Sync 1 DAGs
[2024-12-22T02:49:30.994+0000] {logging_mixin.py:188} INFO - [2024-12-22T02:49:30.994+0000] {dag.py:3947} INFO - Setting next_dagrun for example_skip_dag to 2024-12-21 00:00:00+00:00, run_after=2024-12-22 00:00:00+00:00
[2024-12-22T02:49:31.008+0000] {processor.py:183} INFO - Processing /home/airflow/.local/lib/python3.12/site-packages/airflow/example_dags/example_skip_dag.py took 0.058 seconds
[2024-12-22T02:50:01.966+0000] {processor.py:161} INFO - Started process (PID=34189) to work on /home/airflow/.local/lib/python3.12/site-packages/airflow/example_dags/example_skip_dag.py
[2024-12-22T02:50:01.967+0000] {processor.py:830} INFO - Processing file /home/airflow/.local/lib/python3.12/site-packages/airflow/example_dags/example_skip_dag.py for tasks to queue
[2024-12-22T02:50:01.969+0000] {logging_mixin.py:188} INFO - [2024-12-22T02:50:01.968+0000] {dagbag.py:545} INFO - Filling up the DagBag from /home/airflow/.local/lib/python3.12/site-packages/airflow/example_dags/example_skip_dag.py
[2024-12-22T02:50:01.973+0000] {processor.py:840} INFO - DAG(s) 'example_skip_dag' retrieved from /home/airflow/.local/lib/python3.12/site-packages/airflow/example_dags/example_skip_dag.py
[2024-12-22T02:50:01.988+0000] {logging_mixin.py:188} INFO - [2024-12-22T02:50:01.988+0000] {dag.py:3089} INFO - Sync 1 DAGs
[2024-12-22T02:50:02.001+0000] {logging_mixin.py:188} INFO - [2024-12-22T02:50:02.001+0000] {dag.py:3947} INFO - Setting next_dagrun for example_skip_dag to 2024-12-21 00:00:00+00:00, run_after=2024-12-22 00:00:00+00:00
[2024-12-22T02:50:02.014+0000] {processor.py:183} INFO - Processing /home/airflow/.local/lib/python3.12/site-packages/airflow/example_dags/example_skip_dag.py took 0.053 seconds
[2024-12-22T02:50:32.117+0000] {processor.py:161} INFO - Started process (PID=34467) to work on /home/airflow/.local/lib/python3.12/site-packages/airflow/example_dags/example_skip_dag.py
[2024-12-22T02:50:32.118+0000] {processor.py:830} INFO - Processing file /home/airflow/.local/lib/python3.12/site-packages/airflow/example_dags/example_skip_dag.py for tasks to queue
[2024-12-22T02:50:32.119+0000] {logging_mixin.py:188} INFO - [2024-12-22T02:50:32.119+0000] {dagbag.py:545} INFO - Filling up the DagBag from /home/airflow/.local/lib/python3.12/site-packages/airflow/example_dags/example_skip_dag.py
[2024-12-22T02:50:32.125+0000] {processor.py:840} INFO - DAG(s) 'example_skip_dag' retrieved from /home/airflow/.local/lib/python3.12/site-packages/airflow/example_dags/example_skip_dag.py
[2024-12-22T02:50:32.140+0000] {logging_mixin.py:188} INFO - [2024-12-22T02:50:32.140+0000] {dag.py:3089} INFO - Sync 1 DAGs
[2024-12-22T02:50:32.153+0000] {logging_mixin.py:188} INFO - [2024-12-22T02:50:32.153+0000] {dag.py:3947} INFO - Setting next_dagrun for example_skip_dag to 2024-12-21 00:00:00+00:00, run_after=2024-12-22 00:00:00+00:00
[2024-12-22T02:50:32.166+0000] {processor.py:183} INFO - Processing /home/airflow/.local/lib/python3.12/site-packages/airflow/example_dags/example_skip_dag.py took 0.054 seconds
[2024-12-22T02:51:02.822+0000] {processor.py:161} INFO - Started process (PID=34744) to work on /home/airflow/.local/lib/python3.12/site-packages/airflow/example_dags/example_skip_dag.py
[2024-12-22T02:51:02.823+0000] {processor.py:830} INFO - Processing file /home/airflow/.local/lib/python3.12/site-packages/airflow/example_dags/example_skip_dag.py for tasks to queue
[2024-12-22T02:51:02.824+0000] {logging_mixin.py:188} INFO - [2024-12-22T02:51:02.824+0000] {dagbag.py:545} INFO - Filling up the DagBag from /home/airflow/.local/lib/python3.12/site-packages/airflow/example_dags/example_skip_dag.py
[2024-12-22T02:51:02.830+0000] {processor.py:840} INFO - DAG(s) 'example_skip_dag' retrieved from /home/airflow/.local/lib/python3.12/site-packages/airflow/example_dags/example_skip_dag.py
[2024-12-22T02:51:02.846+0000] {logging_mixin.py:188} INFO - [2024-12-22T02:51:02.846+0000] {dag.py:3089} INFO - Sync 1 DAGs
[2024-12-22T02:51:02.860+0000] {logging_mixin.py:188} INFO - [2024-12-22T02:51:02.860+0000] {dag.py:3947} INFO - Setting next_dagrun for example_skip_dag to 2024-12-21 00:00:00+00:00, run_after=2024-12-22 00:00:00+00:00
[2024-12-22T02:51:02.872+0000] {processor.py:183} INFO - Processing /home/airflow/.local/lib/python3.12/site-packages/airflow/example_dags/example_skip_dag.py took 0.055 seconds
[2024-12-22T02:51:35.659+0000] {processor.py:161} INFO - Started process (PID=35021) to work on /home/airflow/.local/lib/python3.12/site-packages/airflow/example_dags/example_skip_dag.py
[2024-12-22T02:51:35.660+0000] {processor.py:830} INFO - Processing file /home/airflow/.local/lib/python3.12/site-packages/airflow/example_dags/example_skip_dag.py for tasks to queue
[2024-12-22T02:51:35.661+0000] {logging_mixin.py:188} INFO - [2024-12-22T02:51:35.661+0000] {dagbag.py:545} INFO - Filling up the DagBag from /home/airflow/.local/lib/python3.12/site-packages/airflow/example_dags/example_skip_dag.py
[2024-12-22T02:51:35.666+0000] {processor.py:840} INFO - DAG(s) 'example_skip_dag' retrieved from /home/airflow/.local/lib/python3.12/site-packages/airflow/example_dags/example_skip_dag.py
[2024-12-22T02:51:35.681+0000] {logging_mixin.py:188} INFO - [2024-12-22T02:51:35.681+0000] {dag.py:3089} INFO - Sync 1 DAGs
[2024-12-22T02:51:35.695+0000] {logging_mixin.py:188} INFO - [2024-12-22T02:51:35.695+0000] {dag.py:3947} INFO - Setting next_dagrun for example_skip_dag to 2024-12-21 00:00:00+00:00, run_after=2024-12-22 00:00:00+00:00
[2024-12-22T02:51:35.708+0000] {processor.py:183} INFO - Processing /home/airflow/.local/lib/python3.12/site-packages/airflow/example_dags/example_skip_dag.py took 0.054 seconds
[2024-12-22T02:52:08.579+0000] {processor.py:161} INFO - Started process (PID=35298) to work on /home/airflow/.local/lib/python3.12/site-packages/airflow/example_dags/example_skip_dag.py
[2024-12-22T02:52:08.580+0000] {processor.py:830} INFO - Processing file /home/airflow/.local/lib/python3.12/site-packages/airflow/example_dags/example_skip_dag.py for tasks to queue
[2024-12-22T02:52:08.581+0000] {logging_mixin.py:188} INFO - [2024-12-22T02:52:08.581+0000] {dagbag.py:545} INFO - Filling up the DagBag from /home/airflow/.local/lib/python3.12/site-packages/airflow/example_dags/example_skip_dag.py
[2024-12-22T02:52:08.586+0000] {processor.py:840} INFO - DAG(s) 'example_skip_dag' retrieved from /home/airflow/.local/lib/python3.12/site-packages/airflow/example_dags/example_skip_dag.py
[2024-12-22T02:52:08.599+0000] {logging_mixin.py:188} INFO - [2024-12-22T02:52:08.599+0000] {dag.py:3089} INFO - Sync 1 DAGs
[2024-12-22T02:52:08.610+0000] {logging_mixin.py:188} INFO - [2024-12-22T02:52:08.610+0000] {dag.py:3947} INFO - Setting next_dagrun for example_skip_dag to 2024-12-21 00:00:00+00:00, run_after=2024-12-22 00:00:00+00:00
[2024-12-22T02:52:08.625+0000] {processor.py:183} INFO - Processing /home/airflow/.local/lib/python3.12/site-packages/airflow/example_dags/example_skip_dag.py took 0.051 seconds
[2024-12-22T02:52:42.015+0000] {processor.py:161} INFO - Started process (PID=35575) to work on /home/airflow/.local/lib/python3.12/site-packages/airflow/example_dags/example_skip_dag.py
[2024-12-22T02:52:42.016+0000] {processor.py:830} INFO - Processing file /home/airflow/.local/lib/python3.12/site-packages/airflow/example_dags/example_skip_dag.py for tasks to queue
[2024-12-22T02:52:42.017+0000] {logging_mixin.py:188} INFO - [2024-12-22T02:52:42.017+0000] {dagbag.py:545} INFO - Filling up the DagBag from /home/airflow/.local/lib/python3.12/site-packages/airflow/example_dags/example_skip_dag.py
[2024-12-22T02:52:42.021+0000] {processor.py:840} INFO - DAG(s) 'example_skip_dag' retrieved from /home/airflow/.local/lib/python3.12/site-packages/airflow/example_dags/example_skip_dag.py
[2024-12-22T02:52:42.038+0000] {logging_mixin.py:188} INFO - [2024-12-22T02:52:42.037+0000] {dag.py:3089} INFO - Sync 1 DAGs
[2024-12-22T02:52:42.055+0000] {logging_mixin.py:188} INFO - [2024-12-22T02:52:42.054+0000] {dag.py:3947} INFO - Setting next_dagrun for example_skip_dag to 2024-12-21 00:00:00+00:00, run_after=2024-12-22 00:00:00+00:00
[2024-12-22T02:52:42.070+0000] {processor.py:183} INFO - Processing /home/airflow/.local/lib/python3.12/site-packages/airflow/example_dags/example_skip_dag.py took 0.060 seconds
[2024-12-22T02:53:13.727+0000] {processor.py:161} INFO - Started process (PID=35854) to work on /home/airflow/.local/lib/python3.12/site-packages/airflow/example_dags/example_skip_dag.py
[2024-12-22T02:53:13.728+0000] {processor.py:830} INFO - Processing file /home/airflow/.local/lib/python3.12/site-packages/airflow/example_dags/example_skip_dag.py for tasks to queue
[2024-12-22T02:53:13.730+0000] {logging_mixin.py:188} INFO - [2024-12-22T02:53:13.729+0000] {dagbag.py:545} INFO - Filling up the DagBag from /home/airflow/.local/lib/python3.12/site-packages/airflow/example_dags/example_skip_dag.py
[2024-12-22T02:53:13.734+0000] {processor.py:840} INFO - DAG(s) 'example_skip_dag' retrieved from /home/airflow/.local/lib/python3.12/site-packages/airflow/example_dags/example_skip_dag.py
[2024-12-22T02:53:13.751+0000] {logging_mixin.py:188} INFO - [2024-12-22T02:53:13.751+0000] {dag.py:3089} INFO - Sync 1 DAGs
[2024-12-22T02:53:13.765+0000] {logging_mixin.py:188} INFO - [2024-12-22T02:53:13.765+0000] {dag.py:3947} INFO - Setting next_dagrun for example_skip_dag to 2024-12-21 00:00:00+00:00, run_after=2024-12-22 00:00:00+00:00
[2024-12-22T02:53:13.776+0000] {processor.py:183} INFO - Processing /home/airflow/.local/lib/python3.12/site-packages/airflow/example_dags/example_skip_dag.py took 0.054 seconds
[2024-12-22T02:53:44.648+0000] {processor.py:161} INFO - Started process (PID=36129) to work on /home/airflow/.local/lib/python3.12/site-packages/airflow/example_dags/example_skip_dag.py
[2024-12-22T02:53:44.649+0000] {processor.py:830} INFO - Processing file /home/airflow/.local/lib/python3.12/site-packages/airflow/example_dags/example_skip_dag.py for tasks to queue
[2024-12-22T02:53:44.651+0000] {logging_mixin.py:188} INFO - [2024-12-22T02:53:44.651+0000] {dagbag.py:545} INFO - Filling up the DagBag from /home/airflow/.local/lib/python3.12/site-packages/airflow/example_dags/example_skip_dag.py
[2024-12-22T02:53:44.656+0000] {processor.py:840} INFO - DAG(s) 'example_skip_dag' retrieved from /home/airflow/.local/lib/python3.12/site-packages/airflow/example_dags/example_skip_dag.py
[2024-12-22T02:53:44.673+0000] {logging_mixin.py:188} INFO - [2024-12-22T02:53:44.673+0000] {dag.py:3089} INFO - Sync 1 DAGs
[2024-12-22T02:53:44.799+0000] {logging_mixin.py:188} INFO - [2024-12-22T02:53:44.799+0000] {dag.py:3947} INFO - Setting next_dagrun for example_skip_dag to 2024-12-21 00:00:00+00:00, run_after=2024-12-22 00:00:00+00:00
[2024-12-22T02:53:44.812+0000] {processor.py:183} INFO - Processing /home/airflow/.local/lib/python3.12/site-packages/airflow/example_dags/example_skip_dag.py took 0.168 seconds
[2024-12-22T02:54:15.332+0000] {processor.py:161} INFO - Started process (PID=36406) to work on /home/airflow/.local/lib/python3.12/site-packages/airflow/example_dags/example_skip_dag.py
[2024-12-22T02:54:15.333+0000] {processor.py:830} INFO - Processing file /home/airflow/.local/lib/python3.12/site-packages/airflow/example_dags/example_skip_dag.py for tasks to queue
[2024-12-22T02:54:15.335+0000] {logging_mixin.py:188} INFO - [2024-12-22T02:54:15.335+0000] {dagbag.py:545} INFO - Filling up the DagBag from /home/airflow/.local/lib/python3.12/site-packages/airflow/example_dags/example_skip_dag.py
[2024-12-22T02:54:15.339+0000] {processor.py:840} INFO - DAG(s) 'example_skip_dag' retrieved from /home/airflow/.local/lib/python3.12/site-packages/airflow/example_dags/example_skip_dag.py
[2024-12-22T02:54:15.356+0000] {logging_mixin.py:188} INFO - [2024-12-22T02:54:15.356+0000] {dag.py:3089} INFO - Sync 1 DAGs
[2024-12-22T02:54:15.372+0000] {logging_mixin.py:188} INFO - [2024-12-22T02:54:15.372+0000] {dag.py:3947} INFO - Setting next_dagrun for example_skip_dag to 2024-12-21 00:00:00+00:00, run_after=2024-12-22 00:00:00+00:00
[2024-12-22T02:54:15.498+0000] {processor.py:183} INFO - Processing /home/airflow/.local/lib/python3.12/site-packages/airflow/example_dags/example_skip_dag.py took 0.169 seconds
[2024-12-22T02:54:46.336+0000] {processor.py:161} INFO - Started process (PID=36685) to work on /home/airflow/.local/lib/python3.12/site-packages/airflow/example_dags/example_skip_dag.py
[2024-12-22T02:54:46.336+0000] {processor.py:830} INFO - Processing file /home/airflow/.local/lib/python3.12/site-packages/airflow/example_dags/example_skip_dag.py for tasks to queue
[2024-12-22T02:54:46.337+0000] {logging_mixin.py:188} INFO - [2024-12-22T02:54:46.337+0000] {dagbag.py:545} INFO - Filling up the DagBag from /home/airflow/.local/lib/python3.12/site-packages/airflow/example_dags/example_skip_dag.py
[2024-12-22T02:54:46.342+0000] {processor.py:840} INFO - DAG(s) 'example_skip_dag' retrieved from /home/airflow/.local/lib/python3.12/site-packages/airflow/example_dags/example_skip_dag.py
[2024-12-22T02:54:46.358+0000] {logging_mixin.py:188} INFO - [2024-12-22T02:54:46.358+0000] {dag.py:3089} INFO - Sync 1 DAGs
[2024-12-22T02:54:46.371+0000] {logging_mixin.py:188} INFO - [2024-12-22T02:54:46.371+0000] {dag.py:3947} INFO - Setting next_dagrun for example_skip_dag to 2024-12-21 00:00:00+00:00, run_after=2024-12-22 00:00:00+00:00
[2024-12-22T02:54:46.382+0000] {processor.py:183} INFO - Processing /home/airflow/.local/lib/python3.12/site-packages/airflow/example_dags/example_skip_dag.py took 0.051 seconds
[2024-12-22T02:55:18.670+0000] {processor.py:161} INFO - Started process (PID=36960) to work on /home/airflow/.local/lib/python3.12/site-packages/airflow/example_dags/example_skip_dag.py
[2024-12-22T02:55:18.671+0000] {processor.py:830} INFO - Processing file /home/airflow/.local/lib/python3.12/site-packages/airflow/example_dags/example_skip_dag.py for tasks to queue
[2024-12-22T02:55:18.672+0000] {logging_mixin.py:188} INFO - [2024-12-22T02:55:18.672+0000] {dagbag.py:545} INFO - Filling up the DagBag from /home/airflow/.local/lib/python3.12/site-packages/airflow/example_dags/example_skip_dag.py
[2024-12-22T02:55:18.676+0000] {processor.py:840} INFO - DAG(s) 'example_skip_dag' retrieved from /home/airflow/.local/lib/python3.12/site-packages/airflow/example_dags/example_skip_dag.py
[2024-12-22T02:55:18.690+0000] {logging_mixin.py:188} INFO - [2024-12-22T02:55:18.690+0000] {dag.py:3089} INFO - Sync 1 DAGs
[2024-12-22T02:55:18.702+0000] {logging_mixin.py:188} INFO - [2024-12-22T02:55:18.702+0000] {dag.py:3947} INFO - Setting next_dagrun for example_skip_dag to 2024-12-21 00:00:00+00:00, run_after=2024-12-22 00:00:00+00:00
[2024-12-22T02:55:18.713+0000] {processor.py:183} INFO - Processing /home/airflow/.local/lib/python3.12/site-packages/airflow/example_dags/example_skip_dag.py took 0.047 seconds
[2024-12-22T02:55:50.354+0000] {processor.py:161} INFO - Started process (PID=37237) to work on /home/airflow/.local/lib/python3.12/site-packages/airflow/example_dags/example_skip_dag.py
[2024-12-22T02:55:50.355+0000] {processor.py:830} INFO - Processing file /home/airflow/.local/lib/python3.12/site-packages/airflow/example_dags/example_skip_dag.py for tasks to queue
[2024-12-22T02:55:50.356+0000] {logging_mixin.py:188} INFO - [2024-12-22T02:55:50.356+0000] {dagbag.py:545} INFO - Filling up the DagBag from /home/airflow/.local/lib/python3.12/site-packages/airflow/example_dags/example_skip_dag.py
[2024-12-22T02:55:50.361+0000] {processor.py:840} INFO - DAG(s) 'example_skip_dag' retrieved from /home/airflow/.local/lib/python3.12/site-packages/airflow/example_dags/example_skip_dag.py
[2024-12-22T02:55:50.376+0000] {logging_mixin.py:188} INFO - [2024-12-22T02:55:50.376+0000] {dag.py:3089} INFO - Sync 1 DAGs
[2024-12-22T02:55:50.390+0000] {logging_mixin.py:188} INFO - [2024-12-22T02:55:50.390+0000] {dag.py:3947} INFO - Setting next_dagrun for example_skip_dag to 2024-12-21 00:00:00+00:00, run_after=2024-12-22 00:00:00+00:00
[2024-12-22T02:55:50.403+0000] {processor.py:183} INFO - Processing /home/airflow/.local/lib/python3.12/site-packages/airflow/example_dags/example_skip_dag.py took 0.053 seconds
[2024-12-22T02:56:21.191+0000] {processor.py:161} INFO - Started process (PID=37514) to work on /home/airflow/.local/lib/python3.12/site-packages/airflow/example_dags/example_skip_dag.py
[2024-12-22T02:56:21.191+0000] {processor.py:830} INFO - Processing file /home/airflow/.local/lib/python3.12/site-packages/airflow/example_dags/example_skip_dag.py for tasks to queue
[2024-12-22T02:56:21.193+0000] {logging_mixin.py:188} INFO - [2024-12-22T02:56:21.193+0000] {dagbag.py:545} INFO - Filling up the DagBag from /home/airflow/.local/lib/python3.12/site-packages/airflow/example_dags/example_skip_dag.py
[2024-12-22T02:56:21.198+0000] {processor.py:840} INFO - DAG(s) 'example_skip_dag' retrieved from /home/airflow/.local/lib/python3.12/site-packages/airflow/example_dags/example_skip_dag.py
[2024-12-22T02:56:21.213+0000] {logging_mixin.py:188} INFO - [2024-12-22T02:56:21.213+0000] {dag.py:3089} INFO - Sync 1 DAGs
[2024-12-22T02:56:21.226+0000] {logging_mixin.py:188} INFO - [2024-12-22T02:56:21.226+0000] {dag.py:3947} INFO - Setting next_dagrun for example_skip_dag to 2024-12-21 00:00:00+00:00, run_after=2024-12-22 00:00:00+00:00
[2024-12-22T02:56:21.238+0000] {processor.py:183} INFO - Processing /home/airflow/.local/lib/python3.12/site-packages/airflow/example_dags/example_skip_dag.py took 0.052 seconds
[2024-12-22T02:56:52.037+0000] {processor.py:161} INFO - Started process (PID=37791) to work on /home/airflow/.local/lib/python3.12/site-packages/airflow/example_dags/example_skip_dag.py
[2024-12-22T02:56:52.038+0000] {processor.py:830} INFO - Processing file /home/airflow/.local/lib/python3.12/site-packages/airflow/example_dags/example_skip_dag.py for tasks to queue
[2024-12-22T02:56:52.040+0000] {logging_mixin.py:188} INFO - [2024-12-22T02:56:52.039+0000] {dagbag.py:545} INFO - Filling up the DagBag from /home/airflow/.local/lib/python3.12/site-packages/airflow/example_dags/example_skip_dag.py
[2024-12-22T02:56:52.044+0000] {processor.py:840} INFO - DAG(s) 'example_skip_dag' retrieved from /home/airflow/.local/lib/python3.12/site-packages/airflow/example_dags/example_skip_dag.py
[2024-12-22T02:56:52.063+0000] {logging_mixin.py:188} INFO - [2024-12-22T02:56:52.063+0000] {dag.py:3089} INFO - Sync 1 DAGs
[2024-12-22T02:56:52.079+0000] {logging_mixin.py:188} INFO - [2024-12-22T02:56:52.079+0000] {dag.py:3947} INFO - Setting next_dagrun for example_skip_dag to 2024-12-21 00:00:00+00:00, run_after=2024-12-22 00:00:00+00:00
[2024-12-22T02:56:52.093+0000] {processor.py:183} INFO - Processing /home/airflow/.local/lib/python3.12/site-packages/airflow/example_dags/example_skip_dag.py took 0.061 seconds
[2024-12-22T02:57:22.656+0000] {processor.py:161} INFO - Started process (PID=38069) to work on /home/airflow/.local/lib/python3.12/site-packages/airflow/example_dags/example_skip_dag.py
[2024-12-22T02:57:22.657+0000] {processor.py:830} INFO - Processing file /home/airflow/.local/lib/python3.12/site-packages/airflow/example_dags/example_skip_dag.py for tasks to queue
[2024-12-22T02:57:22.659+0000] {logging_mixin.py:188} INFO - [2024-12-22T02:57:22.658+0000] {dagbag.py:545} INFO - Filling up the DagBag from /home/airflow/.local/lib/python3.12/site-packages/airflow/example_dags/example_skip_dag.py
[2024-12-22T02:57:22.664+0000] {processor.py:840} INFO - DAG(s) 'example_skip_dag' retrieved from /home/airflow/.local/lib/python3.12/site-packages/airflow/example_dags/example_skip_dag.py
[2024-12-22T02:57:22.681+0000] {logging_mixin.py:188} INFO - [2024-12-22T02:57:22.681+0000] {dag.py:3089} INFO - Sync 1 DAGs
[2024-12-22T02:57:22.699+0000] {logging_mixin.py:188} INFO - [2024-12-22T02:57:22.699+0000] {dag.py:3947} INFO - Setting next_dagrun for example_skip_dag to 2024-12-21 00:00:00+00:00, run_after=2024-12-22 00:00:00+00:00
[2024-12-22T02:57:22.718+0000] {processor.py:183} INFO - Processing /home/airflow/.local/lib/python3.12/site-packages/airflow/example_dags/example_skip_dag.py took 0.067 seconds
[2024-12-22T02:57:53.568+0000] {processor.py:161} INFO - Started process (PID=38346) to work on /home/airflow/.local/lib/python3.12/site-packages/airflow/example_dags/example_skip_dag.py
[2024-12-22T02:57:53.569+0000] {processor.py:830} INFO - Processing file /home/airflow/.local/lib/python3.12/site-packages/airflow/example_dags/example_skip_dag.py for tasks to queue
[2024-12-22T02:57:53.570+0000] {logging_mixin.py:188} INFO - [2024-12-22T02:57:53.570+0000] {dagbag.py:545} INFO - Filling up the DagBag from /home/airflow/.local/lib/python3.12/site-packages/airflow/example_dags/example_skip_dag.py
[2024-12-22T02:57:53.575+0000] {processor.py:840} INFO - DAG(s) 'example_skip_dag' retrieved from /home/airflow/.local/lib/python3.12/site-packages/airflow/example_dags/example_skip_dag.py
[2024-12-22T02:57:53.587+0000] {logging_mixin.py:188} INFO - [2024-12-22T02:57:53.587+0000] {dag.py:3089} INFO - Sync 1 DAGs
[2024-12-22T02:57:53.600+0000] {logging_mixin.py:188} INFO - [2024-12-22T02:57:53.600+0000] {dag.py:3947} INFO - Setting next_dagrun for example_skip_dag to 2024-12-21 00:00:00+00:00, run_after=2024-12-22 00:00:00+00:00
[2024-12-22T02:57:53.611+0000] {processor.py:183} INFO - Processing /home/airflow/.local/lib/python3.12/site-packages/airflow/example_dags/example_skip_dag.py took 0.047 seconds
[2024-12-22T02:58:25.860+0000] {processor.py:161} INFO - Started process (PID=38624) to work on /home/airflow/.local/lib/python3.12/site-packages/airflow/example_dags/example_skip_dag.py
[2024-12-22T02:58:25.860+0000] {processor.py:830} INFO - Processing file /home/airflow/.local/lib/python3.12/site-packages/airflow/example_dags/example_skip_dag.py for tasks to queue
[2024-12-22T02:58:25.862+0000] {logging_mixin.py:188} INFO - [2024-12-22T02:58:25.861+0000] {dagbag.py:545} INFO - Filling up the DagBag from /home/airflow/.local/lib/python3.12/site-packages/airflow/example_dags/example_skip_dag.py
[2024-12-22T02:58:25.866+0000] {processor.py:840} INFO - DAG(s) 'example_skip_dag' retrieved from /home/airflow/.local/lib/python3.12/site-packages/airflow/example_dags/example_skip_dag.py
[2024-12-22T02:58:25.880+0000] {logging_mixin.py:188} INFO - [2024-12-22T02:58:25.879+0000] {dag.py:3089} INFO - Sync 1 DAGs
[2024-12-22T02:58:25.891+0000] {logging_mixin.py:188} INFO - [2024-12-22T02:58:25.891+0000] {dag.py:3947} INFO - Setting next_dagrun for example_skip_dag to 2024-12-21 00:00:00+00:00, run_after=2024-12-22 00:00:00+00:00
[2024-12-22T02:58:25.904+0000] {processor.py:183} INFO - Processing /home/airflow/.local/lib/python3.12/site-packages/airflow/example_dags/example_skip_dag.py took 0.048 seconds
[2024-12-22T02:58:58.233+0000] {processor.py:161} INFO - Started process (PID=38901) to work on /home/airflow/.local/lib/python3.12/site-packages/airflow/example_dags/example_skip_dag.py
[2024-12-22T02:58:58.234+0000] {processor.py:830} INFO - Processing file /home/airflow/.local/lib/python3.12/site-packages/airflow/example_dags/example_skip_dag.py for tasks to queue
[2024-12-22T02:58:58.236+0000] {logging_mixin.py:188} INFO - [2024-12-22T02:58:58.235+0000] {dagbag.py:545} INFO - Filling up the DagBag from /home/airflow/.local/lib/python3.12/site-packages/airflow/example_dags/example_skip_dag.py
[2024-12-22T02:58:58.243+0000] {processor.py:840} INFO - DAG(s) 'example_skip_dag' retrieved from /home/airflow/.local/lib/python3.12/site-packages/airflow/example_dags/example_skip_dag.py
[2024-12-22T02:58:58.258+0000] {logging_mixin.py:188} INFO - [2024-12-22T02:58:58.258+0000] {dag.py:3089} INFO - Sync 1 DAGs
[2024-12-22T02:58:58.271+0000] {logging_mixin.py:188} INFO - [2024-12-22T02:58:58.271+0000] {dag.py:3947} INFO - Setting next_dagrun for example_skip_dag to 2024-12-21 00:00:00+00:00, run_after=2024-12-22 00:00:00+00:00
[2024-12-22T02:58:58.285+0000] {processor.py:183} INFO - Processing /home/airflow/.local/lib/python3.12/site-packages/airflow/example_dags/example_skip_dag.py took 0.057 seconds
[2024-12-22T02:59:30.943+0000] {processor.py:161} INFO - Started process (PID=39178) to work on /home/airflow/.local/lib/python3.12/site-packages/airflow/example_dags/example_skip_dag.py
[2024-12-22T02:59:30.944+0000] {processor.py:830} INFO - Processing file /home/airflow/.local/lib/python3.12/site-packages/airflow/example_dags/example_skip_dag.py for tasks to queue
[2024-12-22T02:59:30.945+0000] {logging_mixin.py:188} INFO - [2024-12-22T02:59:30.945+0000] {dagbag.py:545} INFO - Filling up the DagBag from /home/airflow/.local/lib/python3.12/site-packages/airflow/example_dags/example_skip_dag.py
[2024-12-22T02:59:30.949+0000] {processor.py:840} INFO - DAG(s) 'example_skip_dag' retrieved from /home/airflow/.local/lib/python3.12/site-packages/airflow/example_dags/example_skip_dag.py
[2024-12-22T02:59:30.963+0000] {logging_mixin.py:188} INFO - [2024-12-22T02:59:30.963+0000] {dag.py:3089} INFO - Sync 1 DAGs
[2024-12-22T02:59:30.975+0000] {logging_mixin.py:188} INFO - [2024-12-22T02:59:30.975+0000] {dag.py:3947} INFO - Setting next_dagrun for example_skip_dag to 2024-12-21 00:00:00+00:00, run_after=2024-12-22 00:00:00+00:00
[2024-12-22T02:59:30.987+0000] {processor.py:183} INFO - Processing /home/airflow/.local/lib/python3.12/site-packages/airflow/example_dags/example_skip_dag.py took 0.048 seconds
[2024-12-22T03:00:01.927+0000] {processor.py:161} INFO - Started process (PID=39457) to work on /home/airflow/.local/lib/python3.12/site-packages/airflow/example_dags/example_skip_dag.py
[2024-12-22T03:00:01.928+0000] {processor.py:830} INFO - Processing file /home/airflow/.local/lib/python3.12/site-packages/airflow/example_dags/example_skip_dag.py for tasks to queue
[2024-12-22T03:00:01.930+0000] {logging_mixin.py:188} INFO - [2024-12-22T03:00:01.930+0000] {dagbag.py:545} INFO - Filling up the DagBag from /home/airflow/.local/lib/python3.12/site-packages/airflow/example_dags/example_skip_dag.py
[2024-12-22T03:00:01.933+0000] {processor.py:840} INFO - DAG(s) 'example_skip_dag' retrieved from /home/airflow/.local/lib/python3.12/site-packages/airflow/example_dags/example_skip_dag.py
[2024-12-22T03:00:01.947+0000] {logging_mixin.py:188} INFO - [2024-12-22T03:00:01.947+0000] {dag.py:3089} INFO - Sync 1 DAGs
[2024-12-22T03:00:01.959+0000] {logging_mixin.py:188} INFO - [2024-12-22T03:00:01.959+0000] {dag.py:3947} INFO - Setting next_dagrun for example_skip_dag to 2024-12-21 00:00:00+00:00, run_after=2024-12-22 00:00:00+00:00
[2024-12-22T03:00:01.970+0000] {processor.py:183} INFO - Processing /home/airflow/.local/lib/python3.12/site-packages/airflow/example_dags/example_skip_dag.py took 0.047 seconds
[2024-12-22T03:00:32.819+0000] {processor.py:161} INFO - Started process (PID=39734) to work on /home/airflow/.local/lib/python3.12/site-packages/airflow/example_dags/example_skip_dag.py
[2024-12-22T03:00:32.820+0000] {processor.py:830} INFO - Processing file /home/airflow/.local/lib/python3.12/site-packages/airflow/example_dags/example_skip_dag.py for tasks to queue
[2024-12-22T03:00:32.821+0000] {logging_mixin.py:188} INFO - [2024-12-22T03:00:32.821+0000] {dagbag.py:545} INFO - Filling up the DagBag from /home/airflow/.local/lib/python3.12/site-packages/airflow/example_dags/example_skip_dag.py
[2024-12-22T03:00:32.826+0000] {processor.py:840} INFO - DAG(s) 'example_skip_dag' retrieved from /home/airflow/.local/lib/python3.12/site-packages/airflow/example_dags/example_skip_dag.py
[2024-12-22T03:00:32.842+0000] {logging_mixin.py:188} INFO - [2024-12-22T03:00:32.841+0000] {dag.py:3089} INFO - Sync 1 DAGs
[2024-12-22T03:00:32.854+0000] {logging_mixin.py:188} INFO - [2024-12-22T03:00:32.854+0000] {dag.py:3947} INFO - Setting next_dagrun for example_skip_dag to 2024-12-21 00:00:00+00:00, run_after=2024-12-22 00:00:00+00:00
[2024-12-22T03:00:32.864+0000] {processor.py:183} INFO - Processing /home/airflow/.local/lib/python3.12/site-packages/airflow/example_dags/example_skip_dag.py took 0.049 seconds
[2024-12-22T03:01:03.336+0000] {processor.py:161} INFO - Started process (PID=40009) to work on /home/airflow/.local/lib/python3.12/site-packages/airflow/example_dags/example_skip_dag.py
[2024-12-22T03:01:03.337+0000] {processor.py:830} INFO - Processing file /home/airflow/.local/lib/python3.12/site-packages/airflow/example_dags/example_skip_dag.py for tasks to queue
[2024-12-22T03:01:03.338+0000] {logging_mixin.py:188} INFO - [2024-12-22T03:01:03.338+0000] {dagbag.py:545} INFO - Filling up the DagBag from /home/airflow/.local/lib/python3.12/site-packages/airflow/example_dags/example_skip_dag.py
[2024-12-22T03:01:03.344+0000] {processor.py:840} INFO - DAG(s) 'example_skip_dag' retrieved from /home/airflow/.local/lib/python3.12/site-packages/airflow/example_dags/example_skip_dag.py
[2024-12-22T03:01:03.360+0000] {logging_mixin.py:188} INFO - [2024-12-22T03:01:03.359+0000] {dag.py:3089} INFO - Sync 1 DAGs
[2024-12-22T03:01:03.373+0000] {logging_mixin.py:188} INFO - [2024-12-22T03:01:03.373+0000] {dag.py:3947} INFO - Setting next_dagrun for example_skip_dag to 2024-12-21 00:00:00+00:00, run_after=2024-12-22 00:00:00+00:00
[2024-12-22T03:01:03.388+0000] {processor.py:183} INFO - Processing /home/airflow/.local/lib/python3.12/site-packages/airflow/example_dags/example_skip_dag.py took 0.056 seconds
[2024-12-22T03:01:34.542+0000] {processor.py:161} INFO - Started process (PID=40289) to work on /home/airflow/.local/lib/python3.12/site-packages/airflow/example_dags/example_skip_dag.py
[2024-12-22T03:01:34.543+0000] {processor.py:830} INFO - Processing file /home/airflow/.local/lib/python3.12/site-packages/airflow/example_dags/example_skip_dag.py for tasks to queue
[2024-12-22T03:01:34.544+0000] {logging_mixin.py:188} INFO - [2024-12-22T03:01:34.544+0000] {dagbag.py:545} INFO - Filling up the DagBag from /home/airflow/.local/lib/python3.12/site-packages/airflow/example_dags/example_skip_dag.py
[2024-12-22T03:01:34.548+0000] {processor.py:840} INFO - DAG(s) 'example_skip_dag' retrieved from /home/airflow/.local/lib/python3.12/site-packages/airflow/example_dags/example_skip_dag.py
[2024-12-22T03:01:34.562+0000] {logging_mixin.py:188} INFO - [2024-12-22T03:01:34.562+0000] {dag.py:3089} INFO - Sync 1 DAGs
[2024-12-22T03:01:34.575+0000] {logging_mixin.py:188} INFO - [2024-12-22T03:01:34.574+0000] {dag.py:3947} INFO - Setting next_dagrun for example_skip_dag to 2024-12-21 00:00:00+00:00, run_after=2024-12-22 00:00:00+00:00
[2024-12-22T03:01:34.585+0000] {processor.py:183} INFO - Processing /home/airflow/.local/lib/python3.12/site-packages/airflow/example_dags/example_skip_dag.py took 0.048 seconds
[2024-12-22T03:02:06.956+0000] {processor.py:161} INFO - Started process (PID=40566) to work on /home/airflow/.local/lib/python3.12/site-packages/airflow/example_dags/example_skip_dag.py
[2024-12-22T03:02:06.957+0000] {processor.py:830} INFO - Processing file /home/airflow/.local/lib/python3.12/site-packages/airflow/example_dags/example_skip_dag.py for tasks to queue
[2024-12-22T03:02:06.958+0000] {logging_mixin.py:188} INFO - [2024-12-22T03:02:06.958+0000] {dagbag.py:545} INFO - Filling up the DagBag from /home/airflow/.local/lib/python3.12/site-packages/airflow/example_dags/example_skip_dag.py
[2024-12-22T03:02:06.961+0000] {processor.py:840} INFO - DAG(s) 'example_skip_dag' retrieved from /home/airflow/.local/lib/python3.12/site-packages/airflow/example_dags/example_skip_dag.py
[2024-12-22T03:02:06.975+0000] {logging_mixin.py:188} INFO - [2024-12-22T03:02:06.975+0000] {dag.py:3089} INFO - Sync 1 DAGs
[2024-12-22T03:02:06.986+0000] {logging_mixin.py:188} INFO - [2024-12-22T03:02:06.986+0000] {dag.py:3947} INFO - Setting next_dagrun for example_skip_dag to 2024-12-21 00:00:00+00:00, run_after=2024-12-22 00:00:00+00:00
[2024-12-22T03:02:06.997+0000] {processor.py:183} INFO - Processing /home/airflow/.local/lib/python3.12/site-packages/airflow/example_dags/example_skip_dag.py took 0.045 seconds
[2024-12-22T03:02:39.355+0000] {processor.py:161} INFO - Started process (PID=40841) to work on /home/airflow/.local/lib/python3.12/site-packages/airflow/example_dags/example_skip_dag.py
[2024-12-22T03:02:39.355+0000] {processor.py:830} INFO - Processing file /home/airflow/.local/lib/python3.12/site-packages/airflow/example_dags/example_skip_dag.py for tasks to queue
[2024-12-22T03:02:39.357+0000] {logging_mixin.py:188} INFO - [2024-12-22T03:02:39.357+0000] {dagbag.py:545} INFO - Filling up the DagBag from /home/airflow/.local/lib/python3.12/site-packages/airflow/example_dags/example_skip_dag.py
[2024-12-22T03:02:39.361+0000] {processor.py:840} INFO - DAG(s) 'example_skip_dag' retrieved from /home/airflow/.local/lib/python3.12/site-packages/airflow/example_dags/example_skip_dag.py
[2024-12-22T03:02:39.375+0000] {logging_mixin.py:188} INFO - [2024-12-22T03:02:39.375+0000] {dag.py:3089} INFO - Sync 1 DAGs
[2024-12-22T03:02:39.389+0000] {logging_mixin.py:188} INFO - [2024-12-22T03:02:39.389+0000] {dag.py:3947} INFO - Setting next_dagrun for example_skip_dag to 2024-12-21 00:00:00+00:00, run_after=2024-12-22 00:00:00+00:00
[2024-12-22T03:02:39.400+0000] {processor.py:183} INFO - Processing /home/airflow/.local/lib/python3.12/site-packages/airflow/example_dags/example_skip_dag.py took 0.050 seconds
[2024-12-22T03:03:12.708+0000] {processor.py:161} INFO - Started process (PID=41118) to work on /home/airflow/.local/lib/python3.12/site-packages/airflow/example_dags/example_skip_dag.py
[2024-12-22T03:03:12.709+0000] {processor.py:830} INFO - Processing file /home/airflow/.local/lib/python3.12/site-packages/airflow/example_dags/example_skip_dag.py for tasks to queue
[2024-12-22T03:03:12.710+0000] {logging_mixin.py:188} INFO - [2024-12-22T03:03:12.710+0000] {dagbag.py:545} INFO - Filling up the DagBag from /home/airflow/.local/lib/python3.12/site-packages/airflow/example_dags/example_skip_dag.py
[2024-12-22T03:03:12.715+0000] {processor.py:840} INFO - DAG(s) 'example_skip_dag' retrieved from /home/airflow/.local/lib/python3.12/site-packages/airflow/example_dags/example_skip_dag.py
[2024-12-22T03:03:12.729+0000] {logging_mixin.py:188} INFO - [2024-12-22T03:03:12.729+0000] {dag.py:3089} INFO - Sync 1 DAGs
[2024-12-22T03:03:12.742+0000] {logging_mixin.py:188} INFO - [2024-12-22T03:03:12.742+0000] {dag.py:3947} INFO - Setting next_dagrun for example_skip_dag to 2024-12-21 00:00:00+00:00, run_after=2024-12-22 00:00:00+00:00
[2024-12-22T03:03:12.753+0000] {processor.py:183} INFO - Processing /home/airflow/.local/lib/python3.12/site-packages/airflow/example_dags/example_skip_dag.py took 0.049 seconds
[2024-12-22T03:03:42.815+0000] {processor.py:161} INFO - Started process (PID=41395) to work on /home/airflow/.local/lib/python3.12/site-packages/airflow/example_dags/example_skip_dag.py
[2024-12-22T03:03:42.816+0000] {processor.py:830} INFO - Processing file /home/airflow/.local/lib/python3.12/site-packages/airflow/example_dags/example_skip_dag.py for tasks to queue
[2024-12-22T03:03:42.817+0000] {logging_mixin.py:188} INFO - [2024-12-22T03:03:42.817+0000] {dagbag.py:545} INFO - Filling up the DagBag from /home/airflow/.local/lib/python3.12/site-packages/airflow/example_dags/example_skip_dag.py
[2024-12-22T03:03:42.821+0000] {processor.py:840} INFO - DAG(s) 'example_skip_dag' retrieved from /home/airflow/.local/lib/python3.12/site-packages/airflow/example_dags/example_skip_dag.py
[2024-12-22T03:03:42.836+0000] {logging_mixin.py:188} INFO - [2024-12-22T03:03:42.836+0000] {dag.py:3089} INFO - Sync 1 DAGs
[2024-12-22T03:03:42.851+0000] {logging_mixin.py:188} INFO - [2024-12-22T03:03:42.851+0000] {dag.py:3947} INFO - Setting next_dagrun for example_skip_dag to 2024-12-21 00:00:00+00:00, run_after=2024-12-22 00:00:00+00:00
[2024-12-22T03:03:42.864+0000] {processor.py:183} INFO - Processing /home/airflow/.local/lib/python3.12/site-packages/airflow/example_dags/example_skip_dag.py took 0.053 seconds
[2024-12-22T03:04:14.002+0000] {processor.py:161} INFO - Started process (PID=41672) to work on /home/airflow/.local/lib/python3.12/site-packages/airflow/example_dags/example_skip_dag.py
[2024-12-22T03:04:14.003+0000] {processor.py:830} INFO - Processing file /home/airflow/.local/lib/python3.12/site-packages/airflow/example_dags/example_skip_dag.py for tasks to queue
[2024-12-22T03:04:14.006+0000] {logging_mixin.py:188} INFO - [2024-12-22T03:04:14.005+0000] {dagbag.py:545} INFO - Filling up the DagBag from /home/airflow/.local/lib/python3.12/site-packages/airflow/example_dags/example_skip_dag.py
[2024-12-22T03:04:14.010+0000] {processor.py:840} INFO - DAG(s) 'example_skip_dag' retrieved from /home/airflow/.local/lib/python3.12/site-packages/airflow/example_dags/example_skip_dag.py
[2024-12-22T03:04:14.028+0000] {logging_mixin.py:188} INFO - [2024-12-22T03:04:14.028+0000] {dag.py:3089} INFO - Sync 1 DAGs
[2024-12-22T03:04:14.043+0000] {logging_mixin.py:188} INFO - [2024-12-22T03:04:14.043+0000] {dag.py:3947} INFO - Setting next_dagrun for example_skip_dag to 2024-12-21 00:00:00+00:00, run_after=2024-12-22 00:00:00+00:00
[2024-12-22T03:04:14.056+0000] {processor.py:183} INFO - Processing /home/airflow/.local/lib/python3.12/site-packages/airflow/example_dags/example_skip_dag.py took 0.059 seconds
