[2024-12-22T01:45:52.436+0000] {processor.py:161} INFO - Started process (PID=336) to work on /home/airflow/.local/lib/python3.12/site-packages/airflow/example_dags/tutorial_taskflow_api.py
[2024-12-22T01:45:52.437+0000] {processor.py:830} INFO - Processing file /home/airflow/.local/lib/python3.12/site-packages/airflow/example_dags/tutorial_taskflow_api.py for tasks to queue
[2024-12-22T01:45:52.439+0000] {logging_mixin.py:188} INFO - [2024-12-22T01:45:52.438+0000] {dagbag.py:545} INFO - Filling up the DagBag from /home/airflow/.local/lib/python3.12/site-packages/airflow/example_dags/tutorial_taskflow_api.py
[2024-12-22T01:45:52.453+0000] {processor.py:840} INFO - DAG(s) 'tutorial_taskflow_api' retrieved from /home/airflow/.local/lib/python3.12/site-packages/airflow/example_dags/tutorial_taskflow_api.py
[2024-12-22T01:45:52.463+0000] {logging_mixin.py:188} INFO - [2024-12-22T01:45:52.462+0000] {dag.py:3089} INFO - Sync 1 DAGs
[2024-12-22T01:45:52.471+0000] {logging_mixin.py:188} INFO - [2024-12-22T01:45:52.471+0000] {dag.py:3947} INFO - Setting next_dagrun for tutorial_taskflow_api to None, run_after=None
[2024-12-22T01:45:52.483+0000] {processor.py:183} INFO - Processing /home/airflow/.local/lib/python3.12/site-packages/airflow/example_dags/tutorial_taskflow_api.py took 0.051 seconds
[2024-12-22T01:46:22.937+0000] {processor.py:161} INFO - Started process (PID=611) to work on /home/airflow/.local/lib/python3.12/site-packages/airflow/example_dags/tutorial_taskflow_api.py
[2024-12-22T01:46:22.937+0000] {processor.py:830} INFO - Processing file /home/airflow/.local/lib/python3.12/site-packages/airflow/example_dags/tutorial_taskflow_api.py for tasks to queue
[2024-12-22T01:46:22.938+0000] {logging_mixin.py:188} INFO - [2024-12-22T01:46:22.938+0000] {dagbag.py:545} INFO - Filling up the DagBag from /home/airflow/.local/lib/python3.12/site-packages/airflow/example_dags/tutorial_taskflow_api.py
[2024-12-22T01:46:22.943+0000] {processor.py:840} INFO - DAG(s) 'tutorial_taskflow_api' retrieved from /home/airflow/.local/lib/python3.12/site-packages/airflow/example_dags/tutorial_taskflow_api.py
[2024-12-22T01:46:23.002+0000] {logging_mixin.py:188} INFO - [2024-12-22T01:46:23.002+0000] {dag.py:3089} INFO - Sync 1 DAGs
[2024-12-22T01:46:23.008+0000] {logging_mixin.py:188} INFO - [2024-12-22T01:46:23.008+0000] {dag.py:3947} INFO - Setting next_dagrun for tutorial_taskflow_api to None, run_after=None
[2024-12-22T01:46:23.019+0000] {processor.py:183} INFO - Processing /home/airflow/.local/lib/python3.12/site-packages/airflow/example_dags/tutorial_taskflow_api.py took 0.085 seconds
[2024-12-22T01:46:53.091+0000] {processor.py:161} INFO - Started process (PID=890) to work on /home/airflow/.local/lib/python3.12/site-packages/airflow/example_dags/tutorial_taskflow_api.py
[2024-12-22T01:46:53.092+0000] {processor.py:830} INFO - Processing file /home/airflow/.local/lib/python3.12/site-packages/airflow/example_dags/tutorial_taskflow_api.py for tasks to queue
[2024-12-22T01:46:53.093+0000] {logging_mixin.py:188} INFO - [2024-12-22T01:46:53.093+0000] {dagbag.py:545} INFO - Filling up the DagBag from /home/airflow/.local/lib/python3.12/site-packages/airflow/example_dags/tutorial_taskflow_api.py
[2024-12-22T01:46:53.097+0000] {processor.py:840} INFO - DAG(s) 'tutorial_taskflow_api' retrieved from /home/airflow/.local/lib/python3.12/site-packages/airflow/example_dags/tutorial_taskflow_api.py
[2024-12-22T01:46:53.109+0000] {logging_mixin.py:188} INFO - [2024-12-22T01:46:53.109+0000] {dag.py:3089} INFO - Sync 1 DAGs
[2024-12-22T01:46:53.115+0000] {logging_mixin.py:188} INFO - [2024-12-22T01:46:53.115+0000] {dag.py:3947} INFO - Setting next_dagrun for tutorial_taskflow_api to None, run_after=None
[2024-12-22T01:46:53.125+0000] {processor.py:183} INFO - Processing /home/airflow/.local/lib/python3.12/site-packages/airflow/example_dags/tutorial_taskflow_api.py took 0.037 seconds
[2024-12-22T01:47:23.411+0000] {processor.py:161} INFO - Started process (PID=1165) to work on /home/airflow/.local/lib/python3.12/site-packages/airflow/example_dags/tutorial_taskflow_api.py
[2024-12-22T01:47:23.412+0000] {processor.py:830} INFO - Processing file /home/airflow/.local/lib/python3.12/site-packages/airflow/example_dags/tutorial_taskflow_api.py for tasks to queue
[2024-12-22T01:47:23.413+0000] {logging_mixin.py:188} INFO - [2024-12-22T01:47:23.413+0000] {dagbag.py:545} INFO - Filling up the DagBag from /home/airflow/.local/lib/python3.12/site-packages/airflow/example_dags/tutorial_taskflow_api.py
[2024-12-22T01:47:23.418+0000] {processor.py:840} INFO - DAG(s) 'tutorial_taskflow_api' retrieved from /home/airflow/.local/lib/python3.12/site-packages/airflow/example_dags/tutorial_taskflow_api.py
[2024-12-22T01:47:23.430+0000] {logging_mixin.py:188} INFO - [2024-12-22T01:47:23.430+0000] {dag.py:3089} INFO - Sync 1 DAGs
[2024-12-22T01:47:23.437+0000] {logging_mixin.py:188} INFO - [2024-12-22T01:47:23.437+0000] {dag.py:3947} INFO - Setting next_dagrun for tutorial_taskflow_api to None, run_after=None
[2024-12-22T01:47:23.448+0000] {processor.py:183} INFO - Processing /home/airflow/.local/lib/python3.12/site-packages/airflow/example_dags/tutorial_taskflow_api.py took 0.041 seconds
[2024-12-22T01:47:53.832+0000] {processor.py:161} INFO - Started process (PID=1445) to work on /home/airflow/.local/lib/python3.12/site-packages/airflow/example_dags/tutorial_taskflow_api.py
[2024-12-22T01:47:53.833+0000] {processor.py:830} INFO - Processing file /home/airflow/.local/lib/python3.12/site-packages/airflow/example_dags/tutorial_taskflow_api.py for tasks to queue
[2024-12-22T01:47:53.834+0000] {logging_mixin.py:188} INFO - [2024-12-22T01:47:53.834+0000] {dagbag.py:545} INFO - Filling up the DagBag from /home/airflow/.local/lib/python3.12/site-packages/airflow/example_dags/tutorial_taskflow_api.py
[2024-12-22T01:47:53.838+0000] {processor.py:840} INFO - DAG(s) 'tutorial_taskflow_api' retrieved from /home/airflow/.local/lib/python3.12/site-packages/airflow/example_dags/tutorial_taskflow_api.py
[2024-12-22T01:47:53.849+0000] {logging_mixin.py:188} INFO - [2024-12-22T01:47:53.849+0000] {dag.py:3089} INFO - Sync 1 DAGs
[2024-12-22T01:47:53.856+0000] {logging_mixin.py:188} INFO - [2024-12-22T01:47:53.856+0000] {dag.py:3947} INFO - Setting next_dagrun for tutorial_taskflow_api to None, run_after=None
[2024-12-22T01:47:53.866+0000] {processor.py:183} INFO - Processing /home/airflow/.local/lib/python3.12/site-packages/airflow/example_dags/tutorial_taskflow_api.py took 0.037 seconds
[2024-12-22T01:48:24.202+0000] {processor.py:161} INFO - Started process (PID=1722) to work on /home/airflow/.local/lib/python3.12/site-packages/airflow/example_dags/tutorial_taskflow_api.py
[2024-12-22T01:48:24.203+0000] {processor.py:830} INFO - Processing file /home/airflow/.local/lib/python3.12/site-packages/airflow/example_dags/tutorial_taskflow_api.py for tasks to queue
[2024-12-22T01:48:24.205+0000] {logging_mixin.py:188} INFO - [2024-12-22T01:48:24.204+0000] {dagbag.py:545} INFO - Filling up the DagBag from /home/airflow/.local/lib/python3.12/site-packages/airflow/example_dags/tutorial_taskflow_api.py
[2024-12-22T01:48:24.208+0000] {processor.py:840} INFO - DAG(s) 'tutorial_taskflow_api' retrieved from /home/airflow/.local/lib/python3.12/site-packages/airflow/example_dags/tutorial_taskflow_api.py
[2024-12-22T01:48:24.222+0000] {logging_mixin.py:188} INFO - [2024-12-22T01:48:24.222+0000] {dag.py:3089} INFO - Sync 1 DAGs
[2024-12-22T01:48:24.229+0000] {logging_mixin.py:188} INFO - [2024-12-22T01:48:24.229+0000] {dag.py:3947} INFO - Setting next_dagrun for tutorial_taskflow_api to None, run_after=None
[2024-12-22T01:48:24.239+0000] {processor.py:183} INFO - Processing /home/airflow/.local/lib/python3.12/site-packages/airflow/example_dags/tutorial_taskflow_api.py took 0.041 seconds
[2024-12-22T01:48:54.459+0000] {processor.py:161} INFO - Started process (PID=1997) to work on /home/airflow/.local/lib/python3.12/site-packages/airflow/example_dags/tutorial_taskflow_api.py
[2024-12-22T01:48:54.460+0000] {processor.py:830} INFO - Processing file /home/airflow/.local/lib/python3.12/site-packages/airflow/example_dags/tutorial_taskflow_api.py for tasks to queue
[2024-12-22T01:48:54.461+0000] {logging_mixin.py:188} INFO - [2024-12-22T01:48:54.461+0000] {dagbag.py:545} INFO - Filling up the DagBag from /home/airflow/.local/lib/python3.12/site-packages/airflow/example_dags/tutorial_taskflow_api.py
[2024-12-22T01:48:54.465+0000] {processor.py:840} INFO - DAG(s) 'tutorial_taskflow_api' retrieved from /home/airflow/.local/lib/python3.12/site-packages/airflow/example_dags/tutorial_taskflow_api.py
[2024-12-22T01:48:54.479+0000] {logging_mixin.py:188} INFO - [2024-12-22T01:48:54.479+0000] {dag.py:3089} INFO - Sync 1 DAGs
[2024-12-22T01:48:54.487+0000] {logging_mixin.py:188} INFO - [2024-12-22T01:48:54.486+0000] {dag.py:3947} INFO - Setting next_dagrun for tutorial_taskflow_api to None, run_after=None
[2024-12-22T01:48:54.497+0000] {processor.py:183} INFO - Processing /home/airflow/.local/lib/python3.12/site-packages/airflow/example_dags/tutorial_taskflow_api.py took 0.042 seconds
[2024-12-22T01:49:25.061+0000] {processor.py:161} INFO - Started process (PID=2276) to work on /home/airflow/.local/lib/python3.12/site-packages/airflow/example_dags/tutorial_taskflow_api.py
[2024-12-22T01:49:25.062+0000] {processor.py:830} INFO - Processing file /home/airflow/.local/lib/python3.12/site-packages/airflow/example_dags/tutorial_taskflow_api.py for tasks to queue
[2024-12-22T01:49:25.063+0000] {logging_mixin.py:188} INFO - [2024-12-22T01:49:25.063+0000] {dagbag.py:545} INFO - Filling up the DagBag from /home/airflow/.local/lib/python3.12/site-packages/airflow/example_dags/tutorial_taskflow_api.py
[2024-12-22T01:49:25.066+0000] {processor.py:840} INFO - DAG(s) 'tutorial_taskflow_api' retrieved from /home/airflow/.local/lib/python3.12/site-packages/airflow/example_dags/tutorial_taskflow_api.py
[2024-12-22T01:49:25.079+0000] {logging_mixin.py:188} INFO - [2024-12-22T01:49:25.079+0000] {dag.py:3089} INFO - Sync 1 DAGs
[2024-12-22T01:49:25.086+0000] {logging_mixin.py:188} INFO - [2024-12-22T01:49:25.086+0000] {dag.py:3947} INFO - Setting next_dagrun for tutorial_taskflow_api to None, run_after=None
[2024-12-22T01:49:25.098+0000] {processor.py:183} INFO - Processing /home/airflow/.local/lib/python3.12/site-packages/airflow/example_dags/tutorial_taskflow_api.py took 0.040 seconds
[2024-12-22T01:49:55.335+0000] {processor.py:161} INFO - Started process (PID=2553) to work on /home/airflow/.local/lib/python3.12/site-packages/airflow/example_dags/tutorial_taskflow_api.py
[2024-12-22T01:49:55.336+0000] {processor.py:830} INFO - Processing file /home/airflow/.local/lib/python3.12/site-packages/airflow/example_dags/tutorial_taskflow_api.py for tasks to queue
[2024-12-22T01:49:55.337+0000] {logging_mixin.py:188} INFO - [2024-12-22T01:49:55.336+0000] {dagbag.py:545} INFO - Filling up the DagBag from /home/airflow/.local/lib/python3.12/site-packages/airflow/example_dags/tutorial_taskflow_api.py
[2024-12-22T01:49:55.341+0000] {processor.py:840} INFO - DAG(s) 'tutorial_taskflow_api' retrieved from /home/airflow/.local/lib/python3.12/site-packages/airflow/example_dags/tutorial_taskflow_api.py
[2024-12-22T01:49:55.353+0000] {logging_mixin.py:188} INFO - [2024-12-22T01:49:55.353+0000] {dag.py:3089} INFO - Sync 1 DAGs
[2024-12-22T01:49:55.361+0000] {logging_mixin.py:188} INFO - [2024-12-22T01:49:55.361+0000] {dag.py:3947} INFO - Setting next_dagrun for tutorial_taskflow_api to None, run_after=None
[2024-12-22T01:49:55.370+0000] {processor.py:183} INFO - Processing /home/airflow/.local/lib/python3.12/site-packages/airflow/example_dags/tutorial_taskflow_api.py took 0.038 seconds
[2024-12-22T01:50:26.236+0000] {processor.py:161} INFO - Started process (PID=2828) to work on /home/airflow/.local/lib/python3.12/site-packages/airflow/example_dags/tutorial_taskflow_api.py
[2024-12-22T01:50:26.237+0000] {processor.py:830} INFO - Processing file /home/airflow/.local/lib/python3.12/site-packages/airflow/example_dags/tutorial_taskflow_api.py for tasks to queue
[2024-12-22T01:50:26.238+0000] {logging_mixin.py:188} INFO - [2024-12-22T01:50:26.238+0000] {dagbag.py:545} INFO - Filling up the DagBag from /home/airflow/.local/lib/python3.12/site-packages/airflow/example_dags/tutorial_taskflow_api.py
[2024-12-22T01:50:26.242+0000] {processor.py:840} INFO - DAG(s) 'tutorial_taskflow_api' retrieved from /home/airflow/.local/lib/python3.12/site-packages/airflow/example_dags/tutorial_taskflow_api.py
[2024-12-22T01:50:26.254+0000] {logging_mixin.py:188} INFO - [2024-12-22T01:50:26.254+0000] {dag.py:3089} INFO - Sync 1 DAGs
[2024-12-22T01:50:26.260+0000] {logging_mixin.py:188} INFO - [2024-12-22T01:50:26.260+0000] {dag.py:3947} INFO - Setting next_dagrun for tutorial_taskflow_api to None, run_after=None
[2024-12-22T01:50:26.270+0000] {processor.py:183} INFO - Processing /home/airflow/.local/lib/python3.12/site-packages/airflow/example_dags/tutorial_taskflow_api.py took 0.038 seconds
[2024-12-22T01:50:59.107+0000] {processor.py:161} INFO - Started process (PID=3107) to work on /home/airflow/.local/lib/python3.12/site-packages/airflow/example_dags/tutorial_taskflow_api.py
[2024-12-22T01:50:59.108+0000] {processor.py:830} INFO - Processing file /home/airflow/.local/lib/python3.12/site-packages/airflow/example_dags/tutorial_taskflow_api.py for tasks to queue
[2024-12-22T01:50:59.109+0000] {logging_mixin.py:188} INFO - [2024-12-22T01:50:59.109+0000] {dagbag.py:545} INFO - Filling up the DagBag from /home/airflow/.local/lib/python3.12/site-packages/airflow/example_dags/tutorial_taskflow_api.py
[2024-12-22T01:50:59.113+0000] {processor.py:840} INFO - DAG(s) 'tutorial_taskflow_api' retrieved from /home/airflow/.local/lib/python3.12/site-packages/airflow/example_dags/tutorial_taskflow_api.py
[2024-12-22T01:50:59.124+0000] {logging_mixin.py:188} INFO - [2024-12-22T01:50:59.124+0000] {dag.py:3089} INFO - Sync 1 DAGs
[2024-12-22T01:50:59.130+0000] {logging_mixin.py:188} INFO - [2024-12-22T01:50:59.130+0000] {dag.py:3947} INFO - Setting next_dagrun for tutorial_taskflow_api to None, run_after=None
[2024-12-22T01:50:59.139+0000] {processor.py:183} INFO - Processing /home/airflow/.local/lib/python3.12/site-packages/airflow/example_dags/tutorial_taskflow_api.py took 0.035 seconds
[2024-12-22T01:51:32.465+0000] {processor.py:161} INFO - Started process (PID=3384) to work on /home/airflow/.local/lib/python3.12/site-packages/airflow/example_dags/tutorial_taskflow_api.py
[2024-12-22T01:51:32.466+0000] {processor.py:830} INFO - Processing file /home/airflow/.local/lib/python3.12/site-packages/airflow/example_dags/tutorial_taskflow_api.py for tasks to queue
[2024-12-22T01:51:32.468+0000] {logging_mixin.py:188} INFO - [2024-12-22T01:51:32.467+0000] {dagbag.py:545} INFO - Filling up the DagBag from /home/airflow/.local/lib/python3.12/site-packages/airflow/example_dags/tutorial_taskflow_api.py
[2024-12-22T01:51:32.473+0000] {processor.py:840} INFO - DAG(s) 'tutorial_taskflow_api' retrieved from /home/airflow/.local/lib/python3.12/site-packages/airflow/example_dags/tutorial_taskflow_api.py
[2024-12-22T01:51:32.490+0000] {logging_mixin.py:188} INFO - [2024-12-22T01:51:32.490+0000] {dag.py:3089} INFO - Sync 1 DAGs
[2024-12-22T01:51:32.498+0000] {logging_mixin.py:188} INFO - [2024-12-22T01:51:32.498+0000] {dag.py:3947} INFO - Setting next_dagrun for tutorial_taskflow_api to None, run_after=None
[2024-12-22T01:51:32.511+0000] {processor.py:183} INFO - Processing /home/airflow/.local/lib/python3.12/site-packages/airflow/example_dags/tutorial_taskflow_api.py took 0.051 seconds
[2024-12-22T01:52:02.841+0000] {processor.py:161} INFO - Started process (PID=3661) to work on /home/airflow/.local/lib/python3.12/site-packages/airflow/example_dags/tutorial_taskflow_api.py
[2024-12-22T01:52:02.842+0000] {processor.py:830} INFO - Processing file /home/airflow/.local/lib/python3.12/site-packages/airflow/example_dags/tutorial_taskflow_api.py for tasks to queue
[2024-12-22T01:52:02.843+0000] {logging_mixin.py:188} INFO - [2024-12-22T01:52:02.843+0000] {dagbag.py:545} INFO - Filling up the DagBag from /home/airflow/.local/lib/python3.12/site-packages/airflow/example_dags/tutorial_taskflow_api.py
[2024-12-22T01:52:02.847+0000] {processor.py:840} INFO - DAG(s) 'tutorial_taskflow_api' retrieved from /home/airflow/.local/lib/python3.12/site-packages/airflow/example_dags/tutorial_taskflow_api.py
[2024-12-22T01:52:02.860+0000] {logging_mixin.py:188} INFO - [2024-12-22T01:52:02.859+0000] {dag.py:3089} INFO - Sync 1 DAGs
[2024-12-22T01:52:02.867+0000] {logging_mixin.py:188} INFO - [2024-12-22T01:52:02.866+0000] {dag.py:3947} INFO - Setting next_dagrun for tutorial_taskflow_api to None, run_after=None
[2024-12-22T01:52:02.877+0000] {processor.py:183} INFO - Processing /home/airflow/.local/lib/python3.12/site-packages/airflow/example_dags/tutorial_taskflow_api.py took 0.040 seconds
[2024-12-22T01:52:33.326+0000] {processor.py:161} INFO - Started process (PID=3938) to work on /home/airflow/.local/lib/python3.12/site-packages/airflow/example_dags/tutorial_taskflow_api.py
[2024-12-22T01:52:33.327+0000] {processor.py:830} INFO - Processing file /home/airflow/.local/lib/python3.12/site-packages/airflow/example_dags/tutorial_taskflow_api.py for tasks to queue
[2024-12-22T01:52:33.329+0000] {logging_mixin.py:188} INFO - [2024-12-22T01:52:33.328+0000] {dagbag.py:545} INFO - Filling up the DagBag from /home/airflow/.local/lib/python3.12/site-packages/airflow/example_dags/tutorial_taskflow_api.py
[2024-12-22T01:52:33.333+0000] {processor.py:840} INFO - DAG(s) 'tutorial_taskflow_api' retrieved from /home/airflow/.local/lib/python3.12/site-packages/airflow/example_dags/tutorial_taskflow_api.py
[2024-12-22T01:52:33.346+0000] {logging_mixin.py:188} INFO - [2024-12-22T01:52:33.346+0000] {dag.py:3089} INFO - Sync 1 DAGs
[2024-12-22T01:52:33.353+0000] {logging_mixin.py:188} INFO - [2024-12-22T01:52:33.353+0000] {dag.py:3947} INFO - Setting next_dagrun for tutorial_taskflow_api to None, run_after=None
[2024-12-22T01:52:33.363+0000] {processor.py:183} INFO - Processing /home/airflow/.local/lib/python3.12/site-packages/airflow/example_dags/tutorial_taskflow_api.py took 0.040 seconds
[2024-12-22T01:53:04.296+0000] {processor.py:161} INFO - Started process (PID=4213) to work on /home/airflow/.local/lib/python3.12/site-packages/airflow/example_dags/tutorial_taskflow_api.py
[2024-12-22T01:53:04.297+0000] {processor.py:830} INFO - Processing file /home/airflow/.local/lib/python3.12/site-packages/airflow/example_dags/tutorial_taskflow_api.py for tasks to queue
[2024-12-22T01:53:04.298+0000] {logging_mixin.py:188} INFO - [2024-12-22T01:53:04.298+0000] {dagbag.py:545} INFO - Filling up the DagBag from /home/airflow/.local/lib/python3.12/site-packages/airflow/example_dags/tutorial_taskflow_api.py
[2024-12-22T01:53:04.302+0000] {processor.py:840} INFO - DAG(s) 'tutorial_taskflow_api' retrieved from /home/airflow/.local/lib/python3.12/site-packages/airflow/example_dags/tutorial_taskflow_api.py
[2024-12-22T01:53:04.315+0000] {logging_mixin.py:188} INFO - [2024-12-22T01:53:04.314+0000] {dag.py:3089} INFO - Sync 1 DAGs
[2024-12-22T01:53:04.321+0000] {logging_mixin.py:188} INFO - [2024-12-22T01:53:04.321+0000] {dag.py:3947} INFO - Setting next_dagrun for tutorial_taskflow_api to None, run_after=None
[2024-12-22T01:53:04.332+0000] {processor.py:183} INFO - Processing /home/airflow/.local/lib/python3.12/site-packages/airflow/example_dags/tutorial_taskflow_api.py took 0.040 seconds
[2024-12-22T01:53:35.761+0000] {processor.py:161} INFO - Started process (PID=4490) to work on /home/airflow/.local/lib/python3.12/site-packages/airflow/example_dags/tutorial_taskflow_api.py
[2024-12-22T01:53:35.762+0000] {processor.py:830} INFO - Processing file /home/airflow/.local/lib/python3.12/site-packages/airflow/example_dags/tutorial_taskflow_api.py for tasks to queue
[2024-12-22T01:53:35.763+0000] {logging_mixin.py:188} INFO - [2024-12-22T01:53:35.763+0000] {dagbag.py:545} INFO - Filling up the DagBag from /home/airflow/.local/lib/python3.12/site-packages/airflow/example_dags/tutorial_taskflow_api.py
[2024-12-22T01:53:35.767+0000] {processor.py:840} INFO - DAG(s) 'tutorial_taskflow_api' retrieved from /home/airflow/.local/lib/python3.12/site-packages/airflow/example_dags/tutorial_taskflow_api.py
[2024-12-22T01:53:35.787+0000] {logging_mixin.py:188} INFO - [2024-12-22T01:53:35.787+0000] {dag.py:3089} INFO - Sync 1 DAGs
[2024-12-22T01:53:35.794+0000] {logging_mixin.py:188} INFO - [2024-12-22T01:53:35.794+0000] {dag.py:3947} INFO - Setting next_dagrun for tutorial_taskflow_api to None, run_after=None
[2024-12-22T01:53:35.804+0000] {processor.py:183} INFO - Processing /home/airflow/.local/lib/python3.12/site-packages/airflow/example_dags/tutorial_taskflow_api.py took 0.047 seconds
[2024-12-22T01:54:07.825+0000] {processor.py:161} INFO - Started process (PID=4770) to work on /home/airflow/.local/lib/python3.12/site-packages/airflow/example_dags/tutorial_taskflow_api.py
[2024-12-22T01:54:07.826+0000] {processor.py:830} INFO - Processing file /home/airflow/.local/lib/python3.12/site-packages/airflow/example_dags/tutorial_taskflow_api.py for tasks to queue
[2024-12-22T01:54:07.827+0000] {logging_mixin.py:188} INFO - [2024-12-22T01:54:07.827+0000] {dagbag.py:545} INFO - Filling up the DagBag from /home/airflow/.local/lib/python3.12/site-packages/airflow/example_dags/tutorial_taskflow_api.py
[2024-12-22T01:54:07.831+0000] {processor.py:840} INFO - DAG(s) 'tutorial_taskflow_api' retrieved from /home/airflow/.local/lib/python3.12/site-packages/airflow/example_dags/tutorial_taskflow_api.py
[2024-12-22T01:54:07.844+0000] {logging_mixin.py:188} INFO - [2024-12-22T01:54:07.844+0000] {dag.py:3089} INFO - Sync 1 DAGs
[2024-12-22T01:54:07.850+0000] {logging_mixin.py:188} INFO - [2024-12-22T01:54:07.850+0000] {dag.py:3947} INFO - Setting next_dagrun for tutorial_taskflow_api to None, run_after=None
[2024-12-22T01:54:07.860+0000] {processor.py:183} INFO - Processing /home/airflow/.local/lib/python3.12/site-packages/airflow/example_dags/tutorial_taskflow_api.py took 0.039 seconds
[2024-12-22T01:54:40.760+0000] {processor.py:161} INFO - Started process (PID=5047) to work on /home/airflow/.local/lib/python3.12/site-packages/airflow/example_dags/tutorial_taskflow_api.py
[2024-12-22T01:54:40.760+0000] {processor.py:830} INFO - Processing file /home/airflow/.local/lib/python3.12/site-packages/airflow/example_dags/tutorial_taskflow_api.py for tasks to queue
[2024-12-22T01:54:40.762+0000] {logging_mixin.py:188} INFO - [2024-12-22T01:54:40.761+0000] {dagbag.py:545} INFO - Filling up the DagBag from /home/airflow/.local/lib/python3.12/site-packages/airflow/example_dags/tutorial_taskflow_api.py
[2024-12-22T01:54:40.765+0000] {processor.py:840} INFO - DAG(s) 'tutorial_taskflow_api' retrieved from /home/airflow/.local/lib/python3.12/site-packages/airflow/example_dags/tutorial_taskflow_api.py
[2024-12-22T01:54:40.777+0000] {logging_mixin.py:188} INFO - [2024-12-22T01:54:40.777+0000] {dag.py:3089} INFO - Sync 1 DAGs
[2024-12-22T01:54:40.783+0000] {logging_mixin.py:188} INFO - [2024-12-22T01:54:40.783+0000] {dag.py:3947} INFO - Setting next_dagrun for tutorial_taskflow_api to None, run_after=None
[2024-12-22T01:54:40.793+0000] {processor.py:183} INFO - Processing /home/airflow/.local/lib/python3.12/site-packages/airflow/example_dags/tutorial_taskflow_api.py took 0.037 seconds
[2024-12-22T01:55:13.810+0000] {processor.py:161} INFO - Started process (PID=5324) to work on /home/airflow/.local/lib/python3.12/site-packages/airflow/example_dags/tutorial_taskflow_api.py
[2024-12-22T01:55:13.810+0000] {processor.py:830} INFO - Processing file /home/airflow/.local/lib/python3.12/site-packages/airflow/example_dags/tutorial_taskflow_api.py for tasks to queue
[2024-12-22T01:55:13.812+0000] {logging_mixin.py:188} INFO - [2024-12-22T01:55:13.811+0000] {dagbag.py:545} INFO - Filling up the DagBag from /home/airflow/.local/lib/python3.12/site-packages/airflow/example_dags/tutorial_taskflow_api.py
[2024-12-22T01:55:13.816+0000] {processor.py:840} INFO - DAG(s) 'tutorial_taskflow_api' retrieved from /home/airflow/.local/lib/python3.12/site-packages/airflow/example_dags/tutorial_taskflow_api.py
[2024-12-22T01:55:13.828+0000] {logging_mixin.py:188} INFO - [2024-12-22T01:55:13.828+0000] {dag.py:3089} INFO - Sync 1 DAGs
[2024-12-22T01:55:13.834+0000] {logging_mixin.py:188} INFO - [2024-12-22T01:55:13.834+0000] {dag.py:3947} INFO - Setting next_dagrun for tutorial_taskflow_api to None, run_after=None
[2024-12-22T01:55:13.845+0000] {processor.py:183} INFO - Processing /home/airflow/.local/lib/python3.12/site-packages/airflow/example_dags/tutorial_taskflow_api.py took 0.039 seconds
[2024-12-22T01:55:44.477+0000] {processor.py:161} INFO - Started process (PID=5599) to work on /home/airflow/.local/lib/python3.12/site-packages/airflow/example_dags/tutorial_taskflow_api.py
[2024-12-22T01:55:44.478+0000] {processor.py:830} INFO - Processing file /home/airflow/.local/lib/python3.12/site-packages/airflow/example_dags/tutorial_taskflow_api.py for tasks to queue
[2024-12-22T01:55:44.479+0000] {logging_mixin.py:188} INFO - [2024-12-22T01:55:44.479+0000] {dagbag.py:545} INFO - Filling up the DagBag from /home/airflow/.local/lib/python3.12/site-packages/airflow/example_dags/tutorial_taskflow_api.py
[2024-12-22T01:55:44.483+0000] {processor.py:840} INFO - DAG(s) 'tutorial_taskflow_api' retrieved from /home/airflow/.local/lib/python3.12/site-packages/airflow/example_dags/tutorial_taskflow_api.py
[2024-12-22T01:55:44.497+0000] {logging_mixin.py:188} INFO - [2024-12-22T01:55:44.497+0000] {dag.py:3089} INFO - Sync 1 DAGs
[2024-12-22T01:55:44.504+0000] {logging_mixin.py:188} INFO - [2024-12-22T01:55:44.504+0000] {dag.py:3947} INFO - Setting next_dagrun for tutorial_taskflow_api to None, run_after=None
[2024-12-22T01:55:44.516+0000] {processor.py:183} INFO - Processing /home/airflow/.local/lib/python3.12/site-packages/airflow/example_dags/tutorial_taskflow_api.py took 0.043 seconds
[2024-12-22T01:56:15.913+0000] {processor.py:161} INFO - Started process (PID=5876) to work on /home/airflow/.local/lib/python3.12/site-packages/airflow/example_dags/tutorial_taskflow_api.py
[2024-12-22T01:56:15.913+0000] {processor.py:830} INFO - Processing file /home/airflow/.local/lib/python3.12/site-packages/airflow/example_dags/tutorial_taskflow_api.py for tasks to queue
[2024-12-22T01:56:15.915+0000] {logging_mixin.py:188} INFO - [2024-12-22T01:56:15.914+0000] {dagbag.py:545} INFO - Filling up the DagBag from /home/airflow/.local/lib/python3.12/site-packages/airflow/example_dags/tutorial_taskflow_api.py
[2024-12-22T01:56:15.919+0000] {processor.py:840} INFO - DAG(s) 'tutorial_taskflow_api' retrieved from /home/airflow/.local/lib/python3.12/site-packages/airflow/example_dags/tutorial_taskflow_api.py
[2024-12-22T01:56:15.932+0000] {logging_mixin.py:188} INFO - [2024-12-22T01:56:15.932+0000] {dag.py:3089} INFO - Sync 1 DAGs
[2024-12-22T01:56:15.939+0000] {logging_mixin.py:188} INFO - [2024-12-22T01:56:15.939+0000] {dag.py:3947} INFO - Setting next_dagrun for tutorial_taskflow_api to None, run_after=None
[2024-12-22T01:56:15.950+0000] {processor.py:183} INFO - Processing /home/airflow/.local/lib/python3.12/site-packages/airflow/example_dags/tutorial_taskflow_api.py took 0.041 seconds
[2024-12-22T01:56:46.260+0000] {processor.py:161} INFO - Started process (PID=6153) to work on /home/airflow/.local/lib/python3.12/site-packages/airflow/example_dags/tutorial_taskflow_api.py
[2024-12-22T01:56:46.261+0000] {processor.py:830} INFO - Processing file /home/airflow/.local/lib/python3.12/site-packages/airflow/example_dags/tutorial_taskflow_api.py for tasks to queue
[2024-12-22T01:56:46.262+0000] {logging_mixin.py:188} INFO - [2024-12-22T01:56:46.262+0000] {dagbag.py:545} INFO - Filling up the DagBag from /home/airflow/.local/lib/python3.12/site-packages/airflow/example_dags/tutorial_taskflow_api.py
[2024-12-22T01:56:46.266+0000] {processor.py:840} INFO - DAG(s) 'tutorial_taskflow_api' retrieved from /home/airflow/.local/lib/python3.12/site-packages/airflow/example_dags/tutorial_taskflow_api.py
[2024-12-22T01:56:46.279+0000] {logging_mixin.py:188} INFO - [2024-12-22T01:56:46.279+0000] {dag.py:3089} INFO - Sync 1 DAGs
[2024-12-22T01:56:46.286+0000] {logging_mixin.py:188} INFO - [2024-12-22T01:56:46.286+0000] {dag.py:3947} INFO - Setting next_dagrun for tutorial_taskflow_api to None, run_after=None
[2024-12-22T01:56:46.298+0000] {processor.py:183} INFO - Processing /home/airflow/.local/lib/python3.12/site-packages/airflow/example_dags/tutorial_taskflow_api.py took 0.042 seconds
[2024-12-22T01:57:16.906+0000] {processor.py:161} INFO - Started process (PID=6433) to work on /home/airflow/.local/lib/python3.12/site-packages/airflow/example_dags/tutorial_taskflow_api.py
[2024-12-22T01:57:16.906+0000] {processor.py:830} INFO - Processing file /home/airflow/.local/lib/python3.12/site-packages/airflow/example_dags/tutorial_taskflow_api.py for tasks to queue
[2024-12-22T01:57:16.907+0000] {logging_mixin.py:188} INFO - [2024-12-22T01:57:16.907+0000] {dagbag.py:545} INFO - Filling up the DagBag from /home/airflow/.local/lib/python3.12/site-packages/airflow/example_dags/tutorial_taskflow_api.py
[2024-12-22T01:57:16.911+0000] {processor.py:840} INFO - DAG(s) 'tutorial_taskflow_api' retrieved from /home/airflow/.local/lib/python3.12/site-packages/airflow/example_dags/tutorial_taskflow_api.py
[2024-12-22T01:57:16.922+0000] {logging_mixin.py:188} INFO - [2024-12-22T01:57:16.922+0000] {dag.py:3089} INFO - Sync 1 DAGs
[2024-12-22T01:57:16.928+0000] {logging_mixin.py:188} INFO - [2024-12-22T01:57:16.928+0000] {dag.py:3947} INFO - Setting next_dagrun for tutorial_taskflow_api to None, run_after=None
[2024-12-22T01:57:16.936+0000] {processor.py:183} INFO - Processing /home/airflow/.local/lib/python3.12/site-packages/airflow/example_dags/tutorial_taskflow_api.py took 0.034 seconds
[2024-12-22T01:57:50.085+0000] {processor.py:161} INFO - Started process (PID=6710) to work on /home/airflow/.local/lib/python3.12/site-packages/airflow/example_dags/tutorial_taskflow_api.py
[2024-12-22T01:57:50.085+0000] {processor.py:830} INFO - Processing file /home/airflow/.local/lib/python3.12/site-packages/airflow/example_dags/tutorial_taskflow_api.py for tasks to queue
[2024-12-22T01:57:50.086+0000] {logging_mixin.py:188} INFO - [2024-12-22T01:57:50.086+0000] {dagbag.py:545} INFO - Filling up the DagBag from /home/airflow/.local/lib/python3.12/site-packages/airflow/example_dags/tutorial_taskflow_api.py
[2024-12-22T01:57:50.090+0000] {processor.py:840} INFO - DAG(s) 'tutorial_taskflow_api' retrieved from /home/airflow/.local/lib/python3.12/site-packages/airflow/example_dags/tutorial_taskflow_api.py
[2024-12-22T01:57:50.102+0000] {logging_mixin.py:188} INFO - [2024-12-22T01:57:50.102+0000] {dag.py:3089} INFO - Sync 1 DAGs
[2024-12-22T01:57:50.108+0000] {logging_mixin.py:188} INFO - [2024-12-22T01:57:50.108+0000] {dag.py:3947} INFO - Setting next_dagrun for tutorial_taskflow_api to None, run_after=None
[2024-12-22T01:57:50.117+0000] {processor.py:183} INFO - Processing /home/airflow/.local/lib/python3.12/site-packages/airflow/example_dags/tutorial_taskflow_api.py took 0.036 seconds
[2024-12-22T01:58:22.247+0000] {processor.py:161} INFO - Started process (PID=6987) to work on /home/airflow/.local/lib/python3.12/site-packages/airflow/example_dags/tutorial_taskflow_api.py
[2024-12-22T01:58:22.247+0000] {processor.py:830} INFO - Processing file /home/airflow/.local/lib/python3.12/site-packages/airflow/example_dags/tutorial_taskflow_api.py for tasks to queue
[2024-12-22T01:58:22.248+0000] {logging_mixin.py:188} INFO - [2024-12-22T01:58:22.248+0000] {dagbag.py:545} INFO - Filling up the DagBag from /home/airflow/.local/lib/python3.12/site-packages/airflow/example_dags/tutorial_taskflow_api.py
[2024-12-22T01:58:22.252+0000] {processor.py:840} INFO - DAG(s) 'tutorial_taskflow_api' retrieved from /home/airflow/.local/lib/python3.12/site-packages/airflow/example_dags/tutorial_taskflow_api.py
[2024-12-22T01:58:22.264+0000] {logging_mixin.py:188} INFO - [2024-12-22T01:58:22.264+0000] {dag.py:3089} INFO - Sync 1 DAGs
[2024-12-22T01:58:22.271+0000] {logging_mixin.py:188} INFO - [2024-12-22T01:58:22.271+0000] {dag.py:3947} INFO - Setting next_dagrun for tutorial_taskflow_api to None, run_after=None
[2024-12-22T01:58:22.281+0000] {processor.py:183} INFO - Processing /home/airflow/.local/lib/python3.12/site-packages/airflow/example_dags/tutorial_taskflow_api.py took 0.038 seconds
[2024-12-22T01:58:55.337+0000] {processor.py:161} INFO - Started process (PID=7262) to work on /home/airflow/.local/lib/python3.12/site-packages/airflow/example_dags/tutorial_taskflow_api.py
[2024-12-22T01:58:55.338+0000] {processor.py:830} INFO - Processing file /home/airflow/.local/lib/python3.12/site-packages/airflow/example_dags/tutorial_taskflow_api.py for tasks to queue
[2024-12-22T01:58:55.340+0000] {logging_mixin.py:188} INFO - [2024-12-22T01:58:55.339+0000] {dagbag.py:545} INFO - Filling up the DagBag from /home/airflow/.local/lib/python3.12/site-packages/airflow/example_dags/tutorial_taskflow_api.py
[2024-12-22T01:58:55.344+0000] {processor.py:840} INFO - DAG(s) 'tutorial_taskflow_api' retrieved from /home/airflow/.local/lib/python3.12/site-packages/airflow/example_dags/tutorial_taskflow_api.py
[2024-12-22T01:58:55.357+0000] {logging_mixin.py:188} INFO - [2024-12-22T01:58:55.357+0000] {dag.py:3089} INFO - Sync 1 DAGs
[2024-12-22T01:58:55.364+0000] {logging_mixin.py:188} INFO - [2024-12-22T01:58:55.364+0000] {dag.py:3947} INFO - Setting next_dagrun for tutorial_taskflow_api to None, run_after=None
[2024-12-22T01:58:55.375+0000] {processor.py:183} INFO - Processing /home/airflow/.local/lib/python3.12/site-packages/airflow/example_dags/tutorial_taskflow_api.py took 0.041 seconds
[2024-12-22T01:59:26.266+0000] {processor.py:161} INFO - Started process (PID=7541) to work on /home/airflow/.local/lib/python3.12/site-packages/airflow/example_dags/tutorial_taskflow_api.py
[2024-12-22T01:59:26.267+0000] {processor.py:830} INFO - Processing file /home/airflow/.local/lib/python3.12/site-packages/airflow/example_dags/tutorial_taskflow_api.py for tasks to queue
[2024-12-22T01:59:26.268+0000] {logging_mixin.py:188} INFO - [2024-12-22T01:59:26.268+0000] {dagbag.py:545} INFO - Filling up the DagBag from /home/airflow/.local/lib/python3.12/site-packages/airflow/example_dags/tutorial_taskflow_api.py
[2024-12-22T01:59:26.272+0000] {processor.py:840} INFO - DAG(s) 'tutorial_taskflow_api' retrieved from /home/airflow/.local/lib/python3.12/site-packages/airflow/example_dags/tutorial_taskflow_api.py
[2024-12-22T01:59:26.286+0000] {logging_mixin.py:188} INFO - [2024-12-22T01:59:26.286+0000] {dag.py:3089} INFO - Sync 1 DAGs
[2024-12-22T01:59:26.293+0000] {logging_mixin.py:188} INFO - [2024-12-22T01:59:26.292+0000] {dag.py:3947} INFO - Setting next_dagrun for tutorial_taskflow_api to None, run_after=None
[2024-12-22T01:59:26.304+0000] {processor.py:183} INFO - Processing /home/airflow/.local/lib/python3.12/site-packages/airflow/example_dags/tutorial_taskflow_api.py took 0.042 seconds
[2024-12-22T01:59:56.935+0000] {processor.py:161} INFO - Started process (PID=7818) to work on /home/airflow/.local/lib/python3.12/site-packages/airflow/example_dags/tutorial_taskflow_api.py
[2024-12-22T01:59:56.935+0000] {processor.py:830} INFO - Processing file /home/airflow/.local/lib/python3.12/site-packages/airflow/example_dags/tutorial_taskflow_api.py for tasks to queue
[2024-12-22T01:59:56.937+0000] {logging_mixin.py:188} INFO - [2024-12-22T01:59:56.936+0000] {dagbag.py:545} INFO - Filling up the DagBag from /home/airflow/.local/lib/python3.12/site-packages/airflow/example_dags/tutorial_taskflow_api.py
[2024-12-22T01:59:56.941+0000] {processor.py:840} INFO - DAG(s) 'tutorial_taskflow_api' retrieved from /home/airflow/.local/lib/python3.12/site-packages/airflow/example_dags/tutorial_taskflow_api.py
[2024-12-22T01:59:56.954+0000] {logging_mixin.py:188} INFO - [2024-12-22T01:59:56.954+0000] {dag.py:3089} INFO - Sync 1 DAGs
[2024-12-22T01:59:56.961+0000] {logging_mixin.py:188} INFO - [2024-12-22T01:59:56.961+0000] {dag.py:3947} INFO - Setting next_dagrun for tutorial_taskflow_api to None, run_after=None
[2024-12-22T01:59:56.971+0000] {processor.py:183} INFO - Processing /home/airflow/.local/lib/python3.12/site-packages/airflow/example_dags/tutorial_taskflow_api.py took 0.040 seconds
[2024-12-22T02:00:28.028+0000] {processor.py:161} INFO - Started process (PID=8095) to work on /home/airflow/.local/lib/python3.12/site-packages/airflow/example_dags/tutorial_taskflow_api.py
[2024-12-22T02:00:28.028+0000] {processor.py:830} INFO - Processing file /home/airflow/.local/lib/python3.12/site-packages/airflow/example_dags/tutorial_taskflow_api.py for tasks to queue
[2024-12-22T02:00:28.030+0000] {logging_mixin.py:188} INFO - [2024-12-22T02:00:28.029+0000] {dagbag.py:545} INFO - Filling up the DagBag from /home/airflow/.local/lib/python3.12/site-packages/airflow/example_dags/tutorial_taskflow_api.py
[2024-12-22T02:00:28.034+0000] {processor.py:840} INFO - DAG(s) 'tutorial_taskflow_api' retrieved from /home/airflow/.local/lib/python3.12/site-packages/airflow/example_dags/tutorial_taskflow_api.py
[2024-12-22T02:00:28.047+0000] {logging_mixin.py:188} INFO - [2024-12-22T02:00:28.047+0000] {dag.py:3089} INFO - Sync 1 DAGs
[2024-12-22T02:00:28.054+0000] {logging_mixin.py:188} INFO - [2024-12-22T02:00:28.054+0000] {dag.py:3947} INFO - Setting next_dagrun for tutorial_taskflow_api to None, run_after=None
[2024-12-22T02:00:28.065+0000] {processor.py:183} INFO - Processing /home/airflow/.local/lib/python3.12/site-packages/airflow/example_dags/tutorial_taskflow_api.py took 0.041 seconds
[2024-12-22T02:00:58.443+0000] {processor.py:161} INFO - Started process (PID=8370) to work on /home/airflow/.local/lib/python3.12/site-packages/airflow/example_dags/tutorial_taskflow_api.py
[2024-12-22T02:00:58.443+0000] {processor.py:830} INFO - Processing file /home/airflow/.local/lib/python3.12/site-packages/airflow/example_dags/tutorial_taskflow_api.py for tasks to queue
[2024-12-22T02:00:58.444+0000] {logging_mixin.py:188} INFO - [2024-12-22T02:00:58.444+0000] {dagbag.py:545} INFO - Filling up the DagBag from /home/airflow/.local/lib/python3.12/site-packages/airflow/example_dags/tutorial_taskflow_api.py
[2024-12-22T02:00:58.449+0000] {processor.py:840} INFO - DAG(s) 'tutorial_taskflow_api' retrieved from /home/airflow/.local/lib/python3.12/site-packages/airflow/example_dags/tutorial_taskflow_api.py
[2024-12-22T02:00:58.460+0000] {logging_mixin.py:188} INFO - [2024-12-22T02:00:58.460+0000] {dag.py:3089} INFO - Sync 1 DAGs
[2024-12-22T02:00:58.467+0000] {logging_mixin.py:188} INFO - [2024-12-22T02:00:58.467+0000] {dag.py:3947} INFO - Setting next_dagrun for tutorial_taskflow_api to None, run_after=None
[2024-12-22T02:00:58.476+0000] {processor.py:183} INFO - Processing /home/airflow/.local/lib/python3.12/site-packages/airflow/example_dags/tutorial_taskflow_api.py took 0.037 seconds
[2024-12-22T02:01:31.462+0000] {processor.py:161} INFO - Started process (PID=8647) to work on /home/airflow/.local/lib/python3.12/site-packages/airflow/example_dags/tutorial_taskflow_api.py
[2024-12-22T02:01:31.463+0000] {processor.py:830} INFO - Processing file /home/airflow/.local/lib/python3.12/site-packages/airflow/example_dags/tutorial_taskflow_api.py for tasks to queue
[2024-12-22T02:01:31.464+0000] {logging_mixin.py:188} INFO - [2024-12-22T02:01:31.464+0000] {dagbag.py:545} INFO - Filling up the DagBag from /home/airflow/.local/lib/python3.12/site-packages/airflow/example_dags/tutorial_taskflow_api.py
[2024-12-22T02:01:31.468+0000] {processor.py:840} INFO - DAG(s) 'tutorial_taskflow_api' retrieved from /home/airflow/.local/lib/python3.12/site-packages/airflow/example_dags/tutorial_taskflow_api.py
[2024-12-22T02:01:31.480+0000] {logging_mixin.py:188} INFO - [2024-12-22T02:01:31.479+0000] {dag.py:3089} INFO - Sync 1 DAGs
[2024-12-22T02:01:31.486+0000] {logging_mixin.py:188} INFO - [2024-12-22T02:01:31.486+0000] {dag.py:3947} INFO - Setting next_dagrun for tutorial_taskflow_api to None, run_after=None
[2024-12-22T02:01:31.496+0000] {processor.py:183} INFO - Processing /home/airflow/.local/lib/python3.12/site-packages/airflow/example_dags/tutorial_taskflow_api.py took 0.038 seconds
[2024-12-22T02:02:04.449+0000] {processor.py:161} INFO - Started process (PID=8926) to work on /home/airflow/.local/lib/python3.12/site-packages/airflow/example_dags/tutorial_taskflow_api.py
[2024-12-22T02:02:04.450+0000] {processor.py:830} INFO - Processing file /home/airflow/.local/lib/python3.12/site-packages/airflow/example_dags/tutorial_taskflow_api.py for tasks to queue
[2024-12-22T02:02:04.451+0000] {logging_mixin.py:188} INFO - [2024-12-22T02:02:04.451+0000] {dagbag.py:545} INFO - Filling up the DagBag from /home/airflow/.local/lib/python3.12/site-packages/airflow/example_dags/tutorial_taskflow_api.py
[2024-12-22T02:02:04.455+0000] {processor.py:840} INFO - DAG(s) 'tutorial_taskflow_api' retrieved from /home/airflow/.local/lib/python3.12/site-packages/airflow/example_dags/tutorial_taskflow_api.py
[2024-12-22T02:02:04.466+0000] {logging_mixin.py:188} INFO - [2024-12-22T02:02:04.466+0000] {dag.py:3089} INFO - Sync 1 DAGs
[2024-12-22T02:02:04.473+0000] {logging_mixin.py:188} INFO - [2024-12-22T02:02:04.472+0000] {dag.py:3947} INFO - Setting next_dagrun for tutorial_taskflow_api to None, run_after=None
[2024-12-22T02:02:04.481+0000] {processor.py:183} INFO - Processing /home/airflow/.local/lib/python3.12/site-packages/airflow/example_dags/tutorial_taskflow_api.py took 0.035 seconds
[2024-12-22T02:02:36.511+0000] {processor.py:161} INFO - Started process (PID=9201) to work on /home/airflow/.local/lib/python3.12/site-packages/airflow/example_dags/tutorial_taskflow_api.py
[2024-12-22T02:02:36.512+0000] {processor.py:830} INFO - Processing file /home/airflow/.local/lib/python3.12/site-packages/airflow/example_dags/tutorial_taskflow_api.py for tasks to queue
[2024-12-22T02:02:36.513+0000] {logging_mixin.py:188} INFO - [2024-12-22T02:02:36.513+0000] {dagbag.py:545} INFO - Filling up the DagBag from /home/airflow/.local/lib/python3.12/site-packages/airflow/example_dags/tutorial_taskflow_api.py
[2024-12-22T02:02:36.518+0000] {processor.py:840} INFO - DAG(s) 'tutorial_taskflow_api' retrieved from /home/airflow/.local/lib/python3.12/site-packages/airflow/example_dags/tutorial_taskflow_api.py
[2024-12-22T02:02:36.532+0000] {logging_mixin.py:188} INFO - [2024-12-22T02:02:36.532+0000] {dag.py:3089} INFO - Sync 1 DAGs
[2024-12-22T02:02:36.540+0000] {logging_mixin.py:188} INFO - [2024-12-22T02:02:36.540+0000] {dag.py:3947} INFO - Setting next_dagrun for tutorial_taskflow_api to None, run_after=None
[2024-12-22T02:02:36.551+0000] {processor.py:183} INFO - Processing /home/airflow/.local/lib/python3.12/site-packages/airflow/example_dags/tutorial_taskflow_api.py took 0.044 seconds
[2024-12-22T02:03:07.895+0000] {processor.py:161} INFO - Started process (PID=9480) to work on /home/airflow/.local/lib/python3.12/site-packages/airflow/example_dags/tutorial_taskflow_api.py
[2024-12-22T02:03:07.896+0000] {processor.py:830} INFO - Processing file /home/airflow/.local/lib/python3.12/site-packages/airflow/example_dags/tutorial_taskflow_api.py for tasks to queue
[2024-12-22T02:03:07.897+0000] {logging_mixin.py:188} INFO - [2024-12-22T02:03:07.897+0000] {dagbag.py:545} INFO - Filling up the DagBag from /home/airflow/.local/lib/python3.12/site-packages/airflow/example_dags/tutorial_taskflow_api.py
[2024-12-22T02:03:07.902+0000] {processor.py:840} INFO - DAG(s) 'tutorial_taskflow_api' retrieved from /home/airflow/.local/lib/python3.12/site-packages/airflow/example_dags/tutorial_taskflow_api.py
[2024-12-22T02:03:07.916+0000] {logging_mixin.py:188} INFO - [2024-12-22T02:03:07.915+0000] {dag.py:3089} INFO - Sync 1 DAGs
[2024-12-22T02:03:07.924+0000] {logging_mixin.py:188} INFO - [2024-12-22T02:03:07.923+0000] {dag.py:3947} INFO - Setting next_dagrun for tutorial_taskflow_api to None, run_after=None
[2024-12-22T02:03:07.939+0000] {processor.py:183} INFO - Processing /home/airflow/.local/lib/python3.12/site-packages/airflow/example_dags/tutorial_taskflow_api.py took 0.049 seconds
[2024-12-22T02:03:38.422+0000] {processor.py:161} INFO - Started process (PID=9755) to work on /home/airflow/.local/lib/python3.12/site-packages/airflow/example_dags/tutorial_taskflow_api.py
[2024-12-22T02:03:38.422+0000] {processor.py:830} INFO - Processing file /home/airflow/.local/lib/python3.12/site-packages/airflow/example_dags/tutorial_taskflow_api.py for tasks to queue
[2024-12-22T02:03:38.424+0000] {logging_mixin.py:188} INFO - [2024-12-22T02:03:38.423+0000] {dagbag.py:545} INFO - Filling up the DagBag from /home/airflow/.local/lib/python3.12/site-packages/airflow/example_dags/tutorial_taskflow_api.py
[2024-12-22T02:03:38.427+0000] {processor.py:840} INFO - DAG(s) 'tutorial_taskflow_api' retrieved from /home/airflow/.local/lib/python3.12/site-packages/airflow/example_dags/tutorial_taskflow_api.py
[2024-12-22T02:03:38.442+0000] {logging_mixin.py:188} INFO - [2024-12-22T02:03:38.441+0000] {dag.py:3089} INFO - Sync 1 DAGs
[2024-12-22T02:03:38.448+0000] {logging_mixin.py:188} INFO - [2024-12-22T02:03:38.448+0000] {dag.py:3947} INFO - Setting next_dagrun for tutorial_taskflow_api to None, run_after=None
[2024-12-22T02:03:38.461+0000] {processor.py:183} INFO - Processing /home/airflow/.local/lib/python3.12/site-packages/airflow/example_dags/tutorial_taskflow_api.py took 0.043 seconds
[2024-12-22T02:04:09.172+0000] {processor.py:161} INFO - Started process (PID=10032) to work on /home/airflow/.local/lib/python3.12/site-packages/airflow/example_dags/tutorial_taskflow_api.py
[2024-12-22T02:04:09.174+0000] {processor.py:830} INFO - Processing file /home/airflow/.local/lib/python3.12/site-packages/airflow/example_dags/tutorial_taskflow_api.py for tasks to queue
[2024-12-22T02:04:09.175+0000] {logging_mixin.py:188} INFO - [2024-12-22T02:04:09.175+0000] {dagbag.py:545} INFO - Filling up the DagBag from /home/airflow/.local/lib/python3.12/site-packages/airflow/example_dags/tutorial_taskflow_api.py
[2024-12-22T02:04:09.180+0000] {processor.py:840} INFO - DAG(s) 'tutorial_taskflow_api' retrieved from /home/airflow/.local/lib/python3.12/site-packages/airflow/example_dags/tutorial_taskflow_api.py
[2024-12-22T02:04:09.196+0000] {logging_mixin.py:188} INFO - [2024-12-22T02:04:09.195+0000] {dag.py:3089} INFO - Sync 1 DAGs
[2024-12-22T02:04:09.203+0000] {logging_mixin.py:188} INFO - [2024-12-22T02:04:09.203+0000] {dag.py:3947} INFO - Setting next_dagrun for tutorial_taskflow_api to None, run_after=None
[2024-12-22T02:04:09.218+0000] {processor.py:183} INFO - Processing /home/airflow/.local/lib/python3.12/site-packages/airflow/example_dags/tutorial_taskflow_api.py took 0.050 seconds
[2024-12-22T02:04:40.169+0000] {processor.py:161} INFO - Started process (PID=10309) to work on /home/airflow/.local/lib/python3.12/site-packages/airflow/example_dags/tutorial_taskflow_api.py
[2024-12-22T02:04:40.170+0000] {processor.py:830} INFO - Processing file /home/airflow/.local/lib/python3.12/site-packages/airflow/example_dags/tutorial_taskflow_api.py for tasks to queue
[2024-12-22T02:04:40.171+0000] {logging_mixin.py:188} INFO - [2024-12-22T02:04:40.171+0000] {dagbag.py:545} INFO - Filling up the DagBag from /home/airflow/.local/lib/python3.12/site-packages/airflow/example_dags/tutorial_taskflow_api.py
[2024-12-22T02:04:40.176+0000] {processor.py:840} INFO - DAG(s) 'tutorial_taskflow_api' retrieved from /home/airflow/.local/lib/python3.12/site-packages/airflow/example_dags/tutorial_taskflow_api.py
[2024-12-22T02:04:40.190+0000] {logging_mixin.py:188} INFO - [2024-12-22T02:04:40.190+0000] {dag.py:3089} INFO - Sync 1 DAGs
[2024-12-22T02:04:40.197+0000] {logging_mixin.py:188} INFO - [2024-12-22T02:04:40.197+0000] {dag.py:3947} INFO - Setting next_dagrun for tutorial_taskflow_api to None, run_after=None
[2024-12-22T02:04:40.209+0000] {processor.py:183} INFO - Processing /home/airflow/.local/lib/python3.12/site-packages/airflow/example_dags/tutorial_taskflow_api.py took 0.044 seconds
[2024-12-22T02:05:13.105+0000] {processor.py:161} INFO - Started process (PID=10586) to work on /home/airflow/.local/lib/python3.12/site-packages/airflow/example_dags/tutorial_taskflow_api.py
[2024-12-22T02:05:13.106+0000] {processor.py:830} INFO - Processing file /home/airflow/.local/lib/python3.12/site-packages/airflow/example_dags/tutorial_taskflow_api.py for tasks to queue
[2024-12-22T02:05:13.107+0000] {logging_mixin.py:188} INFO - [2024-12-22T02:05:13.107+0000] {dagbag.py:545} INFO - Filling up the DagBag from /home/airflow/.local/lib/python3.12/site-packages/airflow/example_dags/tutorial_taskflow_api.py
[2024-12-22T02:05:13.112+0000] {processor.py:840} INFO - DAG(s) 'tutorial_taskflow_api' retrieved from /home/airflow/.local/lib/python3.12/site-packages/airflow/example_dags/tutorial_taskflow_api.py
[2024-12-22T02:05:13.125+0000] {logging_mixin.py:188} INFO - [2024-12-22T02:05:13.125+0000] {dag.py:3089} INFO - Sync 1 DAGs
[2024-12-22T02:05:13.132+0000] {logging_mixin.py:188} INFO - [2024-12-22T02:05:13.132+0000] {dag.py:3947} INFO - Setting next_dagrun for tutorial_taskflow_api to None, run_after=None
[2024-12-22T02:05:13.142+0000] {processor.py:183} INFO - Processing /home/airflow/.local/lib/python3.12/site-packages/airflow/example_dags/tutorial_taskflow_api.py took 0.041 seconds
[2024-12-22T02:05:45.913+0000] {processor.py:161} INFO - Started process (PID=10865) to work on /home/airflow/.local/lib/python3.12/site-packages/airflow/example_dags/tutorial_taskflow_api.py
[2024-12-22T02:05:45.913+0000] {processor.py:830} INFO - Processing file /home/airflow/.local/lib/python3.12/site-packages/airflow/example_dags/tutorial_taskflow_api.py for tasks to queue
[2024-12-22T02:05:45.915+0000] {logging_mixin.py:188} INFO - [2024-12-22T02:05:45.914+0000] {dagbag.py:545} INFO - Filling up the DagBag from /home/airflow/.local/lib/python3.12/site-packages/airflow/example_dags/tutorial_taskflow_api.py
[2024-12-22T02:05:45.919+0000] {processor.py:840} INFO - DAG(s) 'tutorial_taskflow_api' retrieved from /home/airflow/.local/lib/python3.12/site-packages/airflow/example_dags/tutorial_taskflow_api.py
[2024-12-22T02:05:45.932+0000] {logging_mixin.py:188} INFO - [2024-12-22T02:05:45.931+0000] {dag.py:3089} INFO - Sync 1 DAGs
[2024-12-22T02:05:45.945+0000] {logging_mixin.py:188} INFO - [2024-12-22T02:05:45.944+0000] {dag.py:3947} INFO - Setting next_dagrun for tutorial_taskflow_api to None, run_after=None
[2024-12-22T02:05:45.960+0000] {processor.py:183} INFO - Processing /home/airflow/.local/lib/python3.12/site-packages/airflow/example_dags/tutorial_taskflow_api.py took 0.051 seconds
[2024-12-22T02:06:16.916+0000] {processor.py:161} INFO - Started process (PID=11140) to work on /home/airflow/.local/lib/python3.12/site-packages/airflow/example_dags/tutorial_taskflow_api.py
[2024-12-22T02:06:16.917+0000] {processor.py:830} INFO - Processing file /home/airflow/.local/lib/python3.12/site-packages/airflow/example_dags/tutorial_taskflow_api.py for tasks to queue
[2024-12-22T02:06:16.918+0000] {logging_mixin.py:188} INFO - [2024-12-22T02:06:16.918+0000] {dagbag.py:545} INFO - Filling up the DagBag from /home/airflow/.local/lib/python3.12/site-packages/airflow/example_dags/tutorial_taskflow_api.py
[2024-12-22T02:06:16.922+0000] {processor.py:840} INFO - DAG(s) 'tutorial_taskflow_api' retrieved from /home/airflow/.local/lib/python3.12/site-packages/airflow/example_dags/tutorial_taskflow_api.py
[2024-12-22T02:06:16.935+0000] {logging_mixin.py:188} INFO - [2024-12-22T02:06:16.935+0000] {dag.py:3089} INFO - Sync 1 DAGs
[2024-12-22T02:06:16.942+0000] {logging_mixin.py:188} INFO - [2024-12-22T02:06:16.942+0000] {dag.py:3947} INFO - Setting next_dagrun for tutorial_taskflow_api to None, run_after=None
[2024-12-22T02:06:16.951+0000] {processor.py:183} INFO - Processing /home/airflow/.local/lib/python3.12/site-packages/airflow/example_dags/tutorial_taskflow_api.py took 0.039 seconds
[2024-12-22T02:06:47.844+0000] {processor.py:161} INFO - Started process (PID=11419) to work on /home/airflow/.local/lib/python3.12/site-packages/airflow/example_dags/tutorial_taskflow_api.py
[2024-12-22T02:06:47.845+0000] {processor.py:830} INFO - Processing file /home/airflow/.local/lib/python3.12/site-packages/airflow/example_dags/tutorial_taskflow_api.py for tasks to queue
[2024-12-22T02:06:47.846+0000] {logging_mixin.py:188} INFO - [2024-12-22T02:06:47.846+0000] {dagbag.py:545} INFO - Filling up the DagBag from /home/airflow/.local/lib/python3.12/site-packages/airflow/example_dags/tutorial_taskflow_api.py
[2024-12-22T02:06:47.850+0000] {processor.py:840} INFO - DAG(s) 'tutorial_taskflow_api' retrieved from /home/airflow/.local/lib/python3.12/site-packages/airflow/example_dags/tutorial_taskflow_api.py
[2024-12-22T02:06:47.865+0000] {logging_mixin.py:188} INFO - [2024-12-22T02:06:47.865+0000] {dag.py:3089} INFO - Sync 1 DAGs
[2024-12-22T02:06:47.872+0000] {logging_mixin.py:188} INFO - [2024-12-22T02:06:47.872+0000] {dag.py:3947} INFO - Setting next_dagrun for tutorial_taskflow_api to None, run_after=None
[2024-12-22T02:06:47.885+0000] {processor.py:183} INFO - Processing /home/airflow/.local/lib/python3.12/site-packages/airflow/example_dags/tutorial_taskflow_api.py took 0.045 seconds
[2024-12-22T02:07:18.740+0000] {processor.py:161} INFO - Started process (PID=11694) to work on /home/airflow/.local/lib/python3.12/site-packages/airflow/example_dags/tutorial_taskflow_api.py
[2024-12-22T02:07:18.741+0000] {processor.py:830} INFO - Processing file /home/airflow/.local/lib/python3.12/site-packages/airflow/example_dags/tutorial_taskflow_api.py for tasks to queue
[2024-12-22T02:07:18.742+0000] {logging_mixin.py:188} INFO - [2024-12-22T02:07:18.741+0000] {dagbag.py:545} INFO - Filling up the DagBag from /home/airflow/.local/lib/python3.12/site-packages/airflow/example_dags/tutorial_taskflow_api.py
[2024-12-22T02:07:18.746+0000] {processor.py:840} INFO - DAG(s) 'tutorial_taskflow_api' retrieved from /home/airflow/.local/lib/python3.12/site-packages/airflow/example_dags/tutorial_taskflow_api.py
[2024-12-22T02:07:18.759+0000] {logging_mixin.py:188} INFO - [2024-12-22T02:07:18.758+0000] {dag.py:3089} INFO - Sync 1 DAGs
[2024-12-22T02:07:18.765+0000] {logging_mixin.py:188} INFO - [2024-12-22T02:07:18.765+0000] {dag.py:3947} INFO - Setting next_dagrun for tutorial_taskflow_api to None, run_after=None
[2024-12-22T02:07:18.776+0000] {processor.py:183} INFO - Processing /home/airflow/.local/lib/python3.12/site-packages/airflow/example_dags/tutorial_taskflow_api.py took 0.039 seconds
[2024-12-22T02:07:52.180+0000] {processor.py:161} INFO - Started process (PID=11971) to work on /home/airflow/.local/lib/python3.12/site-packages/airflow/example_dags/tutorial_taskflow_api.py
[2024-12-22T02:07:52.181+0000] {processor.py:830} INFO - Processing file /home/airflow/.local/lib/python3.12/site-packages/airflow/example_dags/tutorial_taskflow_api.py for tasks to queue
[2024-12-22T02:07:52.182+0000] {logging_mixin.py:188} INFO - [2024-12-22T02:07:52.182+0000] {dagbag.py:545} INFO - Filling up the DagBag from /home/airflow/.local/lib/python3.12/site-packages/airflow/example_dags/tutorial_taskflow_api.py
[2024-12-22T02:07:52.187+0000] {processor.py:840} INFO - DAG(s) 'tutorial_taskflow_api' retrieved from /home/airflow/.local/lib/python3.12/site-packages/airflow/example_dags/tutorial_taskflow_api.py
[2024-12-22T02:07:52.202+0000] {logging_mixin.py:188} INFO - [2024-12-22T02:07:52.202+0000] {dag.py:3089} INFO - Sync 1 DAGs
[2024-12-22T02:07:52.209+0000] {logging_mixin.py:188} INFO - [2024-12-22T02:07:52.209+0000] {dag.py:3947} INFO - Setting next_dagrun for tutorial_taskflow_api to None, run_after=None
[2024-12-22T02:07:52.221+0000] {processor.py:183} INFO - Processing /home/airflow/.local/lib/python3.12/site-packages/airflow/example_dags/tutorial_taskflow_api.py took 0.045 seconds
[2024-12-22T02:08:24.284+0000] {processor.py:161} INFO - Started process (PID=12248) to work on /home/airflow/.local/lib/python3.12/site-packages/airflow/example_dags/tutorial_taskflow_api.py
[2024-12-22T02:08:24.285+0000] {processor.py:830} INFO - Processing file /home/airflow/.local/lib/python3.12/site-packages/airflow/example_dags/tutorial_taskflow_api.py for tasks to queue
[2024-12-22T02:08:24.287+0000] {logging_mixin.py:188} INFO - [2024-12-22T02:08:24.286+0000] {dagbag.py:545} INFO - Filling up the DagBag from /home/airflow/.local/lib/python3.12/site-packages/airflow/example_dags/tutorial_taskflow_api.py
[2024-12-22T02:08:24.292+0000] {processor.py:840} INFO - DAG(s) 'tutorial_taskflow_api' retrieved from /home/airflow/.local/lib/python3.12/site-packages/airflow/example_dags/tutorial_taskflow_api.py
[2024-12-22T02:08:24.304+0000] {logging_mixin.py:188} INFO - [2024-12-22T02:08:24.304+0000] {dag.py:3089} INFO - Sync 1 DAGs
[2024-12-22T02:08:24.311+0000] {logging_mixin.py:188} INFO - [2024-12-22T02:08:24.311+0000] {dag.py:3947} INFO - Setting next_dagrun for tutorial_taskflow_api to None, run_after=None
[2024-12-22T02:08:24.322+0000] {processor.py:183} INFO - Processing /home/airflow/.local/lib/python3.12/site-packages/airflow/example_dags/tutorial_taskflow_api.py took 0.041 seconds
[2024-12-22T02:08:56.949+0000] {processor.py:161} INFO - Started process (PID=12527) to work on /home/airflow/.local/lib/python3.12/site-packages/airflow/example_dags/tutorial_taskflow_api.py
[2024-12-22T02:08:56.949+0000] {processor.py:830} INFO - Processing file /home/airflow/.local/lib/python3.12/site-packages/airflow/example_dags/tutorial_taskflow_api.py for tasks to queue
[2024-12-22T02:08:56.950+0000] {logging_mixin.py:188} INFO - [2024-12-22T02:08:56.950+0000] {dagbag.py:545} INFO - Filling up the DagBag from /home/airflow/.local/lib/python3.12/site-packages/airflow/example_dags/tutorial_taskflow_api.py
[2024-12-22T02:08:56.954+0000] {processor.py:840} INFO - DAG(s) 'tutorial_taskflow_api' retrieved from /home/airflow/.local/lib/python3.12/site-packages/airflow/example_dags/tutorial_taskflow_api.py
[2024-12-22T02:08:56.967+0000] {logging_mixin.py:188} INFO - [2024-12-22T02:08:56.967+0000] {dag.py:3089} INFO - Sync 1 DAGs
[2024-12-22T02:08:56.974+0000] {logging_mixin.py:188} INFO - [2024-12-22T02:08:56.973+0000] {dag.py:3947} INFO - Setting next_dagrun for tutorial_taskflow_api to None, run_after=None
[2024-12-22T02:08:56.984+0000] {processor.py:183} INFO - Processing /home/airflow/.local/lib/python3.12/site-packages/airflow/example_dags/tutorial_taskflow_api.py took 0.038 seconds
[2024-12-22T02:09:29.110+0000] {processor.py:161} INFO - Started process (PID=12802) to work on /home/airflow/.local/lib/python3.12/site-packages/airflow/example_dags/tutorial_taskflow_api.py
[2024-12-22T02:09:29.111+0000] {processor.py:830} INFO - Processing file /home/airflow/.local/lib/python3.12/site-packages/airflow/example_dags/tutorial_taskflow_api.py for tasks to queue
[2024-12-22T02:09:29.112+0000] {logging_mixin.py:188} INFO - [2024-12-22T02:09:29.112+0000] {dagbag.py:545} INFO - Filling up the DagBag from /home/airflow/.local/lib/python3.12/site-packages/airflow/example_dags/tutorial_taskflow_api.py
[2024-12-22T02:09:29.117+0000] {processor.py:840} INFO - DAG(s) 'tutorial_taskflow_api' retrieved from /home/airflow/.local/lib/python3.12/site-packages/airflow/example_dags/tutorial_taskflow_api.py
[2024-12-22T02:09:29.131+0000] {logging_mixin.py:188} INFO - [2024-12-22T02:09:29.131+0000] {dag.py:3089} INFO - Sync 1 DAGs
[2024-12-22T02:09:29.138+0000] {logging_mixin.py:188} INFO - [2024-12-22T02:09:29.138+0000] {dag.py:3947} INFO - Setting next_dagrun for tutorial_taskflow_api to None, run_after=None
[2024-12-22T02:09:29.149+0000] {processor.py:183} INFO - Processing /home/airflow/.local/lib/python3.12/site-packages/airflow/example_dags/tutorial_taskflow_api.py took 0.043 seconds
[2024-12-22T02:10:00.341+0000] {processor.py:161} INFO - Started process (PID=13081) to work on /home/airflow/.local/lib/python3.12/site-packages/airflow/example_dags/tutorial_taskflow_api.py
[2024-12-22T02:10:00.342+0000] {processor.py:830} INFO - Processing file /home/airflow/.local/lib/python3.12/site-packages/airflow/example_dags/tutorial_taskflow_api.py for tasks to queue
[2024-12-22T02:10:00.343+0000] {logging_mixin.py:188} INFO - [2024-12-22T02:10:00.343+0000] {dagbag.py:545} INFO - Filling up the DagBag from /home/airflow/.local/lib/python3.12/site-packages/airflow/example_dags/tutorial_taskflow_api.py
[2024-12-22T02:10:00.348+0000] {processor.py:840} INFO - DAG(s) 'tutorial_taskflow_api' retrieved from /home/airflow/.local/lib/python3.12/site-packages/airflow/example_dags/tutorial_taskflow_api.py
[2024-12-22T02:10:00.484+0000] {logging_mixin.py:188} INFO - [2024-12-22T02:10:00.484+0000] {dag.py:3089} INFO - Sync 1 DAGs
[2024-12-22T02:10:00.497+0000] {logging_mixin.py:188} INFO - [2024-12-22T02:10:00.497+0000] {dag.py:3947} INFO - Setting next_dagrun for tutorial_taskflow_api to None, run_after=None
[2024-12-22T02:10:00.516+0000] {processor.py:183} INFO - Processing /home/airflow/.local/lib/python3.12/site-packages/airflow/example_dags/tutorial_taskflow_api.py took 0.179 seconds
[2024-12-22T02:10:31.395+0000] {processor.py:161} INFO - Started process (PID=13358) to work on /home/airflow/.local/lib/python3.12/site-packages/airflow/example_dags/tutorial_taskflow_api.py
[2024-12-22T02:10:31.396+0000] {processor.py:830} INFO - Processing file /home/airflow/.local/lib/python3.12/site-packages/airflow/example_dags/tutorial_taskflow_api.py for tasks to queue
[2024-12-22T02:10:31.398+0000] {logging_mixin.py:188} INFO - [2024-12-22T02:10:31.398+0000] {dagbag.py:545} INFO - Filling up the DagBag from /home/airflow/.local/lib/python3.12/site-packages/airflow/example_dags/tutorial_taskflow_api.py
[2024-12-22T02:10:31.405+0000] {processor.py:840} INFO - DAG(s) 'tutorial_taskflow_api' retrieved from /home/airflow/.local/lib/python3.12/site-packages/airflow/example_dags/tutorial_taskflow_api.py
[2024-12-22T02:10:31.420+0000] {logging_mixin.py:188} INFO - [2024-12-22T02:10:31.420+0000] {dag.py:3089} INFO - Sync 1 DAGs
[2024-12-22T02:10:31.426+0000] {logging_mixin.py:188} INFO - [2024-12-22T02:10:31.426+0000] {dag.py:3947} INFO - Setting next_dagrun for tutorial_taskflow_api to None, run_after=None
[2024-12-22T02:10:31.446+0000] {processor.py:183} INFO - Processing /home/airflow/.local/lib/python3.12/site-packages/airflow/example_dags/tutorial_taskflow_api.py took 0.056 seconds
[2024-12-22T02:11:01.748+0000] {processor.py:161} INFO - Started process (PID=13633) to work on /home/airflow/.local/lib/python3.12/site-packages/airflow/example_dags/tutorial_taskflow_api.py
[2024-12-22T02:11:01.749+0000] {processor.py:830} INFO - Processing file /home/airflow/.local/lib/python3.12/site-packages/airflow/example_dags/tutorial_taskflow_api.py for tasks to queue
[2024-12-22T02:11:01.750+0000] {logging_mixin.py:188} INFO - [2024-12-22T02:11:01.750+0000] {dagbag.py:545} INFO - Filling up the DagBag from /home/airflow/.local/lib/python3.12/site-packages/airflow/example_dags/tutorial_taskflow_api.py
[2024-12-22T02:11:01.754+0000] {processor.py:840} INFO - DAG(s) 'tutorial_taskflow_api' retrieved from /home/airflow/.local/lib/python3.12/site-packages/airflow/example_dags/tutorial_taskflow_api.py
[2024-12-22T02:11:01.766+0000] {logging_mixin.py:188} INFO - [2024-12-22T02:11:01.766+0000] {dag.py:3089} INFO - Sync 1 DAGs
[2024-12-22T02:11:01.773+0000] {logging_mixin.py:188} INFO - [2024-12-22T02:11:01.773+0000] {dag.py:3947} INFO - Setting next_dagrun for tutorial_taskflow_api to None, run_after=None
[2024-12-22T02:11:01.785+0000] {processor.py:183} INFO - Processing /home/airflow/.local/lib/python3.12/site-packages/airflow/example_dags/tutorial_taskflow_api.py took 0.041 seconds
[2024-12-22T02:11:34.277+0000] {processor.py:161} INFO - Started process (PID=13910) to work on /home/airflow/.local/lib/python3.12/site-packages/airflow/example_dags/tutorial_taskflow_api.py
[2024-12-22T02:11:34.278+0000] {processor.py:830} INFO - Processing file /home/airflow/.local/lib/python3.12/site-packages/airflow/example_dags/tutorial_taskflow_api.py for tasks to queue
[2024-12-22T02:11:34.279+0000] {logging_mixin.py:188} INFO - [2024-12-22T02:11:34.279+0000] {dagbag.py:545} INFO - Filling up the DagBag from /home/airflow/.local/lib/python3.12/site-packages/airflow/example_dags/tutorial_taskflow_api.py
[2024-12-22T02:11:34.284+0000] {processor.py:840} INFO - DAG(s) 'tutorial_taskflow_api' retrieved from /home/airflow/.local/lib/python3.12/site-packages/airflow/example_dags/tutorial_taskflow_api.py
[2024-12-22T02:11:34.298+0000] {logging_mixin.py:188} INFO - [2024-12-22T02:11:34.298+0000] {dag.py:3089} INFO - Sync 1 DAGs
[2024-12-22T02:11:34.306+0000] {logging_mixin.py:188} INFO - [2024-12-22T02:11:34.306+0000] {dag.py:3947} INFO - Setting next_dagrun for tutorial_taskflow_api to None, run_after=None
[2024-12-22T02:11:34.316+0000] {processor.py:183} INFO - Processing /home/airflow/.local/lib/python3.12/site-packages/airflow/example_dags/tutorial_taskflow_api.py took 0.044 seconds
[2024-12-22T02:12:05.344+0000] {processor.py:161} INFO - Started process (PID=14188) to work on /home/airflow/.local/lib/python3.12/site-packages/airflow/example_dags/tutorial_taskflow_api.py
[2024-12-22T02:12:05.345+0000] {processor.py:830} INFO - Processing file /home/airflow/.local/lib/python3.12/site-packages/airflow/example_dags/tutorial_taskflow_api.py for tasks to queue
[2024-12-22T02:12:05.347+0000] {logging_mixin.py:188} INFO - [2024-12-22T02:12:05.347+0000] {dagbag.py:545} INFO - Filling up the DagBag from /home/airflow/.local/lib/python3.12/site-packages/airflow/example_dags/tutorial_taskflow_api.py
[2024-12-22T02:12:05.351+0000] {processor.py:840} INFO - DAG(s) 'tutorial_taskflow_api' retrieved from /home/airflow/.local/lib/python3.12/site-packages/airflow/example_dags/tutorial_taskflow_api.py
[2024-12-22T02:12:05.365+0000] {logging_mixin.py:188} INFO - [2024-12-22T02:12:05.365+0000] {dag.py:3089} INFO - Sync 1 DAGs
[2024-12-22T02:12:05.373+0000] {logging_mixin.py:188} INFO - [2024-12-22T02:12:05.373+0000] {dag.py:3947} INFO - Setting next_dagrun for tutorial_taskflow_api to None, run_after=None
[2024-12-22T02:12:05.384+0000] {processor.py:183} INFO - Processing /home/airflow/.local/lib/python3.12/site-packages/airflow/example_dags/tutorial_taskflow_api.py took 0.045 seconds
[2024-12-22T02:12:36.122+0000] {processor.py:161} INFO - Started process (PID=14465) to work on /home/airflow/.local/lib/python3.12/site-packages/airflow/example_dags/tutorial_taskflow_api.py
[2024-12-22T02:12:36.123+0000] {processor.py:830} INFO - Processing file /home/airflow/.local/lib/python3.12/site-packages/airflow/example_dags/tutorial_taskflow_api.py for tasks to queue
[2024-12-22T02:12:36.125+0000] {logging_mixin.py:188} INFO - [2024-12-22T02:12:36.125+0000] {dagbag.py:545} INFO - Filling up the DagBag from /home/airflow/.local/lib/python3.12/site-packages/airflow/example_dags/tutorial_taskflow_api.py
[2024-12-22T02:12:36.130+0000] {processor.py:840} INFO - DAG(s) 'tutorial_taskflow_api' retrieved from /home/airflow/.local/lib/python3.12/site-packages/airflow/example_dags/tutorial_taskflow_api.py
[2024-12-22T02:12:36.144+0000] {logging_mixin.py:188} INFO - [2024-12-22T02:12:36.144+0000] {dag.py:3089} INFO - Sync 1 DAGs
[2024-12-22T02:12:36.151+0000] {logging_mixin.py:188} INFO - [2024-12-22T02:12:36.151+0000] {dag.py:3947} INFO - Setting next_dagrun for tutorial_taskflow_api to None, run_after=None
[2024-12-22T02:12:36.163+0000] {processor.py:183} INFO - Processing /home/airflow/.local/lib/python3.12/site-packages/airflow/example_dags/tutorial_taskflow_api.py took 0.045 seconds
[2024-12-22T02:13:06.674+0000] {processor.py:161} INFO - Started process (PID=14743) to work on /home/airflow/.local/lib/python3.12/site-packages/airflow/example_dags/tutorial_taskflow_api.py
[2024-12-22T02:13:06.674+0000] {processor.py:830} INFO - Processing file /home/airflow/.local/lib/python3.12/site-packages/airflow/example_dags/tutorial_taskflow_api.py for tasks to queue
[2024-12-22T02:13:06.676+0000] {logging_mixin.py:188} INFO - [2024-12-22T02:13:06.676+0000] {dagbag.py:545} INFO - Filling up the DagBag from /home/airflow/.local/lib/python3.12/site-packages/airflow/example_dags/tutorial_taskflow_api.py
[2024-12-22T02:13:06.680+0000] {processor.py:840} INFO - DAG(s) 'tutorial_taskflow_api' retrieved from /home/airflow/.local/lib/python3.12/site-packages/airflow/example_dags/tutorial_taskflow_api.py
[2024-12-22T02:13:06.693+0000] {logging_mixin.py:188} INFO - [2024-12-22T02:13:06.693+0000] {dag.py:3089} INFO - Sync 1 DAGs
[2024-12-22T02:13:06.701+0000] {logging_mixin.py:188} INFO - [2024-12-22T02:13:06.701+0000] {dag.py:3947} INFO - Setting next_dagrun for tutorial_taskflow_api to None, run_after=None
[2024-12-22T02:13:06.712+0000] {processor.py:183} INFO - Processing /home/airflow/.local/lib/python3.12/site-packages/airflow/example_dags/tutorial_taskflow_api.py took 0.042 seconds
[2024-12-22T02:13:37.175+0000] {processor.py:161} INFO - Started process (PID=15019) to work on /home/airflow/.local/lib/python3.12/site-packages/airflow/example_dags/tutorial_taskflow_api.py
[2024-12-22T02:13:37.175+0000] {processor.py:830} INFO - Processing file /home/airflow/.local/lib/python3.12/site-packages/airflow/example_dags/tutorial_taskflow_api.py for tasks to queue
[2024-12-22T02:13:37.176+0000] {logging_mixin.py:188} INFO - [2024-12-22T02:13:37.176+0000] {dagbag.py:545} INFO - Filling up the DagBag from /home/airflow/.local/lib/python3.12/site-packages/airflow/example_dags/tutorial_taskflow_api.py
[2024-12-22T02:13:37.181+0000] {processor.py:840} INFO - DAG(s) 'tutorial_taskflow_api' retrieved from /home/airflow/.local/lib/python3.12/site-packages/airflow/example_dags/tutorial_taskflow_api.py
[2024-12-22T02:13:37.193+0000] {logging_mixin.py:188} INFO - [2024-12-22T02:13:37.193+0000] {dag.py:3089} INFO - Sync 1 DAGs
[2024-12-22T02:13:37.201+0000] {logging_mixin.py:188} INFO - [2024-12-22T02:13:37.201+0000] {dag.py:3947} INFO - Setting next_dagrun for tutorial_taskflow_api to None, run_after=None
[2024-12-22T02:13:37.212+0000] {processor.py:183} INFO - Processing /home/airflow/.local/lib/python3.12/site-packages/airflow/example_dags/tutorial_taskflow_api.py took 0.041 seconds
[2024-12-22T02:14:10.677+0000] {processor.py:161} INFO - Started process (PID=15298) to work on /home/airflow/.local/lib/python3.12/site-packages/airflow/example_dags/tutorial_taskflow_api.py
[2024-12-22T02:14:10.678+0000] {processor.py:830} INFO - Processing file /home/airflow/.local/lib/python3.12/site-packages/airflow/example_dags/tutorial_taskflow_api.py for tasks to queue
[2024-12-22T02:14:10.679+0000] {logging_mixin.py:188} INFO - [2024-12-22T02:14:10.679+0000] {dagbag.py:545} INFO - Filling up the DagBag from /home/airflow/.local/lib/python3.12/site-packages/airflow/example_dags/tutorial_taskflow_api.py
[2024-12-22T02:14:10.683+0000] {processor.py:840} INFO - DAG(s) 'tutorial_taskflow_api' retrieved from /home/airflow/.local/lib/python3.12/site-packages/airflow/example_dags/tutorial_taskflow_api.py
[2024-12-22T02:14:10.696+0000] {logging_mixin.py:188} INFO - [2024-12-22T02:14:10.696+0000] {dag.py:3089} INFO - Sync 1 DAGs
[2024-12-22T02:14:10.703+0000] {logging_mixin.py:188} INFO - [2024-12-22T02:14:10.703+0000] {dag.py:3947} INFO - Setting next_dagrun for tutorial_taskflow_api to None, run_after=None
[2024-12-22T02:14:10.716+0000] {processor.py:183} INFO - Processing /home/airflow/.local/lib/python3.12/site-packages/airflow/example_dags/tutorial_taskflow_api.py took 0.043 seconds
[2024-12-22T02:14:41.946+0000] {processor.py:161} INFO - Started process (PID=15575) to work on /home/airflow/.local/lib/python3.12/site-packages/airflow/example_dags/tutorial_taskflow_api.py
[2024-12-22T02:14:41.947+0000] {processor.py:830} INFO - Processing file /home/airflow/.local/lib/python3.12/site-packages/airflow/example_dags/tutorial_taskflow_api.py for tasks to queue
[2024-12-22T02:14:41.948+0000] {logging_mixin.py:188} INFO - [2024-12-22T02:14:41.948+0000] {dagbag.py:545} INFO - Filling up the DagBag from /home/airflow/.local/lib/python3.12/site-packages/airflow/example_dags/tutorial_taskflow_api.py
[2024-12-22T02:14:41.952+0000] {processor.py:840} INFO - DAG(s) 'tutorial_taskflow_api' retrieved from /home/airflow/.local/lib/python3.12/site-packages/airflow/example_dags/tutorial_taskflow_api.py
[2024-12-22T02:14:41.969+0000] {logging_mixin.py:188} INFO - [2024-12-22T02:14:41.969+0000] {dag.py:3089} INFO - Sync 1 DAGs
[2024-12-22T02:14:41.977+0000] {logging_mixin.py:188} INFO - [2024-12-22T02:14:41.977+0000] {dag.py:3947} INFO - Setting next_dagrun for tutorial_taskflow_api to None, run_after=None
[2024-12-22T02:14:41.988+0000] {processor.py:183} INFO - Processing /home/airflow/.local/lib/python3.12/site-packages/airflow/example_dags/tutorial_taskflow_api.py took 0.046 seconds
[2024-12-22T02:15:13.146+0000] {processor.py:161} INFO - Started process (PID=15850) to work on /home/airflow/.local/lib/python3.12/site-packages/airflow/example_dags/tutorial_taskflow_api.py
[2024-12-22T02:15:13.147+0000] {processor.py:830} INFO - Processing file /home/airflow/.local/lib/python3.12/site-packages/airflow/example_dags/tutorial_taskflow_api.py for tasks to queue
[2024-12-22T02:15:13.148+0000] {logging_mixin.py:188} INFO - [2024-12-22T02:15:13.148+0000] {dagbag.py:545} INFO - Filling up the DagBag from /home/airflow/.local/lib/python3.12/site-packages/airflow/example_dags/tutorial_taskflow_api.py
[2024-12-22T02:15:13.153+0000] {processor.py:840} INFO - DAG(s) 'tutorial_taskflow_api' retrieved from /home/airflow/.local/lib/python3.12/site-packages/airflow/example_dags/tutorial_taskflow_api.py
[2024-12-22T02:15:13.170+0000] {logging_mixin.py:188} INFO - [2024-12-22T02:15:13.170+0000] {dag.py:3089} INFO - Sync 1 DAGs
[2024-12-22T02:15:13.181+0000] {logging_mixin.py:188} INFO - [2024-12-22T02:15:13.180+0000] {dag.py:3947} INFO - Setting next_dagrun for tutorial_taskflow_api to None, run_after=None
[2024-12-22T02:15:13.194+0000] {processor.py:183} INFO - Processing /home/airflow/.local/lib/python3.12/site-packages/airflow/example_dags/tutorial_taskflow_api.py took 0.054 seconds
[2024-12-22T02:15:43.816+0000] {processor.py:161} INFO - Started process (PID=16129) to work on /home/airflow/.local/lib/python3.12/site-packages/airflow/example_dags/tutorial_taskflow_api.py
[2024-12-22T02:15:43.817+0000] {processor.py:830} INFO - Processing file /home/airflow/.local/lib/python3.12/site-packages/airflow/example_dags/tutorial_taskflow_api.py for tasks to queue
[2024-12-22T02:15:43.818+0000] {logging_mixin.py:188} INFO - [2024-12-22T02:15:43.818+0000] {dagbag.py:545} INFO - Filling up the DagBag from /home/airflow/.local/lib/python3.12/site-packages/airflow/example_dags/tutorial_taskflow_api.py
[2024-12-22T02:15:43.822+0000] {processor.py:840} INFO - DAG(s) 'tutorial_taskflow_api' retrieved from /home/airflow/.local/lib/python3.12/site-packages/airflow/example_dags/tutorial_taskflow_api.py
[2024-12-22T02:15:43.835+0000] {logging_mixin.py:188} INFO - [2024-12-22T02:15:43.835+0000] {dag.py:3089} INFO - Sync 1 DAGs
[2024-12-22T02:15:43.841+0000] {logging_mixin.py:188} INFO - [2024-12-22T02:15:43.841+0000] {dag.py:3947} INFO - Setting next_dagrun for tutorial_taskflow_api to None, run_after=None
[2024-12-22T02:15:43.852+0000] {processor.py:183} INFO - Processing /home/airflow/.local/lib/python3.12/site-packages/airflow/example_dags/tutorial_taskflow_api.py took 0.040 seconds
[2024-12-22T02:16:14.683+0000] {processor.py:161} INFO - Started process (PID=16406) to work on /home/airflow/.local/lib/python3.12/site-packages/airflow/example_dags/tutorial_taskflow_api.py
[2024-12-22T02:16:14.684+0000] {processor.py:830} INFO - Processing file /home/airflow/.local/lib/python3.12/site-packages/airflow/example_dags/tutorial_taskflow_api.py for tasks to queue
[2024-12-22T02:16:14.685+0000] {logging_mixin.py:188} INFO - [2024-12-22T02:16:14.685+0000] {dagbag.py:545} INFO - Filling up the DagBag from /home/airflow/.local/lib/python3.12/site-packages/airflow/example_dags/tutorial_taskflow_api.py
[2024-12-22T02:16:14.689+0000] {processor.py:840} INFO - DAG(s) 'tutorial_taskflow_api' retrieved from /home/airflow/.local/lib/python3.12/site-packages/airflow/example_dags/tutorial_taskflow_api.py
[2024-12-22T02:16:14.703+0000] {logging_mixin.py:188} INFO - [2024-12-22T02:16:14.703+0000] {dag.py:3089} INFO - Sync 1 DAGs
[2024-12-22T02:16:14.710+0000] {logging_mixin.py:188} INFO - [2024-12-22T02:16:14.709+0000] {dag.py:3947} INFO - Setting next_dagrun for tutorial_taskflow_api to None, run_after=None
[2024-12-22T02:16:14.721+0000] {processor.py:183} INFO - Processing /home/airflow/.local/lib/python3.12/site-packages/airflow/example_dags/tutorial_taskflow_api.py took 0.042 seconds
[2024-12-22T02:16:46.117+0000] {processor.py:161} INFO - Started process (PID=16681) to work on /home/airflow/.local/lib/python3.12/site-packages/airflow/example_dags/tutorial_taskflow_api.py
[2024-12-22T02:16:46.117+0000] {processor.py:830} INFO - Processing file /home/airflow/.local/lib/python3.12/site-packages/airflow/example_dags/tutorial_taskflow_api.py for tasks to queue
[2024-12-22T02:16:46.119+0000] {logging_mixin.py:188} INFO - [2024-12-22T02:16:46.118+0000] {dagbag.py:545} INFO - Filling up the DagBag from /home/airflow/.local/lib/python3.12/site-packages/airflow/example_dags/tutorial_taskflow_api.py
[2024-12-22T02:16:46.122+0000] {processor.py:840} INFO - DAG(s) 'tutorial_taskflow_api' retrieved from /home/airflow/.local/lib/python3.12/site-packages/airflow/example_dags/tutorial_taskflow_api.py
[2024-12-22T02:16:46.136+0000] {logging_mixin.py:188} INFO - [2024-12-22T02:16:46.136+0000] {dag.py:3089} INFO - Sync 1 DAGs
[2024-12-22T02:16:46.143+0000] {logging_mixin.py:188} INFO - [2024-12-22T02:16:46.143+0000] {dag.py:3947} INFO - Setting next_dagrun for tutorial_taskflow_api to None, run_after=None
[2024-12-22T02:16:46.154+0000] {processor.py:183} INFO - Processing /home/airflow/.local/lib/python3.12/site-packages/airflow/example_dags/tutorial_taskflow_api.py took 0.041 seconds
[2024-12-22T02:17:19.658+0000] {processor.py:161} INFO - Started process (PID=16960) to work on /home/airflow/.local/lib/python3.12/site-packages/airflow/example_dags/tutorial_taskflow_api.py
[2024-12-22T02:17:19.659+0000] {processor.py:830} INFO - Processing file /home/airflow/.local/lib/python3.12/site-packages/airflow/example_dags/tutorial_taskflow_api.py for tasks to queue
[2024-12-22T02:17:19.660+0000] {logging_mixin.py:188} INFO - [2024-12-22T02:17:19.660+0000] {dagbag.py:545} INFO - Filling up the DagBag from /home/airflow/.local/lib/python3.12/site-packages/airflow/example_dags/tutorial_taskflow_api.py
[2024-12-22T02:17:19.664+0000] {processor.py:840} INFO - DAG(s) 'tutorial_taskflow_api' retrieved from /home/airflow/.local/lib/python3.12/site-packages/airflow/example_dags/tutorial_taskflow_api.py
[2024-12-22T02:17:19.676+0000] {logging_mixin.py:188} INFO - [2024-12-22T02:17:19.676+0000] {dag.py:3089} INFO - Sync 1 DAGs
[2024-12-22T02:17:19.683+0000] {logging_mixin.py:188} INFO - [2024-12-22T02:17:19.683+0000] {dag.py:3947} INFO - Setting next_dagrun for tutorial_taskflow_api to None, run_after=None
[2024-12-22T02:17:19.693+0000] {processor.py:183} INFO - Processing /home/airflow/.local/lib/python3.12/site-packages/airflow/example_dags/tutorial_taskflow_api.py took 0.039 seconds
[2024-12-22T02:17:49.909+0000] {processor.py:161} INFO - Started process (PID=17235) to work on /home/airflow/.local/lib/python3.12/site-packages/airflow/example_dags/tutorial_taskflow_api.py
[2024-12-22T02:17:49.910+0000] {processor.py:830} INFO - Processing file /home/airflow/.local/lib/python3.12/site-packages/airflow/example_dags/tutorial_taskflow_api.py for tasks to queue
[2024-12-22T02:17:49.911+0000] {logging_mixin.py:188} INFO - [2024-12-22T02:17:49.911+0000] {dagbag.py:545} INFO - Filling up the DagBag from /home/airflow/.local/lib/python3.12/site-packages/airflow/example_dags/tutorial_taskflow_api.py
[2024-12-22T02:17:49.916+0000] {processor.py:840} INFO - DAG(s) 'tutorial_taskflow_api' retrieved from /home/airflow/.local/lib/python3.12/site-packages/airflow/example_dags/tutorial_taskflow_api.py
[2024-12-22T02:17:49.931+0000] {logging_mixin.py:188} INFO - [2024-12-22T02:17:49.931+0000] {dag.py:3089} INFO - Sync 1 DAGs
[2024-12-22T02:17:49.938+0000] {logging_mixin.py:188} INFO - [2024-12-22T02:17:49.938+0000] {dag.py:3947} INFO - Setting next_dagrun for tutorial_taskflow_api to None, run_after=None
[2024-12-22T02:17:49.950+0000] {processor.py:183} INFO - Processing /home/airflow/.local/lib/python3.12/site-packages/airflow/example_dags/tutorial_taskflow_api.py took 0.045 seconds
[2024-12-22T02:18:20.968+0000] {processor.py:161} INFO - Started process (PID=17512) to work on /home/airflow/.local/lib/python3.12/site-packages/airflow/example_dags/tutorial_taskflow_api.py
[2024-12-22T02:18:20.968+0000] {processor.py:830} INFO - Processing file /home/airflow/.local/lib/python3.12/site-packages/airflow/example_dags/tutorial_taskflow_api.py for tasks to queue
[2024-12-22T02:18:20.970+0000] {logging_mixin.py:188} INFO - [2024-12-22T02:18:20.969+0000] {dagbag.py:545} INFO - Filling up the DagBag from /home/airflow/.local/lib/python3.12/site-packages/airflow/example_dags/tutorial_taskflow_api.py
[2024-12-22T02:18:20.975+0000] {processor.py:840} INFO - DAG(s) 'tutorial_taskflow_api' retrieved from /home/airflow/.local/lib/python3.12/site-packages/airflow/example_dags/tutorial_taskflow_api.py
[2024-12-22T02:18:20.996+0000] {logging_mixin.py:188} INFO - [2024-12-22T02:18:20.996+0000] {dag.py:3089} INFO - Sync 1 DAGs
[2024-12-22T02:18:21.004+0000] {logging_mixin.py:188} INFO - [2024-12-22T02:18:21.004+0000] {dag.py:3947} INFO - Setting next_dagrun for tutorial_taskflow_api to None, run_after=None
[2024-12-22T02:18:21.019+0000] {processor.py:183} INFO - Processing /home/airflow/.local/lib/python3.12/site-packages/airflow/example_dags/tutorial_taskflow_api.py took 0.056 seconds
[2024-12-22T02:18:51.725+0000] {processor.py:161} INFO - Started process (PID=17791) to work on /home/airflow/.local/lib/python3.12/site-packages/airflow/example_dags/tutorial_taskflow_api.py
[2024-12-22T02:18:51.726+0000] {processor.py:830} INFO - Processing file /home/airflow/.local/lib/python3.12/site-packages/airflow/example_dags/tutorial_taskflow_api.py for tasks to queue
[2024-12-22T02:18:51.727+0000] {logging_mixin.py:188} INFO - [2024-12-22T02:18:51.727+0000] {dagbag.py:545} INFO - Filling up the DagBag from /home/airflow/.local/lib/python3.12/site-packages/airflow/example_dags/tutorial_taskflow_api.py
[2024-12-22T02:18:51.730+0000] {processor.py:840} INFO - DAG(s) 'tutorial_taskflow_api' retrieved from /home/airflow/.local/lib/python3.12/site-packages/airflow/example_dags/tutorial_taskflow_api.py
[2024-12-22T02:18:51.743+0000] {logging_mixin.py:188} INFO - [2024-12-22T02:18:51.743+0000] {dag.py:3089} INFO - Sync 1 DAGs
[2024-12-22T02:18:51.750+0000] {logging_mixin.py:188} INFO - [2024-12-22T02:18:51.750+0000] {dag.py:3947} INFO - Setting next_dagrun for tutorial_taskflow_api to None, run_after=None
[2024-12-22T02:18:51.763+0000] {processor.py:183} INFO - Processing /home/airflow/.local/lib/python3.12/site-packages/airflow/example_dags/tutorial_taskflow_api.py took 0.042 seconds
[2024-12-22T02:19:39.785+0000] {processor.py:161} INFO - Started process (PID=18075) to work on /home/airflow/.local/lib/python3.12/site-packages/airflow/example_dags/tutorial_taskflow_api.py
[2024-12-22T02:19:39.785+0000] {processor.py:830} INFO - Processing file /home/airflow/.local/lib/python3.12/site-packages/airflow/example_dags/tutorial_taskflow_api.py for tasks to queue
[2024-12-22T02:19:39.787+0000] {logging_mixin.py:188} INFO - [2024-12-22T02:19:39.787+0000] {dagbag.py:545} INFO - Filling up the DagBag from /home/airflow/.local/lib/python3.12/site-packages/airflow/example_dags/tutorial_taskflow_api.py
[2024-12-22T02:19:39.791+0000] {processor.py:840} INFO - DAG(s) 'tutorial_taskflow_api' retrieved from /home/airflow/.local/lib/python3.12/site-packages/airflow/example_dags/tutorial_taskflow_api.py
[2024-12-22T02:19:39.808+0000] {logging_mixin.py:188} INFO - [2024-12-22T02:19:39.808+0000] {dag.py:3089} INFO - Sync 1 DAGs
[2024-12-22T02:19:39.826+0000] {logging_mixin.py:188} INFO - [2024-12-22T02:19:39.826+0000] {dag.py:3947} INFO - Setting next_dagrun for tutorial_taskflow_api to None, run_after=None
[2024-12-22T02:19:39.843+0000] {processor.py:183} INFO - Processing /home/airflow/.local/lib/python3.12/site-packages/airflow/example_dags/tutorial_taskflow_api.py took 0.062 seconds
[2024-12-22T02:20:09.928+0000] {processor.py:161} INFO - Started process (PID=18350) to work on /home/airflow/.local/lib/python3.12/site-packages/airflow/example_dags/tutorial_taskflow_api.py
[2024-12-22T02:20:09.929+0000] {processor.py:830} INFO - Processing file /home/airflow/.local/lib/python3.12/site-packages/airflow/example_dags/tutorial_taskflow_api.py for tasks to queue
[2024-12-22T02:20:09.931+0000] {logging_mixin.py:188} INFO - [2024-12-22T02:20:09.931+0000] {dagbag.py:545} INFO - Filling up the DagBag from /home/airflow/.local/lib/python3.12/site-packages/airflow/example_dags/tutorial_taskflow_api.py
[2024-12-22T02:20:09.936+0000] {processor.py:840} INFO - DAG(s) 'tutorial_taskflow_api' retrieved from /home/airflow/.local/lib/python3.12/site-packages/airflow/example_dags/tutorial_taskflow_api.py
[2024-12-22T02:20:09.952+0000] {logging_mixin.py:188} INFO - [2024-12-22T02:20:09.952+0000] {dag.py:3089} INFO - Sync 1 DAGs
[2024-12-22T02:20:09.962+0000] {logging_mixin.py:188} INFO - [2024-12-22T02:20:09.962+0000] {dag.py:3947} INFO - Setting next_dagrun for tutorial_taskflow_api to None, run_after=None
[2024-12-22T02:20:09.976+0000] {processor.py:183} INFO - Processing /home/airflow/.local/lib/python3.12/site-packages/airflow/example_dags/tutorial_taskflow_api.py took 0.053 seconds
[2024-12-22T02:20:40.237+0000] {processor.py:161} INFO - Started process (PID=18621) to work on /home/airflow/.local/lib/python3.12/site-packages/airflow/example_dags/tutorial_taskflow_api.py
[2024-12-22T02:20:40.238+0000] {processor.py:830} INFO - Processing file /home/airflow/.local/lib/python3.12/site-packages/airflow/example_dags/tutorial_taskflow_api.py for tasks to queue
[2024-12-22T02:20:40.240+0000] {logging_mixin.py:188} INFO - [2024-12-22T02:20:40.240+0000] {dagbag.py:545} INFO - Filling up the DagBag from /home/airflow/.local/lib/python3.12/site-packages/airflow/example_dags/tutorial_taskflow_api.py
[2024-12-22T02:20:40.245+0000] {processor.py:840} INFO - DAG(s) 'tutorial_taskflow_api' retrieved from /home/airflow/.local/lib/python3.12/site-packages/airflow/example_dags/tutorial_taskflow_api.py
[2024-12-22T02:20:40.260+0000] {logging_mixin.py:188} INFO - [2024-12-22T02:20:40.260+0000] {dag.py:3089} INFO - Sync 1 DAGs
[2024-12-22T02:20:40.267+0000] {logging_mixin.py:188} INFO - [2024-12-22T02:20:40.267+0000] {dag.py:3947} INFO - Setting next_dagrun for tutorial_taskflow_api to None, run_after=None
[2024-12-22T02:20:40.279+0000] {processor.py:183} INFO - Processing /home/airflow/.local/lib/python3.12/site-packages/airflow/example_dags/tutorial_taskflow_api.py took 0.047 seconds
[2024-12-22T02:21:11.392+0000] {processor.py:161} INFO - Started process (PID=18900) to work on /home/airflow/.local/lib/python3.12/site-packages/airflow/example_dags/tutorial_taskflow_api.py
[2024-12-22T02:21:11.393+0000] {processor.py:830} INFO - Processing file /home/airflow/.local/lib/python3.12/site-packages/airflow/example_dags/tutorial_taskflow_api.py for tasks to queue
[2024-12-22T02:21:11.394+0000] {logging_mixin.py:188} INFO - [2024-12-22T02:21:11.394+0000] {dagbag.py:545} INFO - Filling up the DagBag from /home/airflow/.local/lib/python3.12/site-packages/airflow/example_dags/tutorial_taskflow_api.py
[2024-12-22T02:21:11.398+0000] {processor.py:840} INFO - DAG(s) 'tutorial_taskflow_api' retrieved from /home/airflow/.local/lib/python3.12/site-packages/airflow/example_dags/tutorial_taskflow_api.py
[2024-12-22T02:21:11.413+0000] {logging_mixin.py:188} INFO - [2024-12-22T02:21:11.413+0000] {dag.py:3089} INFO - Sync 1 DAGs
[2024-12-22T02:21:11.420+0000] {logging_mixin.py:188} INFO - [2024-12-22T02:21:11.420+0000] {dag.py:3947} INFO - Setting next_dagrun for tutorial_taskflow_api to None, run_after=None
[2024-12-22T02:21:11.431+0000] {processor.py:183} INFO - Processing /home/airflow/.local/lib/python3.12/site-packages/airflow/example_dags/tutorial_taskflow_api.py took 0.043 seconds
[2024-12-22T02:21:42.268+0000] {processor.py:161} INFO - Started process (PID=19175) to work on /home/airflow/.local/lib/python3.12/site-packages/airflow/example_dags/tutorial_taskflow_api.py
[2024-12-22T02:21:42.269+0000] {processor.py:830} INFO - Processing file /home/airflow/.local/lib/python3.12/site-packages/airflow/example_dags/tutorial_taskflow_api.py for tasks to queue
[2024-12-22T02:21:42.270+0000] {logging_mixin.py:188} INFO - [2024-12-22T02:21:42.270+0000] {dagbag.py:545} INFO - Filling up the DagBag from /home/airflow/.local/lib/python3.12/site-packages/airflow/example_dags/tutorial_taskflow_api.py
[2024-12-22T02:21:42.275+0000] {processor.py:840} INFO - DAG(s) 'tutorial_taskflow_api' retrieved from /home/airflow/.local/lib/python3.12/site-packages/airflow/example_dags/tutorial_taskflow_api.py
[2024-12-22T02:21:42.289+0000] {logging_mixin.py:188} INFO - [2024-12-22T02:21:42.289+0000] {dag.py:3089} INFO - Sync 1 DAGs
[2024-12-22T02:21:42.298+0000] {logging_mixin.py:188} INFO - [2024-12-22T02:21:42.298+0000] {dag.py:3947} INFO - Setting next_dagrun for tutorial_taskflow_api to None, run_after=None
[2024-12-22T02:21:42.310+0000] {processor.py:183} INFO - Processing /home/airflow/.local/lib/python3.12/site-packages/airflow/example_dags/tutorial_taskflow_api.py took 0.045 seconds
[2024-12-22T02:22:12.475+0000] {processor.py:161} INFO - Started process (PID=19454) to work on /home/airflow/.local/lib/python3.12/site-packages/airflow/example_dags/tutorial_taskflow_api.py
[2024-12-22T02:22:12.476+0000] {processor.py:830} INFO - Processing file /home/airflow/.local/lib/python3.12/site-packages/airflow/example_dags/tutorial_taskflow_api.py for tasks to queue
[2024-12-22T02:22:12.477+0000] {logging_mixin.py:188} INFO - [2024-12-22T02:22:12.477+0000] {dagbag.py:545} INFO - Filling up the DagBag from /home/airflow/.local/lib/python3.12/site-packages/airflow/example_dags/tutorial_taskflow_api.py
[2024-12-22T02:22:12.480+0000] {processor.py:840} INFO - DAG(s) 'tutorial_taskflow_api' retrieved from /home/airflow/.local/lib/python3.12/site-packages/airflow/example_dags/tutorial_taskflow_api.py
[2024-12-22T02:22:12.492+0000] {logging_mixin.py:188} INFO - [2024-12-22T02:22:12.492+0000] {dag.py:3089} INFO - Sync 1 DAGs
[2024-12-22T02:22:12.498+0000] {logging_mixin.py:188} INFO - [2024-12-22T02:22:12.498+0000] {dag.py:3947} INFO - Setting next_dagrun for tutorial_taskflow_api to None, run_after=None
[2024-12-22T02:22:12.508+0000] {processor.py:183} INFO - Processing /home/airflow/.local/lib/python3.12/site-packages/airflow/example_dags/tutorial_taskflow_api.py took 0.037 seconds
[2024-12-22T02:22:43.086+0000] {processor.py:161} INFO - Started process (PID=19731) to work on /home/airflow/.local/lib/python3.12/site-packages/airflow/example_dags/tutorial_taskflow_api.py
[2024-12-22T02:22:43.087+0000] {processor.py:830} INFO - Processing file /home/airflow/.local/lib/python3.12/site-packages/airflow/example_dags/tutorial_taskflow_api.py for tasks to queue
[2024-12-22T02:22:43.089+0000] {logging_mixin.py:188} INFO - [2024-12-22T02:22:43.089+0000] {dagbag.py:545} INFO - Filling up the DagBag from /home/airflow/.local/lib/python3.12/site-packages/airflow/example_dags/tutorial_taskflow_api.py
[2024-12-22T02:22:43.094+0000] {processor.py:840} INFO - DAG(s) 'tutorial_taskflow_api' retrieved from /home/airflow/.local/lib/python3.12/site-packages/airflow/example_dags/tutorial_taskflow_api.py
[2024-12-22T02:22:43.107+0000] {logging_mixin.py:188} INFO - [2024-12-22T02:22:43.107+0000] {dag.py:3089} INFO - Sync 1 DAGs
[2024-12-22T02:22:43.115+0000] {logging_mixin.py:188} INFO - [2024-12-22T02:22:43.115+0000] {dag.py:3947} INFO - Setting next_dagrun for tutorial_taskflow_api to None, run_after=None
[2024-12-22T02:22:43.127+0000] {processor.py:183} INFO - Processing /home/airflow/.local/lib/python3.12/site-packages/airflow/example_dags/tutorial_taskflow_api.py took 0.044 seconds
[2024-12-22T02:23:13.662+0000] {processor.py:161} INFO - Started process (PID=20008) to work on /home/airflow/.local/lib/python3.12/site-packages/airflow/example_dags/tutorial_taskflow_api.py
[2024-12-22T02:23:13.663+0000] {processor.py:830} INFO - Processing file /home/airflow/.local/lib/python3.12/site-packages/airflow/example_dags/tutorial_taskflow_api.py for tasks to queue
[2024-12-22T02:23:13.664+0000] {logging_mixin.py:188} INFO - [2024-12-22T02:23:13.663+0000] {dagbag.py:545} INFO - Filling up the DagBag from /home/airflow/.local/lib/python3.12/site-packages/airflow/example_dags/tutorial_taskflow_api.py
[2024-12-22T02:23:13.668+0000] {processor.py:840} INFO - DAG(s) 'tutorial_taskflow_api' retrieved from /home/airflow/.local/lib/python3.12/site-packages/airflow/example_dags/tutorial_taskflow_api.py
[2024-12-22T02:23:13.681+0000] {logging_mixin.py:188} INFO - [2024-12-22T02:23:13.681+0000] {dag.py:3089} INFO - Sync 1 DAGs
[2024-12-22T02:23:13.688+0000] {logging_mixin.py:188} INFO - [2024-12-22T02:23:13.688+0000] {dag.py:3947} INFO - Setting next_dagrun for tutorial_taskflow_api to None, run_after=None
[2024-12-22T02:23:13.699+0000] {processor.py:183} INFO - Processing /home/airflow/.local/lib/python3.12/site-packages/airflow/example_dags/tutorial_taskflow_api.py took 0.041 seconds
[2024-12-22T02:23:44.338+0000] {processor.py:161} INFO - Started process (PID=20283) to work on /home/airflow/.local/lib/python3.12/site-packages/airflow/example_dags/tutorial_taskflow_api.py
[2024-12-22T02:23:44.339+0000] {processor.py:830} INFO - Processing file /home/airflow/.local/lib/python3.12/site-packages/airflow/example_dags/tutorial_taskflow_api.py for tasks to queue
[2024-12-22T02:23:44.341+0000] {logging_mixin.py:188} INFO - [2024-12-22T02:23:44.340+0000] {dagbag.py:545} INFO - Filling up the DagBag from /home/airflow/.local/lib/python3.12/site-packages/airflow/example_dags/tutorial_taskflow_api.py
[2024-12-22T02:23:44.345+0000] {processor.py:840} INFO - DAG(s) 'tutorial_taskflow_api' retrieved from /home/airflow/.local/lib/python3.12/site-packages/airflow/example_dags/tutorial_taskflow_api.py
[2024-12-22T02:23:44.359+0000] {logging_mixin.py:188} INFO - [2024-12-22T02:23:44.359+0000] {dag.py:3089} INFO - Sync 1 DAGs
[2024-12-22T02:23:44.368+0000] {logging_mixin.py:188} INFO - [2024-12-22T02:23:44.368+0000] {dag.py:3947} INFO - Setting next_dagrun for tutorial_taskflow_api to None, run_after=None
[2024-12-22T02:23:44.380+0000] {processor.py:183} INFO - Processing /home/airflow/.local/lib/python3.12/site-packages/airflow/example_dags/tutorial_taskflow_api.py took 0.047 seconds
[2024-12-22T02:24:14.828+0000] {processor.py:161} INFO - Started process (PID=20560) to work on /home/airflow/.local/lib/python3.12/site-packages/airflow/example_dags/tutorial_taskflow_api.py
[2024-12-22T02:24:14.829+0000] {processor.py:830} INFO - Processing file /home/airflow/.local/lib/python3.12/site-packages/airflow/example_dags/tutorial_taskflow_api.py for tasks to queue
[2024-12-22T02:24:14.830+0000] {logging_mixin.py:188} INFO - [2024-12-22T02:24:14.830+0000] {dagbag.py:545} INFO - Filling up the DagBag from /home/airflow/.local/lib/python3.12/site-packages/airflow/example_dags/tutorial_taskflow_api.py
[2024-12-22T02:24:14.834+0000] {processor.py:840} INFO - DAG(s) 'tutorial_taskflow_api' retrieved from /home/airflow/.local/lib/python3.12/site-packages/airflow/example_dags/tutorial_taskflow_api.py
[2024-12-22T02:24:14.848+0000] {logging_mixin.py:188} INFO - [2024-12-22T02:24:14.848+0000] {dag.py:3089} INFO - Sync 1 DAGs
[2024-12-22T02:24:14.855+0000] {logging_mixin.py:188} INFO - [2024-12-22T02:24:14.855+0000] {dag.py:3947} INFO - Setting next_dagrun for tutorial_taskflow_api to None, run_after=None
[2024-12-22T02:24:14.867+0000] {processor.py:183} INFO - Processing /home/airflow/.local/lib/python3.12/site-packages/airflow/example_dags/tutorial_taskflow_api.py took 0.045 seconds
[2024-12-22T02:24:45.672+0000] {processor.py:161} INFO - Started process (PID=20837) to work on /home/airflow/.local/lib/python3.12/site-packages/airflow/example_dags/tutorial_taskflow_api.py
[2024-12-22T02:24:45.673+0000] {processor.py:830} INFO - Processing file /home/airflow/.local/lib/python3.12/site-packages/airflow/example_dags/tutorial_taskflow_api.py for tasks to queue
[2024-12-22T02:24:45.674+0000] {logging_mixin.py:188} INFO - [2024-12-22T02:24:45.674+0000] {dagbag.py:545} INFO - Filling up the DagBag from /home/airflow/.local/lib/python3.12/site-packages/airflow/example_dags/tutorial_taskflow_api.py
[2024-12-22T02:24:45.678+0000] {processor.py:840} INFO - DAG(s) 'tutorial_taskflow_api' retrieved from /home/airflow/.local/lib/python3.12/site-packages/airflow/example_dags/tutorial_taskflow_api.py
[2024-12-22T02:24:45.691+0000] {logging_mixin.py:188} INFO - [2024-12-22T02:24:45.691+0000] {dag.py:3089} INFO - Sync 1 DAGs
[2024-12-22T02:24:45.698+0000] {logging_mixin.py:188} INFO - [2024-12-22T02:24:45.698+0000] {dag.py:3947} INFO - Setting next_dagrun for tutorial_taskflow_api to None, run_after=None
[2024-12-22T02:24:45.709+0000] {processor.py:183} INFO - Processing /home/airflow/.local/lib/python3.12/site-packages/airflow/example_dags/tutorial_taskflow_api.py took 0.041 seconds
[2024-12-22T02:25:16.118+0000] {processor.py:161} INFO - Started process (PID=21116) to work on /home/airflow/.local/lib/python3.12/site-packages/airflow/example_dags/tutorial_taskflow_api.py
[2024-12-22T02:25:16.119+0000] {processor.py:830} INFO - Processing file /home/airflow/.local/lib/python3.12/site-packages/airflow/example_dags/tutorial_taskflow_api.py for tasks to queue
[2024-12-22T02:25:16.120+0000] {logging_mixin.py:188} INFO - [2024-12-22T02:25:16.120+0000] {dagbag.py:545} INFO - Filling up the DagBag from /home/airflow/.local/lib/python3.12/site-packages/airflow/example_dags/tutorial_taskflow_api.py
[2024-12-22T02:25:16.124+0000] {processor.py:840} INFO - DAG(s) 'tutorial_taskflow_api' retrieved from /home/airflow/.local/lib/python3.12/site-packages/airflow/example_dags/tutorial_taskflow_api.py
[2024-12-22T02:25:16.137+0000] {logging_mixin.py:188} INFO - [2024-12-22T02:25:16.137+0000] {dag.py:3089} INFO - Sync 1 DAGs
[2024-12-22T02:25:16.144+0000] {logging_mixin.py:188} INFO - [2024-12-22T02:25:16.144+0000] {dag.py:3947} INFO - Setting next_dagrun for tutorial_taskflow_api to None, run_after=None
[2024-12-22T02:25:16.154+0000] {processor.py:183} INFO - Processing /home/airflow/.local/lib/python3.12/site-packages/airflow/example_dags/tutorial_taskflow_api.py took 0.040 seconds
[2024-12-22T02:25:46.329+0000] {processor.py:161} INFO - Started process (PID=21392) to work on /home/airflow/.local/lib/python3.12/site-packages/airflow/example_dags/tutorial_taskflow_api.py
[2024-12-22T02:25:46.330+0000] {processor.py:830} INFO - Processing file /home/airflow/.local/lib/python3.12/site-packages/airflow/example_dags/tutorial_taskflow_api.py for tasks to queue
[2024-12-22T02:25:46.331+0000] {logging_mixin.py:188} INFO - [2024-12-22T02:25:46.331+0000] {dagbag.py:545} INFO - Filling up the DagBag from /home/airflow/.local/lib/python3.12/site-packages/airflow/example_dags/tutorial_taskflow_api.py
[2024-12-22T02:25:46.335+0000] {processor.py:840} INFO - DAG(s) 'tutorial_taskflow_api' retrieved from /home/airflow/.local/lib/python3.12/site-packages/airflow/example_dags/tutorial_taskflow_api.py
[2024-12-22T02:25:46.348+0000] {logging_mixin.py:188} INFO - [2024-12-22T02:25:46.348+0000] {dag.py:3089} INFO - Sync 1 DAGs
[2024-12-22T02:25:46.356+0000] {logging_mixin.py:188} INFO - [2024-12-22T02:25:46.356+0000] {dag.py:3947} INFO - Setting next_dagrun for tutorial_taskflow_api to None, run_after=None
[2024-12-22T02:25:46.367+0000] {processor.py:183} INFO - Processing /home/airflow/.local/lib/python3.12/site-packages/airflow/example_dags/tutorial_taskflow_api.py took 0.041 seconds
[2024-12-22T02:26:16.808+0000] {processor.py:161} INFO - Started process (PID=21671) to work on /home/airflow/.local/lib/python3.12/site-packages/airflow/example_dags/tutorial_taskflow_api.py
[2024-12-22T02:26:16.809+0000] {processor.py:830} INFO - Processing file /home/airflow/.local/lib/python3.12/site-packages/airflow/example_dags/tutorial_taskflow_api.py for tasks to queue
[2024-12-22T02:26:16.810+0000] {logging_mixin.py:188} INFO - [2024-12-22T02:26:16.810+0000] {dagbag.py:545} INFO - Filling up the DagBag from /home/airflow/.local/lib/python3.12/site-packages/airflow/example_dags/tutorial_taskflow_api.py
[2024-12-22T02:26:16.814+0000] {processor.py:840} INFO - DAG(s) 'tutorial_taskflow_api' retrieved from /home/airflow/.local/lib/python3.12/site-packages/airflow/example_dags/tutorial_taskflow_api.py
[2024-12-22T02:26:16.828+0000] {logging_mixin.py:188} INFO - [2024-12-22T02:26:16.828+0000] {dag.py:3089} INFO - Sync 1 DAGs
[2024-12-22T02:26:16.836+0000] {logging_mixin.py:188} INFO - [2024-12-22T02:26:16.836+0000] {dag.py:3947} INFO - Setting next_dagrun for tutorial_taskflow_api to None, run_after=None
[2024-12-22T02:26:16.847+0000] {processor.py:183} INFO - Processing /home/airflow/.local/lib/python3.12/site-packages/airflow/example_dags/tutorial_taskflow_api.py took 0.044 seconds
[2024-12-22T02:26:47.773+0000] {processor.py:161} INFO - Started process (PID=21948) to work on /home/airflow/.local/lib/python3.12/site-packages/airflow/example_dags/tutorial_taskflow_api.py
[2024-12-22T02:26:47.774+0000] {processor.py:830} INFO - Processing file /home/airflow/.local/lib/python3.12/site-packages/airflow/example_dags/tutorial_taskflow_api.py for tasks to queue
[2024-12-22T02:26:47.775+0000] {logging_mixin.py:188} INFO - [2024-12-22T02:26:47.775+0000] {dagbag.py:545} INFO - Filling up the DagBag from /home/airflow/.local/lib/python3.12/site-packages/airflow/example_dags/tutorial_taskflow_api.py
[2024-12-22T02:26:47.779+0000] {processor.py:840} INFO - DAG(s) 'tutorial_taskflow_api' retrieved from /home/airflow/.local/lib/python3.12/site-packages/airflow/example_dags/tutorial_taskflow_api.py
[2024-12-22T02:26:47.791+0000] {logging_mixin.py:188} INFO - [2024-12-22T02:26:47.791+0000] {dag.py:3089} INFO - Sync 1 DAGs
[2024-12-22T02:26:47.798+0000] {logging_mixin.py:188} INFO - [2024-12-22T02:26:47.798+0000] {dag.py:3947} INFO - Setting next_dagrun for tutorial_taskflow_api to None, run_after=None
[2024-12-22T02:26:47.808+0000] {processor.py:183} INFO - Processing /home/airflow/.local/lib/python3.12/site-packages/airflow/example_dags/tutorial_taskflow_api.py took 0.039 seconds
[2024-12-22T02:27:18.590+0000] {processor.py:161} INFO - Started process (PID=22223) to work on /home/airflow/.local/lib/python3.12/site-packages/airflow/example_dags/tutorial_taskflow_api.py
[2024-12-22T02:27:18.591+0000] {processor.py:830} INFO - Processing file /home/airflow/.local/lib/python3.12/site-packages/airflow/example_dags/tutorial_taskflow_api.py for tasks to queue
[2024-12-22T02:27:18.592+0000] {logging_mixin.py:188} INFO - [2024-12-22T02:27:18.592+0000] {dagbag.py:545} INFO - Filling up the DagBag from /home/airflow/.local/lib/python3.12/site-packages/airflow/example_dags/tutorial_taskflow_api.py
[2024-12-22T02:27:18.597+0000] {processor.py:840} INFO - DAG(s) 'tutorial_taskflow_api' retrieved from /home/airflow/.local/lib/python3.12/site-packages/airflow/example_dags/tutorial_taskflow_api.py
[2024-12-22T02:27:18.611+0000] {logging_mixin.py:188} INFO - [2024-12-22T02:27:18.610+0000] {dag.py:3089} INFO - Sync 1 DAGs
[2024-12-22T02:27:18.618+0000] {logging_mixin.py:188} INFO - [2024-12-22T02:27:18.618+0000] {dag.py:3947} INFO - Setting next_dagrun for tutorial_taskflow_api to None, run_after=None
[2024-12-22T02:27:18.630+0000] {processor.py:183} INFO - Processing /home/airflow/.local/lib/python3.12/site-packages/airflow/example_dags/tutorial_taskflow_api.py took 0.044 seconds
[2024-12-22T02:27:48.991+0000] {processor.py:161} INFO - Started process (PID=22500) to work on /home/airflow/.local/lib/python3.12/site-packages/airflow/example_dags/tutorial_taskflow_api.py
[2024-12-22T02:27:48.992+0000] {processor.py:830} INFO - Processing file /home/airflow/.local/lib/python3.12/site-packages/airflow/example_dags/tutorial_taskflow_api.py for tasks to queue
[2024-12-22T02:27:48.993+0000] {logging_mixin.py:188} INFO - [2024-12-22T02:27:48.993+0000] {dagbag.py:545} INFO - Filling up the DagBag from /home/airflow/.local/lib/python3.12/site-packages/airflow/example_dags/tutorial_taskflow_api.py
[2024-12-22T02:27:48.997+0000] {processor.py:840} INFO - DAG(s) 'tutorial_taskflow_api' retrieved from /home/airflow/.local/lib/python3.12/site-packages/airflow/example_dags/tutorial_taskflow_api.py
[2024-12-22T02:27:49.010+0000] {logging_mixin.py:188} INFO - [2024-12-22T02:27:49.010+0000] {dag.py:3089} INFO - Sync 1 DAGs
[2024-12-22T02:27:49.016+0000] {logging_mixin.py:188} INFO - [2024-12-22T02:27:49.016+0000] {dag.py:3947} INFO - Setting next_dagrun for tutorial_taskflow_api to None, run_after=None
[2024-12-22T02:27:49.026+0000] {processor.py:183} INFO - Processing /home/airflow/.local/lib/python3.12/site-packages/airflow/example_dags/tutorial_taskflow_api.py took 0.039 seconds
[2024-12-22T02:28:19.457+0000] {processor.py:161} INFO - Started process (PID=22777) to work on /home/airflow/.local/lib/python3.12/site-packages/airflow/example_dags/tutorial_taskflow_api.py
[2024-12-22T02:28:19.458+0000] {processor.py:830} INFO - Processing file /home/airflow/.local/lib/python3.12/site-packages/airflow/example_dags/tutorial_taskflow_api.py for tasks to queue
[2024-12-22T02:28:19.459+0000] {logging_mixin.py:188} INFO - [2024-12-22T02:28:19.459+0000] {dagbag.py:545} INFO - Filling up the DagBag from /home/airflow/.local/lib/python3.12/site-packages/airflow/example_dags/tutorial_taskflow_api.py
[2024-12-22T02:28:19.464+0000] {processor.py:840} INFO - DAG(s) 'tutorial_taskflow_api' retrieved from /home/airflow/.local/lib/python3.12/site-packages/airflow/example_dags/tutorial_taskflow_api.py
[2024-12-22T02:28:19.476+0000] {logging_mixin.py:188} INFO - [2024-12-22T02:28:19.476+0000] {dag.py:3089} INFO - Sync 1 DAGs
[2024-12-22T02:28:19.484+0000] {logging_mixin.py:188} INFO - [2024-12-22T02:28:19.484+0000] {dag.py:3947} INFO - Setting next_dagrun for tutorial_taskflow_api to None, run_after=None
[2024-12-22T02:28:19.503+0000] {processor.py:183} INFO - Processing /home/airflow/.local/lib/python3.12/site-packages/airflow/example_dags/tutorial_taskflow_api.py took 0.051 seconds
[2024-12-22T02:28:53.005+0000] {processor.py:161} INFO - Started process (PID=23055) to work on /home/airflow/.local/lib/python3.12/site-packages/airflow/example_dags/tutorial_taskflow_api.py
[2024-12-22T02:28:53.006+0000] {processor.py:830} INFO - Processing file /home/airflow/.local/lib/python3.12/site-packages/airflow/example_dags/tutorial_taskflow_api.py for tasks to queue
[2024-12-22T02:28:53.008+0000] {logging_mixin.py:188} INFO - [2024-12-22T02:28:53.008+0000] {dagbag.py:545} INFO - Filling up the DagBag from /home/airflow/.local/lib/python3.12/site-packages/airflow/example_dags/tutorial_taskflow_api.py
[2024-12-22T02:28:53.012+0000] {processor.py:840} INFO - DAG(s) 'tutorial_taskflow_api' retrieved from /home/airflow/.local/lib/python3.12/site-packages/airflow/example_dags/tutorial_taskflow_api.py
[2024-12-22T02:28:53.025+0000] {logging_mixin.py:188} INFO - [2024-12-22T02:28:53.025+0000] {dag.py:3089} INFO - Sync 1 DAGs
[2024-12-22T02:28:53.033+0000] {logging_mixin.py:188} INFO - [2024-12-22T02:28:53.033+0000] {dag.py:3947} INFO - Setting next_dagrun for tutorial_taskflow_api to None, run_after=None
[2024-12-22T02:28:53.044+0000] {processor.py:183} INFO - Processing /home/airflow/.local/lib/python3.12/site-packages/airflow/example_dags/tutorial_taskflow_api.py took 0.043 seconds
[2024-12-22T02:29:38.791+0000] {processor.py:161} INFO - Started process (PID=23331) to work on /home/airflow/.local/lib/python3.12/site-packages/airflow/example_dags/tutorial_taskflow_api.py
[2024-12-22T02:29:38.792+0000] {processor.py:830} INFO - Processing file /home/airflow/.local/lib/python3.12/site-packages/airflow/example_dags/tutorial_taskflow_api.py for tasks to queue
[2024-12-22T02:29:38.793+0000] {logging_mixin.py:188} INFO - [2024-12-22T02:29:38.793+0000] {dagbag.py:545} INFO - Filling up the DagBag from /home/airflow/.local/lib/python3.12/site-packages/airflow/example_dags/tutorial_taskflow_api.py
[2024-12-22T02:29:38.797+0000] {processor.py:840} INFO - DAG(s) 'tutorial_taskflow_api' retrieved from /home/airflow/.local/lib/python3.12/site-packages/airflow/example_dags/tutorial_taskflow_api.py
[2024-12-22T02:29:38.812+0000] {logging_mixin.py:188} INFO - [2024-12-22T02:29:38.812+0000] {dag.py:3089} INFO - Sync 1 DAGs
[2024-12-22T02:29:38.819+0000] {logging_mixin.py:188} INFO - [2024-12-22T02:29:38.819+0000] {dag.py:3947} INFO - Setting next_dagrun for tutorial_taskflow_api to None, run_after=None
[2024-12-22T02:29:38.832+0000] {processor.py:183} INFO - Processing /home/airflow/.local/lib/python3.12/site-packages/airflow/example_dags/tutorial_taskflow_api.py took 0.045 seconds
[2024-12-22T02:30:09.347+0000] {processor.py:161} INFO - Started process (PID=23616) to work on /home/airflow/.local/lib/python3.12/site-packages/airflow/example_dags/tutorial_taskflow_api.py
[2024-12-22T02:30:09.347+0000] {processor.py:830} INFO - Processing file /home/airflow/.local/lib/python3.12/site-packages/airflow/example_dags/tutorial_taskflow_api.py for tasks to queue
[2024-12-22T02:30:09.348+0000] {logging_mixin.py:188} INFO - [2024-12-22T02:30:09.348+0000] {dagbag.py:545} INFO - Filling up the DagBag from /home/airflow/.local/lib/python3.12/site-packages/airflow/example_dags/tutorial_taskflow_api.py
[2024-12-22T02:30:09.353+0000] {processor.py:840} INFO - DAG(s) 'tutorial_taskflow_api' retrieved from /home/airflow/.local/lib/python3.12/site-packages/airflow/example_dags/tutorial_taskflow_api.py
[2024-12-22T02:30:09.366+0000] {logging_mixin.py:188} INFO - [2024-12-22T02:30:09.365+0000] {dag.py:3089} INFO - Sync 1 DAGs
[2024-12-22T02:30:09.373+0000] {logging_mixin.py:188} INFO - [2024-12-22T02:30:09.373+0000] {dag.py:3947} INFO - Setting next_dagrun for tutorial_taskflow_api to None, run_after=None
[2024-12-22T02:30:09.384+0000] {processor.py:183} INFO - Processing /home/airflow/.local/lib/python3.12/site-packages/airflow/example_dags/tutorial_taskflow_api.py took 0.042 seconds
[2024-12-22T02:30:39.550+0000] {processor.py:161} INFO - Started process (PID=23887) to work on /home/airflow/.local/lib/python3.12/site-packages/airflow/example_dags/tutorial_taskflow_api.py
[2024-12-22T02:30:39.551+0000] {processor.py:830} INFO - Processing file /home/airflow/.local/lib/python3.12/site-packages/airflow/example_dags/tutorial_taskflow_api.py for tasks to queue
[2024-12-22T02:30:39.553+0000] {logging_mixin.py:188} INFO - [2024-12-22T02:30:39.552+0000] {dagbag.py:545} INFO - Filling up the DagBag from /home/airflow/.local/lib/python3.12/site-packages/airflow/example_dags/tutorial_taskflow_api.py
[2024-12-22T02:30:39.557+0000] {processor.py:840} INFO - DAG(s) 'tutorial_taskflow_api' retrieved from /home/airflow/.local/lib/python3.12/site-packages/airflow/example_dags/tutorial_taskflow_api.py
[2024-12-22T02:30:39.571+0000] {logging_mixin.py:188} INFO - [2024-12-22T02:30:39.571+0000] {dag.py:3089} INFO - Sync 1 DAGs
[2024-12-22T02:30:39.578+0000] {logging_mixin.py:188} INFO - [2024-12-22T02:30:39.578+0000] {dag.py:3947} INFO - Setting next_dagrun for tutorial_taskflow_api to None, run_after=None
[2024-12-22T02:30:39.601+0000] {processor.py:183} INFO - Processing /home/airflow/.local/lib/python3.12/site-packages/airflow/example_dags/tutorial_taskflow_api.py took 0.054 seconds
[2024-12-22T02:31:10.021+0000] {processor.py:161} INFO - Started process (PID=24164) to work on /home/airflow/.local/lib/python3.12/site-packages/airflow/example_dags/tutorial_taskflow_api.py
[2024-12-22T02:31:10.022+0000] {processor.py:830} INFO - Processing file /home/airflow/.local/lib/python3.12/site-packages/airflow/example_dags/tutorial_taskflow_api.py for tasks to queue
[2024-12-22T02:31:10.023+0000] {logging_mixin.py:188} INFO - [2024-12-22T02:31:10.023+0000] {dagbag.py:545} INFO - Filling up the DagBag from /home/airflow/.local/lib/python3.12/site-packages/airflow/example_dags/tutorial_taskflow_api.py
[2024-12-22T02:31:10.026+0000] {processor.py:840} INFO - DAG(s) 'tutorial_taskflow_api' retrieved from /home/airflow/.local/lib/python3.12/site-packages/airflow/example_dags/tutorial_taskflow_api.py
[2024-12-22T02:31:10.038+0000] {logging_mixin.py:188} INFO - [2024-12-22T02:31:10.038+0000] {dag.py:3089} INFO - Sync 1 DAGs
[2024-12-22T02:31:10.044+0000] {logging_mixin.py:188} INFO - [2024-12-22T02:31:10.044+0000] {dag.py:3947} INFO - Setting next_dagrun for tutorial_taskflow_api to None, run_after=None
[2024-12-22T02:31:10.054+0000] {processor.py:183} INFO - Processing /home/airflow/.local/lib/python3.12/site-packages/airflow/example_dags/tutorial_taskflow_api.py took 0.036 seconds
[2024-12-22T02:31:40.459+0000] {processor.py:161} INFO - Started process (PID=24439) to work on /home/airflow/.local/lib/python3.12/site-packages/airflow/example_dags/tutorial_taskflow_api.py
[2024-12-22T02:31:40.460+0000] {processor.py:830} INFO - Processing file /home/airflow/.local/lib/python3.12/site-packages/airflow/example_dags/tutorial_taskflow_api.py for tasks to queue
[2024-12-22T02:31:40.461+0000] {logging_mixin.py:188} INFO - [2024-12-22T02:31:40.461+0000] {dagbag.py:545} INFO - Filling up the DagBag from /home/airflow/.local/lib/python3.12/site-packages/airflow/example_dags/tutorial_taskflow_api.py
[2024-12-22T02:31:40.466+0000] {processor.py:840} INFO - DAG(s) 'tutorial_taskflow_api' retrieved from /home/airflow/.local/lib/python3.12/site-packages/airflow/example_dags/tutorial_taskflow_api.py
[2024-12-22T02:31:40.478+0000] {logging_mixin.py:188} INFO - [2024-12-22T02:31:40.478+0000] {dag.py:3089} INFO - Sync 1 DAGs
[2024-12-22T02:31:40.485+0000] {logging_mixin.py:188} INFO - [2024-12-22T02:31:40.485+0000] {dag.py:3947} INFO - Setting next_dagrun for tutorial_taskflow_api to None, run_after=None
[2024-12-22T02:31:40.495+0000] {processor.py:183} INFO - Processing /home/airflow/.local/lib/python3.12/site-packages/airflow/example_dags/tutorial_taskflow_api.py took 0.040 seconds
[2024-12-22T02:32:10.934+0000] {processor.py:161} INFO - Started process (PID=24718) to work on /home/airflow/.local/lib/python3.12/site-packages/airflow/example_dags/tutorial_taskflow_api.py
[2024-12-22T02:32:10.935+0000] {processor.py:830} INFO - Processing file /home/airflow/.local/lib/python3.12/site-packages/airflow/example_dags/tutorial_taskflow_api.py for tasks to queue
[2024-12-22T02:32:10.937+0000] {logging_mixin.py:188} INFO - [2024-12-22T02:32:10.936+0000] {dagbag.py:545} INFO - Filling up the DagBag from /home/airflow/.local/lib/python3.12/site-packages/airflow/example_dags/tutorial_taskflow_api.py
[2024-12-22T02:32:10.941+0000] {processor.py:840} INFO - DAG(s) 'tutorial_taskflow_api' retrieved from /home/airflow/.local/lib/python3.12/site-packages/airflow/example_dags/tutorial_taskflow_api.py
[2024-12-22T02:32:10.955+0000] {logging_mixin.py:188} INFO - [2024-12-22T02:32:10.955+0000] {dag.py:3089} INFO - Sync 1 DAGs
[2024-12-22T02:32:10.962+0000] {logging_mixin.py:188} INFO - [2024-12-22T02:32:10.962+0000] {dag.py:3947} INFO - Setting next_dagrun for tutorial_taskflow_api to None, run_after=None
[2024-12-22T02:32:10.977+0000] {processor.py:183} INFO - Processing /home/airflow/.local/lib/python3.12/site-packages/airflow/example_dags/tutorial_taskflow_api.py took 0.047 seconds
[2024-12-22T02:32:41.283+0000] {processor.py:161} INFO - Started process (PID=24993) to work on /home/airflow/.local/lib/python3.12/site-packages/airflow/example_dags/tutorial_taskflow_api.py
[2024-12-22T02:32:41.284+0000] {processor.py:830} INFO - Processing file /home/airflow/.local/lib/python3.12/site-packages/airflow/example_dags/tutorial_taskflow_api.py for tasks to queue
[2024-12-22T02:32:41.285+0000] {logging_mixin.py:188} INFO - [2024-12-22T02:32:41.285+0000] {dagbag.py:545} INFO - Filling up the DagBag from /home/airflow/.local/lib/python3.12/site-packages/airflow/example_dags/tutorial_taskflow_api.py
[2024-12-22T02:32:41.289+0000] {processor.py:840} INFO - DAG(s) 'tutorial_taskflow_api' retrieved from /home/airflow/.local/lib/python3.12/site-packages/airflow/example_dags/tutorial_taskflow_api.py
[2024-12-22T02:32:41.305+0000] {logging_mixin.py:188} INFO - [2024-12-22T02:32:41.305+0000] {dag.py:3089} INFO - Sync 1 DAGs
[2024-12-22T02:32:41.313+0000] {logging_mixin.py:188} INFO - [2024-12-22T02:32:41.313+0000] {dag.py:3947} INFO - Setting next_dagrun for tutorial_taskflow_api to None, run_after=None
[2024-12-22T02:32:41.326+0000] {processor.py:183} INFO - Processing /home/airflow/.local/lib/python3.12/site-packages/airflow/example_dags/tutorial_taskflow_api.py took 0.047 seconds
[2024-12-22T02:33:11.519+0000] {processor.py:161} INFO - Started process (PID=25272) to work on /home/airflow/.local/lib/python3.12/site-packages/airflow/example_dags/tutorial_taskflow_api.py
[2024-12-22T02:33:11.520+0000] {processor.py:830} INFO - Processing file /home/airflow/.local/lib/python3.12/site-packages/airflow/example_dags/tutorial_taskflow_api.py for tasks to queue
[2024-12-22T02:33:11.521+0000] {logging_mixin.py:188} INFO - [2024-12-22T02:33:11.520+0000] {dagbag.py:545} INFO - Filling up the DagBag from /home/airflow/.local/lib/python3.12/site-packages/airflow/example_dags/tutorial_taskflow_api.py
[2024-12-22T02:33:11.524+0000] {processor.py:840} INFO - DAG(s) 'tutorial_taskflow_api' retrieved from /home/airflow/.local/lib/python3.12/site-packages/airflow/example_dags/tutorial_taskflow_api.py
[2024-12-22T02:33:11.536+0000] {logging_mixin.py:188} INFO - [2024-12-22T02:33:11.536+0000] {dag.py:3089} INFO - Sync 1 DAGs
[2024-12-22T02:33:11.543+0000] {logging_mixin.py:188} INFO - [2024-12-22T02:33:11.543+0000] {dag.py:3947} INFO - Setting next_dagrun for tutorial_taskflow_api to None, run_after=None
[2024-12-22T02:33:11.555+0000] {processor.py:183} INFO - Processing /home/airflow/.local/lib/python3.12/site-packages/airflow/example_dags/tutorial_taskflow_api.py took 0.040 seconds
[2024-12-22T02:33:41.906+0000] {processor.py:161} INFO - Started process (PID=25549) to work on /home/airflow/.local/lib/python3.12/site-packages/airflow/example_dags/tutorial_taskflow_api.py
[2024-12-22T02:33:41.906+0000] {processor.py:830} INFO - Processing file /home/airflow/.local/lib/python3.12/site-packages/airflow/example_dags/tutorial_taskflow_api.py for tasks to queue
[2024-12-22T02:33:41.907+0000] {logging_mixin.py:188} INFO - [2024-12-22T02:33:41.907+0000] {dagbag.py:545} INFO - Filling up the DagBag from /home/airflow/.local/lib/python3.12/site-packages/airflow/example_dags/tutorial_taskflow_api.py
[2024-12-22T02:33:41.911+0000] {processor.py:840} INFO - DAG(s) 'tutorial_taskflow_api' retrieved from /home/airflow/.local/lib/python3.12/site-packages/airflow/example_dags/tutorial_taskflow_api.py
[2024-12-22T02:33:41.923+0000] {logging_mixin.py:188} INFO - [2024-12-22T02:33:41.923+0000] {dag.py:3089} INFO - Sync 1 DAGs
[2024-12-22T02:33:41.929+0000] {logging_mixin.py:188} INFO - [2024-12-22T02:33:41.929+0000] {dag.py:3947} INFO - Setting next_dagrun for tutorial_taskflow_api to None, run_after=None
[2024-12-22T02:33:41.940+0000] {processor.py:183} INFO - Processing /home/airflow/.local/lib/python3.12/site-packages/airflow/example_dags/tutorial_taskflow_api.py took 0.038 seconds
[2024-12-22T02:34:12.461+0000] {processor.py:161} INFO - Started process (PID=25824) to work on /home/airflow/.local/lib/python3.12/site-packages/airflow/example_dags/tutorial_taskflow_api.py
[2024-12-22T02:34:12.462+0000] {processor.py:830} INFO - Processing file /home/airflow/.local/lib/python3.12/site-packages/airflow/example_dags/tutorial_taskflow_api.py for tasks to queue
[2024-12-22T02:34:12.463+0000] {logging_mixin.py:188} INFO - [2024-12-22T02:34:12.463+0000] {dagbag.py:545} INFO - Filling up the DagBag from /home/airflow/.local/lib/python3.12/site-packages/airflow/example_dags/tutorial_taskflow_api.py
[2024-12-22T02:34:12.468+0000] {processor.py:840} INFO - DAG(s) 'tutorial_taskflow_api' retrieved from /home/airflow/.local/lib/python3.12/site-packages/airflow/example_dags/tutorial_taskflow_api.py
[2024-12-22T02:34:12.480+0000] {logging_mixin.py:188} INFO - [2024-12-22T02:34:12.480+0000] {dag.py:3089} INFO - Sync 1 DAGs
[2024-12-22T02:34:12.488+0000] {logging_mixin.py:188} INFO - [2024-12-22T02:34:12.487+0000] {dag.py:3947} INFO - Setting next_dagrun for tutorial_taskflow_api to None, run_after=None
[2024-12-22T02:34:12.498+0000] {processor.py:183} INFO - Processing /home/airflow/.local/lib/python3.12/site-packages/airflow/example_dags/tutorial_taskflow_api.py took 0.040 seconds
[2024-12-22T02:34:42.836+0000] {processor.py:161} INFO - Started process (PID=26103) to work on /home/airflow/.local/lib/python3.12/site-packages/airflow/example_dags/tutorial_taskflow_api.py
[2024-12-22T02:34:42.837+0000] {processor.py:830} INFO - Processing file /home/airflow/.local/lib/python3.12/site-packages/airflow/example_dags/tutorial_taskflow_api.py for tasks to queue
[2024-12-22T02:34:42.838+0000] {logging_mixin.py:188} INFO - [2024-12-22T02:34:42.838+0000] {dagbag.py:545} INFO - Filling up the DagBag from /home/airflow/.local/lib/python3.12/site-packages/airflow/example_dags/tutorial_taskflow_api.py
[2024-12-22T02:34:42.842+0000] {processor.py:840} INFO - DAG(s) 'tutorial_taskflow_api' retrieved from /home/airflow/.local/lib/python3.12/site-packages/airflow/example_dags/tutorial_taskflow_api.py
[2024-12-22T02:34:42.856+0000] {logging_mixin.py:188} INFO - [2024-12-22T02:34:42.856+0000] {dag.py:3089} INFO - Sync 1 DAGs
[2024-12-22T02:34:42.863+0000] {logging_mixin.py:188} INFO - [2024-12-22T02:34:42.863+0000] {dag.py:3947} INFO - Setting next_dagrun for tutorial_taskflow_api to None, run_after=None
[2024-12-22T02:34:42.875+0000] {processor.py:183} INFO - Processing /home/airflow/.local/lib/python3.12/site-packages/airflow/example_dags/tutorial_taskflow_api.py took 0.042 seconds
[2024-12-22T02:35:13.309+0000] {processor.py:161} INFO - Started process (PID=26381) to work on /home/airflow/.local/lib/python3.12/site-packages/airflow/example_dags/tutorial_taskflow_api.py
[2024-12-22T02:35:13.309+0000] {processor.py:830} INFO - Processing file /home/airflow/.local/lib/python3.12/site-packages/airflow/example_dags/tutorial_taskflow_api.py for tasks to queue
[2024-12-22T02:35:13.311+0000] {logging_mixin.py:188} INFO - [2024-12-22T02:35:13.310+0000] {dagbag.py:545} INFO - Filling up the DagBag from /home/airflow/.local/lib/python3.12/site-packages/airflow/example_dags/tutorial_taskflow_api.py
[2024-12-22T02:35:13.316+0000] {processor.py:840} INFO - DAG(s) 'tutorial_taskflow_api' retrieved from /home/airflow/.local/lib/python3.12/site-packages/airflow/example_dags/tutorial_taskflow_api.py
[2024-12-22T02:35:13.329+0000] {logging_mixin.py:188} INFO - [2024-12-22T02:35:13.329+0000] {dag.py:3089} INFO - Sync 1 DAGs
[2024-12-22T02:35:13.337+0000] {logging_mixin.py:188} INFO - [2024-12-22T02:35:13.337+0000] {dag.py:3947} INFO - Setting next_dagrun for tutorial_taskflow_api to None, run_after=None
[2024-12-22T02:35:13.352+0000] {processor.py:183} INFO - Processing /home/airflow/.local/lib/python3.12/site-packages/airflow/example_dags/tutorial_taskflow_api.py took 0.048 seconds
[2024-12-22T02:35:43.539+0000] {processor.py:161} INFO - Started process (PID=26658) to work on /home/airflow/.local/lib/python3.12/site-packages/airflow/example_dags/tutorial_taskflow_api.py
[2024-12-22T02:35:43.539+0000] {processor.py:830} INFO - Processing file /home/airflow/.local/lib/python3.12/site-packages/airflow/example_dags/tutorial_taskflow_api.py for tasks to queue
[2024-12-22T02:35:43.541+0000] {logging_mixin.py:188} INFO - [2024-12-22T02:35:43.540+0000] {dagbag.py:545} INFO - Filling up the DagBag from /home/airflow/.local/lib/python3.12/site-packages/airflow/example_dags/tutorial_taskflow_api.py
[2024-12-22T02:35:43.545+0000] {processor.py:840} INFO - DAG(s) 'tutorial_taskflow_api' retrieved from /home/airflow/.local/lib/python3.12/site-packages/airflow/example_dags/tutorial_taskflow_api.py
[2024-12-22T02:35:43.558+0000] {logging_mixin.py:188} INFO - [2024-12-22T02:35:43.558+0000] {dag.py:3089} INFO - Sync 1 DAGs
[2024-12-22T02:35:43.565+0000] {logging_mixin.py:188} INFO - [2024-12-22T02:35:43.565+0000] {dag.py:3947} INFO - Setting next_dagrun for tutorial_taskflow_api to None, run_after=None
[2024-12-22T02:35:43.576+0000] {processor.py:183} INFO - Processing /home/airflow/.local/lib/python3.12/site-packages/airflow/example_dags/tutorial_taskflow_api.py took 0.041 seconds
[2024-12-22T02:36:14.682+0000] {processor.py:161} INFO - Started process (PID=26935) to work on /home/airflow/.local/lib/python3.12/site-packages/airflow/example_dags/tutorial_taskflow_api.py
[2024-12-22T02:36:14.683+0000] {processor.py:830} INFO - Processing file /home/airflow/.local/lib/python3.12/site-packages/airflow/example_dags/tutorial_taskflow_api.py for tasks to queue
[2024-12-22T02:36:14.684+0000] {logging_mixin.py:188} INFO - [2024-12-22T02:36:14.684+0000] {dagbag.py:545} INFO - Filling up the DagBag from /home/airflow/.local/lib/python3.12/site-packages/airflow/example_dags/tutorial_taskflow_api.py
[2024-12-22T02:36:14.688+0000] {processor.py:840} INFO - DAG(s) 'tutorial_taskflow_api' retrieved from /home/airflow/.local/lib/python3.12/site-packages/airflow/example_dags/tutorial_taskflow_api.py
[2024-12-22T02:36:14.703+0000] {logging_mixin.py:188} INFO - [2024-12-22T02:36:14.702+0000] {dag.py:3089} INFO - Sync 1 DAGs
[2024-12-22T02:36:14.710+0000] {logging_mixin.py:188} INFO - [2024-12-22T02:36:14.709+0000] {dag.py:3947} INFO - Setting next_dagrun for tutorial_taskflow_api to None, run_after=None
[2024-12-22T02:36:14.721+0000] {processor.py:183} INFO - Processing /home/airflow/.local/lib/python3.12/site-packages/airflow/example_dags/tutorial_taskflow_api.py took 0.043 seconds
[2024-12-22T02:36:44.752+0000] {processor.py:161} INFO - Started process (PID=27210) to work on /home/airflow/.local/lib/python3.12/site-packages/airflow/example_dags/tutorial_taskflow_api.py
[2024-12-22T02:36:44.753+0000] {processor.py:830} INFO - Processing file /home/airflow/.local/lib/python3.12/site-packages/airflow/example_dags/tutorial_taskflow_api.py for tasks to queue
[2024-12-22T02:36:44.754+0000] {logging_mixin.py:188} INFO - [2024-12-22T02:36:44.754+0000] {dagbag.py:545} INFO - Filling up the DagBag from /home/airflow/.local/lib/python3.12/site-packages/airflow/example_dags/tutorial_taskflow_api.py
[2024-12-22T02:36:44.763+0000] {processor.py:840} INFO - DAG(s) 'tutorial_taskflow_api' retrieved from /home/airflow/.local/lib/python3.12/site-packages/airflow/example_dags/tutorial_taskflow_api.py
[2024-12-22T02:36:44.783+0000] {logging_mixin.py:188} INFO - [2024-12-22T02:36:44.783+0000] {dag.py:3089} INFO - Sync 1 DAGs
[2024-12-22T02:36:44.793+0000] {logging_mixin.py:188} INFO - [2024-12-22T02:36:44.793+0000] {dag.py:3947} INFO - Setting next_dagrun for tutorial_taskflow_api to None, run_after=None
[2024-12-22T02:36:44.806+0000] {processor.py:183} INFO - Processing /home/airflow/.local/lib/python3.12/site-packages/airflow/example_dags/tutorial_taskflow_api.py took 0.058 seconds
[2024-12-22T02:37:15.289+0000] {processor.py:161} INFO - Started process (PID=27489) to work on /home/airflow/.local/lib/python3.12/site-packages/airflow/example_dags/tutorial_taskflow_api.py
[2024-12-22T02:37:15.290+0000] {processor.py:830} INFO - Processing file /home/airflow/.local/lib/python3.12/site-packages/airflow/example_dags/tutorial_taskflow_api.py for tasks to queue
[2024-12-22T02:37:15.291+0000] {logging_mixin.py:188} INFO - [2024-12-22T02:37:15.291+0000] {dagbag.py:545} INFO - Filling up the DagBag from /home/airflow/.local/lib/python3.12/site-packages/airflow/example_dags/tutorial_taskflow_api.py
[2024-12-22T02:37:15.295+0000] {processor.py:840} INFO - DAG(s) 'tutorial_taskflow_api' retrieved from /home/airflow/.local/lib/python3.12/site-packages/airflow/example_dags/tutorial_taskflow_api.py
[2024-12-22T02:37:15.308+0000] {logging_mixin.py:188} INFO - [2024-12-22T02:37:15.308+0000] {dag.py:3089} INFO - Sync 1 DAGs
[2024-12-22T02:37:15.315+0000] {logging_mixin.py:188} INFO - [2024-12-22T02:37:15.315+0000] {dag.py:3947} INFO - Setting next_dagrun for tutorial_taskflow_api to None, run_after=None
[2024-12-22T02:37:15.332+0000] {processor.py:183} INFO - Processing /home/airflow/.local/lib/python3.12/site-packages/airflow/example_dags/tutorial_taskflow_api.py took 0.048 seconds
[2024-12-22T02:37:48.070+0000] {processor.py:161} INFO - Started process (PID=27766) to work on /home/airflow/.local/lib/python3.12/site-packages/airflow/example_dags/tutorial_taskflow_api.py
[2024-12-22T02:37:48.072+0000] {processor.py:830} INFO - Processing file /home/airflow/.local/lib/python3.12/site-packages/airflow/example_dags/tutorial_taskflow_api.py for tasks to queue
[2024-12-22T02:37:48.073+0000] {logging_mixin.py:188} INFO - [2024-12-22T02:37:48.073+0000] {dagbag.py:545} INFO - Filling up the DagBag from /home/airflow/.local/lib/python3.12/site-packages/airflow/example_dags/tutorial_taskflow_api.py
[2024-12-22T02:37:48.077+0000] {processor.py:840} INFO - DAG(s) 'tutorial_taskflow_api' retrieved from /home/airflow/.local/lib/python3.12/site-packages/airflow/example_dags/tutorial_taskflow_api.py
[2024-12-22T02:37:48.093+0000] {logging_mixin.py:188} INFO - [2024-12-22T02:37:48.092+0000] {dag.py:3089} INFO - Sync 1 DAGs
[2024-12-22T02:37:48.100+0000] {logging_mixin.py:188} INFO - [2024-12-22T02:37:48.100+0000] {dag.py:3947} INFO - Setting next_dagrun for tutorial_taskflow_api to None, run_after=None
[2024-12-22T02:37:48.112+0000] {processor.py:183} INFO - Processing /home/airflow/.local/lib/python3.12/site-packages/airflow/example_dags/tutorial_taskflow_api.py took 0.045 seconds
[2024-12-22T02:38:20.753+0000] {processor.py:161} INFO - Started process (PID=28041) to work on /home/airflow/.local/lib/python3.12/site-packages/airflow/example_dags/tutorial_taskflow_api.py
[2024-12-22T02:38:20.754+0000] {processor.py:830} INFO - Processing file /home/airflow/.local/lib/python3.12/site-packages/airflow/example_dags/tutorial_taskflow_api.py for tasks to queue
[2024-12-22T02:38:20.755+0000] {logging_mixin.py:188} INFO - [2024-12-22T02:38:20.755+0000] {dagbag.py:545} INFO - Filling up the DagBag from /home/airflow/.local/lib/python3.12/site-packages/airflow/example_dags/tutorial_taskflow_api.py
[2024-12-22T02:38:20.759+0000] {processor.py:840} INFO - DAG(s) 'tutorial_taskflow_api' retrieved from /home/airflow/.local/lib/python3.12/site-packages/airflow/example_dags/tutorial_taskflow_api.py
[2024-12-22T02:38:20.772+0000] {logging_mixin.py:188} INFO - [2024-12-22T02:38:20.772+0000] {dag.py:3089} INFO - Sync 1 DAGs
[2024-12-22T02:38:20.779+0000] {logging_mixin.py:188} INFO - [2024-12-22T02:38:20.779+0000] {dag.py:3947} INFO - Setting next_dagrun for tutorial_taskflow_api to None, run_after=None
[2024-12-22T02:38:20.790+0000] {processor.py:183} INFO - Processing /home/airflow/.local/lib/python3.12/site-packages/airflow/example_dags/tutorial_taskflow_api.py took 0.042 seconds
[2024-12-22T02:38:52.197+0000] {processor.py:161} INFO - Started process (PID=28318) to work on /home/airflow/.local/lib/python3.12/site-packages/airflow/example_dags/tutorial_taskflow_api.py
[2024-12-22T02:38:52.198+0000] {processor.py:830} INFO - Processing file /home/airflow/.local/lib/python3.12/site-packages/airflow/example_dags/tutorial_taskflow_api.py for tasks to queue
[2024-12-22T02:38:52.199+0000] {logging_mixin.py:188} INFO - [2024-12-22T02:38:52.199+0000] {dagbag.py:545} INFO - Filling up the DagBag from /home/airflow/.local/lib/python3.12/site-packages/airflow/example_dags/tutorial_taskflow_api.py
[2024-12-22T02:38:52.203+0000] {processor.py:840} INFO - DAG(s) 'tutorial_taskflow_api' retrieved from /home/airflow/.local/lib/python3.12/site-packages/airflow/example_dags/tutorial_taskflow_api.py
[2024-12-22T02:38:52.217+0000] {logging_mixin.py:188} INFO - [2024-12-22T02:38:52.217+0000] {dag.py:3089} INFO - Sync 1 DAGs
[2024-12-22T02:38:52.224+0000] {logging_mixin.py:188} INFO - [2024-12-22T02:38:52.224+0000] {dag.py:3947} INFO - Setting next_dagrun for tutorial_taskflow_api to None, run_after=None
[2024-12-22T02:38:52.236+0000] {processor.py:183} INFO - Processing /home/airflow/.local/lib/python3.12/site-packages/airflow/example_dags/tutorial_taskflow_api.py took 0.043 seconds
[2024-12-22T02:39:22.888+0000] {processor.py:161} INFO - Started process (PID=28597) to work on /home/airflow/.local/lib/python3.12/site-packages/airflow/example_dags/tutorial_taskflow_api.py
[2024-12-22T02:39:22.889+0000] {processor.py:830} INFO - Processing file /home/airflow/.local/lib/python3.12/site-packages/airflow/example_dags/tutorial_taskflow_api.py for tasks to queue
[2024-12-22T02:39:22.890+0000] {logging_mixin.py:188} INFO - [2024-12-22T02:39:22.890+0000] {dagbag.py:545} INFO - Filling up the DagBag from /home/airflow/.local/lib/python3.12/site-packages/airflow/example_dags/tutorial_taskflow_api.py
[2024-12-22T02:39:22.894+0000] {processor.py:840} INFO - DAG(s) 'tutorial_taskflow_api' retrieved from /home/airflow/.local/lib/python3.12/site-packages/airflow/example_dags/tutorial_taskflow_api.py
[2024-12-22T02:39:22.909+0000] {logging_mixin.py:188} INFO - [2024-12-22T02:39:22.908+0000] {dag.py:3089} INFO - Sync 1 DAGs
[2024-12-22T02:39:22.916+0000] {logging_mixin.py:188} INFO - [2024-12-22T02:39:22.916+0000] {dag.py:3947} INFO - Setting next_dagrun for tutorial_taskflow_api to None, run_after=None
[2024-12-22T02:39:22.927+0000] {processor.py:183} INFO - Processing /home/airflow/.local/lib/python3.12/site-packages/airflow/example_dags/tutorial_taskflow_api.py took 0.043 seconds
[2024-12-22T02:39:53.653+0000] {processor.py:161} INFO - Started process (PID=28875) to work on /home/airflow/.local/lib/python3.12/site-packages/airflow/example_dags/tutorial_taskflow_api.py
[2024-12-22T02:39:53.654+0000] {processor.py:830} INFO - Processing file /home/airflow/.local/lib/python3.12/site-packages/airflow/example_dags/tutorial_taskflow_api.py for tasks to queue
[2024-12-22T02:39:53.655+0000] {logging_mixin.py:188} INFO - [2024-12-22T02:39:53.655+0000] {dagbag.py:545} INFO - Filling up the DagBag from /home/airflow/.local/lib/python3.12/site-packages/airflow/example_dags/tutorial_taskflow_api.py
[2024-12-22T02:39:53.661+0000] {processor.py:840} INFO - DAG(s) 'tutorial_taskflow_api' retrieved from /home/airflow/.local/lib/python3.12/site-packages/airflow/example_dags/tutorial_taskflow_api.py
[2024-12-22T02:39:53.673+0000] {logging_mixin.py:188} INFO - [2024-12-22T02:39:53.672+0000] {dag.py:3089} INFO - Sync 1 DAGs
[2024-12-22T02:39:53.680+0000] {logging_mixin.py:188} INFO - [2024-12-22T02:39:53.680+0000] {dag.py:3947} INFO - Setting next_dagrun for tutorial_taskflow_api to None, run_after=None
[2024-12-22T02:39:53.691+0000] {processor.py:183} INFO - Processing /home/airflow/.local/lib/python3.12/site-packages/airflow/example_dags/tutorial_taskflow_api.py took 0.041 seconds
[2024-12-22T02:40:26.970+0000] {processor.py:161} INFO - Started process (PID=29150) to work on /home/airflow/.local/lib/python3.12/site-packages/airflow/example_dags/tutorial_taskflow_api.py
[2024-12-22T02:40:26.971+0000] {processor.py:830} INFO - Processing file /home/airflow/.local/lib/python3.12/site-packages/airflow/example_dags/tutorial_taskflow_api.py for tasks to queue
[2024-12-22T02:40:26.972+0000] {logging_mixin.py:188} INFO - [2024-12-22T02:40:26.972+0000] {dagbag.py:545} INFO - Filling up the DagBag from /home/airflow/.local/lib/python3.12/site-packages/airflow/example_dags/tutorial_taskflow_api.py
[2024-12-22T02:40:26.976+0000] {processor.py:840} INFO - DAG(s) 'tutorial_taskflow_api' retrieved from /home/airflow/.local/lib/python3.12/site-packages/airflow/example_dags/tutorial_taskflow_api.py
[2024-12-22T02:40:26.988+0000] {logging_mixin.py:188} INFO - [2024-12-22T02:40:26.988+0000] {dag.py:3089} INFO - Sync 1 DAGs
[2024-12-22T02:40:26.995+0000] {logging_mixin.py:188} INFO - [2024-12-22T02:40:26.995+0000] {dag.py:3947} INFO - Setting next_dagrun for tutorial_taskflow_api to None, run_after=None
[2024-12-22T02:40:27.006+0000] {processor.py:183} INFO - Processing /home/airflow/.local/lib/python3.12/site-packages/airflow/example_dags/tutorial_taskflow_api.py took 0.039 seconds
[2024-12-22T02:40:59.349+0000] {processor.py:161} INFO - Started process (PID=29427) to work on /home/airflow/.local/lib/python3.12/site-packages/airflow/example_dags/tutorial_taskflow_api.py
[2024-12-22T02:40:59.349+0000] {processor.py:830} INFO - Processing file /home/airflow/.local/lib/python3.12/site-packages/airflow/example_dags/tutorial_taskflow_api.py for tasks to queue
[2024-12-22T02:40:59.353+0000] {logging_mixin.py:188} INFO - [2024-12-22T02:40:59.353+0000] {dagbag.py:545} INFO - Filling up the DagBag from /home/airflow/.local/lib/python3.12/site-packages/airflow/example_dags/tutorial_taskflow_api.py
[2024-12-22T02:40:59.357+0000] {processor.py:840} INFO - DAG(s) 'tutorial_taskflow_api' retrieved from /home/airflow/.local/lib/python3.12/site-packages/airflow/example_dags/tutorial_taskflow_api.py
[2024-12-22T02:40:59.370+0000] {logging_mixin.py:188} INFO - [2024-12-22T02:40:59.370+0000] {dag.py:3089} INFO - Sync 1 DAGs
[2024-12-22T02:40:59.377+0000] {logging_mixin.py:188} INFO - [2024-12-22T02:40:59.377+0000] {dag.py:3947} INFO - Setting next_dagrun for tutorial_taskflow_api to None, run_after=None
[2024-12-22T02:40:59.390+0000] {processor.py:183} INFO - Processing /home/airflow/.local/lib/python3.12/site-packages/airflow/example_dags/tutorial_taskflow_api.py took 0.045 seconds
[2024-12-22T02:41:32.218+0000] {processor.py:161} INFO - Started process (PID=29706) to work on /home/airflow/.local/lib/python3.12/site-packages/airflow/example_dags/tutorial_taskflow_api.py
[2024-12-22T02:41:32.218+0000] {processor.py:830} INFO - Processing file /home/airflow/.local/lib/python3.12/site-packages/airflow/example_dags/tutorial_taskflow_api.py for tasks to queue
[2024-12-22T02:41:32.220+0000] {logging_mixin.py:188} INFO - [2024-12-22T02:41:32.219+0000] {dagbag.py:545} INFO - Filling up the DagBag from /home/airflow/.local/lib/python3.12/site-packages/airflow/example_dags/tutorial_taskflow_api.py
[2024-12-22T02:41:32.225+0000] {processor.py:840} INFO - DAG(s) 'tutorial_taskflow_api' retrieved from /home/airflow/.local/lib/python3.12/site-packages/airflow/example_dags/tutorial_taskflow_api.py
[2024-12-22T02:41:32.240+0000] {logging_mixin.py:188} INFO - [2024-12-22T02:41:32.240+0000] {dag.py:3089} INFO - Sync 1 DAGs
[2024-12-22T02:41:32.248+0000] {logging_mixin.py:188} INFO - [2024-12-22T02:41:32.248+0000] {dag.py:3947} INFO - Setting next_dagrun for tutorial_taskflow_api to None, run_after=None
[2024-12-22T02:41:32.261+0000] {processor.py:183} INFO - Processing /home/airflow/.local/lib/python3.12/site-packages/airflow/example_dags/tutorial_taskflow_api.py took 0.048 seconds
[2024-12-22T02:42:03.131+0000] {processor.py:161} INFO - Started process (PID=29981) to work on /home/airflow/.local/lib/python3.12/site-packages/airflow/example_dags/tutorial_taskflow_api.py
[2024-12-22T02:42:03.131+0000] {processor.py:830} INFO - Processing file /home/airflow/.local/lib/python3.12/site-packages/airflow/example_dags/tutorial_taskflow_api.py for tasks to queue
[2024-12-22T02:42:03.133+0000] {logging_mixin.py:188} INFO - [2024-12-22T02:42:03.132+0000] {dagbag.py:545} INFO - Filling up the DagBag from /home/airflow/.local/lib/python3.12/site-packages/airflow/example_dags/tutorial_taskflow_api.py
[2024-12-22T02:42:03.137+0000] {processor.py:840} INFO - DAG(s) 'tutorial_taskflow_api' retrieved from /home/airflow/.local/lib/python3.12/site-packages/airflow/example_dags/tutorial_taskflow_api.py
[2024-12-22T02:42:03.151+0000] {logging_mixin.py:188} INFO - [2024-12-22T02:42:03.151+0000] {dag.py:3089} INFO - Sync 1 DAGs
[2024-12-22T02:42:03.159+0000] {logging_mixin.py:188} INFO - [2024-12-22T02:42:03.159+0000] {dag.py:3947} INFO - Setting next_dagrun for tutorial_taskflow_api to None, run_after=None
[2024-12-22T02:42:03.171+0000] {processor.py:183} INFO - Processing /home/airflow/.local/lib/python3.12/site-packages/airflow/example_dags/tutorial_taskflow_api.py took 0.046 seconds
[2024-12-22T02:42:34.250+0000] {processor.py:161} INFO - Started process (PID=30260) to work on /home/airflow/.local/lib/python3.12/site-packages/airflow/example_dags/tutorial_taskflow_api.py
[2024-12-22T02:42:34.251+0000] {processor.py:830} INFO - Processing file /home/airflow/.local/lib/python3.12/site-packages/airflow/example_dags/tutorial_taskflow_api.py for tasks to queue
[2024-12-22T02:42:34.252+0000] {logging_mixin.py:188} INFO - [2024-12-22T02:42:34.252+0000] {dagbag.py:545} INFO - Filling up the DagBag from /home/airflow/.local/lib/python3.12/site-packages/airflow/example_dags/tutorial_taskflow_api.py
[2024-12-22T02:42:34.257+0000] {processor.py:840} INFO - DAG(s) 'tutorial_taskflow_api' retrieved from /home/airflow/.local/lib/python3.12/site-packages/airflow/example_dags/tutorial_taskflow_api.py
[2024-12-22T02:42:34.273+0000] {logging_mixin.py:188} INFO - [2024-12-22T02:42:34.273+0000] {dag.py:3089} INFO - Sync 1 DAGs
[2024-12-22T02:42:34.280+0000] {logging_mixin.py:188} INFO - [2024-12-22T02:42:34.280+0000] {dag.py:3947} INFO - Setting next_dagrun for tutorial_taskflow_api to None, run_after=None
[2024-12-22T02:42:34.293+0000] {processor.py:183} INFO - Processing /home/airflow/.local/lib/python3.12/site-packages/airflow/example_dags/tutorial_taskflow_api.py took 0.047 seconds
[2024-12-22T02:43:06.587+0000] {processor.py:161} INFO - Started process (PID=30537) to work on /home/airflow/.local/lib/python3.12/site-packages/airflow/example_dags/tutorial_taskflow_api.py
[2024-12-22T02:43:06.589+0000] {processor.py:830} INFO - Processing file /home/airflow/.local/lib/python3.12/site-packages/airflow/example_dags/tutorial_taskflow_api.py for tasks to queue
[2024-12-22T02:43:06.590+0000] {logging_mixin.py:188} INFO - [2024-12-22T02:43:06.590+0000] {dagbag.py:545} INFO - Filling up the DagBag from /home/airflow/.local/lib/python3.12/site-packages/airflow/example_dags/tutorial_taskflow_api.py
[2024-12-22T02:43:06.594+0000] {processor.py:840} INFO - DAG(s) 'tutorial_taskflow_api' retrieved from /home/airflow/.local/lib/python3.12/site-packages/airflow/example_dags/tutorial_taskflow_api.py
[2024-12-22T02:43:06.607+0000] {logging_mixin.py:188} INFO - [2024-12-22T02:43:06.607+0000] {dag.py:3089} INFO - Sync 1 DAGs
[2024-12-22T02:43:06.614+0000] {logging_mixin.py:188} INFO - [2024-12-22T02:43:06.614+0000] {dag.py:3947} INFO - Setting next_dagrun for tutorial_taskflow_api to None, run_after=None
[2024-12-22T02:43:06.627+0000] {processor.py:183} INFO - Processing /home/airflow/.local/lib/python3.12/site-packages/airflow/example_dags/tutorial_taskflow_api.py took 0.044 seconds
[2024-12-22T02:43:39.037+0000] {processor.py:161} INFO - Started process (PID=30812) to work on /home/airflow/.local/lib/python3.12/site-packages/airflow/example_dags/tutorial_taskflow_api.py
[2024-12-22T02:43:39.038+0000] {processor.py:830} INFO - Processing file /home/airflow/.local/lib/python3.12/site-packages/airflow/example_dags/tutorial_taskflow_api.py for tasks to queue
[2024-12-22T02:43:39.039+0000] {logging_mixin.py:188} INFO - [2024-12-22T02:43:39.039+0000] {dagbag.py:545} INFO - Filling up the DagBag from /home/airflow/.local/lib/python3.12/site-packages/airflow/example_dags/tutorial_taskflow_api.py
[2024-12-22T02:43:39.043+0000] {processor.py:840} INFO - DAG(s) 'tutorial_taskflow_api' retrieved from /home/airflow/.local/lib/python3.12/site-packages/airflow/example_dags/tutorial_taskflow_api.py
[2024-12-22T02:43:39.056+0000] {logging_mixin.py:188} INFO - [2024-12-22T02:43:39.056+0000] {dag.py:3089} INFO - Sync 1 DAGs
[2024-12-22T02:43:39.063+0000] {logging_mixin.py:188} INFO - [2024-12-22T02:43:39.063+0000] {dag.py:3947} INFO - Setting next_dagrun for tutorial_taskflow_api to None, run_after=None
[2024-12-22T02:43:39.074+0000] {processor.py:183} INFO - Processing /home/airflow/.local/lib/python3.12/site-packages/airflow/example_dags/tutorial_taskflow_api.py took 0.042 seconds
[2024-12-22T02:44:11.668+0000] {processor.py:161} INFO - Started process (PID=31089) to work on /home/airflow/.local/lib/python3.12/site-packages/airflow/example_dags/tutorial_taskflow_api.py
[2024-12-22T02:44:11.669+0000] {processor.py:830} INFO - Processing file /home/airflow/.local/lib/python3.12/site-packages/airflow/example_dags/tutorial_taskflow_api.py for tasks to queue
[2024-12-22T02:44:11.670+0000] {logging_mixin.py:188} INFO - [2024-12-22T02:44:11.670+0000] {dagbag.py:545} INFO - Filling up the DagBag from /home/airflow/.local/lib/python3.12/site-packages/airflow/example_dags/tutorial_taskflow_api.py
[2024-12-22T02:44:11.675+0000] {processor.py:840} INFO - DAG(s) 'tutorial_taskflow_api' retrieved from /home/airflow/.local/lib/python3.12/site-packages/airflow/example_dags/tutorial_taskflow_api.py
[2024-12-22T02:44:11.690+0000] {logging_mixin.py:188} INFO - [2024-12-22T02:44:11.690+0000] {dag.py:3089} INFO - Sync 1 DAGs
[2024-12-22T02:44:11.698+0000] {logging_mixin.py:188} INFO - [2024-12-22T02:44:11.698+0000] {dag.py:3947} INFO - Setting next_dagrun for tutorial_taskflow_api to None, run_after=None
[2024-12-22T02:44:11.712+0000] {processor.py:183} INFO - Processing /home/airflow/.local/lib/python3.12/site-packages/airflow/example_dags/tutorial_taskflow_api.py took 0.050 seconds
[2024-12-22T02:44:44.329+0000] {processor.py:161} INFO - Started process (PID=31366) to work on /home/airflow/.local/lib/python3.12/site-packages/airflow/example_dags/tutorial_taskflow_api.py
[2024-12-22T02:44:44.330+0000] {processor.py:830} INFO - Processing file /home/airflow/.local/lib/python3.12/site-packages/airflow/example_dags/tutorial_taskflow_api.py for tasks to queue
[2024-12-22T02:44:44.331+0000] {logging_mixin.py:188} INFO - [2024-12-22T02:44:44.331+0000] {dagbag.py:545} INFO - Filling up the DagBag from /home/airflow/.local/lib/python3.12/site-packages/airflow/example_dags/tutorial_taskflow_api.py
[2024-12-22T02:44:44.335+0000] {processor.py:840} INFO - DAG(s) 'tutorial_taskflow_api' retrieved from /home/airflow/.local/lib/python3.12/site-packages/airflow/example_dags/tutorial_taskflow_api.py
[2024-12-22T02:44:44.350+0000] {logging_mixin.py:188} INFO - [2024-12-22T02:44:44.349+0000] {dag.py:3089} INFO - Sync 1 DAGs
[2024-12-22T02:44:44.358+0000] {logging_mixin.py:188} INFO - [2024-12-22T02:44:44.357+0000] {dag.py:3947} INFO - Setting next_dagrun for tutorial_taskflow_api to None, run_after=None
[2024-12-22T02:44:44.370+0000] {processor.py:183} INFO - Processing /home/airflow/.local/lib/python3.12/site-packages/airflow/example_dags/tutorial_taskflow_api.py took 0.045 seconds
[2024-12-22T02:45:15.594+0000] {processor.py:161} INFO - Started process (PID=31643) to work on /home/airflow/.local/lib/python3.12/site-packages/airflow/example_dags/tutorial_taskflow_api.py
[2024-12-22T02:45:15.595+0000] {processor.py:830} INFO - Processing file /home/airflow/.local/lib/python3.12/site-packages/airflow/example_dags/tutorial_taskflow_api.py for tasks to queue
[2024-12-22T02:45:15.596+0000] {logging_mixin.py:188} INFO - [2024-12-22T02:45:15.596+0000] {dagbag.py:545} INFO - Filling up the DagBag from /home/airflow/.local/lib/python3.12/site-packages/airflow/example_dags/tutorial_taskflow_api.py
[2024-12-22T02:45:15.600+0000] {processor.py:840} INFO - DAG(s) 'tutorial_taskflow_api' retrieved from /home/airflow/.local/lib/python3.12/site-packages/airflow/example_dags/tutorial_taskflow_api.py
[2024-12-22T02:45:15.615+0000] {logging_mixin.py:188} INFO - [2024-12-22T02:45:15.615+0000] {dag.py:3089} INFO - Sync 1 DAGs
[2024-12-22T02:45:15.623+0000] {logging_mixin.py:188} INFO - [2024-12-22T02:45:15.622+0000] {dag.py:3947} INFO - Setting next_dagrun for tutorial_taskflow_api to None, run_after=None
[2024-12-22T02:45:15.636+0000] {processor.py:183} INFO - Processing /home/airflow/.local/lib/python3.12/site-packages/airflow/example_dags/tutorial_taskflow_api.py took 0.046 seconds
[2024-12-22T02:45:46.684+0000] {processor.py:161} INFO - Started process (PID=31920) to work on /home/airflow/.local/lib/python3.12/site-packages/airflow/example_dags/tutorial_taskflow_api.py
[2024-12-22T02:45:46.685+0000] {processor.py:830} INFO - Processing file /home/airflow/.local/lib/python3.12/site-packages/airflow/example_dags/tutorial_taskflow_api.py for tasks to queue
[2024-12-22T02:45:46.687+0000] {logging_mixin.py:188} INFO - [2024-12-22T02:45:46.687+0000] {dagbag.py:545} INFO - Filling up the DagBag from /home/airflow/.local/lib/python3.12/site-packages/airflow/example_dags/tutorial_taskflow_api.py
[2024-12-22T02:45:46.691+0000] {processor.py:840} INFO - DAG(s) 'tutorial_taskflow_api' retrieved from /home/airflow/.local/lib/python3.12/site-packages/airflow/example_dags/tutorial_taskflow_api.py
[2024-12-22T02:45:46.707+0000] {logging_mixin.py:188} INFO - [2024-12-22T02:45:46.707+0000] {dag.py:3089} INFO - Sync 1 DAGs
[2024-12-22T02:45:46.715+0000] {logging_mixin.py:188} INFO - [2024-12-22T02:45:46.715+0000] {dag.py:3947} INFO - Setting next_dagrun for tutorial_taskflow_api to None, run_after=None
[2024-12-22T02:45:46.730+0000] {processor.py:183} INFO - Processing /home/airflow/.local/lib/python3.12/site-packages/airflow/example_dags/tutorial_taskflow_api.py took 0.050 seconds
[2024-12-22T02:46:18.099+0000] {processor.py:161} INFO - Started process (PID=32197) to work on /home/airflow/.local/lib/python3.12/site-packages/airflow/example_dags/tutorial_taskflow_api.py
[2024-12-22T02:46:18.101+0000] {processor.py:830} INFO - Processing file /home/airflow/.local/lib/python3.12/site-packages/airflow/example_dags/tutorial_taskflow_api.py for tasks to queue
[2024-12-22T02:46:18.102+0000] {logging_mixin.py:188} INFO - [2024-12-22T02:46:18.102+0000] {dagbag.py:545} INFO - Filling up the DagBag from /home/airflow/.local/lib/python3.12/site-packages/airflow/example_dags/tutorial_taskflow_api.py
[2024-12-22T02:46:18.107+0000] {processor.py:840} INFO - DAG(s) 'tutorial_taskflow_api' retrieved from /home/airflow/.local/lib/python3.12/site-packages/airflow/example_dags/tutorial_taskflow_api.py
[2024-12-22T02:46:18.123+0000] {logging_mixin.py:188} INFO - [2024-12-22T02:46:18.123+0000] {dag.py:3089} INFO - Sync 1 DAGs
[2024-12-22T02:46:18.132+0000] {logging_mixin.py:188} INFO - [2024-12-22T02:46:18.132+0000] {dag.py:3947} INFO - Setting next_dagrun for tutorial_taskflow_api to None, run_after=None
[2024-12-22T02:46:18.148+0000] {processor.py:183} INFO - Processing /home/airflow/.local/lib/python3.12/site-packages/airflow/example_dags/tutorial_taskflow_api.py took 0.053 seconds
[2024-12-22T02:46:48.572+0000] {processor.py:161} INFO - Started process (PID=32475) to work on /home/airflow/.local/lib/python3.12/site-packages/airflow/example_dags/tutorial_taskflow_api.py
[2024-12-22T02:46:48.573+0000] {processor.py:830} INFO - Processing file /home/airflow/.local/lib/python3.12/site-packages/airflow/example_dags/tutorial_taskflow_api.py for tasks to queue
[2024-12-22T02:46:48.574+0000] {logging_mixin.py:188} INFO - [2024-12-22T02:46:48.574+0000] {dagbag.py:545} INFO - Filling up the DagBag from /home/airflow/.local/lib/python3.12/site-packages/airflow/example_dags/tutorial_taskflow_api.py
[2024-12-22T02:46:48.578+0000] {processor.py:840} INFO - DAG(s) 'tutorial_taskflow_api' retrieved from /home/airflow/.local/lib/python3.12/site-packages/airflow/example_dags/tutorial_taskflow_api.py
[2024-12-22T02:46:48.592+0000] {logging_mixin.py:188} INFO - [2024-12-22T02:46:48.592+0000] {dag.py:3089} INFO - Sync 1 DAGs
[2024-12-22T02:46:48.599+0000] {logging_mixin.py:188} INFO - [2024-12-22T02:46:48.599+0000] {dag.py:3947} INFO - Setting next_dagrun for tutorial_taskflow_api to None, run_after=None
[2024-12-22T02:46:48.612+0000] {processor.py:183} INFO - Processing /home/airflow/.local/lib/python3.12/site-packages/airflow/example_dags/tutorial_taskflow_api.py took 0.043 seconds
[2024-12-22T02:47:20.918+0000] {processor.py:161} INFO - Started process (PID=32752) to work on /home/airflow/.local/lib/python3.12/site-packages/airflow/example_dags/tutorial_taskflow_api.py
[2024-12-22T02:47:20.919+0000] {processor.py:830} INFO - Processing file /home/airflow/.local/lib/python3.12/site-packages/airflow/example_dags/tutorial_taskflow_api.py for tasks to queue
[2024-12-22T02:47:20.920+0000] {logging_mixin.py:188} INFO - [2024-12-22T02:47:20.920+0000] {dagbag.py:545} INFO - Filling up the DagBag from /home/airflow/.local/lib/python3.12/site-packages/airflow/example_dags/tutorial_taskflow_api.py
[2024-12-22T02:47:20.924+0000] {processor.py:840} INFO - DAG(s) 'tutorial_taskflow_api' retrieved from /home/airflow/.local/lib/python3.12/site-packages/airflow/example_dags/tutorial_taskflow_api.py
[2024-12-22T02:47:20.938+0000] {logging_mixin.py:188} INFO - [2024-12-22T02:47:20.938+0000] {dag.py:3089} INFO - Sync 1 DAGs
[2024-12-22T02:47:20.946+0000] {logging_mixin.py:188} INFO - [2024-12-22T02:47:20.946+0000] {dag.py:3947} INFO - Setting next_dagrun for tutorial_taskflow_api to None, run_after=None
[2024-12-22T02:47:20.957+0000] {processor.py:183} INFO - Processing /home/airflow/.local/lib/python3.12/site-packages/airflow/example_dags/tutorial_taskflow_api.py took 0.044 seconds
[2024-12-22T02:47:53.369+0000] {processor.py:161} INFO - Started process (PID=33027) to work on /home/airflow/.local/lib/python3.12/site-packages/airflow/example_dags/tutorial_taskflow_api.py
[2024-12-22T02:47:53.369+0000] {processor.py:830} INFO - Processing file /home/airflow/.local/lib/python3.12/site-packages/airflow/example_dags/tutorial_taskflow_api.py for tasks to queue
[2024-12-22T02:47:53.371+0000] {logging_mixin.py:188} INFO - [2024-12-22T02:47:53.370+0000] {dagbag.py:545} INFO - Filling up the DagBag from /home/airflow/.local/lib/python3.12/site-packages/airflow/example_dags/tutorial_taskflow_api.py
[2024-12-22T02:47:53.376+0000] {processor.py:840} INFO - DAG(s) 'tutorial_taskflow_api' retrieved from /home/airflow/.local/lib/python3.12/site-packages/airflow/example_dags/tutorial_taskflow_api.py
[2024-12-22T02:47:53.392+0000] {logging_mixin.py:188} INFO - [2024-12-22T02:47:53.392+0000] {dag.py:3089} INFO - Sync 1 DAGs
[2024-12-22T02:47:53.401+0000] {logging_mixin.py:188} INFO - [2024-12-22T02:47:53.400+0000] {dag.py:3947} INFO - Setting next_dagrun for tutorial_taskflow_api to None, run_after=None
[2024-12-22T02:47:53.412+0000] {processor.py:183} INFO - Processing /home/airflow/.local/lib/python3.12/site-packages/airflow/example_dags/tutorial_taskflow_api.py took 0.047 seconds
[2024-12-22T02:48:26.178+0000] {processor.py:161} INFO - Started process (PID=33306) to work on /home/airflow/.local/lib/python3.12/site-packages/airflow/example_dags/tutorial_taskflow_api.py
[2024-12-22T02:48:26.178+0000] {processor.py:830} INFO - Processing file /home/airflow/.local/lib/python3.12/site-packages/airflow/example_dags/tutorial_taskflow_api.py for tasks to queue
[2024-12-22T02:48:26.180+0000] {logging_mixin.py:188} INFO - [2024-12-22T02:48:26.180+0000] {dagbag.py:545} INFO - Filling up the DagBag from /home/airflow/.local/lib/python3.12/site-packages/airflow/example_dags/tutorial_taskflow_api.py
[2024-12-22T02:48:26.184+0000] {processor.py:840} INFO - DAG(s) 'tutorial_taskflow_api' retrieved from /home/airflow/.local/lib/python3.12/site-packages/airflow/example_dags/tutorial_taskflow_api.py
[2024-12-22T02:48:26.197+0000] {logging_mixin.py:188} INFO - [2024-12-22T02:48:26.197+0000] {dag.py:3089} INFO - Sync 1 DAGs
[2024-12-22T02:48:26.205+0000] {logging_mixin.py:188} INFO - [2024-12-22T02:48:26.205+0000] {dag.py:3947} INFO - Setting next_dagrun for tutorial_taskflow_api to None, run_after=None
[2024-12-22T02:48:26.217+0000] {processor.py:183} INFO - Processing /home/airflow/.local/lib/python3.12/site-packages/airflow/example_dags/tutorial_taskflow_api.py took 0.043 seconds
[2024-12-22T02:48:58.923+0000] {processor.py:161} INFO - Started process (PID=33581) to work on /home/airflow/.local/lib/python3.12/site-packages/airflow/example_dags/tutorial_taskflow_api.py
[2024-12-22T02:48:58.924+0000] {processor.py:830} INFO - Processing file /home/airflow/.local/lib/python3.12/site-packages/airflow/example_dags/tutorial_taskflow_api.py for tasks to queue
[2024-12-22T02:48:58.925+0000] {logging_mixin.py:188} INFO - [2024-12-22T02:48:58.925+0000] {dagbag.py:545} INFO - Filling up the DagBag from /home/airflow/.local/lib/python3.12/site-packages/airflow/example_dags/tutorial_taskflow_api.py
[2024-12-22T02:48:58.930+0000] {processor.py:840} INFO - DAG(s) 'tutorial_taskflow_api' retrieved from /home/airflow/.local/lib/python3.12/site-packages/airflow/example_dags/tutorial_taskflow_api.py
[2024-12-22T02:48:58.946+0000] {logging_mixin.py:188} INFO - [2024-12-22T02:48:58.946+0000] {dag.py:3089} INFO - Sync 1 DAGs
[2024-12-22T02:48:58.955+0000] {logging_mixin.py:188} INFO - [2024-12-22T02:48:58.955+0000] {dag.py:3947} INFO - Setting next_dagrun for tutorial_taskflow_api to None, run_after=None
[2024-12-22T02:48:58.970+0000] {processor.py:183} INFO - Processing /home/airflow/.local/lib/python3.12/site-packages/airflow/example_dags/tutorial_taskflow_api.py took 0.051 seconds
[2024-12-22T02:49:30.382+0000] {processor.py:161} INFO - Started process (PID=33860) to work on /home/airflow/.local/lib/python3.12/site-packages/airflow/example_dags/tutorial_taskflow_api.py
[2024-12-22T02:49:30.384+0000] {processor.py:830} INFO - Processing file /home/airflow/.local/lib/python3.12/site-packages/airflow/example_dags/tutorial_taskflow_api.py for tasks to queue
[2024-12-22T02:49:30.386+0000] {logging_mixin.py:188} INFO - [2024-12-22T02:49:30.386+0000] {dagbag.py:545} INFO - Filling up the DagBag from /home/airflow/.local/lib/python3.12/site-packages/airflow/example_dags/tutorial_taskflow_api.py
[2024-12-22T02:49:30.392+0000] {processor.py:840} INFO - DAG(s) 'tutorial_taskflow_api' retrieved from /home/airflow/.local/lib/python3.12/site-packages/airflow/example_dags/tutorial_taskflow_api.py
[2024-12-22T02:49:30.410+0000] {logging_mixin.py:188} INFO - [2024-12-22T02:49:30.410+0000] {dag.py:3089} INFO - Sync 1 DAGs
[2024-12-22T02:49:30.418+0000] {logging_mixin.py:188} INFO - [2024-12-22T02:49:30.418+0000] {dag.py:3947} INFO - Setting next_dagrun for tutorial_taskflow_api to None, run_after=None
[2024-12-22T02:49:30.432+0000] {processor.py:183} INFO - Processing /home/airflow/.local/lib/python3.12/site-packages/airflow/example_dags/tutorial_taskflow_api.py took 0.056 seconds
[2024-12-22T02:50:01.362+0000] {processor.py:161} INFO - Started process (PID=34136) to work on /home/airflow/.local/lib/python3.12/site-packages/airflow/example_dags/tutorial_taskflow_api.py
[2024-12-22T02:50:01.363+0000] {processor.py:830} INFO - Processing file /home/airflow/.local/lib/python3.12/site-packages/airflow/example_dags/tutorial_taskflow_api.py for tasks to queue
[2024-12-22T02:50:01.364+0000] {logging_mixin.py:188} INFO - [2024-12-22T02:50:01.364+0000] {dagbag.py:545} INFO - Filling up the DagBag from /home/airflow/.local/lib/python3.12/site-packages/airflow/example_dags/tutorial_taskflow_api.py
[2024-12-22T02:50:01.369+0000] {processor.py:840} INFO - DAG(s) 'tutorial_taskflow_api' retrieved from /home/airflow/.local/lib/python3.12/site-packages/airflow/example_dags/tutorial_taskflow_api.py
[2024-12-22T02:50:01.388+0000] {logging_mixin.py:188} INFO - [2024-12-22T02:50:01.388+0000] {dag.py:3089} INFO - Sync 1 DAGs
[2024-12-22T02:50:01.400+0000] {logging_mixin.py:188} INFO - [2024-12-22T02:50:01.399+0000] {dag.py:3947} INFO - Setting next_dagrun for tutorial_taskflow_api to None, run_after=None
[2024-12-22T02:50:01.415+0000] {processor.py:183} INFO - Processing /home/airflow/.local/lib/python3.12/site-packages/airflow/example_dags/tutorial_taskflow_api.py took 0.057 seconds
[2024-12-22T02:50:31.608+0000] {processor.py:161} INFO - Started process (PID=34412) to work on /home/airflow/.local/lib/python3.12/site-packages/airflow/example_dags/tutorial_taskflow_api.py
[2024-12-22T02:50:31.609+0000] {processor.py:830} INFO - Processing file /home/airflow/.local/lib/python3.12/site-packages/airflow/example_dags/tutorial_taskflow_api.py for tasks to queue
[2024-12-22T02:50:31.610+0000] {logging_mixin.py:188} INFO - [2024-12-22T02:50:31.610+0000] {dagbag.py:545} INFO - Filling up the DagBag from /home/airflow/.local/lib/python3.12/site-packages/airflow/example_dags/tutorial_taskflow_api.py
[2024-12-22T02:50:31.615+0000] {processor.py:840} INFO - DAG(s) 'tutorial_taskflow_api' retrieved from /home/airflow/.local/lib/python3.12/site-packages/airflow/example_dags/tutorial_taskflow_api.py
[2024-12-22T02:50:31.627+0000] {logging_mixin.py:188} INFO - [2024-12-22T02:50:31.627+0000] {dag.py:3089} INFO - Sync 1 DAGs
[2024-12-22T02:50:31.634+0000] {logging_mixin.py:188} INFO - [2024-12-22T02:50:31.634+0000] {dag.py:3947} INFO - Setting next_dagrun for tutorial_taskflow_api to None, run_after=None
[2024-12-22T02:50:31.645+0000] {processor.py:183} INFO - Processing /home/airflow/.local/lib/python3.12/site-packages/airflow/example_dags/tutorial_taskflow_api.py took 0.041 seconds
[2024-12-22T02:51:02.228+0000] {processor.py:161} INFO - Started process (PID=34691) to work on /home/airflow/.local/lib/python3.12/site-packages/airflow/example_dags/tutorial_taskflow_api.py
[2024-12-22T02:51:02.228+0000] {processor.py:830} INFO - Processing file /home/airflow/.local/lib/python3.12/site-packages/airflow/example_dags/tutorial_taskflow_api.py for tasks to queue
[2024-12-22T02:51:02.230+0000] {logging_mixin.py:188} INFO - [2024-12-22T02:51:02.229+0000] {dagbag.py:545} INFO - Filling up the DagBag from /home/airflow/.local/lib/python3.12/site-packages/airflow/example_dags/tutorial_taskflow_api.py
[2024-12-22T02:51:02.234+0000] {processor.py:840} INFO - DAG(s) 'tutorial_taskflow_api' retrieved from /home/airflow/.local/lib/python3.12/site-packages/airflow/example_dags/tutorial_taskflow_api.py
[2024-12-22T02:51:02.246+0000] {logging_mixin.py:188} INFO - [2024-12-22T02:51:02.246+0000] {dag.py:3089} INFO - Sync 1 DAGs
[2024-12-22T02:51:02.252+0000] {logging_mixin.py:188} INFO - [2024-12-22T02:51:02.252+0000] {dag.py:3947} INFO - Setting next_dagrun for tutorial_taskflow_api to None, run_after=None
[2024-12-22T02:51:02.266+0000] {processor.py:183} INFO - Processing /home/airflow/.local/lib/python3.12/site-packages/airflow/example_dags/tutorial_taskflow_api.py took 0.042 seconds
[2024-12-22T02:51:35.033+0000] {processor.py:161} INFO - Started process (PID=34968) to work on /home/airflow/.local/lib/python3.12/site-packages/airflow/example_dags/tutorial_taskflow_api.py
[2024-12-22T02:51:35.034+0000] {processor.py:830} INFO - Processing file /home/airflow/.local/lib/python3.12/site-packages/airflow/example_dags/tutorial_taskflow_api.py for tasks to queue
[2024-12-22T02:51:35.036+0000] {logging_mixin.py:188} INFO - [2024-12-22T02:51:35.035+0000] {dagbag.py:545} INFO - Filling up the DagBag from /home/airflow/.local/lib/python3.12/site-packages/airflow/example_dags/tutorial_taskflow_api.py
[2024-12-22T02:51:35.041+0000] {processor.py:840} INFO - DAG(s) 'tutorial_taskflow_api' retrieved from /home/airflow/.local/lib/python3.12/site-packages/airflow/example_dags/tutorial_taskflow_api.py
[2024-12-22T02:51:35.062+0000] {logging_mixin.py:188} INFO - [2024-12-22T02:51:35.062+0000] {dag.py:3089} INFO - Sync 1 DAGs
[2024-12-22T02:51:35.070+0000] {logging_mixin.py:188} INFO - [2024-12-22T02:51:35.070+0000] {dag.py:3947} INFO - Setting next_dagrun for tutorial_taskflow_api to None, run_after=None
[2024-12-22T02:51:35.083+0000] {processor.py:183} INFO - Processing /home/airflow/.local/lib/python3.12/site-packages/airflow/example_dags/tutorial_taskflow_api.py took 0.055 seconds
[2024-12-22T02:52:08.186+0000] {processor.py:161} INFO - Started process (PID=35245) to work on /home/airflow/.local/lib/python3.12/site-packages/airflow/example_dags/tutorial_taskflow_api.py
[2024-12-22T02:52:08.187+0000] {processor.py:830} INFO - Processing file /home/airflow/.local/lib/python3.12/site-packages/airflow/example_dags/tutorial_taskflow_api.py for tasks to queue
[2024-12-22T02:52:08.188+0000] {logging_mixin.py:188} INFO - [2024-12-22T02:52:08.188+0000] {dagbag.py:545} INFO - Filling up the DagBag from /home/airflow/.local/lib/python3.12/site-packages/airflow/example_dags/tutorial_taskflow_api.py
[2024-12-22T02:52:08.193+0000] {processor.py:840} INFO - DAG(s) 'tutorial_taskflow_api' retrieved from /home/airflow/.local/lib/python3.12/site-packages/airflow/example_dags/tutorial_taskflow_api.py
[2024-12-22T02:52:08.208+0000] {logging_mixin.py:188} INFO - [2024-12-22T02:52:08.208+0000] {dag.py:3089} INFO - Sync 1 DAGs
[2024-12-22T02:52:08.215+0000] {logging_mixin.py:188} INFO - [2024-12-22T02:52:08.215+0000] {dag.py:3947} INFO - Setting next_dagrun for tutorial_taskflow_api to None, run_after=None
[2024-12-22T02:52:08.226+0000] {processor.py:183} INFO - Processing /home/airflow/.local/lib/python3.12/site-packages/airflow/example_dags/tutorial_taskflow_api.py took 0.044 seconds
[2024-12-22T02:52:41.479+0000] {processor.py:161} INFO - Started process (PID=35520) to work on /home/airflow/.local/lib/python3.12/site-packages/airflow/example_dags/tutorial_taskflow_api.py
[2024-12-22T02:52:41.480+0000] {processor.py:830} INFO - Processing file /home/airflow/.local/lib/python3.12/site-packages/airflow/example_dags/tutorial_taskflow_api.py for tasks to queue
[2024-12-22T02:52:41.482+0000] {logging_mixin.py:188} INFO - [2024-12-22T02:52:41.482+0000] {dagbag.py:545} INFO - Filling up the DagBag from /home/airflow/.local/lib/python3.12/site-packages/airflow/example_dags/tutorial_taskflow_api.py
[2024-12-22T02:52:41.487+0000] {processor.py:840} INFO - DAG(s) 'tutorial_taskflow_api' retrieved from /home/airflow/.local/lib/python3.12/site-packages/airflow/example_dags/tutorial_taskflow_api.py
[2024-12-22T02:52:41.504+0000] {logging_mixin.py:188} INFO - [2024-12-22T02:52:41.504+0000] {dag.py:3089} INFO - Sync 1 DAGs
[2024-12-22T02:52:41.513+0000] {logging_mixin.py:188} INFO - [2024-12-22T02:52:41.512+0000] {dag.py:3947} INFO - Setting next_dagrun for tutorial_taskflow_api to None, run_after=None
[2024-12-22T02:52:41.526+0000] {processor.py:183} INFO - Processing /home/airflow/.local/lib/python3.12/site-packages/airflow/example_dags/tutorial_taskflow_api.py took 0.051 seconds
[2024-12-22T02:53:12.630+0000] {processor.py:161} INFO - Started process (PID=35797) to work on /home/airflow/.local/lib/python3.12/site-packages/airflow/example_dags/tutorial_taskflow_api.py
[2024-12-22T02:53:12.631+0000] {processor.py:830} INFO - Processing file /home/airflow/.local/lib/python3.12/site-packages/airflow/example_dags/tutorial_taskflow_api.py for tasks to queue
[2024-12-22T02:53:12.633+0000] {logging_mixin.py:188} INFO - [2024-12-22T02:53:12.633+0000] {dagbag.py:545} INFO - Filling up the DagBag from /home/airflow/.local/lib/python3.12/site-packages/airflow/example_dags/tutorial_taskflow_api.py
[2024-12-22T02:53:12.639+0000] {processor.py:840} INFO - DAG(s) 'tutorial_taskflow_api' retrieved from /home/airflow/.local/lib/python3.12/site-packages/airflow/example_dags/tutorial_taskflow_api.py
[2024-12-22T02:53:12.655+0000] {logging_mixin.py:188} INFO - [2024-12-22T02:53:12.655+0000] {dag.py:3089} INFO - Sync 1 DAGs
[2024-12-22T02:53:12.666+0000] {logging_mixin.py:188} INFO - [2024-12-22T02:53:12.666+0000] {dag.py:3947} INFO - Setting next_dagrun for tutorial_taskflow_api to None, run_after=None
[2024-12-22T02:53:12.811+0000] {processor.py:183} INFO - Processing /home/airflow/.local/lib/python3.12/site-packages/airflow/example_dags/tutorial_taskflow_api.py took 0.185 seconds
[2024-12-22T02:53:43.675+0000] {processor.py:161} INFO - Started process (PID=36076) to work on /home/airflow/.local/lib/python3.12/site-packages/airflow/example_dags/tutorial_taskflow_api.py
[2024-12-22T02:53:43.676+0000] {processor.py:830} INFO - Processing file /home/airflow/.local/lib/python3.12/site-packages/airflow/example_dags/tutorial_taskflow_api.py for tasks to queue
[2024-12-22T02:53:43.677+0000] {logging_mixin.py:188} INFO - [2024-12-22T02:53:43.677+0000] {dagbag.py:545} INFO - Filling up the DagBag from /home/airflow/.local/lib/python3.12/site-packages/airflow/example_dags/tutorial_taskflow_api.py
[2024-12-22T02:53:43.682+0000] {processor.py:840} INFO - DAG(s) 'tutorial_taskflow_api' retrieved from /home/airflow/.local/lib/python3.12/site-packages/airflow/example_dags/tutorial_taskflow_api.py
[2024-12-22T02:53:43.697+0000] {logging_mixin.py:188} INFO - [2024-12-22T02:53:43.697+0000] {dag.py:3089} INFO - Sync 1 DAGs
[2024-12-22T02:53:43.704+0000] {logging_mixin.py:188} INFO - [2024-12-22T02:53:43.704+0000] {dag.py:3947} INFO - Setting next_dagrun for tutorial_taskflow_api to None, run_after=None
[2024-12-22T02:53:43.716+0000] {processor.py:183} INFO - Processing /home/airflow/.local/lib/python3.12/site-packages/airflow/example_dags/tutorial_taskflow_api.py took 0.046 seconds
[2024-12-22T02:54:14.733+0000] {processor.py:161} INFO - Started process (PID=36351) to work on /home/airflow/.local/lib/python3.12/site-packages/airflow/example_dags/tutorial_taskflow_api.py
[2024-12-22T02:54:14.733+0000] {processor.py:830} INFO - Processing file /home/airflow/.local/lib/python3.12/site-packages/airflow/example_dags/tutorial_taskflow_api.py for tasks to queue
[2024-12-22T02:54:14.735+0000] {logging_mixin.py:188} INFO - [2024-12-22T02:54:14.735+0000] {dagbag.py:545} INFO - Filling up the DagBag from /home/airflow/.local/lib/python3.12/site-packages/airflow/example_dags/tutorial_taskflow_api.py
[2024-12-22T02:54:14.739+0000] {processor.py:840} INFO - DAG(s) 'tutorial_taskflow_api' retrieved from /home/airflow/.local/lib/python3.12/site-packages/airflow/example_dags/tutorial_taskflow_api.py
[2024-12-22T02:54:14.753+0000] {logging_mixin.py:188} INFO - [2024-12-22T02:54:14.753+0000] {dag.py:3089} INFO - Sync 1 DAGs
[2024-12-22T02:54:14.761+0000] {logging_mixin.py:188} INFO - [2024-12-22T02:54:14.761+0000] {dag.py:3947} INFO - Setting next_dagrun for tutorial_taskflow_api to None, run_after=None
[2024-12-22T02:54:14.773+0000] {processor.py:183} INFO - Processing /home/airflow/.local/lib/python3.12/site-packages/airflow/example_dags/tutorial_taskflow_api.py took 0.046 seconds
[2024-12-22T02:54:44.915+0000] {processor.py:161} INFO - Started process (PID=36628) to work on /home/airflow/.local/lib/python3.12/site-packages/airflow/example_dags/tutorial_taskflow_api.py
[2024-12-22T02:54:44.915+0000] {processor.py:830} INFO - Processing file /home/airflow/.local/lib/python3.12/site-packages/airflow/example_dags/tutorial_taskflow_api.py for tasks to queue
[2024-12-22T02:54:44.916+0000] {logging_mixin.py:188} INFO - [2024-12-22T02:54:44.916+0000] {dagbag.py:545} INFO - Filling up the DagBag from /home/airflow/.local/lib/python3.12/site-packages/airflow/example_dags/tutorial_taskflow_api.py
[2024-12-22T02:54:44.920+0000] {processor.py:840} INFO - DAG(s) 'tutorial_taskflow_api' retrieved from /home/airflow/.local/lib/python3.12/site-packages/airflow/example_dags/tutorial_taskflow_api.py
[2024-12-22T02:54:44.935+0000] {logging_mixin.py:188} INFO - [2024-12-22T02:54:44.935+0000] {dag.py:3089} INFO - Sync 1 DAGs
[2024-12-22T02:54:44.941+0000] {logging_mixin.py:188} INFO - [2024-12-22T02:54:44.941+0000] {dag.py:3947} INFO - Setting next_dagrun for tutorial_taskflow_api to None, run_after=None
[2024-12-22T02:54:44.953+0000] {processor.py:183} INFO - Processing /home/airflow/.local/lib/python3.12/site-packages/airflow/example_dags/tutorial_taskflow_api.py took 0.043 seconds
[2024-12-22T02:55:17.978+0000] {processor.py:161} INFO - Started process (PID=36905) to work on /home/airflow/.local/lib/python3.12/site-packages/airflow/example_dags/tutorial_taskflow_api.py
[2024-12-22T02:55:17.979+0000] {processor.py:830} INFO - Processing file /home/airflow/.local/lib/python3.12/site-packages/airflow/example_dags/tutorial_taskflow_api.py for tasks to queue
[2024-12-22T02:55:17.980+0000] {logging_mixin.py:188} INFO - [2024-12-22T02:55:17.980+0000] {dagbag.py:545} INFO - Filling up the DagBag from /home/airflow/.local/lib/python3.12/site-packages/airflow/example_dags/tutorial_taskflow_api.py
[2024-12-22T02:55:17.985+0000] {processor.py:840} INFO - DAG(s) 'tutorial_taskflow_api' retrieved from /home/airflow/.local/lib/python3.12/site-packages/airflow/example_dags/tutorial_taskflow_api.py
[2024-12-22T02:55:18.000+0000] {logging_mixin.py:188} INFO - [2024-12-22T02:55:18.000+0000] {dag.py:3089} INFO - Sync 1 DAGs
[2024-12-22T02:55:18.011+0000] {logging_mixin.py:188} INFO - [2024-12-22T02:55:18.011+0000] {dag.py:3947} INFO - Setting next_dagrun for tutorial_taskflow_api to None, run_after=None
[2024-12-22T02:55:18.024+0000] {processor.py:183} INFO - Processing /home/airflow/.local/lib/python3.12/site-packages/airflow/example_dags/tutorial_taskflow_api.py took 0.051 seconds
[2024-12-22T02:55:49.775+0000] {processor.py:161} INFO - Started process (PID=37177) to work on /home/airflow/.local/lib/python3.12/site-packages/airflow/example_dags/tutorial_taskflow_api.py
[2024-12-22T02:55:49.776+0000] {processor.py:830} INFO - Processing file /home/airflow/.local/lib/python3.12/site-packages/airflow/example_dags/tutorial_taskflow_api.py for tasks to queue
[2024-12-22T02:55:49.777+0000] {logging_mixin.py:188} INFO - [2024-12-22T02:55:49.777+0000] {dagbag.py:545} INFO - Filling up the DagBag from /home/airflow/.local/lib/python3.12/site-packages/airflow/example_dags/tutorial_taskflow_api.py
[2024-12-22T02:55:49.782+0000] {processor.py:840} INFO - DAG(s) 'tutorial_taskflow_api' retrieved from /home/airflow/.local/lib/python3.12/site-packages/airflow/example_dags/tutorial_taskflow_api.py
[2024-12-22T02:55:49.797+0000] {logging_mixin.py:188} INFO - [2024-12-22T02:55:49.796+0000] {dag.py:3089} INFO - Sync 1 DAGs
[2024-12-22T02:55:49.805+0000] {logging_mixin.py:188} INFO - [2024-12-22T02:55:49.805+0000] {dag.py:3947} INFO - Setting next_dagrun for tutorial_taskflow_api to None, run_after=None
[2024-12-22T02:55:49.817+0000] {processor.py:183} INFO - Processing /home/airflow/.local/lib/python3.12/site-packages/airflow/example_dags/tutorial_taskflow_api.py took 0.046 seconds
[2024-12-22T02:56:20.726+0000] {processor.py:161} INFO - Started process (PID=37461) to work on /home/airflow/.local/lib/python3.12/site-packages/airflow/example_dags/tutorial_taskflow_api.py
[2024-12-22T02:56:20.727+0000] {processor.py:830} INFO - Processing file /home/airflow/.local/lib/python3.12/site-packages/airflow/example_dags/tutorial_taskflow_api.py for tasks to queue
[2024-12-22T02:56:20.729+0000] {logging_mixin.py:188} INFO - [2024-12-22T02:56:20.729+0000] {dagbag.py:545} INFO - Filling up the DagBag from /home/airflow/.local/lib/python3.12/site-packages/airflow/example_dags/tutorial_taskflow_api.py
[2024-12-22T02:56:20.735+0000] {processor.py:840} INFO - DAG(s) 'tutorial_taskflow_api' retrieved from /home/airflow/.local/lib/python3.12/site-packages/airflow/example_dags/tutorial_taskflow_api.py
[2024-12-22T02:56:20.753+0000] {logging_mixin.py:188} INFO - [2024-12-22T02:56:20.753+0000] {dag.py:3089} INFO - Sync 1 DAGs
[2024-12-22T02:56:20.762+0000] {logging_mixin.py:188} INFO - [2024-12-22T02:56:20.762+0000] {dag.py:3947} INFO - Setting next_dagrun for tutorial_taskflow_api to None, run_after=None
[2024-12-22T02:56:20.774+0000] {processor.py:183} INFO - Processing /home/airflow/.local/lib/python3.12/site-packages/airflow/example_dags/tutorial_taskflow_api.py took 0.054 seconds
[2024-12-22T02:56:51.509+0000] {processor.py:161} INFO - Started process (PID=37738) to work on /home/airflow/.local/lib/python3.12/site-packages/airflow/example_dags/tutorial_taskflow_api.py
[2024-12-22T02:56:51.510+0000] {processor.py:830} INFO - Processing file /home/airflow/.local/lib/python3.12/site-packages/airflow/example_dags/tutorial_taskflow_api.py for tasks to queue
[2024-12-22T02:56:51.512+0000] {logging_mixin.py:188} INFO - [2024-12-22T02:56:51.511+0000] {dagbag.py:545} INFO - Filling up the DagBag from /home/airflow/.local/lib/python3.12/site-packages/airflow/example_dags/tutorial_taskflow_api.py
[2024-12-22T02:56:51.518+0000] {processor.py:840} INFO - DAG(s) 'tutorial_taskflow_api' retrieved from /home/airflow/.local/lib/python3.12/site-packages/airflow/example_dags/tutorial_taskflow_api.py
[2024-12-22T02:56:51.536+0000] {logging_mixin.py:188} INFO - [2024-12-22T02:56:51.536+0000] {dag.py:3089} INFO - Sync 1 DAGs
[2024-12-22T02:56:51.545+0000] {logging_mixin.py:188} INFO - [2024-12-22T02:56:51.545+0000] {dag.py:3947} INFO - Setting next_dagrun for tutorial_taskflow_api to None, run_after=None
[2024-12-22T02:56:51.559+0000] {processor.py:183} INFO - Processing /home/airflow/.local/lib/python3.12/site-packages/airflow/example_dags/tutorial_taskflow_api.py took 0.055 seconds
[2024-12-22T02:57:22.076+0000] {processor.py:161} INFO - Started process (PID=38016) to work on /home/airflow/.local/lib/python3.12/site-packages/airflow/example_dags/tutorial_taskflow_api.py
[2024-12-22T02:57:22.077+0000] {processor.py:830} INFO - Processing file /home/airflow/.local/lib/python3.12/site-packages/airflow/example_dags/tutorial_taskflow_api.py for tasks to queue
[2024-12-22T02:57:22.079+0000] {logging_mixin.py:188} INFO - [2024-12-22T02:57:22.079+0000] {dagbag.py:545} INFO - Filling up the DagBag from /home/airflow/.local/lib/python3.12/site-packages/airflow/example_dags/tutorial_taskflow_api.py
[2024-12-22T02:57:22.084+0000] {processor.py:840} INFO - DAG(s) 'tutorial_taskflow_api' retrieved from /home/airflow/.local/lib/python3.12/site-packages/airflow/example_dags/tutorial_taskflow_api.py
[2024-12-22T02:57:22.100+0000] {logging_mixin.py:188} INFO - [2024-12-22T02:57:22.100+0000] {dag.py:3089} INFO - Sync 1 DAGs
[2024-12-22T02:57:22.109+0000] {logging_mixin.py:188} INFO - [2024-12-22T02:57:22.108+0000] {dag.py:3947} INFO - Setting next_dagrun for tutorial_taskflow_api to None, run_after=None
[2024-12-22T02:57:22.122+0000] {processor.py:183} INFO - Processing /home/airflow/.local/lib/python3.12/site-packages/airflow/example_dags/tutorial_taskflow_api.py took 0.050 seconds
[2024-12-22T02:57:52.999+0000] {processor.py:161} INFO - Started process (PID=38293) to work on /home/airflow/.local/lib/python3.12/site-packages/airflow/example_dags/tutorial_taskflow_api.py
[2024-12-22T02:57:53.000+0000] {processor.py:830} INFO - Processing file /home/airflow/.local/lib/python3.12/site-packages/airflow/example_dags/tutorial_taskflow_api.py for tasks to queue
[2024-12-22T02:57:53.002+0000] {logging_mixin.py:188} INFO - [2024-12-22T02:57:53.001+0000] {dagbag.py:545} INFO - Filling up the DagBag from /home/airflow/.local/lib/python3.12/site-packages/airflow/example_dags/tutorial_taskflow_api.py
[2024-12-22T02:57:53.007+0000] {processor.py:840} INFO - DAG(s) 'tutorial_taskflow_api' retrieved from /home/airflow/.local/lib/python3.12/site-packages/airflow/example_dags/tutorial_taskflow_api.py
[2024-12-22T02:57:53.024+0000] {logging_mixin.py:188} INFO - [2024-12-22T02:57:53.023+0000] {dag.py:3089} INFO - Sync 1 DAGs
[2024-12-22T02:57:53.032+0000] {logging_mixin.py:188} INFO - [2024-12-22T02:57:53.031+0000] {dag.py:3947} INFO - Setting next_dagrun for tutorial_taskflow_api to None, run_after=None
[2024-12-22T02:57:53.044+0000] {processor.py:183} INFO - Processing /home/airflow/.local/lib/python3.12/site-packages/airflow/example_dags/tutorial_taskflow_api.py took 0.049 seconds
[2024-12-22T02:58:25.442+0000] {processor.py:161} INFO - Started process (PID=38571) to work on /home/airflow/.local/lib/python3.12/site-packages/airflow/example_dags/tutorial_taskflow_api.py
[2024-12-22T02:58:25.443+0000] {processor.py:830} INFO - Processing file /home/airflow/.local/lib/python3.12/site-packages/airflow/example_dags/tutorial_taskflow_api.py for tasks to queue
[2024-12-22T02:58:25.444+0000] {logging_mixin.py:188} INFO - [2024-12-22T02:58:25.444+0000] {dagbag.py:545} INFO - Filling up the DagBag from /home/airflow/.local/lib/python3.12/site-packages/airflow/example_dags/tutorial_taskflow_api.py
[2024-12-22T02:58:25.449+0000] {processor.py:840} INFO - DAG(s) 'tutorial_taskflow_api' retrieved from /home/airflow/.local/lib/python3.12/site-packages/airflow/example_dags/tutorial_taskflow_api.py
[2024-12-22T02:58:25.479+0000] {logging_mixin.py:188} INFO - [2024-12-22T02:58:25.479+0000] {dag.py:3089} INFO - Sync 1 DAGs
[2024-12-22T02:58:25.488+0000] {logging_mixin.py:188} INFO - [2024-12-22T02:58:25.488+0000] {dag.py:3947} INFO - Setting next_dagrun for tutorial_taskflow_api to None, run_after=None
[2024-12-22T02:58:25.503+0000] {processor.py:183} INFO - Processing /home/airflow/.local/lib/python3.12/site-packages/airflow/example_dags/tutorial_taskflow_api.py took 0.065 seconds
[2024-12-22T02:58:57.819+0000] {processor.py:161} INFO - Started process (PID=38848) to work on /home/airflow/.local/lib/python3.12/site-packages/airflow/example_dags/tutorial_taskflow_api.py
[2024-12-22T02:58:57.820+0000] {processor.py:830} INFO - Processing file /home/airflow/.local/lib/python3.12/site-packages/airflow/example_dags/tutorial_taskflow_api.py for tasks to queue
[2024-12-22T02:58:57.821+0000] {logging_mixin.py:188} INFO - [2024-12-22T02:58:57.821+0000] {dagbag.py:545} INFO - Filling up the DagBag from /home/airflow/.local/lib/python3.12/site-packages/airflow/example_dags/tutorial_taskflow_api.py
[2024-12-22T02:58:57.825+0000] {processor.py:840} INFO - DAG(s) 'tutorial_taskflow_api' retrieved from /home/airflow/.local/lib/python3.12/site-packages/airflow/example_dags/tutorial_taskflow_api.py
[2024-12-22T02:58:57.838+0000] {logging_mixin.py:188} INFO - [2024-12-22T02:58:57.838+0000] {dag.py:3089} INFO - Sync 1 DAGs
[2024-12-22T02:58:57.845+0000] {logging_mixin.py:188} INFO - [2024-12-22T02:58:57.845+0000] {dag.py:3947} INFO - Setting next_dagrun for tutorial_taskflow_api to None, run_after=None
[2024-12-22T02:58:57.855+0000] {processor.py:183} INFO - Processing /home/airflow/.local/lib/python3.12/site-packages/airflow/example_dags/tutorial_taskflow_api.py took 0.040 seconds
[2024-12-22T02:59:30.355+0000] {processor.py:161} INFO - Started process (PID=39125) to work on /home/airflow/.local/lib/python3.12/site-packages/airflow/example_dags/tutorial_taskflow_api.py
[2024-12-22T02:59:30.356+0000] {processor.py:830} INFO - Processing file /home/airflow/.local/lib/python3.12/site-packages/airflow/example_dags/tutorial_taskflow_api.py for tasks to queue
[2024-12-22T02:59:30.357+0000] {logging_mixin.py:188} INFO - [2024-12-22T02:59:30.357+0000] {dagbag.py:545} INFO - Filling up the DagBag from /home/airflow/.local/lib/python3.12/site-packages/airflow/example_dags/tutorial_taskflow_api.py
[2024-12-22T02:59:30.362+0000] {processor.py:840} INFO - DAG(s) 'tutorial_taskflow_api' retrieved from /home/airflow/.local/lib/python3.12/site-packages/airflow/example_dags/tutorial_taskflow_api.py
[2024-12-22T02:59:30.380+0000] {logging_mixin.py:188} INFO - [2024-12-22T02:59:30.380+0000] {dag.py:3089} INFO - Sync 1 DAGs
[2024-12-22T02:59:30.388+0000] {logging_mixin.py:188} INFO - [2024-12-22T02:59:30.388+0000] {dag.py:3947} INFO - Setting next_dagrun for tutorial_taskflow_api to None, run_after=None
[2024-12-22T02:59:30.400+0000] {processor.py:183} INFO - Processing /home/airflow/.local/lib/python3.12/site-packages/airflow/example_dags/tutorial_taskflow_api.py took 0.049 seconds
[2024-12-22T03:00:01.378+0000] {processor.py:161} INFO - Started process (PID=39400) to work on /home/airflow/.local/lib/python3.12/site-packages/airflow/example_dags/tutorial_taskflow_api.py
[2024-12-22T03:00:01.378+0000] {processor.py:830} INFO - Processing file /home/airflow/.local/lib/python3.12/site-packages/airflow/example_dags/tutorial_taskflow_api.py for tasks to queue
[2024-12-22T03:00:01.379+0000] {logging_mixin.py:188} INFO - [2024-12-22T03:00:01.379+0000] {dagbag.py:545} INFO - Filling up the DagBag from /home/airflow/.local/lib/python3.12/site-packages/airflow/example_dags/tutorial_taskflow_api.py
[2024-12-22T03:00:01.384+0000] {processor.py:840} INFO - DAG(s) 'tutorial_taskflow_api' retrieved from /home/airflow/.local/lib/python3.12/site-packages/airflow/example_dags/tutorial_taskflow_api.py
[2024-12-22T03:00:01.398+0000] {logging_mixin.py:188} INFO - [2024-12-22T03:00:01.397+0000] {dag.py:3089} INFO - Sync 1 DAGs
[2024-12-22T03:00:01.405+0000] {logging_mixin.py:188} INFO - [2024-12-22T03:00:01.405+0000] {dag.py:3947} INFO - Setting next_dagrun for tutorial_taskflow_api to None, run_after=None
[2024-12-22T03:00:01.416+0000] {processor.py:183} INFO - Processing /home/airflow/.local/lib/python3.12/site-packages/airflow/example_dags/tutorial_taskflow_api.py took 0.043 seconds
[2024-12-22T03:00:32.218+0000] {processor.py:161} INFO - Started process (PID=39679) to work on /home/airflow/.local/lib/python3.12/site-packages/airflow/example_dags/tutorial_taskflow_api.py
[2024-12-22T03:00:32.220+0000] {processor.py:830} INFO - Processing file /home/airflow/.local/lib/python3.12/site-packages/airflow/example_dags/tutorial_taskflow_api.py for tasks to queue
[2024-12-22T03:00:32.221+0000] {logging_mixin.py:188} INFO - [2024-12-22T03:00:32.221+0000] {dagbag.py:545} INFO - Filling up the DagBag from /home/airflow/.local/lib/python3.12/site-packages/airflow/example_dags/tutorial_taskflow_api.py
[2024-12-22T03:00:32.226+0000] {processor.py:840} INFO - DAG(s) 'tutorial_taskflow_api' retrieved from /home/airflow/.local/lib/python3.12/site-packages/airflow/example_dags/tutorial_taskflow_api.py
[2024-12-22T03:00:32.248+0000] {logging_mixin.py:188} INFO - [2024-12-22T03:00:32.248+0000] {dag.py:3089} INFO - Sync 1 DAGs
[2024-12-22T03:00:32.256+0000] {logging_mixin.py:188} INFO - [2024-12-22T03:00:32.256+0000] {dag.py:3947} INFO - Setting next_dagrun for tutorial_taskflow_api to None, run_after=None
[2024-12-22T03:00:32.268+0000] {processor.py:183} INFO - Processing /home/airflow/.local/lib/python3.12/site-packages/airflow/example_dags/tutorial_taskflow_api.py took 0.055 seconds
[2024-12-22T03:01:02.893+0000] {processor.py:161} INFO - Started process (PID=39955) to work on /home/airflow/.local/lib/python3.12/site-packages/airflow/example_dags/tutorial_taskflow_api.py
[2024-12-22T03:01:02.894+0000] {processor.py:830} INFO - Processing file /home/airflow/.local/lib/python3.12/site-packages/airflow/example_dags/tutorial_taskflow_api.py for tasks to queue
[2024-12-22T03:01:02.895+0000] {logging_mixin.py:188} INFO - [2024-12-22T03:01:02.895+0000] {dagbag.py:545} INFO - Filling up the DagBag from /home/airflow/.local/lib/python3.12/site-packages/airflow/example_dags/tutorial_taskflow_api.py
[2024-12-22T03:01:02.900+0000] {processor.py:840} INFO - DAG(s) 'tutorial_taskflow_api' retrieved from /home/airflow/.local/lib/python3.12/site-packages/airflow/example_dags/tutorial_taskflow_api.py
[2024-12-22T03:01:02.921+0000] {logging_mixin.py:188} INFO - [2024-12-22T03:01:02.920+0000] {dag.py:3089} INFO - Sync 1 DAGs
[2024-12-22T03:01:02.934+0000] {logging_mixin.py:188} INFO - [2024-12-22T03:01:02.934+0000] {dag.py:3947} INFO - Setting next_dagrun for tutorial_taskflow_api to None, run_after=None
[2024-12-22T03:01:02.946+0000] {processor.py:183} INFO - Processing /home/airflow/.local/lib/python3.12/site-packages/airflow/example_dags/tutorial_taskflow_api.py took 0.058 seconds
[2024-12-22T03:01:33.994+0000] {processor.py:161} INFO - Started process (PID=40234) to work on /home/airflow/.local/lib/python3.12/site-packages/airflow/example_dags/tutorial_taskflow_api.py
[2024-12-22T03:01:33.995+0000] {processor.py:830} INFO - Processing file /home/airflow/.local/lib/python3.12/site-packages/airflow/example_dags/tutorial_taskflow_api.py for tasks to queue
[2024-12-22T03:01:33.996+0000] {logging_mixin.py:188} INFO - [2024-12-22T03:01:33.996+0000] {dagbag.py:545} INFO - Filling up the DagBag from /home/airflow/.local/lib/python3.12/site-packages/airflow/example_dags/tutorial_taskflow_api.py
[2024-12-22T03:01:34.001+0000] {processor.py:840} INFO - DAG(s) 'tutorial_taskflow_api' retrieved from /home/airflow/.local/lib/python3.12/site-packages/airflow/example_dags/tutorial_taskflow_api.py
[2024-12-22T03:01:34.017+0000] {logging_mixin.py:188} INFO - [2024-12-22T03:01:34.017+0000] {dag.py:3089} INFO - Sync 1 DAGs
[2024-12-22T03:01:34.025+0000] {logging_mixin.py:188} INFO - [2024-12-22T03:01:34.025+0000] {dag.py:3947} INFO - Setting next_dagrun for tutorial_taskflow_api to None, run_after=None
[2024-12-22T03:01:34.039+0000] {processor.py:183} INFO - Processing /home/airflow/.local/lib/python3.12/site-packages/airflow/example_dags/tutorial_taskflow_api.py took 0.050 seconds
[2024-12-22T03:02:06.407+0000] {processor.py:161} INFO - Started process (PID=40509) to work on /home/airflow/.local/lib/python3.12/site-packages/airflow/example_dags/tutorial_taskflow_api.py
[2024-12-22T03:02:06.408+0000] {processor.py:830} INFO - Processing file /home/airflow/.local/lib/python3.12/site-packages/airflow/example_dags/tutorial_taskflow_api.py for tasks to queue
[2024-12-22T03:02:06.409+0000] {logging_mixin.py:188} INFO - [2024-12-22T03:02:06.409+0000] {dagbag.py:545} INFO - Filling up the DagBag from /home/airflow/.local/lib/python3.12/site-packages/airflow/example_dags/tutorial_taskflow_api.py
[2024-12-22T03:02:06.414+0000] {processor.py:840} INFO - DAG(s) 'tutorial_taskflow_api' retrieved from /home/airflow/.local/lib/python3.12/site-packages/airflow/example_dags/tutorial_taskflow_api.py
[2024-12-22T03:02:06.426+0000] {logging_mixin.py:188} INFO - [2024-12-22T03:02:06.426+0000] {dag.py:3089} INFO - Sync 1 DAGs
[2024-12-22T03:02:06.434+0000] {logging_mixin.py:188} INFO - [2024-12-22T03:02:06.434+0000] {dag.py:3947} INFO - Setting next_dagrun for tutorial_taskflow_api to None, run_after=None
[2024-12-22T03:02:06.444+0000] {processor.py:183} INFO - Processing /home/airflow/.local/lib/python3.12/site-packages/airflow/example_dags/tutorial_taskflow_api.py took 0.041 seconds
[2024-12-22T03:02:38.884+0000] {processor.py:161} INFO - Started process (PID=40786) to work on /home/airflow/.local/lib/python3.12/site-packages/airflow/example_dags/tutorial_taskflow_api.py
[2024-12-22T03:02:38.885+0000] {processor.py:830} INFO - Processing file /home/airflow/.local/lib/python3.12/site-packages/airflow/example_dags/tutorial_taskflow_api.py for tasks to queue
[2024-12-22T03:02:38.886+0000] {logging_mixin.py:188} INFO - [2024-12-22T03:02:38.886+0000] {dagbag.py:545} INFO - Filling up the DagBag from /home/airflow/.local/lib/python3.12/site-packages/airflow/example_dags/tutorial_taskflow_api.py
[2024-12-22T03:02:38.890+0000] {processor.py:840} INFO - DAG(s) 'tutorial_taskflow_api' retrieved from /home/airflow/.local/lib/python3.12/site-packages/airflow/example_dags/tutorial_taskflow_api.py
[2024-12-22T03:02:38.904+0000] {logging_mixin.py:188} INFO - [2024-12-22T03:02:38.904+0000] {dag.py:3089} INFO - Sync 1 DAGs
[2024-12-22T03:02:38.911+0000] {logging_mixin.py:188} INFO - [2024-12-22T03:02:38.911+0000] {dag.py:3947} INFO - Setting next_dagrun for tutorial_taskflow_api to None, run_after=None
[2024-12-22T03:02:38.922+0000] {processor.py:183} INFO - Processing /home/airflow/.local/lib/python3.12/site-packages/airflow/example_dags/tutorial_taskflow_api.py took 0.043 seconds
[2024-12-22T03:03:12.199+0000] {processor.py:161} INFO - Started process (PID=41063) to work on /home/airflow/.local/lib/python3.12/site-packages/airflow/example_dags/tutorial_taskflow_api.py
[2024-12-22T03:03:12.200+0000] {processor.py:830} INFO - Processing file /home/airflow/.local/lib/python3.12/site-packages/airflow/example_dags/tutorial_taskflow_api.py for tasks to queue
[2024-12-22T03:03:12.201+0000] {logging_mixin.py:188} INFO - [2024-12-22T03:03:12.201+0000] {dagbag.py:545} INFO - Filling up the DagBag from /home/airflow/.local/lib/python3.12/site-packages/airflow/example_dags/tutorial_taskflow_api.py
[2024-12-22T03:03:12.206+0000] {processor.py:840} INFO - DAG(s) 'tutorial_taskflow_api' retrieved from /home/airflow/.local/lib/python3.12/site-packages/airflow/example_dags/tutorial_taskflow_api.py
[2024-12-22T03:03:12.220+0000] {logging_mixin.py:188} INFO - [2024-12-22T03:03:12.220+0000] {dag.py:3089} INFO - Sync 1 DAGs
[2024-12-22T03:03:12.227+0000] {logging_mixin.py:188} INFO - [2024-12-22T03:03:12.227+0000] {dag.py:3947} INFO - Setting next_dagrun for tutorial_taskflow_api to None, run_after=None
[2024-12-22T03:03:12.239+0000] {processor.py:183} INFO - Processing /home/airflow/.local/lib/python3.12/site-packages/airflow/example_dags/tutorial_taskflow_api.py took 0.045 seconds
[2024-12-22T03:03:42.350+0000] {processor.py:161} INFO - Started process (PID=41340) to work on /home/airflow/.local/lib/python3.12/site-packages/airflow/example_dags/tutorial_taskflow_api.py
[2024-12-22T03:03:42.350+0000] {processor.py:830} INFO - Processing file /home/airflow/.local/lib/python3.12/site-packages/airflow/example_dags/tutorial_taskflow_api.py for tasks to queue
[2024-12-22T03:03:42.352+0000] {logging_mixin.py:188} INFO - [2024-12-22T03:03:42.351+0000] {dagbag.py:545} INFO - Filling up the DagBag from /home/airflow/.local/lib/python3.12/site-packages/airflow/example_dags/tutorial_taskflow_api.py
[2024-12-22T03:03:42.356+0000] {processor.py:840} INFO - DAG(s) 'tutorial_taskflow_api' retrieved from /home/airflow/.local/lib/python3.12/site-packages/airflow/example_dags/tutorial_taskflow_api.py
[2024-12-22T03:03:42.373+0000] {logging_mixin.py:188} INFO - [2024-12-22T03:03:42.373+0000] {dag.py:3089} INFO - Sync 1 DAGs
[2024-12-22T03:03:42.381+0000] {logging_mixin.py:188} INFO - [2024-12-22T03:03:42.381+0000] {dag.py:3947} INFO - Setting next_dagrun for tutorial_taskflow_api to None, run_after=None
[2024-12-22T03:03:42.395+0000] {processor.py:183} INFO - Processing /home/airflow/.local/lib/python3.12/site-packages/airflow/example_dags/tutorial_taskflow_api.py took 0.050 seconds
[2024-12-22T03:04:13.326+0000] {processor.py:161} INFO - Started process (PID=41619) to work on /home/airflow/.local/lib/python3.12/site-packages/airflow/example_dags/tutorial_taskflow_api.py
[2024-12-22T03:04:13.326+0000] {processor.py:830} INFO - Processing file /home/airflow/.local/lib/python3.12/site-packages/airflow/example_dags/tutorial_taskflow_api.py for tasks to queue
[2024-12-22T03:04:13.328+0000] {logging_mixin.py:188} INFO - [2024-12-22T03:04:13.327+0000] {dagbag.py:545} INFO - Filling up the DagBag from /home/airflow/.local/lib/python3.12/site-packages/airflow/example_dags/tutorial_taskflow_api.py
[2024-12-22T03:04:13.332+0000] {processor.py:840} INFO - DAG(s) 'tutorial_taskflow_api' retrieved from /home/airflow/.local/lib/python3.12/site-packages/airflow/example_dags/tutorial_taskflow_api.py
[2024-12-22T03:04:13.348+0000] {logging_mixin.py:188} INFO - [2024-12-22T03:04:13.348+0000] {dag.py:3089} INFO - Sync 1 DAGs
[2024-12-22T03:04:13.355+0000] {logging_mixin.py:188} INFO - [2024-12-22T03:04:13.355+0000] {dag.py:3947} INFO - Setting next_dagrun for tutorial_taskflow_api to None, run_after=None
[2024-12-22T03:04:13.367+0000] {processor.py:183} INFO - Processing /home/airflow/.local/lib/python3.12/site-packages/airflow/example_dags/tutorial_taskflow_api.py took 0.046 seconds
