[2025-01-11T11:46:23.860+0000] {processor.py:161} INFO - Started process (PID=331) to work on /home/airflow/.local/lib/python3.12/site-packages/airflow/example_dags/example_trigger_target_dag.py
[2025-01-11T11:46:23.860+0000] {processor.py:830} INFO - Processing file /home/airflow/.local/lib/python3.12/site-packages/airflow/example_dags/example_trigger_target_dag.py for tasks to queue
[2025-01-11T11:46:23.861+0000] {logging_mixin.py:188} INFO - [2025-01-11T11:46:23.861+0000] {dagbag.py:545} INFO - Filling up the DagBag from /home/airflow/.local/lib/python3.12/site-packages/airflow/example_dags/example_trigger_target_dag.py
[2025-01-11T11:46:23.867+0000] {processor.py:840} INFO - DAG(s) 'example_trigger_target_dag' retrieved from /home/airflow/.local/lib/python3.12/site-packages/airflow/example_dags/example_trigger_target_dag.py
[2025-01-11T11:46:23.875+0000] {logging_mixin.py:188} INFO - [2025-01-11T11:46:23.875+0000] {dag.py:3089} INFO - Sync 1 DAGs
[2025-01-11T11:46:23.882+0000] {logging_mixin.py:188} INFO - [2025-01-11T11:46:23.882+0000] {dag.py:3947} INFO - Setting next_dagrun for example_trigger_target_dag to None, run_after=None
[2025-01-11T11:46:23.893+0000] {processor.py:183} INFO - Processing /home/airflow/.local/lib/python3.12/site-packages/airflow/example_dags/example_trigger_target_dag.py took 0.037 seconds
[2025-01-11T11:46:54.678+0000] {processor.py:161} INFO - Started process (PID=612) to work on /home/airflow/.local/lib/python3.12/site-packages/airflow/example_dags/example_trigger_target_dag.py
[2025-01-11T11:46:54.679+0000] {processor.py:830} INFO - Processing file /home/airflow/.local/lib/python3.12/site-packages/airflow/example_dags/example_trigger_target_dag.py for tasks to queue
[2025-01-11T11:46:54.680+0000] {logging_mixin.py:188} INFO - [2025-01-11T11:46:54.680+0000] {dagbag.py:545} INFO - Filling up the DagBag from /home/airflow/.local/lib/python3.12/site-packages/airflow/example_dags/example_trigger_target_dag.py
[2025-01-11T11:46:54.684+0000] {processor.py:840} INFO - DAG(s) 'example_trigger_target_dag' retrieved from /home/airflow/.local/lib/python3.12/site-packages/airflow/example_dags/example_trigger_target_dag.py
[2025-01-11T11:46:54.739+0000] {logging_mixin.py:188} INFO - [2025-01-11T11:46:54.739+0000] {dag.py:3089} INFO - Sync 1 DAGs
[2025-01-11T11:46:54.745+0000] {logging_mixin.py:188} INFO - [2025-01-11T11:46:54.745+0000] {dag.py:3947} INFO - Setting next_dagrun for example_trigger_target_dag to None, run_after=None
[2025-01-11T11:46:54.754+0000] {processor.py:183} INFO - Processing /home/airflow/.local/lib/python3.12/site-packages/airflow/example_dags/example_trigger_target_dag.py took 0.080 seconds
[2025-01-11T11:47:25.201+0000] {processor.py:161} INFO - Started process (PID=883) to work on /home/airflow/.local/lib/python3.12/site-packages/airflow/example_dags/example_trigger_target_dag.py
[2025-01-11T11:47:25.202+0000] {processor.py:830} INFO - Processing file /home/airflow/.local/lib/python3.12/site-packages/airflow/example_dags/example_trigger_target_dag.py for tasks to queue
[2025-01-11T11:47:25.203+0000] {logging_mixin.py:188} INFO - [2025-01-11T11:47:25.203+0000] {dagbag.py:545} INFO - Filling up the DagBag from /home/airflow/.local/lib/python3.12/site-packages/airflow/example_dags/example_trigger_target_dag.py
[2025-01-11T11:47:25.207+0000] {processor.py:840} INFO - DAG(s) 'example_trigger_target_dag' retrieved from /home/airflow/.local/lib/python3.12/site-packages/airflow/example_dags/example_trigger_target_dag.py
[2025-01-11T11:47:25.221+0000] {logging_mixin.py:188} INFO - [2025-01-11T11:47:25.220+0000] {dag.py:3089} INFO - Sync 1 DAGs
[2025-01-11T11:47:25.229+0000] {logging_mixin.py:188} INFO - [2025-01-11T11:47:25.229+0000] {dag.py:3947} INFO - Setting next_dagrun for example_trigger_target_dag to None, run_after=None
[2025-01-11T11:47:25.239+0000] {processor.py:183} INFO - Processing /home/airflow/.local/lib/python3.12/site-packages/airflow/example_dags/example_trigger_target_dag.py took 0.043 seconds
[2025-01-11T11:47:55.858+0000] {processor.py:161} INFO - Started process (PID=1161) to work on /home/airflow/.local/lib/python3.12/site-packages/airflow/example_dags/example_trigger_target_dag.py
[2025-01-11T11:47:55.859+0000] {processor.py:830} INFO - Processing file /home/airflow/.local/lib/python3.12/site-packages/airflow/example_dags/example_trigger_target_dag.py for tasks to queue
[2025-01-11T11:47:55.860+0000] {logging_mixin.py:188} INFO - [2025-01-11T11:47:55.860+0000] {dagbag.py:545} INFO - Filling up the DagBag from /home/airflow/.local/lib/python3.12/site-packages/airflow/example_dags/example_trigger_target_dag.py
[2025-01-11T11:47:55.864+0000] {processor.py:840} INFO - DAG(s) 'example_trigger_target_dag' retrieved from /home/airflow/.local/lib/python3.12/site-packages/airflow/example_dags/example_trigger_target_dag.py
[2025-01-11T11:47:55.876+0000] {logging_mixin.py:188} INFO - [2025-01-11T11:47:55.875+0000] {dag.py:3089} INFO - Sync 1 DAGs
[2025-01-11T11:47:55.882+0000] {logging_mixin.py:188} INFO - [2025-01-11T11:47:55.881+0000] {dag.py:3947} INFO - Setting next_dagrun for example_trigger_target_dag to None, run_after=None
[2025-01-11T11:47:55.891+0000] {processor.py:183} INFO - Processing /home/airflow/.local/lib/python3.12/site-packages/airflow/example_dags/example_trigger_target_dag.py took 0.037 seconds
[2025-01-11T11:48:28.213+0000] {processor.py:161} INFO - Started process (PID=1438) to work on /home/airflow/.local/lib/python3.12/site-packages/airflow/example_dags/example_trigger_target_dag.py
[2025-01-11T11:48:28.214+0000] {processor.py:830} INFO - Processing file /home/airflow/.local/lib/python3.12/site-packages/airflow/example_dags/example_trigger_target_dag.py for tasks to queue
[2025-01-11T11:48:28.215+0000] {logging_mixin.py:188} INFO - [2025-01-11T11:48:28.215+0000] {dagbag.py:545} INFO - Filling up the DagBag from /home/airflow/.local/lib/python3.12/site-packages/airflow/example_dags/example_trigger_target_dag.py
[2025-01-11T11:48:28.219+0000] {processor.py:840} INFO - DAG(s) 'example_trigger_target_dag' retrieved from /home/airflow/.local/lib/python3.12/site-packages/airflow/example_dags/example_trigger_target_dag.py
[2025-01-11T11:48:28.232+0000] {logging_mixin.py:188} INFO - [2025-01-11T11:48:28.232+0000] {dag.py:3089} INFO - Sync 1 DAGs
[2025-01-11T11:48:28.239+0000] {logging_mixin.py:188} INFO - [2025-01-11T11:48:28.239+0000] {dag.py:3947} INFO - Setting next_dagrun for example_trigger_target_dag to None, run_after=None
[2025-01-11T11:48:28.251+0000] {processor.py:183} INFO - Processing /home/airflow/.local/lib/python3.12/site-packages/airflow/example_dags/example_trigger_target_dag.py took 0.042 seconds
[2025-01-11T11:48:58.497+0000] {processor.py:161} INFO - Started process (PID=1715) to work on /home/airflow/.local/lib/python3.12/site-packages/airflow/example_dags/example_trigger_target_dag.py
[2025-01-11T11:48:58.498+0000] {processor.py:830} INFO - Processing file /home/airflow/.local/lib/python3.12/site-packages/airflow/example_dags/example_trigger_target_dag.py for tasks to queue
[2025-01-11T11:48:58.499+0000] {logging_mixin.py:188} INFO - [2025-01-11T11:48:58.499+0000] {dagbag.py:545} INFO - Filling up the DagBag from /home/airflow/.local/lib/python3.12/site-packages/airflow/example_dags/example_trigger_target_dag.py
[2025-01-11T11:48:58.503+0000] {processor.py:840} INFO - DAG(s) 'example_trigger_target_dag' retrieved from /home/airflow/.local/lib/python3.12/site-packages/airflow/example_dags/example_trigger_target_dag.py
[2025-01-11T11:48:58.516+0000] {logging_mixin.py:188} INFO - [2025-01-11T11:48:58.515+0000] {dag.py:3089} INFO - Sync 1 DAGs
[2025-01-11T11:48:58.522+0000] {logging_mixin.py:188} INFO - [2025-01-11T11:48:58.522+0000] {dag.py:3947} INFO - Setting next_dagrun for example_trigger_target_dag to None, run_after=None
[2025-01-11T11:48:58.533+0000] {processor.py:183} INFO - Processing /home/airflow/.local/lib/python3.12/site-packages/airflow/example_dags/example_trigger_target_dag.py took 0.040 seconds
[2025-01-11T11:49:30.469+0000] {processor.py:161} INFO - Started process (PID=2019) to work on /home/airflow/.local/lib/python3.12/site-packages/airflow/example_dags/example_trigger_target_dag.py
[2025-01-11T11:49:30.470+0000] {processor.py:830} INFO - Processing file /home/airflow/.local/lib/python3.12/site-packages/airflow/example_dags/example_trigger_target_dag.py for tasks to queue
[2025-01-11T11:49:30.471+0000] {logging_mixin.py:188} INFO - [2025-01-11T11:49:30.471+0000] {dagbag.py:545} INFO - Filling up the DagBag from /home/airflow/.local/lib/python3.12/site-packages/airflow/example_dags/example_trigger_target_dag.py
[2025-01-11T11:49:30.475+0000] {processor.py:840} INFO - DAG(s) 'example_trigger_target_dag' retrieved from /home/airflow/.local/lib/python3.12/site-packages/airflow/example_dags/example_trigger_target_dag.py
[2025-01-11T11:49:30.487+0000] {logging_mixin.py:188} INFO - [2025-01-11T11:49:30.487+0000] {dag.py:3089} INFO - Sync 1 DAGs
[2025-01-11T11:49:30.494+0000] {logging_mixin.py:188} INFO - [2025-01-11T11:49:30.494+0000] {dag.py:3947} INFO - Setting next_dagrun for example_trigger_target_dag to None, run_after=None
[2025-01-11T11:49:30.507+0000] {processor.py:183} INFO - Processing /home/airflow/.local/lib/python3.12/site-packages/airflow/example_dags/example_trigger_target_dag.py took 0.042 seconds
[2025-01-11T11:50:01.167+0000] {processor.py:161} INFO - Started process (PID=2294) to work on /home/airflow/.local/lib/python3.12/site-packages/airflow/example_dags/example_trigger_target_dag.py
[2025-01-11T11:50:01.169+0000] {processor.py:830} INFO - Processing file /home/airflow/.local/lib/python3.12/site-packages/airflow/example_dags/example_trigger_target_dag.py for tasks to queue
[2025-01-11T11:50:01.170+0000] {logging_mixin.py:188} INFO - [2025-01-11T11:50:01.170+0000] {dagbag.py:545} INFO - Filling up the DagBag from /home/airflow/.local/lib/python3.12/site-packages/airflow/example_dags/example_trigger_target_dag.py
[2025-01-11T11:50:01.177+0000] {processor.py:840} INFO - DAG(s) 'example_trigger_target_dag' retrieved from /home/airflow/.local/lib/python3.12/site-packages/airflow/example_dags/example_trigger_target_dag.py
[2025-01-11T11:50:01.195+0000] {logging_mixin.py:188} INFO - [2025-01-11T11:50:01.194+0000] {dag.py:3089} INFO - Sync 1 DAGs
[2025-01-11T11:50:01.207+0000] {logging_mixin.py:188} INFO - [2025-01-11T11:50:01.207+0000] {dag.py:3947} INFO - Setting next_dagrun for example_trigger_target_dag to None, run_after=None
[2025-01-11T11:50:01.221+0000] {processor.py:183} INFO - Processing /home/airflow/.local/lib/python3.12/site-packages/airflow/example_dags/example_trigger_target_dag.py took 0.060 seconds
[2025-01-11T11:50:31.651+0000] {processor.py:161} INFO - Started process (PID=2573) to work on /home/airflow/.local/lib/python3.12/site-packages/airflow/example_dags/example_trigger_target_dag.py
[2025-01-11T11:50:31.652+0000] {processor.py:830} INFO - Processing file /home/airflow/.local/lib/python3.12/site-packages/airflow/example_dags/example_trigger_target_dag.py for tasks to queue
[2025-01-11T11:50:31.653+0000] {logging_mixin.py:188} INFO - [2025-01-11T11:50:31.653+0000] {dagbag.py:545} INFO - Filling up the DagBag from /home/airflow/.local/lib/python3.12/site-packages/airflow/example_dags/example_trigger_target_dag.py
[2025-01-11T11:50:31.657+0000] {processor.py:840} INFO - DAG(s) 'example_trigger_target_dag' retrieved from /home/airflow/.local/lib/python3.12/site-packages/airflow/example_dags/example_trigger_target_dag.py
[2025-01-11T11:50:31.669+0000] {logging_mixin.py:188} INFO - [2025-01-11T11:50:31.669+0000] {dag.py:3089} INFO - Sync 1 DAGs
[2025-01-11T11:50:31.676+0000] {logging_mixin.py:188} INFO - [2025-01-11T11:50:31.676+0000] {dag.py:3947} INFO - Setting next_dagrun for example_trigger_target_dag to None, run_after=None
[2025-01-11T11:50:31.691+0000] {processor.py:183} INFO - Processing /home/airflow/.local/lib/python3.12/site-packages/airflow/example_dags/example_trigger_target_dag.py took 0.044 seconds
[2025-01-11T11:51:01.845+0000] {processor.py:161} INFO - Started process (PID=2848) to work on /home/airflow/.local/lib/python3.12/site-packages/airflow/example_dags/example_trigger_target_dag.py
[2025-01-11T11:51:01.847+0000] {processor.py:830} INFO - Processing file /home/airflow/.local/lib/python3.12/site-packages/airflow/example_dags/example_trigger_target_dag.py for tasks to queue
[2025-01-11T11:51:01.848+0000] {logging_mixin.py:188} INFO - [2025-01-11T11:51:01.848+0000] {dagbag.py:545} INFO - Filling up the DagBag from /home/airflow/.local/lib/python3.12/site-packages/airflow/example_dags/example_trigger_target_dag.py
[2025-01-11T11:51:01.852+0000] {processor.py:840} INFO - DAG(s) 'example_trigger_target_dag' retrieved from /home/airflow/.local/lib/python3.12/site-packages/airflow/example_dags/example_trigger_target_dag.py
[2025-01-11T11:51:01.869+0000] {logging_mixin.py:188} INFO - [2025-01-11T11:51:01.868+0000] {dag.py:3089} INFO - Sync 1 DAGs
[2025-01-11T11:51:01.877+0000] {logging_mixin.py:188} INFO - [2025-01-11T11:51:01.877+0000] {dag.py:3947} INFO - Setting next_dagrun for example_trigger_target_dag to None, run_after=None
[2025-01-11T11:51:01.890+0000] {processor.py:183} INFO - Processing /home/airflow/.local/lib/python3.12/site-packages/airflow/example_dags/example_trigger_target_dag.py took 0.050 seconds
[2025-01-11T11:51:35.922+0000] {processor.py:161} INFO - Started process (PID=3212) to work on /home/airflow/.local/lib/python3.12/site-packages/airflow/example_dags/example_trigger_target_dag.py
[2025-01-11T11:51:35.923+0000] {processor.py:830} INFO - Processing file /home/airflow/.local/lib/python3.12/site-packages/airflow/example_dags/example_trigger_target_dag.py for tasks to queue
[2025-01-11T11:51:35.926+0000] {logging_mixin.py:188} INFO - [2025-01-11T11:51:35.926+0000] {dagbag.py:545} INFO - Filling up the DagBag from /home/airflow/.local/lib/python3.12/site-packages/airflow/example_dags/example_trigger_target_dag.py
[2025-01-11T11:51:35.930+0000] {processor.py:840} INFO - DAG(s) 'example_trigger_target_dag' retrieved from /home/airflow/.local/lib/python3.12/site-packages/airflow/example_dags/example_trigger_target_dag.py
[2025-01-11T11:51:35.965+0000] {logging_mixin.py:188} INFO - [2025-01-11T11:51:35.965+0000] {dag.py:3089} INFO - Sync 1 DAGs
[2025-01-11T11:51:35.974+0000] {logging_mixin.py:188} INFO - [2025-01-11T11:51:35.974+0000] {dag.py:3947} INFO - Setting next_dagrun for example_trigger_target_dag to None, run_after=None
[2025-01-11T11:51:35.989+0000] {processor.py:183} INFO - Processing /home/airflow/.local/lib/python3.12/site-packages/airflow/example_dags/example_trigger_target_dag.py took 0.070 seconds
[2025-01-11T11:52:06.302+0000] {processor.py:161} INFO - Started process (PID=3487) to work on /home/airflow/.local/lib/python3.12/site-packages/airflow/example_dags/example_trigger_target_dag.py
[2025-01-11T11:52:06.303+0000] {processor.py:830} INFO - Processing file /home/airflow/.local/lib/python3.12/site-packages/airflow/example_dags/example_trigger_target_dag.py for tasks to queue
[2025-01-11T11:52:06.304+0000] {logging_mixin.py:188} INFO - [2025-01-11T11:52:06.304+0000] {dagbag.py:545} INFO - Filling up the DagBag from /home/airflow/.local/lib/python3.12/site-packages/airflow/example_dags/example_trigger_target_dag.py
[2025-01-11T11:52:06.309+0000] {processor.py:840} INFO - DAG(s) 'example_trigger_target_dag' retrieved from /home/airflow/.local/lib/python3.12/site-packages/airflow/example_dags/example_trigger_target_dag.py
[2025-01-11T11:52:06.325+0000] {logging_mixin.py:188} INFO - [2025-01-11T11:52:06.325+0000] {dag.py:3089} INFO - Sync 1 DAGs
[2025-01-11T11:52:06.333+0000] {logging_mixin.py:188} INFO - [2025-01-11T11:52:06.333+0000] {dag.py:3947} INFO - Setting next_dagrun for example_trigger_target_dag to None, run_after=None
[2025-01-11T11:52:06.349+0000] {processor.py:183} INFO - Processing /home/airflow/.local/lib/python3.12/site-packages/airflow/example_dags/example_trigger_target_dag.py took 0.053 seconds
[2025-01-11T11:52:36.878+0000] {processor.py:161} INFO - Started process (PID=3766) to work on /home/airflow/.local/lib/python3.12/site-packages/airflow/example_dags/example_trigger_target_dag.py
[2025-01-11T11:52:36.879+0000] {processor.py:830} INFO - Processing file /home/airflow/.local/lib/python3.12/site-packages/airflow/example_dags/example_trigger_target_dag.py for tasks to queue
[2025-01-11T11:52:36.881+0000] {logging_mixin.py:188} INFO - [2025-01-11T11:52:36.881+0000] {dagbag.py:545} INFO - Filling up the DagBag from /home/airflow/.local/lib/python3.12/site-packages/airflow/example_dags/example_trigger_target_dag.py
[2025-01-11T11:52:36.885+0000] {processor.py:840} INFO - DAG(s) 'example_trigger_target_dag' retrieved from /home/airflow/.local/lib/python3.12/site-packages/airflow/example_dags/example_trigger_target_dag.py
[2025-01-11T11:52:36.900+0000] {logging_mixin.py:188} INFO - [2025-01-11T11:52:36.900+0000] {dag.py:3089} INFO - Sync 1 DAGs
[2025-01-11T11:52:36.907+0000] {logging_mixin.py:188} INFO - [2025-01-11T11:52:36.907+0000] {dag.py:3947} INFO - Setting next_dagrun for example_trigger_target_dag to None, run_after=None
[2025-01-11T11:52:36.918+0000] {processor.py:183} INFO - Processing /home/airflow/.local/lib/python3.12/site-packages/airflow/example_dags/example_trigger_target_dag.py took 0.044 seconds
[2025-01-11T11:53:07.778+0000] {processor.py:161} INFO - Started process (PID=4041) to work on /home/airflow/.local/lib/python3.12/site-packages/airflow/example_dags/example_trigger_target_dag.py
[2025-01-11T11:53:07.779+0000] {processor.py:830} INFO - Processing file /home/airflow/.local/lib/python3.12/site-packages/airflow/example_dags/example_trigger_target_dag.py for tasks to queue
[2025-01-11T11:53:07.781+0000] {logging_mixin.py:188} INFO - [2025-01-11T11:53:07.780+0000] {dagbag.py:545} INFO - Filling up the DagBag from /home/airflow/.local/lib/python3.12/site-packages/airflow/example_dags/example_trigger_target_dag.py
[2025-01-11T11:53:07.787+0000] {processor.py:840} INFO - DAG(s) 'example_trigger_target_dag' retrieved from /home/airflow/.local/lib/python3.12/site-packages/airflow/example_dags/example_trigger_target_dag.py
[2025-01-11T11:53:07.802+0000] {logging_mixin.py:188} INFO - [2025-01-11T11:53:07.802+0000] {dag.py:3089} INFO - Sync 1 DAGs
[2025-01-11T11:53:07.811+0000] {logging_mixin.py:188} INFO - [2025-01-11T11:53:07.810+0000] {dag.py:3947} INFO - Setting next_dagrun for example_trigger_target_dag to None, run_after=None
[2025-01-11T11:53:07.826+0000] {processor.py:183} INFO - Processing /home/airflow/.local/lib/python3.12/site-packages/airflow/example_dags/example_trigger_target_dag.py took 0.054 seconds
[2025-01-11T11:53:38.219+0000] {processor.py:161} INFO - Started process (PID=4318) to work on /home/airflow/.local/lib/python3.12/site-packages/airflow/example_dags/example_trigger_target_dag.py
[2025-01-11T11:53:38.220+0000] {processor.py:830} INFO - Processing file /home/airflow/.local/lib/python3.12/site-packages/airflow/example_dags/example_trigger_target_dag.py for tasks to queue
[2025-01-11T11:53:38.221+0000] {logging_mixin.py:188} INFO - [2025-01-11T11:53:38.221+0000] {dagbag.py:545} INFO - Filling up the DagBag from /home/airflow/.local/lib/python3.12/site-packages/airflow/example_dags/example_trigger_target_dag.py
[2025-01-11T11:53:38.226+0000] {processor.py:840} INFO - DAG(s) 'example_trigger_target_dag' retrieved from /home/airflow/.local/lib/python3.12/site-packages/airflow/example_dags/example_trigger_target_dag.py
[2025-01-11T11:53:38.239+0000] {logging_mixin.py:188} INFO - [2025-01-11T11:53:38.239+0000] {dag.py:3089} INFO - Sync 1 DAGs
[2025-01-11T11:53:38.246+0000] {logging_mixin.py:188} INFO - [2025-01-11T11:53:38.246+0000] {dag.py:3947} INFO - Setting next_dagrun for example_trigger_target_dag to None, run_after=None
[2025-01-11T11:53:38.256+0000] {processor.py:183} INFO - Processing /home/airflow/.local/lib/python3.12/site-packages/airflow/example_dags/example_trigger_target_dag.py took 0.042 seconds
[2025-01-11T11:54:09.532+0000] {processor.py:161} INFO - Started process (PID=4597) to work on /home/airflow/.local/lib/python3.12/site-packages/airflow/example_dags/example_trigger_target_dag.py
[2025-01-11T11:54:09.533+0000] {processor.py:830} INFO - Processing file /home/airflow/.local/lib/python3.12/site-packages/airflow/example_dags/example_trigger_target_dag.py for tasks to queue
[2025-01-11T11:54:09.534+0000] {logging_mixin.py:188} INFO - [2025-01-11T11:54:09.534+0000] {dagbag.py:545} INFO - Filling up the DagBag from /home/airflow/.local/lib/python3.12/site-packages/airflow/example_dags/example_trigger_target_dag.py
[2025-01-11T11:54:09.537+0000] {processor.py:840} INFO - DAG(s) 'example_trigger_target_dag' retrieved from /home/airflow/.local/lib/python3.12/site-packages/airflow/example_dags/example_trigger_target_dag.py
[2025-01-11T11:54:09.550+0000] {logging_mixin.py:188} INFO - [2025-01-11T11:54:09.549+0000] {dag.py:3089} INFO - Sync 1 DAGs
[2025-01-11T11:54:09.556+0000] {logging_mixin.py:188} INFO - [2025-01-11T11:54:09.556+0000] {dag.py:3947} INFO - Setting next_dagrun for example_trigger_target_dag to None, run_after=None
[2025-01-11T11:54:09.565+0000] {processor.py:183} INFO - Processing /home/airflow/.local/lib/python3.12/site-packages/airflow/example_dags/example_trigger_target_dag.py took 0.037 seconds
[2025-01-11T11:54:39.845+0000] {processor.py:161} INFO - Started process (PID=4874) to work on /home/airflow/.local/lib/python3.12/site-packages/airflow/example_dags/example_trigger_target_dag.py
[2025-01-11T11:54:39.846+0000] {processor.py:830} INFO - Processing file /home/airflow/.local/lib/python3.12/site-packages/airflow/example_dags/example_trigger_target_dag.py for tasks to queue
[2025-01-11T11:54:39.847+0000] {logging_mixin.py:188} INFO - [2025-01-11T11:54:39.847+0000] {dagbag.py:545} INFO - Filling up the DagBag from /home/airflow/.local/lib/python3.12/site-packages/airflow/example_dags/example_trigger_target_dag.py
[2025-01-11T11:54:39.853+0000] {processor.py:840} INFO - DAG(s) 'example_trigger_target_dag' retrieved from /home/airflow/.local/lib/python3.12/site-packages/airflow/example_dags/example_trigger_target_dag.py
[2025-01-11T11:54:39.872+0000] {logging_mixin.py:188} INFO - [2025-01-11T11:54:39.871+0000] {dag.py:3089} INFO - Sync 1 DAGs
[2025-01-11T11:54:39.880+0000] {logging_mixin.py:188} INFO - [2025-01-11T11:54:39.880+0000] {dag.py:3947} INFO - Setting next_dagrun for example_trigger_target_dag to None, run_after=None
[2025-01-11T11:54:39.895+0000] {processor.py:183} INFO - Processing /home/airflow/.local/lib/python3.12/site-packages/airflow/example_dags/example_trigger_target_dag.py took 0.055 seconds
[2025-01-11T11:55:10.477+0000] {processor.py:161} INFO - Started process (PID=5149) to work on /home/airflow/.local/lib/python3.12/site-packages/airflow/example_dags/example_trigger_target_dag.py
[2025-01-11T11:55:10.478+0000] {processor.py:830} INFO - Processing file /home/airflow/.local/lib/python3.12/site-packages/airflow/example_dags/example_trigger_target_dag.py for tasks to queue
[2025-01-11T11:55:10.479+0000] {logging_mixin.py:188} INFO - [2025-01-11T11:55:10.479+0000] {dagbag.py:545} INFO - Filling up the DagBag from /home/airflow/.local/lib/python3.12/site-packages/airflow/example_dags/example_trigger_target_dag.py
[2025-01-11T11:55:10.485+0000] {processor.py:840} INFO - DAG(s) 'example_trigger_target_dag' retrieved from /home/airflow/.local/lib/python3.12/site-packages/airflow/example_dags/example_trigger_target_dag.py
[2025-01-11T11:55:10.499+0000] {logging_mixin.py:188} INFO - [2025-01-11T11:55:10.499+0000] {dag.py:3089} INFO - Sync 1 DAGs
[2025-01-11T11:55:10.506+0000] {logging_mixin.py:188} INFO - [2025-01-11T11:55:10.506+0000] {dag.py:3947} INFO - Setting next_dagrun for example_trigger_target_dag to None, run_after=None
[2025-01-11T11:55:10.518+0000] {processor.py:183} INFO - Processing /home/airflow/.local/lib/python3.12/site-packages/airflow/example_dags/example_trigger_target_dag.py took 0.046 seconds
[2025-01-11T11:55:41.410+0000] {processor.py:161} INFO - Started process (PID=5426) to work on /home/airflow/.local/lib/python3.12/site-packages/airflow/example_dags/example_trigger_target_dag.py
[2025-01-11T11:55:41.411+0000] {processor.py:830} INFO - Processing file /home/airflow/.local/lib/python3.12/site-packages/airflow/example_dags/example_trigger_target_dag.py for tasks to queue
[2025-01-11T11:55:41.412+0000] {logging_mixin.py:188} INFO - [2025-01-11T11:55:41.412+0000] {dagbag.py:545} INFO - Filling up the DagBag from /home/airflow/.local/lib/python3.12/site-packages/airflow/example_dags/example_trigger_target_dag.py
[2025-01-11T11:55:41.416+0000] {processor.py:840} INFO - DAG(s) 'example_trigger_target_dag' retrieved from /home/airflow/.local/lib/python3.12/site-packages/airflow/example_dags/example_trigger_target_dag.py
[2025-01-11T11:55:41.429+0000] {logging_mixin.py:188} INFO - [2025-01-11T11:55:41.429+0000] {dag.py:3089} INFO - Sync 1 DAGs
[2025-01-11T11:55:41.436+0000] {logging_mixin.py:188} INFO - [2025-01-11T11:55:41.436+0000] {dag.py:3947} INFO - Setting next_dagrun for example_trigger_target_dag to None, run_after=None
[2025-01-11T11:55:41.446+0000] {processor.py:183} INFO - Processing /home/airflow/.local/lib/python3.12/site-packages/airflow/example_dags/example_trigger_target_dag.py took 0.041 seconds
[2025-01-11T11:56:12.710+0000] {processor.py:161} INFO - Started process (PID=5704) to work on /home/airflow/.local/lib/python3.12/site-packages/airflow/example_dags/example_trigger_target_dag.py
[2025-01-11T11:56:12.710+0000] {processor.py:830} INFO - Processing file /home/airflow/.local/lib/python3.12/site-packages/airflow/example_dags/example_trigger_target_dag.py for tasks to queue
[2025-01-11T11:56:12.712+0000] {logging_mixin.py:188} INFO - [2025-01-11T11:56:12.712+0000] {dagbag.py:545} INFO - Filling up the DagBag from /home/airflow/.local/lib/python3.12/site-packages/airflow/example_dags/example_trigger_target_dag.py
[2025-01-11T11:56:12.718+0000] {processor.py:840} INFO - DAG(s) 'example_trigger_target_dag' retrieved from /home/airflow/.local/lib/python3.12/site-packages/airflow/example_dags/example_trigger_target_dag.py
[2025-01-11T11:56:12.733+0000] {logging_mixin.py:188} INFO - [2025-01-11T11:56:12.733+0000] {dag.py:3089} INFO - Sync 1 DAGs
[2025-01-11T11:56:12.740+0000] {logging_mixin.py:188} INFO - [2025-01-11T11:56:12.740+0000] {dag.py:3947} INFO - Setting next_dagrun for example_trigger_target_dag to None, run_after=None
[2025-01-11T11:56:12.753+0000] {processor.py:183} INFO - Processing /home/airflow/.local/lib/python3.12/site-packages/airflow/example_dags/example_trigger_target_dag.py took 0.048 seconds
[2025-01-11T11:56:43.011+0000] {processor.py:161} INFO - Started process (PID=5981) to work on /home/airflow/.local/lib/python3.12/site-packages/airflow/example_dags/example_trigger_target_dag.py
[2025-01-11T11:56:43.012+0000] {processor.py:830} INFO - Processing file /home/airflow/.local/lib/python3.12/site-packages/airflow/example_dags/example_trigger_target_dag.py for tasks to queue
[2025-01-11T11:56:43.013+0000] {logging_mixin.py:188} INFO - [2025-01-11T11:56:43.013+0000] {dagbag.py:545} INFO - Filling up the DagBag from /home/airflow/.local/lib/python3.12/site-packages/airflow/example_dags/example_trigger_target_dag.py
[2025-01-11T11:56:43.017+0000] {processor.py:840} INFO - DAG(s) 'example_trigger_target_dag' retrieved from /home/airflow/.local/lib/python3.12/site-packages/airflow/example_dags/example_trigger_target_dag.py
[2025-01-11T11:56:43.031+0000] {logging_mixin.py:188} INFO - [2025-01-11T11:56:43.031+0000] {dag.py:3089} INFO - Sync 1 DAGs
[2025-01-11T11:56:43.038+0000] {logging_mixin.py:188} INFO - [2025-01-11T11:56:43.038+0000] {dag.py:3947} INFO - Setting next_dagrun for example_trigger_target_dag to None, run_after=None
[2025-01-11T11:56:43.048+0000] {processor.py:183} INFO - Processing /home/airflow/.local/lib/python3.12/site-packages/airflow/example_dags/example_trigger_target_dag.py took 0.042 seconds
[2025-01-11T11:57:13.516+0000] {processor.py:161} INFO - Started process (PID=6258) to work on /home/airflow/.local/lib/python3.12/site-packages/airflow/example_dags/example_trigger_target_dag.py
[2025-01-11T11:57:13.517+0000] {processor.py:830} INFO - Processing file /home/airflow/.local/lib/python3.12/site-packages/airflow/example_dags/example_trigger_target_dag.py for tasks to queue
[2025-01-11T11:57:13.518+0000] {logging_mixin.py:188} INFO - [2025-01-11T11:57:13.518+0000] {dagbag.py:545} INFO - Filling up the DagBag from /home/airflow/.local/lib/python3.12/site-packages/airflow/example_dags/example_trigger_target_dag.py
[2025-01-11T11:57:13.522+0000] {processor.py:840} INFO - DAG(s) 'example_trigger_target_dag' retrieved from /home/airflow/.local/lib/python3.12/site-packages/airflow/example_dags/example_trigger_target_dag.py
[2025-01-11T11:57:13.535+0000] {logging_mixin.py:188} INFO - [2025-01-11T11:57:13.535+0000] {dag.py:3089} INFO - Sync 1 DAGs
[2025-01-11T11:57:13.541+0000] {logging_mixin.py:188} INFO - [2025-01-11T11:57:13.541+0000] {dag.py:3947} INFO - Setting next_dagrun for example_trigger_target_dag to None, run_after=None
[2025-01-11T11:57:13.553+0000] {processor.py:183} INFO - Processing /home/airflow/.local/lib/python3.12/site-packages/airflow/example_dags/example_trigger_target_dag.py took 0.041 seconds
[2025-01-11T11:57:46.788+0000] {processor.py:161} INFO - Started process (PID=6537) to work on /home/airflow/.local/lib/python3.12/site-packages/airflow/example_dags/example_trigger_target_dag.py
[2025-01-11T11:57:46.789+0000] {processor.py:830} INFO - Processing file /home/airflow/.local/lib/python3.12/site-packages/airflow/example_dags/example_trigger_target_dag.py for tasks to queue
[2025-01-11T11:57:46.790+0000] {logging_mixin.py:188} INFO - [2025-01-11T11:57:46.790+0000] {dagbag.py:545} INFO - Filling up the DagBag from /home/airflow/.local/lib/python3.12/site-packages/airflow/example_dags/example_trigger_target_dag.py
[2025-01-11T11:57:46.795+0000] {processor.py:840} INFO - DAG(s) 'example_trigger_target_dag' retrieved from /home/airflow/.local/lib/python3.12/site-packages/airflow/example_dags/example_trigger_target_dag.py
[2025-01-11T11:57:46.813+0000] {logging_mixin.py:188} INFO - [2025-01-11T11:57:46.813+0000] {dag.py:3089} INFO - Sync 1 DAGs
[2025-01-11T11:57:46.821+0000] {logging_mixin.py:188} INFO - [2025-01-11T11:57:46.821+0000] {dag.py:3947} INFO - Setting next_dagrun for example_trigger_target_dag to None, run_after=None
[2025-01-11T11:57:46.837+0000] {processor.py:183} INFO - Processing /home/airflow/.local/lib/python3.12/site-packages/airflow/example_dags/example_trigger_target_dag.py took 0.055 seconds
[2025-01-11T11:58:17.234+0000] {processor.py:161} INFO - Started process (PID=6812) to work on /home/airflow/.local/lib/python3.12/site-packages/airflow/example_dags/example_trigger_target_dag.py
[2025-01-11T11:58:17.235+0000] {processor.py:830} INFO - Processing file /home/airflow/.local/lib/python3.12/site-packages/airflow/example_dags/example_trigger_target_dag.py for tasks to queue
[2025-01-11T11:58:17.236+0000] {logging_mixin.py:188} INFO - [2025-01-11T11:58:17.236+0000] {dagbag.py:545} INFO - Filling up the DagBag from /home/airflow/.local/lib/python3.12/site-packages/airflow/example_dags/example_trigger_target_dag.py
[2025-01-11T11:58:17.240+0000] {processor.py:840} INFO - DAG(s) 'example_trigger_target_dag' retrieved from /home/airflow/.local/lib/python3.12/site-packages/airflow/example_dags/example_trigger_target_dag.py
[2025-01-11T11:58:17.253+0000] {logging_mixin.py:188} INFO - [2025-01-11T11:58:17.253+0000] {dag.py:3089} INFO - Sync 1 DAGs
[2025-01-11T11:58:17.259+0000] {logging_mixin.py:188} INFO - [2025-01-11T11:58:17.259+0000] {dag.py:3947} INFO - Setting next_dagrun for example_trigger_target_dag to None, run_after=None
[2025-01-11T11:58:17.271+0000] {processor.py:183} INFO - Processing /home/airflow/.local/lib/python3.12/site-packages/airflow/example_dags/example_trigger_target_dag.py took 0.041 seconds
[2025-01-11T11:58:47.531+0000] {processor.py:161} INFO - Started process (PID=7089) to work on /home/airflow/.local/lib/python3.12/site-packages/airflow/example_dags/example_trigger_target_dag.py
[2025-01-11T11:58:47.531+0000] {processor.py:830} INFO - Processing file /home/airflow/.local/lib/python3.12/site-packages/airflow/example_dags/example_trigger_target_dag.py for tasks to queue
[2025-01-11T11:58:47.533+0000] {logging_mixin.py:188} INFO - [2025-01-11T11:58:47.532+0000] {dagbag.py:545} INFO - Filling up the DagBag from /home/airflow/.local/lib/python3.12/site-packages/airflow/example_dags/example_trigger_target_dag.py
[2025-01-11T11:58:47.536+0000] {processor.py:840} INFO - DAG(s) 'example_trigger_target_dag' retrieved from /home/airflow/.local/lib/python3.12/site-packages/airflow/example_dags/example_trigger_target_dag.py
[2025-01-11T11:58:47.549+0000] {logging_mixin.py:188} INFO - [2025-01-11T11:58:47.549+0000] {dag.py:3089} INFO - Sync 1 DAGs
[2025-01-11T11:58:47.555+0000] {logging_mixin.py:188} INFO - [2025-01-11T11:58:47.555+0000] {dag.py:3947} INFO - Setting next_dagrun for example_trigger_target_dag to None, run_after=None
[2025-01-11T11:58:47.567+0000] {processor.py:183} INFO - Processing /home/airflow/.local/lib/python3.12/site-packages/airflow/example_dags/example_trigger_target_dag.py took 0.040 seconds
[2025-01-11T11:59:19.126+0000] {processor.py:161} INFO - Started process (PID=7366) to work on /home/airflow/.local/lib/python3.12/site-packages/airflow/example_dags/example_trigger_target_dag.py
[2025-01-11T11:59:19.127+0000] {processor.py:830} INFO - Processing file /home/airflow/.local/lib/python3.12/site-packages/airflow/example_dags/example_trigger_target_dag.py for tasks to queue
[2025-01-11T11:59:19.128+0000] {logging_mixin.py:188} INFO - [2025-01-11T11:59:19.128+0000] {dagbag.py:545} INFO - Filling up the DagBag from /home/airflow/.local/lib/python3.12/site-packages/airflow/example_dags/example_trigger_target_dag.py
[2025-01-11T11:59:19.132+0000] {processor.py:840} INFO - DAG(s) 'example_trigger_target_dag' retrieved from /home/airflow/.local/lib/python3.12/site-packages/airflow/example_dags/example_trigger_target_dag.py
[2025-01-11T11:59:19.145+0000] {logging_mixin.py:188} INFO - [2025-01-11T11:59:19.145+0000] {dag.py:3089} INFO - Sync 1 DAGs
[2025-01-11T11:59:19.151+0000] {logging_mixin.py:188} INFO - [2025-01-11T11:59:19.151+0000] {dag.py:3947} INFO - Setting next_dagrun for example_trigger_target_dag to None, run_after=None
[2025-01-11T11:59:19.161+0000] {processor.py:183} INFO - Processing /home/airflow/.local/lib/python3.12/site-packages/airflow/example_dags/example_trigger_target_dag.py took 0.039 seconds
[2025-01-11T11:59:49.407+0000] {processor.py:161} INFO - Started process (PID=7643) to work on /home/airflow/.local/lib/python3.12/site-packages/airflow/example_dags/example_trigger_target_dag.py
[2025-01-11T11:59:49.408+0000] {processor.py:830} INFO - Processing file /home/airflow/.local/lib/python3.12/site-packages/airflow/example_dags/example_trigger_target_dag.py for tasks to queue
[2025-01-11T11:59:49.409+0000] {logging_mixin.py:188} INFO - [2025-01-11T11:59:49.409+0000] {dagbag.py:545} INFO - Filling up the DagBag from /home/airflow/.local/lib/python3.12/site-packages/airflow/example_dags/example_trigger_target_dag.py
[2025-01-11T11:59:49.413+0000] {processor.py:840} INFO - DAG(s) 'example_trigger_target_dag' retrieved from /home/airflow/.local/lib/python3.12/site-packages/airflow/example_dags/example_trigger_target_dag.py
[2025-01-11T11:59:49.425+0000] {logging_mixin.py:188} INFO - [2025-01-11T11:59:49.425+0000] {dag.py:3089} INFO - Sync 1 DAGs
[2025-01-11T11:59:49.432+0000] {logging_mixin.py:188} INFO - [2025-01-11T11:59:49.432+0000] {dag.py:3947} INFO - Setting next_dagrun for example_trigger_target_dag to None, run_after=None
[2025-01-11T11:59:49.443+0000] {processor.py:183} INFO - Processing /home/airflow/.local/lib/python3.12/site-packages/airflow/example_dags/example_trigger_target_dag.py took 0.040 seconds
[2025-01-11T12:00:20.509+0000] {processor.py:161} INFO - Started process (PID=7920) to work on /home/airflow/.local/lib/python3.12/site-packages/airflow/example_dags/example_trigger_target_dag.py
[2025-01-11T12:00:20.510+0000] {processor.py:830} INFO - Processing file /home/airflow/.local/lib/python3.12/site-packages/airflow/example_dags/example_trigger_target_dag.py for tasks to queue
[2025-01-11T12:00:20.511+0000] {logging_mixin.py:188} INFO - [2025-01-11T12:00:20.511+0000] {dagbag.py:545} INFO - Filling up the DagBag from /home/airflow/.local/lib/python3.12/site-packages/airflow/example_dags/example_trigger_target_dag.py
[2025-01-11T12:00:20.515+0000] {processor.py:840} INFO - DAG(s) 'example_trigger_target_dag' retrieved from /home/airflow/.local/lib/python3.12/site-packages/airflow/example_dags/example_trigger_target_dag.py
[2025-01-11T12:00:20.526+0000] {logging_mixin.py:188} INFO - [2025-01-11T12:00:20.526+0000] {dag.py:3089} INFO - Sync 1 DAGs
[2025-01-11T12:00:20.532+0000] {logging_mixin.py:188} INFO - [2025-01-11T12:00:20.532+0000] {dag.py:3947} INFO - Setting next_dagrun for example_trigger_target_dag to None, run_after=None
[2025-01-11T12:00:20.542+0000] {processor.py:183} INFO - Processing /home/airflow/.local/lib/python3.12/site-packages/airflow/example_dags/example_trigger_target_dag.py took 0.036 seconds
[2025-01-11T12:00:53.444+0000] {processor.py:161} INFO - Started process (PID=8197) to work on /home/airflow/.local/lib/python3.12/site-packages/airflow/example_dags/example_trigger_target_dag.py
[2025-01-11T12:00:53.445+0000] {processor.py:830} INFO - Processing file /home/airflow/.local/lib/python3.12/site-packages/airflow/example_dags/example_trigger_target_dag.py for tasks to queue
[2025-01-11T12:00:53.446+0000] {logging_mixin.py:188} INFO - [2025-01-11T12:00:53.445+0000] {dagbag.py:545} INFO - Filling up the DagBag from /home/airflow/.local/lib/python3.12/site-packages/airflow/example_dags/example_trigger_target_dag.py
[2025-01-11T12:00:53.449+0000] {processor.py:840} INFO - DAG(s) 'example_trigger_target_dag' retrieved from /home/airflow/.local/lib/python3.12/site-packages/airflow/example_dags/example_trigger_target_dag.py
[2025-01-11T12:00:53.463+0000] {logging_mixin.py:188} INFO - [2025-01-11T12:00:53.463+0000] {dag.py:3089} INFO - Sync 1 DAGs
[2025-01-11T12:00:53.471+0000] {logging_mixin.py:188} INFO - [2025-01-11T12:00:53.470+0000] {dag.py:3947} INFO - Setting next_dagrun for example_trigger_target_dag to None, run_after=None
[2025-01-11T12:00:53.482+0000] {processor.py:183} INFO - Processing /home/airflow/.local/lib/python3.12/site-packages/airflow/example_dags/example_trigger_target_dag.py took 0.042 seconds
[2025-01-11T12:01:25.107+0000] {processor.py:161} INFO - Started process (PID=8474) to work on /home/airflow/.local/lib/python3.12/site-packages/airflow/example_dags/example_trigger_target_dag.py
[2025-01-11T12:01:25.108+0000] {processor.py:830} INFO - Processing file /home/airflow/.local/lib/python3.12/site-packages/airflow/example_dags/example_trigger_target_dag.py for tasks to queue
[2025-01-11T12:01:25.109+0000] {logging_mixin.py:188} INFO - [2025-01-11T12:01:25.109+0000] {dagbag.py:545} INFO - Filling up the DagBag from /home/airflow/.local/lib/python3.12/site-packages/airflow/example_dags/example_trigger_target_dag.py
[2025-01-11T12:01:25.113+0000] {processor.py:840} INFO - DAG(s) 'example_trigger_target_dag' retrieved from /home/airflow/.local/lib/python3.12/site-packages/airflow/example_dags/example_trigger_target_dag.py
[2025-01-11T12:01:25.127+0000] {logging_mixin.py:188} INFO - [2025-01-11T12:01:25.127+0000] {dag.py:3089} INFO - Sync 1 DAGs
[2025-01-11T12:01:25.134+0000] {logging_mixin.py:188} INFO - [2025-01-11T12:01:25.134+0000] {dag.py:3947} INFO - Setting next_dagrun for example_trigger_target_dag to None, run_after=None
[2025-01-11T12:01:25.147+0000] {processor.py:183} INFO - Processing /home/airflow/.local/lib/python3.12/site-packages/airflow/example_dags/example_trigger_target_dag.py took 0.044 seconds
[2025-01-11T12:01:55.643+0000] {processor.py:161} INFO - Started process (PID=8751) to work on /home/airflow/.local/lib/python3.12/site-packages/airflow/example_dags/example_trigger_target_dag.py
[2025-01-11T12:01:55.644+0000] {processor.py:830} INFO - Processing file /home/airflow/.local/lib/python3.12/site-packages/airflow/example_dags/example_trigger_target_dag.py for tasks to queue
[2025-01-11T12:01:55.645+0000] {logging_mixin.py:188} INFO - [2025-01-11T12:01:55.645+0000] {dagbag.py:545} INFO - Filling up the DagBag from /home/airflow/.local/lib/python3.12/site-packages/airflow/example_dags/example_trigger_target_dag.py
[2025-01-11T12:01:55.649+0000] {processor.py:840} INFO - DAG(s) 'example_trigger_target_dag' retrieved from /home/airflow/.local/lib/python3.12/site-packages/airflow/example_dags/example_trigger_target_dag.py
[2025-01-11T12:01:55.662+0000] {logging_mixin.py:188} INFO - [2025-01-11T12:01:55.662+0000] {dag.py:3089} INFO - Sync 1 DAGs
[2025-01-11T12:01:55.669+0000] {logging_mixin.py:188} INFO - [2025-01-11T12:01:55.669+0000] {dag.py:3947} INFO - Setting next_dagrun for example_trigger_target_dag to None, run_after=None
[2025-01-11T12:01:55.680+0000] {processor.py:183} INFO - Processing /home/airflow/.local/lib/python3.12/site-packages/airflow/example_dags/example_trigger_target_dag.py took 0.040 seconds
[2025-01-11T12:02:26.196+0000] {processor.py:161} INFO - Started process (PID=9028) to work on /home/airflow/.local/lib/python3.12/site-packages/airflow/example_dags/example_trigger_target_dag.py
[2025-01-11T12:02:26.197+0000] {processor.py:830} INFO - Processing file /home/airflow/.local/lib/python3.12/site-packages/airflow/example_dags/example_trigger_target_dag.py for tasks to queue
[2025-01-11T12:02:26.198+0000] {logging_mixin.py:188} INFO - [2025-01-11T12:02:26.198+0000] {dagbag.py:545} INFO - Filling up the DagBag from /home/airflow/.local/lib/python3.12/site-packages/airflow/example_dags/example_trigger_target_dag.py
[2025-01-11T12:02:26.203+0000] {processor.py:840} INFO - DAG(s) 'example_trigger_target_dag' retrieved from /home/airflow/.local/lib/python3.12/site-packages/airflow/example_dags/example_trigger_target_dag.py
[2025-01-11T12:02:26.218+0000] {logging_mixin.py:188} INFO - [2025-01-11T12:02:26.218+0000] {dag.py:3089} INFO - Sync 1 DAGs
[2025-01-11T12:02:26.225+0000] {logging_mixin.py:188} INFO - [2025-01-11T12:02:26.225+0000] {dag.py:3947} INFO - Setting next_dagrun for example_trigger_target_dag to None, run_after=None
[2025-01-11T12:02:26.237+0000] {processor.py:183} INFO - Processing /home/airflow/.local/lib/python3.12/site-packages/airflow/example_dags/example_trigger_target_dag.py took 0.045 seconds
[2025-01-11T12:02:57.286+0000] {processor.py:161} INFO - Started process (PID=9305) to work on /home/airflow/.local/lib/python3.12/site-packages/airflow/example_dags/example_trigger_target_dag.py
[2025-01-11T12:02:57.287+0000] {processor.py:830} INFO - Processing file /home/airflow/.local/lib/python3.12/site-packages/airflow/example_dags/example_trigger_target_dag.py for tasks to queue
[2025-01-11T12:02:57.288+0000] {logging_mixin.py:188} INFO - [2025-01-11T12:02:57.288+0000] {dagbag.py:545} INFO - Filling up the DagBag from /home/airflow/.local/lib/python3.12/site-packages/airflow/example_dags/example_trigger_target_dag.py
[2025-01-11T12:02:57.292+0000] {processor.py:840} INFO - DAG(s) 'example_trigger_target_dag' retrieved from /home/airflow/.local/lib/python3.12/site-packages/airflow/example_dags/example_trigger_target_dag.py
[2025-01-11T12:02:57.305+0000] {logging_mixin.py:188} INFO - [2025-01-11T12:02:57.305+0000] {dag.py:3089} INFO - Sync 1 DAGs
[2025-01-11T12:02:57.311+0000] {logging_mixin.py:188} INFO - [2025-01-11T12:02:57.311+0000] {dag.py:3947} INFO - Setting next_dagrun for example_trigger_target_dag to None, run_after=None
[2025-01-11T12:02:57.323+0000] {processor.py:183} INFO - Processing /home/airflow/.local/lib/python3.12/site-packages/airflow/example_dags/example_trigger_target_dag.py took 0.042 seconds
[2025-01-11T12:03:28.055+0000] {processor.py:161} INFO - Started process (PID=9582) to work on /home/airflow/.local/lib/python3.12/site-packages/airflow/example_dags/example_trigger_target_dag.py
[2025-01-11T12:03:28.056+0000] {processor.py:830} INFO - Processing file /home/airflow/.local/lib/python3.12/site-packages/airflow/example_dags/example_trigger_target_dag.py for tasks to queue
[2025-01-11T12:03:28.057+0000] {logging_mixin.py:188} INFO - [2025-01-11T12:03:28.056+0000] {dagbag.py:545} INFO - Filling up the DagBag from /home/airflow/.local/lib/python3.12/site-packages/airflow/example_dags/example_trigger_target_dag.py
[2025-01-11T12:03:28.060+0000] {processor.py:840} INFO - DAG(s) 'example_trigger_target_dag' retrieved from /home/airflow/.local/lib/python3.12/site-packages/airflow/example_dags/example_trigger_target_dag.py
[2025-01-11T12:03:28.074+0000] {logging_mixin.py:188} INFO - [2025-01-11T12:03:28.074+0000] {dag.py:3089} INFO - Sync 1 DAGs
[2025-01-11T12:03:28.081+0000] {logging_mixin.py:188} INFO - [2025-01-11T12:03:28.081+0000] {dag.py:3947} INFO - Setting next_dagrun for example_trigger_target_dag to None, run_after=None
[2025-01-11T12:03:28.091+0000] {processor.py:183} INFO - Processing /home/airflow/.local/lib/python3.12/site-packages/airflow/example_dags/example_trigger_target_dag.py took 0.041 seconds
[2025-01-11T12:04:01.144+0000] {processor.py:161} INFO - Started process (PID=9859) to work on /home/airflow/.local/lib/python3.12/site-packages/airflow/example_dags/example_trigger_target_dag.py
[2025-01-11T12:04:01.145+0000] {processor.py:830} INFO - Processing file /home/airflow/.local/lib/python3.12/site-packages/airflow/example_dags/example_trigger_target_dag.py for tasks to queue
[2025-01-11T12:04:01.146+0000] {logging_mixin.py:188} INFO - [2025-01-11T12:04:01.146+0000] {dagbag.py:545} INFO - Filling up the DagBag from /home/airflow/.local/lib/python3.12/site-packages/airflow/example_dags/example_trigger_target_dag.py
[2025-01-11T12:04:01.150+0000] {processor.py:840} INFO - DAG(s) 'example_trigger_target_dag' retrieved from /home/airflow/.local/lib/python3.12/site-packages/airflow/example_dags/example_trigger_target_dag.py
[2025-01-11T12:04:01.163+0000] {logging_mixin.py:188} INFO - [2025-01-11T12:04:01.163+0000] {dag.py:3089} INFO - Sync 1 DAGs
[2025-01-11T12:04:01.171+0000] {logging_mixin.py:188} INFO - [2025-01-11T12:04:01.170+0000] {dag.py:3947} INFO - Setting next_dagrun for example_trigger_target_dag to None, run_after=None
[2025-01-11T12:04:01.182+0000] {processor.py:183} INFO - Processing /home/airflow/.local/lib/python3.12/site-packages/airflow/example_dags/example_trigger_target_dag.py took 0.042 seconds
[2025-01-11T12:04:31.495+0000] {processor.py:161} INFO - Started process (PID=10136) to work on /home/airflow/.local/lib/python3.12/site-packages/airflow/example_dags/example_trigger_target_dag.py
[2025-01-11T12:04:31.496+0000] {processor.py:830} INFO - Processing file /home/airflow/.local/lib/python3.12/site-packages/airflow/example_dags/example_trigger_target_dag.py for tasks to queue
[2025-01-11T12:04:31.497+0000] {logging_mixin.py:188} INFO - [2025-01-11T12:04:31.497+0000] {dagbag.py:545} INFO - Filling up the DagBag from /home/airflow/.local/lib/python3.12/site-packages/airflow/example_dags/example_trigger_target_dag.py
[2025-01-11T12:04:31.501+0000] {processor.py:840} INFO - DAG(s) 'example_trigger_target_dag' retrieved from /home/airflow/.local/lib/python3.12/site-packages/airflow/example_dags/example_trigger_target_dag.py
[2025-01-11T12:04:31.514+0000] {logging_mixin.py:188} INFO - [2025-01-11T12:04:31.514+0000] {dag.py:3089} INFO - Sync 1 DAGs
[2025-01-11T12:04:31.520+0000] {logging_mixin.py:188} INFO - [2025-01-11T12:04:31.520+0000] {dag.py:3947} INFO - Setting next_dagrun for example_trigger_target_dag to None, run_after=None
[2025-01-11T12:04:31.533+0000] {processor.py:183} INFO - Processing /home/airflow/.local/lib/python3.12/site-packages/airflow/example_dags/example_trigger_target_dag.py took 0.041 seconds
[2025-01-11T12:05:02.488+0000] {processor.py:161} INFO - Started process (PID=10415) to work on /home/airflow/.local/lib/python3.12/site-packages/airflow/example_dags/example_trigger_target_dag.py
[2025-01-11T12:05:02.489+0000] {processor.py:830} INFO - Processing file /home/airflow/.local/lib/python3.12/site-packages/airflow/example_dags/example_trigger_target_dag.py for tasks to queue
[2025-01-11T12:05:02.490+0000] {logging_mixin.py:188} INFO - [2025-01-11T12:05:02.489+0000] {dagbag.py:545} INFO - Filling up the DagBag from /home/airflow/.local/lib/python3.12/site-packages/airflow/example_dags/example_trigger_target_dag.py
[2025-01-11T12:05:02.493+0000] {processor.py:840} INFO - DAG(s) 'example_trigger_target_dag' retrieved from /home/airflow/.local/lib/python3.12/site-packages/airflow/example_dags/example_trigger_target_dag.py
[2025-01-11T12:05:02.506+0000] {logging_mixin.py:188} INFO - [2025-01-11T12:05:02.505+0000] {dag.py:3089} INFO - Sync 1 DAGs
[2025-01-11T12:05:02.512+0000] {logging_mixin.py:188} INFO - [2025-01-11T12:05:02.512+0000] {dag.py:3947} INFO - Setting next_dagrun for example_trigger_target_dag to None, run_after=None
[2025-01-11T12:05:02.522+0000] {processor.py:183} INFO - Processing /home/airflow/.local/lib/python3.12/site-packages/airflow/example_dags/example_trigger_target_dag.py took 0.039 seconds
[2025-01-11T12:05:33.650+0000] {processor.py:161} INFO - Started process (PID=10690) to work on /home/airflow/.local/lib/python3.12/site-packages/airflow/example_dags/example_trigger_target_dag.py
[2025-01-11T12:05:33.651+0000] {processor.py:830} INFO - Processing file /home/airflow/.local/lib/python3.12/site-packages/airflow/example_dags/example_trigger_target_dag.py for tasks to queue
[2025-01-11T12:05:33.652+0000] {logging_mixin.py:188} INFO - [2025-01-11T12:05:33.652+0000] {dagbag.py:545} INFO - Filling up the DagBag from /home/airflow/.local/lib/python3.12/site-packages/airflow/example_dags/example_trigger_target_dag.py
[2025-01-11T12:05:33.656+0000] {processor.py:840} INFO - DAG(s) 'example_trigger_target_dag' retrieved from /home/airflow/.local/lib/python3.12/site-packages/airflow/example_dags/example_trigger_target_dag.py
[2025-01-11T12:05:33.669+0000] {logging_mixin.py:188} INFO - [2025-01-11T12:05:33.669+0000] {dag.py:3089} INFO - Sync 1 DAGs
[2025-01-11T12:05:33.676+0000] {logging_mixin.py:188} INFO - [2025-01-11T12:05:33.676+0000] {dag.py:3947} INFO - Setting next_dagrun for example_trigger_target_dag to None, run_after=None
[2025-01-11T12:05:33.688+0000] {processor.py:183} INFO - Processing /home/airflow/.local/lib/python3.12/site-packages/airflow/example_dags/example_trigger_target_dag.py took 0.042 seconds
[2025-01-11T12:06:04.410+0000] {processor.py:161} INFO - Started process (PID=10967) to work on /home/airflow/.local/lib/python3.12/site-packages/airflow/example_dags/example_trigger_target_dag.py
[2025-01-11T12:06:04.410+0000] {processor.py:830} INFO - Processing file /home/airflow/.local/lib/python3.12/site-packages/airflow/example_dags/example_trigger_target_dag.py for tasks to queue
[2025-01-11T12:06:04.411+0000] {logging_mixin.py:188} INFO - [2025-01-11T12:06:04.411+0000] {dagbag.py:545} INFO - Filling up the DagBag from /home/airflow/.local/lib/python3.12/site-packages/airflow/example_dags/example_trigger_target_dag.py
[2025-01-11T12:06:04.416+0000] {processor.py:840} INFO - DAG(s) 'example_trigger_target_dag' retrieved from /home/airflow/.local/lib/python3.12/site-packages/airflow/example_dags/example_trigger_target_dag.py
[2025-01-11T12:06:04.428+0000] {logging_mixin.py:188} INFO - [2025-01-11T12:06:04.428+0000] {dag.py:3089} INFO - Sync 1 DAGs
[2025-01-11T12:06:04.436+0000] {logging_mixin.py:188} INFO - [2025-01-11T12:06:04.436+0000] {dag.py:3947} INFO - Setting next_dagrun for example_trigger_target_dag to None, run_after=None
[2025-01-11T12:06:04.448+0000] {processor.py:183} INFO - Processing /home/airflow/.local/lib/python3.12/site-packages/airflow/example_dags/example_trigger_target_dag.py took 0.044 seconds
[2025-01-11T12:06:35.104+0000] {processor.py:161} INFO - Started process (PID=11244) to work on /home/airflow/.local/lib/python3.12/site-packages/airflow/example_dags/example_trigger_target_dag.py
[2025-01-11T12:06:35.105+0000] {processor.py:830} INFO - Processing file /home/airflow/.local/lib/python3.12/site-packages/airflow/example_dags/example_trigger_target_dag.py for tasks to queue
[2025-01-11T12:06:35.107+0000] {logging_mixin.py:188} INFO - [2025-01-11T12:06:35.107+0000] {dagbag.py:545} INFO - Filling up the DagBag from /home/airflow/.local/lib/python3.12/site-packages/airflow/example_dags/example_trigger_target_dag.py
[2025-01-11T12:06:35.111+0000] {processor.py:840} INFO - DAG(s) 'example_trigger_target_dag' retrieved from /home/airflow/.local/lib/python3.12/site-packages/airflow/example_dags/example_trigger_target_dag.py
[2025-01-11T12:06:35.126+0000] {logging_mixin.py:188} INFO - [2025-01-11T12:06:35.126+0000] {dag.py:3089} INFO - Sync 1 DAGs
[2025-01-11T12:06:35.133+0000] {logging_mixin.py:188} INFO - [2025-01-11T12:06:35.133+0000] {dag.py:3947} INFO - Setting next_dagrun for example_trigger_target_dag to None, run_after=None
[2025-01-11T12:06:35.144+0000] {processor.py:183} INFO - Processing /home/airflow/.local/lib/python3.12/site-packages/airflow/example_dags/example_trigger_target_dag.py took 0.045 seconds
[2025-01-11T12:07:05.440+0000] {processor.py:161} INFO - Started process (PID=11521) to work on /home/airflow/.local/lib/python3.12/site-packages/airflow/example_dags/example_trigger_target_dag.py
[2025-01-11T12:07:05.441+0000] {processor.py:830} INFO - Processing file /home/airflow/.local/lib/python3.12/site-packages/airflow/example_dags/example_trigger_target_dag.py for tasks to queue
[2025-01-11T12:07:05.442+0000] {logging_mixin.py:188} INFO - [2025-01-11T12:07:05.442+0000] {dagbag.py:545} INFO - Filling up the DagBag from /home/airflow/.local/lib/python3.12/site-packages/airflow/example_dags/example_trigger_target_dag.py
[2025-01-11T12:07:05.446+0000] {processor.py:840} INFO - DAG(s) 'example_trigger_target_dag' retrieved from /home/airflow/.local/lib/python3.12/site-packages/airflow/example_dags/example_trigger_target_dag.py
[2025-01-11T12:07:05.461+0000] {logging_mixin.py:188} INFO - [2025-01-11T12:07:05.460+0000] {dag.py:3089} INFO - Sync 1 DAGs
[2025-01-11T12:07:05.468+0000] {logging_mixin.py:188} INFO - [2025-01-11T12:07:05.468+0000] {dag.py:3947} INFO - Setting next_dagrun for example_trigger_target_dag to None, run_after=None
[2025-01-11T12:07:05.481+0000] {processor.py:183} INFO - Processing /home/airflow/.local/lib/python3.12/site-packages/airflow/example_dags/example_trigger_target_dag.py took 0.045 seconds
[2025-01-11T12:07:37.423+0000] {processor.py:161} INFO - Started process (PID=11800) to work on /home/airflow/.local/lib/python3.12/site-packages/airflow/example_dags/example_trigger_target_dag.py
[2025-01-11T12:07:37.423+0000] {processor.py:830} INFO - Processing file /home/airflow/.local/lib/python3.12/site-packages/airflow/example_dags/example_trigger_target_dag.py for tasks to queue
[2025-01-11T12:07:37.425+0000] {logging_mixin.py:188} INFO - [2025-01-11T12:07:37.425+0000] {dagbag.py:545} INFO - Filling up the DagBag from /home/airflow/.local/lib/python3.12/site-packages/airflow/example_dags/example_trigger_target_dag.py
[2025-01-11T12:07:37.430+0000] {processor.py:840} INFO - DAG(s) 'example_trigger_target_dag' retrieved from /home/airflow/.local/lib/python3.12/site-packages/airflow/example_dags/example_trigger_target_dag.py
[2025-01-11T12:07:37.444+0000] {logging_mixin.py:188} INFO - [2025-01-11T12:07:37.444+0000] {dag.py:3089} INFO - Sync 1 DAGs
[2025-01-11T12:07:37.452+0000] {logging_mixin.py:188} INFO - [2025-01-11T12:07:37.452+0000] {dag.py:3947} INFO - Setting next_dagrun for example_trigger_target_dag to None, run_after=None
[2025-01-11T12:07:37.571+0000] {processor.py:183} INFO - Processing /home/airflow/.local/lib/python3.12/site-packages/airflow/example_dags/example_trigger_target_dag.py took 0.153 seconds
[2025-01-11T12:08:08.214+0000] {processor.py:161} INFO - Started process (PID=12077) to work on /home/airflow/.local/lib/python3.12/site-packages/airflow/example_dags/example_trigger_target_dag.py
[2025-01-11T12:08:08.214+0000] {processor.py:830} INFO - Processing file /home/airflow/.local/lib/python3.12/site-packages/airflow/example_dags/example_trigger_target_dag.py for tasks to queue
[2025-01-11T12:08:08.215+0000] {logging_mixin.py:188} INFO - [2025-01-11T12:08:08.215+0000] {dagbag.py:545} INFO - Filling up the DagBag from /home/airflow/.local/lib/python3.12/site-packages/airflow/example_dags/example_trigger_target_dag.py
[2025-01-11T12:08:08.219+0000] {processor.py:840} INFO - DAG(s) 'example_trigger_target_dag' retrieved from /home/airflow/.local/lib/python3.12/site-packages/airflow/example_dags/example_trigger_target_dag.py
[2025-01-11T12:08:08.232+0000] {logging_mixin.py:188} INFO - [2025-01-11T12:08:08.232+0000] {dag.py:3089} INFO - Sync 1 DAGs
[2025-01-11T12:08:08.239+0000] {logging_mixin.py:188} INFO - [2025-01-11T12:08:08.239+0000] {dag.py:3947} INFO - Setting next_dagrun for example_trigger_target_dag to None, run_after=None
[2025-01-11T12:08:08.249+0000] {processor.py:183} INFO - Processing /home/airflow/.local/lib/python3.12/site-packages/airflow/example_dags/example_trigger_target_dag.py took 0.039 seconds
[2025-01-11T12:08:39.069+0000] {processor.py:161} INFO - Started process (PID=12352) to work on /home/airflow/.local/lib/python3.12/site-packages/airflow/example_dags/example_trigger_target_dag.py
[2025-01-11T12:08:39.070+0000] {processor.py:830} INFO - Processing file /home/airflow/.local/lib/python3.12/site-packages/airflow/example_dags/example_trigger_target_dag.py for tasks to queue
[2025-01-11T12:08:39.071+0000] {logging_mixin.py:188} INFO - [2025-01-11T12:08:39.071+0000] {dagbag.py:545} INFO - Filling up the DagBag from /home/airflow/.local/lib/python3.12/site-packages/airflow/example_dags/example_trigger_target_dag.py
[2025-01-11T12:08:39.077+0000] {processor.py:840} INFO - DAG(s) 'example_trigger_target_dag' retrieved from /home/airflow/.local/lib/python3.12/site-packages/airflow/example_dags/example_trigger_target_dag.py
[2025-01-11T12:08:39.091+0000] {logging_mixin.py:188} INFO - [2025-01-11T12:08:39.090+0000] {dag.py:3089} INFO - Sync 1 DAGs
[2025-01-11T12:08:39.098+0000] {logging_mixin.py:188} INFO - [2025-01-11T12:08:39.098+0000] {dag.py:3947} INFO - Setting next_dagrun for example_trigger_target_dag to None, run_after=None
[2025-01-11T12:08:39.111+0000] {processor.py:183} INFO - Processing /home/airflow/.local/lib/python3.12/site-packages/airflow/example_dags/example_trigger_target_dag.py took 0.047 seconds
[2025-01-11T12:09:09.960+0000] {processor.py:161} INFO - Started process (PID=12629) to work on /home/airflow/.local/lib/python3.12/site-packages/airflow/example_dags/example_trigger_target_dag.py
[2025-01-11T12:09:09.960+0000] {processor.py:830} INFO - Processing file /home/airflow/.local/lib/python3.12/site-packages/airflow/example_dags/example_trigger_target_dag.py for tasks to queue
[2025-01-11T12:09:09.962+0000] {logging_mixin.py:188} INFO - [2025-01-11T12:09:09.962+0000] {dagbag.py:545} INFO - Filling up the DagBag from /home/airflow/.local/lib/python3.12/site-packages/airflow/example_dags/example_trigger_target_dag.py
[2025-01-11T12:09:09.966+0000] {processor.py:840} INFO - DAG(s) 'example_trigger_target_dag' retrieved from /home/airflow/.local/lib/python3.12/site-packages/airflow/example_dags/example_trigger_target_dag.py
[2025-01-11T12:09:09.979+0000] {logging_mixin.py:188} INFO - [2025-01-11T12:09:09.979+0000] {dag.py:3089} INFO - Sync 1 DAGs
[2025-01-11T12:09:09.986+0000] {logging_mixin.py:188} INFO - [2025-01-11T12:09:09.986+0000] {dag.py:3947} INFO - Setting next_dagrun for example_trigger_target_dag to None, run_after=None
[2025-01-11T12:09:09.997+0000] {processor.py:183} INFO - Processing /home/airflow/.local/lib/python3.12/site-packages/airflow/example_dags/example_trigger_target_dag.py took 0.043 seconds
[2025-01-11T12:09:41.866+0000] {processor.py:161} INFO - Started process (PID=12908) to work on /home/airflow/.local/lib/python3.12/site-packages/airflow/example_dags/example_trigger_target_dag.py
[2025-01-11T12:09:41.867+0000] {processor.py:830} INFO - Processing file /home/airflow/.local/lib/python3.12/site-packages/airflow/example_dags/example_trigger_target_dag.py for tasks to queue
[2025-01-11T12:09:41.869+0000] {logging_mixin.py:188} INFO - [2025-01-11T12:09:41.868+0000] {dagbag.py:545} INFO - Filling up the DagBag from /home/airflow/.local/lib/python3.12/site-packages/airflow/example_dags/example_trigger_target_dag.py
[2025-01-11T12:09:41.872+0000] {processor.py:840} INFO - DAG(s) 'example_trigger_target_dag' retrieved from /home/airflow/.local/lib/python3.12/site-packages/airflow/example_dags/example_trigger_target_dag.py
[2025-01-11T12:09:41.885+0000] {logging_mixin.py:188} INFO - [2025-01-11T12:09:41.885+0000] {dag.py:3089} INFO - Sync 1 DAGs
[2025-01-11T12:09:41.892+0000] {logging_mixin.py:188} INFO - [2025-01-11T12:09:41.892+0000] {dag.py:3947} INFO - Setting next_dagrun for example_trigger_target_dag to None, run_after=None
[2025-01-11T12:09:41.902+0000] {processor.py:183} INFO - Processing /home/airflow/.local/lib/python3.12/site-packages/airflow/example_dags/example_trigger_target_dag.py took 0.040 seconds
[2025-01-11T12:10:13.732+0000] {processor.py:161} INFO - Started process (PID=13191) to work on /home/airflow/.local/lib/python3.12/site-packages/airflow/example_dags/example_trigger_target_dag.py
[2025-01-11T12:10:13.733+0000] {processor.py:830} INFO - Processing file /home/airflow/.local/lib/python3.12/site-packages/airflow/example_dags/example_trigger_target_dag.py for tasks to queue
[2025-01-11T12:10:13.735+0000] {logging_mixin.py:188} INFO - [2025-01-11T12:10:13.735+0000] {dagbag.py:545} INFO - Filling up the DagBag from /home/airflow/.local/lib/python3.12/site-packages/airflow/example_dags/example_trigger_target_dag.py
[2025-01-11T12:10:13.739+0000] {processor.py:840} INFO - DAG(s) 'example_trigger_target_dag' retrieved from /home/airflow/.local/lib/python3.12/site-packages/airflow/example_dags/example_trigger_target_dag.py
[2025-01-11T12:10:13.754+0000] {logging_mixin.py:188} INFO - [2025-01-11T12:10:13.754+0000] {dag.py:3089} INFO - Sync 1 DAGs
[2025-01-11T12:10:13.872+0000] {logging_mixin.py:188} INFO - [2025-01-11T12:10:13.872+0000] {dag.py:3947} INFO - Setting next_dagrun for example_trigger_target_dag to None, run_after=None
[2025-01-11T12:10:13.884+0000] {processor.py:183} INFO - Processing /home/airflow/.local/lib/python3.12/site-packages/airflow/example_dags/example_trigger_target_dag.py took 0.157 seconds
[2025-01-11T12:10:44.124+0000] {processor.py:161} INFO - Started process (PID=13466) to work on /home/airflow/.local/lib/python3.12/site-packages/airflow/example_dags/example_trigger_target_dag.py
[2025-01-11T12:10:44.125+0000] {processor.py:830} INFO - Processing file /home/airflow/.local/lib/python3.12/site-packages/airflow/example_dags/example_trigger_target_dag.py for tasks to queue
[2025-01-11T12:10:44.126+0000] {logging_mixin.py:188} INFO - [2025-01-11T12:10:44.126+0000] {dagbag.py:545} INFO - Filling up the DagBag from /home/airflow/.local/lib/python3.12/site-packages/airflow/example_dags/example_trigger_target_dag.py
[2025-01-11T12:10:44.131+0000] {processor.py:840} INFO - DAG(s) 'example_trigger_target_dag' retrieved from /home/airflow/.local/lib/python3.12/site-packages/airflow/example_dags/example_trigger_target_dag.py
[2025-01-11T12:10:44.144+0000] {logging_mixin.py:188} INFO - [2025-01-11T12:10:44.144+0000] {dag.py:3089} INFO - Sync 1 DAGs
[2025-01-11T12:10:44.152+0000] {logging_mixin.py:188} INFO - [2025-01-11T12:10:44.151+0000] {dag.py:3947} INFO - Setting next_dagrun for example_trigger_target_dag to None, run_after=None
[2025-01-11T12:10:44.161+0000] {processor.py:183} INFO - Processing /home/airflow/.local/lib/python3.12/site-packages/airflow/example_dags/example_trigger_target_dag.py took 0.041 seconds
[2025-01-11T12:11:15.124+0000] {processor.py:161} INFO - Started process (PID=13743) to work on /home/airflow/.local/lib/python3.12/site-packages/airflow/example_dags/example_trigger_target_dag.py
[2025-01-11T12:11:15.125+0000] {processor.py:830} INFO - Processing file /home/airflow/.local/lib/python3.12/site-packages/airflow/example_dags/example_trigger_target_dag.py for tasks to queue
[2025-01-11T12:11:15.126+0000] {logging_mixin.py:188} INFO - [2025-01-11T12:11:15.126+0000] {dagbag.py:545} INFO - Filling up the DagBag from /home/airflow/.local/lib/python3.12/site-packages/airflow/example_dags/example_trigger_target_dag.py
[2025-01-11T12:11:15.130+0000] {processor.py:840} INFO - DAG(s) 'example_trigger_target_dag' retrieved from /home/airflow/.local/lib/python3.12/site-packages/airflow/example_dags/example_trigger_target_dag.py
[2025-01-11T12:11:15.145+0000] {logging_mixin.py:188} INFO - [2025-01-11T12:11:15.144+0000] {dag.py:3089} INFO - Sync 1 DAGs
[2025-01-11T12:11:15.152+0000] {logging_mixin.py:188} INFO - [2025-01-11T12:11:15.152+0000] {dag.py:3947} INFO - Setting next_dagrun for example_trigger_target_dag to None, run_after=None
[2025-01-11T12:11:15.163+0000] {processor.py:183} INFO - Processing /home/airflow/.local/lib/python3.12/site-packages/airflow/example_dags/example_trigger_target_dag.py took 0.043 seconds
[2025-01-11T12:11:45.785+0000] {processor.py:161} INFO - Started process (PID=14020) to work on /home/airflow/.local/lib/python3.12/site-packages/airflow/example_dags/example_trigger_target_dag.py
[2025-01-11T12:11:45.786+0000] {processor.py:830} INFO - Processing file /home/airflow/.local/lib/python3.12/site-packages/airflow/example_dags/example_trigger_target_dag.py for tasks to queue
[2025-01-11T12:11:45.788+0000] {logging_mixin.py:188} INFO - [2025-01-11T12:11:45.788+0000] {dagbag.py:545} INFO - Filling up the DagBag from /home/airflow/.local/lib/python3.12/site-packages/airflow/example_dags/example_trigger_target_dag.py
[2025-01-11T12:11:45.797+0000] {processor.py:840} INFO - DAG(s) 'example_trigger_target_dag' retrieved from /home/airflow/.local/lib/python3.12/site-packages/airflow/example_dags/example_trigger_target_dag.py
[2025-01-11T12:11:45.813+0000] {logging_mixin.py:188} INFO - [2025-01-11T12:11:45.813+0000] {dag.py:3089} INFO - Sync 1 DAGs
[2025-01-11T12:11:45.822+0000] {logging_mixin.py:188} INFO - [2025-01-11T12:11:45.822+0000] {dag.py:3947} INFO - Setting next_dagrun for example_trigger_target_dag to None, run_after=None
[2025-01-11T12:11:45.834+0000] {processor.py:183} INFO - Processing /home/airflow/.local/lib/python3.12/site-packages/airflow/example_dags/example_trigger_target_dag.py took 0.053 seconds
[2025-01-11T12:12:16.260+0000] {processor.py:161} INFO - Started process (PID=14291) to work on /home/airflow/.local/lib/python3.12/site-packages/airflow/example_dags/example_trigger_target_dag.py
[2025-01-11T12:12:16.261+0000] {processor.py:830} INFO - Processing file /home/airflow/.local/lib/python3.12/site-packages/airflow/example_dags/example_trigger_target_dag.py for tasks to queue
[2025-01-11T12:12:16.262+0000] {logging_mixin.py:188} INFO - [2025-01-11T12:12:16.262+0000] {dagbag.py:545} INFO - Filling up the DagBag from /home/airflow/.local/lib/python3.12/site-packages/airflow/example_dags/example_trigger_target_dag.py
[2025-01-11T12:12:16.267+0000] {processor.py:840} INFO - DAG(s) 'example_trigger_target_dag' retrieved from /home/airflow/.local/lib/python3.12/site-packages/airflow/example_dags/example_trigger_target_dag.py
[2025-01-11T12:12:16.282+0000] {logging_mixin.py:188} INFO - [2025-01-11T12:12:16.282+0000] {dag.py:3089} INFO - Sync 1 DAGs
[2025-01-11T12:12:16.290+0000] {logging_mixin.py:188} INFO - [2025-01-11T12:12:16.290+0000] {dag.py:3947} INFO - Setting next_dagrun for example_trigger_target_dag to None, run_after=None
[2025-01-11T12:12:16.302+0000] {processor.py:183} INFO - Processing /home/airflow/.local/lib/python3.12/site-packages/airflow/example_dags/example_trigger_target_dag.py took 0.047 seconds
[2025-01-11T12:12:47.279+0000] {processor.py:161} INFO - Started process (PID=14574) to work on /home/airflow/.local/lib/python3.12/site-packages/airflow/example_dags/example_trigger_target_dag.py
[2025-01-11T12:12:47.279+0000] {processor.py:830} INFO - Processing file /home/airflow/.local/lib/python3.12/site-packages/airflow/example_dags/example_trigger_target_dag.py for tasks to queue
[2025-01-11T12:12:47.281+0000] {logging_mixin.py:188} INFO - [2025-01-11T12:12:47.281+0000] {dagbag.py:545} INFO - Filling up the DagBag from /home/airflow/.local/lib/python3.12/site-packages/airflow/example_dags/example_trigger_target_dag.py
[2025-01-11T12:12:47.285+0000] {processor.py:840} INFO - DAG(s) 'example_trigger_target_dag' retrieved from /home/airflow/.local/lib/python3.12/site-packages/airflow/example_dags/example_trigger_target_dag.py
[2025-01-11T12:12:47.298+0000] {logging_mixin.py:188} INFO - [2025-01-11T12:12:47.298+0000] {dag.py:3089} INFO - Sync 1 DAGs
[2025-01-11T12:12:47.305+0000] {logging_mixin.py:188} INFO - [2025-01-11T12:12:47.305+0000] {dag.py:3947} INFO - Setting next_dagrun for example_trigger_target_dag to None, run_after=None
[2025-01-11T12:12:47.317+0000] {processor.py:183} INFO - Processing /home/airflow/.local/lib/python3.12/site-packages/airflow/example_dags/example_trigger_target_dag.py took 0.042 seconds
[2025-01-11T12:13:18.365+0000] {processor.py:161} INFO - Started process (PID=14845) to work on /home/airflow/.local/lib/python3.12/site-packages/airflow/example_dags/example_trigger_target_dag.py
[2025-01-11T12:13:18.366+0000] {processor.py:830} INFO - Processing file /home/airflow/.local/lib/python3.12/site-packages/airflow/example_dags/example_trigger_target_dag.py for tasks to queue
[2025-01-11T12:13:18.367+0000] {logging_mixin.py:188} INFO - [2025-01-11T12:13:18.367+0000] {dagbag.py:545} INFO - Filling up the DagBag from /home/airflow/.local/lib/python3.12/site-packages/airflow/example_dags/example_trigger_target_dag.py
[2025-01-11T12:13:18.372+0000] {processor.py:840} INFO - DAG(s) 'example_trigger_target_dag' retrieved from /home/airflow/.local/lib/python3.12/site-packages/airflow/example_dags/example_trigger_target_dag.py
[2025-01-11T12:13:18.385+0000] {logging_mixin.py:188} INFO - [2025-01-11T12:13:18.385+0000] {dag.py:3089} INFO - Sync 1 DAGs
[2025-01-11T12:13:18.393+0000] {logging_mixin.py:188} INFO - [2025-01-11T12:13:18.393+0000] {dag.py:3947} INFO - Setting next_dagrun for example_trigger_target_dag to None, run_after=None
[2025-01-11T12:13:18.404+0000] {processor.py:183} INFO - Processing /home/airflow/.local/lib/python3.12/site-packages/airflow/example_dags/example_trigger_target_dag.py took 0.043 seconds
[2025-01-11T12:13:50.539+0000] {processor.py:161} INFO - Started process (PID=15122) to work on /home/airflow/.local/lib/python3.12/site-packages/airflow/example_dags/example_trigger_target_dag.py
[2025-01-11T12:13:50.540+0000] {processor.py:830} INFO - Processing file /home/airflow/.local/lib/python3.12/site-packages/airflow/example_dags/example_trigger_target_dag.py for tasks to queue
[2025-01-11T12:13:50.541+0000] {logging_mixin.py:188} INFO - [2025-01-11T12:13:50.541+0000] {dagbag.py:545} INFO - Filling up the DagBag from /home/airflow/.local/lib/python3.12/site-packages/airflow/example_dags/example_trigger_target_dag.py
[2025-01-11T12:13:50.545+0000] {processor.py:840} INFO - DAG(s) 'example_trigger_target_dag' retrieved from /home/airflow/.local/lib/python3.12/site-packages/airflow/example_dags/example_trigger_target_dag.py
[2025-01-11T12:13:50.558+0000] {logging_mixin.py:188} INFO - [2025-01-11T12:13:50.558+0000] {dag.py:3089} INFO - Sync 1 DAGs
[2025-01-11T12:13:50.564+0000] {logging_mixin.py:188} INFO - [2025-01-11T12:13:50.564+0000] {dag.py:3947} INFO - Setting next_dagrun for example_trigger_target_dag to None, run_after=None
[2025-01-11T12:13:50.575+0000] {processor.py:183} INFO - Processing /home/airflow/.local/lib/python3.12/site-packages/airflow/example_dags/example_trigger_target_dag.py took 0.040 seconds
[2025-01-11T12:14:21.134+0000] {processor.py:161} INFO - Started process (PID=15401) to work on /home/airflow/.local/lib/python3.12/site-packages/airflow/example_dags/example_trigger_target_dag.py
[2025-01-11T12:14:21.134+0000] {processor.py:830} INFO - Processing file /home/airflow/.local/lib/python3.12/site-packages/airflow/example_dags/example_trigger_target_dag.py for tasks to queue
[2025-01-11T12:14:21.136+0000] {logging_mixin.py:188} INFO - [2025-01-11T12:14:21.135+0000] {dagbag.py:545} INFO - Filling up the DagBag from /home/airflow/.local/lib/python3.12/site-packages/airflow/example_dags/example_trigger_target_dag.py
[2025-01-11T12:14:21.139+0000] {processor.py:840} INFO - DAG(s) 'example_trigger_target_dag' retrieved from /home/airflow/.local/lib/python3.12/site-packages/airflow/example_dags/example_trigger_target_dag.py
[2025-01-11T12:14:21.151+0000] {logging_mixin.py:188} INFO - [2025-01-11T12:14:21.151+0000] {dag.py:3089} INFO - Sync 1 DAGs
[2025-01-11T12:14:21.158+0000] {logging_mixin.py:188} INFO - [2025-01-11T12:14:21.158+0000] {dag.py:3947} INFO - Setting next_dagrun for example_trigger_target_dag to None, run_after=None
[2025-01-11T12:14:21.167+0000] {processor.py:183} INFO - Processing /home/airflow/.local/lib/python3.12/site-packages/airflow/example_dags/example_trigger_target_dag.py took 0.037 seconds
[2025-01-11T12:14:52.396+0000] {processor.py:161} INFO - Started process (PID=15676) to work on /home/airflow/.local/lib/python3.12/site-packages/airflow/example_dags/example_trigger_target_dag.py
[2025-01-11T12:14:52.396+0000] {processor.py:830} INFO - Processing file /home/airflow/.local/lib/python3.12/site-packages/airflow/example_dags/example_trigger_target_dag.py for tasks to queue
[2025-01-11T12:14:52.398+0000] {logging_mixin.py:188} INFO - [2025-01-11T12:14:52.398+0000] {dagbag.py:545} INFO - Filling up the DagBag from /home/airflow/.local/lib/python3.12/site-packages/airflow/example_dags/example_trigger_target_dag.py
[2025-01-11T12:14:52.402+0000] {processor.py:840} INFO - DAG(s) 'example_trigger_target_dag' retrieved from /home/airflow/.local/lib/python3.12/site-packages/airflow/example_dags/example_trigger_target_dag.py
[2025-01-11T12:14:52.414+0000] {logging_mixin.py:188} INFO - [2025-01-11T12:14:52.414+0000] {dag.py:3089} INFO - Sync 1 DAGs
[2025-01-11T12:14:52.421+0000] {logging_mixin.py:188} INFO - [2025-01-11T12:14:52.421+0000] {dag.py:3947} INFO - Setting next_dagrun for example_trigger_target_dag to None, run_after=None
[2025-01-11T12:14:52.431+0000] {processor.py:183} INFO - Processing /home/airflow/.local/lib/python3.12/site-packages/airflow/example_dags/example_trigger_target_dag.py took 0.039 seconds
[2025-01-11T12:15:23.288+0000] {processor.py:161} INFO - Started process (PID=15953) to work on /home/airflow/.local/lib/python3.12/site-packages/airflow/example_dags/example_trigger_target_dag.py
[2025-01-11T12:15:23.289+0000] {processor.py:830} INFO - Processing file /home/airflow/.local/lib/python3.12/site-packages/airflow/example_dags/example_trigger_target_dag.py for tasks to queue
[2025-01-11T12:15:23.290+0000] {logging_mixin.py:188} INFO - [2025-01-11T12:15:23.290+0000] {dagbag.py:545} INFO - Filling up the DagBag from /home/airflow/.local/lib/python3.12/site-packages/airflow/example_dags/example_trigger_target_dag.py
[2025-01-11T12:15:23.294+0000] {processor.py:840} INFO - DAG(s) 'example_trigger_target_dag' retrieved from /home/airflow/.local/lib/python3.12/site-packages/airflow/example_dags/example_trigger_target_dag.py
[2025-01-11T12:15:23.307+0000] {logging_mixin.py:188} INFO - [2025-01-11T12:15:23.307+0000] {dag.py:3089} INFO - Sync 1 DAGs
[2025-01-11T12:15:23.314+0000] {logging_mixin.py:188} INFO - [2025-01-11T12:15:23.314+0000] {dag.py:3947} INFO - Setting next_dagrun for example_trigger_target_dag to None, run_after=None
[2025-01-11T12:15:23.324+0000] {processor.py:183} INFO - Processing /home/airflow/.local/lib/python3.12/site-packages/airflow/example_dags/example_trigger_target_dag.py took 0.040 seconds
[2025-01-11T12:15:53.532+0000] {processor.py:161} INFO - Started process (PID=16232) to work on /home/airflow/.local/lib/python3.12/site-packages/airflow/example_dags/example_trigger_target_dag.py
[2025-01-11T12:15:53.532+0000] {processor.py:830} INFO - Processing file /home/airflow/.local/lib/python3.12/site-packages/airflow/example_dags/example_trigger_target_dag.py for tasks to queue
[2025-01-11T12:15:53.533+0000] {logging_mixin.py:188} INFO - [2025-01-11T12:15:53.533+0000] {dagbag.py:545} INFO - Filling up the DagBag from /home/airflow/.local/lib/python3.12/site-packages/airflow/example_dags/example_trigger_target_dag.py
[2025-01-11T12:15:53.537+0000] {processor.py:840} INFO - DAG(s) 'example_trigger_target_dag' retrieved from /home/airflow/.local/lib/python3.12/site-packages/airflow/example_dags/example_trigger_target_dag.py
[2025-01-11T12:15:53.548+0000] {logging_mixin.py:188} INFO - [2025-01-11T12:15:53.548+0000] {dag.py:3089} INFO - Sync 1 DAGs
[2025-01-11T12:15:53.554+0000] {logging_mixin.py:188} INFO - [2025-01-11T12:15:53.554+0000] {dag.py:3947} INFO - Setting next_dagrun for example_trigger_target_dag to None, run_after=None
[2025-01-11T12:15:53.562+0000] {processor.py:183} INFO - Processing /home/airflow/.local/lib/python3.12/site-packages/airflow/example_dags/example_trigger_target_dag.py took 0.034 seconds
[2025-01-11T12:16:26.544+0000] {processor.py:161} INFO - Started process (PID=16507) to work on /home/airflow/.local/lib/python3.12/site-packages/airflow/example_dags/example_trigger_target_dag.py
[2025-01-11T12:16:26.545+0000] {processor.py:830} INFO - Processing file /home/airflow/.local/lib/python3.12/site-packages/airflow/example_dags/example_trigger_target_dag.py for tasks to queue
[2025-01-11T12:16:26.547+0000] {logging_mixin.py:188} INFO - [2025-01-11T12:16:26.546+0000] {dagbag.py:545} INFO - Filling up the DagBag from /home/airflow/.local/lib/python3.12/site-packages/airflow/example_dags/example_trigger_target_dag.py
[2025-01-11T12:16:26.551+0000] {processor.py:840} INFO - DAG(s) 'example_trigger_target_dag' retrieved from /home/airflow/.local/lib/python3.12/site-packages/airflow/example_dags/example_trigger_target_dag.py
[2025-01-11T12:16:26.563+0000] {logging_mixin.py:188} INFO - [2025-01-11T12:16:26.563+0000] {dag.py:3089} INFO - Sync 1 DAGs
[2025-01-11T12:16:26.569+0000] {logging_mixin.py:188} INFO - [2025-01-11T12:16:26.569+0000] {dag.py:3947} INFO - Setting next_dagrun for example_trigger_target_dag to None, run_after=None
[2025-01-11T12:16:26.580+0000] {processor.py:183} INFO - Processing /home/airflow/.local/lib/python3.12/site-packages/airflow/example_dags/example_trigger_target_dag.py took 0.040 seconds
[2025-01-11T12:16:57.979+0000] {processor.py:161} INFO - Started process (PID=16784) to work on /home/airflow/.local/lib/python3.12/site-packages/airflow/example_dags/example_trigger_target_dag.py
[2025-01-11T12:16:57.980+0000] {processor.py:830} INFO - Processing file /home/airflow/.local/lib/python3.12/site-packages/airflow/example_dags/example_trigger_target_dag.py for tasks to queue
[2025-01-11T12:16:57.981+0000] {logging_mixin.py:188} INFO - [2025-01-11T12:16:57.981+0000] {dagbag.py:545} INFO - Filling up the DagBag from /home/airflow/.local/lib/python3.12/site-packages/airflow/example_dags/example_trigger_target_dag.py
[2025-01-11T12:16:57.985+0000] {processor.py:840} INFO - DAG(s) 'example_trigger_target_dag' retrieved from /home/airflow/.local/lib/python3.12/site-packages/airflow/example_dags/example_trigger_target_dag.py
[2025-01-11T12:16:57.999+0000] {logging_mixin.py:188} INFO - [2025-01-11T12:16:57.998+0000] {dag.py:3089} INFO - Sync 1 DAGs
[2025-01-11T12:16:58.006+0000] {logging_mixin.py:188} INFO - [2025-01-11T12:16:58.005+0000] {dag.py:3947} INFO - Setting next_dagrun for example_trigger_target_dag to None, run_after=None
[2025-01-11T12:16:58.016+0000] {processor.py:183} INFO - Processing /home/airflow/.local/lib/python3.12/site-packages/airflow/example_dags/example_trigger_target_dag.py took 0.040 seconds
[2025-01-11T12:18:49.102+0000] {processor.py:161} INFO - Started process (PID=17067) to work on /home/airflow/.local/lib/python3.12/site-packages/airflow/example_dags/example_trigger_target_dag.py
[2025-01-11T12:18:49.103+0000] {processor.py:830} INFO - Processing file /home/airflow/.local/lib/python3.12/site-packages/airflow/example_dags/example_trigger_target_dag.py for tasks to queue
[2025-01-11T12:18:49.104+0000] {logging_mixin.py:188} INFO - [2025-01-11T12:18:49.104+0000] {dagbag.py:545} INFO - Filling up the DagBag from /home/airflow/.local/lib/python3.12/site-packages/airflow/example_dags/example_trigger_target_dag.py
[2025-01-11T12:18:49.110+0000] {processor.py:840} INFO - DAG(s) 'example_trigger_target_dag' retrieved from /home/airflow/.local/lib/python3.12/site-packages/airflow/example_dags/example_trigger_target_dag.py
[2025-01-11T12:18:49.125+0000] {logging_mixin.py:188} INFO - [2025-01-11T12:18:49.125+0000] {dag.py:3089} INFO - Sync 1 DAGs
[2025-01-11T12:18:49.134+0000] {logging_mixin.py:188} INFO - [2025-01-11T12:18:49.134+0000] {dag.py:3947} INFO - Setting next_dagrun for example_trigger_target_dag to None, run_after=None
[2025-01-11T12:18:49.148+0000] {processor.py:183} INFO - Processing /home/airflow/.local/lib/python3.12/site-packages/airflow/example_dags/example_trigger_target_dag.py took 0.052 seconds
[2025-01-11T12:19:19.494+0000] {processor.py:161} INFO - Started process (PID=17346) to work on /home/airflow/.local/lib/python3.12/site-packages/airflow/example_dags/example_trigger_target_dag.py
[2025-01-11T12:19:19.495+0000] {processor.py:830} INFO - Processing file /home/airflow/.local/lib/python3.12/site-packages/airflow/example_dags/example_trigger_target_dag.py for tasks to queue
[2025-01-11T12:19:19.496+0000] {logging_mixin.py:188} INFO - [2025-01-11T12:19:19.496+0000] {dagbag.py:545} INFO - Filling up the DagBag from /home/airflow/.local/lib/python3.12/site-packages/airflow/example_dags/example_trigger_target_dag.py
[2025-01-11T12:19:19.500+0000] {processor.py:840} INFO - DAG(s) 'example_trigger_target_dag' retrieved from /home/airflow/.local/lib/python3.12/site-packages/airflow/example_dags/example_trigger_target_dag.py
[2025-01-11T12:19:19.512+0000] {logging_mixin.py:188} INFO - [2025-01-11T12:19:19.512+0000] {dag.py:3089} INFO - Sync 1 DAGs
[2025-01-11T12:19:19.519+0000] {logging_mixin.py:188} INFO - [2025-01-11T12:19:19.519+0000] {dag.py:3947} INFO - Setting next_dagrun for example_trigger_target_dag to None, run_after=None
[2025-01-11T12:19:19.529+0000] {processor.py:183} INFO - Processing /home/airflow/.local/lib/python3.12/site-packages/airflow/example_dags/example_trigger_target_dag.py took 0.039 seconds
[2025-01-11T12:19:49.843+0000] {processor.py:161} INFO - Started process (PID=17617) to work on /home/airflow/.local/lib/python3.12/site-packages/airflow/example_dags/example_trigger_target_dag.py
[2025-01-11T12:19:49.844+0000] {processor.py:830} INFO - Processing file /home/airflow/.local/lib/python3.12/site-packages/airflow/example_dags/example_trigger_target_dag.py for tasks to queue
[2025-01-11T12:19:49.845+0000] {logging_mixin.py:188} INFO - [2025-01-11T12:19:49.845+0000] {dagbag.py:545} INFO - Filling up the DagBag from /home/airflow/.local/lib/python3.12/site-packages/airflow/example_dags/example_trigger_target_dag.py
[2025-01-11T12:19:49.848+0000] {processor.py:840} INFO - DAG(s) 'example_trigger_target_dag' retrieved from /home/airflow/.local/lib/python3.12/site-packages/airflow/example_dags/example_trigger_target_dag.py
[2025-01-11T12:19:49.860+0000] {logging_mixin.py:188} INFO - [2025-01-11T12:19:49.860+0000] {dag.py:3089} INFO - Sync 1 DAGs
[2025-01-11T12:19:49.866+0000] {logging_mixin.py:188} INFO - [2025-01-11T12:19:49.866+0000] {dag.py:3947} INFO - Setting next_dagrun for example_trigger_target_dag to None, run_after=None
[2025-01-11T12:19:49.876+0000] {processor.py:183} INFO - Processing /home/airflow/.local/lib/python3.12/site-packages/airflow/example_dags/example_trigger_target_dag.py took 0.037 seconds
[2025-01-11T12:20:21.245+0000] {processor.py:161} INFO - Started process (PID=17898) to work on /home/airflow/.local/lib/python3.12/site-packages/airflow/example_dags/example_trigger_target_dag.py
[2025-01-11T12:20:21.245+0000] {processor.py:830} INFO - Processing file /home/airflow/.local/lib/python3.12/site-packages/airflow/example_dags/example_trigger_target_dag.py for tasks to queue
[2025-01-11T12:20:21.246+0000] {logging_mixin.py:188} INFO - [2025-01-11T12:20:21.246+0000] {dagbag.py:545} INFO - Filling up the DagBag from /home/airflow/.local/lib/python3.12/site-packages/airflow/example_dags/example_trigger_target_dag.py
[2025-01-11T12:20:21.250+0000] {processor.py:840} INFO - DAG(s) 'example_trigger_target_dag' retrieved from /home/airflow/.local/lib/python3.12/site-packages/airflow/example_dags/example_trigger_target_dag.py
[2025-01-11T12:20:21.263+0000] {logging_mixin.py:188} INFO - [2025-01-11T12:20:21.263+0000] {dag.py:3089} INFO - Sync 1 DAGs
[2025-01-11T12:20:21.270+0000] {logging_mixin.py:188} INFO - [2025-01-11T12:20:21.270+0000] {dag.py:3947} INFO - Setting next_dagrun for example_trigger_target_dag to None, run_after=None
[2025-01-11T12:20:21.281+0000] {processor.py:183} INFO - Processing /home/airflow/.local/lib/python3.12/site-packages/airflow/example_dags/example_trigger_target_dag.py took 0.041 seconds
[2025-01-11T12:20:51.572+0000] {processor.py:161} INFO - Started process (PID=18169) to work on /home/airflow/.local/lib/python3.12/site-packages/airflow/example_dags/example_trigger_target_dag.py
[2025-01-11T12:20:51.573+0000] {processor.py:830} INFO - Processing file /home/airflow/.local/lib/python3.12/site-packages/airflow/example_dags/example_trigger_target_dag.py for tasks to queue
[2025-01-11T12:20:51.575+0000] {logging_mixin.py:188} INFO - [2025-01-11T12:20:51.575+0000] {dagbag.py:545} INFO - Filling up the DagBag from /home/airflow/.local/lib/python3.12/site-packages/airflow/example_dags/example_trigger_target_dag.py
[2025-01-11T12:20:51.580+0000] {processor.py:840} INFO - DAG(s) 'example_trigger_target_dag' retrieved from /home/airflow/.local/lib/python3.12/site-packages/airflow/example_dags/example_trigger_target_dag.py
[2025-01-11T12:20:51.596+0000] {logging_mixin.py:188} INFO - [2025-01-11T12:20:51.595+0000] {dag.py:3089} INFO - Sync 1 DAGs
[2025-01-11T12:20:51.604+0000] {logging_mixin.py:188} INFO - [2025-01-11T12:20:51.604+0000] {dag.py:3947} INFO - Setting next_dagrun for example_trigger_target_dag to None, run_after=None
[2025-01-11T12:20:51.616+0000] {processor.py:183} INFO - Processing /home/airflow/.local/lib/python3.12/site-packages/airflow/example_dags/example_trigger_target_dag.py took 0.048 seconds
[2025-01-11T12:21:24.910+0000] {processor.py:161} INFO - Started process (PID=18453) to work on /home/airflow/.local/lib/python3.12/site-packages/airflow/example_dags/example_trigger_target_dag.py
[2025-01-11T12:21:24.911+0000] {processor.py:830} INFO - Processing file /home/airflow/.local/lib/python3.12/site-packages/airflow/example_dags/example_trigger_target_dag.py for tasks to queue
[2025-01-11T12:21:24.912+0000] {logging_mixin.py:188} INFO - [2025-01-11T12:21:24.912+0000] {dagbag.py:545} INFO - Filling up the DagBag from /home/airflow/.local/lib/python3.12/site-packages/airflow/example_dags/example_trigger_target_dag.py
[2025-01-11T12:21:24.919+0000] {processor.py:840} INFO - DAG(s) 'example_trigger_target_dag' retrieved from /home/airflow/.local/lib/python3.12/site-packages/airflow/example_dags/example_trigger_target_dag.py
[2025-01-11T12:21:24.937+0000] {logging_mixin.py:188} INFO - [2025-01-11T12:21:24.937+0000] {dag.py:3089} INFO - Sync 1 DAGs
[2025-01-11T12:21:24.946+0000] {logging_mixin.py:188} INFO - [2025-01-11T12:21:24.945+0000] {dag.py:3947} INFO - Setting next_dagrun for example_trigger_target_dag to None, run_after=None
[2025-01-11T12:21:24.957+0000] {processor.py:183} INFO - Processing /home/airflow/.local/lib/python3.12/site-packages/airflow/example_dags/example_trigger_target_dag.py took 0.052 seconds
[2025-01-11T12:21:55.521+0000] {processor.py:161} INFO - Started process (PID=18726) to work on /home/airflow/.local/lib/python3.12/site-packages/airflow/example_dags/example_trigger_target_dag.py
[2025-01-11T12:21:55.521+0000] {processor.py:830} INFO - Processing file /home/airflow/.local/lib/python3.12/site-packages/airflow/example_dags/example_trigger_target_dag.py for tasks to queue
[2025-01-11T12:21:55.522+0000] {logging_mixin.py:188} INFO - [2025-01-11T12:21:55.522+0000] {dagbag.py:545} INFO - Filling up the DagBag from /home/airflow/.local/lib/python3.12/site-packages/airflow/example_dags/example_trigger_target_dag.py
[2025-01-11T12:21:55.526+0000] {processor.py:840} INFO - DAG(s) 'example_trigger_target_dag' retrieved from /home/airflow/.local/lib/python3.12/site-packages/airflow/example_dags/example_trigger_target_dag.py
[2025-01-11T12:21:55.538+0000] {logging_mixin.py:188} INFO - [2025-01-11T12:21:55.538+0000] {dag.py:3089} INFO - Sync 1 DAGs
[2025-01-11T12:21:55.544+0000] {logging_mixin.py:188} INFO - [2025-01-11T12:21:55.544+0000] {dag.py:3947} INFO - Setting next_dagrun for example_trigger_target_dag to None, run_after=None
[2025-01-11T12:21:55.554+0000] {processor.py:183} INFO - Processing /home/airflow/.local/lib/python3.12/site-packages/airflow/example_dags/example_trigger_target_dag.py took 0.036 seconds
[2025-01-11T12:22:26.102+0000] {processor.py:161} INFO - Started process (PID=19003) to work on /home/airflow/.local/lib/python3.12/site-packages/airflow/example_dags/example_trigger_target_dag.py
[2025-01-11T12:22:26.103+0000] {processor.py:830} INFO - Processing file /home/airflow/.local/lib/python3.12/site-packages/airflow/example_dags/example_trigger_target_dag.py for tasks to queue
[2025-01-11T12:22:26.104+0000] {logging_mixin.py:188} INFO - [2025-01-11T12:22:26.104+0000] {dagbag.py:545} INFO - Filling up the DagBag from /home/airflow/.local/lib/python3.12/site-packages/airflow/example_dags/example_trigger_target_dag.py
[2025-01-11T12:22:26.108+0000] {processor.py:840} INFO - DAG(s) 'example_trigger_target_dag' retrieved from /home/airflow/.local/lib/python3.12/site-packages/airflow/example_dags/example_trigger_target_dag.py
[2025-01-11T12:22:26.122+0000] {logging_mixin.py:188} INFO - [2025-01-11T12:22:26.122+0000] {dag.py:3089} INFO - Sync 1 DAGs
[2025-01-11T12:22:26.130+0000] {logging_mixin.py:188} INFO - [2025-01-11T12:22:26.130+0000] {dag.py:3947} INFO - Setting next_dagrun for example_trigger_target_dag to None, run_after=None
[2025-01-11T12:22:26.144+0000] {processor.py:183} INFO - Processing /home/airflow/.local/lib/python3.12/site-packages/airflow/example_dags/example_trigger_target_dag.py took 0.047 seconds
[2025-01-11T12:22:57.421+0000] {processor.py:161} INFO - Started process (PID=19285) to work on /home/airflow/.local/lib/python3.12/site-packages/airflow/example_dags/example_trigger_target_dag.py
[2025-01-11T12:22:57.422+0000] {processor.py:830} INFO - Processing file /home/airflow/.local/lib/python3.12/site-packages/airflow/example_dags/example_trigger_target_dag.py for tasks to queue
[2025-01-11T12:22:57.423+0000] {logging_mixin.py:188} INFO - [2025-01-11T12:22:57.423+0000] {dagbag.py:545} INFO - Filling up the DagBag from /home/airflow/.local/lib/python3.12/site-packages/airflow/example_dags/example_trigger_target_dag.py
[2025-01-11T12:22:57.427+0000] {processor.py:840} INFO - DAG(s) 'example_trigger_target_dag' retrieved from /home/airflow/.local/lib/python3.12/site-packages/airflow/example_dags/example_trigger_target_dag.py
[2025-01-11T12:22:57.440+0000] {logging_mixin.py:188} INFO - [2025-01-11T12:22:57.440+0000] {dag.py:3089} INFO - Sync 1 DAGs
[2025-01-11T12:22:57.447+0000] {logging_mixin.py:188} INFO - [2025-01-11T12:22:57.447+0000] {dag.py:3947} INFO - Setting next_dagrun for example_trigger_target_dag to None, run_after=None
[2025-01-11T12:22:57.457+0000] {processor.py:183} INFO - Processing /home/airflow/.local/lib/python3.12/site-packages/airflow/example_dags/example_trigger_target_dag.py took 0.040 seconds
[2025-01-11T12:23:28.473+0000] {processor.py:161} INFO - Started process (PID=19562) to work on /home/airflow/.local/lib/python3.12/site-packages/airflow/example_dags/example_trigger_target_dag.py
[2025-01-11T12:23:28.474+0000] {processor.py:830} INFO - Processing file /home/airflow/.local/lib/python3.12/site-packages/airflow/example_dags/example_trigger_target_dag.py for tasks to queue
[2025-01-11T12:23:28.475+0000] {logging_mixin.py:188} INFO - [2025-01-11T12:23:28.475+0000] {dagbag.py:545} INFO - Filling up the DagBag from /home/airflow/.local/lib/python3.12/site-packages/airflow/example_dags/example_trigger_target_dag.py
[2025-01-11T12:23:28.479+0000] {processor.py:840} INFO - DAG(s) 'example_trigger_target_dag' retrieved from /home/airflow/.local/lib/python3.12/site-packages/airflow/example_dags/example_trigger_target_dag.py
[2025-01-11T12:23:28.490+0000] {logging_mixin.py:188} INFO - [2025-01-11T12:23:28.490+0000] {dag.py:3089} INFO - Sync 1 DAGs
[2025-01-11T12:23:28.497+0000] {logging_mixin.py:188} INFO - [2025-01-11T12:23:28.497+0000] {dag.py:3947} INFO - Setting next_dagrun for example_trigger_target_dag to None, run_after=None
[2025-01-11T12:23:28.506+0000] {processor.py:183} INFO - Processing /home/airflow/.local/lib/python3.12/site-packages/airflow/example_dags/example_trigger_target_dag.py took 0.037 seconds
[2025-01-11T12:24:00.554+0000] {processor.py:161} INFO - Started process (PID=19839) to work on /home/airflow/.local/lib/python3.12/site-packages/airflow/example_dags/example_trigger_target_dag.py
[2025-01-11T12:24:00.555+0000] {processor.py:830} INFO - Processing file /home/airflow/.local/lib/python3.12/site-packages/airflow/example_dags/example_trigger_target_dag.py for tasks to queue
[2025-01-11T12:24:00.556+0000] {logging_mixin.py:188} INFO - [2025-01-11T12:24:00.556+0000] {dagbag.py:545} INFO - Filling up the DagBag from /home/airflow/.local/lib/python3.12/site-packages/airflow/example_dags/example_trigger_target_dag.py
[2025-01-11T12:24:00.560+0000] {processor.py:840} INFO - DAG(s) 'example_trigger_target_dag' retrieved from /home/airflow/.local/lib/python3.12/site-packages/airflow/example_dags/example_trigger_target_dag.py
[2025-01-11T12:24:00.573+0000] {logging_mixin.py:188} INFO - [2025-01-11T12:24:00.573+0000] {dag.py:3089} INFO - Sync 1 DAGs
[2025-01-11T12:24:00.580+0000] {logging_mixin.py:188} INFO - [2025-01-11T12:24:00.580+0000] {dag.py:3947} INFO - Setting next_dagrun for example_trigger_target_dag to None, run_after=None
[2025-01-11T12:24:00.591+0000] {processor.py:183} INFO - Processing /home/airflow/.local/lib/python3.12/site-packages/airflow/example_dags/example_trigger_target_dag.py took 0.042 seconds
[2025-01-11T12:24:30.955+0000] {processor.py:161} INFO - Started process (PID=20110) to work on /home/airflow/.local/lib/python3.12/site-packages/airflow/example_dags/example_trigger_target_dag.py
[2025-01-11T12:24:30.956+0000] {processor.py:830} INFO - Processing file /home/airflow/.local/lib/python3.12/site-packages/airflow/example_dags/example_trigger_target_dag.py for tasks to queue
[2025-01-11T12:24:30.957+0000] {logging_mixin.py:188} INFO - [2025-01-11T12:24:30.957+0000] {dagbag.py:545} INFO - Filling up the DagBag from /home/airflow/.local/lib/python3.12/site-packages/airflow/example_dags/example_trigger_target_dag.py
[2025-01-11T12:24:30.961+0000] {processor.py:840} INFO - DAG(s) 'example_trigger_target_dag' retrieved from /home/airflow/.local/lib/python3.12/site-packages/airflow/example_dags/example_trigger_target_dag.py
[2025-01-11T12:24:30.975+0000] {logging_mixin.py:188} INFO - [2025-01-11T12:24:30.975+0000] {dag.py:3089} INFO - Sync 1 DAGs
[2025-01-11T12:24:30.982+0000] {logging_mixin.py:188} INFO - [2025-01-11T12:24:30.982+0000] {dag.py:3947} INFO - Setting next_dagrun for example_trigger_target_dag to None, run_after=None
[2025-01-11T12:24:30.993+0000] {processor.py:183} INFO - Processing /home/airflow/.local/lib/python3.12/site-packages/airflow/example_dags/example_trigger_target_dag.py took 0.043 seconds
[2025-01-11T12:25:01.955+0000] {processor.py:161} INFO - Started process (PID=20387) to work on /home/airflow/.local/lib/python3.12/site-packages/airflow/example_dags/example_trigger_target_dag.py
[2025-01-11T12:25:01.956+0000] {processor.py:830} INFO - Processing file /home/airflow/.local/lib/python3.12/site-packages/airflow/example_dags/example_trigger_target_dag.py for tasks to queue
[2025-01-11T12:25:01.957+0000] {logging_mixin.py:188} INFO - [2025-01-11T12:25:01.957+0000] {dagbag.py:545} INFO - Filling up the DagBag from /home/airflow/.local/lib/python3.12/site-packages/airflow/example_dags/example_trigger_target_dag.py
[2025-01-11T12:25:01.961+0000] {processor.py:840} INFO - DAG(s) 'example_trigger_target_dag' retrieved from /home/airflow/.local/lib/python3.12/site-packages/airflow/example_dags/example_trigger_target_dag.py
[2025-01-11T12:25:01.975+0000] {logging_mixin.py:188} INFO - [2025-01-11T12:25:01.975+0000] {dag.py:3089} INFO - Sync 1 DAGs
[2025-01-11T12:25:01.982+0000] {logging_mixin.py:188} INFO - [2025-01-11T12:25:01.982+0000] {dag.py:3947} INFO - Setting next_dagrun for example_trigger_target_dag to None, run_after=None
[2025-01-11T12:25:01.992+0000] {processor.py:183} INFO - Processing /home/airflow/.local/lib/python3.12/site-packages/airflow/example_dags/example_trigger_target_dag.py took 0.040 seconds
[2025-01-11T12:25:33.066+0000] {processor.py:161} INFO - Started process (PID=20670) to work on /home/airflow/.local/lib/python3.12/site-packages/airflow/example_dags/example_trigger_target_dag.py
[2025-01-11T12:25:33.067+0000] {processor.py:830} INFO - Processing file /home/airflow/.local/lib/python3.12/site-packages/airflow/example_dags/example_trigger_target_dag.py for tasks to queue
[2025-01-11T12:25:33.068+0000] {logging_mixin.py:188} INFO - [2025-01-11T12:25:33.068+0000] {dagbag.py:545} INFO - Filling up the DagBag from /home/airflow/.local/lib/python3.12/site-packages/airflow/example_dags/example_trigger_target_dag.py
[2025-01-11T12:25:33.072+0000] {processor.py:840} INFO - DAG(s) 'example_trigger_target_dag' retrieved from /home/airflow/.local/lib/python3.12/site-packages/airflow/example_dags/example_trigger_target_dag.py
[2025-01-11T12:25:33.085+0000] {logging_mixin.py:188} INFO - [2025-01-11T12:25:33.085+0000] {dag.py:3089} INFO - Sync 1 DAGs
[2025-01-11T12:25:33.091+0000] {logging_mixin.py:188} INFO - [2025-01-11T12:25:33.091+0000] {dag.py:3947} INFO - Setting next_dagrun for example_trigger_target_dag to None, run_after=None
[2025-01-11T12:25:33.103+0000] {processor.py:183} INFO - Processing /home/airflow/.local/lib/python3.12/site-packages/airflow/example_dags/example_trigger_target_dag.py took 0.040 seconds
[2025-01-11T12:26:03.559+0000] {processor.py:161} INFO - Started process (PID=20943) to work on /home/airflow/.local/lib/python3.12/site-packages/airflow/example_dags/example_trigger_target_dag.py
[2025-01-11T12:26:03.560+0000] {processor.py:830} INFO - Processing file /home/airflow/.local/lib/python3.12/site-packages/airflow/example_dags/example_trigger_target_dag.py for tasks to queue
[2025-01-11T12:26:03.561+0000] {logging_mixin.py:188} INFO - [2025-01-11T12:26:03.561+0000] {dagbag.py:545} INFO - Filling up the DagBag from /home/airflow/.local/lib/python3.12/site-packages/airflow/example_dags/example_trigger_target_dag.py
[2025-01-11T12:26:03.566+0000] {processor.py:840} INFO - DAG(s) 'example_trigger_target_dag' retrieved from /home/airflow/.local/lib/python3.12/site-packages/airflow/example_dags/example_trigger_target_dag.py
[2025-01-11T12:26:03.579+0000] {logging_mixin.py:188} INFO - [2025-01-11T12:26:03.579+0000] {dag.py:3089} INFO - Sync 1 DAGs
[2025-01-11T12:26:03.586+0000] {logging_mixin.py:188} INFO - [2025-01-11T12:26:03.586+0000] {dag.py:3947} INFO - Setting next_dagrun for example_trigger_target_dag to None, run_after=None
[2025-01-11T12:26:03.596+0000] {processor.py:183} INFO - Processing /home/airflow/.local/lib/python3.12/site-packages/airflow/example_dags/example_trigger_target_dag.py took 0.042 seconds
[2025-01-11T12:26:34.114+0000] {processor.py:161} INFO - Started process (PID=21218) to work on /home/airflow/.local/lib/python3.12/site-packages/airflow/example_dags/example_trigger_target_dag.py
[2025-01-11T12:26:34.115+0000] {processor.py:830} INFO - Processing file /home/airflow/.local/lib/python3.12/site-packages/airflow/example_dags/example_trigger_target_dag.py for tasks to queue
[2025-01-11T12:26:34.116+0000] {logging_mixin.py:188} INFO - [2025-01-11T12:26:34.116+0000] {dagbag.py:545} INFO - Filling up the DagBag from /home/airflow/.local/lib/python3.12/site-packages/airflow/example_dags/example_trigger_target_dag.py
[2025-01-11T12:26:34.120+0000] {processor.py:840} INFO - DAG(s) 'example_trigger_target_dag' retrieved from /home/airflow/.local/lib/python3.12/site-packages/airflow/example_dags/example_trigger_target_dag.py
[2025-01-11T12:26:34.135+0000] {logging_mixin.py:188} INFO - [2025-01-11T12:26:34.135+0000] {dag.py:3089} INFO - Sync 1 DAGs
[2025-01-11T12:26:34.143+0000] {logging_mixin.py:188} INFO - [2025-01-11T12:26:34.143+0000] {dag.py:3947} INFO - Setting next_dagrun for example_trigger_target_dag to None, run_after=None
[2025-01-11T12:26:34.155+0000] {processor.py:183} INFO - Processing /home/airflow/.local/lib/python3.12/site-packages/airflow/example_dags/example_trigger_target_dag.py took 0.046 seconds
[2025-01-11T12:27:04.242+0000] {processor.py:161} INFO - Started process (PID=21492) to work on /home/airflow/.local/lib/python3.12/site-packages/airflow/example_dags/example_trigger_target_dag.py
[2025-01-11T12:27:04.242+0000] {processor.py:830} INFO - Processing file /home/airflow/.local/lib/python3.12/site-packages/airflow/example_dags/example_trigger_target_dag.py for tasks to queue
[2025-01-11T12:27:04.244+0000] {logging_mixin.py:188} INFO - [2025-01-11T12:27:04.243+0000] {dagbag.py:545} INFO - Filling up the DagBag from /home/airflow/.local/lib/python3.12/site-packages/airflow/example_dags/example_trigger_target_dag.py
[2025-01-11T12:27:04.248+0000] {processor.py:840} INFO - DAG(s) 'example_trigger_target_dag' retrieved from /home/airflow/.local/lib/python3.12/site-packages/airflow/example_dags/example_trigger_target_dag.py
[2025-01-11T12:27:04.261+0000] {logging_mixin.py:188} INFO - [2025-01-11T12:27:04.261+0000] {dag.py:3089} INFO - Sync 1 DAGs
[2025-01-11T12:27:04.268+0000] {logging_mixin.py:188} INFO - [2025-01-11T12:27:04.268+0000] {dag.py:3947} INFO - Setting next_dagrun for example_trigger_target_dag to None, run_after=None
[2025-01-11T12:27:04.278+0000] {processor.py:183} INFO - Processing /home/airflow/.local/lib/python3.12/site-packages/airflow/example_dags/example_trigger_target_dag.py took 0.041 seconds
[2025-01-11T12:27:36.005+0000] {processor.py:161} INFO - Started process (PID=21772) to work on /home/airflow/.local/lib/python3.12/site-packages/airflow/example_dags/example_trigger_target_dag.py
[2025-01-11T12:27:36.006+0000] {processor.py:830} INFO - Processing file /home/airflow/.local/lib/python3.12/site-packages/airflow/example_dags/example_trigger_target_dag.py for tasks to queue
[2025-01-11T12:27:36.007+0000] {logging_mixin.py:188} INFO - [2025-01-11T12:27:36.007+0000] {dagbag.py:545} INFO - Filling up the DagBag from /home/airflow/.local/lib/python3.12/site-packages/airflow/example_dags/example_trigger_target_dag.py
[2025-01-11T12:27:36.011+0000] {processor.py:840} INFO - DAG(s) 'example_trigger_target_dag' retrieved from /home/airflow/.local/lib/python3.12/site-packages/airflow/example_dags/example_trigger_target_dag.py
[2025-01-11T12:27:36.024+0000] {logging_mixin.py:188} INFO - [2025-01-11T12:27:36.024+0000] {dag.py:3089} INFO - Sync 1 DAGs
[2025-01-11T12:27:36.031+0000] {logging_mixin.py:188} INFO - [2025-01-11T12:27:36.031+0000] {dag.py:3947} INFO - Setting next_dagrun for example_trigger_target_dag to None, run_after=None
[2025-01-11T12:27:36.041+0000] {processor.py:183} INFO - Processing /home/airflow/.local/lib/python3.12/site-packages/airflow/example_dags/example_trigger_target_dag.py took 0.040 seconds
[2025-01-11T12:28:06.523+0000] {processor.py:161} INFO - Started process (PID=22049) to work on /home/airflow/.local/lib/python3.12/site-packages/airflow/example_dags/example_trigger_target_dag.py
[2025-01-11T12:28:06.524+0000] {processor.py:830} INFO - Processing file /home/airflow/.local/lib/python3.12/site-packages/airflow/example_dags/example_trigger_target_dag.py for tasks to queue
[2025-01-11T12:28:06.525+0000] {logging_mixin.py:188} INFO - [2025-01-11T12:28:06.525+0000] {dagbag.py:545} INFO - Filling up the DagBag from /home/airflow/.local/lib/python3.12/site-packages/airflow/example_dags/example_trigger_target_dag.py
[2025-01-11T12:28:06.529+0000] {processor.py:840} INFO - DAG(s) 'example_trigger_target_dag' retrieved from /home/airflow/.local/lib/python3.12/site-packages/airflow/example_dags/example_trigger_target_dag.py
[2025-01-11T12:28:06.541+0000] {logging_mixin.py:188} INFO - [2025-01-11T12:28:06.541+0000] {dag.py:3089} INFO - Sync 1 DAGs
[2025-01-11T12:28:06.548+0000] {logging_mixin.py:188} INFO - [2025-01-11T12:28:06.548+0000] {dag.py:3947} INFO - Setting next_dagrun for example_trigger_target_dag to None, run_after=None
[2025-01-11T12:28:06.559+0000] {processor.py:183} INFO - Processing /home/airflow/.local/lib/python3.12/site-packages/airflow/example_dags/example_trigger_target_dag.py took 0.040 seconds
[2025-01-11T12:28:37.728+0000] {processor.py:161} INFO - Started process (PID=22326) to work on /home/airflow/.local/lib/python3.12/site-packages/airflow/example_dags/example_trigger_target_dag.py
[2025-01-11T12:28:37.728+0000] {processor.py:830} INFO - Processing file /home/airflow/.local/lib/python3.12/site-packages/airflow/example_dags/example_trigger_target_dag.py for tasks to queue
[2025-01-11T12:28:37.730+0000] {logging_mixin.py:188} INFO - [2025-01-11T12:28:37.729+0000] {dagbag.py:545} INFO - Filling up the DagBag from /home/airflow/.local/lib/python3.12/site-packages/airflow/example_dags/example_trigger_target_dag.py
[2025-01-11T12:28:37.733+0000] {processor.py:840} INFO - DAG(s) 'example_trigger_target_dag' retrieved from /home/airflow/.local/lib/python3.12/site-packages/airflow/example_dags/example_trigger_target_dag.py
[2025-01-11T12:28:37.746+0000] {logging_mixin.py:188} INFO - [2025-01-11T12:28:37.746+0000] {dag.py:3089} INFO - Sync 1 DAGs
[2025-01-11T12:28:37.753+0000] {logging_mixin.py:188} INFO - [2025-01-11T12:28:37.753+0000] {dag.py:3947} INFO - Setting next_dagrun for example_trigger_target_dag to None, run_after=None
[2025-01-11T12:28:37.764+0000] {processor.py:183} INFO - Processing /home/airflow/.local/lib/python3.12/site-packages/airflow/example_dags/example_trigger_target_dag.py took 0.040 seconds
[2025-01-11T12:29:08.710+0000] {processor.py:161} INFO - Started process (PID=22603) to work on /home/airflow/.local/lib/python3.12/site-packages/airflow/example_dags/example_trigger_target_dag.py
[2025-01-11T12:29:08.710+0000] {processor.py:830} INFO - Processing file /home/airflow/.local/lib/python3.12/site-packages/airflow/example_dags/example_trigger_target_dag.py for tasks to queue
[2025-01-11T12:29:08.711+0000] {logging_mixin.py:188} INFO - [2025-01-11T12:29:08.711+0000] {dagbag.py:545} INFO - Filling up the DagBag from /home/airflow/.local/lib/python3.12/site-packages/airflow/example_dags/example_trigger_target_dag.py
[2025-01-11T12:29:08.715+0000] {processor.py:840} INFO - DAG(s) 'example_trigger_target_dag' retrieved from /home/airflow/.local/lib/python3.12/site-packages/airflow/example_dags/example_trigger_target_dag.py
[2025-01-11T12:29:08.728+0000] {logging_mixin.py:188} INFO - [2025-01-11T12:29:08.728+0000] {dag.py:3089} INFO - Sync 1 DAGs
[2025-01-11T12:29:08.735+0000] {logging_mixin.py:188} INFO - [2025-01-11T12:29:08.735+0000] {dag.py:3947} INFO - Setting next_dagrun for example_trigger_target_dag to None, run_after=None
[2025-01-11T12:29:08.747+0000] {processor.py:183} INFO - Processing /home/airflow/.local/lib/python3.12/site-packages/airflow/example_dags/example_trigger_target_dag.py took 0.041 seconds
[2025-01-11T12:29:39.385+0000] {processor.py:161} INFO - Started process (PID=22880) to work on /home/airflow/.local/lib/python3.12/site-packages/airflow/example_dags/example_trigger_target_dag.py
[2025-01-11T12:29:39.386+0000] {processor.py:830} INFO - Processing file /home/airflow/.local/lib/python3.12/site-packages/airflow/example_dags/example_trigger_target_dag.py for tasks to queue
[2025-01-11T12:29:39.388+0000] {logging_mixin.py:188} INFO - [2025-01-11T12:29:39.388+0000] {dagbag.py:545} INFO - Filling up the DagBag from /home/airflow/.local/lib/python3.12/site-packages/airflow/example_dags/example_trigger_target_dag.py
[2025-01-11T12:29:39.391+0000] {processor.py:840} INFO - DAG(s) 'example_trigger_target_dag' retrieved from /home/airflow/.local/lib/python3.12/site-packages/airflow/example_dags/example_trigger_target_dag.py
[2025-01-11T12:29:39.404+0000] {logging_mixin.py:188} INFO - [2025-01-11T12:29:39.404+0000] {dag.py:3089} INFO - Sync 1 DAGs
[2025-01-11T12:29:39.412+0000] {logging_mixin.py:188} INFO - [2025-01-11T12:29:39.412+0000] {dag.py:3947} INFO - Setting next_dagrun for example_trigger_target_dag to None, run_after=None
[2025-01-11T12:29:39.423+0000] {processor.py:183} INFO - Processing /home/airflow/.local/lib/python3.12/site-packages/airflow/example_dags/example_trigger_target_dag.py took 0.047 seconds
[2025-01-11T12:30:10.799+0000] {processor.py:161} INFO - Started process (PID=23159) to work on /home/airflow/.local/lib/python3.12/site-packages/airflow/example_dags/example_trigger_target_dag.py
[2025-01-11T12:30:10.800+0000] {processor.py:830} INFO - Processing file /home/airflow/.local/lib/python3.12/site-packages/airflow/example_dags/example_trigger_target_dag.py for tasks to queue
[2025-01-11T12:30:10.801+0000] {logging_mixin.py:188} INFO - [2025-01-11T12:30:10.800+0000] {dagbag.py:545} INFO - Filling up the DagBag from /home/airflow/.local/lib/python3.12/site-packages/airflow/example_dags/example_trigger_target_dag.py
[2025-01-11T12:30:10.805+0000] {processor.py:840} INFO - DAG(s) 'example_trigger_target_dag' retrieved from /home/airflow/.local/lib/python3.12/site-packages/airflow/example_dags/example_trigger_target_dag.py
[2025-01-11T12:30:10.817+0000] {logging_mixin.py:188} INFO - [2025-01-11T12:30:10.816+0000] {dag.py:3089} INFO - Sync 1 DAGs
[2025-01-11T12:30:10.826+0000] {logging_mixin.py:188} INFO - [2025-01-11T12:30:10.826+0000] {dag.py:3947} INFO - Setting next_dagrun for example_trigger_target_dag to None, run_after=None
[2025-01-11T12:30:10.840+0000] {processor.py:183} INFO - Processing /home/airflow/.local/lib/python3.12/site-packages/airflow/example_dags/example_trigger_target_dag.py took 0.045 seconds
[2025-01-11T12:30:41.201+0000] {processor.py:161} INFO - Started process (PID=23436) to work on /home/airflow/.local/lib/python3.12/site-packages/airflow/example_dags/example_trigger_target_dag.py
[2025-01-11T12:30:41.202+0000] {processor.py:830} INFO - Processing file /home/airflow/.local/lib/python3.12/site-packages/airflow/example_dags/example_trigger_target_dag.py for tasks to queue
[2025-01-11T12:30:41.203+0000] {logging_mixin.py:188} INFO - [2025-01-11T12:30:41.203+0000] {dagbag.py:545} INFO - Filling up the DagBag from /home/airflow/.local/lib/python3.12/site-packages/airflow/example_dags/example_trigger_target_dag.py
[2025-01-11T12:30:41.206+0000] {processor.py:840} INFO - DAG(s) 'example_trigger_target_dag' retrieved from /home/airflow/.local/lib/python3.12/site-packages/airflow/example_dags/example_trigger_target_dag.py
[2025-01-11T12:30:41.219+0000] {logging_mixin.py:188} INFO - [2025-01-11T12:30:41.219+0000] {dag.py:3089} INFO - Sync 1 DAGs
[2025-01-11T12:30:41.225+0000] {logging_mixin.py:188} INFO - [2025-01-11T12:30:41.225+0000] {dag.py:3947} INFO - Setting next_dagrun for example_trigger_target_dag to None, run_after=None
[2025-01-11T12:30:41.234+0000] {processor.py:183} INFO - Processing /home/airflow/.local/lib/python3.12/site-packages/airflow/example_dags/example_trigger_target_dag.py took 0.037 seconds
[2025-01-11T12:31:12.101+0000] {processor.py:161} INFO - Started process (PID=23711) to work on /home/airflow/.local/lib/python3.12/site-packages/airflow/example_dags/example_trigger_target_dag.py
[2025-01-11T12:31:12.102+0000] {processor.py:830} INFO - Processing file /home/airflow/.local/lib/python3.12/site-packages/airflow/example_dags/example_trigger_target_dag.py for tasks to queue
[2025-01-11T12:31:12.103+0000] {logging_mixin.py:188} INFO - [2025-01-11T12:31:12.103+0000] {dagbag.py:545} INFO - Filling up the DagBag from /home/airflow/.local/lib/python3.12/site-packages/airflow/example_dags/example_trigger_target_dag.py
[2025-01-11T12:31:12.106+0000] {processor.py:840} INFO - DAG(s) 'example_trigger_target_dag' retrieved from /home/airflow/.local/lib/python3.12/site-packages/airflow/example_dags/example_trigger_target_dag.py
[2025-01-11T12:31:12.118+0000] {logging_mixin.py:188} INFO - [2025-01-11T12:31:12.118+0000] {dag.py:3089} INFO - Sync 1 DAGs
[2025-01-11T12:31:12.125+0000] {logging_mixin.py:188} INFO - [2025-01-11T12:31:12.125+0000] {dag.py:3947} INFO - Setting next_dagrun for example_trigger_target_dag to None, run_after=None
[2025-01-11T12:31:12.133+0000] {processor.py:183} INFO - Processing /home/airflow/.local/lib/python3.12/site-packages/airflow/example_dags/example_trigger_target_dag.py took 0.036 seconds
[2025-01-11T12:31:44.261+0000] {processor.py:161} INFO - Started process (PID=23988) to work on /home/airflow/.local/lib/python3.12/site-packages/airflow/example_dags/example_trigger_target_dag.py
[2025-01-11T12:31:44.261+0000] {processor.py:830} INFO - Processing file /home/airflow/.local/lib/python3.12/site-packages/airflow/example_dags/example_trigger_target_dag.py for tasks to queue
[2025-01-11T12:31:44.262+0000] {logging_mixin.py:188} INFO - [2025-01-11T12:31:44.262+0000] {dagbag.py:545} INFO - Filling up the DagBag from /home/airflow/.local/lib/python3.12/site-packages/airflow/example_dags/example_trigger_target_dag.py
[2025-01-11T12:31:44.266+0000] {processor.py:840} INFO - DAG(s) 'example_trigger_target_dag' retrieved from /home/airflow/.local/lib/python3.12/site-packages/airflow/example_dags/example_trigger_target_dag.py
[2025-01-11T12:31:44.279+0000] {logging_mixin.py:188} INFO - [2025-01-11T12:31:44.279+0000] {dag.py:3089} INFO - Sync 1 DAGs
[2025-01-11T12:31:44.286+0000] {logging_mixin.py:188} INFO - [2025-01-11T12:31:44.286+0000] {dag.py:3947} INFO - Setting next_dagrun for example_trigger_target_dag to None, run_after=None
[2025-01-11T12:31:44.297+0000] {processor.py:183} INFO - Processing /home/airflow/.local/lib/python3.12/site-packages/airflow/example_dags/example_trigger_target_dag.py took 0.040 seconds
[2025-01-11T12:32:17.313+0000] {processor.py:161} INFO - Started process (PID=24265) to work on /home/airflow/.local/lib/python3.12/site-packages/airflow/example_dags/example_trigger_target_dag.py
[2025-01-11T12:32:17.314+0000] {processor.py:830} INFO - Processing file /home/airflow/.local/lib/python3.12/site-packages/airflow/example_dags/example_trigger_target_dag.py for tasks to queue
[2025-01-11T12:32:17.316+0000] {logging_mixin.py:188} INFO - [2025-01-11T12:32:17.316+0000] {dagbag.py:545} INFO - Filling up the DagBag from /home/airflow/.local/lib/python3.12/site-packages/airflow/example_dags/example_trigger_target_dag.py
[2025-01-11T12:32:17.322+0000] {processor.py:840} INFO - DAG(s) 'example_trigger_target_dag' retrieved from /home/airflow/.local/lib/python3.12/site-packages/airflow/example_dags/example_trigger_target_dag.py
[2025-01-11T12:32:17.337+0000] {logging_mixin.py:188} INFO - [2025-01-11T12:32:17.337+0000] {dag.py:3089} INFO - Sync 1 DAGs
[2025-01-11T12:32:17.344+0000] {logging_mixin.py:188} INFO - [2025-01-11T12:32:17.344+0000] {dag.py:3947} INFO - Setting next_dagrun for example_trigger_target_dag to None, run_after=None
[2025-01-11T12:32:17.357+0000] {processor.py:183} INFO - Processing /home/airflow/.local/lib/python3.12/site-packages/airflow/example_dags/example_trigger_target_dag.py took 0.050 seconds
[2025-01-11T12:32:47.726+0000] {processor.py:161} INFO - Started process (PID=24542) to work on /home/airflow/.local/lib/python3.12/site-packages/airflow/example_dags/example_trigger_target_dag.py
[2025-01-11T12:32:47.726+0000] {processor.py:830} INFO - Processing file /home/airflow/.local/lib/python3.12/site-packages/airflow/example_dags/example_trigger_target_dag.py for tasks to queue
[2025-01-11T12:32:47.727+0000] {logging_mixin.py:188} INFO - [2025-01-11T12:32:47.727+0000] {dagbag.py:545} INFO - Filling up the DagBag from /home/airflow/.local/lib/python3.12/site-packages/airflow/example_dags/example_trigger_target_dag.py
[2025-01-11T12:32:47.731+0000] {processor.py:840} INFO - DAG(s) 'example_trigger_target_dag' retrieved from /home/airflow/.local/lib/python3.12/site-packages/airflow/example_dags/example_trigger_target_dag.py
[2025-01-11T12:32:47.744+0000] {logging_mixin.py:188} INFO - [2025-01-11T12:32:47.744+0000] {dag.py:3089} INFO - Sync 1 DAGs
[2025-01-11T12:32:47.751+0000] {logging_mixin.py:188} INFO - [2025-01-11T12:32:47.751+0000] {dag.py:3947} INFO - Setting next_dagrun for example_trigger_target_dag to None, run_after=None
[2025-01-11T12:32:47.759+0000] {processor.py:183} INFO - Processing /home/airflow/.local/lib/python3.12/site-packages/airflow/example_dags/example_trigger_target_dag.py took 0.038 seconds
[2025-01-11T12:53:58.106+0000] {processor.py:161} INFO - Started process (PID=24819) to work on /home/airflow/.local/lib/python3.12/site-packages/airflow/example_dags/example_trigger_target_dag.py
[2025-01-11T12:53:58.108+0000] {processor.py:830} INFO - Processing file /home/airflow/.local/lib/python3.12/site-packages/airflow/example_dags/example_trigger_target_dag.py for tasks to queue
[2025-01-11T12:53:58.111+0000] {logging_mixin.py:188} INFO - [2025-01-11T12:53:58.111+0000] {dagbag.py:545} INFO - Filling up the DagBag from /home/airflow/.local/lib/python3.12/site-packages/airflow/example_dags/example_trigger_target_dag.py
[2025-01-11T12:53:58.120+0000] {processor.py:840} INFO - DAG(s) 'example_trigger_target_dag' retrieved from /home/airflow/.local/lib/python3.12/site-packages/airflow/example_dags/example_trigger_target_dag.py
[2025-01-11T12:53:58.142+0000] {logging_mixin.py:188} INFO - [2025-01-11T12:53:58.142+0000] {dag.py:3089} INFO - Sync 1 DAGs
[2025-01-11T12:53:58.153+0000] {logging_mixin.py:188} INFO - [2025-01-11T12:53:58.153+0000] {dag.py:3947} INFO - Setting next_dagrun for example_trigger_target_dag to None, run_after=None
[2025-01-11T12:53:58.168+0000] {processor.py:183} INFO - Processing /home/airflow/.local/lib/python3.12/site-packages/airflow/example_dags/example_trigger_target_dag.py took 0.068 seconds
[2025-01-11T12:54:28.363+0000] {processor.py:161} INFO - Started process (PID=25096) to work on /home/airflow/.local/lib/python3.12/site-packages/airflow/example_dags/example_trigger_target_dag.py
[2025-01-11T12:54:28.364+0000] {processor.py:830} INFO - Processing file /home/airflow/.local/lib/python3.12/site-packages/airflow/example_dags/example_trigger_target_dag.py for tasks to queue
[2025-01-11T12:54:28.365+0000] {logging_mixin.py:188} INFO - [2025-01-11T12:54:28.365+0000] {dagbag.py:545} INFO - Filling up the DagBag from /home/airflow/.local/lib/python3.12/site-packages/airflow/example_dags/example_trigger_target_dag.py
[2025-01-11T12:54:28.369+0000] {processor.py:840} INFO - DAG(s) 'example_trigger_target_dag' retrieved from /home/airflow/.local/lib/python3.12/site-packages/airflow/example_dags/example_trigger_target_dag.py
[2025-01-11T12:54:28.383+0000] {logging_mixin.py:188} INFO - [2025-01-11T12:54:28.383+0000] {dag.py:3089} INFO - Sync 1 DAGs
[2025-01-11T12:54:28.390+0000] {logging_mixin.py:188} INFO - [2025-01-11T12:54:28.390+0000] {dag.py:3947} INFO - Setting next_dagrun for example_trigger_target_dag to None, run_after=None
[2025-01-11T12:54:28.400+0000] {processor.py:183} INFO - Processing /home/airflow/.local/lib/python3.12/site-packages/airflow/example_dags/example_trigger_target_dag.py took 0.041 seconds
[2025-01-11T12:54:59.364+0000] {processor.py:161} INFO - Started process (PID=25373) to work on /home/airflow/.local/lib/python3.12/site-packages/airflow/example_dags/example_trigger_target_dag.py
[2025-01-11T12:54:59.365+0000] {processor.py:830} INFO - Processing file /home/airflow/.local/lib/python3.12/site-packages/airflow/example_dags/example_trigger_target_dag.py for tasks to queue
[2025-01-11T12:54:59.366+0000] {logging_mixin.py:188} INFO - [2025-01-11T12:54:59.366+0000] {dagbag.py:545} INFO - Filling up the DagBag from /home/airflow/.local/lib/python3.12/site-packages/airflow/example_dags/example_trigger_target_dag.py
[2025-01-11T12:54:59.371+0000] {processor.py:840} INFO - DAG(s) 'example_trigger_target_dag' retrieved from /home/airflow/.local/lib/python3.12/site-packages/airflow/example_dags/example_trigger_target_dag.py
[2025-01-11T12:54:59.385+0000] {logging_mixin.py:188} INFO - [2025-01-11T12:54:59.385+0000] {dag.py:3089} INFO - Sync 1 DAGs
[2025-01-11T12:54:59.393+0000] {logging_mixin.py:188} INFO - [2025-01-11T12:54:59.393+0000] {dag.py:3947} INFO - Setting next_dagrun for example_trigger_target_dag to None, run_after=None
[2025-01-11T12:54:59.404+0000] {processor.py:183} INFO - Processing /home/airflow/.local/lib/python3.12/site-packages/airflow/example_dags/example_trigger_target_dag.py took 0.044 seconds
[2025-01-11T12:55:29.999+0000] {processor.py:161} INFO - Started process (PID=25651) to work on /home/airflow/.local/lib/python3.12/site-packages/airflow/example_dags/example_trigger_target_dag.py
[2025-01-11T12:55:30.000+0000] {processor.py:830} INFO - Processing file /home/airflow/.local/lib/python3.12/site-packages/airflow/example_dags/example_trigger_target_dag.py for tasks to queue
[2025-01-11T12:55:30.001+0000] {logging_mixin.py:188} INFO - [2025-01-11T12:55:30.001+0000] {dagbag.py:545} INFO - Filling up the DagBag from /home/airflow/.local/lib/python3.12/site-packages/airflow/example_dags/example_trigger_target_dag.py
[2025-01-11T12:55:30.005+0000] {processor.py:840} INFO - DAG(s) 'example_trigger_target_dag' retrieved from /home/airflow/.local/lib/python3.12/site-packages/airflow/example_dags/example_trigger_target_dag.py
[2025-01-11T12:55:30.019+0000] {logging_mixin.py:188} INFO - [2025-01-11T12:55:30.019+0000] {dag.py:3089} INFO - Sync 1 DAGs
[2025-01-11T12:55:30.026+0000] {logging_mixin.py:188} INFO - [2025-01-11T12:55:30.026+0000] {dag.py:3947} INFO - Setting next_dagrun for example_trigger_target_dag to None, run_after=None
[2025-01-11T12:55:30.036+0000] {processor.py:183} INFO - Processing /home/airflow/.local/lib/python3.12/site-packages/airflow/example_dags/example_trigger_target_dag.py took 0.042 seconds
[2025-01-11T12:56:00.089+0000] {processor.py:161} INFO - Started process (PID=25927) to work on /home/airflow/.local/lib/python3.12/site-packages/airflow/example_dags/example_trigger_target_dag.py
[2025-01-11T12:56:00.089+0000] {processor.py:830} INFO - Processing file /home/airflow/.local/lib/python3.12/site-packages/airflow/example_dags/example_trigger_target_dag.py for tasks to queue
[2025-01-11T12:56:00.091+0000] {logging_mixin.py:188} INFO - [2025-01-11T12:56:00.090+0000] {dagbag.py:545} INFO - Filling up the DagBag from /home/airflow/.local/lib/python3.12/site-packages/airflow/example_dags/example_trigger_target_dag.py
[2025-01-11T12:56:00.094+0000] {processor.py:840} INFO - DAG(s) 'example_trigger_target_dag' retrieved from /home/airflow/.local/lib/python3.12/site-packages/airflow/example_dags/example_trigger_target_dag.py
[2025-01-11T12:56:00.110+0000] {logging_mixin.py:188} INFO - [2025-01-11T12:56:00.110+0000] {dag.py:3089} INFO - Sync 1 DAGs
[2025-01-11T12:56:00.117+0000] {logging_mixin.py:188} INFO - [2025-01-11T12:56:00.117+0000] {dag.py:3947} INFO - Setting next_dagrun for example_trigger_target_dag to None, run_after=None
[2025-01-11T12:56:00.130+0000] {processor.py:183} INFO - Processing /home/airflow/.local/lib/python3.12/site-packages/airflow/example_dags/example_trigger_target_dag.py took 0.045 seconds
[2025-01-11T12:56:30.236+0000] {processor.py:161} INFO - Started process (PID=26204) to work on /home/airflow/.local/lib/python3.12/site-packages/airflow/example_dags/example_trigger_target_dag.py
[2025-01-11T12:56:30.236+0000] {processor.py:830} INFO - Processing file /home/airflow/.local/lib/python3.12/site-packages/airflow/example_dags/example_trigger_target_dag.py for tasks to queue
[2025-01-11T12:56:30.238+0000] {logging_mixin.py:188} INFO - [2025-01-11T12:56:30.238+0000] {dagbag.py:545} INFO - Filling up the DagBag from /home/airflow/.local/lib/python3.12/site-packages/airflow/example_dags/example_trigger_target_dag.py
[2025-01-11T12:56:30.242+0000] {processor.py:840} INFO - DAG(s) 'example_trigger_target_dag' retrieved from /home/airflow/.local/lib/python3.12/site-packages/airflow/example_dags/example_trigger_target_dag.py
[2025-01-11T12:56:30.256+0000] {logging_mixin.py:188} INFO - [2025-01-11T12:56:30.255+0000] {dag.py:3089} INFO - Sync 1 DAGs
[2025-01-11T12:56:30.264+0000] {logging_mixin.py:188} INFO - [2025-01-11T12:56:30.264+0000] {dag.py:3947} INFO - Setting next_dagrun for example_trigger_target_dag to None, run_after=None
[2025-01-11T12:56:30.274+0000] {processor.py:183} INFO - Processing /home/airflow/.local/lib/python3.12/site-packages/airflow/example_dags/example_trigger_target_dag.py took 0.043 seconds
[2025-01-11T12:57:01.001+0000] {processor.py:161} INFO - Started process (PID=26481) to work on /home/airflow/.local/lib/python3.12/site-packages/airflow/example_dags/example_trigger_target_dag.py
[2025-01-11T12:57:01.002+0000] {processor.py:830} INFO - Processing file /home/airflow/.local/lib/python3.12/site-packages/airflow/example_dags/example_trigger_target_dag.py for tasks to queue
[2025-01-11T12:57:01.003+0000] {logging_mixin.py:188} INFO - [2025-01-11T12:57:01.003+0000] {dagbag.py:545} INFO - Filling up the DagBag from /home/airflow/.local/lib/python3.12/site-packages/airflow/example_dags/example_trigger_target_dag.py
[2025-01-11T12:57:01.007+0000] {processor.py:840} INFO - DAG(s) 'example_trigger_target_dag' retrieved from /home/airflow/.local/lib/python3.12/site-packages/airflow/example_dags/example_trigger_target_dag.py
[2025-01-11T12:57:01.023+0000] {logging_mixin.py:188} INFO - [2025-01-11T12:57:01.023+0000] {dag.py:3089} INFO - Sync 1 DAGs
[2025-01-11T12:57:01.034+0000] {logging_mixin.py:188} INFO - [2025-01-11T12:57:01.034+0000] {dag.py:3947} INFO - Setting next_dagrun for example_trigger_target_dag to None, run_after=None
[2025-01-11T12:57:01.044+0000] {processor.py:183} INFO - Processing /home/airflow/.local/lib/python3.12/site-packages/airflow/example_dags/example_trigger_target_dag.py took 0.048 seconds
[2025-01-11T12:57:31.564+0000] {processor.py:161} INFO - Started process (PID=26760) to work on /home/airflow/.local/lib/python3.12/site-packages/airflow/example_dags/example_trigger_target_dag.py
[2025-01-11T12:57:31.565+0000] {processor.py:830} INFO - Processing file /home/airflow/.local/lib/python3.12/site-packages/airflow/example_dags/example_trigger_target_dag.py for tasks to queue
[2025-01-11T12:57:31.566+0000] {logging_mixin.py:188} INFO - [2025-01-11T12:57:31.566+0000] {dagbag.py:545} INFO - Filling up the DagBag from /home/airflow/.local/lib/python3.12/site-packages/airflow/example_dags/example_trigger_target_dag.py
[2025-01-11T12:57:31.571+0000] {processor.py:840} INFO - DAG(s) 'example_trigger_target_dag' retrieved from /home/airflow/.local/lib/python3.12/site-packages/airflow/example_dags/example_trigger_target_dag.py
[2025-01-11T12:57:31.585+0000] {logging_mixin.py:188} INFO - [2025-01-11T12:57:31.584+0000] {dag.py:3089} INFO - Sync 1 DAGs
[2025-01-11T12:57:31.591+0000] {logging_mixin.py:188} INFO - [2025-01-11T12:57:31.591+0000] {dag.py:3947} INFO - Setting next_dagrun for example_trigger_target_dag to None, run_after=None
[2025-01-11T12:57:31.603+0000] {processor.py:183} INFO - Processing /home/airflow/.local/lib/python3.12/site-packages/airflow/example_dags/example_trigger_target_dag.py took 0.043 seconds
[2025-01-11T12:58:01.787+0000] {processor.py:161} INFO - Started process (PID=27037) to work on /home/airflow/.local/lib/python3.12/site-packages/airflow/example_dags/example_trigger_target_dag.py
[2025-01-11T12:58:01.788+0000] {processor.py:830} INFO - Processing file /home/airflow/.local/lib/python3.12/site-packages/airflow/example_dags/example_trigger_target_dag.py for tasks to queue
[2025-01-11T12:58:01.789+0000] {logging_mixin.py:188} INFO - [2025-01-11T12:58:01.789+0000] {dagbag.py:545} INFO - Filling up the DagBag from /home/airflow/.local/lib/python3.12/site-packages/airflow/example_dags/example_trigger_target_dag.py
[2025-01-11T12:58:01.794+0000] {processor.py:840} INFO - DAG(s) 'example_trigger_target_dag' retrieved from /home/airflow/.local/lib/python3.12/site-packages/airflow/example_dags/example_trigger_target_dag.py
[2025-01-11T12:58:01.808+0000] {logging_mixin.py:188} INFO - [2025-01-11T12:58:01.807+0000] {dag.py:3089} INFO - Sync 1 DAGs
[2025-01-11T12:58:01.816+0000] {logging_mixin.py:188} INFO - [2025-01-11T12:58:01.816+0000] {dag.py:3947} INFO - Setting next_dagrun for example_trigger_target_dag to None, run_after=None
[2025-01-11T12:58:01.828+0000] {processor.py:183} INFO - Processing /home/airflow/.local/lib/python3.12/site-packages/airflow/example_dags/example_trigger_target_dag.py took 0.046 seconds
[2025-01-11T12:58:32.800+0000] {processor.py:161} INFO - Started process (PID=27314) to work on /home/airflow/.local/lib/python3.12/site-packages/airflow/example_dags/example_trigger_target_dag.py
[2025-01-11T12:58:32.801+0000] {processor.py:830} INFO - Processing file /home/airflow/.local/lib/python3.12/site-packages/airflow/example_dags/example_trigger_target_dag.py for tasks to queue
[2025-01-11T12:58:32.802+0000] {logging_mixin.py:188} INFO - [2025-01-11T12:58:32.802+0000] {dagbag.py:545} INFO - Filling up the DagBag from /home/airflow/.local/lib/python3.12/site-packages/airflow/example_dags/example_trigger_target_dag.py
[2025-01-11T12:58:32.807+0000] {processor.py:840} INFO - DAG(s) 'example_trigger_target_dag' retrieved from /home/airflow/.local/lib/python3.12/site-packages/airflow/example_dags/example_trigger_target_dag.py
[2025-01-11T12:58:32.821+0000] {logging_mixin.py:188} INFO - [2025-01-11T12:58:32.821+0000] {dag.py:3089} INFO - Sync 1 DAGs
[2025-01-11T12:58:32.828+0000] {logging_mixin.py:188} INFO - [2025-01-11T12:58:32.828+0000] {dag.py:3947} INFO - Setting next_dagrun for example_trigger_target_dag to None, run_after=None
[2025-01-11T12:58:32.840+0000] {processor.py:183} INFO - Processing /home/airflow/.local/lib/python3.12/site-packages/airflow/example_dags/example_trigger_target_dag.py took 0.045 seconds
[2025-01-11T12:59:02.998+0000] {processor.py:161} INFO - Started process (PID=27591) to work on /home/airflow/.local/lib/python3.12/site-packages/airflow/example_dags/example_trigger_target_dag.py
[2025-01-11T12:59:02.999+0000] {processor.py:830} INFO - Processing file /home/airflow/.local/lib/python3.12/site-packages/airflow/example_dags/example_trigger_target_dag.py for tasks to queue
[2025-01-11T12:59:03.001+0000] {logging_mixin.py:188} INFO - [2025-01-11T12:59:03.000+0000] {dagbag.py:545} INFO - Filling up the DagBag from /home/airflow/.local/lib/python3.12/site-packages/airflow/example_dags/example_trigger_target_dag.py
[2025-01-11T12:59:03.006+0000] {processor.py:840} INFO - DAG(s) 'example_trigger_target_dag' retrieved from /home/airflow/.local/lib/python3.12/site-packages/airflow/example_dags/example_trigger_target_dag.py
[2025-01-11T12:59:03.021+0000] {logging_mixin.py:188} INFO - [2025-01-11T12:59:03.021+0000] {dag.py:3089} INFO - Sync 1 DAGs
[2025-01-11T12:59:03.029+0000] {logging_mixin.py:188} INFO - [2025-01-11T12:59:03.029+0000] {dag.py:3947} INFO - Setting next_dagrun for example_trigger_target_dag to None, run_after=None
[2025-01-11T12:59:03.040+0000] {processor.py:183} INFO - Processing /home/airflow/.local/lib/python3.12/site-packages/airflow/example_dags/example_trigger_target_dag.py took 0.047 seconds
[2025-01-11T12:59:33.401+0000] {processor.py:161} INFO - Started process (PID=27868) to work on /home/airflow/.local/lib/python3.12/site-packages/airflow/example_dags/example_trigger_target_dag.py
[2025-01-11T12:59:33.401+0000] {processor.py:830} INFO - Processing file /home/airflow/.local/lib/python3.12/site-packages/airflow/example_dags/example_trigger_target_dag.py for tasks to queue
[2025-01-11T12:59:33.404+0000] {logging_mixin.py:188} INFO - [2025-01-11T12:59:33.403+0000] {dagbag.py:545} INFO - Filling up the DagBag from /home/airflow/.local/lib/python3.12/site-packages/airflow/example_dags/example_trigger_target_dag.py
[2025-01-11T12:59:33.408+0000] {processor.py:840} INFO - DAG(s) 'example_trigger_target_dag' retrieved from /home/airflow/.local/lib/python3.12/site-packages/airflow/example_dags/example_trigger_target_dag.py
[2025-01-11T12:59:33.423+0000] {logging_mixin.py:188} INFO - [2025-01-11T12:59:33.423+0000] {dag.py:3089} INFO - Sync 1 DAGs
[2025-01-11T12:59:33.431+0000] {logging_mixin.py:188} INFO - [2025-01-11T12:59:33.431+0000] {dag.py:3947} INFO - Setting next_dagrun for example_trigger_target_dag to None, run_after=None
[2025-01-11T12:59:33.442+0000] {processor.py:183} INFO - Processing /home/airflow/.local/lib/python3.12/site-packages/airflow/example_dags/example_trigger_target_dag.py took 0.046 seconds
[2025-01-11T13:00:03.621+0000] {processor.py:161} INFO - Started process (PID=28145) to work on /home/airflow/.local/lib/python3.12/site-packages/airflow/example_dags/example_trigger_target_dag.py
[2025-01-11T13:00:03.622+0000] {processor.py:830} INFO - Processing file /home/airflow/.local/lib/python3.12/site-packages/airflow/example_dags/example_trigger_target_dag.py for tasks to queue
[2025-01-11T13:00:03.623+0000] {logging_mixin.py:188} INFO - [2025-01-11T13:00:03.623+0000] {dagbag.py:545} INFO - Filling up the DagBag from /home/airflow/.local/lib/python3.12/site-packages/airflow/example_dags/example_trigger_target_dag.py
[2025-01-11T13:00:03.628+0000] {processor.py:840} INFO - DAG(s) 'example_trigger_target_dag' retrieved from /home/airflow/.local/lib/python3.12/site-packages/airflow/example_dags/example_trigger_target_dag.py
[2025-01-11T13:00:03.642+0000] {logging_mixin.py:188} INFO - [2025-01-11T13:00:03.642+0000] {dag.py:3089} INFO - Sync 1 DAGs
[2025-01-11T13:00:03.651+0000] {logging_mixin.py:188} INFO - [2025-01-11T13:00:03.651+0000] {dag.py:3947} INFO - Setting next_dagrun for example_trigger_target_dag to None, run_after=None
[2025-01-11T13:00:03.663+0000] {processor.py:183} INFO - Processing /home/airflow/.local/lib/python3.12/site-packages/airflow/example_dags/example_trigger_target_dag.py took 0.046 seconds
[2025-01-11T13:00:34.014+0000] {processor.py:161} INFO - Started process (PID=28422) to work on /home/airflow/.local/lib/python3.12/site-packages/airflow/example_dags/example_trigger_target_dag.py
[2025-01-11T13:00:34.016+0000] {processor.py:830} INFO - Processing file /home/airflow/.local/lib/python3.12/site-packages/airflow/example_dags/example_trigger_target_dag.py for tasks to queue
[2025-01-11T13:00:34.017+0000] {logging_mixin.py:188} INFO - [2025-01-11T13:00:34.017+0000] {dagbag.py:545} INFO - Filling up the DagBag from /home/airflow/.local/lib/python3.12/site-packages/airflow/example_dags/example_trigger_target_dag.py
[2025-01-11T13:00:34.022+0000] {processor.py:840} INFO - DAG(s) 'example_trigger_target_dag' retrieved from /home/airflow/.local/lib/python3.12/site-packages/airflow/example_dags/example_trigger_target_dag.py
[2025-01-11T13:00:34.036+0000] {logging_mixin.py:188} INFO - [2025-01-11T13:00:34.036+0000] {dag.py:3089} INFO - Sync 1 DAGs
[2025-01-11T13:00:34.043+0000] {logging_mixin.py:188} INFO - [2025-01-11T13:00:34.043+0000] {dag.py:3947} INFO - Setting next_dagrun for example_trigger_target_dag to None, run_after=None
[2025-01-11T13:00:34.055+0000] {processor.py:183} INFO - Processing /home/airflow/.local/lib/python3.12/site-packages/airflow/example_dags/example_trigger_target_dag.py took 0.045 seconds
[2025-01-11T13:03:15.571+0000] {processor.py:161} INFO - Started process (PID=28697) to work on /home/airflow/.local/lib/python3.12/site-packages/airflow/example_dags/example_trigger_target_dag.py
[2025-01-11T13:03:15.572+0000] {processor.py:830} INFO - Processing file /home/airflow/.local/lib/python3.12/site-packages/airflow/example_dags/example_trigger_target_dag.py for tasks to queue
[2025-01-11T13:03:15.574+0000] {logging_mixin.py:188} INFO - [2025-01-11T13:03:15.574+0000] {dagbag.py:545} INFO - Filling up the DagBag from /home/airflow/.local/lib/python3.12/site-packages/airflow/example_dags/example_trigger_target_dag.py
[2025-01-11T13:03:15.578+0000] {processor.py:840} INFO - DAG(s) 'example_trigger_target_dag' retrieved from /home/airflow/.local/lib/python3.12/site-packages/airflow/example_dags/example_trigger_target_dag.py
[2025-01-11T13:03:15.593+0000] {logging_mixin.py:188} INFO - [2025-01-11T13:03:15.593+0000] {dag.py:3089} INFO - Sync 1 DAGs
[2025-01-11T13:03:15.602+0000] {logging_mixin.py:188} INFO - [2025-01-11T13:03:15.602+0000] {dag.py:3947} INFO - Setting next_dagrun for example_trigger_target_dag to None, run_after=None
[2025-01-11T13:03:15.614+0000] {processor.py:183} INFO - Processing /home/airflow/.local/lib/python3.12/site-packages/airflow/example_dags/example_trigger_target_dag.py took 0.047 seconds
[2025-01-11T13:03:46.354+0000] {processor.py:161} INFO - Started process (PID=28976) to work on /home/airflow/.local/lib/python3.12/site-packages/airflow/example_dags/example_trigger_target_dag.py
[2025-01-11T13:03:46.355+0000] {processor.py:830} INFO - Processing file /home/airflow/.local/lib/python3.12/site-packages/airflow/example_dags/example_trigger_target_dag.py for tasks to queue
[2025-01-11T13:03:46.356+0000] {logging_mixin.py:188} INFO - [2025-01-11T13:03:46.356+0000] {dagbag.py:545} INFO - Filling up the DagBag from /home/airflow/.local/lib/python3.12/site-packages/airflow/example_dags/example_trigger_target_dag.py
[2025-01-11T13:03:46.361+0000] {processor.py:840} INFO - DAG(s) 'example_trigger_target_dag' retrieved from /home/airflow/.local/lib/python3.12/site-packages/airflow/example_dags/example_trigger_target_dag.py
[2025-01-11T13:03:46.375+0000] {logging_mixin.py:188} INFO - [2025-01-11T13:03:46.375+0000] {dag.py:3089} INFO - Sync 1 DAGs
[2025-01-11T13:03:46.382+0000] {logging_mixin.py:188} INFO - [2025-01-11T13:03:46.382+0000] {dag.py:3947} INFO - Setting next_dagrun for example_trigger_target_dag to None, run_after=None
[2025-01-11T13:03:46.394+0000] {processor.py:183} INFO - Processing /home/airflow/.local/lib/python3.12/site-packages/airflow/example_dags/example_trigger_target_dag.py took 0.045 seconds
[2025-01-11T13:04:16.663+0000] {processor.py:161} INFO - Started process (PID=29251) to work on /home/airflow/.local/lib/python3.12/site-packages/airflow/example_dags/example_trigger_target_dag.py
[2025-01-11T13:04:16.663+0000] {processor.py:830} INFO - Processing file /home/airflow/.local/lib/python3.12/site-packages/airflow/example_dags/example_trigger_target_dag.py for tasks to queue
[2025-01-11T13:04:16.665+0000] {logging_mixin.py:188} INFO - [2025-01-11T13:04:16.665+0000] {dagbag.py:545} INFO - Filling up the DagBag from /home/airflow/.local/lib/python3.12/site-packages/airflow/example_dags/example_trigger_target_dag.py
[2025-01-11T13:04:16.669+0000] {processor.py:840} INFO - DAG(s) 'example_trigger_target_dag' retrieved from /home/airflow/.local/lib/python3.12/site-packages/airflow/example_dags/example_trigger_target_dag.py
[2025-01-11T13:04:16.682+0000] {logging_mixin.py:188} INFO - [2025-01-11T13:04:16.682+0000] {dag.py:3089} INFO - Sync 1 DAGs
[2025-01-11T13:04:16.691+0000] {logging_mixin.py:188} INFO - [2025-01-11T13:04:16.691+0000] {dag.py:3947} INFO - Setting next_dagrun for example_trigger_target_dag to None, run_after=None
[2025-01-11T13:04:16.702+0000] {processor.py:183} INFO - Processing /home/airflow/.local/lib/python3.12/site-packages/airflow/example_dags/example_trigger_target_dag.py took 0.045 seconds
[2025-01-11T13:04:47.009+0000] {processor.py:161} INFO - Started process (PID=29528) to work on /home/airflow/.local/lib/python3.12/site-packages/airflow/example_dags/example_trigger_target_dag.py
[2025-01-11T13:04:47.010+0000] {processor.py:830} INFO - Processing file /home/airflow/.local/lib/python3.12/site-packages/airflow/example_dags/example_trigger_target_dag.py for tasks to queue
[2025-01-11T13:04:47.011+0000] {logging_mixin.py:188} INFO - [2025-01-11T13:04:47.011+0000] {dagbag.py:545} INFO - Filling up the DagBag from /home/airflow/.local/lib/python3.12/site-packages/airflow/example_dags/example_trigger_target_dag.py
[2025-01-11T13:04:47.015+0000] {processor.py:840} INFO - DAG(s) 'example_trigger_target_dag' retrieved from /home/airflow/.local/lib/python3.12/site-packages/airflow/example_dags/example_trigger_target_dag.py
[2025-01-11T13:04:47.029+0000] {logging_mixin.py:188} INFO - [2025-01-11T13:04:47.029+0000] {dag.py:3089} INFO - Sync 1 DAGs
[2025-01-11T13:04:47.036+0000] {logging_mixin.py:188} INFO - [2025-01-11T13:04:47.036+0000] {dag.py:3947} INFO - Setting next_dagrun for example_trigger_target_dag to None, run_after=None
[2025-01-11T13:04:47.048+0000] {processor.py:183} INFO - Processing /home/airflow/.local/lib/python3.12/site-packages/airflow/example_dags/example_trigger_target_dag.py took 0.043 seconds
[2025-01-11T13:05:17.411+0000] {processor.py:161} INFO - Started process (PID=29805) to work on /home/airflow/.local/lib/python3.12/site-packages/airflow/example_dags/example_trigger_target_dag.py
[2025-01-11T13:05:17.411+0000] {processor.py:830} INFO - Processing file /home/airflow/.local/lib/python3.12/site-packages/airflow/example_dags/example_trigger_target_dag.py for tasks to queue
[2025-01-11T13:05:17.413+0000] {logging_mixin.py:188} INFO - [2025-01-11T13:05:17.412+0000] {dagbag.py:545} INFO - Filling up the DagBag from /home/airflow/.local/lib/python3.12/site-packages/airflow/example_dags/example_trigger_target_dag.py
[2025-01-11T13:05:17.416+0000] {processor.py:840} INFO - DAG(s) 'example_trigger_target_dag' retrieved from /home/airflow/.local/lib/python3.12/site-packages/airflow/example_dags/example_trigger_target_dag.py
[2025-01-11T13:05:17.430+0000] {logging_mixin.py:188} INFO - [2025-01-11T13:05:17.430+0000] {dag.py:3089} INFO - Sync 1 DAGs
[2025-01-11T13:05:17.437+0000] {logging_mixin.py:188} INFO - [2025-01-11T13:05:17.437+0000] {dag.py:3947} INFO - Setting next_dagrun for example_trigger_target_dag to None, run_after=None
[2025-01-11T13:05:17.448+0000] {processor.py:183} INFO - Processing /home/airflow/.local/lib/python3.12/site-packages/airflow/example_dags/example_trigger_target_dag.py took 0.042 seconds
[2025-01-11T13:05:47.792+0000] {processor.py:161} INFO - Started process (PID=30083) to work on /home/airflow/.local/lib/python3.12/site-packages/airflow/example_dags/example_trigger_target_dag.py
[2025-01-11T13:05:47.793+0000] {processor.py:830} INFO - Processing file /home/airflow/.local/lib/python3.12/site-packages/airflow/example_dags/example_trigger_target_dag.py for tasks to queue
[2025-01-11T13:05:47.795+0000] {logging_mixin.py:188} INFO - [2025-01-11T13:05:47.794+0000] {dagbag.py:545} INFO - Filling up the DagBag from /home/airflow/.local/lib/python3.12/site-packages/airflow/example_dags/example_trigger_target_dag.py
[2025-01-11T13:05:47.799+0000] {processor.py:840} INFO - DAG(s) 'example_trigger_target_dag' retrieved from /home/airflow/.local/lib/python3.12/site-packages/airflow/example_dags/example_trigger_target_dag.py
[2025-01-11T13:05:47.814+0000] {logging_mixin.py:188} INFO - [2025-01-11T13:05:47.814+0000] {dag.py:3089} INFO - Sync 1 DAGs
[2025-01-11T13:05:47.821+0000] {logging_mixin.py:188} INFO - [2025-01-11T13:05:47.821+0000] {dag.py:3947} INFO - Setting next_dagrun for example_trigger_target_dag to None, run_after=None
[2025-01-11T13:05:47.833+0000] {processor.py:183} INFO - Processing /home/airflow/.local/lib/python3.12/site-packages/airflow/example_dags/example_trigger_target_dag.py took 0.045 seconds
[2025-01-11T13:06:18.059+0000] {processor.py:161} INFO - Started process (PID=30358) to work on /home/airflow/.local/lib/python3.12/site-packages/airflow/example_dags/example_trigger_target_dag.py
[2025-01-11T13:06:18.060+0000] {processor.py:830} INFO - Processing file /home/airflow/.local/lib/python3.12/site-packages/airflow/example_dags/example_trigger_target_dag.py for tasks to queue
[2025-01-11T13:06:18.061+0000] {logging_mixin.py:188} INFO - [2025-01-11T13:06:18.061+0000] {dagbag.py:545} INFO - Filling up the DagBag from /home/airflow/.local/lib/python3.12/site-packages/airflow/example_dags/example_trigger_target_dag.py
[2025-01-11T13:06:18.066+0000] {processor.py:840} INFO - DAG(s) 'example_trigger_target_dag' retrieved from /home/airflow/.local/lib/python3.12/site-packages/airflow/example_dags/example_trigger_target_dag.py
[2025-01-11T13:06:18.080+0000] {logging_mixin.py:188} INFO - [2025-01-11T13:06:18.080+0000] {dag.py:3089} INFO - Sync 1 DAGs
[2025-01-11T13:06:18.089+0000] {logging_mixin.py:188} INFO - [2025-01-11T13:06:18.089+0000] {dag.py:3947} INFO - Setting next_dagrun for example_trigger_target_dag to None, run_after=None
[2025-01-11T13:06:18.100+0000] {processor.py:183} INFO - Processing /home/airflow/.local/lib/python3.12/site-packages/airflow/example_dags/example_trigger_target_dag.py took 0.046 seconds
[2025-01-11T13:06:48.209+0000] {processor.py:161} INFO - Started process (PID=30629) to work on /home/airflow/.local/lib/python3.12/site-packages/airflow/example_dags/example_trigger_target_dag.py
[2025-01-11T13:06:48.210+0000] {processor.py:830} INFO - Processing file /home/airflow/.local/lib/python3.12/site-packages/airflow/example_dags/example_trigger_target_dag.py for tasks to queue
[2025-01-11T13:06:48.211+0000] {logging_mixin.py:188} INFO - [2025-01-11T13:06:48.211+0000] {dagbag.py:545} INFO - Filling up the DagBag from /home/airflow/.local/lib/python3.12/site-packages/airflow/example_dags/example_trigger_target_dag.py
[2025-01-11T13:06:48.215+0000] {processor.py:840} INFO - DAG(s) 'example_trigger_target_dag' retrieved from /home/airflow/.local/lib/python3.12/site-packages/airflow/example_dags/example_trigger_target_dag.py
[2025-01-11T13:06:48.237+0000] {logging_mixin.py:188} INFO - [2025-01-11T13:06:48.237+0000] {dag.py:3089} INFO - Sync 1 DAGs
[2025-01-11T13:06:48.244+0000] {logging_mixin.py:188} INFO - [2025-01-11T13:06:48.244+0000] {dag.py:3947} INFO - Setting next_dagrun for example_trigger_target_dag to None, run_after=None
[2025-01-11T13:06:48.256+0000] {processor.py:183} INFO - Processing /home/airflow/.local/lib/python3.12/site-packages/airflow/example_dags/example_trigger_target_dag.py took 0.051 seconds
[2025-01-11T13:07:18.642+0000] {processor.py:161} INFO - Started process (PID=30906) to work on /home/airflow/.local/lib/python3.12/site-packages/airflow/example_dags/example_trigger_target_dag.py
[2025-01-11T13:07:18.643+0000] {processor.py:830} INFO - Processing file /home/airflow/.local/lib/python3.12/site-packages/airflow/example_dags/example_trigger_target_dag.py for tasks to queue
[2025-01-11T13:07:18.644+0000] {logging_mixin.py:188} INFO - [2025-01-11T13:07:18.644+0000] {dagbag.py:545} INFO - Filling up the DagBag from /home/airflow/.local/lib/python3.12/site-packages/airflow/example_dags/example_trigger_target_dag.py
[2025-01-11T13:07:18.649+0000] {processor.py:840} INFO - DAG(s) 'example_trigger_target_dag' retrieved from /home/airflow/.local/lib/python3.12/site-packages/airflow/example_dags/example_trigger_target_dag.py
[2025-01-11T13:07:18.662+0000] {logging_mixin.py:188} INFO - [2025-01-11T13:07:18.662+0000] {dag.py:3089} INFO - Sync 1 DAGs
[2025-01-11T13:07:18.669+0000] {logging_mixin.py:188} INFO - [2025-01-11T13:07:18.669+0000] {dag.py:3947} INFO - Setting next_dagrun for example_trigger_target_dag to None, run_after=None
[2025-01-11T13:07:18.681+0000] {processor.py:183} INFO - Processing /home/airflow/.local/lib/python3.12/site-packages/airflow/example_dags/example_trigger_target_dag.py took 0.043 seconds
[2025-01-11T13:07:49.015+0000] {processor.py:161} INFO - Started process (PID=31183) to work on /home/airflow/.local/lib/python3.12/site-packages/airflow/example_dags/example_trigger_target_dag.py
[2025-01-11T13:07:49.016+0000] {processor.py:830} INFO - Processing file /home/airflow/.local/lib/python3.12/site-packages/airflow/example_dags/example_trigger_target_dag.py for tasks to queue
[2025-01-11T13:07:49.017+0000] {logging_mixin.py:188} INFO - [2025-01-11T13:07:49.017+0000] {dagbag.py:545} INFO - Filling up the DagBag from /home/airflow/.local/lib/python3.12/site-packages/airflow/example_dags/example_trigger_target_dag.py
[2025-01-11T13:07:49.021+0000] {processor.py:840} INFO - DAG(s) 'example_trigger_target_dag' retrieved from /home/airflow/.local/lib/python3.12/site-packages/airflow/example_dags/example_trigger_target_dag.py
[2025-01-11T13:07:49.034+0000] {logging_mixin.py:188} INFO - [2025-01-11T13:07:49.034+0000] {dag.py:3089} INFO - Sync 1 DAGs
[2025-01-11T13:07:49.042+0000] {logging_mixin.py:188} INFO - [2025-01-11T13:07:49.041+0000] {dag.py:3947} INFO - Setting next_dagrun for example_trigger_target_dag to None, run_after=None
[2025-01-11T13:07:49.053+0000] {processor.py:183} INFO - Processing /home/airflow/.local/lib/python3.12/site-packages/airflow/example_dags/example_trigger_target_dag.py took 0.042 seconds
[2025-01-11T13:08:20.009+0000] {processor.py:161} INFO - Started process (PID=31460) to work on /home/airflow/.local/lib/python3.12/site-packages/airflow/example_dags/example_trigger_target_dag.py
[2025-01-11T13:08:20.010+0000] {processor.py:830} INFO - Processing file /home/airflow/.local/lib/python3.12/site-packages/airflow/example_dags/example_trigger_target_dag.py for tasks to queue
[2025-01-11T13:08:20.011+0000] {logging_mixin.py:188} INFO - [2025-01-11T13:08:20.011+0000] {dagbag.py:545} INFO - Filling up the DagBag from /home/airflow/.local/lib/python3.12/site-packages/airflow/example_dags/example_trigger_target_dag.py
[2025-01-11T13:08:20.015+0000] {processor.py:840} INFO - DAG(s) 'example_trigger_target_dag' retrieved from /home/airflow/.local/lib/python3.12/site-packages/airflow/example_dags/example_trigger_target_dag.py
[2025-01-11T13:08:20.029+0000] {logging_mixin.py:188} INFO - [2025-01-11T13:08:20.029+0000] {dag.py:3089} INFO - Sync 1 DAGs
[2025-01-11T13:08:20.036+0000] {logging_mixin.py:188} INFO - [2025-01-11T13:08:20.036+0000] {dag.py:3947} INFO - Setting next_dagrun for example_trigger_target_dag to None, run_after=None
[2025-01-11T13:08:20.048+0000] {processor.py:183} INFO - Processing /home/airflow/.local/lib/python3.12/site-packages/airflow/example_dags/example_trigger_target_dag.py took 0.043 seconds
[2025-01-11T13:08:50.442+0000] {processor.py:161} INFO - Started process (PID=31737) to work on /home/airflow/.local/lib/python3.12/site-packages/airflow/example_dags/example_trigger_target_dag.py
[2025-01-11T13:08:50.442+0000] {processor.py:830} INFO - Processing file /home/airflow/.local/lib/python3.12/site-packages/airflow/example_dags/example_trigger_target_dag.py for tasks to queue
[2025-01-11T13:08:50.444+0000] {logging_mixin.py:188} INFO - [2025-01-11T13:08:50.443+0000] {dagbag.py:545} INFO - Filling up the DagBag from /home/airflow/.local/lib/python3.12/site-packages/airflow/example_dags/example_trigger_target_dag.py
[2025-01-11T13:08:50.448+0000] {processor.py:840} INFO - DAG(s) 'example_trigger_target_dag' retrieved from /home/airflow/.local/lib/python3.12/site-packages/airflow/example_dags/example_trigger_target_dag.py
[2025-01-11T13:08:50.461+0000] {logging_mixin.py:188} INFO - [2025-01-11T13:08:50.461+0000] {dag.py:3089} INFO - Sync 1 DAGs
[2025-01-11T13:08:50.467+0000] {logging_mixin.py:188} INFO - [2025-01-11T13:08:50.467+0000] {dag.py:3947} INFO - Setting next_dagrun for example_trigger_target_dag to None, run_after=None
[2025-01-11T13:08:50.478+0000] {processor.py:183} INFO - Processing /home/airflow/.local/lib/python3.12/site-packages/airflow/example_dags/example_trigger_target_dag.py took 0.040 seconds
[2025-01-11T13:09:20.720+0000] {processor.py:161} INFO - Started process (PID=32014) to work on /home/airflow/.local/lib/python3.12/site-packages/airflow/example_dags/example_trigger_target_dag.py
[2025-01-11T13:09:20.720+0000] {processor.py:830} INFO - Processing file /home/airflow/.local/lib/python3.12/site-packages/airflow/example_dags/example_trigger_target_dag.py for tasks to queue
[2025-01-11T13:09:20.721+0000] {logging_mixin.py:188} INFO - [2025-01-11T13:09:20.721+0000] {dagbag.py:545} INFO - Filling up the DagBag from /home/airflow/.local/lib/python3.12/site-packages/airflow/example_dags/example_trigger_target_dag.py
[2025-01-11T13:09:20.725+0000] {processor.py:840} INFO - DAG(s) 'example_trigger_target_dag' retrieved from /home/airflow/.local/lib/python3.12/site-packages/airflow/example_dags/example_trigger_target_dag.py
[2025-01-11T13:09:20.745+0000] {logging_mixin.py:188} INFO - [2025-01-11T13:09:20.744+0000] {dag.py:3089} INFO - Sync 1 DAGs
[2025-01-11T13:09:20.751+0000] {logging_mixin.py:188} INFO - [2025-01-11T13:09:20.751+0000] {dag.py:3947} INFO - Setting next_dagrun for example_trigger_target_dag to None, run_after=None
[2025-01-11T13:09:20.762+0000] {processor.py:183} INFO - Processing /home/airflow/.local/lib/python3.12/site-packages/airflow/example_dags/example_trigger_target_dag.py took 0.046 seconds
[2025-01-11T13:09:53.239+0000] {processor.py:161} INFO - Started process (PID=32291) to work on /home/airflow/.local/lib/python3.12/site-packages/airflow/example_dags/example_trigger_target_dag.py
[2025-01-11T13:09:53.239+0000] {processor.py:830} INFO - Processing file /home/airflow/.local/lib/python3.12/site-packages/airflow/example_dags/example_trigger_target_dag.py for tasks to queue
[2025-01-11T13:09:53.240+0000] {logging_mixin.py:188} INFO - [2025-01-11T13:09:53.240+0000] {dagbag.py:545} INFO - Filling up the DagBag from /home/airflow/.local/lib/python3.12/site-packages/airflow/example_dags/example_trigger_target_dag.py
[2025-01-11T13:09:53.244+0000] {processor.py:840} INFO - DAG(s) 'example_trigger_target_dag' retrieved from /home/airflow/.local/lib/python3.12/site-packages/airflow/example_dags/example_trigger_target_dag.py
[2025-01-11T13:09:53.257+0000] {logging_mixin.py:188} INFO - [2025-01-11T13:09:53.257+0000] {dag.py:3089} INFO - Sync 1 DAGs
[2025-01-11T13:09:53.264+0000] {logging_mixin.py:188} INFO - [2025-01-11T13:09:53.264+0000] {dag.py:3947} INFO - Setting next_dagrun for example_trigger_target_dag to None, run_after=None
[2025-01-11T13:09:53.275+0000] {processor.py:183} INFO - Processing /home/airflow/.local/lib/python3.12/site-packages/airflow/example_dags/example_trigger_target_dag.py took 0.040 seconds
[2025-01-11T13:10:23.523+0000] {processor.py:161} INFO - Started process (PID=32569) to work on /home/airflow/.local/lib/python3.12/site-packages/airflow/example_dags/example_trigger_target_dag.py
[2025-01-11T13:10:23.523+0000] {processor.py:830} INFO - Processing file /home/airflow/.local/lib/python3.12/site-packages/airflow/example_dags/example_trigger_target_dag.py for tasks to queue
[2025-01-11T13:10:23.525+0000] {logging_mixin.py:188} INFO - [2025-01-11T13:10:23.524+0000] {dagbag.py:545} INFO - Filling up the DagBag from /home/airflow/.local/lib/python3.12/site-packages/airflow/example_dags/example_trigger_target_dag.py
[2025-01-11T13:10:23.528+0000] {processor.py:840} INFO - DAG(s) 'example_trigger_target_dag' retrieved from /home/airflow/.local/lib/python3.12/site-packages/airflow/example_dags/example_trigger_target_dag.py
[2025-01-11T13:10:23.541+0000] {logging_mixin.py:188} INFO - [2025-01-11T13:10:23.541+0000] {dag.py:3089} INFO - Sync 1 DAGs
[2025-01-11T13:10:23.548+0000] {logging_mixin.py:188} INFO - [2025-01-11T13:10:23.548+0000] {dag.py:3947} INFO - Setting next_dagrun for example_trigger_target_dag to None, run_after=None
[2025-01-11T13:10:23.559+0000] {processor.py:183} INFO - Processing /home/airflow/.local/lib/python3.12/site-packages/airflow/example_dags/example_trigger_target_dag.py took 0.040 seconds
[2025-01-11T13:10:54.449+0000] {processor.py:161} INFO - Started process (PID=32848) to work on /home/airflow/.local/lib/python3.12/site-packages/airflow/example_dags/example_trigger_target_dag.py
[2025-01-11T13:10:54.449+0000] {processor.py:830} INFO - Processing file /home/airflow/.local/lib/python3.12/site-packages/airflow/example_dags/example_trigger_target_dag.py for tasks to queue
[2025-01-11T13:10:54.451+0000] {logging_mixin.py:188} INFO - [2025-01-11T13:10:54.450+0000] {dagbag.py:545} INFO - Filling up the DagBag from /home/airflow/.local/lib/python3.12/site-packages/airflow/example_dags/example_trigger_target_dag.py
[2025-01-11T13:10:54.454+0000] {processor.py:840} INFO - DAG(s) 'example_trigger_target_dag' retrieved from /home/airflow/.local/lib/python3.12/site-packages/airflow/example_dags/example_trigger_target_dag.py
[2025-01-11T13:10:54.466+0000] {logging_mixin.py:188} INFO - [2025-01-11T13:10:54.466+0000] {dag.py:3089} INFO - Sync 1 DAGs
[2025-01-11T13:10:54.473+0000] {logging_mixin.py:188} INFO - [2025-01-11T13:10:54.473+0000] {dag.py:3947} INFO - Setting next_dagrun for example_trigger_target_dag to None, run_after=None
[2025-01-11T13:10:54.484+0000] {processor.py:183} INFO - Processing /home/airflow/.local/lib/python3.12/site-packages/airflow/example_dags/example_trigger_target_dag.py took 0.039 seconds
[2025-01-11T13:11:25.235+0000] {processor.py:161} INFO - Started process (PID=33123) to work on /home/airflow/.local/lib/python3.12/site-packages/airflow/example_dags/example_trigger_target_dag.py
[2025-01-11T13:11:25.236+0000] {processor.py:830} INFO - Processing file /home/airflow/.local/lib/python3.12/site-packages/airflow/example_dags/example_trigger_target_dag.py for tasks to queue
[2025-01-11T13:11:25.237+0000] {logging_mixin.py:188} INFO - [2025-01-11T13:11:25.237+0000] {dagbag.py:545} INFO - Filling up the DagBag from /home/airflow/.local/lib/python3.12/site-packages/airflow/example_dags/example_trigger_target_dag.py
[2025-01-11T13:11:25.241+0000] {processor.py:840} INFO - DAG(s) 'example_trigger_target_dag' retrieved from /home/airflow/.local/lib/python3.12/site-packages/airflow/example_dags/example_trigger_target_dag.py
[2025-01-11T13:11:25.254+0000] {logging_mixin.py:188} INFO - [2025-01-11T13:11:25.254+0000] {dag.py:3089} INFO - Sync 1 DAGs
[2025-01-11T13:11:25.262+0000] {logging_mixin.py:188} INFO - [2025-01-11T13:11:25.262+0000] {dag.py:3947} INFO - Setting next_dagrun for example_trigger_target_dag to None, run_after=None
[2025-01-11T13:11:25.273+0000] {processor.py:183} INFO - Processing /home/airflow/.local/lib/python3.12/site-packages/airflow/example_dags/example_trigger_target_dag.py took 0.042 seconds
[2025-01-11T13:11:56.604+0000] {processor.py:161} INFO - Started process (PID=33400) to work on /home/airflow/.local/lib/python3.12/site-packages/airflow/example_dags/example_trigger_target_dag.py
[2025-01-11T13:11:56.605+0000] {processor.py:830} INFO - Processing file /home/airflow/.local/lib/python3.12/site-packages/airflow/example_dags/example_trigger_target_dag.py for tasks to queue
[2025-01-11T13:11:56.607+0000] {logging_mixin.py:188} INFO - [2025-01-11T13:11:56.607+0000] {dagbag.py:545} INFO - Filling up the DagBag from /home/airflow/.local/lib/python3.12/site-packages/airflow/example_dags/example_trigger_target_dag.py
[2025-01-11T13:11:56.611+0000] {processor.py:840} INFO - DAG(s) 'example_trigger_target_dag' retrieved from /home/airflow/.local/lib/python3.12/site-packages/airflow/example_dags/example_trigger_target_dag.py
[2025-01-11T13:11:56.624+0000] {logging_mixin.py:188} INFO - [2025-01-11T13:11:56.624+0000] {dag.py:3089} INFO - Sync 1 DAGs
[2025-01-11T13:11:56.631+0000] {logging_mixin.py:188} INFO - [2025-01-11T13:11:56.631+0000] {dag.py:3947} INFO - Setting next_dagrun for example_trigger_target_dag to None, run_after=None
[2025-01-11T13:11:56.642+0000] {processor.py:183} INFO - Processing /home/airflow/.local/lib/python3.12/site-packages/airflow/example_dags/example_trigger_target_dag.py took 0.042 seconds
[2025-01-11T13:12:26.847+0000] {processor.py:161} INFO - Started process (PID=33679) to work on /home/airflow/.local/lib/python3.12/site-packages/airflow/example_dags/example_trigger_target_dag.py
[2025-01-11T13:12:26.847+0000] {processor.py:830} INFO - Processing file /home/airflow/.local/lib/python3.12/site-packages/airflow/example_dags/example_trigger_target_dag.py for tasks to queue
[2025-01-11T13:12:26.848+0000] {logging_mixin.py:188} INFO - [2025-01-11T13:12:26.848+0000] {dagbag.py:545} INFO - Filling up the DagBag from /home/airflow/.local/lib/python3.12/site-packages/airflow/example_dags/example_trigger_target_dag.py
[2025-01-11T13:12:26.853+0000] {processor.py:840} INFO - DAG(s) 'example_trigger_target_dag' retrieved from /home/airflow/.local/lib/python3.12/site-packages/airflow/example_dags/example_trigger_target_dag.py
[2025-01-11T13:12:26.865+0000] {logging_mixin.py:188} INFO - [2025-01-11T13:12:26.865+0000] {dag.py:3089} INFO - Sync 1 DAGs
[2025-01-11T13:12:26.872+0000] {logging_mixin.py:188} INFO - [2025-01-11T13:12:26.872+0000] {dag.py:3947} INFO - Setting next_dagrun for example_trigger_target_dag to None, run_after=None
[2025-01-11T13:12:26.882+0000] {processor.py:183} INFO - Processing /home/airflow/.local/lib/python3.12/site-packages/airflow/example_dags/example_trigger_target_dag.py took 0.039 seconds
[2025-01-11T13:12:59.936+0000] {processor.py:161} INFO - Started process (PID=33956) to work on /home/airflow/.local/lib/python3.12/site-packages/airflow/example_dags/example_trigger_target_dag.py
[2025-01-11T13:12:59.936+0000] {processor.py:830} INFO - Processing file /home/airflow/.local/lib/python3.12/site-packages/airflow/example_dags/example_trigger_target_dag.py for tasks to queue
[2025-01-11T13:12:59.937+0000] {logging_mixin.py:188} INFO - [2025-01-11T13:12:59.937+0000] {dagbag.py:545} INFO - Filling up the DagBag from /home/airflow/.local/lib/python3.12/site-packages/airflow/example_dags/example_trigger_target_dag.py
[2025-01-11T13:12:59.941+0000] {processor.py:840} INFO - DAG(s) 'example_trigger_target_dag' retrieved from /home/airflow/.local/lib/python3.12/site-packages/airflow/example_dags/example_trigger_target_dag.py
[2025-01-11T13:12:59.953+0000] {logging_mixin.py:188} INFO - [2025-01-11T13:12:59.953+0000] {dag.py:3089} INFO - Sync 1 DAGs
[2025-01-11T13:12:59.960+0000] {logging_mixin.py:188} INFO - [2025-01-11T13:12:59.960+0000] {dag.py:3947} INFO - Setting next_dagrun for example_trigger_target_dag to None, run_after=None
[2025-01-11T13:12:59.969+0000] {processor.py:183} INFO - Processing /home/airflow/.local/lib/python3.12/site-packages/airflow/example_dags/example_trigger_target_dag.py took 0.038 seconds
[2025-01-11T13:13:30.431+0000] {processor.py:161} INFO - Started process (PID=34231) to work on /home/airflow/.local/lib/python3.12/site-packages/airflow/example_dags/example_trigger_target_dag.py
[2025-01-11T13:13:30.432+0000] {processor.py:830} INFO - Processing file /home/airflow/.local/lib/python3.12/site-packages/airflow/example_dags/example_trigger_target_dag.py for tasks to queue
[2025-01-11T13:13:30.433+0000] {logging_mixin.py:188} INFO - [2025-01-11T13:13:30.433+0000] {dagbag.py:545} INFO - Filling up the DagBag from /home/airflow/.local/lib/python3.12/site-packages/airflow/example_dags/example_trigger_target_dag.py
[2025-01-11T13:13:30.437+0000] {processor.py:840} INFO - DAG(s) 'example_trigger_target_dag' retrieved from /home/airflow/.local/lib/python3.12/site-packages/airflow/example_dags/example_trigger_target_dag.py
[2025-01-11T13:13:30.451+0000] {logging_mixin.py:188} INFO - [2025-01-11T13:13:30.451+0000] {dag.py:3089} INFO - Sync 1 DAGs
[2025-01-11T13:13:30.459+0000] {logging_mixin.py:188} INFO - [2025-01-11T13:13:30.459+0000] {dag.py:3947} INFO - Setting next_dagrun for example_trigger_target_dag to None, run_after=None
[2025-01-11T13:13:30.469+0000] {processor.py:183} INFO - Processing /home/airflow/.local/lib/python3.12/site-packages/airflow/example_dags/example_trigger_target_dag.py took 0.043 seconds
[2025-01-11T13:14:01.967+0000] {processor.py:161} INFO - Started process (PID=34509) to work on /home/airflow/.local/lib/python3.12/site-packages/airflow/example_dags/example_trigger_target_dag.py
[2025-01-11T13:14:01.968+0000] {processor.py:830} INFO - Processing file /home/airflow/.local/lib/python3.12/site-packages/airflow/example_dags/example_trigger_target_dag.py for tasks to queue
[2025-01-11T13:14:01.969+0000] {logging_mixin.py:188} INFO - [2025-01-11T13:14:01.969+0000] {dagbag.py:545} INFO - Filling up the DagBag from /home/airflow/.local/lib/python3.12/site-packages/airflow/example_dags/example_trigger_target_dag.py
[2025-01-11T13:14:01.973+0000] {processor.py:840} INFO - DAG(s) 'example_trigger_target_dag' retrieved from /home/airflow/.local/lib/python3.12/site-packages/airflow/example_dags/example_trigger_target_dag.py
[2025-01-11T13:14:01.987+0000] {logging_mixin.py:188} INFO - [2025-01-11T13:14:01.987+0000] {dag.py:3089} INFO - Sync 1 DAGs
[2025-01-11T13:14:01.994+0000] {logging_mixin.py:188} INFO - [2025-01-11T13:14:01.994+0000] {dag.py:3947} INFO - Setting next_dagrun for example_trigger_target_dag to None, run_after=None
[2025-01-11T13:14:02.005+0000] {processor.py:183} INFO - Processing /home/airflow/.local/lib/python3.12/site-packages/airflow/example_dags/example_trigger_target_dag.py took 0.043 seconds
[2025-01-11T13:14:32.167+0000] {processor.py:161} INFO - Started process (PID=34786) to work on /home/airflow/.local/lib/python3.12/site-packages/airflow/example_dags/example_trigger_target_dag.py
[2025-01-11T13:14:32.167+0000] {processor.py:830} INFO - Processing file /home/airflow/.local/lib/python3.12/site-packages/airflow/example_dags/example_trigger_target_dag.py for tasks to queue
[2025-01-11T13:14:32.169+0000] {logging_mixin.py:188} INFO - [2025-01-11T13:14:32.169+0000] {dagbag.py:545} INFO - Filling up the DagBag from /home/airflow/.local/lib/python3.12/site-packages/airflow/example_dags/example_trigger_target_dag.py
[2025-01-11T13:14:32.173+0000] {processor.py:840} INFO - DAG(s) 'example_trigger_target_dag' retrieved from /home/airflow/.local/lib/python3.12/site-packages/airflow/example_dags/example_trigger_target_dag.py
[2025-01-11T13:14:32.186+0000] {logging_mixin.py:188} INFO - [2025-01-11T13:14:32.186+0000] {dag.py:3089} INFO - Sync 1 DAGs
[2025-01-11T13:14:32.194+0000] {logging_mixin.py:188} INFO - [2025-01-11T13:14:32.193+0000] {dag.py:3947} INFO - Setting next_dagrun for example_trigger_target_dag to None, run_after=None
[2025-01-11T13:14:32.205+0000] {processor.py:183} INFO - Processing /home/airflow/.local/lib/python3.12/site-packages/airflow/example_dags/example_trigger_target_dag.py took 0.042 seconds
[2025-01-11T13:15:03.312+0000] {processor.py:161} INFO - Started process (PID=35063) to work on /home/airflow/.local/lib/python3.12/site-packages/airflow/example_dags/example_trigger_target_dag.py
[2025-01-11T13:15:03.313+0000] {processor.py:830} INFO - Processing file /home/airflow/.local/lib/python3.12/site-packages/airflow/example_dags/example_trigger_target_dag.py for tasks to queue
[2025-01-11T13:15:03.314+0000] {logging_mixin.py:188} INFO - [2025-01-11T13:15:03.314+0000] {dagbag.py:545} INFO - Filling up the DagBag from /home/airflow/.local/lib/python3.12/site-packages/airflow/example_dags/example_trigger_target_dag.py
[2025-01-11T13:15:03.318+0000] {processor.py:840} INFO - DAG(s) 'example_trigger_target_dag' retrieved from /home/airflow/.local/lib/python3.12/site-packages/airflow/example_dags/example_trigger_target_dag.py
[2025-01-11T13:15:03.332+0000] {logging_mixin.py:188} INFO - [2025-01-11T13:15:03.332+0000] {dag.py:3089} INFO - Sync 1 DAGs
[2025-01-11T13:15:03.340+0000] {logging_mixin.py:188} INFO - [2025-01-11T13:15:03.340+0000] {dag.py:3947} INFO - Setting next_dagrun for example_trigger_target_dag to None, run_after=None
[2025-01-11T13:15:03.351+0000] {processor.py:183} INFO - Processing /home/airflow/.local/lib/python3.12/site-packages/airflow/example_dags/example_trigger_target_dag.py took 0.044 seconds
[2025-01-11T13:15:33.898+0000] {processor.py:161} INFO - Started process (PID=35340) to work on /home/airflow/.local/lib/python3.12/site-packages/airflow/example_dags/example_trigger_target_dag.py
[2025-01-11T13:15:33.899+0000] {processor.py:830} INFO - Processing file /home/airflow/.local/lib/python3.12/site-packages/airflow/example_dags/example_trigger_target_dag.py for tasks to queue
[2025-01-11T13:15:33.900+0000] {logging_mixin.py:188} INFO - [2025-01-11T13:15:33.900+0000] {dagbag.py:545} INFO - Filling up the DagBag from /home/airflow/.local/lib/python3.12/site-packages/airflow/example_dags/example_trigger_target_dag.py
[2025-01-11T13:15:33.904+0000] {processor.py:840} INFO - DAG(s) 'example_trigger_target_dag' retrieved from /home/airflow/.local/lib/python3.12/site-packages/airflow/example_dags/example_trigger_target_dag.py
[2025-01-11T13:15:33.916+0000] {logging_mixin.py:188} INFO - [2025-01-11T13:15:33.916+0000] {dag.py:3089} INFO - Sync 1 DAGs
[2025-01-11T13:15:33.923+0000] {logging_mixin.py:188} INFO - [2025-01-11T13:15:33.923+0000] {dag.py:3947} INFO - Setting next_dagrun for example_trigger_target_dag to None, run_after=None
[2025-01-11T13:15:33.932+0000] {processor.py:183} INFO - Processing /home/airflow/.local/lib/python3.12/site-packages/airflow/example_dags/example_trigger_target_dag.py took 0.038 seconds
[2025-01-11T13:16:06.974+0000] {processor.py:161} INFO - Started process (PID=35617) to work on /home/airflow/.local/lib/python3.12/site-packages/airflow/example_dags/example_trigger_target_dag.py
[2025-01-11T13:16:06.975+0000] {processor.py:830} INFO - Processing file /home/airflow/.local/lib/python3.12/site-packages/airflow/example_dags/example_trigger_target_dag.py for tasks to queue
[2025-01-11T13:16:06.977+0000] {logging_mixin.py:188} INFO - [2025-01-11T13:16:06.976+0000] {dagbag.py:545} INFO - Filling up the DagBag from /home/airflow/.local/lib/python3.12/site-packages/airflow/example_dags/example_trigger_target_dag.py
[2025-01-11T13:16:06.982+0000] {processor.py:840} INFO - DAG(s) 'example_trigger_target_dag' retrieved from /home/airflow/.local/lib/python3.12/site-packages/airflow/example_dags/example_trigger_target_dag.py
[2025-01-11T13:16:06.995+0000] {logging_mixin.py:188} INFO - [2025-01-11T13:16:06.995+0000] {dag.py:3089} INFO - Sync 1 DAGs
[2025-01-11T13:16:07.003+0000] {logging_mixin.py:188} INFO - [2025-01-11T13:16:07.003+0000] {dag.py:3947} INFO - Setting next_dagrun for example_trigger_target_dag to None, run_after=None
[2025-01-11T13:16:07.016+0000] {processor.py:183} INFO - Processing /home/airflow/.local/lib/python3.12/site-packages/airflow/example_dags/example_trigger_target_dag.py took 0.046 seconds
[2025-01-11T13:16:37.382+0000] {processor.py:161} INFO - Started process (PID=35894) to work on /home/airflow/.local/lib/python3.12/site-packages/airflow/example_dags/example_trigger_target_dag.py
[2025-01-11T13:16:37.383+0000] {processor.py:830} INFO - Processing file /home/airflow/.local/lib/python3.12/site-packages/airflow/example_dags/example_trigger_target_dag.py for tasks to queue
[2025-01-11T13:16:37.385+0000] {logging_mixin.py:188} INFO - [2025-01-11T13:16:37.384+0000] {dagbag.py:545} INFO - Filling up the DagBag from /home/airflow/.local/lib/python3.12/site-packages/airflow/example_dags/example_trigger_target_dag.py
[2025-01-11T13:16:37.388+0000] {processor.py:840} INFO - DAG(s) 'example_trigger_target_dag' retrieved from /home/airflow/.local/lib/python3.12/site-packages/airflow/example_dags/example_trigger_target_dag.py
[2025-01-11T13:16:37.401+0000] {logging_mixin.py:188} INFO - [2025-01-11T13:16:37.401+0000] {dag.py:3089} INFO - Sync 1 DAGs
[2025-01-11T13:16:37.407+0000] {logging_mixin.py:188} INFO - [2025-01-11T13:16:37.407+0000] {dag.py:3947} INFO - Setting next_dagrun for example_trigger_target_dag to None, run_after=None
[2025-01-11T13:16:37.418+0000] {processor.py:183} INFO - Processing /home/airflow/.local/lib/python3.12/site-packages/airflow/example_dags/example_trigger_target_dag.py took 0.040 seconds
[2025-01-11T13:17:09.212+0000] {processor.py:161} INFO - Started process (PID=36172) to work on /home/airflow/.local/lib/python3.12/site-packages/airflow/example_dags/example_trigger_target_dag.py
[2025-01-11T13:17:09.213+0000] {processor.py:830} INFO - Processing file /home/airflow/.local/lib/python3.12/site-packages/airflow/example_dags/example_trigger_target_dag.py for tasks to queue
[2025-01-11T13:17:09.214+0000] {logging_mixin.py:188} INFO - [2025-01-11T13:17:09.214+0000] {dagbag.py:545} INFO - Filling up the DagBag from /home/airflow/.local/lib/python3.12/site-packages/airflow/example_dags/example_trigger_target_dag.py
[2025-01-11T13:17:09.218+0000] {processor.py:840} INFO - DAG(s) 'example_trigger_target_dag' retrieved from /home/airflow/.local/lib/python3.12/site-packages/airflow/example_dags/example_trigger_target_dag.py
[2025-01-11T13:17:09.231+0000] {logging_mixin.py:188} INFO - [2025-01-11T13:17:09.231+0000] {dag.py:3089} INFO - Sync 1 DAGs
[2025-01-11T13:17:09.239+0000] {logging_mixin.py:188} INFO - [2025-01-11T13:17:09.239+0000] {dag.py:3947} INFO - Setting next_dagrun for example_trigger_target_dag to None, run_after=None
[2025-01-11T13:17:09.249+0000] {processor.py:183} INFO - Processing /home/airflow/.local/lib/python3.12/site-packages/airflow/example_dags/example_trigger_target_dag.py took 0.042 seconds
[2025-01-11T13:17:39.727+0000] {processor.py:161} INFO - Started process (PID=36450) to work on /home/airflow/.local/lib/python3.12/site-packages/airflow/example_dags/example_trigger_target_dag.py
[2025-01-11T13:17:39.728+0000] {processor.py:830} INFO - Processing file /home/airflow/.local/lib/python3.12/site-packages/airflow/example_dags/example_trigger_target_dag.py for tasks to queue
[2025-01-11T13:17:39.729+0000] {logging_mixin.py:188} INFO - [2025-01-11T13:17:39.728+0000] {dagbag.py:545} INFO - Filling up the DagBag from /home/airflow/.local/lib/python3.12/site-packages/airflow/example_dags/example_trigger_target_dag.py
[2025-01-11T13:17:39.732+0000] {processor.py:840} INFO - DAG(s) 'example_trigger_target_dag' retrieved from /home/airflow/.local/lib/python3.12/site-packages/airflow/example_dags/example_trigger_target_dag.py
[2025-01-11T13:17:39.745+0000] {logging_mixin.py:188} INFO - [2025-01-11T13:17:39.745+0000] {dag.py:3089} INFO - Sync 1 DAGs
[2025-01-11T13:17:39.751+0000] {logging_mixin.py:188} INFO - [2025-01-11T13:17:39.751+0000] {dag.py:3947} INFO - Setting next_dagrun for example_trigger_target_dag to None, run_after=None
[2025-01-11T13:17:39.762+0000] {processor.py:183} INFO - Processing /home/airflow/.local/lib/python3.12/site-packages/airflow/example_dags/example_trigger_target_dag.py took 0.040 seconds
[2025-01-11T13:18:10.903+0000] {processor.py:161} INFO - Started process (PID=36727) to work on /home/airflow/.local/lib/python3.12/site-packages/airflow/example_dags/example_trigger_target_dag.py
[2025-01-11T13:18:10.903+0000] {processor.py:830} INFO - Processing file /home/airflow/.local/lib/python3.12/site-packages/airflow/example_dags/example_trigger_target_dag.py for tasks to queue
[2025-01-11T13:18:10.905+0000] {logging_mixin.py:188} INFO - [2025-01-11T13:18:10.904+0000] {dagbag.py:545} INFO - Filling up the DagBag from /home/airflow/.local/lib/python3.12/site-packages/airflow/example_dags/example_trigger_target_dag.py
[2025-01-11T13:18:10.909+0000] {processor.py:840} INFO - DAG(s) 'example_trigger_target_dag' retrieved from /home/airflow/.local/lib/python3.12/site-packages/airflow/example_dags/example_trigger_target_dag.py
[2025-01-11T13:18:10.923+0000] {logging_mixin.py:188} INFO - [2025-01-11T13:18:10.923+0000] {dag.py:3089} INFO - Sync 1 DAGs
[2025-01-11T13:18:10.930+0000] {logging_mixin.py:188} INFO - [2025-01-11T13:18:10.930+0000] {dag.py:3947} INFO - Setting next_dagrun for example_trigger_target_dag to None, run_after=None
[2025-01-11T13:18:10.941+0000] {processor.py:183} INFO - Processing /home/airflow/.local/lib/python3.12/site-packages/airflow/example_dags/example_trigger_target_dag.py took 0.042 seconds
[2025-01-11T13:18:43.621+0000] {processor.py:161} INFO - Started process (PID=37004) to work on /home/airflow/.local/lib/python3.12/site-packages/airflow/example_dags/example_trigger_target_dag.py
[2025-01-11T13:18:43.621+0000] {processor.py:830} INFO - Processing file /home/airflow/.local/lib/python3.12/site-packages/airflow/example_dags/example_trigger_target_dag.py for tasks to queue
[2025-01-11T13:18:43.622+0000] {logging_mixin.py:188} INFO - [2025-01-11T13:18:43.622+0000] {dagbag.py:545} INFO - Filling up the DagBag from /home/airflow/.local/lib/python3.12/site-packages/airflow/example_dags/example_trigger_target_dag.py
[2025-01-11T13:18:43.627+0000] {processor.py:840} INFO - DAG(s) 'example_trigger_target_dag' retrieved from /home/airflow/.local/lib/python3.12/site-packages/airflow/example_dags/example_trigger_target_dag.py
[2025-01-11T13:18:43.640+0000] {logging_mixin.py:188} INFO - [2025-01-11T13:18:43.639+0000] {dag.py:3089} INFO - Sync 1 DAGs
[2025-01-11T13:18:43.646+0000] {logging_mixin.py:188} INFO - [2025-01-11T13:18:43.646+0000] {dag.py:3947} INFO - Setting next_dagrun for example_trigger_target_dag to None, run_after=None
[2025-01-11T13:18:43.657+0000] {processor.py:183} INFO - Processing /home/airflow/.local/lib/python3.12/site-packages/airflow/example_dags/example_trigger_target_dag.py took 0.040 seconds
[2025-01-11T13:19:14.793+0000] {processor.py:161} INFO - Started process (PID=37281) to work on /home/airflow/.local/lib/python3.12/site-packages/airflow/example_dags/example_trigger_target_dag.py
[2025-01-11T13:19:14.794+0000] {processor.py:830} INFO - Processing file /home/airflow/.local/lib/python3.12/site-packages/airflow/example_dags/example_trigger_target_dag.py for tasks to queue
[2025-01-11T13:19:14.796+0000] {logging_mixin.py:188} INFO - [2025-01-11T13:19:14.795+0000] {dagbag.py:545} INFO - Filling up the DagBag from /home/airflow/.local/lib/python3.12/site-packages/airflow/example_dags/example_trigger_target_dag.py
[2025-01-11T13:19:14.800+0000] {processor.py:840} INFO - DAG(s) 'example_trigger_target_dag' retrieved from /home/airflow/.local/lib/python3.12/site-packages/airflow/example_dags/example_trigger_target_dag.py
[2025-01-11T13:19:14.816+0000] {logging_mixin.py:188} INFO - [2025-01-11T13:19:14.816+0000] {dag.py:3089} INFO - Sync 1 DAGs
[2025-01-11T13:19:14.823+0000] {logging_mixin.py:188} INFO - [2025-01-11T13:19:14.823+0000] {dag.py:3947} INFO - Setting next_dagrun for example_trigger_target_dag to None, run_after=None
[2025-01-11T13:19:14.835+0000] {processor.py:183} INFO - Processing /home/airflow/.local/lib/python3.12/site-packages/airflow/example_dags/example_trigger_target_dag.py took 0.046 seconds
[2025-01-11T13:19:46.063+0000] {processor.py:161} INFO - Started process (PID=37558) to work on /home/airflow/.local/lib/python3.12/site-packages/airflow/example_dags/example_trigger_target_dag.py
[2025-01-11T13:19:46.064+0000] {processor.py:830} INFO - Processing file /home/airflow/.local/lib/python3.12/site-packages/airflow/example_dags/example_trigger_target_dag.py for tasks to queue
[2025-01-11T13:19:46.066+0000] {logging_mixin.py:188} INFO - [2025-01-11T13:19:46.066+0000] {dagbag.py:545} INFO - Filling up the DagBag from /home/airflow/.local/lib/python3.12/site-packages/airflow/example_dags/example_trigger_target_dag.py
[2025-01-11T13:19:46.070+0000] {processor.py:840} INFO - DAG(s) 'example_trigger_target_dag' retrieved from /home/airflow/.local/lib/python3.12/site-packages/airflow/example_dags/example_trigger_target_dag.py
[2025-01-11T13:19:46.084+0000] {logging_mixin.py:188} INFO - [2025-01-11T13:19:46.084+0000] {dag.py:3089} INFO - Sync 1 DAGs
[2025-01-11T13:19:46.091+0000] {logging_mixin.py:188} INFO - [2025-01-11T13:19:46.091+0000] {dag.py:3947} INFO - Setting next_dagrun for example_trigger_target_dag to None, run_after=None
[2025-01-11T13:19:46.104+0000] {processor.py:183} INFO - Processing /home/airflow/.local/lib/python3.12/site-packages/airflow/example_dags/example_trigger_target_dag.py took 0.044 seconds
[2025-01-11T13:20:16.693+0000] {processor.py:161} INFO - Started process (PID=37836) to work on /home/airflow/.local/lib/python3.12/site-packages/airflow/example_dags/example_trigger_target_dag.py
[2025-01-11T13:20:16.694+0000] {processor.py:830} INFO - Processing file /home/airflow/.local/lib/python3.12/site-packages/airflow/example_dags/example_trigger_target_dag.py for tasks to queue
[2025-01-11T13:20:16.695+0000] {logging_mixin.py:188} INFO - [2025-01-11T13:20:16.695+0000] {dagbag.py:545} INFO - Filling up the DagBag from /home/airflow/.local/lib/python3.12/site-packages/airflow/example_dags/example_trigger_target_dag.py
[2025-01-11T13:20:16.701+0000] {processor.py:840} INFO - DAG(s) 'example_trigger_target_dag' retrieved from /home/airflow/.local/lib/python3.12/site-packages/airflow/example_dags/example_trigger_target_dag.py
[2025-01-11T13:20:16.717+0000] {logging_mixin.py:188} INFO - [2025-01-11T13:20:16.717+0000] {dag.py:3089} INFO - Sync 1 DAGs
[2025-01-11T13:20:16.725+0000] {logging_mixin.py:188} INFO - [2025-01-11T13:20:16.725+0000] {dag.py:3947} INFO - Setting next_dagrun for example_trigger_target_dag to None, run_after=None
[2025-01-11T13:20:16.739+0000] {processor.py:183} INFO - Processing /home/airflow/.local/lib/python3.12/site-packages/airflow/example_dags/example_trigger_target_dag.py took 0.053 seconds
[2025-01-11T13:23:29.884+0000] {processor.py:161} INFO - Started process (PID=38113) to work on /home/airflow/.local/lib/python3.12/site-packages/airflow/example_dags/example_trigger_target_dag.py
[2025-01-11T13:23:29.885+0000] {processor.py:830} INFO - Processing file /home/airflow/.local/lib/python3.12/site-packages/airflow/example_dags/example_trigger_target_dag.py for tasks to queue
[2025-01-11T13:23:29.886+0000] {logging_mixin.py:188} INFO - [2025-01-11T13:23:29.886+0000] {dagbag.py:545} INFO - Filling up the DagBag from /home/airflow/.local/lib/python3.12/site-packages/airflow/example_dags/example_trigger_target_dag.py
[2025-01-11T13:23:29.891+0000] {processor.py:840} INFO - DAG(s) 'example_trigger_target_dag' retrieved from /home/airflow/.local/lib/python3.12/site-packages/airflow/example_dags/example_trigger_target_dag.py
[2025-01-11T13:23:29.910+0000] {logging_mixin.py:188} INFO - [2025-01-11T13:23:29.910+0000] {dag.py:3089} INFO - Sync 1 DAGs
[2025-01-11T13:23:29.919+0000] {logging_mixin.py:188} INFO - [2025-01-11T13:23:29.919+0000] {dag.py:3947} INFO - Setting next_dagrun for example_trigger_target_dag to None, run_after=None
[2025-01-11T13:23:29.932+0000] {processor.py:183} INFO - Processing /home/airflow/.local/lib/python3.12/site-packages/airflow/example_dags/example_trigger_target_dag.py took 0.055 seconds
[2025-01-11T13:24:00.868+0000] {processor.py:161} INFO - Started process (PID=38390) to work on /home/airflow/.local/lib/python3.12/site-packages/airflow/example_dags/example_trigger_target_dag.py
[2025-01-11T13:24:00.869+0000] {processor.py:830} INFO - Processing file /home/airflow/.local/lib/python3.12/site-packages/airflow/example_dags/example_trigger_target_dag.py for tasks to queue
[2025-01-11T13:24:00.870+0000] {logging_mixin.py:188} INFO - [2025-01-11T13:24:00.870+0000] {dagbag.py:545} INFO - Filling up the DagBag from /home/airflow/.local/lib/python3.12/site-packages/airflow/example_dags/example_trigger_target_dag.py
[2025-01-11T13:24:00.874+0000] {processor.py:840} INFO - DAG(s) 'example_trigger_target_dag' retrieved from /home/airflow/.local/lib/python3.12/site-packages/airflow/example_dags/example_trigger_target_dag.py
[2025-01-11T13:24:00.887+0000] {logging_mixin.py:188} INFO - [2025-01-11T13:24:00.887+0000] {dag.py:3089} INFO - Sync 1 DAGs
[2025-01-11T13:24:00.993+0000] {logging_mixin.py:188} INFO - [2025-01-11T13:24:00.993+0000] {dag.py:3947} INFO - Setting next_dagrun for example_trigger_target_dag to None, run_after=None
[2025-01-11T13:24:01.003+0000] {processor.py:183} INFO - Processing /home/airflow/.local/lib/python3.12/site-packages/airflow/example_dags/example_trigger_target_dag.py took 0.139 seconds
[2025-01-11T13:24:31.218+0000] {processor.py:161} INFO - Started process (PID=38669) to work on /home/airflow/.local/lib/python3.12/site-packages/airflow/example_dags/example_trigger_target_dag.py
[2025-01-11T13:24:31.218+0000] {processor.py:830} INFO - Processing file /home/airflow/.local/lib/python3.12/site-packages/airflow/example_dags/example_trigger_target_dag.py for tasks to queue
[2025-01-11T13:24:31.219+0000] {logging_mixin.py:188} INFO - [2025-01-11T13:24:31.219+0000] {dagbag.py:545} INFO - Filling up the DagBag from /home/airflow/.local/lib/python3.12/site-packages/airflow/example_dags/example_trigger_target_dag.py
[2025-01-11T13:24:31.222+0000] {processor.py:840} INFO - DAG(s) 'example_trigger_target_dag' retrieved from /home/airflow/.local/lib/python3.12/site-packages/airflow/example_dags/example_trigger_target_dag.py
[2025-01-11T13:24:31.234+0000] {logging_mixin.py:188} INFO - [2025-01-11T13:24:31.233+0000] {dag.py:3089} INFO - Sync 1 DAGs
[2025-01-11T13:24:31.240+0000] {logging_mixin.py:188} INFO - [2025-01-11T13:24:31.240+0000] {dag.py:3947} INFO - Setting next_dagrun for example_trigger_target_dag to None, run_after=None
[2025-01-11T13:24:31.248+0000] {processor.py:183} INFO - Processing /home/airflow/.local/lib/python3.12/site-packages/airflow/example_dags/example_trigger_target_dag.py took 0.034 seconds
[2025-01-11T13:25:01.413+0000] {processor.py:161} INFO - Started process (PID=38944) to work on /home/airflow/.local/lib/python3.12/site-packages/airflow/example_dags/example_trigger_target_dag.py
[2025-01-11T13:25:01.413+0000] {processor.py:830} INFO - Processing file /home/airflow/.local/lib/python3.12/site-packages/airflow/example_dags/example_trigger_target_dag.py for tasks to queue
[2025-01-11T13:25:01.415+0000] {logging_mixin.py:188} INFO - [2025-01-11T13:25:01.415+0000] {dagbag.py:545} INFO - Filling up the DagBag from /home/airflow/.local/lib/python3.12/site-packages/airflow/example_dags/example_trigger_target_dag.py
[2025-01-11T13:25:01.420+0000] {processor.py:840} INFO - DAG(s) 'example_trigger_target_dag' retrieved from /home/airflow/.local/lib/python3.12/site-packages/airflow/example_dags/example_trigger_target_dag.py
[2025-01-11T13:25:01.434+0000] {logging_mixin.py:188} INFO - [2025-01-11T13:25:01.434+0000] {dag.py:3089} INFO - Sync 1 DAGs
[2025-01-11T13:25:01.440+0000] {logging_mixin.py:188} INFO - [2025-01-11T13:25:01.440+0000] {dag.py:3947} INFO - Setting next_dagrun for example_trigger_target_dag to None, run_after=None
[2025-01-11T13:25:01.451+0000] {processor.py:183} INFO - Processing /home/airflow/.local/lib/python3.12/site-packages/airflow/example_dags/example_trigger_target_dag.py took 0.043 seconds
[2025-01-11T13:25:31.686+0000] {processor.py:161} INFO - Started process (PID=39221) to work on /home/airflow/.local/lib/python3.12/site-packages/airflow/example_dags/example_trigger_target_dag.py
[2025-01-11T13:25:31.687+0000] {processor.py:830} INFO - Processing file /home/airflow/.local/lib/python3.12/site-packages/airflow/example_dags/example_trigger_target_dag.py for tasks to queue
[2025-01-11T13:25:31.688+0000] {logging_mixin.py:188} INFO - [2025-01-11T13:25:31.688+0000] {dagbag.py:545} INFO - Filling up the DagBag from /home/airflow/.local/lib/python3.12/site-packages/airflow/example_dags/example_trigger_target_dag.py
[2025-01-11T13:25:31.692+0000] {processor.py:840} INFO - DAG(s) 'example_trigger_target_dag' retrieved from /home/airflow/.local/lib/python3.12/site-packages/airflow/example_dags/example_trigger_target_dag.py
[2025-01-11T13:25:31.705+0000] {logging_mixin.py:188} INFO - [2025-01-11T13:25:31.705+0000] {dag.py:3089} INFO - Sync 1 DAGs
[2025-01-11T13:25:31.712+0000] {logging_mixin.py:188} INFO - [2025-01-11T13:25:31.712+0000] {dag.py:3947} INFO - Setting next_dagrun for example_trigger_target_dag to None, run_after=None
[2025-01-11T13:25:31.723+0000] {processor.py:183} INFO - Processing /home/airflow/.local/lib/python3.12/site-packages/airflow/example_dags/example_trigger_target_dag.py took 0.041 seconds
[2025-01-11T13:26:01.797+0000] {processor.py:161} INFO - Started process (PID=39498) to work on /home/airflow/.local/lib/python3.12/site-packages/airflow/example_dags/example_trigger_target_dag.py
[2025-01-11T13:26:01.798+0000] {processor.py:830} INFO - Processing file /home/airflow/.local/lib/python3.12/site-packages/airflow/example_dags/example_trigger_target_dag.py for tasks to queue
[2025-01-11T13:26:01.800+0000] {logging_mixin.py:188} INFO - [2025-01-11T13:26:01.799+0000] {dagbag.py:545} INFO - Filling up the DagBag from /home/airflow/.local/lib/python3.12/site-packages/airflow/example_dags/example_trigger_target_dag.py
[2025-01-11T13:26:01.804+0000] {processor.py:840} INFO - DAG(s) 'example_trigger_target_dag' retrieved from /home/airflow/.local/lib/python3.12/site-packages/airflow/example_dags/example_trigger_target_dag.py
[2025-01-11T13:26:01.817+0000] {logging_mixin.py:188} INFO - [2025-01-11T13:26:01.817+0000] {dag.py:3089} INFO - Sync 1 DAGs
[2025-01-11T13:26:01.824+0000] {logging_mixin.py:188} INFO - [2025-01-11T13:26:01.824+0000] {dag.py:3947} INFO - Setting next_dagrun for example_trigger_target_dag to None, run_after=None
[2025-01-11T13:26:01.835+0000] {processor.py:183} INFO - Processing /home/airflow/.local/lib/python3.12/site-packages/airflow/example_dags/example_trigger_target_dag.py took 0.041 seconds
[2025-01-11T13:26:32.324+0000] {processor.py:161} INFO - Started process (PID=39777) to work on /home/airflow/.local/lib/python3.12/site-packages/airflow/example_dags/example_trigger_target_dag.py
[2025-01-11T13:26:32.325+0000] {processor.py:830} INFO - Processing file /home/airflow/.local/lib/python3.12/site-packages/airflow/example_dags/example_trigger_target_dag.py for tasks to queue
[2025-01-11T13:26:32.326+0000] {logging_mixin.py:188} INFO - [2025-01-11T13:26:32.326+0000] {dagbag.py:545} INFO - Filling up the DagBag from /home/airflow/.local/lib/python3.12/site-packages/airflow/example_dags/example_trigger_target_dag.py
[2025-01-11T13:26:32.330+0000] {processor.py:840} INFO - DAG(s) 'example_trigger_target_dag' retrieved from /home/airflow/.local/lib/python3.12/site-packages/airflow/example_dags/example_trigger_target_dag.py
[2025-01-11T13:26:32.342+0000] {logging_mixin.py:188} INFO - [2025-01-11T13:26:32.341+0000] {dag.py:3089} INFO - Sync 1 DAGs
[2025-01-11T13:26:32.348+0000] {logging_mixin.py:188} INFO - [2025-01-11T13:26:32.348+0000] {dag.py:3947} INFO - Setting next_dagrun for example_trigger_target_dag to None, run_after=None
[2025-01-11T13:26:32.358+0000] {processor.py:183} INFO - Processing /home/airflow/.local/lib/python3.12/site-packages/airflow/example_dags/example_trigger_target_dag.py took 0.037 seconds
[2025-01-11T13:27:02.631+0000] {processor.py:161} INFO - Started process (PID=40053) to work on /home/airflow/.local/lib/python3.12/site-packages/airflow/example_dags/example_trigger_target_dag.py
[2025-01-11T13:27:02.632+0000] {processor.py:830} INFO - Processing file /home/airflow/.local/lib/python3.12/site-packages/airflow/example_dags/example_trigger_target_dag.py for tasks to queue
[2025-01-11T13:27:02.633+0000] {logging_mixin.py:188} INFO - [2025-01-11T13:27:02.633+0000] {dagbag.py:545} INFO - Filling up the DagBag from /home/airflow/.local/lib/python3.12/site-packages/airflow/example_dags/example_trigger_target_dag.py
[2025-01-11T13:27:02.637+0000] {processor.py:840} INFO - DAG(s) 'example_trigger_target_dag' retrieved from /home/airflow/.local/lib/python3.12/site-packages/airflow/example_dags/example_trigger_target_dag.py
[2025-01-11T13:27:02.649+0000] {logging_mixin.py:188} INFO - [2025-01-11T13:27:02.648+0000] {dag.py:3089} INFO - Sync 1 DAGs
[2025-01-11T13:27:02.655+0000] {logging_mixin.py:188} INFO - [2025-01-11T13:27:02.655+0000] {dag.py:3947} INFO - Setting next_dagrun for example_trigger_target_dag to None, run_after=None
[2025-01-11T13:27:02.664+0000] {processor.py:183} INFO - Processing /home/airflow/.local/lib/python3.12/site-packages/airflow/example_dags/example_trigger_target_dag.py took 0.037 seconds
[2025-01-11T13:27:33.591+0000] {processor.py:161} INFO - Started process (PID=40330) to work on /home/airflow/.local/lib/python3.12/site-packages/airflow/example_dags/example_trigger_target_dag.py
[2025-01-11T13:27:33.591+0000] {processor.py:830} INFO - Processing file /home/airflow/.local/lib/python3.12/site-packages/airflow/example_dags/example_trigger_target_dag.py for tasks to queue
[2025-01-11T13:27:33.592+0000] {logging_mixin.py:188} INFO - [2025-01-11T13:27:33.592+0000] {dagbag.py:545} INFO - Filling up the DagBag from /home/airflow/.local/lib/python3.12/site-packages/airflow/example_dags/example_trigger_target_dag.py
[2025-01-11T13:27:33.596+0000] {processor.py:840} INFO - DAG(s) 'example_trigger_target_dag' retrieved from /home/airflow/.local/lib/python3.12/site-packages/airflow/example_dags/example_trigger_target_dag.py
[2025-01-11T13:27:33.609+0000] {logging_mixin.py:188} INFO - [2025-01-11T13:27:33.608+0000] {dag.py:3089} INFO - Sync 1 DAGs
[2025-01-11T13:27:33.616+0000] {logging_mixin.py:188} INFO - [2025-01-11T13:27:33.616+0000] {dag.py:3947} INFO - Setting next_dagrun for example_trigger_target_dag to None, run_after=None
[2025-01-11T13:27:33.626+0000] {processor.py:183} INFO - Processing /home/airflow/.local/lib/python3.12/site-packages/airflow/example_dags/example_trigger_target_dag.py took 0.040 seconds
[2025-01-11T13:28:04.261+0000] {processor.py:161} INFO - Started process (PID=40609) to work on /home/airflow/.local/lib/python3.12/site-packages/airflow/example_dags/example_trigger_target_dag.py
[2025-01-11T13:28:04.262+0000] {processor.py:830} INFO - Processing file /home/airflow/.local/lib/python3.12/site-packages/airflow/example_dags/example_trigger_target_dag.py for tasks to queue
[2025-01-11T13:28:04.263+0000] {logging_mixin.py:188} INFO - [2025-01-11T13:28:04.263+0000] {dagbag.py:545} INFO - Filling up the DagBag from /home/airflow/.local/lib/python3.12/site-packages/airflow/example_dags/example_trigger_target_dag.py
[2025-01-11T13:28:04.267+0000] {processor.py:840} INFO - DAG(s) 'example_trigger_target_dag' retrieved from /home/airflow/.local/lib/python3.12/site-packages/airflow/example_dags/example_trigger_target_dag.py
[2025-01-11T13:28:04.281+0000] {logging_mixin.py:188} INFO - [2025-01-11T13:28:04.281+0000] {dag.py:3089} INFO - Sync 1 DAGs
[2025-01-11T13:28:04.288+0000] {logging_mixin.py:188} INFO - [2025-01-11T13:28:04.288+0000] {dag.py:3947} INFO - Setting next_dagrun for example_trigger_target_dag to None, run_after=None
[2025-01-11T13:28:04.299+0000] {processor.py:183} INFO - Processing /home/airflow/.local/lib/python3.12/site-packages/airflow/example_dags/example_trigger_target_dag.py took 0.042 seconds
[2025-01-11T13:28:34.829+0000] {processor.py:161} INFO - Started process (PID=40886) to work on /home/airflow/.local/lib/python3.12/site-packages/airflow/example_dags/example_trigger_target_dag.py
[2025-01-11T13:28:34.829+0000] {processor.py:830} INFO - Processing file /home/airflow/.local/lib/python3.12/site-packages/airflow/example_dags/example_trigger_target_dag.py for tasks to queue
[2025-01-11T13:28:34.831+0000] {logging_mixin.py:188} INFO - [2025-01-11T13:28:34.831+0000] {dagbag.py:545} INFO - Filling up the DagBag from /home/airflow/.local/lib/python3.12/site-packages/airflow/example_dags/example_trigger_target_dag.py
[2025-01-11T13:28:34.835+0000] {processor.py:840} INFO - DAG(s) 'example_trigger_target_dag' retrieved from /home/airflow/.local/lib/python3.12/site-packages/airflow/example_dags/example_trigger_target_dag.py
[2025-01-11T13:28:34.851+0000] {logging_mixin.py:188} INFO - [2025-01-11T13:28:34.851+0000] {dag.py:3089} INFO - Sync 1 DAGs
[2025-01-11T13:28:34.860+0000] {logging_mixin.py:188} INFO - [2025-01-11T13:28:34.860+0000] {dag.py:3947} INFO - Setting next_dagrun for example_trigger_target_dag to None, run_after=None
[2025-01-11T13:28:34.871+0000] {processor.py:183} INFO - Processing /home/airflow/.local/lib/python3.12/site-packages/airflow/example_dags/example_trigger_target_dag.py took 0.047 seconds
[2025-01-11T13:29:05.074+0000] {processor.py:161} INFO - Started process (PID=41163) to work on /home/airflow/.local/lib/python3.12/site-packages/airflow/example_dags/example_trigger_target_dag.py
[2025-01-11T13:29:05.075+0000] {processor.py:830} INFO - Processing file /home/airflow/.local/lib/python3.12/site-packages/airflow/example_dags/example_trigger_target_dag.py for tasks to queue
[2025-01-11T13:29:05.076+0000] {logging_mixin.py:188} INFO - [2025-01-11T13:29:05.076+0000] {dagbag.py:545} INFO - Filling up the DagBag from /home/airflow/.local/lib/python3.12/site-packages/airflow/example_dags/example_trigger_target_dag.py
[2025-01-11T13:29:05.080+0000] {processor.py:840} INFO - DAG(s) 'example_trigger_target_dag' retrieved from /home/airflow/.local/lib/python3.12/site-packages/airflow/example_dags/example_trigger_target_dag.py
[2025-01-11T13:29:05.092+0000] {logging_mixin.py:188} INFO - [2025-01-11T13:29:05.092+0000] {dag.py:3089} INFO - Sync 1 DAGs
[2025-01-11T13:29:05.098+0000] {logging_mixin.py:188} INFO - [2025-01-11T13:29:05.098+0000] {dag.py:3947} INFO - Setting next_dagrun for example_trigger_target_dag to None, run_after=None
[2025-01-11T13:29:05.108+0000] {processor.py:183} INFO - Processing /home/airflow/.local/lib/python3.12/site-packages/airflow/example_dags/example_trigger_target_dag.py took 0.038 seconds
[2025-01-11T15:30:12.266+0000] {processor.py:161} INFO - Started process (PID=41527) to work on /home/airflow/.local/lib/python3.12/site-packages/airflow/example_dags/example_trigger_target_dag.py
[2025-01-11T15:30:12.270+0000] {processor.py:830} INFO - Processing file /home/airflow/.local/lib/python3.12/site-packages/airflow/example_dags/example_trigger_target_dag.py for tasks to queue
[2025-01-11T15:30:12.275+0000] {logging_mixin.py:188} INFO - [2025-01-11T15:30:12.274+0000] {dagbag.py:545} INFO - Filling up the DagBag from /home/airflow/.local/lib/python3.12/site-packages/airflow/example_dags/example_trigger_target_dag.py
[2025-01-11T15:30:12.282+0000] {processor.py:840} INFO - DAG(s) 'example_trigger_target_dag' retrieved from /home/airflow/.local/lib/python3.12/site-packages/airflow/example_dags/example_trigger_target_dag.py
[2025-01-11T15:30:12.300+0000] {logging_mixin.py:188} INFO - [2025-01-11T15:30:12.300+0000] {dag.py:3089} INFO - Sync 1 DAGs
[2025-01-11T15:30:12.318+0000] {logging_mixin.py:188} INFO - [2025-01-11T15:30:12.318+0000] {dag.py:3947} INFO - Setting next_dagrun for example_trigger_target_dag to None, run_after=None
[2025-01-11T15:30:12.334+0000] {processor.py:183} INFO - Processing /home/airflow/.local/lib/python3.12/site-packages/airflow/example_dags/example_trigger_target_dag.py took 0.083 seconds
[2025-01-11T15:30:44.338+0000] {processor.py:161} INFO - Started process (PID=41798) to work on /home/airflow/.local/lib/python3.12/site-packages/airflow/example_dags/example_trigger_target_dag.py
[2025-01-11T15:30:44.342+0000] {processor.py:830} INFO - Processing file /home/airflow/.local/lib/python3.12/site-packages/airflow/example_dags/example_trigger_target_dag.py for tasks to queue
[2025-01-11T15:30:44.345+0000] {logging_mixin.py:188} INFO - [2025-01-11T15:30:44.344+0000] {dagbag.py:545} INFO - Filling up the DagBag from /home/airflow/.local/lib/python3.12/site-packages/airflow/example_dags/example_trigger_target_dag.py
[2025-01-11T15:30:44.359+0000] {processor.py:840} INFO - DAG(s) 'example_trigger_target_dag' retrieved from /home/airflow/.local/lib/python3.12/site-packages/airflow/example_dags/example_trigger_target_dag.py
[2025-01-11T15:30:44.386+0000] {logging_mixin.py:188} INFO - [2025-01-11T15:30:44.386+0000] {dag.py:3089} INFO - Sync 1 DAGs
[2025-01-11T15:30:44.401+0000] {logging_mixin.py:188} INFO - [2025-01-11T15:30:44.400+0000] {dag.py:3947} INFO - Setting next_dagrun for example_trigger_target_dag to None, run_after=None
[2025-01-11T15:30:44.424+0000] {processor.py:183} INFO - Processing /home/airflow/.local/lib/python3.12/site-packages/airflow/example_dags/example_trigger_target_dag.py took 0.099 seconds
