[2025-01-11T11:46:23.923+0000] {processor.py:161} INFO - Started process (PID=339) to work on /home/airflow/.local/lib/python3.12/site-packages/airflow/example_dags/example_short_circuit_decorator.py
[2025-01-11T11:46:23.924+0000] {processor.py:830} INFO - Processing file /home/airflow/.local/lib/python3.12/site-packages/airflow/example_dags/example_short_circuit_decorator.py for tasks to queue
[2025-01-11T11:46:23.925+0000] {logging_mixin.py:188} INFO - [2025-01-11T11:46:23.925+0000] {dagbag.py:545} INFO - Filling up the DagBag from /home/airflow/.local/lib/python3.12/site-packages/airflow/example_dags/example_short_circuit_decorator.py
[2025-01-11T11:46:23.936+0000] {processor.py:840} INFO - DAG(s) 'example_short_circuit_decorator' retrieved from /home/airflow/.local/lib/python3.12/site-packages/airflow/example_dags/example_short_circuit_decorator.py
[2025-01-11T11:46:23.947+0000] {logging_mixin.py:188} INFO - [2025-01-11T11:46:23.947+0000] {dag.py:3089} INFO - Sync 1 DAGs
[2025-01-11T11:46:23.963+0000] {logging_mixin.py:188} INFO - [2025-01-11T11:46:23.963+0000] {dag.py:3947} INFO - Setting next_dagrun for example_short_circuit_decorator to 2025-01-10 00:00:00+00:00, run_after=2025-01-11 00:00:00+00:00
[2025-01-11T11:46:23.976+0000] {processor.py:183} INFO - Processing /home/airflow/.local/lib/python3.12/site-packages/airflow/example_dags/example_short_circuit_decorator.py took 0.058 seconds
[2025-01-11T11:46:54.779+0000] {processor.py:161} INFO - Started process (PID=622) to work on /home/airflow/.local/lib/python3.12/site-packages/airflow/example_dags/example_short_circuit_decorator.py
[2025-01-11T11:46:54.780+0000] {processor.py:830} INFO - Processing file /home/airflow/.local/lib/python3.12/site-packages/airflow/example_dags/example_short_circuit_decorator.py for tasks to queue
[2025-01-11T11:46:54.781+0000] {logging_mixin.py:188} INFO - [2025-01-11T11:46:54.781+0000] {dagbag.py:545} INFO - Filling up the DagBag from /home/airflow/.local/lib/python3.12/site-packages/airflow/example_dags/example_short_circuit_decorator.py
[2025-01-11T11:46:54.786+0000] {processor.py:840} INFO - DAG(s) 'example_short_circuit_decorator' retrieved from /home/airflow/.local/lib/python3.12/site-packages/airflow/example_dags/example_short_circuit_decorator.py
[2025-01-11T11:46:54.840+0000] {logging_mixin.py:188} INFO - [2025-01-11T11:46:54.840+0000] {dag.py:3089} INFO - Sync 1 DAGs
[2025-01-11T11:46:54.849+0000] {logging_mixin.py:188} INFO - [2025-01-11T11:46:54.849+0000] {dag.py:3947} INFO - Setting next_dagrun for example_short_circuit_decorator to 2025-01-10 00:00:00+00:00, run_after=2025-01-11 00:00:00+00:00
[2025-01-11T11:46:54.860+0000] {processor.py:183} INFO - Processing /home/airflow/.local/lib/python3.12/site-packages/airflow/example_dags/example_short_circuit_decorator.py took 0.084 seconds
[2025-01-11T11:47:25.267+0000] {processor.py:161} INFO - Started process (PID=893) to work on /home/airflow/.local/lib/python3.12/site-packages/airflow/example_dags/example_short_circuit_decorator.py
[2025-01-11T11:47:25.268+0000] {processor.py:830} INFO - Processing file /home/airflow/.local/lib/python3.12/site-packages/airflow/example_dags/example_short_circuit_decorator.py for tasks to queue
[2025-01-11T11:47:25.270+0000] {logging_mixin.py:188} INFO - [2025-01-11T11:47:25.269+0000] {dagbag.py:545} INFO - Filling up the DagBag from /home/airflow/.local/lib/python3.12/site-packages/airflow/example_dags/example_short_circuit_decorator.py
[2025-01-11T11:47:25.276+0000] {processor.py:840} INFO - DAG(s) 'example_short_circuit_decorator' retrieved from /home/airflow/.local/lib/python3.12/site-packages/airflow/example_dags/example_short_circuit_decorator.py
[2025-01-11T11:47:25.292+0000] {logging_mixin.py:188} INFO - [2025-01-11T11:47:25.292+0000] {dag.py:3089} INFO - Sync 1 DAGs
[2025-01-11T11:47:25.307+0000] {logging_mixin.py:188} INFO - [2025-01-11T11:47:25.307+0000] {dag.py:3947} INFO - Setting next_dagrun for example_short_circuit_decorator to 2025-01-10 00:00:00+00:00, run_after=2025-01-11 00:00:00+00:00
[2025-01-11T11:47:25.319+0000] {processor.py:183} INFO - Processing /home/airflow/.local/lib/python3.12/site-packages/airflow/example_dags/example_short_circuit_decorator.py took 0.056 seconds
[2025-01-11T11:47:55.914+0000] {processor.py:161} INFO - Started process (PID=1171) to work on /home/airflow/.local/lib/python3.12/site-packages/airflow/example_dags/example_short_circuit_decorator.py
[2025-01-11T11:47:55.915+0000] {processor.py:830} INFO - Processing file /home/airflow/.local/lib/python3.12/site-packages/airflow/example_dags/example_short_circuit_decorator.py for tasks to queue
[2025-01-11T11:47:55.916+0000] {logging_mixin.py:188} INFO - [2025-01-11T11:47:55.916+0000] {dagbag.py:545} INFO - Filling up the DagBag from /home/airflow/.local/lib/python3.12/site-packages/airflow/example_dags/example_short_circuit_decorator.py
[2025-01-11T11:47:55.921+0000] {processor.py:840} INFO - DAG(s) 'example_short_circuit_decorator' retrieved from /home/airflow/.local/lib/python3.12/site-packages/airflow/example_dags/example_short_circuit_decorator.py
[2025-01-11T11:47:55.934+0000] {logging_mixin.py:188} INFO - [2025-01-11T11:47:55.934+0000] {dag.py:3089} INFO - Sync 1 DAGs
[2025-01-11T11:47:55.945+0000] {logging_mixin.py:188} INFO - [2025-01-11T11:47:55.945+0000] {dag.py:3947} INFO - Setting next_dagrun for example_short_circuit_decorator to 2025-01-10 00:00:00+00:00, run_after=2025-01-11 00:00:00+00:00
[2025-01-11T11:47:55.954+0000] {processor.py:183} INFO - Processing /home/airflow/.local/lib/python3.12/site-packages/airflow/example_dags/example_short_circuit_decorator.py took 0.044 seconds
[2025-01-11T11:48:28.277+0000] {processor.py:161} INFO - Started process (PID=1448) to work on /home/airflow/.local/lib/python3.12/site-packages/airflow/example_dags/example_short_circuit_decorator.py
[2025-01-11T11:48:28.277+0000] {processor.py:830} INFO - Processing file /home/airflow/.local/lib/python3.12/site-packages/airflow/example_dags/example_short_circuit_decorator.py for tasks to queue
[2025-01-11T11:48:28.279+0000] {logging_mixin.py:188} INFO - [2025-01-11T11:48:28.278+0000] {dagbag.py:545} INFO - Filling up the DagBag from /home/airflow/.local/lib/python3.12/site-packages/airflow/example_dags/example_short_circuit_decorator.py
[2025-01-11T11:48:28.284+0000] {processor.py:840} INFO - DAG(s) 'example_short_circuit_decorator' retrieved from /home/airflow/.local/lib/python3.12/site-packages/airflow/example_dags/example_short_circuit_decorator.py
[2025-01-11T11:48:28.304+0000] {logging_mixin.py:188} INFO - [2025-01-11T11:48:28.304+0000] {dag.py:3089} INFO - Sync 1 DAGs
[2025-01-11T11:48:28.319+0000] {logging_mixin.py:188} INFO - [2025-01-11T11:48:28.319+0000] {dag.py:3947} INFO - Setting next_dagrun for example_short_circuit_decorator to 2025-01-10 00:00:00+00:00, run_after=2025-01-11 00:00:00+00:00
[2025-01-11T11:48:28.331+0000] {processor.py:183} INFO - Processing /home/airflow/.local/lib/python3.12/site-packages/airflow/example_dags/example_short_circuit_decorator.py took 0.058 seconds
[2025-01-11T11:48:58.560+0000] {processor.py:161} INFO - Started process (PID=1725) to work on /home/airflow/.local/lib/python3.12/site-packages/airflow/example_dags/example_short_circuit_decorator.py
[2025-01-11T11:48:58.561+0000] {processor.py:830} INFO - Processing file /home/airflow/.local/lib/python3.12/site-packages/airflow/example_dags/example_short_circuit_decorator.py for tasks to queue
[2025-01-11T11:48:58.562+0000] {logging_mixin.py:188} INFO - [2025-01-11T11:48:58.562+0000] {dagbag.py:545} INFO - Filling up the DagBag from /home/airflow/.local/lib/python3.12/site-packages/airflow/example_dags/example_short_circuit_decorator.py
[2025-01-11T11:48:58.567+0000] {processor.py:840} INFO - DAG(s) 'example_short_circuit_decorator' retrieved from /home/airflow/.local/lib/python3.12/site-packages/airflow/example_dags/example_short_circuit_decorator.py
[2025-01-11T11:48:58.582+0000] {logging_mixin.py:188} INFO - [2025-01-11T11:48:58.582+0000] {dag.py:3089} INFO - Sync 1 DAGs
[2025-01-11T11:48:58.593+0000] {logging_mixin.py:188} INFO - [2025-01-11T11:48:58.593+0000] {dag.py:3947} INFO - Setting next_dagrun for example_short_circuit_decorator to 2025-01-10 00:00:00+00:00, run_after=2025-01-11 00:00:00+00:00
[2025-01-11T11:48:58.604+0000] {processor.py:183} INFO - Processing /home/airflow/.local/lib/python3.12/site-packages/airflow/example_dags/example_short_circuit_decorator.py took 0.048 seconds
[2025-01-11T11:49:30.538+0000] {processor.py:161} INFO - Started process (PID=2027) to work on /home/airflow/.local/lib/python3.12/site-packages/airflow/example_dags/example_short_circuit_decorator.py
[2025-01-11T11:49:30.539+0000] {processor.py:830} INFO - Processing file /home/airflow/.local/lib/python3.12/site-packages/airflow/example_dags/example_short_circuit_decorator.py for tasks to queue
[2025-01-11T11:49:30.540+0000] {logging_mixin.py:188} INFO - [2025-01-11T11:49:30.540+0000] {dagbag.py:545} INFO - Filling up the DagBag from /home/airflow/.local/lib/python3.12/site-packages/airflow/example_dags/example_short_circuit_decorator.py
[2025-01-11T11:49:30.545+0000] {processor.py:840} INFO - DAG(s) 'example_short_circuit_decorator' retrieved from /home/airflow/.local/lib/python3.12/site-packages/airflow/example_dags/example_short_circuit_decorator.py
[2025-01-11T11:49:30.559+0000] {logging_mixin.py:188} INFO - [2025-01-11T11:49:30.559+0000] {dag.py:3089} INFO - Sync 1 DAGs
[2025-01-11T11:49:30.570+0000] {logging_mixin.py:188} INFO - [2025-01-11T11:49:30.570+0000] {dag.py:3947} INFO - Setting next_dagrun for example_short_circuit_decorator to 2025-01-10 00:00:00+00:00, run_after=2025-01-11 00:00:00+00:00
[2025-01-11T11:49:30.580+0000] {processor.py:183} INFO - Processing /home/airflow/.local/lib/python3.12/site-packages/airflow/example_dags/example_short_circuit_decorator.py took 0.046 seconds
[2025-01-11T11:50:01.253+0000] {processor.py:161} INFO - Started process (PID=2304) to work on /home/airflow/.local/lib/python3.12/site-packages/airflow/example_dags/example_short_circuit_decorator.py
[2025-01-11T11:50:01.254+0000] {processor.py:830} INFO - Processing file /home/airflow/.local/lib/python3.12/site-packages/airflow/example_dags/example_short_circuit_decorator.py for tasks to queue
[2025-01-11T11:50:01.256+0000] {logging_mixin.py:188} INFO - [2025-01-11T11:50:01.255+0000] {dagbag.py:545} INFO - Filling up the DagBag from /home/airflow/.local/lib/python3.12/site-packages/airflow/example_dags/example_short_circuit_decorator.py
[2025-01-11T11:50:01.262+0000] {processor.py:840} INFO - DAG(s) 'example_short_circuit_decorator' retrieved from /home/airflow/.local/lib/python3.12/site-packages/airflow/example_dags/example_short_circuit_decorator.py
[2025-01-11T11:50:01.280+0000] {logging_mixin.py:188} INFO - [2025-01-11T11:50:01.279+0000] {dag.py:3089} INFO - Sync 1 DAGs
[2025-01-11T11:50:01.294+0000] {logging_mixin.py:188} INFO - [2025-01-11T11:50:01.294+0000] {dag.py:3947} INFO - Setting next_dagrun for example_short_circuit_decorator to 2025-01-10 00:00:00+00:00, run_after=2025-01-11 00:00:00+00:00
[2025-01-11T11:50:01.307+0000] {processor.py:183} INFO - Processing /home/airflow/.local/lib/python3.12/site-packages/airflow/example_dags/example_short_circuit_decorator.py took 0.059 seconds
[2025-01-11T11:50:31.723+0000] {processor.py:161} INFO - Started process (PID=2581) to work on /home/airflow/.local/lib/python3.12/site-packages/airflow/example_dags/example_short_circuit_decorator.py
[2025-01-11T11:50:31.724+0000] {processor.py:830} INFO - Processing file /home/airflow/.local/lib/python3.12/site-packages/airflow/example_dags/example_short_circuit_decorator.py for tasks to queue
[2025-01-11T11:50:31.726+0000] {logging_mixin.py:188} INFO - [2025-01-11T11:50:31.725+0000] {dagbag.py:545} INFO - Filling up the DagBag from /home/airflow/.local/lib/python3.12/site-packages/airflow/example_dags/example_short_circuit_decorator.py
[2025-01-11T11:50:31.733+0000] {processor.py:840} INFO - DAG(s) 'example_short_circuit_decorator' retrieved from /home/airflow/.local/lib/python3.12/site-packages/airflow/example_dags/example_short_circuit_decorator.py
[2025-01-11T11:50:31.748+0000] {logging_mixin.py:188} INFO - [2025-01-11T11:50:31.748+0000] {dag.py:3089} INFO - Sync 1 DAGs
[2025-01-11T11:50:31.761+0000] {logging_mixin.py:188} INFO - [2025-01-11T11:50:31.761+0000] {dag.py:3947} INFO - Setting next_dagrun for example_short_circuit_decorator to 2025-01-10 00:00:00+00:00, run_after=2025-01-11 00:00:00+00:00
[2025-01-11T11:50:31.776+0000] {processor.py:183} INFO - Processing /home/airflow/.local/lib/python3.12/site-packages/airflow/example_dags/example_short_circuit_decorator.py took 0.058 seconds
[2025-01-11T11:51:01.918+0000] {processor.py:161} INFO - Started process (PID=2858) to work on /home/airflow/.local/lib/python3.12/site-packages/airflow/example_dags/example_short_circuit_decorator.py
[2025-01-11T11:51:01.919+0000] {processor.py:830} INFO - Processing file /home/airflow/.local/lib/python3.12/site-packages/airflow/example_dags/example_short_circuit_decorator.py for tasks to queue
[2025-01-11T11:51:01.920+0000] {logging_mixin.py:188} INFO - [2025-01-11T11:51:01.920+0000] {dagbag.py:545} INFO - Filling up the DagBag from /home/airflow/.local/lib/python3.12/site-packages/airflow/example_dags/example_short_circuit_decorator.py
[2025-01-11T11:51:01.925+0000] {processor.py:840} INFO - DAG(s) 'example_short_circuit_decorator' retrieved from /home/airflow/.local/lib/python3.12/site-packages/airflow/example_dags/example_short_circuit_decorator.py
[2025-01-11T11:51:01.939+0000] {logging_mixin.py:188} INFO - [2025-01-11T11:51:01.939+0000] {dag.py:3089} INFO - Sync 1 DAGs
[2025-01-11T11:51:01.951+0000] {logging_mixin.py:188} INFO - [2025-01-11T11:51:01.950+0000] {dag.py:3947} INFO - Setting next_dagrun for example_short_circuit_decorator to 2025-01-10 00:00:00+00:00, run_after=2025-01-11 00:00:00+00:00
[2025-01-11T11:51:01.961+0000] {processor.py:183} INFO - Processing /home/airflow/.local/lib/python3.12/site-packages/airflow/example_dags/example_short_circuit_decorator.py took 0.047 seconds
[2025-01-11T11:51:36.018+0000] {processor.py:161} INFO - Started process (PID=3226) to work on /home/airflow/.local/lib/python3.12/site-packages/airflow/example_dags/example_short_circuit_decorator.py
[2025-01-11T11:51:36.019+0000] {processor.py:830} INFO - Processing file /home/airflow/.local/lib/python3.12/site-packages/airflow/example_dags/example_short_circuit_decorator.py for tasks to queue
[2025-01-11T11:51:36.020+0000] {logging_mixin.py:188} INFO - [2025-01-11T11:51:36.020+0000] {dagbag.py:545} INFO - Filling up the DagBag from /home/airflow/.local/lib/python3.12/site-packages/airflow/example_dags/example_short_circuit_decorator.py
[2025-01-11T11:51:36.026+0000] {processor.py:840} INFO - DAG(s) 'example_short_circuit_decorator' retrieved from /home/airflow/.local/lib/python3.12/site-packages/airflow/example_dags/example_short_circuit_decorator.py
[2025-01-11T11:51:36.041+0000] {logging_mixin.py:188} INFO - [2025-01-11T11:51:36.041+0000] {dag.py:3089} INFO - Sync 1 DAGs
[2025-01-11T11:51:36.054+0000] {logging_mixin.py:188} INFO - [2025-01-11T11:51:36.054+0000] {dag.py:3947} INFO - Setting next_dagrun for example_short_circuit_decorator to 2025-01-10 00:00:00+00:00, run_after=2025-01-11 00:00:00+00:00
[2025-01-11T11:51:36.066+0000] {processor.py:183} INFO - Processing /home/airflow/.local/lib/python3.12/site-packages/airflow/example_dags/example_short_circuit_decorator.py took 0.052 seconds
[2025-01-11T11:52:06.382+0000] {processor.py:161} INFO - Started process (PID=3497) to work on /home/airflow/.local/lib/python3.12/site-packages/airflow/example_dags/example_short_circuit_decorator.py
[2025-01-11T11:52:06.383+0000] {processor.py:830} INFO - Processing file /home/airflow/.local/lib/python3.12/site-packages/airflow/example_dags/example_short_circuit_decorator.py for tasks to queue
[2025-01-11T11:52:06.386+0000] {logging_mixin.py:188} INFO - [2025-01-11T11:52:06.385+0000] {dagbag.py:545} INFO - Filling up the DagBag from /home/airflow/.local/lib/python3.12/site-packages/airflow/example_dags/example_short_circuit_decorator.py
[2025-01-11T11:52:06.391+0000] {processor.py:840} INFO - DAG(s) 'example_short_circuit_decorator' retrieved from /home/airflow/.local/lib/python3.12/site-packages/airflow/example_dags/example_short_circuit_decorator.py
[2025-01-11T11:52:06.409+0000] {logging_mixin.py:188} INFO - [2025-01-11T11:52:06.409+0000] {dag.py:3089} INFO - Sync 1 DAGs
[2025-01-11T11:52:06.422+0000] {logging_mixin.py:188} INFO - [2025-01-11T11:52:06.422+0000] {dag.py:3947} INFO - Setting next_dagrun for example_short_circuit_decorator to 2025-01-10 00:00:00+00:00, run_after=2025-01-11 00:00:00+00:00
[2025-01-11T11:52:06.437+0000] {processor.py:183} INFO - Processing /home/airflow/.local/lib/python3.12/site-packages/airflow/example_dags/example_short_circuit_decorator.py took 0.058 seconds
[2025-01-11T11:52:36.951+0000] {processor.py:161} INFO - Started process (PID=3774) to work on /home/airflow/.local/lib/python3.12/site-packages/airflow/example_dags/example_short_circuit_decorator.py
[2025-01-11T11:52:36.952+0000] {processor.py:830} INFO - Processing file /home/airflow/.local/lib/python3.12/site-packages/airflow/example_dags/example_short_circuit_decorator.py for tasks to queue
[2025-01-11T11:52:36.953+0000] {logging_mixin.py:188} INFO - [2025-01-11T11:52:36.953+0000] {dagbag.py:545} INFO - Filling up the DagBag from /home/airflow/.local/lib/python3.12/site-packages/airflow/example_dags/example_short_circuit_decorator.py
[2025-01-11T11:52:36.958+0000] {processor.py:840} INFO - DAG(s) 'example_short_circuit_decorator' retrieved from /home/airflow/.local/lib/python3.12/site-packages/airflow/example_dags/example_short_circuit_decorator.py
[2025-01-11T11:52:36.976+0000] {logging_mixin.py:188} INFO - [2025-01-11T11:52:36.976+0000] {dag.py:3089} INFO - Sync 1 DAGs
[2025-01-11T11:52:36.989+0000] {logging_mixin.py:188} INFO - [2025-01-11T11:52:36.989+0000] {dag.py:3947} INFO - Setting next_dagrun for example_short_circuit_decorator to 2025-01-10 00:00:00+00:00, run_after=2025-01-11 00:00:00+00:00
[2025-01-11T11:52:37.000+0000] {processor.py:183} INFO - Processing /home/airflow/.local/lib/python3.12/site-packages/airflow/example_dags/example_short_circuit_decorator.py took 0.054 seconds
[2025-01-11T11:53:07.858+0000] {processor.py:161} INFO - Started process (PID=4051) to work on /home/airflow/.local/lib/python3.12/site-packages/airflow/example_dags/example_short_circuit_decorator.py
[2025-01-11T11:53:07.858+0000] {processor.py:830} INFO - Processing file /home/airflow/.local/lib/python3.12/site-packages/airflow/example_dags/example_short_circuit_decorator.py for tasks to queue
[2025-01-11T11:53:07.860+0000] {logging_mixin.py:188} INFO - [2025-01-11T11:53:07.859+0000] {dagbag.py:545} INFO - Filling up the DagBag from /home/airflow/.local/lib/python3.12/site-packages/airflow/example_dags/example_short_circuit_decorator.py
[2025-01-11T11:53:07.866+0000] {processor.py:840} INFO - DAG(s) 'example_short_circuit_decorator' retrieved from /home/airflow/.local/lib/python3.12/site-packages/airflow/example_dags/example_short_circuit_decorator.py
[2025-01-11T11:53:07.884+0000] {logging_mixin.py:188} INFO - [2025-01-11T11:53:07.884+0000] {dag.py:3089} INFO - Sync 1 DAGs
[2025-01-11T11:53:07.899+0000] {logging_mixin.py:188} INFO - [2025-01-11T11:53:07.898+0000] {dag.py:3947} INFO - Setting next_dagrun for example_short_circuit_decorator to 2025-01-10 00:00:00+00:00, run_after=2025-01-11 00:00:00+00:00
[2025-01-11T11:53:07.910+0000] {processor.py:183} INFO - Processing /home/airflow/.local/lib/python3.12/site-packages/airflow/example_dags/example_short_circuit_decorator.py took 0.058 seconds
[2025-01-11T11:53:38.352+0000] {processor.py:161} INFO - Started process (PID=4330) to work on /home/airflow/.local/lib/python3.12/site-packages/airflow/example_dags/example_short_circuit_decorator.py
[2025-01-11T11:53:38.353+0000] {processor.py:830} INFO - Processing file /home/airflow/.local/lib/python3.12/site-packages/airflow/example_dags/example_short_circuit_decorator.py for tasks to queue
[2025-01-11T11:53:38.354+0000] {logging_mixin.py:188} INFO - [2025-01-11T11:53:38.354+0000] {dagbag.py:545} INFO - Filling up the DagBag from /home/airflow/.local/lib/python3.12/site-packages/airflow/example_dags/example_short_circuit_decorator.py
[2025-01-11T11:53:38.360+0000] {processor.py:840} INFO - DAG(s) 'example_short_circuit_decorator' retrieved from /home/airflow/.local/lib/python3.12/site-packages/airflow/example_dags/example_short_circuit_decorator.py
[2025-01-11T11:53:38.375+0000] {logging_mixin.py:188} INFO - [2025-01-11T11:53:38.375+0000] {dag.py:3089} INFO - Sync 1 DAGs
[2025-01-11T11:53:38.386+0000] {logging_mixin.py:188} INFO - [2025-01-11T11:53:38.386+0000] {dag.py:3947} INFO - Setting next_dagrun for example_short_circuit_decorator to 2025-01-10 00:00:00+00:00, run_after=2025-01-11 00:00:00+00:00
[2025-01-11T11:53:38.395+0000] {processor.py:183} INFO - Processing /home/airflow/.local/lib/python3.12/site-packages/airflow/example_dags/example_short_circuit_decorator.py took 0.047 seconds
[2025-01-11T11:54:09.596+0000] {processor.py:161} INFO - Started process (PID=4605) to work on /home/airflow/.local/lib/python3.12/site-packages/airflow/example_dags/example_short_circuit_decorator.py
[2025-01-11T11:54:09.597+0000] {processor.py:830} INFO - Processing file /home/airflow/.local/lib/python3.12/site-packages/airflow/example_dags/example_short_circuit_decorator.py for tasks to queue
[2025-01-11T11:54:09.599+0000] {logging_mixin.py:188} INFO - [2025-01-11T11:54:09.599+0000] {dagbag.py:545} INFO - Filling up the DagBag from /home/airflow/.local/lib/python3.12/site-packages/airflow/example_dags/example_short_circuit_decorator.py
[2025-01-11T11:54:09.605+0000] {processor.py:840} INFO - DAG(s) 'example_short_circuit_decorator' retrieved from /home/airflow/.local/lib/python3.12/site-packages/airflow/example_dags/example_short_circuit_decorator.py
[2025-01-11T11:54:09.620+0000] {logging_mixin.py:188} INFO - [2025-01-11T11:54:09.620+0000] {dag.py:3089} INFO - Sync 1 DAGs
[2025-01-11T11:54:09.632+0000] {logging_mixin.py:188} INFO - [2025-01-11T11:54:09.632+0000] {dag.py:3947} INFO - Setting next_dagrun for example_short_circuit_decorator to 2025-01-10 00:00:00+00:00, run_after=2025-01-11 00:00:00+00:00
[2025-01-11T11:54:09.644+0000] {processor.py:183} INFO - Processing /home/airflow/.local/lib/python3.12/site-packages/airflow/example_dags/example_short_circuit_decorator.py took 0.052 seconds
[2025-01-11T11:54:39.932+0000] {processor.py:161} INFO - Started process (PID=4884) to work on /home/airflow/.local/lib/python3.12/site-packages/airflow/example_dags/example_short_circuit_decorator.py
[2025-01-11T11:54:39.933+0000] {processor.py:830} INFO - Processing file /home/airflow/.local/lib/python3.12/site-packages/airflow/example_dags/example_short_circuit_decorator.py for tasks to queue
[2025-01-11T11:54:39.934+0000] {logging_mixin.py:188} INFO - [2025-01-11T11:54:39.934+0000] {dagbag.py:545} INFO - Filling up the DagBag from /home/airflow/.local/lib/python3.12/site-packages/airflow/example_dags/example_short_circuit_decorator.py
[2025-01-11T11:54:39.939+0000] {processor.py:840} INFO - DAG(s) 'example_short_circuit_decorator' retrieved from /home/airflow/.local/lib/python3.12/site-packages/airflow/example_dags/example_short_circuit_decorator.py
[2025-01-11T11:54:39.956+0000] {logging_mixin.py:188} INFO - [2025-01-11T11:54:39.956+0000] {dag.py:3089} INFO - Sync 1 DAGs
[2025-01-11T11:54:39.969+0000] {logging_mixin.py:188} INFO - [2025-01-11T11:54:39.968+0000] {dag.py:3947} INFO - Setting next_dagrun for example_short_circuit_decorator to 2025-01-10 00:00:00+00:00, run_after=2025-01-11 00:00:00+00:00
[2025-01-11T11:54:39.980+0000] {processor.py:183} INFO - Processing /home/airflow/.local/lib/python3.12/site-packages/airflow/example_dags/example_short_circuit_decorator.py took 0.052 seconds
[2025-01-11T11:55:10.614+0000] {processor.py:161} INFO - Started process (PID=5161) to work on /home/airflow/.local/lib/python3.12/site-packages/airflow/example_dags/example_short_circuit_decorator.py
[2025-01-11T11:55:10.615+0000] {processor.py:830} INFO - Processing file /home/airflow/.local/lib/python3.12/site-packages/airflow/example_dags/example_short_circuit_decorator.py for tasks to queue
[2025-01-11T11:55:10.619+0000] {logging_mixin.py:188} INFO - [2025-01-11T11:55:10.619+0000] {dagbag.py:545} INFO - Filling up the DagBag from /home/airflow/.local/lib/python3.12/site-packages/airflow/example_dags/example_short_circuit_decorator.py
[2025-01-11T11:55:10.625+0000] {processor.py:840} INFO - DAG(s) 'example_short_circuit_decorator' retrieved from /home/airflow/.local/lib/python3.12/site-packages/airflow/example_dags/example_short_circuit_decorator.py
[2025-01-11T11:55:10.639+0000] {logging_mixin.py:188} INFO - [2025-01-11T11:55:10.639+0000] {dag.py:3089} INFO - Sync 1 DAGs
[2025-01-11T11:55:10.651+0000] {logging_mixin.py:188} INFO - [2025-01-11T11:55:10.651+0000] {dag.py:3947} INFO - Setting next_dagrun for example_short_circuit_decorator to 2025-01-10 00:00:00+00:00, run_after=2025-01-11 00:00:00+00:00
[2025-01-11T11:55:10.661+0000] {processor.py:183} INFO - Processing /home/airflow/.local/lib/python3.12/site-packages/airflow/example_dags/example_short_circuit_decorator.py took 0.053 seconds
[2025-01-11T11:55:41.542+0000] {processor.py:161} INFO - Started process (PID=5438) to work on /home/airflow/.local/lib/python3.12/site-packages/airflow/example_dags/example_short_circuit_decorator.py
[2025-01-11T11:55:41.543+0000] {processor.py:830} INFO - Processing file /home/airflow/.local/lib/python3.12/site-packages/airflow/example_dags/example_short_circuit_decorator.py for tasks to queue
[2025-01-11T11:55:41.544+0000] {logging_mixin.py:188} INFO - [2025-01-11T11:55:41.544+0000] {dagbag.py:545} INFO - Filling up the DagBag from /home/airflow/.local/lib/python3.12/site-packages/airflow/example_dags/example_short_circuit_decorator.py
[2025-01-11T11:55:41.549+0000] {processor.py:840} INFO - DAG(s) 'example_short_circuit_decorator' retrieved from /home/airflow/.local/lib/python3.12/site-packages/airflow/example_dags/example_short_circuit_decorator.py
[2025-01-11T11:55:41.564+0000] {logging_mixin.py:188} INFO - [2025-01-11T11:55:41.564+0000] {dag.py:3089} INFO - Sync 1 DAGs
[2025-01-11T11:55:41.577+0000] {logging_mixin.py:188} INFO - [2025-01-11T11:55:41.577+0000] {dag.py:3947} INFO - Setting next_dagrun for example_short_circuit_decorator to 2025-01-10 00:00:00+00:00, run_after=2025-01-11 00:00:00+00:00
[2025-01-11T11:55:41.589+0000] {processor.py:183} INFO - Processing /home/airflow/.local/lib/python3.12/site-packages/airflow/example_dags/example_short_circuit_decorator.py took 0.052 seconds
[2025-01-11T11:56:12.785+0000] {processor.py:161} INFO - Started process (PID=5714) to work on /home/airflow/.local/lib/python3.12/site-packages/airflow/example_dags/example_short_circuit_decorator.py
[2025-01-11T11:56:12.786+0000] {processor.py:830} INFO - Processing file /home/airflow/.local/lib/python3.12/site-packages/airflow/example_dags/example_short_circuit_decorator.py for tasks to queue
[2025-01-11T11:56:12.787+0000] {logging_mixin.py:188} INFO - [2025-01-11T11:56:12.787+0000] {dagbag.py:545} INFO - Filling up the DagBag from /home/airflow/.local/lib/python3.12/site-packages/airflow/example_dags/example_short_circuit_decorator.py
[2025-01-11T11:56:12.792+0000] {processor.py:840} INFO - DAG(s) 'example_short_circuit_decorator' retrieved from /home/airflow/.local/lib/python3.12/site-packages/airflow/example_dags/example_short_circuit_decorator.py
[2025-01-11T11:56:12.808+0000] {logging_mixin.py:188} INFO - [2025-01-11T11:56:12.808+0000] {dag.py:3089} INFO - Sync 1 DAGs
[2025-01-11T11:56:12.822+0000] {logging_mixin.py:188} INFO - [2025-01-11T11:56:12.822+0000] {dag.py:3947} INFO - Setting next_dagrun for example_short_circuit_decorator to 2025-01-10 00:00:00+00:00, run_after=2025-01-11 00:00:00+00:00
[2025-01-11T11:56:12.836+0000] {processor.py:183} INFO - Processing /home/airflow/.local/lib/python3.12/site-packages/airflow/example_dags/example_short_circuit_decorator.py took 0.058 seconds
[2025-01-11T11:56:43.141+0000] {processor.py:161} INFO - Started process (PID=5993) to work on /home/airflow/.local/lib/python3.12/site-packages/airflow/example_dags/example_short_circuit_decorator.py
[2025-01-11T11:56:43.142+0000] {processor.py:830} INFO - Processing file /home/airflow/.local/lib/python3.12/site-packages/airflow/example_dags/example_short_circuit_decorator.py for tasks to queue
[2025-01-11T11:56:43.143+0000] {logging_mixin.py:188} INFO - [2025-01-11T11:56:43.143+0000] {dagbag.py:545} INFO - Filling up the DagBag from /home/airflow/.local/lib/python3.12/site-packages/airflow/example_dags/example_short_circuit_decorator.py
[2025-01-11T11:56:43.149+0000] {processor.py:840} INFO - DAG(s) 'example_short_circuit_decorator' retrieved from /home/airflow/.local/lib/python3.12/site-packages/airflow/example_dags/example_short_circuit_decorator.py
[2025-01-11T11:56:43.165+0000] {logging_mixin.py:188} INFO - [2025-01-11T11:56:43.165+0000] {dag.py:3089} INFO - Sync 1 DAGs
[2025-01-11T11:56:43.176+0000] {logging_mixin.py:188} INFO - [2025-01-11T11:56:43.176+0000] {dag.py:3947} INFO - Setting next_dagrun for example_short_circuit_decorator to 2025-01-10 00:00:00+00:00, run_after=2025-01-11 00:00:00+00:00
[2025-01-11T11:56:43.186+0000] {processor.py:183} INFO - Processing /home/airflow/.local/lib/python3.12/site-packages/airflow/example_dags/example_short_circuit_decorator.py took 0.049 seconds
[2025-01-11T11:57:13.579+0000] {processor.py:161} INFO - Started process (PID=6268) to work on /home/airflow/.local/lib/python3.12/site-packages/airflow/example_dags/example_short_circuit_decorator.py
[2025-01-11T11:57:13.579+0000] {processor.py:830} INFO - Processing file /home/airflow/.local/lib/python3.12/site-packages/airflow/example_dags/example_short_circuit_decorator.py for tasks to queue
[2025-01-11T11:57:13.581+0000] {logging_mixin.py:188} INFO - [2025-01-11T11:57:13.580+0000] {dagbag.py:545} INFO - Filling up the DagBag from /home/airflow/.local/lib/python3.12/site-packages/airflow/example_dags/example_short_circuit_decorator.py
[2025-01-11T11:57:13.585+0000] {processor.py:840} INFO - DAG(s) 'example_short_circuit_decorator' retrieved from /home/airflow/.local/lib/python3.12/site-packages/airflow/example_dags/example_short_circuit_decorator.py
[2025-01-11T11:57:13.599+0000] {logging_mixin.py:188} INFO - [2025-01-11T11:57:13.599+0000] {dag.py:3089} INFO - Sync 1 DAGs
[2025-01-11T11:57:13.610+0000] {logging_mixin.py:188} INFO - [2025-01-11T11:57:13.610+0000] {dag.py:3947} INFO - Setting next_dagrun for example_short_circuit_decorator to 2025-01-10 00:00:00+00:00, run_after=2025-01-11 00:00:00+00:00
[2025-01-11T11:57:13.620+0000] {processor.py:183} INFO - Processing /home/airflow/.local/lib/python3.12/site-packages/airflow/example_dags/example_short_circuit_decorator.py took 0.046 seconds
[2025-01-11T11:57:46.873+0000] {processor.py:161} INFO - Started process (PID=6547) to work on /home/airflow/.local/lib/python3.12/site-packages/airflow/example_dags/example_short_circuit_decorator.py
[2025-01-11T11:57:46.874+0000] {processor.py:830} INFO - Processing file /home/airflow/.local/lib/python3.12/site-packages/airflow/example_dags/example_short_circuit_decorator.py for tasks to queue
[2025-01-11T11:57:46.876+0000] {logging_mixin.py:188} INFO - [2025-01-11T11:57:46.875+0000] {dagbag.py:545} INFO - Filling up the DagBag from /home/airflow/.local/lib/python3.12/site-packages/airflow/example_dags/example_short_circuit_decorator.py
[2025-01-11T11:57:46.882+0000] {processor.py:840} INFO - DAG(s) 'example_short_circuit_decorator' retrieved from /home/airflow/.local/lib/python3.12/site-packages/airflow/example_dags/example_short_circuit_decorator.py
[2025-01-11T11:57:46.903+0000] {logging_mixin.py:188} INFO - [2025-01-11T11:57:46.903+0000] {dag.py:3089} INFO - Sync 1 DAGs
[2025-01-11T11:57:46.920+0000] {logging_mixin.py:188} INFO - [2025-01-11T11:57:46.920+0000] {dag.py:3947} INFO - Setting next_dagrun for example_short_circuit_decorator to 2025-01-10 00:00:00+00:00, run_after=2025-01-11 00:00:00+00:00
[2025-01-11T11:57:46.934+0000] {processor.py:183} INFO - Processing /home/airflow/.local/lib/python3.12/site-packages/airflow/example_dags/example_short_circuit_decorator.py took 0.066 seconds
[2025-01-11T11:58:17.365+0000] {processor.py:161} INFO - Started process (PID=6824) to work on /home/airflow/.local/lib/python3.12/site-packages/airflow/example_dags/example_short_circuit_decorator.py
[2025-01-11T11:58:17.366+0000] {processor.py:830} INFO - Processing file /home/airflow/.local/lib/python3.12/site-packages/airflow/example_dags/example_short_circuit_decorator.py for tasks to queue
[2025-01-11T11:58:17.367+0000] {logging_mixin.py:188} INFO - [2025-01-11T11:58:17.367+0000] {dagbag.py:545} INFO - Filling up the DagBag from /home/airflow/.local/lib/python3.12/site-packages/airflow/example_dags/example_short_circuit_decorator.py
[2025-01-11T11:58:17.373+0000] {processor.py:840} INFO - DAG(s) 'example_short_circuit_decorator' retrieved from /home/airflow/.local/lib/python3.12/site-packages/airflow/example_dags/example_short_circuit_decorator.py
[2025-01-11T11:58:17.388+0000] {logging_mixin.py:188} INFO - [2025-01-11T11:58:17.388+0000] {dag.py:3089} INFO - Sync 1 DAGs
[2025-01-11T11:58:17.399+0000] {logging_mixin.py:188} INFO - [2025-01-11T11:58:17.399+0000] {dag.py:3947} INFO - Setting next_dagrun for example_short_circuit_decorator to 2025-01-10 00:00:00+00:00, run_after=2025-01-11 00:00:00+00:00
[2025-01-11T11:58:17.410+0000] {processor.py:183} INFO - Processing /home/airflow/.local/lib/python3.12/site-packages/airflow/example_dags/example_short_circuit_decorator.py took 0.049 seconds
[2025-01-11T11:58:47.645+0000] {processor.py:161} INFO - Started process (PID=7105) to work on /home/airflow/.local/lib/python3.12/site-packages/airflow/example_dags/example_short_circuit_decorator.py
[2025-01-11T11:58:47.645+0000] {processor.py:830} INFO - Processing file /home/airflow/.local/lib/python3.12/site-packages/airflow/example_dags/example_short_circuit_decorator.py for tasks to queue
[2025-01-11T11:58:47.646+0000] {logging_mixin.py:188} INFO - [2025-01-11T11:58:47.646+0000] {dagbag.py:545} INFO - Filling up the DagBag from /home/airflow/.local/lib/python3.12/site-packages/airflow/example_dags/example_short_circuit_decorator.py
[2025-01-11T11:58:47.652+0000] {processor.py:840} INFO - DAG(s) 'example_short_circuit_decorator' retrieved from /home/airflow/.local/lib/python3.12/site-packages/airflow/example_dags/example_short_circuit_decorator.py
[2025-01-11T11:58:47.666+0000] {logging_mixin.py:188} INFO - [2025-01-11T11:58:47.666+0000] {dag.py:3089} INFO - Sync 1 DAGs
[2025-01-11T11:58:47.677+0000] {logging_mixin.py:188} INFO - [2025-01-11T11:58:47.677+0000] {dag.py:3947} INFO - Setting next_dagrun for example_short_circuit_decorator to 2025-01-10 00:00:00+00:00, run_after=2025-01-11 00:00:00+00:00
[2025-01-11T11:58:47.687+0000] {processor.py:183} INFO - Processing /home/airflow/.local/lib/python3.12/site-packages/airflow/example_dags/example_short_circuit_decorator.py took 0.046 seconds
[2025-01-11T11:59:19.251+0000] {processor.py:161} INFO - Started process (PID=7378) to work on /home/airflow/.local/lib/python3.12/site-packages/airflow/example_dags/example_short_circuit_decorator.py
[2025-01-11T11:59:19.252+0000] {processor.py:830} INFO - Processing file /home/airflow/.local/lib/python3.12/site-packages/airflow/example_dags/example_short_circuit_decorator.py for tasks to queue
[2025-01-11T11:59:19.253+0000] {logging_mixin.py:188} INFO - [2025-01-11T11:59:19.253+0000] {dagbag.py:545} INFO - Filling up the DagBag from /home/airflow/.local/lib/python3.12/site-packages/airflow/example_dags/example_short_circuit_decorator.py
[2025-01-11T11:59:19.258+0000] {processor.py:840} INFO - DAG(s) 'example_short_circuit_decorator' retrieved from /home/airflow/.local/lib/python3.12/site-packages/airflow/example_dags/example_short_circuit_decorator.py
[2025-01-11T11:59:19.272+0000] {logging_mixin.py:188} INFO - [2025-01-11T11:59:19.272+0000] {dag.py:3089} INFO - Sync 1 DAGs
[2025-01-11T11:59:19.283+0000] {logging_mixin.py:188} INFO - [2025-01-11T11:59:19.283+0000] {dag.py:3947} INFO - Setting next_dagrun for example_short_circuit_decorator to 2025-01-10 00:00:00+00:00, run_after=2025-01-11 00:00:00+00:00
[2025-01-11T11:59:19.293+0000] {processor.py:183} INFO - Processing /home/airflow/.local/lib/python3.12/site-packages/airflow/example_dags/example_short_circuit_decorator.py took 0.047 seconds
[2025-01-11T11:59:49.539+0000] {processor.py:161} INFO - Started process (PID=7655) to work on /home/airflow/.local/lib/python3.12/site-packages/airflow/example_dags/example_short_circuit_decorator.py
[2025-01-11T11:59:49.540+0000] {processor.py:830} INFO - Processing file /home/airflow/.local/lib/python3.12/site-packages/airflow/example_dags/example_short_circuit_decorator.py for tasks to queue
[2025-01-11T11:59:49.541+0000] {logging_mixin.py:188} INFO - [2025-01-11T11:59:49.541+0000] {dagbag.py:545} INFO - Filling up the DagBag from /home/airflow/.local/lib/python3.12/site-packages/airflow/example_dags/example_short_circuit_decorator.py
[2025-01-11T11:59:49.547+0000] {processor.py:840} INFO - DAG(s) 'example_short_circuit_decorator' retrieved from /home/airflow/.local/lib/python3.12/site-packages/airflow/example_dags/example_short_circuit_decorator.py
[2025-01-11T11:59:49.561+0000] {logging_mixin.py:188} INFO - [2025-01-11T11:59:49.561+0000] {dag.py:3089} INFO - Sync 1 DAGs
[2025-01-11T11:59:49.573+0000] {logging_mixin.py:188} INFO - [2025-01-11T11:59:49.573+0000] {dag.py:3947} INFO - Setting next_dagrun for example_short_circuit_decorator to 2025-01-10 00:00:00+00:00, run_after=2025-01-11 00:00:00+00:00
[2025-01-11T11:59:49.583+0000] {processor.py:183} INFO - Processing /home/airflow/.local/lib/python3.12/site-packages/airflow/example_dags/example_short_circuit_decorator.py took 0.048 seconds
[2025-01-11T12:00:20.627+0000] {processor.py:161} INFO - Started process (PID=7932) to work on /home/airflow/.local/lib/python3.12/site-packages/airflow/example_dags/example_short_circuit_decorator.py
[2025-01-11T12:00:20.628+0000] {processor.py:830} INFO - Processing file /home/airflow/.local/lib/python3.12/site-packages/airflow/example_dags/example_short_circuit_decorator.py for tasks to queue
[2025-01-11T12:00:20.630+0000] {logging_mixin.py:188} INFO - [2025-01-11T12:00:20.630+0000] {dagbag.py:545} INFO - Filling up the DagBag from /home/airflow/.local/lib/python3.12/site-packages/airflow/example_dags/example_short_circuit_decorator.py
[2025-01-11T12:00:20.636+0000] {processor.py:840} INFO - DAG(s) 'example_short_circuit_decorator' retrieved from /home/airflow/.local/lib/python3.12/site-packages/airflow/example_dags/example_short_circuit_decorator.py
[2025-01-11T12:00:20.649+0000] {logging_mixin.py:188} INFO - [2025-01-11T12:00:20.649+0000] {dag.py:3089} INFO - Sync 1 DAGs
[2025-01-11T12:00:20.659+0000] {logging_mixin.py:188} INFO - [2025-01-11T12:00:20.659+0000] {dag.py:3947} INFO - Setting next_dagrun for example_short_circuit_decorator to 2025-01-10 00:00:00+00:00, run_after=2025-01-11 00:00:00+00:00
[2025-01-11T12:00:20.668+0000] {processor.py:183} INFO - Processing /home/airflow/.local/lib/python3.12/site-packages/airflow/example_dags/example_short_circuit_decorator.py took 0.044 seconds
[2025-01-11T12:00:53.508+0000] {processor.py:161} INFO - Started process (PID=8207) to work on /home/airflow/.local/lib/python3.12/site-packages/airflow/example_dags/example_short_circuit_decorator.py
[2025-01-11T12:00:53.509+0000] {processor.py:830} INFO - Processing file /home/airflow/.local/lib/python3.12/site-packages/airflow/example_dags/example_short_circuit_decorator.py for tasks to queue
[2025-01-11T12:00:53.510+0000] {logging_mixin.py:188} INFO - [2025-01-11T12:00:53.510+0000] {dagbag.py:545} INFO - Filling up the DagBag from /home/airflow/.local/lib/python3.12/site-packages/airflow/example_dags/example_short_circuit_decorator.py
[2025-01-11T12:00:53.515+0000] {processor.py:840} INFO - DAG(s) 'example_short_circuit_decorator' retrieved from /home/airflow/.local/lib/python3.12/site-packages/airflow/example_dags/example_short_circuit_decorator.py
[2025-01-11T12:00:53.529+0000] {logging_mixin.py:188} INFO - [2025-01-11T12:00:53.529+0000] {dag.py:3089} INFO - Sync 1 DAGs
[2025-01-11T12:00:53.541+0000] {logging_mixin.py:188} INFO - [2025-01-11T12:00:53.541+0000] {dag.py:3947} INFO - Setting next_dagrun for example_short_circuit_decorator to 2025-01-10 00:00:00+00:00, run_after=2025-01-11 00:00:00+00:00
[2025-01-11T12:00:53.552+0000] {processor.py:183} INFO - Processing /home/airflow/.local/lib/python3.12/site-packages/airflow/example_dags/example_short_circuit_decorator.py took 0.047 seconds
[2025-01-11T12:01:25.174+0000] {processor.py:161} INFO - Started process (PID=8484) to work on /home/airflow/.local/lib/python3.12/site-packages/airflow/example_dags/example_short_circuit_decorator.py
[2025-01-11T12:01:25.174+0000] {processor.py:830} INFO - Processing file /home/airflow/.local/lib/python3.12/site-packages/airflow/example_dags/example_short_circuit_decorator.py for tasks to queue
[2025-01-11T12:01:25.176+0000] {logging_mixin.py:188} INFO - [2025-01-11T12:01:25.175+0000] {dagbag.py:545} INFO - Filling up the DagBag from /home/airflow/.local/lib/python3.12/site-packages/airflow/example_dags/example_short_circuit_decorator.py
[2025-01-11T12:01:25.181+0000] {processor.py:840} INFO - DAG(s) 'example_short_circuit_decorator' retrieved from /home/airflow/.local/lib/python3.12/site-packages/airflow/example_dags/example_short_circuit_decorator.py
[2025-01-11T12:01:25.196+0000] {logging_mixin.py:188} INFO - [2025-01-11T12:01:25.196+0000] {dag.py:3089} INFO - Sync 1 DAGs
[2025-01-11T12:01:25.210+0000] {logging_mixin.py:188} INFO - [2025-01-11T12:01:25.210+0000] {dag.py:3947} INFO - Setting next_dagrun for example_short_circuit_decorator to 2025-01-10 00:00:00+00:00, run_after=2025-01-11 00:00:00+00:00
[2025-01-11T12:01:25.221+0000] {processor.py:183} INFO - Processing /home/airflow/.local/lib/python3.12/site-packages/airflow/example_dags/example_short_circuit_decorator.py took 0.052 seconds
[2025-01-11T12:01:55.709+0000] {processor.py:161} INFO - Started process (PID=8761) to work on /home/airflow/.local/lib/python3.12/site-packages/airflow/example_dags/example_short_circuit_decorator.py
[2025-01-11T12:01:55.709+0000] {processor.py:830} INFO - Processing file /home/airflow/.local/lib/python3.12/site-packages/airflow/example_dags/example_short_circuit_decorator.py for tasks to queue
[2025-01-11T12:01:55.711+0000] {logging_mixin.py:188} INFO - [2025-01-11T12:01:55.710+0000] {dagbag.py:545} INFO - Filling up the DagBag from /home/airflow/.local/lib/python3.12/site-packages/airflow/example_dags/example_short_circuit_decorator.py
[2025-01-11T12:01:55.716+0000] {processor.py:840} INFO - DAG(s) 'example_short_circuit_decorator' retrieved from /home/airflow/.local/lib/python3.12/site-packages/airflow/example_dags/example_short_circuit_decorator.py
[2025-01-11T12:01:55.731+0000] {logging_mixin.py:188} INFO - [2025-01-11T12:01:55.731+0000] {dag.py:3089} INFO - Sync 1 DAGs
[2025-01-11T12:01:55.742+0000] {logging_mixin.py:188} INFO - [2025-01-11T12:01:55.742+0000] {dag.py:3947} INFO - Setting next_dagrun for example_short_circuit_decorator to 2025-01-10 00:00:00+00:00, run_after=2025-01-11 00:00:00+00:00
[2025-01-11T12:01:55.753+0000] {processor.py:183} INFO - Processing /home/airflow/.local/lib/python3.12/site-packages/airflow/example_dags/example_short_circuit_decorator.py took 0.049 seconds
[2025-01-11T12:02:26.263+0000] {processor.py:161} INFO - Started process (PID=9038) to work on /home/airflow/.local/lib/python3.12/site-packages/airflow/example_dags/example_short_circuit_decorator.py
[2025-01-11T12:02:26.264+0000] {processor.py:830} INFO - Processing file /home/airflow/.local/lib/python3.12/site-packages/airflow/example_dags/example_short_circuit_decorator.py for tasks to queue
[2025-01-11T12:02:26.265+0000] {logging_mixin.py:188} INFO - [2025-01-11T12:02:26.265+0000] {dagbag.py:545} INFO - Filling up the DagBag from /home/airflow/.local/lib/python3.12/site-packages/airflow/example_dags/example_short_circuit_decorator.py
[2025-01-11T12:02:26.271+0000] {processor.py:840} INFO - DAG(s) 'example_short_circuit_decorator' retrieved from /home/airflow/.local/lib/python3.12/site-packages/airflow/example_dags/example_short_circuit_decorator.py
[2025-01-11T12:02:26.285+0000] {logging_mixin.py:188} INFO - [2025-01-11T12:02:26.285+0000] {dag.py:3089} INFO - Sync 1 DAGs
[2025-01-11T12:02:26.297+0000] {logging_mixin.py:188} INFO - [2025-01-11T12:02:26.297+0000] {dag.py:3947} INFO - Setting next_dagrun for example_short_circuit_decorator to 2025-01-10 00:00:00+00:00, run_after=2025-01-11 00:00:00+00:00
[2025-01-11T12:02:26.309+0000] {processor.py:183} INFO - Processing /home/airflow/.local/lib/python3.12/site-packages/airflow/example_dags/example_short_circuit_decorator.py took 0.050 seconds
[2025-01-11T12:02:57.420+0000] {processor.py:161} INFO - Started process (PID=9317) to work on /home/airflow/.local/lib/python3.12/site-packages/airflow/example_dags/example_short_circuit_decorator.py
[2025-01-11T12:02:57.421+0000] {processor.py:830} INFO - Processing file /home/airflow/.local/lib/python3.12/site-packages/airflow/example_dags/example_short_circuit_decorator.py for tasks to queue
[2025-01-11T12:02:57.422+0000] {logging_mixin.py:188} INFO - [2025-01-11T12:02:57.422+0000] {dagbag.py:545} INFO - Filling up the DagBag from /home/airflow/.local/lib/python3.12/site-packages/airflow/example_dags/example_short_circuit_decorator.py
[2025-01-11T12:02:57.428+0000] {processor.py:840} INFO - DAG(s) 'example_short_circuit_decorator' retrieved from /home/airflow/.local/lib/python3.12/site-packages/airflow/example_dags/example_short_circuit_decorator.py
[2025-01-11T12:02:57.444+0000] {logging_mixin.py:188} INFO - [2025-01-11T12:02:57.444+0000] {dag.py:3089} INFO - Sync 1 DAGs
[2025-01-11T12:02:57.455+0000] {logging_mixin.py:188} INFO - [2025-01-11T12:02:57.455+0000] {dag.py:3947} INFO - Setting next_dagrun for example_short_circuit_decorator to 2025-01-10 00:00:00+00:00, run_after=2025-01-11 00:00:00+00:00
[2025-01-11T12:02:57.467+0000] {processor.py:183} INFO - Processing /home/airflow/.local/lib/python3.12/site-packages/airflow/example_dags/example_short_circuit_decorator.py took 0.052 seconds
[2025-01-11T12:03:28.193+0000] {processor.py:161} INFO - Started process (PID=9594) to work on /home/airflow/.local/lib/python3.12/site-packages/airflow/example_dags/example_short_circuit_decorator.py
[2025-01-11T12:03:28.194+0000] {processor.py:830} INFO - Processing file /home/airflow/.local/lib/python3.12/site-packages/airflow/example_dags/example_short_circuit_decorator.py for tasks to queue
[2025-01-11T12:03:28.195+0000] {logging_mixin.py:188} INFO - [2025-01-11T12:03:28.195+0000] {dagbag.py:545} INFO - Filling up the DagBag from /home/airflow/.local/lib/python3.12/site-packages/airflow/example_dags/example_short_circuit_decorator.py
[2025-01-11T12:03:28.201+0000] {processor.py:840} INFO - DAG(s) 'example_short_circuit_decorator' retrieved from /home/airflow/.local/lib/python3.12/site-packages/airflow/example_dags/example_short_circuit_decorator.py
[2025-01-11T12:03:28.214+0000] {logging_mixin.py:188} INFO - [2025-01-11T12:03:28.214+0000] {dag.py:3089} INFO - Sync 1 DAGs
[2025-01-11T12:03:28.227+0000] {logging_mixin.py:188} INFO - [2025-01-11T12:03:28.227+0000] {dag.py:3947} INFO - Setting next_dagrun for example_short_circuit_decorator to 2025-01-10 00:00:00+00:00, run_after=2025-01-11 00:00:00+00:00
[2025-01-11T12:03:28.238+0000] {processor.py:183} INFO - Processing /home/airflow/.local/lib/python3.12/site-packages/airflow/example_dags/example_short_circuit_decorator.py took 0.049 seconds
[2025-01-11T12:04:01.210+0000] {processor.py:161} INFO - Started process (PID=9869) to work on /home/airflow/.local/lib/python3.12/site-packages/airflow/example_dags/example_short_circuit_decorator.py
[2025-01-11T12:04:01.211+0000] {processor.py:830} INFO - Processing file /home/airflow/.local/lib/python3.12/site-packages/airflow/example_dags/example_short_circuit_decorator.py for tasks to queue
[2025-01-11T12:04:01.212+0000] {logging_mixin.py:188} INFO - [2025-01-11T12:04:01.212+0000] {dagbag.py:545} INFO - Filling up the DagBag from /home/airflow/.local/lib/python3.12/site-packages/airflow/example_dags/example_short_circuit_decorator.py
[2025-01-11T12:04:01.218+0000] {processor.py:840} INFO - DAG(s) 'example_short_circuit_decorator' retrieved from /home/airflow/.local/lib/python3.12/site-packages/airflow/example_dags/example_short_circuit_decorator.py
[2025-01-11T12:04:01.232+0000] {logging_mixin.py:188} INFO - [2025-01-11T12:04:01.232+0000] {dag.py:3089} INFO - Sync 1 DAGs
[2025-01-11T12:04:01.245+0000] {logging_mixin.py:188} INFO - [2025-01-11T12:04:01.244+0000] {dag.py:3947} INFO - Setting next_dagrun for example_short_circuit_decorator to 2025-01-10 00:00:00+00:00, run_after=2025-01-11 00:00:00+00:00
[2025-01-11T12:04:01.255+0000] {processor.py:183} INFO - Processing /home/airflow/.local/lib/python3.12/site-packages/airflow/example_dags/example_short_circuit_decorator.py took 0.050 seconds
[2025-01-11T12:04:31.631+0000] {processor.py:161} INFO - Started process (PID=10148) to work on /home/airflow/.local/lib/python3.12/site-packages/airflow/example_dags/example_short_circuit_decorator.py
[2025-01-11T12:04:31.632+0000] {processor.py:830} INFO - Processing file /home/airflow/.local/lib/python3.12/site-packages/airflow/example_dags/example_short_circuit_decorator.py for tasks to queue
[2025-01-11T12:04:31.633+0000] {logging_mixin.py:188} INFO - [2025-01-11T12:04:31.633+0000] {dagbag.py:545} INFO - Filling up the DagBag from /home/airflow/.local/lib/python3.12/site-packages/airflow/example_dags/example_short_circuit_decorator.py
[2025-01-11T12:04:31.639+0000] {processor.py:840} INFO - DAG(s) 'example_short_circuit_decorator' retrieved from /home/airflow/.local/lib/python3.12/site-packages/airflow/example_dags/example_short_circuit_decorator.py
[2025-01-11T12:04:31.654+0000] {logging_mixin.py:188} INFO - [2025-01-11T12:04:31.654+0000] {dag.py:3089} INFO - Sync 1 DAGs
[2025-01-11T12:04:31.666+0000] {logging_mixin.py:188} INFO - [2025-01-11T12:04:31.666+0000] {dag.py:3947} INFO - Setting next_dagrun for example_short_circuit_decorator to 2025-01-10 00:00:00+00:00, run_after=2025-01-11 00:00:00+00:00
[2025-01-11T12:04:31.677+0000] {processor.py:183} INFO - Processing /home/airflow/.local/lib/python3.12/site-packages/airflow/example_dags/example_short_circuit_decorator.py took 0.050 seconds
[2025-01-11T12:05:02.554+0000] {processor.py:161} INFO - Started process (PID=10423) to work on /home/airflow/.local/lib/python3.12/site-packages/airflow/example_dags/example_short_circuit_decorator.py
[2025-01-11T12:05:02.554+0000] {processor.py:830} INFO - Processing file /home/airflow/.local/lib/python3.12/site-packages/airflow/example_dags/example_short_circuit_decorator.py for tasks to queue
[2025-01-11T12:05:02.555+0000] {logging_mixin.py:188} INFO - [2025-01-11T12:05:02.555+0000] {dagbag.py:545} INFO - Filling up the DagBag from /home/airflow/.local/lib/python3.12/site-packages/airflow/example_dags/example_short_circuit_decorator.py
[2025-01-11T12:05:02.561+0000] {processor.py:840} INFO - DAG(s) 'example_short_circuit_decorator' retrieved from /home/airflow/.local/lib/python3.12/site-packages/airflow/example_dags/example_short_circuit_decorator.py
[2025-01-11T12:05:02.575+0000] {logging_mixin.py:188} INFO - [2025-01-11T12:05:02.575+0000] {dag.py:3089} INFO - Sync 1 DAGs
[2025-01-11T12:05:02.586+0000] {logging_mixin.py:188} INFO - [2025-01-11T12:05:02.586+0000] {dag.py:3947} INFO - Setting next_dagrun for example_short_circuit_decorator to 2025-01-10 00:00:00+00:00, run_after=2025-01-11 00:00:00+00:00
[2025-01-11T12:05:02.596+0000] {processor.py:183} INFO - Processing /home/airflow/.local/lib/python3.12/site-packages/airflow/example_dags/example_short_circuit_decorator.py took 0.047 seconds
[2025-01-11T12:05:33.718+0000] {processor.py:161} INFO - Started process (PID=10700) to work on /home/airflow/.local/lib/python3.12/site-packages/airflow/example_dags/example_short_circuit_decorator.py
[2025-01-11T12:05:33.718+0000] {processor.py:830} INFO - Processing file /home/airflow/.local/lib/python3.12/site-packages/airflow/example_dags/example_short_circuit_decorator.py for tasks to queue
[2025-01-11T12:05:33.720+0000] {logging_mixin.py:188} INFO - [2025-01-11T12:05:33.719+0000] {dagbag.py:545} INFO - Filling up the DagBag from /home/airflow/.local/lib/python3.12/site-packages/airflow/example_dags/example_short_circuit_decorator.py
[2025-01-11T12:05:33.725+0000] {processor.py:840} INFO - DAG(s) 'example_short_circuit_decorator' retrieved from /home/airflow/.local/lib/python3.12/site-packages/airflow/example_dags/example_short_circuit_decorator.py
[2025-01-11T12:05:33.744+0000] {logging_mixin.py:188} INFO - [2025-01-11T12:05:33.743+0000] {dag.py:3089} INFO - Sync 1 DAGs
[2025-01-11T12:05:33.756+0000] {logging_mixin.py:188} INFO - [2025-01-11T12:05:33.756+0000] {dag.py:3947} INFO - Setting next_dagrun for example_short_circuit_decorator to 2025-01-10 00:00:00+00:00, run_after=2025-01-11 00:00:00+00:00
[2025-01-11T12:05:33.768+0000] {processor.py:183} INFO - Processing /home/airflow/.local/lib/python3.12/site-packages/airflow/example_dags/example_short_circuit_decorator.py took 0.055 seconds
[2025-01-11T12:06:04.477+0000] {processor.py:161} INFO - Started process (PID=10977) to work on /home/airflow/.local/lib/python3.12/site-packages/airflow/example_dags/example_short_circuit_decorator.py
[2025-01-11T12:06:04.477+0000] {processor.py:830} INFO - Processing file /home/airflow/.local/lib/python3.12/site-packages/airflow/example_dags/example_short_circuit_decorator.py for tasks to queue
[2025-01-11T12:06:04.479+0000] {logging_mixin.py:188} INFO - [2025-01-11T12:06:04.478+0000] {dagbag.py:545} INFO - Filling up the DagBag from /home/airflow/.local/lib/python3.12/site-packages/airflow/example_dags/example_short_circuit_decorator.py
[2025-01-11T12:06:04.484+0000] {processor.py:840} INFO - DAG(s) 'example_short_circuit_decorator' retrieved from /home/airflow/.local/lib/python3.12/site-packages/airflow/example_dags/example_short_circuit_decorator.py
[2025-01-11T12:06:04.499+0000] {logging_mixin.py:188} INFO - [2025-01-11T12:06:04.499+0000] {dag.py:3089} INFO - Sync 1 DAGs
[2025-01-11T12:06:04.512+0000] {logging_mixin.py:188} INFO - [2025-01-11T12:06:04.512+0000] {dag.py:3947} INFO - Setting next_dagrun for example_short_circuit_decorator to 2025-01-10 00:00:00+00:00, run_after=2025-01-11 00:00:00+00:00
[2025-01-11T12:06:04.523+0000] {processor.py:183} INFO - Processing /home/airflow/.local/lib/python3.12/site-packages/airflow/example_dags/example_short_circuit_decorator.py took 0.051 seconds
[2025-01-11T12:06:35.173+0000] {processor.py:161} INFO - Started process (PID=11254) to work on /home/airflow/.local/lib/python3.12/site-packages/airflow/example_dags/example_short_circuit_decorator.py
[2025-01-11T12:06:35.174+0000] {processor.py:830} INFO - Processing file /home/airflow/.local/lib/python3.12/site-packages/airflow/example_dags/example_short_circuit_decorator.py for tasks to queue
[2025-01-11T12:06:35.175+0000] {logging_mixin.py:188} INFO - [2025-01-11T12:06:35.175+0000] {dagbag.py:545} INFO - Filling up the DagBag from /home/airflow/.local/lib/python3.12/site-packages/airflow/example_dags/example_short_circuit_decorator.py
[2025-01-11T12:06:35.181+0000] {processor.py:840} INFO - DAG(s) 'example_short_circuit_decorator' retrieved from /home/airflow/.local/lib/python3.12/site-packages/airflow/example_dags/example_short_circuit_decorator.py
[2025-01-11T12:06:35.197+0000] {logging_mixin.py:188} INFO - [2025-01-11T12:06:35.197+0000] {dag.py:3089} INFO - Sync 1 DAGs
[2025-01-11T12:06:35.210+0000] {logging_mixin.py:188} INFO - [2025-01-11T12:06:35.210+0000] {dag.py:3947} INFO - Setting next_dagrun for example_short_circuit_decorator to 2025-01-10 00:00:00+00:00, run_after=2025-01-11 00:00:00+00:00
[2025-01-11T12:06:35.220+0000] {processor.py:183} INFO - Processing /home/airflow/.local/lib/python3.12/site-packages/airflow/example_dags/example_short_circuit_decorator.py took 0.051 seconds
[2025-01-11T12:07:05.509+0000] {processor.py:161} INFO - Started process (PID=11531) to work on /home/airflow/.local/lib/python3.12/site-packages/airflow/example_dags/example_short_circuit_decorator.py
[2025-01-11T12:07:05.510+0000] {processor.py:830} INFO - Processing file /home/airflow/.local/lib/python3.12/site-packages/airflow/example_dags/example_short_circuit_decorator.py for tasks to queue
[2025-01-11T12:07:05.512+0000] {logging_mixin.py:188} INFO - [2025-01-11T12:07:05.511+0000] {dagbag.py:545} INFO - Filling up the DagBag from /home/airflow/.local/lib/python3.12/site-packages/airflow/example_dags/example_short_circuit_decorator.py
[2025-01-11T12:07:05.517+0000] {processor.py:840} INFO - DAG(s) 'example_short_circuit_decorator' retrieved from /home/airflow/.local/lib/python3.12/site-packages/airflow/example_dags/example_short_circuit_decorator.py
[2025-01-11T12:07:05.532+0000] {logging_mixin.py:188} INFO - [2025-01-11T12:07:05.532+0000] {dag.py:3089} INFO - Sync 1 DAGs
[2025-01-11T12:07:05.544+0000] {logging_mixin.py:188} INFO - [2025-01-11T12:07:05.544+0000] {dag.py:3947} INFO - Setting next_dagrun for example_short_circuit_decorator to 2025-01-10 00:00:00+00:00, run_after=2025-01-11 00:00:00+00:00
[2025-01-11T12:07:05.555+0000] {processor.py:183} INFO - Processing /home/airflow/.local/lib/python3.12/site-packages/airflow/example_dags/example_short_circuit_decorator.py took 0.050 seconds
[2025-01-11T12:07:37.510+0000] {processor.py:161} INFO - Started process (PID=11808) to work on /home/airflow/.local/lib/python3.12/site-packages/airflow/example_dags/example_short_circuit_decorator.py
[2025-01-11T12:07:37.511+0000] {processor.py:830} INFO - Processing file /home/airflow/.local/lib/python3.12/site-packages/airflow/example_dags/example_short_circuit_decorator.py for tasks to queue
[2025-01-11T12:07:37.512+0000] {logging_mixin.py:188} INFO - [2025-01-11T12:07:37.512+0000] {dagbag.py:545} INFO - Filling up the DagBag from /home/airflow/.local/lib/python3.12/site-packages/airflow/example_dags/example_short_circuit_decorator.py
[2025-01-11T12:07:37.518+0000] {processor.py:840} INFO - DAG(s) 'example_short_circuit_decorator' retrieved from /home/airflow/.local/lib/python3.12/site-packages/airflow/example_dags/example_short_circuit_decorator.py
[2025-01-11T12:07:37.533+0000] {logging_mixin.py:188} INFO - [2025-01-11T12:07:37.533+0000] {dag.py:3089} INFO - Sync 1 DAGs
[2025-01-11T12:07:37.546+0000] {logging_mixin.py:188} INFO - [2025-01-11T12:07:37.546+0000] {dag.py:3947} INFO - Setting next_dagrun for example_short_circuit_decorator to 2025-01-10 00:00:00+00:00, run_after=2025-01-11 00:00:00+00:00
[2025-01-11T12:07:37.662+0000] {processor.py:183} INFO - Processing /home/airflow/.local/lib/python3.12/site-packages/airflow/example_dags/example_short_circuit_decorator.py took 0.157 seconds
[2025-01-11T12:08:08.281+0000] {processor.py:161} INFO - Started process (PID=12085) to work on /home/airflow/.local/lib/python3.12/site-packages/airflow/example_dags/example_short_circuit_decorator.py
[2025-01-11T12:08:08.281+0000] {processor.py:830} INFO - Processing file /home/airflow/.local/lib/python3.12/site-packages/airflow/example_dags/example_short_circuit_decorator.py for tasks to queue
[2025-01-11T12:08:08.283+0000] {logging_mixin.py:188} INFO - [2025-01-11T12:08:08.283+0000] {dagbag.py:545} INFO - Filling up the DagBag from /home/airflow/.local/lib/python3.12/site-packages/airflow/example_dags/example_short_circuit_decorator.py
[2025-01-11T12:08:08.289+0000] {processor.py:840} INFO - DAG(s) 'example_short_circuit_decorator' retrieved from /home/airflow/.local/lib/python3.12/site-packages/airflow/example_dags/example_short_circuit_decorator.py
[2025-01-11T12:08:08.304+0000] {logging_mixin.py:188} INFO - [2025-01-11T12:08:08.304+0000] {dag.py:3089} INFO - Sync 1 DAGs
[2025-01-11T12:08:08.316+0000] {logging_mixin.py:188} INFO - [2025-01-11T12:08:08.316+0000] {dag.py:3947} INFO - Setting next_dagrun for example_short_circuit_decorator to 2025-01-10 00:00:00+00:00, run_after=2025-01-11 00:00:00+00:00
[2025-01-11T12:08:08.327+0000] {processor.py:183} INFO - Processing /home/airflow/.local/lib/python3.12/site-packages/airflow/example_dags/example_short_circuit_decorator.py took 0.051 seconds
[2025-01-11T12:08:39.138+0000] {processor.py:161} INFO - Started process (PID=12362) to work on /home/airflow/.local/lib/python3.12/site-packages/airflow/example_dags/example_short_circuit_decorator.py
[2025-01-11T12:08:39.139+0000] {processor.py:830} INFO - Processing file /home/airflow/.local/lib/python3.12/site-packages/airflow/example_dags/example_short_circuit_decorator.py for tasks to queue
[2025-01-11T12:08:39.140+0000] {logging_mixin.py:188} INFO - [2025-01-11T12:08:39.140+0000] {dagbag.py:545} INFO - Filling up the DagBag from /home/airflow/.local/lib/python3.12/site-packages/airflow/example_dags/example_short_circuit_decorator.py
[2025-01-11T12:08:39.146+0000] {processor.py:840} INFO - DAG(s) 'example_short_circuit_decorator' retrieved from /home/airflow/.local/lib/python3.12/site-packages/airflow/example_dags/example_short_circuit_decorator.py
[2025-01-11T12:08:39.162+0000] {logging_mixin.py:188} INFO - [2025-01-11T12:08:39.161+0000] {dag.py:3089} INFO - Sync 1 DAGs
[2025-01-11T12:08:39.173+0000] {logging_mixin.py:188} INFO - [2025-01-11T12:08:39.173+0000] {dag.py:3947} INFO - Setting next_dagrun for example_short_circuit_decorator to 2025-01-10 00:00:00+00:00, run_after=2025-01-11 00:00:00+00:00
[2025-01-11T12:08:39.185+0000] {processor.py:183} INFO - Processing /home/airflow/.local/lib/python3.12/site-packages/airflow/example_dags/example_short_circuit_decorator.py took 0.051 seconds
[2025-01-11T12:09:10.027+0000] {processor.py:161} INFO - Started process (PID=12639) to work on /home/airflow/.local/lib/python3.12/site-packages/airflow/example_dags/example_short_circuit_decorator.py
[2025-01-11T12:09:10.028+0000] {processor.py:830} INFO - Processing file /home/airflow/.local/lib/python3.12/site-packages/airflow/example_dags/example_short_circuit_decorator.py for tasks to queue
[2025-01-11T12:09:10.029+0000] {logging_mixin.py:188} INFO - [2025-01-11T12:09:10.029+0000] {dagbag.py:545} INFO - Filling up the DagBag from /home/airflow/.local/lib/python3.12/site-packages/airflow/example_dags/example_short_circuit_decorator.py
[2025-01-11T12:09:10.035+0000] {processor.py:840} INFO - DAG(s) 'example_short_circuit_decorator' retrieved from /home/airflow/.local/lib/python3.12/site-packages/airflow/example_dags/example_short_circuit_decorator.py
[2025-01-11T12:09:10.050+0000] {logging_mixin.py:188} INFO - [2025-01-11T12:09:10.050+0000] {dag.py:3089} INFO - Sync 1 DAGs
[2025-01-11T12:09:10.063+0000] {logging_mixin.py:188} INFO - [2025-01-11T12:09:10.063+0000] {dag.py:3947} INFO - Setting next_dagrun for example_short_circuit_decorator to 2025-01-10 00:00:00+00:00, run_after=2025-01-11 00:00:00+00:00
[2025-01-11T12:09:10.074+0000] {processor.py:183} INFO - Processing /home/airflow/.local/lib/python3.12/site-packages/airflow/example_dags/example_short_circuit_decorator.py took 0.053 seconds
[2025-01-11T12:09:41.933+0000] {processor.py:161} INFO - Started process (PID=12916) to work on /home/airflow/.local/lib/python3.12/site-packages/airflow/example_dags/example_short_circuit_decorator.py
[2025-01-11T12:09:41.935+0000] {processor.py:830} INFO - Processing file /home/airflow/.local/lib/python3.12/site-packages/airflow/example_dags/example_short_circuit_decorator.py for tasks to queue
[2025-01-11T12:09:41.936+0000] {logging_mixin.py:188} INFO - [2025-01-11T12:09:41.936+0000] {dagbag.py:545} INFO - Filling up the DagBag from /home/airflow/.local/lib/python3.12/site-packages/airflow/example_dags/example_short_circuit_decorator.py
[2025-01-11T12:09:41.947+0000] {processor.py:840} INFO - DAG(s) 'example_short_circuit_decorator' retrieved from /home/airflow/.local/lib/python3.12/site-packages/airflow/example_dags/example_short_circuit_decorator.py
[2025-01-11T12:09:41.967+0000] {logging_mixin.py:188} INFO - [2025-01-11T12:09:41.966+0000] {dag.py:3089} INFO - Sync 1 DAGs
[2025-01-11T12:09:41.982+0000] {logging_mixin.py:188} INFO - [2025-01-11T12:09:41.982+0000] {dag.py:3947} INFO - Setting next_dagrun for example_short_circuit_decorator to 2025-01-10 00:00:00+00:00, run_after=2025-01-11 00:00:00+00:00
[2025-01-11T12:09:41.993+0000] {processor.py:183} INFO - Processing /home/airflow/.local/lib/python3.12/site-packages/airflow/example_dags/example_short_circuit_decorator.py took 0.064 seconds
[2025-01-11T12:10:13.921+0000] {processor.py:161} INFO - Started process (PID=13201) to work on /home/airflow/.local/lib/python3.12/site-packages/airflow/example_dags/example_short_circuit_decorator.py
[2025-01-11T12:10:13.921+0000] {processor.py:830} INFO - Processing file /home/airflow/.local/lib/python3.12/site-packages/airflow/example_dags/example_short_circuit_decorator.py for tasks to queue
[2025-01-11T12:10:13.922+0000] {logging_mixin.py:188} INFO - [2025-01-11T12:10:13.922+0000] {dagbag.py:545} INFO - Filling up the DagBag from /home/airflow/.local/lib/python3.12/site-packages/airflow/example_dags/example_short_circuit_decorator.py
[2025-01-11T12:10:13.927+0000] {processor.py:840} INFO - DAG(s) 'example_short_circuit_decorator' retrieved from /home/airflow/.local/lib/python3.12/site-packages/airflow/example_dags/example_short_circuit_decorator.py
[2025-01-11T12:10:13.942+0000] {logging_mixin.py:188} INFO - [2025-01-11T12:10:13.941+0000] {dag.py:3089} INFO - Sync 1 DAGs
[2025-01-11T12:10:14.056+0000] {logging_mixin.py:188} INFO - [2025-01-11T12:10:14.055+0000] {dag.py:3947} INFO - Setting next_dagrun for example_short_circuit_decorator to 2025-01-10 00:00:00+00:00, run_after=2025-01-11 00:00:00+00:00
[2025-01-11T12:10:14.067+0000] {processor.py:183} INFO - Processing /home/airflow/.local/lib/python3.12/site-packages/airflow/example_dags/example_short_circuit_decorator.py took 0.151 seconds
[2025-01-11T12:10:44.254+0000] {processor.py:161} INFO - Started process (PID=13478) to work on /home/airflow/.local/lib/python3.12/site-packages/airflow/example_dags/example_short_circuit_decorator.py
[2025-01-11T12:10:44.255+0000] {processor.py:830} INFO - Processing file /home/airflow/.local/lib/python3.12/site-packages/airflow/example_dags/example_short_circuit_decorator.py for tasks to queue
[2025-01-11T12:10:44.256+0000] {logging_mixin.py:188} INFO - [2025-01-11T12:10:44.256+0000] {dagbag.py:545} INFO - Filling up the DagBag from /home/airflow/.local/lib/python3.12/site-packages/airflow/example_dags/example_short_circuit_decorator.py
[2025-01-11T12:10:44.260+0000] {processor.py:840} INFO - DAG(s) 'example_short_circuit_decorator' retrieved from /home/airflow/.local/lib/python3.12/site-packages/airflow/example_dags/example_short_circuit_decorator.py
[2025-01-11T12:10:44.276+0000] {logging_mixin.py:188} INFO - [2025-01-11T12:10:44.276+0000] {dag.py:3089} INFO - Sync 1 DAGs
[2025-01-11T12:10:44.288+0000] {logging_mixin.py:188} INFO - [2025-01-11T12:10:44.288+0000] {dag.py:3947} INFO - Setting next_dagrun for example_short_circuit_decorator to 2025-01-10 00:00:00+00:00, run_after=2025-01-11 00:00:00+00:00
[2025-01-11T12:10:44.298+0000] {processor.py:183} INFO - Processing /home/airflow/.local/lib/python3.12/site-packages/airflow/example_dags/example_short_circuit_decorator.py took 0.048 seconds
[2025-01-11T12:11:15.260+0000] {processor.py:161} INFO - Started process (PID=13755) to work on /home/airflow/.local/lib/python3.12/site-packages/airflow/example_dags/example_short_circuit_decorator.py
[2025-01-11T12:11:15.261+0000] {processor.py:830} INFO - Processing file /home/airflow/.local/lib/python3.12/site-packages/airflow/example_dags/example_short_circuit_decorator.py for tasks to queue
[2025-01-11T12:11:15.262+0000] {logging_mixin.py:188} INFO - [2025-01-11T12:11:15.262+0000] {dagbag.py:545} INFO - Filling up the DagBag from /home/airflow/.local/lib/python3.12/site-packages/airflow/example_dags/example_short_circuit_decorator.py
[2025-01-11T12:11:15.267+0000] {processor.py:840} INFO - DAG(s) 'example_short_circuit_decorator' retrieved from /home/airflow/.local/lib/python3.12/site-packages/airflow/example_dags/example_short_circuit_decorator.py
[2025-01-11T12:11:15.283+0000] {logging_mixin.py:188} INFO - [2025-01-11T12:11:15.283+0000] {dag.py:3089} INFO - Sync 1 DAGs
[2025-01-11T12:11:15.295+0000] {logging_mixin.py:188} INFO - [2025-01-11T12:11:15.295+0000] {dag.py:3947} INFO - Setting next_dagrun for example_short_circuit_decorator to 2025-01-10 00:00:00+00:00, run_after=2025-01-11 00:00:00+00:00
[2025-01-11T12:11:15.305+0000] {processor.py:183} INFO - Processing /home/airflow/.local/lib/python3.12/site-packages/airflow/example_dags/example_short_circuit_decorator.py took 0.049 seconds
[2025-01-11T12:11:45.945+0000] {processor.py:161} INFO - Started process (PID=14032) to work on /home/airflow/.local/lib/python3.12/site-packages/airflow/example_dags/example_short_circuit_decorator.py
[2025-01-11T12:11:45.946+0000] {processor.py:830} INFO - Processing file /home/airflow/.local/lib/python3.12/site-packages/airflow/example_dags/example_short_circuit_decorator.py for tasks to queue
[2025-01-11T12:11:45.947+0000] {logging_mixin.py:188} INFO - [2025-01-11T12:11:45.947+0000] {dagbag.py:545} INFO - Filling up the DagBag from /home/airflow/.local/lib/python3.12/site-packages/airflow/example_dags/example_short_circuit_decorator.py
[2025-01-11T12:11:45.954+0000] {processor.py:840} INFO - DAG(s) 'example_short_circuit_decorator' retrieved from /home/airflow/.local/lib/python3.12/site-packages/airflow/example_dags/example_short_circuit_decorator.py
[2025-01-11T12:11:45.972+0000] {logging_mixin.py:188} INFO - [2025-01-11T12:11:45.972+0000] {dag.py:3089} INFO - Sync 1 DAGs
[2025-01-11T12:11:45.987+0000] {logging_mixin.py:188} INFO - [2025-01-11T12:11:45.987+0000] {dag.py:3947} INFO - Setting next_dagrun for example_short_circuit_decorator to 2025-01-10 00:00:00+00:00, run_after=2025-01-11 00:00:00+00:00
[2025-01-11T12:11:45.999+0000] {processor.py:183} INFO - Processing /home/airflow/.local/lib/python3.12/site-packages/airflow/example_dags/example_short_circuit_decorator.py took 0.060 seconds
[2025-01-11T12:12:16.433+0000] {processor.py:161} INFO - Started process (PID=14309) to work on /home/airflow/.local/lib/python3.12/site-packages/airflow/example_dags/example_short_circuit_decorator.py
[2025-01-11T12:12:16.434+0000] {processor.py:830} INFO - Processing file /home/airflow/.local/lib/python3.12/site-packages/airflow/example_dags/example_short_circuit_decorator.py for tasks to queue
[2025-01-11T12:12:16.437+0000] {logging_mixin.py:188} INFO - [2025-01-11T12:12:16.436+0000] {dagbag.py:545} INFO - Filling up the DagBag from /home/airflow/.local/lib/python3.12/site-packages/airflow/example_dags/example_short_circuit_decorator.py
[2025-01-11T12:12:16.446+0000] {processor.py:840} INFO - DAG(s) 'example_short_circuit_decorator' retrieved from /home/airflow/.local/lib/python3.12/site-packages/airflow/example_dags/example_short_circuit_decorator.py
[2025-01-11T12:12:16.463+0000] {logging_mixin.py:188} INFO - [2025-01-11T12:12:16.463+0000] {dag.py:3089} INFO - Sync 1 DAGs
[2025-01-11T12:12:16.479+0000] {logging_mixin.py:188} INFO - [2025-01-11T12:12:16.479+0000] {dag.py:3947} INFO - Setting next_dagrun for example_short_circuit_decorator to 2025-01-10 00:00:00+00:00, run_after=2025-01-11 00:00:00+00:00
[2025-01-11T12:12:16.491+0000] {processor.py:183} INFO - Processing /home/airflow/.local/lib/python3.12/site-packages/airflow/example_dags/example_short_circuit_decorator.py took 0.064 seconds
[2025-01-11T12:12:47.345+0000] {processor.py:161} INFO - Started process (PID=14584) to work on /home/airflow/.local/lib/python3.12/site-packages/airflow/example_dags/example_short_circuit_decorator.py
[2025-01-11T12:12:47.346+0000] {processor.py:830} INFO - Processing file /home/airflow/.local/lib/python3.12/site-packages/airflow/example_dags/example_short_circuit_decorator.py for tasks to queue
[2025-01-11T12:12:47.347+0000] {logging_mixin.py:188} INFO - [2025-01-11T12:12:47.347+0000] {dagbag.py:545} INFO - Filling up the DagBag from /home/airflow/.local/lib/python3.12/site-packages/airflow/example_dags/example_short_circuit_decorator.py
[2025-01-11T12:12:47.353+0000] {processor.py:840} INFO - DAG(s) 'example_short_circuit_decorator' retrieved from /home/airflow/.local/lib/python3.12/site-packages/airflow/example_dags/example_short_circuit_decorator.py
[2025-01-11T12:12:47.368+0000] {logging_mixin.py:188} INFO - [2025-01-11T12:12:47.368+0000] {dag.py:3089} INFO - Sync 1 DAGs
[2025-01-11T12:12:47.381+0000] {logging_mixin.py:188} INFO - [2025-01-11T12:12:47.381+0000] {dag.py:3947} INFO - Setting next_dagrun for example_short_circuit_decorator to 2025-01-10 00:00:00+00:00, run_after=2025-01-11 00:00:00+00:00
[2025-01-11T12:12:47.392+0000] {processor.py:183} INFO - Processing /home/airflow/.local/lib/python3.12/site-packages/airflow/example_dags/example_short_circuit_decorator.py took 0.051 seconds
[2025-01-11T12:13:18.501+0000] {processor.py:161} INFO - Started process (PID=14857) to work on /home/airflow/.local/lib/python3.12/site-packages/airflow/example_dags/example_short_circuit_decorator.py
[2025-01-11T12:13:18.502+0000] {processor.py:830} INFO - Processing file /home/airflow/.local/lib/python3.12/site-packages/airflow/example_dags/example_short_circuit_decorator.py for tasks to queue
[2025-01-11T12:13:18.503+0000] {logging_mixin.py:188} INFO - [2025-01-11T12:13:18.503+0000] {dagbag.py:545} INFO - Filling up the DagBag from /home/airflow/.local/lib/python3.12/site-packages/airflow/example_dags/example_short_circuit_decorator.py
[2025-01-11T12:13:18.509+0000] {processor.py:840} INFO - DAG(s) 'example_short_circuit_decorator' retrieved from /home/airflow/.local/lib/python3.12/site-packages/airflow/example_dags/example_short_circuit_decorator.py
[2025-01-11T12:13:18.522+0000] {logging_mixin.py:188} INFO - [2025-01-11T12:13:18.522+0000] {dag.py:3089} INFO - Sync 1 DAGs
[2025-01-11T12:13:18.535+0000] {logging_mixin.py:188} INFO - [2025-01-11T12:13:18.535+0000] {dag.py:3947} INFO - Setting next_dagrun for example_short_circuit_decorator to 2025-01-10 00:00:00+00:00, run_after=2025-01-11 00:00:00+00:00
[2025-01-11T12:13:18.545+0000] {processor.py:183} INFO - Processing /home/airflow/.local/lib/python3.12/site-packages/airflow/example_dags/example_short_circuit_decorator.py took 0.048 seconds
[2025-01-11T12:13:50.671+0000] {processor.py:161} INFO - Started process (PID=15134) to work on /home/airflow/.local/lib/python3.12/site-packages/airflow/example_dags/example_short_circuit_decorator.py
[2025-01-11T12:13:50.672+0000] {processor.py:830} INFO - Processing file /home/airflow/.local/lib/python3.12/site-packages/airflow/example_dags/example_short_circuit_decorator.py for tasks to queue
[2025-01-11T12:13:50.673+0000] {logging_mixin.py:188} INFO - [2025-01-11T12:13:50.673+0000] {dagbag.py:545} INFO - Filling up the DagBag from /home/airflow/.local/lib/python3.12/site-packages/airflow/example_dags/example_short_circuit_decorator.py
[2025-01-11T12:13:50.678+0000] {processor.py:840} INFO - DAG(s) 'example_short_circuit_decorator' retrieved from /home/airflow/.local/lib/python3.12/site-packages/airflow/example_dags/example_short_circuit_decorator.py
[2025-01-11T12:13:50.693+0000] {logging_mixin.py:188} INFO - [2025-01-11T12:13:50.693+0000] {dag.py:3089} INFO - Sync 1 DAGs
[2025-01-11T12:13:50.705+0000] {logging_mixin.py:188} INFO - [2025-01-11T12:13:50.705+0000] {dag.py:3947} INFO - Setting next_dagrun for example_short_circuit_decorator to 2025-01-10 00:00:00+00:00, run_after=2025-01-11 00:00:00+00:00
[2025-01-11T12:13:50.716+0000] {processor.py:183} INFO - Processing /home/airflow/.local/lib/python3.12/site-packages/airflow/example_dags/example_short_circuit_decorator.py took 0.049 seconds
[2025-01-11T12:14:21.266+0000] {processor.py:161} INFO - Started process (PID=15411) to work on /home/airflow/.local/lib/python3.12/site-packages/airflow/example_dags/example_short_circuit_decorator.py
[2025-01-11T12:14:21.266+0000] {processor.py:830} INFO - Processing file /home/airflow/.local/lib/python3.12/site-packages/airflow/example_dags/example_short_circuit_decorator.py for tasks to queue
[2025-01-11T12:14:21.269+0000] {logging_mixin.py:188} INFO - [2025-01-11T12:14:21.269+0000] {dagbag.py:545} INFO - Filling up the DagBag from /home/airflow/.local/lib/python3.12/site-packages/airflow/example_dags/example_short_circuit_decorator.py
[2025-01-11T12:14:21.274+0000] {processor.py:840} INFO - DAG(s) 'example_short_circuit_decorator' retrieved from /home/airflow/.local/lib/python3.12/site-packages/airflow/example_dags/example_short_circuit_decorator.py
[2025-01-11T12:14:21.290+0000] {logging_mixin.py:188} INFO - [2025-01-11T12:14:21.290+0000] {dag.py:3089} INFO - Sync 1 DAGs
[2025-01-11T12:14:21.302+0000] {logging_mixin.py:188} INFO - [2025-01-11T12:14:21.302+0000] {dag.py:3947} INFO - Setting next_dagrun for example_short_circuit_decorator to 2025-01-10 00:00:00+00:00, run_after=2025-01-11 00:00:00+00:00
[2025-01-11T12:14:21.311+0000] {processor.py:183} INFO - Processing /home/airflow/.local/lib/python3.12/site-packages/airflow/example_dags/example_short_circuit_decorator.py took 0.050 seconds
[2025-01-11T12:14:52.525+0000] {processor.py:161} INFO - Started process (PID=15688) to work on /home/airflow/.local/lib/python3.12/site-packages/airflow/example_dags/example_short_circuit_decorator.py
[2025-01-11T12:14:52.525+0000] {processor.py:830} INFO - Processing file /home/airflow/.local/lib/python3.12/site-packages/airflow/example_dags/example_short_circuit_decorator.py for tasks to queue
[2025-01-11T12:14:52.527+0000] {logging_mixin.py:188} INFO - [2025-01-11T12:14:52.526+0000] {dagbag.py:545} INFO - Filling up the DagBag from /home/airflow/.local/lib/python3.12/site-packages/airflow/example_dags/example_short_circuit_decorator.py
[2025-01-11T12:14:52.532+0000] {processor.py:840} INFO - DAG(s) 'example_short_circuit_decorator' retrieved from /home/airflow/.local/lib/python3.12/site-packages/airflow/example_dags/example_short_circuit_decorator.py
[2025-01-11T12:14:52.546+0000] {logging_mixin.py:188} INFO - [2025-01-11T12:14:52.546+0000] {dag.py:3089} INFO - Sync 1 DAGs
[2025-01-11T12:14:52.557+0000] {logging_mixin.py:188} INFO - [2025-01-11T12:14:52.557+0000] {dag.py:3947} INFO - Setting next_dagrun for example_short_circuit_decorator to 2025-01-10 00:00:00+00:00, run_after=2025-01-11 00:00:00+00:00
[2025-01-11T12:14:52.568+0000] {processor.py:183} INFO - Processing /home/airflow/.local/lib/python3.12/site-packages/airflow/example_dags/example_short_circuit_decorator.py took 0.047 seconds
[2025-01-11T12:15:23.353+0000] {processor.py:161} INFO - Started process (PID=15963) to work on /home/airflow/.local/lib/python3.12/site-packages/airflow/example_dags/example_short_circuit_decorator.py
[2025-01-11T12:15:23.353+0000] {processor.py:830} INFO - Processing file /home/airflow/.local/lib/python3.12/site-packages/airflow/example_dags/example_short_circuit_decorator.py for tasks to queue
[2025-01-11T12:15:23.355+0000] {logging_mixin.py:188} INFO - [2025-01-11T12:15:23.354+0000] {dagbag.py:545} INFO - Filling up the DagBag from /home/airflow/.local/lib/python3.12/site-packages/airflow/example_dags/example_short_circuit_decorator.py
[2025-01-11T12:15:23.360+0000] {processor.py:840} INFO - DAG(s) 'example_short_circuit_decorator' retrieved from /home/airflow/.local/lib/python3.12/site-packages/airflow/example_dags/example_short_circuit_decorator.py
[2025-01-11T12:15:23.374+0000] {logging_mixin.py:188} INFO - [2025-01-11T12:15:23.374+0000] {dag.py:3089} INFO - Sync 1 DAGs
[2025-01-11T12:15:23.385+0000] {logging_mixin.py:188} INFO - [2025-01-11T12:15:23.385+0000] {dag.py:3947} INFO - Setting next_dagrun for example_short_circuit_decorator to 2025-01-10 00:00:00+00:00, run_after=2025-01-11 00:00:00+00:00
[2025-01-11T12:15:23.396+0000] {processor.py:183} INFO - Processing /home/airflow/.local/lib/python3.12/site-packages/airflow/example_dags/example_short_circuit_decorator.py took 0.048 seconds
[2025-01-11T12:15:53.650+0000] {processor.py:161} INFO - Started process (PID=16242) to work on /home/airflow/.local/lib/python3.12/site-packages/airflow/example_dags/example_short_circuit_decorator.py
[2025-01-11T12:15:53.651+0000] {processor.py:830} INFO - Processing file /home/airflow/.local/lib/python3.12/site-packages/airflow/example_dags/example_short_circuit_decorator.py for tasks to queue
[2025-01-11T12:15:53.652+0000] {logging_mixin.py:188} INFO - [2025-01-11T12:15:53.652+0000] {dagbag.py:545} INFO - Filling up the DagBag from /home/airflow/.local/lib/python3.12/site-packages/airflow/example_dags/example_short_circuit_decorator.py
[2025-01-11T12:15:53.657+0000] {processor.py:840} INFO - DAG(s) 'example_short_circuit_decorator' retrieved from /home/airflow/.local/lib/python3.12/site-packages/airflow/example_dags/example_short_circuit_decorator.py
[2025-01-11T12:15:53.671+0000] {logging_mixin.py:188} INFO - [2025-01-11T12:15:53.671+0000] {dag.py:3089} INFO - Sync 1 DAGs
[2025-01-11T12:15:53.681+0000] {logging_mixin.py:188} INFO - [2025-01-11T12:15:53.681+0000] {dag.py:3947} INFO - Setting next_dagrun for example_short_circuit_decorator to 2025-01-10 00:00:00+00:00, run_after=2025-01-11 00:00:00+00:00
[2025-01-11T12:15:53.689+0000] {processor.py:183} INFO - Processing /home/airflow/.local/lib/python3.12/site-packages/airflow/example_dags/example_short_circuit_decorator.py took 0.044 seconds
[2025-01-11T12:16:26.610+0000] {processor.py:161} INFO - Started process (PID=16517) to work on /home/airflow/.local/lib/python3.12/site-packages/airflow/example_dags/example_short_circuit_decorator.py
[2025-01-11T12:16:26.611+0000] {processor.py:830} INFO - Processing file /home/airflow/.local/lib/python3.12/site-packages/airflow/example_dags/example_short_circuit_decorator.py for tasks to queue
[2025-01-11T12:16:26.612+0000] {logging_mixin.py:188} INFO - [2025-01-11T12:16:26.612+0000] {dagbag.py:545} INFO - Filling up the DagBag from /home/airflow/.local/lib/python3.12/site-packages/airflow/example_dags/example_short_circuit_decorator.py
[2025-01-11T12:16:26.617+0000] {processor.py:840} INFO - DAG(s) 'example_short_circuit_decorator' retrieved from /home/airflow/.local/lib/python3.12/site-packages/airflow/example_dags/example_short_circuit_decorator.py
[2025-01-11T12:16:26.631+0000] {logging_mixin.py:188} INFO - [2025-01-11T12:16:26.631+0000] {dag.py:3089} INFO - Sync 1 DAGs
[2025-01-11T12:16:26.643+0000] {logging_mixin.py:188} INFO - [2025-01-11T12:16:26.643+0000] {dag.py:3947} INFO - Setting next_dagrun for example_short_circuit_decorator to 2025-01-10 00:00:00+00:00, run_after=2025-01-11 00:00:00+00:00
[2025-01-11T12:16:26.653+0000] {processor.py:183} INFO - Processing /home/airflow/.local/lib/python3.12/site-packages/airflow/example_dags/example_short_circuit_decorator.py took 0.047 seconds
[2025-01-11T12:16:58.111+0000] {processor.py:161} INFO - Started process (PID=16796) to work on /home/airflow/.local/lib/python3.12/site-packages/airflow/example_dags/example_short_circuit_decorator.py
[2025-01-11T12:16:58.112+0000] {processor.py:830} INFO - Processing file /home/airflow/.local/lib/python3.12/site-packages/airflow/example_dags/example_short_circuit_decorator.py for tasks to queue
[2025-01-11T12:16:58.113+0000] {logging_mixin.py:188} INFO - [2025-01-11T12:16:58.113+0000] {dagbag.py:545} INFO - Filling up the DagBag from /home/airflow/.local/lib/python3.12/site-packages/airflow/example_dags/example_short_circuit_decorator.py
[2025-01-11T12:16:58.119+0000] {processor.py:840} INFO - DAG(s) 'example_short_circuit_decorator' retrieved from /home/airflow/.local/lib/python3.12/site-packages/airflow/example_dags/example_short_circuit_decorator.py
[2025-01-11T12:16:58.134+0000] {logging_mixin.py:188} INFO - [2025-01-11T12:16:58.133+0000] {dag.py:3089} INFO - Sync 1 DAGs
[2025-01-11T12:16:58.147+0000] {logging_mixin.py:188} INFO - [2025-01-11T12:16:58.147+0000] {dag.py:3947} INFO - Setting next_dagrun for example_short_circuit_decorator to 2025-01-10 00:00:00+00:00, run_after=2025-01-11 00:00:00+00:00
[2025-01-11T12:16:58.157+0000] {processor.py:183} INFO - Processing /home/airflow/.local/lib/python3.12/site-packages/airflow/example_dags/example_short_circuit_decorator.py took 0.051 seconds
[2025-01-11T12:18:49.181+0000] {processor.py:161} INFO - Started process (PID=17077) to work on /home/airflow/.local/lib/python3.12/site-packages/airflow/example_dags/example_short_circuit_decorator.py
[2025-01-11T12:18:49.182+0000] {processor.py:830} INFO - Processing file /home/airflow/.local/lib/python3.12/site-packages/airflow/example_dags/example_short_circuit_decorator.py for tasks to queue
[2025-01-11T12:18:49.184+0000] {logging_mixin.py:188} INFO - [2025-01-11T12:18:49.184+0000] {dagbag.py:545} INFO - Filling up the DagBag from /home/airflow/.local/lib/python3.12/site-packages/airflow/example_dags/example_short_circuit_decorator.py
[2025-01-11T12:18:49.191+0000] {processor.py:840} INFO - DAG(s) 'example_short_circuit_decorator' retrieved from /home/airflow/.local/lib/python3.12/site-packages/airflow/example_dags/example_short_circuit_decorator.py
[2025-01-11T12:18:49.209+0000] {logging_mixin.py:188} INFO - [2025-01-11T12:18:49.209+0000] {dag.py:3089} INFO - Sync 1 DAGs
[2025-01-11T12:18:49.234+0000] {logging_mixin.py:188} INFO - [2025-01-11T12:18:49.233+0000] {dag.py:3947} INFO - Setting next_dagrun for example_short_circuit_decorator to 2025-01-10 00:00:00+00:00, run_after=2025-01-11 00:00:00+00:00
[2025-01-11T12:18:49.252+0000] {processor.py:183} INFO - Processing /home/airflow/.local/lib/python3.12/site-packages/airflow/example_dags/example_short_circuit_decorator.py took 0.075 seconds
[2025-01-11T12:19:19.563+0000] {processor.py:161} INFO - Started process (PID=17354) to work on /home/airflow/.local/lib/python3.12/site-packages/airflow/example_dags/example_short_circuit_decorator.py
[2025-01-11T12:19:19.564+0000] {processor.py:830} INFO - Processing file /home/airflow/.local/lib/python3.12/site-packages/airflow/example_dags/example_short_circuit_decorator.py for tasks to queue
[2025-01-11T12:19:19.566+0000] {logging_mixin.py:188} INFO - [2025-01-11T12:19:19.565+0000] {dagbag.py:545} INFO - Filling up the DagBag from /home/airflow/.local/lib/python3.12/site-packages/airflow/example_dags/example_short_circuit_decorator.py
[2025-01-11T12:19:19.572+0000] {processor.py:840} INFO - DAG(s) 'example_short_circuit_decorator' retrieved from /home/airflow/.local/lib/python3.12/site-packages/airflow/example_dags/example_short_circuit_decorator.py
[2025-01-11T12:19:19.586+0000] {logging_mixin.py:188} INFO - [2025-01-11T12:19:19.586+0000] {dag.py:3089} INFO - Sync 1 DAGs
[2025-01-11T12:19:19.598+0000] {logging_mixin.py:188} INFO - [2025-01-11T12:19:19.598+0000] {dag.py:3947} INFO - Setting next_dagrun for example_short_circuit_decorator to 2025-01-10 00:00:00+00:00, run_after=2025-01-11 00:00:00+00:00
[2025-01-11T12:19:19.614+0000] {processor.py:183} INFO - Processing /home/airflow/.local/lib/python3.12/site-packages/airflow/example_dags/example_short_circuit_decorator.py took 0.056 seconds
[2025-01-11T12:19:49.907+0000] {processor.py:161} INFO - Started process (PID=17625) to work on /home/airflow/.local/lib/python3.12/site-packages/airflow/example_dags/example_short_circuit_decorator.py
[2025-01-11T12:19:49.908+0000] {processor.py:830} INFO - Processing file /home/airflow/.local/lib/python3.12/site-packages/airflow/example_dags/example_short_circuit_decorator.py for tasks to queue
[2025-01-11T12:19:49.909+0000] {logging_mixin.py:188} INFO - [2025-01-11T12:19:49.909+0000] {dagbag.py:545} INFO - Filling up the DagBag from /home/airflow/.local/lib/python3.12/site-packages/airflow/example_dags/example_short_circuit_decorator.py
[2025-01-11T12:19:49.915+0000] {processor.py:840} INFO - DAG(s) 'example_short_circuit_decorator' retrieved from /home/airflow/.local/lib/python3.12/site-packages/airflow/example_dags/example_short_circuit_decorator.py
[2025-01-11T12:19:49.928+0000] {logging_mixin.py:188} INFO - [2025-01-11T12:19:49.928+0000] {dag.py:3089} INFO - Sync 1 DAGs
[2025-01-11T12:19:49.939+0000] {logging_mixin.py:188} INFO - [2025-01-11T12:19:49.939+0000] {dag.py:3947} INFO - Setting next_dagrun for example_short_circuit_decorator to 2025-01-10 00:00:00+00:00, run_after=2025-01-11 00:00:00+00:00
[2025-01-11T12:19:49.949+0000] {processor.py:183} INFO - Processing /home/airflow/.local/lib/python3.12/site-packages/airflow/example_dags/example_short_circuit_decorator.py took 0.046 seconds
[2025-01-11T12:20:21.312+0000] {processor.py:161} INFO - Started process (PID=17908) to work on /home/airflow/.local/lib/python3.12/site-packages/airflow/example_dags/example_short_circuit_decorator.py
[2025-01-11T12:20:21.313+0000] {processor.py:830} INFO - Processing file /home/airflow/.local/lib/python3.12/site-packages/airflow/example_dags/example_short_circuit_decorator.py for tasks to queue
[2025-01-11T12:20:21.314+0000] {logging_mixin.py:188} INFO - [2025-01-11T12:20:21.314+0000] {dagbag.py:545} INFO - Filling up the DagBag from /home/airflow/.local/lib/python3.12/site-packages/airflow/example_dags/example_short_circuit_decorator.py
[2025-01-11T12:20:21.319+0000] {processor.py:840} INFO - DAG(s) 'example_short_circuit_decorator' retrieved from /home/airflow/.local/lib/python3.12/site-packages/airflow/example_dags/example_short_circuit_decorator.py
[2025-01-11T12:20:21.333+0000] {logging_mixin.py:188} INFO - [2025-01-11T12:20:21.333+0000] {dag.py:3089} INFO - Sync 1 DAGs
[2025-01-11T12:20:21.346+0000] {logging_mixin.py:188} INFO - [2025-01-11T12:20:21.346+0000] {dag.py:3947} INFO - Setting next_dagrun for example_short_circuit_decorator to 2025-01-10 00:00:00+00:00, run_after=2025-01-11 00:00:00+00:00
[2025-01-11T12:20:21.357+0000] {processor.py:183} INFO - Processing /home/airflow/.local/lib/python3.12/site-packages/airflow/example_dags/example_short_circuit_decorator.py took 0.049 seconds
[2025-01-11T12:20:51.645+0000] {processor.py:161} INFO - Started process (PID=18179) to work on /home/airflow/.local/lib/python3.12/site-packages/airflow/example_dags/example_short_circuit_decorator.py
[2025-01-11T12:20:51.646+0000] {processor.py:830} INFO - Processing file /home/airflow/.local/lib/python3.12/site-packages/airflow/example_dags/example_short_circuit_decorator.py for tasks to queue
[2025-01-11T12:20:51.647+0000] {logging_mixin.py:188} INFO - [2025-01-11T12:20:51.647+0000] {dagbag.py:545} INFO - Filling up the DagBag from /home/airflow/.local/lib/python3.12/site-packages/airflow/example_dags/example_short_circuit_decorator.py
[2025-01-11T12:20:51.654+0000] {processor.py:840} INFO - DAG(s) 'example_short_circuit_decorator' retrieved from /home/airflow/.local/lib/python3.12/site-packages/airflow/example_dags/example_short_circuit_decorator.py
[2025-01-11T12:20:51.669+0000] {logging_mixin.py:188} INFO - [2025-01-11T12:20:51.669+0000] {dag.py:3089} INFO - Sync 1 DAGs
[2025-01-11T12:20:51.683+0000] {logging_mixin.py:188} INFO - [2025-01-11T12:20:51.682+0000] {dag.py:3947} INFO - Setting next_dagrun for example_short_circuit_decorator to 2025-01-10 00:00:00+00:00, run_after=2025-01-11 00:00:00+00:00
[2025-01-11T12:20:51.694+0000] {processor.py:183} INFO - Processing /home/airflow/.local/lib/python3.12/site-packages/airflow/example_dags/example_short_circuit_decorator.py took 0.053 seconds
[2025-01-11T12:21:24.986+0000] {processor.py:161} INFO - Started process (PID=18463) to work on /home/airflow/.local/lib/python3.12/site-packages/airflow/example_dags/example_short_circuit_decorator.py
[2025-01-11T12:21:24.987+0000] {processor.py:830} INFO - Processing file /home/airflow/.local/lib/python3.12/site-packages/airflow/example_dags/example_short_circuit_decorator.py for tasks to queue
[2025-01-11T12:21:24.989+0000] {logging_mixin.py:188} INFO - [2025-01-11T12:21:24.989+0000] {dagbag.py:545} INFO - Filling up the DagBag from /home/airflow/.local/lib/python3.12/site-packages/airflow/example_dags/example_short_circuit_decorator.py
[2025-01-11T12:21:24.994+0000] {processor.py:840} INFO - DAG(s) 'example_short_circuit_decorator' retrieved from /home/airflow/.local/lib/python3.12/site-packages/airflow/example_dags/example_short_circuit_decorator.py
[2025-01-11T12:21:25.021+0000] {logging_mixin.py:188} INFO - [2025-01-11T12:21:25.021+0000] {dag.py:3089} INFO - Sync 1 DAGs
[2025-01-11T12:21:25.035+0000] {logging_mixin.py:188} INFO - [2025-01-11T12:21:25.034+0000] {dag.py:3947} INFO - Setting next_dagrun for example_short_circuit_decorator to 2025-01-10 00:00:00+00:00, run_after=2025-01-11 00:00:00+00:00
[2025-01-11T12:21:25.045+0000] {processor.py:183} INFO - Processing /home/airflow/.local/lib/python3.12/site-packages/airflow/example_dags/example_short_circuit_decorator.py took 0.063 seconds
[2025-01-11T12:21:55.677+0000] {processor.py:161} INFO - Started process (PID=18742) to work on /home/airflow/.local/lib/python3.12/site-packages/airflow/example_dags/example_short_circuit_decorator.py
[2025-01-11T12:21:55.678+0000] {processor.py:830} INFO - Processing file /home/airflow/.local/lib/python3.12/site-packages/airflow/example_dags/example_short_circuit_decorator.py for tasks to queue
[2025-01-11T12:21:55.679+0000] {logging_mixin.py:188} INFO - [2025-01-11T12:21:55.679+0000] {dagbag.py:545} INFO - Filling up the DagBag from /home/airflow/.local/lib/python3.12/site-packages/airflow/example_dags/example_short_circuit_decorator.py
[2025-01-11T12:21:55.685+0000] {processor.py:840} INFO - DAG(s) 'example_short_circuit_decorator' retrieved from /home/airflow/.local/lib/python3.12/site-packages/airflow/example_dags/example_short_circuit_decorator.py
[2025-01-11T12:21:55.700+0000] {logging_mixin.py:188} INFO - [2025-01-11T12:21:55.700+0000] {dag.py:3089} INFO - Sync 1 DAGs
[2025-01-11T12:21:55.718+0000] {logging_mixin.py:188} INFO - [2025-01-11T12:21:55.718+0000] {dag.py:3947} INFO - Setting next_dagrun for example_short_circuit_decorator to 2025-01-10 00:00:00+00:00, run_after=2025-01-11 00:00:00+00:00
[2025-01-11T12:21:55.729+0000] {processor.py:183} INFO - Processing /home/airflow/.local/lib/python3.12/site-packages/airflow/example_dags/example_short_circuit_decorator.py took 0.056 seconds
[2025-01-11T12:22:26.180+0000] {processor.py:161} INFO - Started process (PID=19013) to work on /home/airflow/.local/lib/python3.12/site-packages/airflow/example_dags/example_short_circuit_decorator.py
[2025-01-11T12:22:26.181+0000] {processor.py:830} INFO - Processing file /home/airflow/.local/lib/python3.12/site-packages/airflow/example_dags/example_short_circuit_decorator.py for tasks to queue
[2025-01-11T12:22:26.182+0000] {logging_mixin.py:188} INFO - [2025-01-11T12:22:26.182+0000] {dagbag.py:545} INFO - Filling up the DagBag from /home/airflow/.local/lib/python3.12/site-packages/airflow/example_dags/example_short_circuit_decorator.py
[2025-01-11T12:22:26.187+0000] {processor.py:840} INFO - DAG(s) 'example_short_circuit_decorator' retrieved from /home/airflow/.local/lib/python3.12/site-packages/airflow/example_dags/example_short_circuit_decorator.py
[2025-01-11T12:22:26.202+0000] {logging_mixin.py:188} INFO - [2025-01-11T12:22:26.201+0000] {dag.py:3089} INFO - Sync 1 DAGs
[2025-01-11T12:22:26.213+0000] {logging_mixin.py:188} INFO - [2025-01-11T12:22:26.213+0000] {dag.py:3947} INFO - Setting next_dagrun for example_short_circuit_decorator to 2025-01-10 00:00:00+00:00, run_after=2025-01-11 00:00:00+00:00
[2025-01-11T12:22:26.224+0000] {processor.py:183} INFO - Processing /home/airflow/.local/lib/python3.12/site-packages/airflow/example_dags/example_short_circuit_decorator.py took 0.047 seconds
[2025-01-11T12:22:57.548+0000] {processor.py:161} INFO - Started process (PID=19297) to work on /home/airflow/.local/lib/python3.12/site-packages/airflow/example_dags/example_short_circuit_decorator.py
[2025-01-11T12:22:57.549+0000] {processor.py:830} INFO - Processing file /home/airflow/.local/lib/python3.12/site-packages/airflow/example_dags/example_short_circuit_decorator.py for tasks to queue
[2025-01-11T12:22:57.551+0000] {logging_mixin.py:188} INFO - [2025-01-11T12:22:57.550+0000] {dagbag.py:545} INFO - Filling up the DagBag from /home/airflow/.local/lib/python3.12/site-packages/airflow/example_dags/example_short_circuit_decorator.py
[2025-01-11T12:22:57.556+0000] {processor.py:840} INFO - DAG(s) 'example_short_circuit_decorator' retrieved from /home/airflow/.local/lib/python3.12/site-packages/airflow/example_dags/example_short_circuit_decorator.py
[2025-01-11T12:22:57.572+0000] {logging_mixin.py:188} INFO - [2025-01-11T12:22:57.572+0000] {dag.py:3089} INFO - Sync 1 DAGs
[2025-01-11T12:22:57.585+0000] {logging_mixin.py:188} INFO - [2025-01-11T12:22:57.584+0000] {dag.py:3947} INFO - Setting next_dagrun for example_short_circuit_decorator to 2025-01-10 00:00:00+00:00, run_after=2025-01-11 00:00:00+00:00
[2025-01-11T12:22:57.598+0000] {processor.py:183} INFO - Processing /home/airflow/.local/lib/python3.12/site-packages/airflow/example_dags/example_short_circuit_decorator.py took 0.054 seconds
[2025-01-11T12:23:28.600+0000] {processor.py:161} INFO - Started process (PID=19574) to work on /home/airflow/.local/lib/python3.12/site-packages/airflow/example_dags/example_short_circuit_decorator.py
[2025-01-11T12:23:28.601+0000] {processor.py:830} INFO - Processing file /home/airflow/.local/lib/python3.12/site-packages/airflow/example_dags/example_short_circuit_decorator.py for tasks to queue
[2025-01-11T12:23:28.602+0000] {logging_mixin.py:188} INFO - [2025-01-11T12:23:28.602+0000] {dagbag.py:545} INFO - Filling up the DagBag from /home/airflow/.local/lib/python3.12/site-packages/airflow/example_dags/example_short_circuit_decorator.py
[2025-01-11T12:23:28.608+0000] {processor.py:840} INFO - DAG(s) 'example_short_circuit_decorator' retrieved from /home/airflow/.local/lib/python3.12/site-packages/airflow/example_dags/example_short_circuit_decorator.py
[2025-01-11T12:23:28.624+0000] {logging_mixin.py:188} INFO - [2025-01-11T12:23:28.624+0000] {dag.py:3089} INFO - Sync 1 DAGs
[2025-01-11T12:23:28.636+0000] {logging_mixin.py:188} INFO - [2025-01-11T12:23:28.636+0000] {dag.py:3947} INFO - Setting next_dagrun for example_short_circuit_decorator to 2025-01-10 00:00:00+00:00, run_after=2025-01-11 00:00:00+00:00
[2025-01-11T12:23:28.646+0000] {processor.py:183} INFO - Processing /home/airflow/.local/lib/python3.12/site-packages/airflow/example_dags/example_short_circuit_decorator.py took 0.050 seconds
[2025-01-11T12:24:00.621+0000] {processor.py:161} INFO - Started process (PID=19849) to work on /home/airflow/.local/lib/python3.12/site-packages/airflow/example_dags/example_short_circuit_decorator.py
[2025-01-11T12:24:00.622+0000] {processor.py:830} INFO - Processing file /home/airflow/.local/lib/python3.12/site-packages/airflow/example_dags/example_short_circuit_decorator.py for tasks to queue
[2025-01-11T12:24:00.623+0000] {logging_mixin.py:188} INFO - [2025-01-11T12:24:00.623+0000] {dagbag.py:545} INFO - Filling up the DagBag from /home/airflow/.local/lib/python3.12/site-packages/airflow/example_dags/example_short_circuit_decorator.py
[2025-01-11T12:24:00.629+0000] {processor.py:840} INFO - DAG(s) 'example_short_circuit_decorator' retrieved from /home/airflow/.local/lib/python3.12/site-packages/airflow/example_dags/example_short_circuit_decorator.py
[2025-01-11T12:24:00.644+0000] {logging_mixin.py:188} INFO - [2025-01-11T12:24:00.643+0000] {dag.py:3089} INFO - Sync 1 DAGs
[2025-01-11T12:24:00.655+0000] {logging_mixin.py:188} INFO - [2025-01-11T12:24:00.655+0000] {dag.py:3947} INFO - Setting next_dagrun for example_short_circuit_decorator to 2025-01-10 00:00:00+00:00, run_after=2025-01-11 00:00:00+00:00
[2025-01-11T12:24:00.666+0000] {processor.py:183} INFO - Processing /home/airflow/.local/lib/python3.12/site-packages/airflow/example_dags/example_short_circuit_decorator.py took 0.050 seconds
[2025-01-11T12:24:31.023+0000] {processor.py:161} INFO - Started process (PID=20120) to work on /home/airflow/.local/lib/python3.12/site-packages/airflow/example_dags/example_short_circuit_decorator.py
[2025-01-11T12:24:31.023+0000] {processor.py:830} INFO - Processing file /home/airflow/.local/lib/python3.12/site-packages/airflow/example_dags/example_short_circuit_decorator.py for tasks to queue
[2025-01-11T12:24:31.025+0000] {logging_mixin.py:188} INFO - [2025-01-11T12:24:31.024+0000] {dagbag.py:545} INFO - Filling up the DagBag from /home/airflow/.local/lib/python3.12/site-packages/airflow/example_dags/example_short_circuit_decorator.py
[2025-01-11T12:24:31.030+0000] {processor.py:840} INFO - DAG(s) 'example_short_circuit_decorator' retrieved from /home/airflow/.local/lib/python3.12/site-packages/airflow/example_dags/example_short_circuit_decorator.py
[2025-01-11T12:24:31.044+0000] {logging_mixin.py:188} INFO - [2025-01-11T12:24:31.044+0000] {dag.py:3089} INFO - Sync 1 DAGs
[2025-01-11T12:24:31.057+0000] {logging_mixin.py:188} INFO - [2025-01-11T12:24:31.057+0000] {dag.py:3947} INFO - Setting next_dagrun for example_short_circuit_decorator to 2025-01-10 00:00:00+00:00, run_after=2025-01-11 00:00:00+00:00
[2025-01-11T12:24:31.070+0000] {processor.py:183} INFO - Processing /home/airflow/.local/lib/python3.12/site-packages/airflow/example_dags/example_short_circuit_decorator.py took 0.051 seconds
[2025-01-11T12:25:02.081+0000] {processor.py:161} INFO - Started process (PID=20399) to work on /home/airflow/.local/lib/python3.12/site-packages/airflow/example_dags/example_short_circuit_decorator.py
[2025-01-11T12:25:02.082+0000] {processor.py:830} INFO - Processing file /home/airflow/.local/lib/python3.12/site-packages/airflow/example_dags/example_short_circuit_decorator.py for tasks to queue
[2025-01-11T12:25:02.087+0000] {logging_mixin.py:188} INFO - [2025-01-11T12:25:02.086+0000] {dagbag.py:545} INFO - Filling up the DagBag from /home/airflow/.local/lib/python3.12/site-packages/airflow/example_dags/example_short_circuit_decorator.py
[2025-01-11T12:25:02.099+0000] {processor.py:840} INFO - DAG(s) 'example_short_circuit_decorator' retrieved from /home/airflow/.local/lib/python3.12/site-packages/airflow/example_dags/example_short_circuit_decorator.py
[2025-01-11T12:25:02.116+0000] {logging_mixin.py:188} INFO - [2025-01-11T12:25:02.116+0000] {dag.py:3089} INFO - Sync 1 DAGs
[2025-01-11T12:25:02.131+0000] {logging_mixin.py:188} INFO - [2025-01-11T12:25:02.130+0000] {dag.py:3947} INFO - Setting next_dagrun for example_short_circuit_decorator to 2025-01-10 00:00:00+00:00, run_after=2025-01-11 00:00:00+00:00
[2025-01-11T12:25:02.140+0000] {processor.py:183} INFO - Processing /home/airflow/.local/lib/python3.12/site-packages/airflow/example_dags/example_short_circuit_decorator.py took 0.065 seconds
[2025-01-11T12:25:33.130+0000] {processor.py:161} INFO - Started process (PID=20680) to work on /home/airflow/.local/lib/python3.12/site-packages/airflow/example_dags/example_short_circuit_decorator.py
[2025-01-11T12:25:33.131+0000] {processor.py:830} INFO - Processing file /home/airflow/.local/lib/python3.12/site-packages/airflow/example_dags/example_short_circuit_decorator.py for tasks to queue
[2025-01-11T12:25:33.132+0000] {logging_mixin.py:188} INFO - [2025-01-11T12:25:33.132+0000] {dagbag.py:545} INFO - Filling up the DagBag from /home/airflow/.local/lib/python3.12/site-packages/airflow/example_dags/example_short_circuit_decorator.py
[2025-01-11T12:25:33.137+0000] {processor.py:840} INFO - DAG(s) 'example_short_circuit_decorator' retrieved from /home/airflow/.local/lib/python3.12/site-packages/airflow/example_dags/example_short_circuit_decorator.py
[2025-01-11T12:25:33.152+0000] {logging_mixin.py:188} INFO - [2025-01-11T12:25:33.152+0000] {dag.py:3089} INFO - Sync 1 DAGs
[2025-01-11T12:25:33.165+0000] {logging_mixin.py:188} INFO - [2025-01-11T12:25:33.165+0000] {dag.py:3947} INFO - Setting next_dagrun for example_short_circuit_decorator to 2025-01-10 00:00:00+00:00, run_after=2025-01-11 00:00:00+00:00
[2025-01-11T12:25:33.177+0000] {processor.py:183} INFO - Processing /home/airflow/.local/lib/python3.12/site-packages/airflow/example_dags/example_short_circuit_decorator.py took 0.051 seconds
[2025-01-11T12:26:03.630+0000] {processor.py:161} INFO - Started process (PID=20953) to work on /home/airflow/.local/lib/python3.12/site-packages/airflow/example_dags/example_short_circuit_decorator.py
[2025-01-11T12:26:03.631+0000] {processor.py:830} INFO - Processing file /home/airflow/.local/lib/python3.12/site-packages/airflow/example_dags/example_short_circuit_decorator.py for tasks to queue
[2025-01-11T12:26:03.632+0000] {logging_mixin.py:188} INFO - [2025-01-11T12:26:03.632+0000] {dagbag.py:545} INFO - Filling up the DagBag from /home/airflow/.local/lib/python3.12/site-packages/airflow/example_dags/example_short_circuit_decorator.py
[2025-01-11T12:26:03.640+0000] {processor.py:840} INFO - DAG(s) 'example_short_circuit_decorator' retrieved from /home/airflow/.local/lib/python3.12/site-packages/airflow/example_dags/example_short_circuit_decorator.py
[2025-01-11T12:26:03.658+0000] {logging_mixin.py:188} INFO - [2025-01-11T12:26:03.658+0000] {dag.py:3089} INFO - Sync 1 DAGs
[2025-01-11T12:26:03.672+0000] {logging_mixin.py:188} INFO - [2025-01-11T12:26:03.672+0000] {dag.py:3947} INFO - Setting next_dagrun for example_short_circuit_decorator to 2025-01-10 00:00:00+00:00, run_after=2025-01-11 00:00:00+00:00
[2025-01-11T12:26:03.683+0000] {processor.py:183} INFO - Processing /home/airflow/.local/lib/python3.12/site-packages/airflow/example_dags/example_short_circuit_decorator.py took 0.057 seconds
[2025-01-11T12:26:34.260+0000] {processor.py:161} INFO - Started process (PID=21230) to work on /home/airflow/.local/lib/python3.12/site-packages/airflow/example_dags/example_short_circuit_decorator.py
[2025-01-11T12:26:34.261+0000] {processor.py:830} INFO - Processing file /home/airflow/.local/lib/python3.12/site-packages/airflow/example_dags/example_short_circuit_decorator.py for tasks to queue
[2025-01-11T12:26:34.263+0000] {logging_mixin.py:188} INFO - [2025-01-11T12:26:34.262+0000] {dagbag.py:545} INFO - Filling up the DagBag from /home/airflow/.local/lib/python3.12/site-packages/airflow/example_dags/example_short_circuit_decorator.py
[2025-01-11T12:26:34.268+0000] {processor.py:840} INFO - DAG(s) 'example_short_circuit_decorator' retrieved from /home/airflow/.local/lib/python3.12/site-packages/airflow/example_dags/example_short_circuit_decorator.py
[2025-01-11T12:26:34.283+0000] {logging_mixin.py:188} INFO - [2025-01-11T12:26:34.283+0000] {dag.py:3089} INFO - Sync 1 DAGs
[2025-01-11T12:26:34.296+0000] {logging_mixin.py:188} INFO - [2025-01-11T12:26:34.296+0000] {dag.py:3947} INFO - Setting next_dagrun for example_short_circuit_decorator to 2025-01-10 00:00:00+00:00, run_after=2025-01-11 00:00:00+00:00
[2025-01-11T12:26:34.306+0000] {processor.py:183} INFO - Processing /home/airflow/.local/lib/python3.12/site-packages/airflow/example_dags/example_short_circuit_decorator.py took 0.050 seconds
[2025-01-11T12:27:04.372+0000] {processor.py:161} INFO - Started process (PID=21510) to work on /home/airflow/.local/lib/python3.12/site-packages/airflow/example_dags/example_short_circuit_decorator.py
[2025-01-11T12:27:04.372+0000] {processor.py:830} INFO - Processing file /home/airflow/.local/lib/python3.12/site-packages/airflow/example_dags/example_short_circuit_decorator.py for tasks to queue
[2025-01-11T12:27:04.373+0000] {logging_mixin.py:188} INFO - [2025-01-11T12:27:04.373+0000] {dagbag.py:545} INFO - Filling up the DagBag from /home/airflow/.local/lib/python3.12/site-packages/airflow/example_dags/example_short_circuit_decorator.py
[2025-01-11T12:27:04.379+0000] {processor.py:840} INFO - DAG(s) 'example_short_circuit_decorator' retrieved from /home/airflow/.local/lib/python3.12/site-packages/airflow/example_dags/example_short_circuit_decorator.py
[2025-01-11T12:27:04.392+0000] {logging_mixin.py:188} INFO - [2025-01-11T12:27:04.392+0000] {dag.py:3089} INFO - Sync 1 DAGs
[2025-01-11T12:27:04.403+0000] {logging_mixin.py:188} INFO - [2025-01-11T12:27:04.403+0000] {dag.py:3947} INFO - Setting next_dagrun for example_short_circuit_decorator to 2025-01-10 00:00:00+00:00, run_after=2025-01-11 00:00:00+00:00
[2025-01-11T12:27:04.411+0000] {processor.py:183} INFO - Processing /home/airflow/.local/lib/python3.12/site-packages/airflow/example_dags/example_short_circuit_decorator.py took 0.044 seconds
[2025-01-11T12:27:36.140+0000] {processor.py:161} INFO - Started process (PID=21784) to work on /home/airflow/.local/lib/python3.12/site-packages/airflow/example_dags/example_short_circuit_decorator.py
[2025-01-11T12:27:36.141+0000] {processor.py:830} INFO - Processing file /home/airflow/.local/lib/python3.12/site-packages/airflow/example_dags/example_short_circuit_decorator.py for tasks to queue
[2025-01-11T12:27:36.142+0000] {logging_mixin.py:188} INFO - [2025-01-11T12:27:36.142+0000] {dagbag.py:545} INFO - Filling up the DagBag from /home/airflow/.local/lib/python3.12/site-packages/airflow/example_dags/example_short_circuit_decorator.py
[2025-01-11T12:27:36.148+0000] {processor.py:840} INFO - DAG(s) 'example_short_circuit_decorator' retrieved from /home/airflow/.local/lib/python3.12/site-packages/airflow/example_dags/example_short_circuit_decorator.py
[2025-01-11T12:27:36.163+0000] {logging_mixin.py:188} INFO - [2025-01-11T12:27:36.163+0000] {dag.py:3089} INFO - Sync 1 DAGs
[2025-01-11T12:27:36.174+0000] {logging_mixin.py:188} INFO - [2025-01-11T12:27:36.174+0000] {dag.py:3947} INFO - Setting next_dagrun for example_short_circuit_decorator to 2025-01-10 00:00:00+00:00, run_after=2025-01-11 00:00:00+00:00
[2025-01-11T12:27:36.185+0000] {processor.py:183} INFO - Processing /home/airflow/.local/lib/python3.12/site-packages/airflow/example_dags/example_short_circuit_decorator.py took 0.049 seconds
[2025-01-11T12:28:06.665+0000] {processor.py:161} INFO - Started process (PID=22061) to work on /home/airflow/.local/lib/python3.12/site-packages/airflow/example_dags/example_short_circuit_decorator.py
[2025-01-11T12:28:06.666+0000] {processor.py:830} INFO - Processing file /home/airflow/.local/lib/python3.12/site-packages/airflow/example_dags/example_short_circuit_decorator.py for tasks to queue
[2025-01-11T12:28:06.668+0000] {logging_mixin.py:188} INFO - [2025-01-11T12:28:06.668+0000] {dagbag.py:545} INFO - Filling up the DagBag from /home/airflow/.local/lib/python3.12/site-packages/airflow/example_dags/example_short_circuit_decorator.py
[2025-01-11T12:28:06.674+0000] {processor.py:840} INFO - DAG(s) 'example_short_circuit_decorator' retrieved from /home/airflow/.local/lib/python3.12/site-packages/airflow/example_dags/example_short_circuit_decorator.py
[2025-01-11T12:28:06.691+0000] {logging_mixin.py:188} INFO - [2025-01-11T12:28:06.691+0000] {dag.py:3089} INFO - Sync 1 DAGs
[2025-01-11T12:28:06.704+0000] {logging_mixin.py:188} INFO - [2025-01-11T12:28:06.704+0000] {dag.py:3947} INFO - Setting next_dagrun for example_short_circuit_decorator to 2025-01-10 00:00:00+00:00, run_after=2025-01-11 00:00:00+00:00
[2025-01-11T12:28:06.716+0000] {processor.py:183} INFO - Processing /home/airflow/.local/lib/python3.12/site-packages/airflow/example_dags/example_short_circuit_decorator.py took 0.056 seconds
[2025-01-11T12:28:37.792+0000] {processor.py:161} INFO - Started process (PID=22336) to work on /home/airflow/.local/lib/python3.12/site-packages/airflow/example_dags/example_short_circuit_decorator.py
[2025-01-11T12:28:37.792+0000] {processor.py:830} INFO - Processing file /home/airflow/.local/lib/python3.12/site-packages/airflow/example_dags/example_short_circuit_decorator.py for tasks to queue
[2025-01-11T12:28:37.794+0000] {logging_mixin.py:188} INFO - [2025-01-11T12:28:37.793+0000] {dagbag.py:545} INFO - Filling up the DagBag from /home/airflow/.local/lib/python3.12/site-packages/airflow/example_dags/example_short_circuit_decorator.py
[2025-01-11T12:28:37.799+0000] {processor.py:840} INFO - DAG(s) 'example_short_circuit_decorator' retrieved from /home/airflow/.local/lib/python3.12/site-packages/airflow/example_dags/example_short_circuit_decorator.py
[2025-01-11T12:28:37.813+0000] {logging_mixin.py:188} INFO - [2025-01-11T12:28:37.813+0000] {dag.py:3089} INFO - Sync 1 DAGs
[2025-01-11T12:28:37.824+0000] {logging_mixin.py:188} INFO - [2025-01-11T12:28:37.824+0000] {dag.py:3947} INFO - Setting next_dagrun for example_short_circuit_decorator to 2025-01-10 00:00:00+00:00, run_after=2025-01-11 00:00:00+00:00
[2025-01-11T12:28:37.835+0000] {processor.py:183} INFO - Processing /home/airflow/.local/lib/python3.12/site-packages/airflow/example_dags/example_short_circuit_decorator.py took 0.048 seconds
[2025-01-11T12:29:08.775+0000] {processor.py:161} INFO - Started process (PID=22613) to work on /home/airflow/.local/lib/python3.12/site-packages/airflow/example_dags/example_short_circuit_decorator.py
[2025-01-11T12:29:08.776+0000] {processor.py:830} INFO - Processing file /home/airflow/.local/lib/python3.12/site-packages/airflow/example_dags/example_short_circuit_decorator.py for tasks to queue
[2025-01-11T12:29:08.777+0000] {logging_mixin.py:188} INFO - [2025-01-11T12:29:08.777+0000] {dagbag.py:545} INFO - Filling up the DagBag from /home/airflow/.local/lib/python3.12/site-packages/airflow/example_dags/example_short_circuit_decorator.py
[2025-01-11T12:29:08.783+0000] {processor.py:840} INFO - DAG(s) 'example_short_circuit_decorator' retrieved from /home/airflow/.local/lib/python3.12/site-packages/airflow/example_dags/example_short_circuit_decorator.py
[2025-01-11T12:29:08.798+0000] {logging_mixin.py:188} INFO - [2025-01-11T12:29:08.797+0000] {dag.py:3089} INFO - Sync 1 DAGs
[2025-01-11T12:29:08.809+0000] {logging_mixin.py:188} INFO - [2025-01-11T12:29:08.809+0000] {dag.py:3947} INFO - Setting next_dagrun for example_short_circuit_decorator to 2025-01-10 00:00:00+00:00, run_after=2025-01-11 00:00:00+00:00
[2025-01-11T12:29:08.820+0000] {processor.py:183} INFO - Processing /home/airflow/.local/lib/python3.12/site-packages/airflow/example_dags/example_short_circuit_decorator.py took 0.049 seconds
[2025-01-11T12:29:39.450+0000] {processor.py:161} INFO - Started process (PID=22890) to work on /home/airflow/.local/lib/python3.12/site-packages/airflow/example_dags/example_short_circuit_decorator.py
[2025-01-11T12:29:39.451+0000] {processor.py:830} INFO - Processing file /home/airflow/.local/lib/python3.12/site-packages/airflow/example_dags/example_short_circuit_decorator.py for tasks to queue
[2025-01-11T12:29:39.452+0000] {logging_mixin.py:188} INFO - [2025-01-11T12:29:39.452+0000] {dagbag.py:545} INFO - Filling up the DagBag from /home/airflow/.local/lib/python3.12/site-packages/airflow/example_dags/example_short_circuit_decorator.py
[2025-01-11T12:29:39.457+0000] {processor.py:840} INFO - DAG(s) 'example_short_circuit_decorator' retrieved from /home/airflow/.local/lib/python3.12/site-packages/airflow/example_dags/example_short_circuit_decorator.py
[2025-01-11T12:29:39.471+0000] {logging_mixin.py:188} INFO - [2025-01-11T12:29:39.471+0000] {dag.py:3089} INFO - Sync 1 DAGs
[2025-01-11T12:29:39.483+0000] {logging_mixin.py:188} INFO - [2025-01-11T12:29:39.483+0000] {dag.py:3947} INFO - Setting next_dagrun for example_short_circuit_decorator to 2025-01-10 00:00:00+00:00, run_after=2025-01-11 00:00:00+00:00
[2025-01-11T12:29:39.493+0000] {processor.py:183} INFO - Processing /home/airflow/.local/lib/python3.12/site-packages/airflow/example_dags/example_short_circuit_decorator.py took 0.047 seconds
[2025-01-11T12:30:10.873+0000] {processor.py:161} INFO - Started process (PID=23167) to work on /home/airflow/.local/lib/python3.12/site-packages/airflow/example_dags/example_short_circuit_decorator.py
[2025-01-11T12:30:10.874+0000] {processor.py:830} INFO - Processing file /home/airflow/.local/lib/python3.12/site-packages/airflow/example_dags/example_short_circuit_decorator.py for tasks to queue
[2025-01-11T12:30:10.875+0000] {logging_mixin.py:188} INFO - [2025-01-11T12:30:10.875+0000] {dagbag.py:545} INFO - Filling up the DagBag from /home/airflow/.local/lib/python3.12/site-packages/airflow/example_dags/example_short_circuit_decorator.py
[2025-01-11T12:30:10.881+0000] {processor.py:840} INFO - DAG(s) 'example_short_circuit_decorator' retrieved from /home/airflow/.local/lib/python3.12/site-packages/airflow/example_dags/example_short_circuit_decorator.py
[2025-01-11T12:30:10.895+0000] {logging_mixin.py:188} INFO - [2025-01-11T12:30:10.895+0000] {dag.py:3089} INFO - Sync 1 DAGs
[2025-01-11T12:30:10.907+0000] {logging_mixin.py:188} INFO - [2025-01-11T12:30:10.907+0000] {dag.py:3947} INFO - Setting next_dagrun for example_short_circuit_decorator to 2025-01-10 00:00:00+00:00, run_after=2025-01-11 00:00:00+00:00
[2025-01-11T12:30:10.917+0000] {processor.py:183} INFO - Processing /home/airflow/.local/lib/python3.12/site-packages/airflow/example_dags/example_short_circuit_decorator.py took 0.049 seconds
[2025-01-11T12:30:41.267+0000] {processor.py:161} INFO - Started process (PID=23443) to work on /home/airflow/.local/lib/python3.12/site-packages/airflow/example_dags/example_short_circuit_decorator.py
[2025-01-11T12:30:41.268+0000] {processor.py:830} INFO - Processing file /home/airflow/.local/lib/python3.12/site-packages/airflow/example_dags/example_short_circuit_decorator.py for tasks to queue
[2025-01-11T12:30:41.269+0000] {logging_mixin.py:188} INFO - [2025-01-11T12:30:41.269+0000] {dagbag.py:545} INFO - Filling up the DagBag from /home/airflow/.local/lib/python3.12/site-packages/airflow/example_dags/example_short_circuit_decorator.py
[2025-01-11T12:30:41.274+0000] {processor.py:840} INFO - DAG(s) 'example_short_circuit_decorator' retrieved from /home/airflow/.local/lib/python3.12/site-packages/airflow/example_dags/example_short_circuit_decorator.py
[2025-01-11T12:30:41.288+0000] {logging_mixin.py:188} INFO - [2025-01-11T12:30:41.288+0000] {dag.py:3089} INFO - Sync 1 DAGs
[2025-01-11T12:30:41.300+0000] {logging_mixin.py:188} INFO - [2025-01-11T12:30:41.300+0000] {dag.py:3947} INFO - Setting next_dagrun for example_short_circuit_decorator to 2025-01-10 00:00:00+00:00, run_after=2025-01-11 00:00:00+00:00
[2025-01-11T12:30:41.309+0000] {processor.py:183} INFO - Processing /home/airflow/.local/lib/python3.12/site-packages/airflow/example_dags/example_short_circuit_decorator.py took 0.047 seconds
[2025-01-11T12:31:12.223+0000] {processor.py:161} INFO - Started process (PID=23723) to work on /home/airflow/.local/lib/python3.12/site-packages/airflow/example_dags/example_short_circuit_decorator.py
[2025-01-11T12:31:12.224+0000] {processor.py:830} INFO - Processing file /home/airflow/.local/lib/python3.12/site-packages/airflow/example_dags/example_short_circuit_decorator.py for tasks to queue
[2025-01-11T12:31:12.225+0000] {logging_mixin.py:188} INFO - [2025-01-11T12:31:12.225+0000] {dagbag.py:545} INFO - Filling up the DagBag from /home/airflow/.local/lib/python3.12/site-packages/airflow/example_dags/example_short_circuit_decorator.py
[2025-01-11T12:31:12.230+0000] {processor.py:840} INFO - DAG(s) 'example_short_circuit_decorator' retrieved from /home/airflow/.local/lib/python3.12/site-packages/airflow/example_dags/example_short_circuit_decorator.py
[2025-01-11T12:31:12.248+0000] {logging_mixin.py:188} INFO - [2025-01-11T12:31:12.248+0000] {dag.py:3089} INFO - Sync 1 DAGs
[2025-01-11T12:31:12.258+0000] {logging_mixin.py:188} INFO - [2025-01-11T12:31:12.258+0000] {dag.py:3947} INFO - Setting next_dagrun for example_short_circuit_decorator to 2025-01-10 00:00:00+00:00, run_after=2025-01-11 00:00:00+00:00
[2025-01-11T12:31:12.268+0000] {processor.py:183} INFO - Processing /home/airflow/.local/lib/python3.12/site-packages/airflow/example_dags/example_short_circuit_decorator.py took 0.049 seconds
[2025-01-11T12:31:44.385+0000] {processor.py:161} INFO - Started process (PID=24000) to work on /home/airflow/.local/lib/python3.12/site-packages/airflow/example_dags/example_short_circuit_decorator.py
[2025-01-11T12:31:44.386+0000] {processor.py:830} INFO - Processing file /home/airflow/.local/lib/python3.12/site-packages/airflow/example_dags/example_short_circuit_decorator.py for tasks to queue
[2025-01-11T12:31:44.387+0000] {logging_mixin.py:188} INFO - [2025-01-11T12:31:44.387+0000] {dagbag.py:545} INFO - Filling up the DagBag from /home/airflow/.local/lib/python3.12/site-packages/airflow/example_dags/example_short_circuit_decorator.py
[2025-01-11T12:31:44.393+0000] {processor.py:840} INFO - DAG(s) 'example_short_circuit_decorator' retrieved from /home/airflow/.local/lib/python3.12/site-packages/airflow/example_dags/example_short_circuit_decorator.py
[2025-01-11T12:31:44.407+0000] {logging_mixin.py:188} INFO - [2025-01-11T12:31:44.407+0000] {dag.py:3089} INFO - Sync 1 DAGs
[2025-01-11T12:31:44.420+0000] {logging_mixin.py:188} INFO - [2025-01-11T12:31:44.419+0000] {dag.py:3947} INFO - Setting next_dagrun for example_short_circuit_decorator to 2025-01-10 00:00:00+00:00, run_after=2025-01-11 00:00:00+00:00
[2025-01-11T12:31:44.430+0000] {processor.py:183} INFO - Processing /home/airflow/.local/lib/python3.12/site-packages/airflow/example_dags/example_short_circuit_decorator.py took 0.049 seconds
[2025-01-11T12:32:17.383+0000] {processor.py:161} INFO - Started process (PID=24275) to work on /home/airflow/.local/lib/python3.12/site-packages/airflow/example_dags/example_short_circuit_decorator.py
[2025-01-11T12:32:17.384+0000] {processor.py:830} INFO - Processing file /home/airflow/.local/lib/python3.12/site-packages/airflow/example_dags/example_short_circuit_decorator.py for tasks to queue
[2025-01-11T12:32:17.385+0000] {logging_mixin.py:188} INFO - [2025-01-11T12:32:17.385+0000] {dagbag.py:545} INFO - Filling up the DagBag from /home/airflow/.local/lib/python3.12/site-packages/airflow/example_dags/example_short_circuit_decorator.py
[2025-01-11T12:32:17.390+0000] {processor.py:840} INFO - DAG(s) 'example_short_circuit_decorator' retrieved from /home/airflow/.local/lib/python3.12/site-packages/airflow/example_dags/example_short_circuit_decorator.py
[2025-01-11T12:32:17.405+0000] {logging_mixin.py:188} INFO - [2025-01-11T12:32:17.405+0000] {dag.py:3089} INFO - Sync 1 DAGs
[2025-01-11T12:32:17.417+0000] {logging_mixin.py:188} INFO - [2025-01-11T12:32:17.417+0000] {dag.py:3947} INFO - Setting next_dagrun for example_short_circuit_decorator to 2025-01-10 00:00:00+00:00, run_after=2025-01-11 00:00:00+00:00
[2025-01-11T12:32:17.428+0000] {processor.py:183} INFO - Processing /home/airflow/.local/lib/python3.12/site-packages/airflow/example_dags/example_short_circuit_decorator.py took 0.049 seconds
[2025-01-11T12:32:47.798+0000] {processor.py:161} INFO - Started process (PID=24552) to work on /home/airflow/.local/lib/python3.12/site-packages/airflow/example_dags/example_short_circuit_decorator.py
[2025-01-11T12:32:47.799+0000] {processor.py:830} INFO - Processing file /home/airflow/.local/lib/python3.12/site-packages/airflow/example_dags/example_short_circuit_decorator.py for tasks to queue
[2025-01-11T12:32:47.800+0000] {logging_mixin.py:188} INFO - [2025-01-11T12:32:47.800+0000] {dagbag.py:545} INFO - Filling up the DagBag from /home/airflow/.local/lib/python3.12/site-packages/airflow/example_dags/example_short_circuit_decorator.py
[2025-01-11T12:32:47.805+0000] {processor.py:840} INFO - DAG(s) 'example_short_circuit_decorator' retrieved from /home/airflow/.local/lib/python3.12/site-packages/airflow/example_dags/example_short_circuit_decorator.py
[2025-01-11T12:32:47.819+0000] {logging_mixin.py:188} INFO - [2025-01-11T12:32:47.819+0000] {dag.py:3089} INFO - Sync 1 DAGs
[2025-01-11T12:32:47.832+0000] {logging_mixin.py:188} INFO - [2025-01-11T12:32:47.832+0000] {dag.py:3947} INFO - Setting next_dagrun for example_short_circuit_decorator to 2025-01-10 00:00:00+00:00, run_after=2025-01-11 00:00:00+00:00
[2025-01-11T12:32:47.842+0000] {processor.py:183} INFO - Processing /home/airflow/.local/lib/python3.12/site-packages/airflow/example_dags/example_short_circuit_decorator.py took 0.048 seconds
[2025-01-11T12:53:58.283+0000] {processor.py:161} INFO - Started process (PID=24831) to work on /home/airflow/.local/lib/python3.12/site-packages/airflow/example_dags/example_short_circuit_decorator.py
[2025-01-11T12:53:58.285+0000] {processor.py:830} INFO - Processing file /home/airflow/.local/lib/python3.12/site-packages/airflow/example_dags/example_short_circuit_decorator.py for tasks to queue
[2025-01-11T12:53:58.286+0000] {logging_mixin.py:188} INFO - [2025-01-11T12:53:58.286+0000] {dagbag.py:545} INFO - Filling up the DagBag from /home/airflow/.local/lib/python3.12/site-packages/airflow/example_dags/example_short_circuit_decorator.py
[2025-01-11T12:53:58.293+0000] {processor.py:840} INFO - DAG(s) 'example_short_circuit_decorator' retrieved from /home/airflow/.local/lib/python3.12/site-packages/airflow/example_dags/example_short_circuit_decorator.py
[2025-01-11T12:53:58.308+0000] {logging_mixin.py:188} INFO - [2025-01-11T12:53:58.308+0000] {dag.py:3089} INFO - Sync 1 DAGs
[2025-01-11T12:53:58.321+0000] {logging_mixin.py:188} INFO - [2025-01-11T12:53:58.321+0000] {dag.py:3947} INFO - Setting next_dagrun for example_short_circuit_decorator to 2025-01-10 00:00:00+00:00, run_after=2025-01-11 00:00:00+00:00
[2025-01-11T12:53:58.332+0000] {processor.py:183} INFO - Processing /home/airflow/.local/lib/python3.12/site-packages/airflow/example_dags/example_short_circuit_decorator.py took 0.053 seconds
[2025-01-11T12:54:28.568+0000] {processor.py:161} INFO - Started process (PID=25113) to work on /home/airflow/.local/lib/python3.12/site-packages/airflow/example_dags/example_short_circuit_decorator.py
[2025-01-11T12:54:28.568+0000] {processor.py:830} INFO - Processing file /home/airflow/.local/lib/python3.12/site-packages/airflow/example_dags/example_short_circuit_decorator.py for tasks to queue
[2025-01-11T12:54:28.569+0000] {logging_mixin.py:188} INFO - [2025-01-11T12:54:28.569+0000] {dagbag.py:545} INFO - Filling up the DagBag from /home/airflow/.local/lib/python3.12/site-packages/airflow/example_dags/example_short_circuit_decorator.py
[2025-01-11T12:54:28.575+0000] {processor.py:840} INFO - DAG(s) 'example_short_circuit_decorator' retrieved from /home/airflow/.local/lib/python3.12/site-packages/airflow/example_dags/example_short_circuit_decorator.py
[2025-01-11T12:54:28.592+0000] {logging_mixin.py:188} INFO - [2025-01-11T12:54:28.592+0000] {dag.py:3089} INFO - Sync 1 DAGs
[2025-01-11T12:54:28.603+0000] {logging_mixin.py:188} INFO - [2025-01-11T12:54:28.603+0000] {dag.py:3947} INFO - Setting next_dagrun for example_short_circuit_decorator to 2025-01-10 00:00:00+00:00, run_after=2025-01-11 00:00:00+00:00
[2025-01-11T12:54:28.614+0000] {processor.py:183} INFO - Processing /home/airflow/.local/lib/python3.12/site-packages/airflow/example_dags/example_short_circuit_decorator.py took 0.051 seconds
[2025-01-11T12:54:59.432+0000] {processor.py:161} INFO - Started process (PID=25383) to work on /home/airflow/.local/lib/python3.12/site-packages/airflow/example_dags/example_short_circuit_decorator.py
[2025-01-11T12:54:59.433+0000] {processor.py:830} INFO - Processing file /home/airflow/.local/lib/python3.12/site-packages/airflow/example_dags/example_short_circuit_decorator.py for tasks to queue
[2025-01-11T12:54:59.434+0000] {logging_mixin.py:188} INFO - [2025-01-11T12:54:59.434+0000] {dagbag.py:545} INFO - Filling up the DagBag from /home/airflow/.local/lib/python3.12/site-packages/airflow/example_dags/example_short_circuit_decorator.py
[2025-01-11T12:54:59.440+0000] {processor.py:840} INFO - DAG(s) 'example_short_circuit_decorator' retrieved from /home/airflow/.local/lib/python3.12/site-packages/airflow/example_dags/example_short_circuit_decorator.py
[2025-01-11T12:54:59.454+0000] {logging_mixin.py:188} INFO - [2025-01-11T12:54:59.454+0000] {dag.py:3089} INFO - Sync 1 DAGs
[2025-01-11T12:54:59.466+0000] {logging_mixin.py:188} INFO - [2025-01-11T12:54:59.466+0000] {dag.py:3947} INFO - Setting next_dagrun for example_short_circuit_decorator to 2025-01-10 00:00:00+00:00, run_after=2025-01-11 00:00:00+00:00
[2025-01-11T12:54:59.476+0000] {processor.py:183} INFO - Processing /home/airflow/.local/lib/python3.12/site-packages/airflow/example_dags/example_short_circuit_decorator.py took 0.049 seconds
[2025-01-11T12:55:30.064+0000] {processor.py:161} INFO - Started process (PID=25660) to work on /home/airflow/.local/lib/python3.12/site-packages/airflow/example_dags/example_short_circuit_decorator.py
[2025-01-11T12:55:30.065+0000] {processor.py:830} INFO - Processing file /home/airflow/.local/lib/python3.12/site-packages/airflow/example_dags/example_short_circuit_decorator.py for tasks to queue
[2025-01-11T12:55:30.066+0000] {logging_mixin.py:188} INFO - [2025-01-11T12:55:30.066+0000] {dagbag.py:545} INFO - Filling up the DagBag from /home/airflow/.local/lib/python3.12/site-packages/airflow/example_dags/example_short_circuit_decorator.py
[2025-01-11T12:55:30.071+0000] {processor.py:840} INFO - DAG(s) 'example_short_circuit_decorator' retrieved from /home/airflow/.local/lib/python3.12/site-packages/airflow/example_dags/example_short_circuit_decorator.py
[2025-01-11T12:55:30.086+0000] {logging_mixin.py:188} INFO - [2025-01-11T12:55:30.086+0000] {dag.py:3089} INFO - Sync 1 DAGs
[2025-01-11T12:55:30.098+0000] {logging_mixin.py:188} INFO - [2025-01-11T12:55:30.098+0000] {dag.py:3947} INFO - Setting next_dagrun for example_short_circuit_decorator to 2025-01-10 00:00:00+00:00, run_after=2025-01-11 00:00:00+00:00
[2025-01-11T12:55:30.108+0000] {processor.py:183} INFO - Processing /home/airflow/.local/lib/python3.12/site-packages/airflow/example_dags/example_short_circuit_decorator.py took 0.048 seconds
[2025-01-11T12:56:00.161+0000] {processor.py:161} INFO - Started process (PID=25937) to work on /home/airflow/.local/lib/python3.12/site-packages/airflow/example_dags/example_short_circuit_decorator.py
[2025-01-11T12:56:00.162+0000] {processor.py:830} INFO - Processing file /home/airflow/.local/lib/python3.12/site-packages/airflow/example_dags/example_short_circuit_decorator.py for tasks to queue
[2025-01-11T12:56:00.163+0000] {logging_mixin.py:188} INFO - [2025-01-11T12:56:00.163+0000] {dagbag.py:545} INFO - Filling up the DagBag from /home/airflow/.local/lib/python3.12/site-packages/airflow/example_dags/example_short_circuit_decorator.py
[2025-01-11T12:56:00.169+0000] {processor.py:840} INFO - DAG(s) 'example_short_circuit_decorator' retrieved from /home/airflow/.local/lib/python3.12/site-packages/airflow/example_dags/example_short_circuit_decorator.py
[2025-01-11T12:56:00.184+0000] {logging_mixin.py:188} INFO - [2025-01-11T12:56:00.184+0000] {dag.py:3089} INFO - Sync 1 DAGs
[2025-01-11T12:56:00.196+0000] {logging_mixin.py:188} INFO - [2025-01-11T12:56:00.196+0000] {dag.py:3947} INFO - Setting next_dagrun for example_short_circuit_decorator to 2025-01-10 00:00:00+00:00, run_after=2025-01-11 00:00:00+00:00
[2025-01-11T12:56:00.208+0000] {processor.py:183} INFO - Processing /home/airflow/.local/lib/python3.12/site-packages/airflow/example_dags/example_short_circuit_decorator.py took 0.051 seconds
[2025-01-11T12:56:30.370+0000] {processor.py:161} INFO - Started process (PID=26216) to work on /home/airflow/.local/lib/python3.12/site-packages/airflow/example_dags/example_short_circuit_decorator.py
[2025-01-11T12:56:30.371+0000] {processor.py:830} INFO - Processing file /home/airflow/.local/lib/python3.12/site-packages/airflow/example_dags/example_short_circuit_decorator.py for tasks to queue
[2025-01-11T12:56:30.372+0000] {logging_mixin.py:188} INFO - [2025-01-11T12:56:30.372+0000] {dagbag.py:545} INFO - Filling up the DagBag from /home/airflow/.local/lib/python3.12/site-packages/airflow/example_dags/example_short_circuit_decorator.py
[2025-01-11T12:56:30.378+0000] {processor.py:840} INFO - DAG(s) 'example_short_circuit_decorator' retrieved from /home/airflow/.local/lib/python3.12/site-packages/airflow/example_dags/example_short_circuit_decorator.py
[2025-01-11T12:56:30.393+0000] {logging_mixin.py:188} INFO - [2025-01-11T12:56:30.393+0000] {dag.py:3089} INFO - Sync 1 DAGs
[2025-01-11T12:56:30.406+0000] {logging_mixin.py:188} INFO - [2025-01-11T12:56:30.406+0000] {dag.py:3947} INFO - Setting next_dagrun for example_short_circuit_decorator to 2025-01-10 00:00:00+00:00, run_after=2025-01-11 00:00:00+00:00
[2025-01-11T12:56:30.416+0000] {processor.py:183} INFO - Processing /home/airflow/.local/lib/python3.12/site-packages/airflow/example_dags/example_short_circuit_decorator.py took 0.051 seconds
[2025-01-11T12:57:01.150+0000] {processor.py:161} INFO - Started process (PID=26493) to work on /home/airflow/.local/lib/python3.12/site-packages/airflow/example_dags/example_short_circuit_decorator.py
[2025-01-11T12:57:01.151+0000] {processor.py:830} INFO - Processing file /home/airflow/.local/lib/python3.12/site-packages/airflow/example_dags/example_short_circuit_decorator.py for tasks to queue
[2025-01-11T12:57:01.152+0000] {logging_mixin.py:188} INFO - [2025-01-11T12:57:01.152+0000] {dagbag.py:545} INFO - Filling up the DagBag from /home/airflow/.local/lib/python3.12/site-packages/airflow/example_dags/example_short_circuit_decorator.py
[2025-01-11T12:57:01.158+0000] {processor.py:840} INFO - DAG(s) 'example_short_circuit_decorator' retrieved from /home/airflow/.local/lib/python3.12/site-packages/airflow/example_dags/example_short_circuit_decorator.py
[2025-01-11T12:57:01.173+0000] {logging_mixin.py:188} INFO - [2025-01-11T12:57:01.173+0000] {dag.py:3089} INFO - Sync 1 DAGs
[2025-01-11T12:57:01.185+0000] {logging_mixin.py:188} INFO - [2025-01-11T12:57:01.185+0000] {dag.py:3947} INFO - Setting next_dagrun for example_short_circuit_decorator to 2025-01-10 00:00:00+00:00, run_after=2025-01-11 00:00:00+00:00
[2025-01-11T12:57:01.195+0000] {processor.py:183} INFO - Processing /home/airflow/.local/lib/python3.12/site-packages/airflow/example_dags/example_short_circuit_decorator.py took 0.050 seconds
[2025-01-11T12:57:31.635+0000] {processor.py:161} INFO - Started process (PID=26770) to work on /home/airflow/.local/lib/python3.12/site-packages/airflow/example_dags/example_short_circuit_decorator.py
[2025-01-11T12:57:31.636+0000] {processor.py:830} INFO - Processing file /home/airflow/.local/lib/python3.12/site-packages/airflow/example_dags/example_short_circuit_decorator.py for tasks to queue
[2025-01-11T12:57:31.637+0000] {logging_mixin.py:188} INFO - [2025-01-11T12:57:31.637+0000] {dagbag.py:545} INFO - Filling up the DagBag from /home/airflow/.local/lib/python3.12/site-packages/airflow/example_dags/example_short_circuit_decorator.py
[2025-01-11T12:57:31.642+0000] {processor.py:840} INFO - DAG(s) 'example_short_circuit_decorator' retrieved from /home/airflow/.local/lib/python3.12/site-packages/airflow/example_dags/example_short_circuit_decorator.py
[2025-01-11T12:57:31.657+0000] {logging_mixin.py:188} INFO - [2025-01-11T12:57:31.656+0000] {dag.py:3089} INFO - Sync 1 DAGs
[2025-01-11T12:57:31.668+0000] {logging_mixin.py:188} INFO - [2025-01-11T12:57:31.668+0000] {dag.py:3947} INFO - Setting next_dagrun for example_short_circuit_decorator to 2025-01-10 00:00:00+00:00, run_after=2025-01-11 00:00:00+00:00
[2025-01-11T12:57:31.678+0000] {processor.py:183} INFO - Processing /home/airflow/.local/lib/python3.12/site-packages/airflow/example_dags/example_short_circuit_decorator.py took 0.046 seconds
[2025-01-11T12:58:01.864+0000] {processor.py:161} INFO - Started process (PID=27047) to work on /home/airflow/.local/lib/python3.12/site-packages/airflow/example_dags/example_short_circuit_decorator.py
[2025-01-11T12:58:01.864+0000] {processor.py:830} INFO - Processing file /home/airflow/.local/lib/python3.12/site-packages/airflow/example_dags/example_short_circuit_decorator.py for tasks to queue
[2025-01-11T12:58:01.866+0000] {logging_mixin.py:188} INFO - [2025-01-11T12:58:01.865+0000] {dagbag.py:545} INFO - Filling up the DagBag from /home/airflow/.local/lib/python3.12/site-packages/airflow/example_dags/example_short_circuit_decorator.py
[2025-01-11T12:58:01.871+0000] {processor.py:840} INFO - DAG(s) 'example_short_circuit_decorator' retrieved from /home/airflow/.local/lib/python3.12/site-packages/airflow/example_dags/example_short_circuit_decorator.py
[2025-01-11T12:58:01.885+0000] {logging_mixin.py:188} INFO - [2025-01-11T12:58:01.885+0000] {dag.py:3089} INFO - Sync 1 DAGs
[2025-01-11T12:58:01.896+0000] {logging_mixin.py:188} INFO - [2025-01-11T12:58:01.896+0000] {dag.py:3947} INFO - Setting next_dagrun for example_short_circuit_decorator to 2025-01-10 00:00:00+00:00, run_after=2025-01-11 00:00:00+00:00
[2025-01-11T12:58:01.906+0000] {processor.py:183} INFO - Processing /home/airflow/.local/lib/python3.12/site-packages/airflow/example_dags/example_short_circuit_decorator.py took 0.046 seconds
[2025-01-11T12:58:32.870+0000] {processor.py:161} INFO - Started process (PID=27324) to work on /home/airflow/.local/lib/python3.12/site-packages/airflow/example_dags/example_short_circuit_decorator.py
[2025-01-11T12:58:32.871+0000] {processor.py:830} INFO - Processing file /home/airflow/.local/lib/python3.12/site-packages/airflow/example_dags/example_short_circuit_decorator.py for tasks to queue
[2025-01-11T12:58:32.872+0000] {logging_mixin.py:188} INFO - [2025-01-11T12:58:32.872+0000] {dagbag.py:545} INFO - Filling up the DagBag from /home/airflow/.local/lib/python3.12/site-packages/airflow/example_dags/example_short_circuit_decorator.py
[2025-01-11T12:58:32.876+0000] {processor.py:840} INFO - DAG(s) 'example_short_circuit_decorator' retrieved from /home/airflow/.local/lib/python3.12/site-packages/airflow/example_dags/example_short_circuit_decorator.py
[2025-01-11T12:58:32.889+0000] {logging_mixin.py:188} INFO - [2025-01-11T12:58:32.889+0000] {dag.py:3089} INFO - Sync 1 DAGs
[2025-01-11T12:58:32.900+0000] {logging_mixin.py:188} INFO - [2025-01-11T12:58:32.900+0000] {dag.py:3947} INFO - Setting next_dagrun for example_short_circuit_decorator to 2025-01-10 00:00:00+00:00, run_after=2025-01-11 00:00:00+00:00
[2025-01-11T12:58:32.908+0000] {processor.py:183} INFO - Processing /home/airflow/.local/lib/python3.12/site-packages/airflow/example_dags/example_short_circuit_decorator.py took 0.041 seconds
[2025-01-11T12:59:03.075+0000] {processor.py:161} INFO - Started process (PID=27601) to work on /home/airflow/.local/lib/python3.12/site-packages/airflow/example_dags/example_short_circuit_decorator.py
[2025-01-11T12:59:03.076+0000] {processor.py:830} INFO - Processing file /home/airflow/.local/lib/python3.12/site-packages/airflow/example_dags/example_short_circuit_decorator.py for tasks to queue
[2025-01-11T12:59:03.077+0000] {logging_mixin.py:188} INFO - [2025-01-11T12:59:03.077+0000] {dagbag.py:545} INFO - Filling up the DagBag from /home/airflow/.local/lib/python3.12/site-packages/airflow/example_dags/example_short_circuit_decorator.py
[2025-01-11T12:59:03.082+0000] {processor.py:840} INFO - DAG(s) 'example_short_circuit_decorator' retrieved from /home/airflow/.local/lib/python3.12/site-packages/airflow/example_dags/example_short_circuit_decorator.py
[2025-01-11T12:59:03.096+0000] {logging_mixin.py:188} INFO - [2025-01-11T12:59:03.096+0000] {dag.py:3089} INFO - Sync 1 DAGs
[2025-01-11T12:59:03.109+0000] {logging_mixin.py:188} INFO - [2025-01-11T12:59:03.109+0000] {dag.py:3947} INFO - Setting next_dagrun for example_short_circuit_decorator to 2025-01-10 00:00:00+00:00, run_after=2025-01-11 00:00:00+00:00
[2025-01-11T12:59:03.120+0000] {processor.py:183} INFO - Processing /home/airflow/.local/lib/python3.12/site-packages/airflow/example_dags/example_short_circuit_decorator.py took 0.049 seconds
[2025-01-11T12:59:33.474+0000] {processor.py:161} INFO - Started process (PID=27878) to work on /home/airflow/.local/lib/python3.12/site-packages/airflow/example_dags/example_short_circuit_decorator.py
[2025-01-11T12:59:33.475+0000] {processor.py:830} INFO - Processing file /home/airflow/.local/lib/python3.12/site-packages/airflow/example_dags/example_short_circuit_decorator.py for tasks to queue
[2025-01-11T12:59:33.476+0000] {logging_mixin.py:188} INFO - [2025-01-11T12:59:33.476+0000] {dagbag.py:545} INFO - Filling up the DagBag from /home/airflow/.local/lib/python3.12/site-packages/airflow/example_dags/example_short_circuit_decorator.py
[2025-01-11T12:59:33.482+0000] {processor.py:840} INFO - DAG(s) 'example_short_circuit_decorator' retrieved from /home/airflow/.local/lib/python3.12/site-packages/airflow/example_dags/example_short_circuit_decorator.py
[2025-01-11T12:59:33.495+0000] {logging_mixin.py:188} INFO - [2025-01-11T12:59:33.495+0000] {dag.py:3089} INFO - Sync 1 DAGs
[2025-01-11T12:59:33.507+0000] {logging_mixin.py:188} INFO - [2025-01-11T12:59:33.507+0000] {dag.py:3947} INFO - Setting next_dagrun for example_short_circuit_decorator to 2025-01-10 00:00:00+00:00, run_after=2025-01-11 00:00:00+00:00
[2025-01-11T12:59:33.517+0000] {processor.py:183} INFO - Processing /home/airflow/.local/lib/python3.12/site-packages/airflow/example_dags/example_short_circuit_decorator.py took 0.047 seconds
[2025-01-11T13:00:03.694+0000] {processor.py:161} INFO - Started process (PID=28155) to work on /home/airflow/.local/lib/python3.12/site-packages/airflow/example_dags/example_short_circuit_decorator.py
[2025-01-11T13:00:03.695+0000] {processor.py:830} INFO - Processing file /home/airflow/.local/lib/python3.12/site-packages/airflow/example_dags/example_short_circuit_decorator.py for tasks to queue
[2025-01-11T13:00:03.696+0000] {logging_mixin.py:188} INFO - [2025-01-11T13:00:03.696+0000] {dagbag.py:545} INFO - Filling up the DagBag from /home/airflow/.local/lib/python3.12/site-packages/airflow/example_dags/example_short_circuit_decorator.py
[2025-01-11T13:00:03.701+0000] {processor.py:840} INFO - DAG(s) 'example_short_circuit_decorator' retrieved from /home/airflow/.local/lib/python3.12/site-packages/airflow/example_dags/example_short_circuit_decorator.py
[2025-01-11T13:00:03.715+0000] {logging_mixin.py:188} INFO - [2025-01-11T13:00:03.715+0000] {dag.py:3089} INFO - Sync 1 DAGs
[2025-01-11T13:00:03.726+0000] {logging_mixin.py:188} INFO - [2025-01-11T13:00:03.726+0000] {dag.py:3947} INFO - Setting next_dagrun for example_short_circuit_decorator to 2025-01-10 00:00:00+00:00, run_after=2025-01-11 00:00:00+00:00
[2025-01-11T13:00:03.736+0000] {processor.py:183} INFO - Processing /home/airflow/.local/lib/python3.12/site-packages/airflow/example_dags/example_short_circuit_decorator.py took 0.045 seconds
[2025-01-11T13:00:34.087+0000] {processor.py:161} INFO - Started process (PID=28432) to work on /home/airflow/.local/lib/python3.12/site-packages/airflow/example_dags/example_short_circuit_decorator.py
[2025-01-11T13:00:34.087+0000] {processor.py:830} INFO - Processing file /home/airflow/.local/lib/python3.12/site-packages/airflow/example_dags/example_short_circuit_decorator.py for tasks to queue
[2025-01-11T13:00:34.088+0000] {logging_mixin.py:188} INFO - [2025-01-11T13:00:34.088+0000] {dagbag.py:545} INFO - Filling up the DagBag from /home/airflow/.local/lib/python3.12/site-packages/airflow/example_dags/example_short_circuit_decorator.py
[2025-01-11T13:00:34.093+0000] {processor.py:840} INFO - DAG(s) 'example_short_circuit_decorator' retrieved from /home/airflow/.local/lib/python3.12/site-packages/airflow/example_dags/example_short_circuit_decorator.py
[2025-01-11T13:00:34.107+0000] {logging_mixin.py:188} INFO - [2025-01-11T13:00:34.107+0000] {dag.py:3089} INFO - Sync 1 DAGs
[2025-01-11T13:00:34.118+0000] {logging_mixin.py:188} INFO - [2025-01-11T13:00:34.118+0000] {dag.py:3947} INFO - Setting next_dagrun for example_short_circuit_decorator to 2025-01-10 00:00:00+00:00, run_after=2025-01-11 00:00:00+00:00
[2025-01-11T13:00:34.127+0000] {processor.py:183} INFO - Processing /home/airflow/.local/lib/python3.12/site-packages/airflow/example_dags/example_short_circuit_decorator.py took 0.044 seconds
[2025-01-11T13:03:15.720+0000] {processor.py:161} INFO - Started process (PID=28709) to work on /home/airflow/.local/lib/python3.12/site-packages/airflow/example_dags/example_short_circuit_decorator.py
[2025-01-11T13:03:15.721+0000] {processor.py:830} INFO - Processing file /home/airflow/.local/lib/python3.12/site-packages/airflow/example_dags/example_short_circuit_decorator.py for tasks to queue
[2025-01-11T13:03:15.723+0000] {logging_mixin.py:188} INFO - [2025-01-11T13:03:15.722+0000] {dagbag.py:545} INFO - Filling up the DagBag from /home/airflow/.local/lib/python3.12/site-packages/airflow/example_dags/example_short_circuit_decorator.py
[2025-01-11T13:03:15.729+0000] {processor.py:840} INFO - DAG(s) 'example_short_circuit_decorator' retrieved from /home/airflow/.local/lib/python3.12/site-packages/airflow/example_dags/example_short_circuit_decorator.py
[2025-01-11T13:03:15.746+0000] {logging_mixin.py:188} INFO - [2025-01-11T13:03:15.746+0000] {dag.py:3089} INFO - Sync 1 DAGs
[2025-01-11T13:03:15.759+0000] {logging_mixin.py:188} INFO - [2025-01-11T13:03:15.759+0000] {dag.py:3947} INFO - Setting next_dagrun for example_short_circuit_decorator to 2025-01-10 00:00:00+00:00, run_after=2025-01-11 00:00:00+00:00
[2025-01-11T13:03:15.771+0000] {processor.py:183} INFO - Processing /home/airflow/.local/lib/python3.12/site-packages/airflow/example_dags/example_short_circuit_decorator.py took 0.056 seconds
[2025-01-11T13:03:46.427+0000] {processor.py:161} INFO - Started process (PID=28986) to work on /home/airflow/.local/lib/python3.12/site-packages/airflow/example_dags/example_short_circuit_decorator.py
[2025-01-11T13:03:46.428+0000] {processor.py:830} INFO - Processing file /home/airflow/.local/lib/python3.12/site-packages/airflow/example_dags/example_short_circuit_decorator.py for tasks to queue
[2025-01-11T13:03:46.433+0000] {logging_mixin.py:188} INFO - [2025-01-11T13:03:46.433+0000] {dagbag.py:545} INFO - Filling up the DagBag from /home/airflow/.local/lib/python3.12/site-packages/airflow/example_dags/example_short_circuit_decorator.py
[2025-01-11T13:03:46.441+0000] {processor.py:840} INFO - DAG(s) 'example_short_circuit_decorator' retrieved from /home/airflow/.local/lib/python3.12/site-packages/airflow/example_dags/example_short_circuit_decorator.py
[2025-01-11T13:03:46.457+0000] {logging_mixin.py:188} INFO - [2025-01-11T13:03:46.456+0000] {dag.py:3089} INFO - Sync 1 DAGs
[2025-01-11T13:03:46.471+0000] {logging_mixin.py:188} INFO - [2025-01-11T13:03:46.471+0000] {dag.py:3947} INFO - Setting next_dagrun for example_short_circuit_decorator to 2025-01-10 00:00:00+00:00, run_after=2025-01-11 00:00:00+00:00
[2025-01-11T13:03:46.483+0000] {processor.py:183} INFO - Processing /home/airflow/.local/lib/python3.12/site-packages/airflow/example_dags/example_short_circuit_decorator.py took 0.060 seconds
[2025-01-11T13:04:16.806+0000] {processor.py:161} INFO - Started process (PID=29263) to work on /home/airflow/.local/lib/python3.12/site-packages/airflow/example_dags/example_short_circuit_decorator.py
[2025-01-11T13:04:16.807+0000] {processor.py:830} INFO - Processing file /home/airflow/.local/lib/python3.12/site-packages/airflow/example_dags/example_short_circuit_decorator.py for tasks to queue
[2025-01-11T13:04:16.808+0000] {logging_mixin.py:188} INFO - [2025-01-11T13:04:16.808+0000] {dagbag.py:545} INFO - Filling up the DagBag from /home/airflow/.local/lib/python3.12/site-packages/airflow/example_dags/example_short_circuit_decorator.py
[2025-01-11T13:04:16.814+0000] {processor.py:840} INFO - DAG(s) 'example_short_circuit_decorator' retrieved from /home/airflow/.local/lib/python3.12/site-packages/airflow/example_dags/example_short_circuit_decorator.py
[2025-01-11T13:04:16.832+0000] {logging_mixin.py:188} INFO - [2025-01-11T13:04:16.832+0000] {dag.py:3089} INFO - Sync 1 DAGs
[2025-01-11T13:04:16.847+0000] {logging_mixin.py:188} INFO - [2025-01-11T13:04:16.847+0000] {dag.py:3947} INFO - Setting next_dagrun for example_short_circuit_decorator to 2025-01-10 00:00:00+00:00, run_after=2025-01-11 00:00:00+00:00
[2025-01-11T13:04:16.858+0000] {processor.py:183} INFO - Processing /home/airflow/.local/lib/python3.12/site-packages/airflow/example_dags/example_short_circuit_decorator.py took 0.056 seconds
[2025-01-11T13:04:47.075+0000] {processor.py:161} INFO - Started process (PID=29538) to work on /home/airflow/.local/lib/python3.12/site-packages/airflow/example_dags/example_short_circuit_decorator.py
[2025-01-11T13:04:47.076+0000] {processor.py:830} INFO - Processing file /home/airflow/.local/lib/python3.12/site-packages/airflow/example_dags/example_short_circuit_decorator.py for tasks to queue
[2025-01-11T13:04:47.078+0000] {logging_mixin.py:188} INFO - [2025-01-11T13:04:47.077+0000] {dagbag.py:545} INFO - Filling up the DagBag from /home/airflow/.local/lib/python3.12/site-packages/airflow/example_dags/example_short_circuit_decorator.py
[2025-01-11T13:04:47.084+0000] {processor.py:840} INFO - DAG(s) 'example_short_circuit_decorator' retrieved from /home/airflow/.local/lib/python3.12/site-packages/airflow/example_dags/example_short_circuit_decorator.py
[2025-01-11T13:04:47.101+0000] {logging_mixin.py:188} INFO - [2025-01-11T13:04:47.101+0000] {dag.py:3089} INFO - Sync 1 DAGs
[2025-01-11T13:04:47.114+0000] {logging_mixin.py:188} INFO - [2025-01-11T13:04:47.114+0000] {dag.py:3947} INFO - Setting next_dagrun for example_short_circuit_decorator to 2025-01-10 00:00:00+00:00, run_after=2025-01-11 00:00:00+00:00
[2025-01-11T13:04:47.125+0000] {processor.py:183} INFO - Processing /home/airflow/.local/lib/python3.12/site-packages/airflow/example_dags/example_short_circuit_decorator.py took 0.054 seconds
[2025-01-11T13:05:17.476+0000] {processor.py:161} INFO - Started process (PID=29815) to work on /home/airflow/.local/lib/python3.12/site-packages/airflow/example_dags/example_short_circuit_decorator.py
[2025-01-11T13:05:17.477+0000] {processor.py:830} INFO - Processing file /home/airflow/.local/lib/python3.12/site-packages/airflow/example_dags/example_short_circuit_decorator.py for tasks to queue
[2025-01-11T13:05:17.478+0000] {logging_mixin.py:188} INFO - [2025-01-11T13:05:17.478+0000] {dagbag.py:545} INFO - Filling up the DagBag from /home/airflow/.local/lib/python3.12/site-packages/airflow/example_dags/example_short_circuit_decorator.py
[2025-01-11T13:05:17.484+0000] {processor.py:840} INFO - DAG(s) 'example_short_circuit_decorator' retrieved from /home/airflow/.local/lib/python3.12/site-packages/airflow/example_dags/example_short_circuit_decorator.py
[2025-01-11T13:05:17.499+0000] {logging_mixin.py:188} INFO - [2025-01-11T13:05:17.498+0000] {dag.py:3089} INFO - Sync 1 DAGs
[2025-01-11T13:05:17.510+0000] {logging_mixin.py:188} INFO - [2025-01-11T13:05:17.510+0000] {dag.py:3947} INFO - Setting next_dagrun for example_short_circuit_decorator to 2025-01-10 00:00:00+00:00, run_after=2025-01-11 00:00:00+00:00
[2025-01-11T13:05:17.522+0000] {processor.py:183} INFO - Processing /home/airflow/.local/lib/python3.12/site-packages/airflow/example_dags/example_short_circuit_decorator.py took 0.049 seconds
[2025-01-11T13:05:47.866+0000] {processor.py:161} INFO - Started process (PID=30093) to work on /home/airflow/.local/lib/python3.12/site-packages/airflow/example_dags/example_short_circuit_decorator.py
[2025-01-11T13:05:47.867+0000] {processor.py:830} INFO - Processing file /home/airflow/.local/lib/python3.12/site-packages/airflow/example_dags/example_short_circuit_decorator.py for tasks to queue
[2025-01-11T13:05:47.868+0000] {logging_mixin.py:188} INFO - [2025-01-11T13:05:47.868+0000] {dagbag.py:545} INFO - Filling up the DagBag from /home/airflow/.local/lib/python3.12/site-packages/airflow/example_dags/example_short_circuit_decorator.py
[2025-01-11T13:05:47.873+0000] {processor.py:840} INFO - DAG(s) 'example_short_circuit_decorator' retrieved from /home/airflow/.local/lib/python3.12/site-packages/airflow/example_dags/example_short_circuit_decorator.py
[2025-01-11T13:05:47.886+0000] {logging_mixin.py:188} INFO - [2025-01-11T13:05:47.886+0000] {dag.py:3089} INFO - Sync 1 DAGs
[2025-01-11T13:05:47.896+0000] {logging_mixin.py:188} INFO - [2025-01-11T13:05:47.896+0000] {dag.py:3947} INFO - Setting next_dagrun for example_short_circuit_decorator to 2025-01-10 00:00:00+00:00, run_after=2025-01-11 00:00:00+00:00
[2025-01-11T13:05:47.907+0000] {processor.py:183} INFO - Processing /home/airflow/.local/lib/python3.12/site-packages/airflow/example_dags/example_short_circuit_decorator.py took 0.044 seconds
[2025-01-11T13:06:18.128+0000] {processor.py:161} INFO - Started process (PID=30368) to work on /home/airflow/.local/lib/python3.12/site-packages/airflow/example_dags/example_short_circuit_decorator.py
[2025-01-11T13:06:18.129+0000] {processor.py:830} INFO - Processing file /home/airflow/.local/lib/python3.12/site-packages/airflow/example_dags/example_short_circuit_decorator.py for tasks to queue
[2025-01-11T13:06:18.131+0000] {logging_mixin.py:188} INFO - [2025-01-11T13:06:18.130+0000] {dagbag.py:545} INFO - Filling up the DagBag from /home/airflow/.local/lib/python3.12/site-packages/airflow/example_dags/example_short_circuit_decorator.py
[2025-01-11T13:06:18.136+0000] {processor.py:840} INFO - DAG(s) 'example_short_circuit_decorator' retrieved from /home/airflow/.local/lib/python3.12/site-packages/airflow/example_dags/example_short_circuit_decorator.py
[2025-01-11T13:06:18.152+0000] {logging_mixin.py:188} INFO - [2025-01-11T13:06:18.152+0000] {dag.py:3089} INFO - Sync 1 DAGs
[2025-01-11T13:06:18.165+0000] {logging_mixin.py:188} INFO - [2025-01-11T13:06:18.165+0000] {dag.py:3947} INFO - Setting next_dagrun for example_short_circuit_decorator to 2025-01-10 00:00:00+00:00, run_after=2025-01-11 00:00:00+00:00
[2025-01-11T13:06:18.177+0000] {processor.py:183} INFO - Processing /home/airflow/.local/lib/python3.12/site-packages/airflow/example_dags/example_short_circuit_decorator.py took 0.053 seconds
[2025-01-11T13:06:48.289+0000] {processor.py:161} INFO - Started process (PID=30645) to work on /home/airflow/.local/lib/python3.12/site-packages/airflow/example_dags/example_short_circuit_decorator.py
[2025-01-11T13:06:48.289+0000] {processor.py:830} INFO - Processing file /home/airflow/.local/lib/python3.12/site-packages/airflow/example_dags/example_short_circuit_decorator.py for tasks to queue
[2025-01-11T13:06:48.291+0000] {logging_mixin.py:188} INFO - [2025-01-11T13:06:48.290+0000] {dagbag.py:545} INFO - Filling up the DagBag from /home/airflow/.local/lib/python3.12/site-packages/airflow/example_dags/example_short_circuit_decorator.py
[2025-01-11T13:06:48.296+0000] {processor.py:840} INFO - DAG(s) 'example_short_circuit_decorator' retrieved from /home/airflow/.local/lib/python3.12/site-packages/airflow/example_dags/example_short_circuit_decorator.py
[2025-01-11T13:06:48.312+0000] {logging_mixin.py:188} INFO - [2025-01-11T13:06:48.311+0000] {dag.py:3089} INFO - Sync 1 DAGs
[2025-01-11T13:06:48.324+0000] {logging_mixin.py:188} INFO - [2025-01-11T13:06:48.324+0000] {dag.py:3947} INFO - Setting next_dagrun for example_short_circuit_decorator to 2025-01-10 00:00:00+00:00, run_after=2025-01-11 00:00:00+00:00
[2025-01-11T13:06:48.335+0000] {processor.py:183} INFO - Processing /home/airflow/.local/lib/python3.12/site-packages/airflow/example_dags/example_short_circuit_decorator.py took 0.051 seconds
[2025-01-11T13:07:18.777+0000] {processor.py:161} INFO - Started process (PID=30918) to work on /home/airflow/.local/lib/python3.12/site-packages/airflow/example_dags/example_short_circuit_decorator.py
[2025-01-11T13:07:18.777+0000] {processor.py:830} INFO - Processing file /home/airflow/.local/lib/python3.12/site-packages/airflow/example_dags/example_short_circuit_decorator.py for tasks to queue
[2025-01-11T13:07:18.779+0000] {logging_mixin.py:188} INFO - [2025-01-11T13:07:18.778+0000] {dagbag.py:545} INFO - Filling up the DagBag from /home/airflow/.local/lib/python3.12/site-packages/airflow/example_dags/example_short_circuit_decorator.py
[2025-01-11T13:07:18.783+0000] {processor.py:840} INFO - DAG(s) 'example_short_circuit_decorator' retrieved from /home/airflow/.local/lib/python3.12/site-packages/airflow/example_dags/example_short_circuit_decorator.py
[2025-01-11T13:07:18.795+0000] {logging_mixin.py:188} INFO - [2025-01-11T13:07:18.795+0000] {dag.py:3089} INFO - Sync 1 DAGs
[2025-01-11T13:07:18.806+0000] {logging_mixin.py:188} INFO - [2025-01-11T13:07:18.806+0000] {dag.py:3947} INFO - Setting next_dagrun for example_short_circuit_decorator to 2025-01-10 00:00:00+00:00, run_after=2025-01-11 00:00:00+00:00
[2025-01-11T13:07:18.817+0000] {processor.py:183} INFO - Processing /home/airflow/.local/lib/python3.12/site-packages/airflow/example_dags/example_short_circuit_decorator.py took 0.044 seconds
[2025-01-11T13:07:49.080+0000] {processor.py:161} INFO - Started process (PID=31193) to work on /home/airflow/.local/lib/python3.12/site-packages/airflow/example_dags/example_short_circuit_decorator.py
[2025-01-11T13:07:49.081+0000] {processor.py:830} INFO - Processing file /home/airflow/.local/lib/python3.12/site-packages/airflow/example_dags/example_short_circuit_decorator.py for tasks to queue
[2025-01-11T13:07:49.082+0000] {logging_mixin.py:188} INFO - [2025-01-11T13:07:49.082+0000] {dagbag.py:545} INFO - Filling up the DagBag from /home/airflow/.local/lib/python3.12/site-packages/airflow/example_dags/example_short_circuit_decorator.py
[2025-01-11T13:07:49.089+0000] {processor.py:840} INFO - DAG(s) 'example_short_circuit_decorator' retrieved from /home/airflow/.local/lib/python3.12/site-packages/airflow/example_dags/example_short_circuit_decorator.py
[2025-01-11T13:07:49.103+0000] {logging_mixin.py:188} INFO - [2025-01-11T13:07:49.103+0000] {dag.py:3089} INFO - Sync 1 DAGs
[2025-01-11T13:07:49.117+0000] {logging_mixin.py:188} INFO - [2025-01-11T13:07:49.117+0000] {dag.py:3947} INFO - Setting next_dagrun for example_short_circuit_decorator to 2025-01-10 00:00:00+00:00, run_after=2025-01-11 00:00:00+00:00
[2025-01-11T13:07:49.125+0000] {processor.py:183} INFO - Processing /home/airflow/.local/lib/python3.12/site-packages/airflow/example_dags/example_short_circuit_decorator.py took 0.049 seconds
[2025-01-11T13:08:20.077+0000] {processor.py:161} INFO - Started process (PID=31470) to work on /home/airflow/.local/lib/python3.12/site-packages/airflow/example_dags/example_short_circuit_decorator.py
[2025-01-11T13:08:20.077+0000] {processor.py:830} INFO - Processing file /home/airflow/.local/lib/python3.12/site-packages/airflow/example_dags/example_short_circuit_decorator.py for tasks to queue
[2025-01-11T13:08:20.079+0000] {logging_mixin.py:188} INFO - [2025-01-11T13:08:20.079+0000] {dagbag.py:545} INFO - Filling up the DagBag from /home/airflow/.local/lib/python3.12/site-packages/airflow/example_dags/example_short_circuit_decorator.py
[2025-01-11T13:08:20.084+0000] {processor.py:840} INFO - DAG(s) 'example_short_circuit_decorator' retrieved from /home/airflow/.local/lib/python3.12/site-packages/airflow/example_dags/example_short_circuit_decorator.py
[2025-01-11T13:08:20.099+0000] {logging_mixin.py:188} INFO - [2025-01-11T13:08:20.099+0000] {dag.py:3089} INFO - Sync 1 DAGs
[2025-01-11T13:08:20.113+0000] {logging_mixin.py:188} INFO - [2025-01-11T13:08:20.113+0000] {dag.py:3947} INFO - Setting next_dagrun for example_short_circuit_decorator to 2025-01-10 00:00:00+00:00, run_after=2025-01-11 00:00:00+00:00
[2025-01-11T13:08:20.124+0000] {processor.py:183} INFO - Processing /home/airflow/.local/lib/python3.12/site-packages/airflow/example_dags/example_short_circuit_decorator.py took 0.051 seconds
[2025-01-11T13:08:50.509+0000] {processor.py:161} INFO - Started process (PID=31747) to work on /home/airflow/.local/lib/python3.12/site-packages/airflow/example_dags/example_short_circuit_decorator.py
[2025-01-11T13:08:50.510+0000] {processor.py:830} INFO - Processing file /home/airflow/.local/lib/python3.12/site-packages/airflow/example_dags/example_short_circuit_decorator.py for tasks to queue
[2025-01-11T13:08:50.511+0000] {logging_mixin.py:188} INFO - [2025-01-11T13:08:50.511+0000] {dagbag.py:545} INFO - Filling up the DagBag from /home/airflow/.local/lib/python3.12/site-packages/airflow/example_dags/example_short_circuit_decorator.py
[2025-01-11T13:08:50.516+0000] {processor.py:840} INFO - DAG(s) 'example_short_circuit_decorator' retrieved from /home/airflow/.local/lib/python3.12/site-packages/airflow/example_dags/example_short_circuit_decorator.py
[2025-01-11T13:08:50.531+0000] {logging_mixin.py:188} INFO - [2025-01-11T13:08:50.531+0000] {dag.py:3089} INFO - Sync 1 DAGs
[2025-01-11T13:08:50.544+0000] {logging_mixin.py:188} INFO - [2025-01-11T13:08:50.543+0000] {dag.py:3947} INFO - Setting next_dagrun for example_short_circuit_decorator to 2025-01-10 00:00:00+00:00, run_after=2025-01-11 00:00:00+00:00
[2025-01-11T13:08:50.553+0000] {processor.py:183} INFO - Processing /home/airflow/.local/lib/python3.12/site-packages/airflow/example_dags/example_short_circuit_decorator.py took 0.049 seconds
[2025-01-11T13:09:20.788+0000] {processor.py:161} INFO - Started process (PID=32024) to work on /home/airflow/.local/lib/python3.12/site-packages/airflow/example_dags/example_short_circuit_decorator.py
[2025-01-11T13:09:20.788+0000] {processor.py:830} INFO - Processing file /home/airflow/.local/lib/python3.12/site-packages/airflow/example_dags/example_short_circuit_decorator.py for tasks to queue
[2025-01-11T13:09:20.790+0000] {logging_mixin.py:188} INFO - [2025-01-11T13:09:20.790+0000] {dagbag.py:545} INFO - Filling up the DagBag from /home/airflow/.local/lib/python3.12/site-packages/airflow/example_dags/example_short_circuit_decorator.py
[2025-01-11T13:09:20.795+0000] {processor.py:840} INFO - DAG(s) 'example_short_circuit_decorator' retrieved from /home/airflow/.local/lib/python3.12/site-packages/airflow/example_dags/example_short_circuit_decorator.py
[2025-01-11T13:09:20.814+0000] {logging_mixin.py:188} INFO - [2025-01-11T13:09:20.814+0000] {dag.py:3089} INFO - Sync 1 DAGs
[2025-01-11T13:09:20.826+0000] {logging_mixin.py:188} INFO - [2025-01-11T13:09:20.826+0000] {dag.py:3947} INFO - Setting next_dagrun for example_short_circuit_decorator to 2025-01-10 00:00:00+00:00, run_after=2025-01-11 00:00:00+00:00
[2025-01-11T13:09:20.836+0000] {processor.py:183} INFO - Processing /home/airflow/.local/lib/python3.12/site-packages/airflow/example_dags/example_short_circuit_decorator.py took 0.052 seconds
[2025-01-11T13:09:53.303+0000] {processor.py:161} INFO - Started process (PID=32301) to work on /home/airflow/.local/lib/python3.12/site-packages/airflow/example_dags/example_short_circuit_decorator.py
[2025-01-11T13:09:53.304+0000] {processor.py:830} INFO - Processing file /home/airflow/.local/lib/python3.12/site-packages/airflow/example_dags/example_short_circuit_decorator.py for tasks to queue
[2025-01-11T13:09:53.305+0000] {logging_mixin.py:188} INFO - [2025-01-11T13:09:53.305+0000] {dagbag.py:545} INFO - Filling up the DagBag from /home/airflow/.local/lib/python3.12/site-packages/airflow/example_dags/example_short_circuit_decorator.py
[2025-01-11T13:09:53.311+0000] {processor.py:840} INFO - DAG(s) 'example_short_circuit_decorator' retrieved from /home/airflow/.local/lib/python3.12/site-packages/airflow/example_dags/example_short_circuit_decorator.py
[2025-01-11T13:09:53.325+0000] {logging_mixin.py:188} INFO - [2025-01-11T13:09:53.325+0000] {dag.py:3089} INFO - Sync 1 DAGs
[2025-01-11T13:09:53.337+0000] {logging_mixin.py:188} INFO - [2025-01-11T13:09:53.337+0000] {dag.py:3947} INFO - Setting next_dagrun for example_short_circuit_decorator to 2025-01-10 00:00:00+00:00, run_after=2025-01-11 00:00:00+00:00
[2025-01-11T13:09:53.348+0000] {processor.py:183} INFO - Processing /home/airflow/.local/lib/python3.12/site-packages/airflow/example_dags/example_short_circuit_decorator.py took 0.049 seconds
[2025-01-11T13:10:23.590+0000] {processor.py:161} INFO - Started process (PID=32579) to work on /home/airflow/.local/lib/python3.12/site-packages/airflow/example_dags/example_short_circuit_decorator.py
[2025-01-11T13:10:23.590+0000] {processor.py:830} INFO - Processing file /home/airflow/.local/lib/python3.12/site-packages/airflow/example_dags/example_short_circuit_decorator.py for tasks to queue
[2025-01-11T13:10:23.591+0000] {logging_mixin.py:188} INFO - [2025-01-11T13:10:23.591+0000] {dagbag.py:545} INFO - Filling up the DagBag from /home/airflow/.local/lib/python3.12/site-packages/airflow/example_dags/example_short_circuit_decorator.py
[2025-01-11T13:10:23.597+0000] {processor.py:840} INFO - DAG(s) 'example_short_circuit_decorator' retrieved from /home/airflow/.local/lib/python3.12/site-packages/airflow/example_dags/example_short_circuit_decorator.py
[2025-01-11T13:10:23.612+0000] {logging_mixin.py:188} INFO - [2025-01-11T13:10:23.612+0000] {dag.py:3089} INFO - Sync 1 DAGs
[2025-01-11T13:10:23.623+0000] {logging_mixin.py:188} INFO - [2025-01-11T13:10:23.623+0000] {dag.py:3947} INFO - Setting next_dagrun for example_short_circuit_decorator to 2025-01-10 00:00:00+00:00, run_after=2025-01-11 00:00:00+00:00
[2025-01-11T13:10:23.633+0000] {processor.py:183} INFO - Processing /home/airflow/.local/lib/python3.12/site-packages/airflow/example_dags/example_short_circuit_decorator.py took 0.048 seconds
[2025-01-11T13:10:54.516+0000] {processor.py:161} INFO - Started process (PID=32856) to work on /home/airflow/.local/lib/python3.12/site-packages/airflow/example_dags/example_short_circuit_decorator.py
[2025-01-11T13:10:54.517+0000] {processor.py:830} INFO - Processing file /home/airflow/.local/lib/python3.12/site-packages/airflow/example_dags/example_short_circuit_decorator.py for tasks to queue
[2025-01-11T13:10:54.518+0000] {logging_mixin.py:188} INFO - [2025-01-11T13:10:54.517+0000] {dagbag.py:545} INFO - Filling up the DagBag from /home/airflow/.local/lib/python3.12/site-packages/airflow/example_dags/example_short_circuit_decorator.py
[2025-01-11T13:10:54.523+0000] {processor.py:840} INFO - DAG(s) 'example_short_circuit_decorator' retrieved from /home/airflow/.local/lib/python3.12/site-packages/airflow/example_dags/example_short_circuit_decorator.py
[2025-01-11T13:10:54.537+0000] {logging_mixin.py:188} INFO - [2025-01-11T13:10:54.537+0000] {dag.py:3089} INFO - Sync 1 DAGs
[2025-01-11T13:10:54.549+0000] {logging_mixin.py:188} INFO - [2025-01-11T13:10:54.549+0000] {dag.py:3947} INFO - Setting next_dagrun for example_short_circuit_decorator to 2025-01-10 00:00:00+00:00, run_after=2025-01-11 00:00:00+00:00
[2025-01-11T13:10:54.560+0000] {processor.py:183} INFO - Processing /home/airflow/.local/lib/python3.12/site-packages/airflow/example_dags/example_short_circuit_decorator.py took 0.048 seconds
[2025-01-11T13:11:25.301+0000] {processor.py:161} INFO - Started process (PID=33133) to work on /home/airflow/.local/lib/python3.12/site-packages/airflow/example_dags/example_short_circuit_decorator.py
[2025-01-11T13:11:25.302+0000] {processor.py:830} INFO - Processing file /home/airflow/.local/lib/python3.12/site-packages/airflow/example_dags/example_short_circuit_decorator.py for tasks to queue
[2025-01-11T13:11:25.304+0000] {logging_mixin.py:188} INFO - [2025-01-11T13:11:25.303+0000] {dagbag.py:545} INFO - Filling up the DagBag from /home/airflow/.local/lib/python3.12/site-packages/airflow/example_dags/example_short_circuit_decorator.py
[2025-01-11T13:11:25.310+0000] {processor.py:840} INFO - DAG(s) 'example_short_circuit_decorator' retrieved from /home/airflow/.local/lib/python3.12/site-packages/airflow/example_dags/example_short_circuit_decorator.py
[2025-01-11T13:11:25.325+0000] {logging_mixin.py:188} INFO - [2025-01-11T13:11:25.324+0000] {dag.py:3089} INFO - Sync 1 DAGs
[2025-01-11T13:11:25.338+0000] {logging_mixin.py:188} INFO - [2025-01-11T13:11:25.338+0000] {dag.py:3947} INFO - Setting next_dagrun for example_short_circuit_decorator to 2025-01-10 00:00:00+00:00, run_after=2025-01-11 00:00:00+00:00
[2025-01-11T13:11:25.349+0000] {processor.py:183} INFO - Processing /home/airflow/.local/lib/python3.12/site-packages/airflow/example_dags/example_short_circuit_decorator.py took 0.052 seconds
[2025-01-11T13:11:56.670+0000] {processor.py:161} INFO - Started process (PID=33410) to work on /home/airflow/.local/lib/python3.12/site-packages/airflow/example_dags/example_short_circuit_decorator.py
[2025-01-11T13:11:56.671+0000] {processor.py:830} INFO - Processing file /home/airflow/.local/lib/python3.12/site-packages/airflow/example_dags/example_short_circuit_decorator.py for tasks to queue
[2025-01-11T13:11:56.673+0000] {logging_mixin.py:188} INFO - [2025-01-11T13:11:56.672+0000] {dagbag.py:545} INFO - Filling up the DagBag from /home/airflow/.local/lib/python3.12/site-packages/airflow/example_dags/example_short_circuit_decorator.py
[2025-01-11T13:11:56.679+0000] {processor.py:840} INFO - DAG(s) 'example_short_circuit_decorator' retrieved from /home/airflow/.local/lib/python3.12/site-packages/airflow/example_dags/example_short_circuit_decorator.py
[2025-01-11T13:11:56.694+0000] {logging_mixin.py:188} INFO - [2025-01-11T13:11:56.694+0000] {dag.py:3089} INFO - Sync 1 DAGs
[2025-01-11T13:11:56.707+0000] {logging_mixin.py:188} INFO - [2025-01-11T13:11:56.706+0000] {dag.py:3947} INFO - Setting next_dagrun for example_short_circuit_decorator to 2025-01-10 00:00:00+00:00, run_after=2025-01-11 00:00:00+00:00
[2025-01-11T13:11:56.717+0000] {processor.py:183} INFO - Processing /home/airflow/.local/lib/python3.12/site-packages/airflow/example_dags/example_short_circuit_decorator.py took 0.051 seconds
[2025-01-11T13:12:26.915+0000] {processor.py:161} INFO - Started process (PID=33689) to work on /home/airflow/.local/lib/python3.12/site-packages/airflow/example_dags/example_short_circuit_decorator.py
[2025-01-11T13:12:26.915+0000] {processor.py:830} INFO - Processing file /home/airflow/.local/lib/python3.12/site-packages/airflow/example_dags/example_short_circuit_decorator.py for tasks to queue
[2025-01-11T13:12:26.916+0000] {logging_mixin.py:188} INFO - [2025-01-11T13:12:26.916+0000] {dagbag.py:545} INFO - Filling up the DagBag from /home/airflow/.local/lib/python3.12/site-packages/airflow/example_dags/example_short_circuit_decorator.py
[2025-01-11T13:12:26.921+0000] {processor.py:840} INFO - DAG(s) 'example_short_circuit_decorator' retrieved from /home/airflow/.local/lib/python3.12/site-packages/airflow/example_dags/example_short_circuit_decorator.py
[2025-01-11T13:12:26.933+0000] {logging_mixin.py:188} INFO - [2025-01-11T13:12:26.933+0000] {dag.py:3089} INFO - Sync 1 DAGs
[2025-01-11T13:12:26.943+0000] {logging_mixin.py:188} INFO - [2025-01-11T13:12:26.943+0000] {dag.py:3947} INFO - Setting next_dagrun for example_short_circuit_decorator to 2025-01-10 00:00:00+00:00, run_after=2025-01-11 00:00:00+00:00
[2025-01-11T13:12:26.952+0000] {processor.py:183} INFO - Processing /home/airflow/.local/lib/python3.12/site-packages/airflow/example_dags/example_short_circuit_decorator.py took 0.041 seconds
[2025-01-11T13:13:00.003+0000] {processor.py:161} INFO - Started process (PID=33964) to work on /home/airflow/.local/lib/python3.12/site-packages/airflow/example_dags/example_short_circuit_decorator.py
[2025-01-11T13:13:00.004+0000] {processor.py:830} INFO - Processing file /home/airflow/.local/lib/python3.12/site-packages/airflow/example_dags/example_short_circuit_decorator.py for tasks to queue
[2025-01-11T13:13:00.005+0000] {logging_mixin.py:188} INFO - [2025-01-11T13:13:00.005+0000] {dagbag.py:545} INFO - Filling up the DagBag from /home/airflow/.local/lib/python3.12/site-packages/airflow/example_dags/example_short_circuit_decorator.py
[2025-01-11T13:13:00.011+0000] {processor.py:840} INFO - DAG(s) 'example_short_circuit_decorator' retrieved from /home/airflow/.local/lib/python3.12/site-packages/airflow/example_dags/example_short_circuit_decorator.py
[2025-01-11T13:13:00.024+0000] {logging_mixin.py:188} INFO - [2025-01-11T13:13:00.024+0000] {dag.py:3089} INFO - Sync 1 DAGs
[2025-01-11T13:13:00.036+0000] {logging_mixin.py:188} INFO - [2025-01-11T13:13:00.036+0000] {dag.py:3947} INFO - Setting next_dagrun for example_short_circuit_decorator to 2025-01-10 00:00:00+00:00, run_after=2025-01-11 00:00:00+00:00
[2025-01-11T13:13:00.046+0000] {processor.py:183} INFO - Processing /home/airflow/.local/lib/python3.12/site-packages/airflow/example_dags/example_short_circuit_decorator.py took 0.047 seconds
[2025-01-11T13:13:30.496+0000] {processor.py:161} INFO - Started process (PID=34241) to work on /home/airflow/.local/lib/python3.12/site-packages/airflow/example_dags/example_short_circuit_decorator.py
[2025-01-11T13:13:30.497+0000] {processor.py:830} INFO - Processing file /home/airflow/.local/lib/python3.12/site-packages/airflow/example_dags/example_short_circuit_decorator.py for tasks to queue
[2025-01-11T13:13:30.499+0000] {logging_mixin.py:188} INFO - [2025-01-11T13:13:30.498+0000] {dagbag.py:545} INFO - Filling up the DagBag from /home/airflow/.local/lib/python3.12/site-packages/airflow/example_dags/example_short_circuit_decorator.py
[2025-01-11T13:13:30.504+0000] {processor.py:840} INFO - DAG(s) 'example_short_circuit_decorator' retrieved from /home/airflow/.local/lib/python3.12/site-packages/airflow/example_dags/example_short_circuit_decorator.py
[2025-01-11T13:13:30.519+0000] {logging_mixin.py:188} INFO - [2025-01-11T13:13:30.519+0000] {dag.py:3089} INFO - Sync 1 DAGs
[2025-01-11T13:13:30.532+0000] {logging_mixin.py:188} INFO - [2025-01-11T13:13:30.532+0000] {dag.py:3947} INFO - Setting next_dagrun for example_short_circuit_decorator to 2025-01-10 00:00:00+00:00, run_after=2025-01-11 00:00:00+00:00
[2025-01-11T13:13:30.542+0000] {processor.py:183} INFO - Processing /home/airflow/.local/lib/python3.12/site-packages/airflow/example_dags/example_short_circuit_decorator.py took 0.050 seconds
[2025-01-11T13:14:02.035+0000] {processor.py:161} INFO - Started process (PID=34519) to work on /home/airflow/.local/lib/python3.12/site-packages/airflow/example_dags/example_short_circuit_decorator.py
[2025-01-11T13:14:02.035+0000] {processor.py:830} INFO - Processing file /home/airflow/.local/lib/python3.12/site-packages/airflow/example_dags/example_short_circuit_decorator.py for tasks to queue
[2025-01-11T13:14:02.037+0000] {logging_mixin.py:188} INFO - [2025-01-11T13:14:02.036+0000] {dagbag.py:545} INFO - Filling up the DagBag from /home/airflow/.local/lib/python3.12/site-packages/airflow/example_dags/example_short_circuit_decorator.py
[2025-01-11T13:14:02.042+0000] {processor.py:840} INFO - DAG(s) 'example_short_circuit_decorator' retrieved from /home/airflow/.local/lib/python3.12/site-packages/airflow/example_dags/example_short_circuit_decorator.py
[2025-01-11T13:14:02.057+0000] {logging_mixin.py:188} INFO - [2025-01-11T13:14:02.056+0000] {dag.py:3089} INFO - Sync 1 DAGs
[2025-01-11T13:14:02.068+0000] {logging_mixin.py:188} INFO - [2025-01-11T13:14:02.068+0000] {dag.py:3947} INFO - Setting next_dagrun for example_short_circuit_decorator to 2025-01-10 00:00:00+00:00, run_after=2025-01-11 00:00:00+00:00
[2025-01-11T13:14:02.078+0000] {processor.py:183} INFO - Processing /home/airflow/.local/lib/python3.12/site-packages/airflow/example_dags/example_short_circuit_decorator.py took 0.048 seconds
[2025-01-11T13:14:32.235+0000] {processor.py:161} INFO - Started process (PID=34796) to work on /home/airflow/.local/lib/python3.12/site-packages/airflow/example_dags/example_short_circuit_decorator.py
[2025-01-11T13:14:32.236+0000] {processor.py:830} INFO - Processing file /home/airflow/.local/lib/python3.12/site-packages/airflow/example_dags/example_short_circuit_decorator.py for tasks to queue
[2025-01-11T13:14:32.238+0000] {logging_mixin.py:188} INFO - [2025-01-11T13:14:32.238+0000] {dagbag.py:545} INFO - Filling up the DagBag from /home/airflow/.local/lib/python3.12/site-packages/airflow/example_dags/example_short_circuit_decorator.py
[2025-01-11T13:14:32.243+0000] {processor.py:840} INFO - DAG(s) 'example_short_circuit_decorator' retrieved from /home/airflow/.local/lib/python3.12/site-packages/airflow/example_dags/example_short_circuit_decorator.py
[2025-01-11T13:14:32.258+0000] {logging_mixin.py:188} INFO - [2025-01-11T13:14:32.258+0000] {dag.py:3089} INFO - Sync 1 DAGs
[2025-01-11T13:14:32.270+0000] {logging_mixin.py:188} INFO - [2025-01-11T13:14:32.270+0000] {dag.py:3947} INFO - Setting next_dagrun for example_short_circuit_decorator to 2025-01-10 00:00:00+00:00, run_after=2025-01-11 00:00:00+00:00
[2025-01-11T13:14:32.280+0000] {processor.py:183} INFO - Processing /home/airflow/.local/lib/python3.12/site-packages/airflow/example_dags/example_short_circuit_decorator.py took 0.050 seconds
[2025-01-11T13:15:03.450+0000] {processor.py:161} INFO - Started process (PID=35075) to work on /home/airflow/.local/lib/python3.12/site-packages/airflow/example_dags/example_short_circuit_decorator.py
[2025-01-11T13:15:03.451+0000] {processor.py:830} INFO - Processing file /home/airflow/.local/lib/python3.12/site-packages/airflow/example_dags/example_short_circuit_decorator.py for tasks to queue
[2025-01-11T13:15:03.452+0000] {logging_mixin.py:188} INFO - [2025-01-11T13:15:03.452+0000] {dagbag.py:545} INFO - Filling up the DagBag from /home/airflow/.local/lib/python3.12/site-packages/airflow/example_dags/example_short_circuit_decorator.py
[2025-01-11T13:15:03.459+0000] {processor.py:840} INFO - DAG(s) 'example_short_circuit_decorator' retrieved from /home/airflow/.local/lib/python3.12/site-packages/airflow/example_dags/example_short_circuit_decorator.py
[2025-01-11T13:15:03.474+0000] {logging_mixin.py:188} INFO - [2025-01-11T13:15:03.474+0000] {dag.py:3089} INFO - Sync 1 DAGs
[2025-01-11T13:15:03.486+0000] {logging_mixin.py:188} INFO - [2025-01-11T13:15:03.486+0000] {dag.py:3947} INFO - Setting next_dagrun for example_short_circuit_decorator to 2025-01-10 00:00:00+00:00, run_after=2025-01-11 00:00:00+00:00
[2025-01-11T13:15:03.497+0000] {processor.py:183} INFO - Processing /home/airflow/.local/lib/python3.12/site-packages/airflow/example_dags/example_short_circuit_decorator.py took 0.051 seconds
[2025-01-11T13:15:33.958+0000] {processor.py:161} INFO - Started process (PID=35350) to work on /home/airflow/.local/lib/python3.12/site-packages/airflow/example_dags/example_short_circuit_decorator.py
[2025-01-11T13:15:33.959+0000] {processor.py:830} INFO - Processing file /home/airflow/.local/lib/python3.12/site-packages/airflow/example_dags/example_short_circuit_decorator.py for tasks to queue
[2025-01-11T13:15:33.960+0000] {logging_mixin.py:188} INFO - [2025-01-11T13:15:33.960+0000] {dagbag.py:545} INFO - Filling up the DagBag from /home/airflow/.local/lib/python3.12/site-packages/airflow/example_dags/example_short_circuit_decorator.py
[2025-01-11T13:15:33.965+0000] {processor.py:840} INFO - DAG(s) 'example_short_circuit_decorator' retrieved from /home/airflow/.local/lib/python3.12/site-packages/airflow/example_dags/example_short_circuit_decorator.py
[2025-01-11T13:15:33.979+0000] {logging_mixin.py:188} INFO - [2025-01-11T13:15:33.978+0000] {dag.py:3089} INFO - Sync 1 DAGs
[2025-01-11T13:15:33.990+0000] {logging_mixin.py:188} INFO - [2025-01-11T13:15:33.990+0000] {dag.py:3947} INFO - Setting next_dagrun for example_short_circuit_decorator to 2025-01-10 00:00:00+00:00, run_after=2025-01-11 00:00:00+00:00
[2025-01-11T13:15:34.000+0000] {processor.py:183} INFO - Processing /home/airflow/.local/lib/python3.12/site-packages/airflow/example_dags/example_short_circuit_decorator.py took 0.045 seconds
[2025-01-11T13:16:07.045+0000] {processor.py:161} INFO - Started process (PID=35627) to work on /home/airflow/.local/lib/python3.12/site-packages/airflow/example_dags/example_short_circuit_decorator.py
[2025-01-11T13:16:07.046+0000] {processor.py:830} INFO - Processing file /home/airflow/.local/lib/python3.12/site-packages/airflow/example_dags/example_short_circuit_decorator.py for tasks to queue
[2025-01-11T13:16:07.047+0000] {logging_mixin.py:188} INFO - [2025-01-11T13:16:07.047+0000] {dagbag.py:545} INFO - Filling up the DagBag from /home/airflow/.local/lib/python3.12/site-packages/airflow/example_dags/example_short_circuit_decorator.py
[2025-01-11T13:16:07.053+0000] {processor.py:840} INFO - DAG(s) 'example_short_circuit_decorator' retrieved from /home/airflow/.local/lib/python3.12/site-packages/airflow/example_dags/example_short_circuit_decorator.py
[2025-01-11T13:16:07.067+0000] {logging_mixin.py:188} INFO - [2025-01-11T13:16:07.067+0000] {dag.py:3089} INFO - Sync 1 DAGs
[2025-01-11T13:16:07.081+0000] {logging_mixin.py:188} INFO - [2025-01-11T13:16:07.081+0000] {dag.py:3947} INFO - Setting next_dagrun for example_short_circuit_decorator to 2025-01-10 00:00:00+00:00, run_after=2025-01-11 00:00:00+00:00
[2025-01-11T13:16:07.092+0000] {processor.py:183} INFO - Processing /home/airflow/.local/lib/python3.12/site-packages/airflow/example_dags/example_short_circuit_decorator.py took 0.051 seconds
[2025-01-11T13:16:37.447+0000] {processor.py:161} INFO - Started process (PID=35904) to work on /home/airflow/.local/lib/python3.12/site-packages/airflow/example_dags/example_short_circuit_decorator.py
[2025-01-11T13:16:37.448+0000] {processor.py:830} INFO - Processing file /home/airflow/.local/lib/python3.12/site-packages/airflow/example_dags/example_short_circuit_decorator.py for tasks to queue
[2025-01-11T13:16:37.449+0000] {logging_mixin.py:188} INFO - [2025-01-11T13:16:37.449+0000] {dagbag.py:545} INFO - Filling up the DagBag from /home/airflow/.local/lib/python3.12/site-packages/airflow/example_dags/example_short_circuit_decorator.py
[2025-01-11T13:16:37.455+0000] {processor.py:840} INFO - DAG(s) 'example_short_circuit_decorator' retrieved from /home/airflow/.local/lib/python3.12/site-packages/airflow/example_dags/example_short_circuit_decorator.py
[2025-01-11T13:16:37.469+0000] {logging_mixin.py:188} INFO - [2025-01-11T13:16:37.469+0000] {dag.py:3089} INFO - Sync 1 DAGs
[2025-01-11T13:16:37.485+0000] {logging_mixin.py:188} INFO - [2025-01-11T13:16:37.485+0000] {dag.py:3947} INFO - Setting next_dagrun for example_short_circuit_decorator to 2025-01-10 00:00:00+00:00, run_after=2025-01-11 00:00:00+00:00
[2025-01-11T13:16:37.496+0000] {processor.py:183} INFO - Processing /home/airflow/.local/lib/python3.12/site-packages/airflow/example_dags/example_short_circuit_decorator.py took 0.054 seconds
[2025-01-11T13:17:09.346+0000] {processor.py:161} INFO - Started process (PID=36184) to work on /home/airflow/.local/lib/python3.12/site-packages/airflow/example_dags/example_short_circuit_decorator.py
[2025-01-11T13:17:09.347+0000] {processor.py:830} INFO - Processing file /home/airflow/.local/lib/python3.12/site-packages/airflow/example_dags/example_short_circuit_decorator.py for tasks to queue
[2025-01-11T13:17:09.348+0000] {logging_mixin.py:188} INFO - [2025-01-11T13:17:09.348+0000] {dagbag.py:545} INFO - Filling up the DagBag from /home/airflow/.local/lib/python3.12/site-packages/airflow/example_dags/example_short_circuit_decorator.py
[2025-01-11T13:17:09.354+0000] {processor.py:840} INFO - DAG(s) 'example_short_circuit_decorator' retrieved from /home/airflow/.local/lib/python3.12/site-packages/airflow/example_dags/example_short_circuit_decorator.py
[2025-01-11T13:17:09.370+0000] {logging_mixin.py:188} INFO - [2025-01-11T13:17:09.370+0000] {dag.py:3089} INFO - Sync 1 DAGs
[2025-01-11T13:17:09.381+0000] {logging_mixin.py:188} INFO - [2025-01-11T13:17:09.381+0000] {dag.py:3947} INFO - Setting next_dagrun for example_short_circuit_decorator to 2025-01-10 00:00:00+00:00, run_after=2025-01-11 00:00:00+00:00
[2025-01-11T13:17:09.390+0000] {processor.py:183} INFO - Processing /home/airflow/.local/lib/python3.12/site-packages/airflow/example_dags/example_short_circuit_decorator.py took 0.048 seconds
[2025-01-11T13:17:39.791+0000] {processor.py:161} INFO - Started process (PID=36460) to work on /home/airflow/.local/lib/python3.12/site-packages/airflow/example_dags/example_short_circuit_decorator.py
[2025-01-11T13:17:39.792+0000] {processor.py:830} INFO - Processing file /home/airflow/.local/lib/python3.12/site-packages/airflow/example_dags/example_short_circuit_decorator.py for tasks to queue
[2025-01-11T13:17:39.793+0000] {logging_mixin.py:188} INFO - [2025-01-11T13:17:39.793+0000] {dagbag.py:545} INFO - Filling up the DagBag from /home/airflow/.local/lib/python3.12/site-packages/airflow/example_dags/example_short_circuit_decorator.py
[2025-01-11T13:17:39.798+0000] {processor.py:840} INFO - DAG(s) 'example_short_circuit_decorator' retrieved from /home/airflow/.local/lib/python3.12/site-packages/airflow/example_dags/example_short_circuit_decorator.py
[2025-01-11T13:17:39.812+0000] {logging_mixin.py:188} INFO - [2025-01-11T13:17:39.812+0000] {dag.py:3089} INFO - Sync 1 DAGs
[2025-01-11T13:17:39.824+0000] {logging_mixin.py:188} INFO - [2025-01-11T13:17:39.824+0000] {dag.py:3947} INFO - Setting next_dagrun for example_short_circuit_decorator to 2025-01-10 00:00:00+00:00, run_after=2025-01-11 00:00:00+00:00
[2025-01-11T13:17:39.834+0000] {processor.py:183} INFO - Processing /home/airflow/.local/lib/python3.12/site-packages/airflow/example_dags/example_short_circuit_decorator.py took 0.047 seconds
[2025-01-11T13:18:11.027+0000] {processor.py:161} INFO - Started process (PID=36739) to work on /home/airflow/.local/lib/python3.12/site-packages/airflow/example_dags/example_short_circuit_decorator.py
[2025-01-11T13:18:11.028+0000] {processor.py:830} INFO - Processing file /home/airflow/.local/lib/python3.12/site-packages/airflow/example_dags/example_short_circuit_decorator.py for tasks to queue
[2025-01-11T13:18:11.029+0000] {logging_mixin.py:188} INFO - [2025-01-11T13:18:11.029+0000] {dagbag.py:545} INFO - Filling up the DagBag from /home/airflow/.local/lib/python3.12/site-packages/airflow/example_dags/example_short_circuit_decorator.py
[2025-01-11T13:18:11.035+0000] {processor.py:840} INFO - DAG(s) 'example_short_circuit_decorator' retrieved from /home/airflow/.local/lib/python3.12/site-packages/airflow/example_dags/example_short_circuit_decorator.py
[2025-01-11T13:18:11.048+0000] {logging_mixin.py:188} INFO - [2025-01-11T13:18:11.048+0000] {dag.py:3089} INFO - Sync 1 DAGs
[2025-01-11T13:18:11.059+0000] {logging_mixin.py:188} INFO - [2025-01-11T13:18:11.059+0000] {dag.py:3947} INFO - Setting next_dagrun for example_short_circuit_decorator to 2025-01-10 00:00:00+00:00, run_after=2025-01-11 00:00:00+00:00
[2025-01-11T13:18:11.067+0000] {processor.py:183} INFO - Processing /home/airflow/.local/lib/python3.12/site-packages/airflow/example_dags/example_short_circuit_decorator.py took 0.044 seconds
[2025-01-11T13:18:43.685+0000] {processor.py:161} INFO - Started process (PID=37014) to work on /home/airflow/.local/lib/python3.12/site-packages/airflow/example_dags/example_short_circuit_decorator.py
[2025-01-11T13:18:43.685+0000] {processor.py:830} INFO - Processing file /home/airflow/.local/lib/python3.12/site-packages/airflow/example_dags/example_short_circuit_decorator.py for tasks to queue
[2025-01-11T13:18:43.686+0000] {logging_mixin.py:188} INFO - [2025-01-11T13:18:43.686+0000] {dagbag.py:545} INFO - Filling up the DagBag from /home/airflow/.local/lib/python3.12/site-packages/airflow/example_dags/example_short_circuit_decorator.py
[2025-01-11T13:18:43.692+0000] {processor.py:840} INFO - DAG(s) 'example_short_circuit_decorator' retrieved from /home/airflow/.local/lib/python3.12/site-packages/airflow/example_dags/example_short_circuit_decorator.py
[2025-01-11T13:18:43.706+0000] {logging_mixin.py:188} INFO - [2025-01-11T13:18:43.706+0000] {dag.py:3089} INFO - Sync 1 DAGs
[2025-01-11T13:18:43.717+0000] {logging_mixin.py:188} INFO - [2025-01-11T13:18:43.717+0000] {dag.py:3947} INFO - Setting next_dagrun for example_short_circuit_decorator to 2025-01-10 00:00:00+00:00, run_after=2025-01-11 00:00:00+00:00
[2025-01-11T13:18:43.728+0000] {processor.py:183} INFO - Processing /home/airflow/.local/lib/python3.12/site-packages/airflow/example_dags/example_short_circuit_decorator.py took 0.047 seconds
[2025-01-11T13:19:14.941+0000] {processor.py:161} INFO - Started process (PID=37291) to work on /home/airflow/.local/lib/python3.12/site-packages/airflow/example_dags/example_short_circuit_decorator.py
[2025-01-11T13:19:14.941+0000] {processor.py:830} INFO - Processing file /home/airflow/.local/lib/python3.12/site-packages/airflow/example_dags/example_short_circuit_decorator.py for tasks to queue
[2025-01-11T13:19:14.943+0000] {logging_mixin.py:188} INFO - [2025-01-11T13:19:14.942+0000] {dagbag.py:545} INFO - Filling up the DagBag from /home/airflow/.local/lib/python3.12/site-packages/airflow/example_dags/example_short_circuit_decorator.py
[2025-01-11T13:19:14.948+0000] {processor.py:840} INFO - DAG(s) 'example_short_circuit_decorator' retrieved from /home/airflow/.local/lib/python3.12/site-packages/airflow/example_dags/example_short_circuit_decorator.py
[2025-01-11T13:19:14.963+0000] {logging_mixin.py:188} INFO - [2025-01-11T13:19:14.962+0000] {dag.py:3089} INFO - Sync 1 DAGs
[2025-01-11T13:19:14.976+0000] {logging_mixin.py:188} INFO - [2025-01-11T13:19:14.976+0000] {dag.py:3947} INFO - Setting next_dagrun for example_short_circuit_decorator to 2025-01-10 00:00:00+00:00, run_after=2025-01-11 00:00:00+00:00
[2025-01-11T13:19:15.101+0000] {processor.py:183} INFO - Processing /home/airflow/.local/lib/python3.12/site-packages/airflow/example_dags/example_short_circuit_decorator.py took 0.164 seconds
[2025-01-11T13:19:46.134+0000] {processor.py:161} INFO - Started process (PID=37568) to work on /home/airflow/.local/lib/python3.12/site-packages/airflow/example_dags/example_short_circuit_decorator.py
[2025-01-11T13:19:46.135+0000] {processor.py:830} INFO - Processing file /home/airflow/.local/lib/python3.12/site-packages/airflow/example_dags/example_short_circuit_decorator.py for tasks to queue
[2025-01-11T13:19:46.136+0000] {logging_mixin.py:188} INFO - [2025-01-11T13:19:46.136+0000] {dagbag.py:545} INFO - Filling up the DagBag from /home/airflow/.local/lib/python3.12/site-packages/airflow/example_dags/example_short_circuit_decorator.py
[2025-01-11T13:19:46.141+0000] {processor.py:840} INFO - DAG(s) 'example_short_circuit_decorator' retrieved from /home/airflow/.local/lib/python3.12/site-packages/airflow/example_dags/example_short_circuit_decorator.py
[2025-01-11T13:19:46.156+0000] {logging_mixin.py:188} INFO - [2025-01-11T13:19:46.156+0000] {dag.py:3089} INFO - Sync 1 DAGs
[2025-01-11T13:19:46.169+0000] {logging_mixin.py:188} INFO - [2025-01-11T13:19:46.168+0000] {dag.py:3947} INFO - Setting next_dagrun for example_short_circuit_decorator to 2025-01-10 00:00:00+00:00, run_after=2025-01-11 00:00:00+00:00
[2025-01-11T13:19:46.180+0000] {processor.py:183} INFO - Processing /home/airflow/.local/lib/python3.12/site-packages/airflow/example_dags/example_short_circuit_decorator.py took 0.050 seconds
[2025-01-11T13:20:16.778+0000] {processor.py:161} INFO - Started process (PID=37846) to work on /home/airflow/.local/lib/python3.12/site-packages/airflow/example_dags/example_short_circuit_decorator.py
[2025-01-11T13:20:16.779+0000] {processor.py:830} INFO - Processing file /home/airflow/.local/lib/python3.12/site-packages/airflow/example_dags/example_short_circuit_decorator.py for tasks to queue
[2025-01-11T13:20:16.780+0000] {logging_mixin.py:188} INFO - [2025-01-11T13:20:16.780+0000] {dagbag.py:545} INFO - Filling up the DagBag from /home/airflow/.local/lib/python3.12/site-packages/airflow/example_dags/example_short_circuit_decorator.py
[2025-01-11T13:20:16.788+0000] {processor.py:840} INFO - DAG(s) 'example_short_circuit_decorator' retrieved from /home/airflow/.local/lib/python3.12/site-packages/airflow/example_dags/example_short_circuit_decorator.py
[2025-01-11T13:20:16.804+0000] {logging_mixin.py:188} INFO - [2025-01-11T13:20:16.804+0000] {dag.py:3089} INFO - Sync 1 DAGs
[2025-01-11T13:20:16.818+0000] {logging_mixin.py:188} INFO - [2025-01-11T13:20:16.818+0000] {dag.py:3947} INFO - Setting next_dagrun for example_short_circuit_decorator to 2025-01-10 00:00:00+00:00, run_after=2025-01-11 00:00:00+00:00
[2025-01-11T13:20:16.830+0000] {processor.py:183} INFO - Processing /home/airflow/.local/lib/python3.12/site-packages/airflow/example_dags/example_short_circuit_decorator.py took 0.057 seconds
[2025-01-11T13:23:29.986+0000] {processor.py:161} INFO - Started process (PID=38123) to work on /home/airflow/.local/lib/python3.12/site-packages/airflow/example_dags/example_short_circuit_decorator.py
[2025-01-11T13:23:29.987+0000] {processor.py:830} INFO - Processing file /home/airflow/.local/lib/python3.12/site-packages/airflow/example_dags/example_short_circuit_decorator.py for tasks to queue
[2025-01-11T13:23:29.988+0000] {logging_mixin.py:188} INFO - [2025-01-11T13:23:29.988+0000] {dagbag.py:545} INFO - Filling up the DagBag from /home/airflow/.local/lib/python3.12/site-packages/airflow/example_dags/example_short_circuit_decorator.py
[2025-01-11T13:23:29.995+0000] {processor.py:840} INFO - DAG(s) 'example_short_circuit_decorator' retrieved from /home/airflow/.local/lib/python3.12/site-packages/airflow/example_dags/example_short_circuit_decorator.py
[2025-01-11T13:23:30.014+0000] {logging_mixin.py:188} INFO - [2025-01-11T13:23:30.013+0000] {dag.py:3089} INFO - Sync 1 DAGs
[2025-01-11T13:23:30.033+0000] {logging_mixin.py:188} INFO - [2025-01-11T13:23:30.033+0000] {dag.py:3947} INFO - Setting next_dagrun for example_short_circuit_decorator to 2025-01-10 00:00:00+00:00, run_after=2025-01-11 00:00:00+00:00
[2025-01-11T13:23:30.049+0000] {processor.py:183} INFO - Processing /home/airflow/.local/lib/python3.12/site-packages/airflow/example_dags/example_short_circuit_decorator.py took 0.068 seconds
[2025-01-11T13:24:01.188+0000] {processor.py:161} INFO - Started process (PID=38402) to work on /home/airflow/.local/lib/python3.12/site-packages/airflow/example_dags/example_short_circuit_decorator.py
[2025-01-11T13:24:01.189+0000] {processor.py:830} INFO - Processing file /home/airflow/.local/lib/python3.12/site-packages/airflow/example_dags/example_short_circuit_decorator.py for tasks to queue
[2025-01-11T13:24:01.190+0000] {logging_mixin.py:188} INFO - [2025-01-11T13:24:01.190+0000] {dagbag.py:545} INFO - Filling up the DagBag from /home/airflow/.local/lib/python3.12/site-packages/airflow/example_dags/example_short_circuit_decorator.py
[2025-01-11T13:24:01.195+0000] {processor.py:840} INFO - DAG(s) 'example_short_circuit_decorator' retrieved from /home/airflow/.local/lib/python3.12/site-packages/airflow/example_dags/example_short_circuit_decorator.py
[2025-01-11T13:24:01.308+0000] {logging_mixin.py:188} INFO - [2025-01-11T13:24:01.308+0000] {dag.py:3089} INFO - Sync 1 DAGs
[2025-01-11T13:24:01.316+0000] {logging_mixin.py:188} INFO - [2025-01-11T13:24:01.316+0000] {dag.py:3947} INFO - Setting next_dagrun for example_short_circuit_decorator to 2025-01-10 00:00:00+00:00, run_after=2025-01-11 00:00:00+00:00
[2025-01-11T13:24:01.325+0000] {processor.py:183} INFO - Processing /home/airflow/.local/lib/python3.12/site-packages/airflow/example_dags/example_short_circuit_decorator.py took 0.141 seconds
[2025-01-11T13:24:32.294+0000] {processor.py:161} INFO - Started process (PID=38679) to work on /home/airflow/.local/lib/python3.12/site-packages/airflow/example_dags/example_short_circuit_decorator.py
[2025-01-11T13:24:32.295+0000] {processor.py:830} INFO - Processing file /home/airflow/.local/lib/python3.12/site-packages/airflow/example_dags/example_short_circuit_decorator.py for tasks to queue
[2025-01-11T13:24:32.296+0000] {logging_mixin.py:188} INFO - [2025-01-11T13:24:32.296+0000] {dagbag.py:545} INFO - Filling up the DagBag from /home/airflow/.local/lib/python3.12/site-packages/airflow/example_dags/example_short_circuit_decorator.py
[2025-01-11T13:24:32.302+0000] {processor.py:840} INFO - DAG(s) 'example_short_circuit_decorator' retrieved from /home/airflow/.local/lib/python3.12/site-packages/airflow/example_dags/example_short_circuit_decorator.py
[2025-01-11T13:24:32.317+0000] {logging_mixin.py:188} INFO - [2025-01-11T13:24:32.317+0000] {dag.py:3089} INFO - Sync 1 DAGs
[2025-01-11T13:24:32.328+0000] {logging_mixin.py:188} INFO - [2025-01-11T13:24:32.328+0000] {dag.py:3947} INFO - Setting next_dagrun for example_short_circuit_decorator to 2025-01-10 00:00:00+00:00, run_after=2025-01-11 00:00:00+00:00
[2025-01-11T13:24:32.337+0000] {processor.py:183} INFO - Processing /home/airflow/.local/lib/python3.12/site-packages/airflow/example_dags/example_short_circuit_decorator.py took 0.047 seconds
[2025-01-11T13:25:02.497+0000] {processor.py:161} INFO - Started process (PID=38956) to work on /home/airflow/.local/lib/python3.12/site-packages/airflow/example_dags/example_short_circuit_decorator.py
[2025-01-11T13:25:02.498+0000] {processor.py:830} INFO - Processing file /home/airflow/.local/lib/python3.12/site-packages/airflow/example_dags/example_short_circuit_decorator.py for tasks to queue
[2025-01-11T13:25:02.500+0000] {logging_mixin.py:188} INFO - [2025-01-11T13:25:02.500+0000] {dagbag.py:545} INFO - Filling up the DagBag from /home/airflow/.local/lib/python3.12/site-packages/airflow/example_dags/example_short_circuit_decorator.py
[2025-01-11T13:25:02.506+0000] {processor.py:840} INFO - DAG(s) 'example_short_circuit_decorator' retrieved from /home/airflow/.local/lib/python3.12/site-packages/airflow/example_dags/example_short_circuit_decorator.py
[2025-01-11T13:25:02.521+0000] {logging_mixin.py:188} INFO - [2025-01-11T13:25:02.521+0000] {dag.py:3089} INFO - Sync 1 DAGs
[2025-01-11T13:25:02.535+0000] {logging_mixin.py:188} INFO - [2025-01-11T13:25:02.535+0000] {dag.py:3947} INFO - Setting next_dagrun for example_short_circuit_decorator to 2025-01-10 00:00:00+00:00, run_after=2025-01-11 00:00:00+00:00
[2025-01-11T13:25:02.546+0000] {processor.py:183} INFO - Processing /home/airflow/.local/lib/python3.12/site-packages/airflow/example_dags/example_short_circuit_decorator.py took 0.055 seconds
[2025-01-11T13:25:32.768+0000] {processor.py:161} INFO - Started process (PID=39233) to work on /home/airflow/.local/lib/python3.12/site-packages/airflow/example_dags/example_short_circuit_decorator.py
[2025-01-11T13:25:32.769+0000] {processor.py:830} INFO - Processing file /home/airflow/.local/lib/python3.12/site-packages/airflow/example_dags/example_short_circuit_decorator.py for tasks to queue
[2025-01-11T13:25:32.770+0000] {logging_mixin.py:188} INFO - [2025-01-11T13:25:32.770+0000] {dagbag.py:545} INFO - Filling up the DagBag from /home/airflow/.local/lib/python3.12/site-packages/airflow/example_dags/example_short_circuit_decorator.py
[2025-01-11T13:25:32.783+0000] {processor.py:840} INFO - DAG(s) 'example_short_circuit_decorator' retrieved from /home/airflow/.local/lib/python3.12/site-packages/airflow/example_dags/example_short_circuit_decorator.py
[2025-01-11T13:25:32.799+0000] {logging_mixin.py:188} INFO - [2025-01-11T13:25:32.799+0000] {dag.py:3089} INFO - Sync 1 DAGs
[2025-01-11T13:25:32.810+0000] {logging_mixin.py:188} INFO - [2025-01-11T13:25:32.810+0000] {dag.py:3947} INFO - Setting next_dagrun for example_short_circuit_decorator to 2025-01-10 00:00:00+00:00, run_after=2025-01-11 00:00:00+00:00
[2025-01-11T13:25:32.820+0000] {processor.py:183} INFO - Processing /home/airflow/.local/lib/python3.12/site-packages/airflow/example_dags/example_short_circuit_decorator.py took 0.057 seconds
[2025-01-11T13:26:02.887+0000] {processor.py:161} INFO - Started process (PID=39510) to work on /home/airflow/.local/lib/python3.12/site-packages/airflow/example_dags/example_short_circuit_decorator.py
[2025-01-11T13:26:02.888+0000] {processor.py:830} INFO - Processing file /home/airflow/.local/lib/python3.12/site-packages/airflow/example_dags/example_short_circuit_decorator.py for tasks to queue
[2025-01-11T13:26:02.890+0000] {logging_mixin.py:188} INFO - [2025-01-11T13:26:02.890+0000] {dagbag.py:545} INFO - Filling up the DagBag from /home/airflow/.local/lib/python3.12/site-packages/airflow/example_dags/example_short_circuit_decorator.py
[2025-01-11T13:26:02.896+0000] {processor.py:840} INFO - DAG(s) 'example_short_circuit_decorator' retrieved from /home/airflow/.local/lib/python3.12/site-packages/airflow/example_dags/example_short_circuit_decorator.py
[2025-01-11T13:26:02.910+0000] {logging_mixin.py:188} INFO - [2025-01-11T13:26:02.910+0000] {dag.py:3089} INFO - Sync 1 DAGs
[2025-01-11T13:26:02.921+0000] {logging_mixin.py:188} INFO - [2025-01-11T13:26:02.921+0000] {dag.py:3947} INFO - Setting next_dagrun for example_short_circuit_decorator to 2025-01-10 00:00:00+00:00, run_after=2025-01-11 00:00:00+00:00
[2025-01-11T13:26:02.930+0000] {processor.py:183} INFO - Processing /home/airflow/.local/lib/python3.12/site-packages/airflow/example_dags/example_short_circuit_decorator.py took 0.048 seconds
[2025-01-11T13:26:33.412+0000] {processor.py:161} INFO - Started process (PID=39790) to work on /home/airflow/.local/lib/python3.12/site-packages/airflow/example_dags/example_short_circuit_decorator.py
[2025-01-11T13:26:33.412+0000] {processor.py:830} INFO - Processing file /home/airflow/.local/lib/python3.12/site-packages/airflow/example_dags/example_short_circuit_decorator.py for tasks to queue
[2025-01-11T13:26:33.413+0000] {logging_mixin.py:188} INFO - [2025-01-11T13:26:33.413+0000] {dagbag.py:545} INFO - Filling up the DagBag from /home/airflow/.local/lib/python3.12/site-packages/airflow/example_dags/example_short_circuit_decorator.py
[2025-01-11T13:26:33.419+0000] {processor.py:840} INFO - DAG(s) 'example_short_circuit_decorator' retrieved from /home/airflow/.local/lib/python3.12/site-packages/airflow/example_dags/example_short_circuit_decorator.py
[2025-01-11T13:26:33.436+0000] {logging_mixin.py:188} INFO - [2025-01-11T13:26:33.436+0000] {dag.py:3089} INFO - Sync 1 DAGs
[2025-01-11T13:26:33.447+0000] {logging_mixin.py:188} INFO - [2025-01-11T13:26:33.447+0000] {dag.py:3947} INFO - Setting next_dagrun for example_short_circuit_decorator to 2025-01-10 00:00:00+00:00, run_after=2025-01-11 00:00:00+00:00
[2025-01-11T13:26:33.458+0000] {processor.py:183} INFO - Processing /home/airflow/.local/lib/python3.12/site-packages/airflow/example_dags/example_short_circuit_decorator.py took 0.049 seconds
[2025-01-11T13:27:03.720+0000] {processor.py:161} INFO - Started process (PID=40068) to work on /home/airflow/.local/lib/python3.12/site-packages/airflow/example_dags/example_short_circuit_decorator.py
[2025-01-11T13:27:03.722+0000] {processor.py:830} INFO - Processing file /home/airflow/.local/lib/python3.12/site-packages/airflow/example_dags/example_short_circuit_decorator.py for tasks to queue
[2025-01-11T13:27:03.723+0000] {logging_mixin.py:188} INFO - [2025-01-11T13:27:03.723+0000] {dagbag.py:545} INFO - Filling up the DagBag from /home/airflow/.local/lib/python3.12/site-packages/airflow/example_dags/example_short_circuit_decorator.py
[2025-01-11T13:27:03.729+0000] {processor.py:840} INFO - DAG(s) 'example_short_circuit_decorator' retrieved from /home/airflow/.local/lib/python3.12/site-packages/airflow/example_dags/example_short_circuit_decorator.py
[2025-01-11T13:27:03.742+0000] {logging_mixin.py:188} INFO - [2025-01-11T13:27:03.742+0000] {dag.py:3089} INFO - Sync 1 DAGs
[2025-01-11T13:27:03.753+0000] {logging_mixin.py:188} INFO - [2025-01-11T13:27:03.753+0000] {dag.py:3947} INFO - Setting next_dagrun for example_short_circuit_decorator to 2025-01-10 00:00:00+00:00, run_after=2025-01-11 00:00:00+00:00
[2025-01-11T13:27:03.765+0000] {processor.py:183} INFO - Processing /home/airflow/.local/lib/python3.12/site-packages/airflow/example_dags/example_short_circuit_decorator.py took 0.048 seconds
[2025-01-11T13:27:34.971+0000] {processor.py:161} INFO - Started process (PID=40380) to work on /home/airflow/.local/lib/python3.12/site-packages/airflow/example_dags/example_short_circuit_decorator.py
[2025-01-11T13:27:34.972+0000] {processor.py:830} INFO - Processing file /home/airflow/.local/lib/python3.12/site-packages/airflow/example_dags/example_short_circuit_decorator.py for tasks to queue
[2025-01-11T13:27:34.974+0000] {logging_mixin.py:188} INFO - [2025-01-11T13:27:34.974+0000] {dagbag.py:545} INFO - Filling up the DagBag from /home/airflow/.local/lib/python3.12/site-packages/airflow/example_dags/example_short_circuit_decorator.py
[2025-01-11T13:27:34.979+0000] {processor.py:840} INFO - DAG(s) 'example_short_circuit_decorator' retrieved from /home/airflow/.local/lib/python3.12/site-packages/airflow/example_dags/example_short_circuit_decorator.py
[2025-01-11T13:27:34.994+0000] {logging_mixin.py:188} INFO - [2025-01-11T13:27:34.994+0000] {dag.py:3089} INFO - Sync 1 DAGs
[2025-01-11T13:27:35.006+0000] {logging_mixin.py:188} INFO - [2025-01-11T13:27:35.006+0000] {dag.py:3947} INFO - Setting next_dagrun for example_short_circuit_decorator to 2025-01-10 00:00:00+00:00, run_after=2025-01-11 00:00:00+00:00
[2025-01-11T13:27:35.018+0000] {processor.py:183} INFO - Processing /home/airflow/.local/lib/python3.12/site-packages/airflow/example_dags/example_short_circuit_decorator.py took 0.051 seconds
[2025-01-11T13:28:05.729+0000] {processor.py:161} INFO - Started process (PID=40659) to work on /home/airflow/.local/lib/python3.12/site-packages/airflow/example_dags/example_short_circuit_decorator.py
[2025-01-11T13:28:05.730+0000] {processor.py:830} INFO - Processing file /home/airflow/.local/lib/python3.12/site-packages/airflow/example_dags/example_short_circuit_decorator.py for tasks to queue
[2025-01-11T13:28:05.731+0000] {logging_mixin.py:188} INFO - [2025-01-11T13:28:05.731+0000] {dagbag.py:545} INFO - Filling up the DagBag from /home/airflow/.local/lib/python3.12/site-packages/airflow/example_dags/example_short_circuit_decorator.py
[2025-01-11T13:28:05.737+0000] {processor.py:840} INFO - DAG(s) 'example_short_circuit_decorator' retrieved from /home/airflow/.local/lib/python3.12/site-packages/airflow/example_dags/example_short_circuit_decorator.py
[2025-01-11T13:28:05.751+0000] {logging_mixin.py:188} INFO - [2025-01-11T13:28:05.751+0000] {dag.py:3089} INFO - Sync 1 DAGs
[2025-01-11T13:28:05.763+0000] {logging_mixin.py:188} INFO - [2025-01-11T13:28:05.762+0000] {dag.py:3947} INFO - Setting next_dagrun for example_short_circuit_decorator to 2025-01-10 00:00:00+00:00, run_after=2025-01-11 00:00:00+00:00
[2025-01-11T13:28:05.773+0000] {processor.py:183} INFO - Processing /home/airflow/.local/lib/python3.12/site-packages/airflow/example_dags/example_short_circuit_decorator.py took 0.047 seconds
[2025-01-11T13:28:36.157+0000] {processor.py:161} INFO - Started process (PID=40934) to work on /home/airflow/.local/lib/python3.12/site-packages/airflow/example_dags/example_short_circuit_decorator.py
[2025-01-11T13:28:36.158+0000] {processor.py:830} INFO - Processing file /home/airflow/.local/lib/python3.12/site-packages/airflow/example_dags/example_short_circuit_decorator.py for tasks to queue
[2025-01-11T13:28:36.159+0000] {logging_mixin.py:188} INFO - [2025-01-11T13:28:36.158+0000] {dagbag.py:545} INFO - Filling up the DagBag from /home/airflow/.local/lib/python3.12/site-packages/airflow/example_dags/example_short_circuit_decorator.py
[2025-01-11T13:28:36.164+0000] {processor.py:840} INFO - DAG(s) 'example_short_circuit_decorator' retrieved from /home/airflow/.local/lib/python3.12/site-packages/airflow/example_dags/example_short_circuit_decorator.py
[2025-01-11T13:28:36.178+0000] {logging_mixin.py:188} INFO - [2025-01-11T13:28:36.178+0000] {dag.py:3089} INFO - Sync 1 DAGs
[2025-01-11T13:28:36.190+0000] {logging_mixin.py:188} INFO - [2025-01-11T13:28:36.190+0000] {dag.py:3947} INFO - Setting next_dagrun for example_short_circuit_decorator to 2025-01-10 00:00:00+00:00, run_after=2025-01-11 00:00:00+00:00
[2025-01-11T13:28:36.201+0000] {processor.py:183} INFO - Processing /home/airflow/.local/lib/python3.12/site-packages/airflow/example_dags/example_short_circuit_decorator.py took 0.048 seconds
[2025-01-11T13:29:06.721+0000] {processor.py:161} INFO - Started process (PID=41228) to work on /home/airflow/.local/lib/python3.12/site-packages/airflow/example_dags/example_short_circuit_decorator.py
[2025-01-11T13:29:06.722+0000] {processor.py:830} INFO - Processing file /home/airflow/.local/lib/python3.12/site-packages/airflow/example_dags/example_short_circuit_decorator.py for tasks to queue
[2025-01-11T13:29:06.723+0000] {logging_mixin.py:188} INFO - [2025-01-11T13:29:06.723+0000] {dagbag.py:545} INFO - Filling up the DagBag from /home/airflow/.local/lib/python3.12/site-packages/airflow/example_dags/example_short_circuit_decorator.py
[2025-01-11T13:29:06.729+0000] {processor.py:840} INFO - DAG(s) 'example_short_circuit_decorator' retrieved from /home/airflow/.local/lib/python3.12/site-packages/airflow/example_dags/example_short_circuit_decorator.py
[2025-01-11T13:29:06.743+0000] {logging_mixin.py:188} INFO - [2025-01-11T13:29:06.742+0000] {dag.py:3089} INFO - Sync 1 DAGs
[2025-01-11T13:29:06.754+0000] {logging_mixin.py:188} INFO - [2025-01-11T13:29:06.754+0000] {dag.py:3947} INFO - Setting next_dagrun for example_short_circuit_decorator to 2025-01-10 00:00:00+00:00, run_after=2025-01-11 00:00:00+00:00
[2025-01-11T13:29:06.765+0000] {processor.py:183} INFO - Processing /home/airflow/.local/lib/python3.12/site-packages/airflow/example_dags/example_short_circuit_decorator.py took 0.049 seconds
[2025-01-11T15:30:12.373+0000] {processor.py:161} INFO - Started process (PID=41537) to work on /home/airflow/.local/lib/python3.12/site-packages/airflow/example_dags/example_short_circuit_decorator.py
[2025-01-11T15:30:12.375+0000] {processor.py:830} INFO - Processing file /home/airflow/.local/lib/python3.12/site-packages/airflow/example_dags/example_short_circuit_decorator.py for tasks to queue
[2025-01-11T15:30:12.376+0000] {logging_mixin.py:188} INFO - [2025-01-11T15:30:12.376+0000] {dagbag.py:545} INFO - Filling up the DagBag from /home/airflow/.local/lib/python3.12/site-packages/airflow/example_dags/example_short_circuit_decorator.py
[2025-01-11T15:30:12.384+0000] {processor.py:840} INFO - DAG(s) 'example_short_circuit_decorator' retrieved from /home/airflow/.local/lib/python3.12/site-packages/airflow/example_dags/example_short_circuit_decorator.py
[2025-01-11T15:30:12.409+0000] {logging_mixin.py:188} INFO - [2025-01-11T15:30:12.409+0000] {dag.py:3089} INFO - Sync 1 DAGs
[2025-01-11T15:30:12.440+0000] {logging_mixin.py:188} INFO - [2025-01-11T15:30:12.439+0000] {dag.py:3947} INFO - Setting next_dagrun for example_short_circuit_decorator to 2025-01-10 00:00:00+00:00, run_after=2025-01-11 00:00:00+00:00
[2025-01-11T15:30:12.454+0000] {processor.py:183} INFO - Processing /home/airflow/.local/lib/python3.12/site-packages/airflow/example_dags/example_short_circuit_decorator.py took 0.087 seconds
[2025-01-11T15:30:44.831+0000] {processor.py:161} INFO - Started process (PID=41810) to work on /home/airflow/.local/lib/python3.12/site-packages/airflow/example_dags/example_short_circuit_decorator.py
[2025-01-11T15:30:44.835+0000] {processor.py:830} INFO - Processing file /home/airflow/.local/lib/python3.12/site-packages/airflow/example_dags/example_short_circuit_decorator.py for tasks to queue
[2025-01-11T15:30:44.839+0000] {logging_mixin.py:188} INFO - [2025-01-11T15:30:44.839+0000] {dagbag.py:545} INFO - Filling up the DagBag from /home/airflow/.local/lib/python3.12/site-packages/airflow/example_dags/example_short_circuit_decorator.py
[2025-01-11T15:30:44.853+0000] {processor.py:840} INFO - DAG(s) 'example_short_circuit_decorator' retrieved from /home/airflow/.local/lib/python3.12/site-packages/airflow/example_dags/example_short_circuit_decorator.py
[2025-01-11T15:30:44.879+0000] {logging_mixin.py:188} INFO - [2025-01-11T15:30:44.879+0000] {dag.py:3089} INFO - Sync 1 DAGs
[2025-01-11T15:30:44.902+0000] {logging_mixin.py:188} INFO - [2025-01-11T15:30:44.901+0000] {dag.py:3947} INFO - Setting next_dagrun for example_short_circuit_decorator to 2025-01-10 00:00:00+00:00, run_after=2025-01-11 00:00:00+00:00
[2025-01-11T15:30:44.921+0000] {processor.py:183} INFO - Processing /home/airflow/.local/lib/python3.12/site-packages/airflow/example_dags/example_short_circuit_decorator.py took 0.108 seconds
