[2025-01-11T11:45:56.784+0000] {processor.py:161} INFO - Started process (PID=251) to work on /home/airflow/.local/lib/python3.12/site-packages/airflow/example_dags/example_branch_datetime_operator.py
[2025-01-11T11:45:56.785+0000] {processor.py:830} INFO - Processing file /home/airflow/.local/lib/python3.12/site-packages/airflow/example_dags/example_branch_datetime_operator.py for tasks to queue
[2025-01-11T11:45:56.786+0000] {logging_mixin.py:188} INFO - [2025-01-11T11:45:56.786+0000] {dagbag.py:545} INFO - Filling up the DagBag from /home/airflow/.local/lib/python3.12/site-packages/airflow/example_dags/example_branch_datetime_operator.py
[2025-01-11T11:45:56.796+0000] {processor.py:840} INFO - DAG(s) 'example_branch_datetime_operator_3', 'example_branch_datetime_operator_2', 'example_branch_datetime_operator' retrieved from /home/airflow/.local/lib/python3.12/site-packages/airflow/example_dags/example_branch_datetime_operator.py
[2025-01-11T11:45:56.805+0000] {logging_mixin.py:188} INFO - [2025-01-11T11:45:56.805+0000] {dag.py:3089} INFO - Sync 3 DAGs
[2025-01-11T11:45:56.819+0000] {logging_mixin.py:188} INFO - [2025-01-11T11:45:56.819+0000] {dag.py:3947} INFO - Setting next_dagrun for example_branch_datetime_operator to 2025-01-10 00:00:00+00:00, run_after=2025-01-11 00:00:00+00:00
[2025-01-11T11:45:56.822+0000] {logging_mixin.py:188} INFO - [2025-01-11T11:45:56.822+0000] {dag.py:3947} INFO - Setting next_dagrun for example_branch_datetime_operator_2 to 2025-01-10 00:00:00+00:00, run_after=2025-01-11 00:00:00+00:00
[2025-01-11T11:45:56.823+0000] {logging_mixin.py:188} INFO - [2025-01-11T11:45:56.823+0000] {dag.py:3947} INFO - Setting next_dagrun for example_branch_datetime_operator_3 to 2025-01-10 00:00:00+00:00, run_after=2025-01-11 00:00:00+00:00
[2025-01-11T11:45:56.837+0000] {processor.py:183} INFO - Processing /home/airflow/.local/lib/python3.12/site-packages/airflow/example_dags/example_branch_datetime_operator.py took 0.056 seconds
[2025-01-11T11:46:27.578+0000] {processor.py:161} INFO - Started process (PID=528) to work on /home/airflow/.local/lib/python3.12/site-packages/airflow/example_dags/example_branch_datetime_operator.py
[2025-01-11T11:46:27.579+0000] {processor.py:830} INFO - Processing file /home/airflow/.local/lib/python3.12/site-packages/airflow/example_dags/example_branch_datetime_operator.py for tasks to queue
[2025-01-11T11:46:27.580+0000] {logging_mixin.py:188} INFO - [2025-01-11T11:46:27.580+0000] {dagbag.py:545} INFO - Filling up the DagBag from /home/airflow/.local/lib/python3.12/site-packages/airflow/example_dags/example_branch_datetime_operator.py
[2025-01-11T11:46:27.586+0000] {processor.py:840} INFO - DAG(s) 'example_branch_datetime_operator_2', 'example_branch_datetime_operator_3', 'example_branch_datetime_operator' retrieved from /home/airflow/.local/lib/python3.12/site-packages/airflow/example_dags/example_branch_datetime_operator.py
[2025-01-11T11:46:27.598+0000] {logging_mixin.py:188} INFO - [2025-01-11T11:46:27.598+0000] {dag.py:3089} INFO - Sync 3 DAGs
[2025-01-11T11:46:27.616+0000] {logging_mixin.py:188} INFO - [2025-01-11T11:46:27.616+0000] {dag.py:3947} INFO - Setting next_dagrun for example_branch_datetime_operator to 2025-01-10 00:00:00+00:00, run_after=2025-01-11 00:00:00+00:00
[2025-01-11T11:46:27.619+0000] {logging_mixin.py:188} INFO - [2025-01-11T11:46:27.619+0000] {dag.py:3947} INFO - Setting next_dagrun for example_branch_datetime_operator_2 to 2025-01-10 00:00:00+00:00, run_after=2025-01-11 00:00:00+00:00
[2025-01-11T11:46:27.620+0000] {logging_mixin.py:188} INFO - [2025-01-11T11:46:27.620+0000] {dag.py:3947} INFO - Setting next_dagrun for example_branch_datetime_operator_3 to 2025-01-10 00:00:00+00:00, run_after=2025-01-11 00:00:00+00:00
[2025-01-11T11:46:27.634+0000] {processor.py:183} INFO - Processing /home/airflow/.local/lib/python3.12/site-packages/airflow/example_dags/example_branch_datetime_operator.py took 0.061 seconds
[2025-01-11T11:46:58.161+0000] {processor.py:161} INFO - Started process (PID=805) to work on /home/airflow/.local/lib/python3.12/site-packages/airflow/example_dags/example_branch_datetime_operator.py
[2025-01-11T11:46:58.161+0000] {processor.py:830} INFO - Processing file /home/airflow/.local/lib/python3.12/site-packages/airflow/example_dags/example_branch_datetime_operator.py for tasks to queue
[2025-01-11T11:46:58.163+0000] {logging_mixin.py:188} INFO - [2025-01-11T11:46:58.162+0000] {dagbag.py:545} INFO - Filling up the DagBag from /home/airflow/.local/lib/python3.12/site-packages/airflow/example_dags/example_branch_datetime_operator.py
[2025-01-11T11:46:58.169+0000] {processor.py:840} INFO - DAG(s) 'example_branch_datetime_operator_2', 'example_branch_datetime_operator_3', 'example_branch_datetime_operator' retrieved from /home/airflow/.local/lib/python3.12/site-packages/airflow/example_dags/example_branch_datetime_operator.py
[2025-01-11T11:46:58.235+0000] {logging_mixin.py:188} INFO - [2025-01-11T11:46:58.235+0000] {dag.py:3089} INFO - Sync 3 DAGs
[2025-01-11T11:46:58.247+0000] {logging_mixin.py:188} INFO - [2025-01-11T11:46:58.246+0000] {dag.py:3947} INFO - Setting next_dagrun for example_branch_datetime_operator to 2025-01-10 00:00:00+00:00, run_after=2025-01-11 00:00:00+00:00
[2025-01-11T11:46:58.249+0000] {logging_mixin.py:188} INFO - [2025-01-11T11:46:58.248+0000] {dag.py:3947} INFO - Setting next_dagrun for example_branch_datetime_operator_2 to 2025-01-10 00:00:00+00:00, run_after=2025-01-11 00:00:00+00:00
[2025-01-11T11:46:58.250+0000] {logging_mixin.py:188} INFO - [2025-01-11T11:46:58.250+0000] {dag.py:3947} INFO - Setting next_dagrun for example_branch_datetime_operator_3 to 2025-01-10 00:00:00+00:00, run_after=2025-01-11 00:00:00+00:00
[2025-01-11T11:46:58.260+0000] {processor.py:183} INFO - Processing /home/airflow/.local/lib/python3.12/site-packages/airflow/example_dags/example_branch_datetime_operator.py took 0.104 seconds
[2025-01-11T11:47:29.106+0000] {processor.py:161} INFO - Started process (PID=1083) to work on /home/airflow/.local/lib/python3.12/site-packages/airflow/example_dags/example_branch_datetime_operator.py
[2025-01-11T11:47:29.107+0000] {processor.py:830} INFO - Processing file /home/airflow/.local/lib/python3.12/site-packages/airflow/example_dags/example_branch_datetime_operator.py for tasks to queue
[2025-01-11T11:47:29.108+0000] {logging_mixin.py:188} INFO - [2025-01-11T11:47:29.108+0000] {dagbag.py:545} INFO - Filling up the DagBag from /home/airflow/.local/lib/python3.12/site-packages/airflow/example_dags/example_branch_datetime_operator.py
[2025-01-11T11:47:29.114+0000] {processor.py:840} INFO - DAG(s) 'example_branch_datetime_operator_3', 'example_branch_datetime_operator_2', 'example_branch_datetime_operator' retrieved from /home/airflow/.local/lib/python3.12/site-packages/airflow/example_dags/example_branch_datetime_operator.py
[2025-01-11T11:47:29.131+0000] {logging_mixin.py:188} INFO - [2025-01-11T11:47:29.131+0000] {dag.py:3089} INFO - Sync 3 DAGs
[2025-01-11T11:47:29.144+0000] {logging_mixin.py:188} INFO - [2025-01-11T11:47:29.143+0000] {dag.py:3947} INFO - Setting next_dagrun for example_branch_datetime_operator to 2025-01-10 00:00:00+00:00, run_after=2025-01-11 00:00:00+00:00
[2025-01-11T11:47:29.147+0000] {logging_mixin.py:188} INFO - [2025-01-11T11:47:29.147+0000] {dag.py:3947} INFO - Setting next_dagrun for example_branch_datetime_operator_2 to 2025-01-10 00:00:00+00:00, run_after=2025-01-11 00:00:00+00:00
[2025-01-11T11:47:29.148+0000] {logging_mixin.py:188} INFO - [2025-01-11T11:47:29.148+0000] {dag.py:3947} INFO - Setting next_dagrun for example_branch_datetime_operator_3 to 2025-01-10 00:00:00+00:00, run_after=2025-01-11 00:00:00+00:00
[2025-01-11T11:47:29.157+0000] {processor.py:183} INFO - Processing /home/airflow/.local/lib/python3.12/site-packages/airflow/example_dags/example_branch_datetime_operator.py took 0.054 seconds
[2025-01-11T11:47:59.677+0000] {processor.py:161} INFO - Started process (PID=1360) to work on /home/airflow/.local/lib/python3.12/site-packages/airflow/example_dags/example_branch_datetime_operator.py
[2025-01-11T11:47:59.678+0000] {processor.py:830} INFO - Processing file /home/airflow/.local/lib/python3.12/site-packages/airflow/example_dags/example_branch_datetime_operator.py for tasks to queue
[2025-01-11T11:47:59.679+0000] {logging_mixin.py:188} INFO - [2025-01-11T11:47:59.679+0000] {dagbag.py:545} INFO - Filling up the DagBag from /home/airflow/.local/lib/python3.12/site-packages/airflow/example_dags/example_branch_datetime_operator.py
[2025-01-11T11:47:59.684+0000] {processor.py:840} INFO - DAG(s) 'example_branch_datetime_operator', 'example_branch_datetime_operator_2', 'example_branch_datetime_operator_3' retrieved from /home/airflow/.local/lib/python3.12/site-packages/airflow/example_dags/example_branch_datetime_operator.py
[2025-01-11T11:47:59.699+0000] {logging_mixin.py:188} INFO - [2025-01-11T11:47:59.699+0000] {dag.py:3089} INFO - Sync 3 DAGs
[2025-01-11T11:47:59.710+0000] {logging_mixin.py:188} INFO - [2025-01-11T11:47:59.710+0000] {dag.py:3947} INFO - Setting next_dagrun for example_branch_datetime_operator to 2025-01-10 00:00:00+00:00, run_after=2025-01-11 00:00:00+00:00
[2025-01-11T11:47:59.713+0000] {logging_mixin.py:188} INFO - [2025-01-11T11:47:59.713+0000] {dag.py:3947} INFO - Setting next_dagrun for example_branch_datetime_operator_2 to 2025-01-10 00:00:00+00:00, run_after=2025-01-11 00:00:00+00:00
[2025-01-11T11:47:59.714+0000] {logging_mixin.py:188} INFO - [2025-01-11T11:47:59.714+0000] {dag.py:3947} INFO - Setting next_dagrun for example_branch_datetime_operator_3 to 2025-01-10 00:00:00+00:00, run_after=2025-01-11 00:00:00+00:00
[2025-01-11T11:47:59.726+0000] {processor.py:183} INFO - Processing /home/airflow/.local/lib/python3.12/site-packages/airflow/example_dags/example_branch_datetime_operator.py took 0.053 seconds
[2025-01-11T11:48:30.055+0000] {processor.py:161} INFO - Started process (PID=1637) to work on /home/airflow/.local/lib/python3.12/site-packages/airflow/example_dags/example_branch_datetime_operator.py
[2025-01-11T11:48:30.055+0000] {processor.py:830} INFO - Processing file /home/airflow/.local/lib/python3.12/site-packages/airflow/example_dags/example_branch_datetime_operator.py for tasks to queue
[2025-01-11T11:48:30.057+0000] {logging_mixin.py:188} INFO - [2025-01-11T11:48:30.056+0000] {dagbag.py:545} INFO - Filling up the DagBag from /home/airflow/.local/lib/python3.12/site-packages/airflow/example_dags/example_branch_datetime_operator.py
[2025-01-11T11:48:30.065+0000] {processor.py:840} INFO - DAG(s) 'example_branch_datetime_operator_2', 'example_branch_datetime_operator_3', 'example_branch_datetime_operator' retrieved from /home/airflow/.local/lib/python3.12/site-packages/airflow/example_dags/example_branch_datetime_operator.py
[2025-01-11T11:48:30.085+0000] {logging_mixin.py:188} INFO - [2025-01-11T11:48:30.084+0000] {dag.py:3089} INFO - Sync 3 DAGs
[2025-01-11T11:48:30.098+0000] {logging_mixin.py:188} INFO - [2025-01-11T11:48:30.098+0000] {dag.py:3947} INFO - Setting next_dagrun for example_branch_datetime_operator to 2025-01-10 00:00:00+00:00, run_after=2025-01-11 00:00:00+00:00
[2025-01-11T11:48:30.100+0000] {logging_mixin.py:188} INFO - [2025-01-11T11:48:30.100+0000] {dag.py:3947} INFO - Setting next_dagrun for example_branch_datetime_operator_2 to 2025-01-10 00:00:00+00:00, run_after=2025-01-11 00:00:00+00:00
[2025-01-11T11:48:30.102+0000] {logging_mixin.py:188} INFO - [2025-01-11T11:48:30.102+0000] {dag.py:3947} INFO - Setting next_dagrun for example_branch_datetime_operator_3 to 2025-01-10 00:00:00+00:00, run_after=2025-01-11 00:00:00+00:00
[2025-01-11T11:48:30.111+0000] {processor.py:183} INFO - Processing /home/airflow/.local/lib/python3.12/site-packages/airflow/example_dags/example_branch_datetime_operator.py took 0.062 seconds
[2025-01-11T11:49:00.155+0000] {processor.py:161} INFO - Started process (PID=1914) to work on /home/airflow/.local/lib/python3.12/site-packages/airflow/example_dags/example_branch_datetime_operator.py
[2025-01-11T11:49:00.156+0000] {processor.py:830} INFO - Processing file /home/airflow/.local/lib/python3.12/site-packages/airflow/example_dags/example_branch_datetime_operator.py for tasks to queue
[2025-01-11T11:49:00.157+0000] {logging_mixin.py:188} INFO - [2025-01-11T11:49:00.157+0000] {dagbag.py:545} INFO - Filling up the DagBag from /home/airflow/.local/lib/python3.12/site-packages/airflow/example_dags/example_branch_datetime_operator.py
[2025-01-11T11:49:00.162+0000] {processor.py:840} INFO - DAG(s) 'example_branch_datetime_operator', 'example_branch_datetime_operator_2', 'example_branch_datetime_operator_3' retrieved from /home/airflow/.local/lib/python3.12/site-packages/airflow/example_dags/example_branch_datetime_operator.py
[2025-01-11T11:49:00.177+0000] {logging_mixin.py:188} INFO - [2025-01-11T11:49:00.177+0000] {dag.py:3089} INFO - Sync 3 DAGs
[2025-01-11T11:49:00.188+0000] {logging_mixin.py:188} INFO - [2025-01-11T11:49:00.188+0000] {dag.py:3947} INFO - Setting next_dagrun for example_branch_datetime_operator to 2025-01-10 00:00:00+00:00, run_after=2025-01-11 00:00:00+00:00
[2025-01-11T11:49:00.190+0000] {logging_mixin.py:188} INFO - [2025-01-11T11:49:00.190+0000] {dag.py:3947} INFO - Setting next_dagrun for example_branch_datetime_operator_2 to 2025-01-10 00:00:00+00:00, run_after=2025-01-11 00:00:00+00:00
[2025-01-11T11:49:00.191+0000] {logging_mixin.py:188} INFO - [2025-01-11T11:49:00.191+0000] {dag.py:3947} INFO - Setting next_dagrun for example_branch_datetime_operator_3 to 2025-01-10 00:00:00+00:00, run_after=2025-01-11 00:00:00+00:00
[2025-01-11T11:49:00.199+0000] {processor.py:183} INFO - Processing /home/airflow/.local/lib/python3.12/site-packages/airflow/example_dags/example_branch_datetime_operator.py took 0.049 seconds
[2025-01-11T11:49:31.924+0000] {processor.py:161} INFO - Started process (PID=2189) to work on /home/airflow/.local/lib/python3.12/site-packages/airflow/example_dags/example_branch_datetime_operator.py
[2025-01-11T11:49:31.925+0000] {processor.py:830} INFO - Processing file /home/airflow/.local/lib/python3.12/site-packages/airflow/example_dags/example_branch_datetime_operator.py for tasks to queue
[2025-01-11T11:49:31.926+0000] {logging_mixin.py:188} INFO - [2025-01-11T11:49:31.926+0000] {dagbag.py:545} INFO - Filling up the DagBag from /home/airflow/.local/lib/python3.12/site-packages/airflow/example_dags/example_branch_datetime_operator.py
[2025-01-11T11:49:31.932+0000] {processor.py:840} INFO - DAG(s) 'example_branch_datetime_operator', 'example_branch_datetime_operator_2', 'example_branch_datetime_operator_3' retrieved from /home/airflow/.local/lib/python3.12/site-packages/airflow/example_dags/example_branch_datetime_operator.py
[2025-01-11T11:49:31.952+0000] {logging_mixin.py:188} INFO - [2025-01-11T11:49:31.952+0000] {dag.py:3089} INFO - Sync 3 DAGs
[2025-01-11T11:49:31.965+0000] {logging_mixin.py:188} INFO - [2025-01-11T11:49:31.964+0000] {dag.py:3947} INFO - Setting next_dagrun for example_branch_datetime_operator to 2025-01-10 00:00:00+00:00, run_after=2025-01-11 00:00:00+00:00
[2025-01-11T11:49:31.968+0000] {logging_mixin.py:188} INFO - [2025-01-11T11:49:31.968+0000] {dag.py:3947} INFO - Setting next_dagrun for example_branch_datetime_operator_2 to 2025-01-10 00:00:00+00:00, run_after=2025-01-11 00:00:00+00:00
[2025-01-11T11:49:31.971+0000] {logging_mixin.py:188} INFO - [2025-01-11T11:49:31.970+0000] {dag.py:3947} INFO - Setting next_dagrun for example_branch_datetime_operator_3 to 2025-01-10 00:00:00+00:00, run_after=2025-01-11 00:00:00+00:00
[2025-01-11T11:49:31.981+0000] {processor.py:183} INFO - Processing /home/airflow/.local/lib/python3.12/site-packages/airflow/example_dags/example_branch_datetime_operator.py took 0.061 seconds
[2025-01-11T11:50:02.821+0000] {processor.py:161} INFO - Started process (PID=2466) to work on /home/airflow/.local/lib/python3.12/site-packages/airflow/example_dags/example_branch_datetime_operator.py
[2025-01-11T11:50:02.822+0000] {processor.py:830} INFO - Processing file /home/airflow/.local/lib/python3.12/site-packages/airflow/example_dags/example_branch_datetime_operator.py for tasks to queue
[2025-01-11T11:50:02.824+0000] {logging_mixin.py:188} INFO - [2025-01-11T11:50:02.824+0000] {dagbag.py:545} INFO - Filling up the DagBag from /home/airflow/.local/lib/python3.12/site-packages/airflow/example_dags/example_branch_datetime_operator.py
[2025-01-11T11:50:02.830+0000] {processor.py:840} INFO - DAG(s) 'example_branch_datetime_operator_2', 'example_branch_datetime_operator_3', 'example_branch_datetime_operator' retrieved from /home/airflow/.local/lib/python3.12/site-packages/airflow/example_dags/example_branch_datetime_operator.py
[2025-01-11T11:50:02.854+0000] {logging_mixin.py:188} INFO - [2025-01-11T11:50:02.854+0000] {dag.py:3089} INFO - Sync 3 DAGs
[2025-01-11T11:50:02.870+0000] {logging_mixin.py:188} INFO - [2025-01-11T11:50:02.870+0000] {dag.py:3947} INFO - Setting next_dagrun for example_branch_datetime_operator to 2025-01-10 00:00:00+00:00, run_after=2025-01-11 00:00:00+00:00
[2025-01-11T11:50:02.874+0000] {logging_mixin.py:188} INFO - [2025-01-11T11:50:02.873+0000] {dag.py:3947} INFO - Setting next_dagrun for example_branch_datetime_operator_2 to 2025-01-10 00:00:00+00:00, run_after=2025-01-11 00:00:00+00:00
[2025-01-11T11:50:02.875+0000] {logging_mixin.py:188} INFO - [2025-01-11T11:50:02.875+0000] {dag.py:3947} INFO - Setting next_dagrun for example_branch_datetime_operator_3 to 2025-01-10 00:00:00+00:00, run_after=2025-01-11 00:00:00+00:00
[2025-01-11T11:50:02.887+0000] {processor.py:183} INFO - Processing /home/airflow/.local/lib/python3.12/site-packages/airflow/example_dags/example_branch_datetime_operator.py took 0.072 seconds
[2025-01-11T11:50:33.122+0000] {processor.py:161} INFO - Started process (PID=2743) to work on /home/airflow/.local/lib/python3.12/site-packages/airflow/example_dags/example_branch_datetime_operator.py
[2025-01-11T11:50:33.123+0000] {processor.py:830} INFO - Processing file /home/airflow/.local/lib/python3.12/site-packages/airflow/example_dags/example_branch_datetime_operator.py for tasks to queue
[2025-01-11T11:50:33.124+0000] {logging_mixin.py:188} INFO - [2025-01-11T11:50:33.124+0000] {dagbag.py:545} INFO - Filling up the DagBag from /home/airflow/.local/lib/python3.12/site-packages/airflow/example_dags/example_branch_datetime_operator.py
[2025-01-11T11:50:33.130+0000] {processor.py:840} INFO - DAG(s) 'example_branch_datetime_operator_3', 'example_branch_datetime_operator', 'example_branch_datetime_operator_2' retrieved from /home/airflow/.local/lib/python3.12/site-packages/airflow/example_dags/example_branch_datetime_operator.py
[2025-01-11T11:50:33.148+0000] {logging_mixin.py:188} INFO - [2025-01-11T11:50:33.148+0000] {dag.py:3089} INFO - Sync 3 DAGs
[2025-01-11T11:50:33.162+0000] {logging_mixin.py:188} INFO - [2025-01-11T11:50:33.162+0000] {dag.py:3947} INFO - Setting next_dagrun for example_branch_datetime_operator to 2025-01-10 00:00:00+00:00, run_after=2025-01-11 00:00:00+00:00
[2025-01-11T11:50:33.166+0000] {logging_mixin.py:188} INFO - [2025-01-11T11:50:33.165+0000] {dag.py:3947} INFO - Setting next_dagrun for example_branch_datetime_operator_2 to 2025-01-10 00:00:00+00:00, run_after=2025-01-11 00:00:00+00:00
[2025-01-11T11:50:33.168+0000] {logging_mixin.py:188} INFO - [2025-01-11T11:50:33.168+0000] {dag.py:3947} INFO - Setting next_dagrun for example_branch_datetime_operator_3 to 2025-01-10 00:00:00+00:00, run_after=2025-01-11 00:00:00+00:00
[2025-01-11T11:50:33.177+0000] {processor.py:183} INFO - Processing /home/airflow/.local/lib/python3.12/site-packages/airflow/example_dags/example_branch_datetime_operator.py took 0.059 seconds
[2025-01-11T11:51:03.230+0000] {processor.py:161} INFO - Started process (PID=3020) to work on /home/airflow/.local/lib/python3.12/site-packages/airflow/example_dags/example_branch_datetime_operator.py
[2025-01-11T11:51:03.232+0000] {processor.py:830} INFO - Processing file /home/airflow/.local/lib/python3.12/site-packages/airflow/example_dags/example_branch_datetime_operator.py for tasks to queue
[2025-01-11T11:51:03.233+0000] {logging_mixin.py:188} INFO - [2025-01-11T11:51:03.233+0000] {dagbag.py:545} INFO - Filling up the DagBag from /home/airflow/.local/lib/python3.12/site-packages/airflow/example_dags/example_branch_datetime_operator.py
[2025-01-11T11:51:03.239+0000] {processor.py:840} INFO - DAG(s) 'example_branch_datetime_operator_2', 'example_branch_datetime_operator', 'example_branch_datetime_operator_3' retrieved from /home/airflow/.local/lib/python3.12/site-packages/airflow/example_dags/example_branch_datetime_operator.py
[2025-01-11T11:51:03.256+0000] {logging_mixin.py:188} INFO - [2025-01-11T11:51:03.256+0000] {dag.py:3089} INFO - Sync 3 DAGs
[2025-01-11T11:51:03.272+0000] {logging_mixin.py:188} INFO - [2025-01-11T11:51:03.272+0000] {dag.py:3947} INFO - Setting next_dagrun for example_branch_datetime_operator to 2025-01-10 00:00:00+00:00, run_after=2025-01-11 00:00:00+00:00
[2025-01-11T11:51:03.275+0000] {logging_mixin.py:188} INFO - [2025-01-11T11:51:03.275+0000] {dag.py:3947} INFO - Setting next_dagrun for example_branch_datetime_operator_2 to 2025-01-10 00:00:00+00:00, run_after=2025-01-11 00:00:00+00:00
[2025-01-11T11:51:03.276+0000] {logging_mixin.py:188} INFO - [2025-01-11T11:51:03.276+0000] {dag.py:3947} INFO - Setting next_dagrun for example_branch_datetime_operator_3 to 2025-01-10 00:00:00+00:00, run_after=2025-01-11 00:00:00+00:00
[2025-01-11T11:51:03.286+0000] {processor.py:183} INFO - Processing /home/airflow/.local/lib/python3.12/site-packages/airflow/example_dags/example_branch_datetime_operator.py took 0.061 seconds
[2025-01-11T11:51:35.121+0000] {processor.py:161} INFO - Started process (PID=3130) to work on /home/airflow/.local/lib/python3.12/site-packages/airflow/example_dags/example_branch_datetime_operator.py
[2025-01-11T11:51:35.121+0000] {processor.py:830} INFO - Processing file /home/airflow/.local/lib/python3.12/site-packages/airflow/example_dags/example_branch_datetime_operator.py for tasks to queue
[2025-01-11T11:51:35.123+0000] {logging_mixin.py:188} INFO - [2025-01-11T11:51:35.122+0000] {dagbag.py:545} INFO - Filling up the DagBag from /home/airflow/.local/lib/python3.12/site-packages/airflow/example_dags/example_branch_datetime_operator.py
[2025-01-11T11:51:35.130+0000] {processor.py:840} INFO - DAG(s) 'example_branch_datetime_operator', 'example_branch_datetime_operator_2', 'example_branch_datetime_operator_3' retrieved from /home/airflow/.local/lib/python3.12/site-packages/airflow/example_dags/example_branch_datetime_operator.py
[2025-01-11T11:51:35.146+0000] {logging_mixin.py:188} INFO - [2025-01-11T11:51:35.146+0000] {dag.py:3089} INFO - Sync 3 DAGs
[2025-01-11T11:51:35.159+0000] {logging_mixin.py:188} INFO - [2025-01-11T11:51:35.159+0000] {dag.py:3947} INFO - Setting next_dagrun for example_branch_datetime_operator to 2025-01-10 00:00:00+00:00, run_after=2025-01-11 00:00:00+00:00
[2025-01-11T11:51:35.162+0000] {logging_mixin.py:188} INFO - [2025-01-11T11:51:35.162+0000] {dag.py:3947} INFO - Setting next_dagrun for example_branch_datetime_operator_2 to 2025-01-10 00:00:00+00:00, run_after=2025-01-11 00:00:00+00:00
[2025-01-11T11:51:35.163+0000] {logging_mixin.py:188} INFO - [2025-01-11T11:51:35.163+0000] {dag.py:3947} INFO - Setting next_dagrun for example_branch_datetime_operator_3 to 2025-01-10 00:00:00+00:00, run_after=2025-01-11 00:00:00+00:00
[2025-01-11T11:51:35.172+0000] {processor.py:183} INFO - Processing /home/airflow/.local/lib/python3.12/site-packages/airflow/example_dags/example_branch_datetime_operator.py took 0.055 seconds
[2025-01-11T11:52:05.621+0000] {processor.py:161} INFO - Started process (PID=3407) to work on /home/airflow/.local/lib/python3.12/site-packages/airflow/example_dags/example_branch_datetime_operator.py
[2025-01-11T11:52:05.621+0000] {processor.py:830} INFO - Processing file /home/airflow/.local/lib/python3.12/site-packages/airflow/example_dags/example_branch_datetime_operator.py for tasks to queue
[2025-01-11T11:52:05.622+0000] {logging_mixin.py:188} INFO - [2025-01-11T11:52:05.622+0000] {dagbag.py:545} INFO - Filling up the DagBag from /home/airflow/.local/lib/python3.12/site-packages/airflow/example_dags/example_branch_datetime_operator.py
[2025-01-11T11:52:05.628+0000] {processor.py:840} INFO - DAG(s) 'example_branch_datetime_operator_2', 'example_branch_datetime_operator_3', 'example_branch_datetime_operator' retrieved from /home/airflow/.local/lib/python3.12/site-packages/airflow/example_dags/example_branch_datetime_operator.py
[2025-01-11T11:52:05.645+0000] {logging_mixin.py:188} INFO - [2025-01-11T11:52:05.645+0000] {dag.py:3089} INFO - Sync 3 DAGs
[2025-01-11T11:52:05.657+0000] {logging_mixin.py:188} INFO - [2025-01-11T11:52:05.657+0000] {dag.py:3947} INFO - Setting next_dagrun for example_branch_datetime_operator to 2025-01-10 00:00:00+00:00, run_after=2025-01-11 00:00:00+00:00
[2025-01-11T11:52:05.660+0000] {logging_mixin.py:188} INFO - [2025-01-11T11:52:05.660+0000] {dag.py:3947} INFO - Setting next_dagrun for example_branch_datetime_operator_2 to 2025-01-10 00:00:00+00:00, run_after=2025-01-11 00:00:00+00:00
[2025-01-11T11:52:05.661+0000] {logging_mixin.py:188} INFO - [2025-01-11T11:52:05.661+0000] {dag.py:3947} INFO - Setting next_dagrun for example_branch_datetime_operator_3 to 2025-01-10 00:00:00+00:00, run_after=2025-01-11 00:00:00+00:00
[2025-01-11T11:52:05.671+0000] {processor.py:183} INFO - Processing /home/airflow/.local/lib/python3.12/site-packages/airflow/example_dags/example_branch_datetime_operator.py took 0.054 seconds
[2025-01-11T11:52:36.057+0000] {processor.py:161} INFO - Started process (PID=3684) to work on /home/airflow/.local/lib/python3.12/site-packages/airflow/example_dags/example_branch_datetime_operator.py
[2025-01-11T11:52:36.058+0000] {processor.py:830} INFO - Processing file /home/airflow/.local/lib/python3.12/site-packages/airflow/example_dags/example_branch_datetime_operator.py for tasks to queue
[2025-01-11T11:52:36.059+0000] {logging_mixin.py:188} INFO - [2025-01-11T11:52:36.059+0000] {dagbag.py:545} INFO - Filling up the DagBag from /home/airflow/.local/lib/python3.12/site-packages/airflow/example_dags/example_branch_datetime_operator.py
[2025-01-11T11:52:36.066+0000] {processor.py:840} INFO - DAG(s) 'example_branch_datetime_operator_3', 'example_branch_datetime_operator_2', 'example_branch_datetime_operator' retrieved from /home/airflow/.local/lib/python3.12/site-packages/airflow/example_dags/example_branch_datetime_operator.py
[2025-01-11T11:52:36.083+0000] {logging_mixin.py:188} INFO - [2025-01-11T11:52:36.083+0000] {dag.py:3089} INFO - Sync 3 DAGs
[2025-01-11T11:52:36.095+0000] {logging_mixin.py:188} INFO - [2025-01-11T11:52:36.095+0000] {dag.py:3947} INFO - Setting next_dagrun for example_branch_datetime_operator to 2025-01-10 00:00:00+00:00, run_after=2025-01-11 00:00:00+00:00
[2025-01-11T11:52:36.098+0000] {logging_mixin.py:188} INFO - [2025-01-11T11:52:36.098+0000] {dag.py:3947} INFO - Setting next_dagrun for example_branch_datetime_operator_2 to 2025-01-10 00:00:00+00:00, run_after=2025-01-11 00:00:00+00:00
[2025-01-11T11:52:36.100+0000] {logging_mixin.py:188} INFO - [2025-01-11T11:52:36.099+0000] {dag.py:3947} INFO - Setting next_dagrun for example_branch_datetime_operator_3 to 2025-01-10 00:00:00+00:00, run_after=2025-01-11 00:00:00+00:00
[2025-01-11T11:52:36.110+0000] {processor.py:183} INFO - Processing /home/airflow/.local/lib/python3.12/site-packages/airflow/example_dags/example_branch_datetime_operator.py took 0.056 seconds
[2025-01-11T11:53:06.871+0000] {processor.py:161} INFO - Started process (PID=3963) to work on /home/airflow/.local/lib/python3.12/site-packages/airflow/example_dags/example_branch_datetime_operator.py
[2025-01-11T11:53:06.872+0000] {processor.py:830} INFO - Processing file /home/airflow/.local/lib/python3.12/site-packages/airflow/example_dags/example_branch_datetime_operator.py for tasks to queue
[2025-01-11T11:53:06.874+0000] {logging_mixin.py:188} INFO - [2025-01-11T11:53:06.874+0000] {dagbag.py:545} INFO - Filling up the DagBag from /home/airflow/.local/lib/python3.12/site-packages/airflow/example_dags/example_branch_datetime_operator.py
[2025-01-11T11:53:06.881+0000] {processor.py:840} INFO - DAG(s) 'example_branch_datetime_operator', 'example_branch_datetime_operator_2', 'example_branch_datetime_operator_3' retrieved from /home/airflow/.local/lib/python3.12/site-packages/airflow/example_dags/example_branch_datetime_operator.py
[2025-01-11T11:53:06.902+0000] {logging_mixin.py:188} INFO - [2025-01-11T11:53:06.902+0000] {dag.py:3089} INFO - Sync 3 DAGs
[2025-01-11T11:53:06.917+0000] {logging_mixin.py:188} INFO - [2025-01-11T11:53:06.917+0000] {dag.py:3947} INFO - Setting next_dagrun for example_branch_datetime_operator to 2025-01-10 00:00:00+00:00, run_after=2025-01-11 00:00:00+00:00
[2025-01-11T11:53:06.920+0000] {logging_mixin.py:188} INFO - [2025-01-11T11:53:06.920+0000] {dag.py:3947} INFO - Setting next_dagrun for example_branch_datetime_operator_2 to 2025-01-10 00:00:00+00:00, run_after=2025-01-11 00:00:00+00:00
[2025-01-11T11:53:06.922+0000] {logging_mixin.py:188} INFO - [2025-01-11T11:53:06.922+0000] {dag.py:3947} INFO - Setting next_dagrun for example_branch_datetime_operator_3 to 2025-01-10 00:00:00+00:00, run_after=2025-01-11 00:00:00+00:00
[2025-01-11T11:53:06.932+0000] {processor.py:183} INFO - Processing /home/airflow/.local/lib/python3.12/site-packages/airflow/example_dags/example_branch_datetime_operator.py took 0.066 seconds
[2025-01-11T11:53:37.517+0000] {processor.py:161} INFO - Started process (PID=4238) to work on /home/airflow/.local/lib/python3.12/site-packages/airflow/example_dags/example_branch_datetime_operator.py
[2025-01-11T11:53:37.517+0000] {processor.py:830} INFO - Processing file /home/airflow/.local/lib/python3.12/site-packages/airflow/example_dags/example_branch_datetime_operator.py for tasks to queue
[2025-01-11T11:53:37.519+0000] {logging_mixin.py:188} INFO - [2025-01-11T11:53:37.519+0000] {dagbag.py:545} INFO - Filling up the DagBag from /home/airflow/.local/lib/python3.12/site-packages/airflow/example_dags/example_branch_datetime_operator.py
[2025-01-11T11:53:37.524+0000] {processor.py:840} INFO - DAG(s) 'example_branch_datetime_operator_3', 'example_branch_datetime_operator', 'example_branch_datetime_operator_2' retrieved from /home/airflow/.local/lib/python3.12/site-packages/airflow/example_dags/example_branch_datetime_operator.py
[2025-01-11T11:53:37.542+0000] {logging_mixin.py:188} INFO - [2025-01-11T11:53:37.542+0000] {dag.py:3089} INFO - Sync 3 DAGs
[2025-01-11T11:53:37.555+0000] {logging_mixin.py:188} INFO - [2025-01-11T11:53:37.555+0000] {dag.py:3947} INFO - Setting next_dagrun for example_branch_datetime_operator to 2025-01-10 00:00:00+00:00, run_after=2025-01-11 00:00:00+00:00
[2025-01-11T11:53:37.558+0000] {logging_mixin.py:188} INFO - [2025-01-11T11:53:37.557+0000] {dag.py:3947} INFO - Setting next_dagrun for example_branch_datetime_operator_2 to 2025-01-10 00:00:00+00:00, run_after=2025-01-11 00:00:00+00:00
[2025-01-11T11:53:37.559+0000] {logging_mixin.py:188} INFO - [2025-01-11T11:53:37.559+0000] {dag.py:3947} INFO - Setting next_dagrun for example_branch_datetime_operator_3 to 2025-01-10 00:00:00+00:00, run_after=2025-01-11 00:00:00+00:00
[2025-01-11T11:53:37.568+0000] {processor.py:183} INFO - Processing /home/airflow/.local/lib/python3.12/site-packages/airflow/example_dags/example_branch_datetime_operator.py took 0.056 seconds
[2025-01-11T11:54:08.802+0000] {processor.py:161} INFO - Started process (PID=4515) to work on /home/airflow/.local/lib/python3.12/site-packages/airflow/example_dags/example_branch_datetime_operator.py
[2025-01-11T11:54:08.803+0000] {processor.py:830} INFO - Processing file /home/airflow/.local/lib/python3.12/site-packages/airflow/example_dags/example_branch_datetime_operator.py for tasks to queue
[2025-01-11T11:54:08.804+0000] {logging_mixin.py:188} INFO - [2025-01-11T11:54:08.804+0000] {dagbag.py:545} INFO - Filling up the DagBag from /home/airflow/.local/lib/python3.12/site-packages/airflow/example_dags/example_branch_datetime_operator.py
[2025-01-11T11:54:08.811+0000] {processor.py:840} INFO - DAG(s) 'example_branch_datetime_operator_2', 'example_branch_datetime_operator_3', 'example_branch_datetime_operator' retrieved from /home/airflow/.local/lib/python3.12/site-packages/airflow/example_dags/example_branch_datetime_operator.py
[2025-01-11T11:54:08.830+0000] {logging_mixin.py:188} INFO - [2025-01-11T11:54:08.829+0000] {dag.py:3089} INFO - Sync 3 DAGs
[2025-01-11T11:54:08.843+0000] {logging_mixin.py:188} INFO - [2025-01-11T11:54:08.843+0000] {dag.py:3947} INFO - Setting next_dagrun for example_branch_datetime_operator to 2025-01-10 00:00:00+00:00, run_after=2025-01-11 00:00:00+00:00
[2025-01-11T11:54:08.846+0000] {logging_mixin.py:188} INFO - [2025-01-11T11:54:08.846+0000] {dag.py:3947} INFO - Setting next_dagrun for example_branch_datetime_operator_2 to 2025-01-10 00:00:00+00:00, run_after=2025-01-11 00:00:00+00:00
[2025-01-11T11:54:08.849+0000] {logging_mixin.py:188} INFO - [2025-01-11T11:54:08.849+0000] {dag.py:3947} INFO - Setting next_dagrun for example_branch_datetime_operator_3 to 2025-01-10 00:00:00+00:00, run_after=2025-01-11 00:00:00+00:00
[2025-01-11T11:54:08.859+0000] {processor.py:183} INFO - Processing /home/airflow/.local/lib/python3.12/site-packages/airflow/example_dags/example_branch_datetime_operator.py took 0.061 seconds
[2025-01-11T11:54:39.046+0000] {processor.py:161} INFO - Started process (PID=4792) to work on /home/airflow/.local/lib/python3.12/site-packages/airflow/example_dags/example_branch_datetime_operator.py
[2025-01-11T11:54:39.047+0000] {processor.py:830} INFO - Processing file /home/airflow/.local/lib/python3.12/site-packages/airflow/example_dags/example_branch_datetime_operator.py for tasks to queue
[2025-01-11T11:54:39.049+0000] {logging_mixin.py:188} INFO - [2025-01-11T11:54:39.049+0000] {dagbag.py:545} INFO - Filling up the DagBag from /home/airflow/.local/lib/python3.12/site-packages/airflow/example_dags/example_branch_datetime_operator.py
[2025-01-11T11:54:39.055+0000] {processor.py:840} INFO - DAG(s) 'example_branch_datetime_operator_2', 'example_branch_datetime_operator', 'example_branch_datetime_operator_3' retrieved from /home/airflow/.local/lib/python3.12/site-packages/airflow/example_dags/example_branch_datetime_operator.py
[2025-01-11T11:54:39.074+0000] {logging_mixin.py:188} INFO - [2025-01-11T11:54:39.073+0000] {dag.py:3089} INFO - Sync 3 DAGs
[2025-01-11T11:54:39.087+0000] {logging_mixin.py:188} INFO - [2025-01-11T11:54:39.087+0000] {dag.py:3947} INFO - Setting next_dagrun for example_branch_datetime_operator to 2025-01-10 00:00:00+00:00, run_after=2025-01-11 00:00:00+00:00
[2025-01-11T11:54:39.090+0000] {logging_mixin.py:188} INFO - [2025-01-11T11:54:39.090+0000] {dag.py:3947} INFO - Setting next_dagrun for example_branch_datetime_operator_2 to 2025-01-10 00:00:00+00:00, run_after=2025-01-11 00:00:00+00:00
[2025-01-11T11:54:39.092+0000] {logging_mixin.py:188} INFO - [2025-01-11T11:54:39.092+0000] {dag.py:3947} INFO - Setting next_dagrun for example_branch_datetime_operator_3 to 2025-01-10 00:00:00+00:00, run_after=2025-01-11 00:00:00+00:00
[2025-01-11T11:54:39.103+0000] {processor.py:183} INFO - Processing /home/airflow/.local/lib/python3.12/site-packages/airflow/example_dags/example_branch_datetime_operator.py took 0.062 seconds
[2025-01-11T11:55:09.787+0000] {processor.py:161} INFO - Started process (PID=5069) to work on /home/airflow/.local/lib/python3.12/site-packages/airflow/example_dags/example_branch_datetime_operator.py
[2025-01-11T11:55:09.789+0000] {processor.py:830} INFO - Processing file /home/airflow/.local/lib/python3.12/site-packages/airflow/example_dags/example_branch_datetime_operator.py for tasks to queue
[2025-01-11T11:55:09.791+0000] {logging_mixin.py:188} INFO - [2025-01-11T11:55:09.791+0000] {dagbag.py:545} INFO - Filling up the DagBag from /home/airflow/.local/lib/python3.12/site-packages/airflow/example_dags/example_branch_datetime_operator.py
[2025-01-11T11:55:09.797+0000] {processor.py:840} INFO - DAG(s) 'example_branch_datetime_operator_2', 'example_branch_datetime_operator_3', 'example_branch_datetime_operator' retrieved from /home/airflow/.local/lib/python3.12/site-packages/airflow/example_dags/example_branch_datetime_operator.py
[2025-01-11T11:55:09.819+0000] {logging_mixin.py:188} INFO - [2025-01-11T11:55:09.819+0000] {dag.py:3089} INFO - Sync 3 DAGs
[2025-01-11T11:55:09.835+0000] {logging_mixin.py:188} INFO - [2025-01-11T11:55:09.834+0000] {dag.py:3947} INFO - Setting next_dagrun for example_branch_datetime_operator to 2025-01-10 00:00:00+00:00, run_after=2025-01-11 00:00:00+00:00
[2025-01-11T11:55:09.837+0000] {logging_mixin.py:188} INFO - [2025-01-11T11:55:09.837+0000] {dag.py:3947} INFO - Setting next_dagrun for example_branch_datetime_operator_2 to 2025-01-10 00:00:00+00:00, run_after=2025-01-11 00:00:00+00:00
[2025-01-11T11:55:09.839+0000] {logging_mixin.py:188} INFO - [2025-01-11T11:55:09.839+0000] {dag.py:3947} INFO - Setting next_dagrun for example_branch_datetime_operator_3 to 2025-01-10 00:00:00+00:00, run_after=2025-01-11 00:00:00+00:00
[2025-01-11T11:55:09.853+0000] {processor.py:183} INFO - Processing /home/airflow/.local/lib/python3.12/site-packages/airflow/example_dags/example_branch_datetime_operator.py took 0.071 seconds
[2025-01-11T11:55:40.587+0000] {processor.py:161} INFO - Started process (PID=5346) to work on /home/airflow/.local/lib/python3.12/site-packages/airflow/example_dags/example_branch_datetime_operator.py
[2025-01-11T11:55:40.588+0000] {processor.py:830} INFO - Processing file /home/airflow/.local/lib/python3.12/site-packages/airflow/example_dags/example_branch_datetime_operator.py for tasks to queue
[2025-01-11T11:55:40.590+0000] {logging_mixin.py:188} INFO - [2025-01-11T11:55:40.590+0000] {dagbag.py:545} INFO - Filling up the DagBag from /home/airflow/.local/lib/python3.12/site-packages/airflow/example_dags/example_branch_datetime_operator.py
[2025-01-11T11:55:40.595+0000] {processor.py:840} INFO - DAG(s) 'example_branch_datetime_operator', 'example_branch_datetime_operator_3', 'example_branch_datetime_operator_2' retrieved from /home/airflow/.local/lib/python3.12/site-packages/airflow/example_dags/example_branch_datetime_operator.py
[2025-01-11T11:55:40.613+0000] {logging_mixin.py:188} INFO - [2025-01-11T11:55:40.613+0000] {dag.py:3089} INFO - Sync 3 DAGs
[2025-01-11T11:55:40.626+0000] {logging_mixin.py:188} INFO - [2025-01-11T11:55:40.626+0000] {dag.py:3947} INFO - Setting next_dagrun for example_branch_datetime_operator to 2025-01-10 00:00:00+00:00, run_after=2025-01-11 00:00:00+00:00
[2025-01-11T11:55:40.629+0000] {logging_mixin.py:188} INFO - [2025-01-11T11:55:40.629+0000] {dag.py:3947} INFO - Setting next_dagrun for example_branch_datetime_operator_2 to 2025-01-10 00:00:00+00:00, run_after=2025-01-11 00:00:00+00:00
[2025-01-11T11:55:40.630+0000] {logging_mixin.py:188} INFO - [2025-01-11T11:55:40.630+0000] {dag.py:3947} INFO - Setting next_dagrun for example_branch_datetime_operator_3 to 2025-01-10 00:00:00+00:00, run_after=2025-01-11 00:00:00+00:00
[2025-01-11T11:55:40.640+0000] {processor.py:183} INFO - Processing /home/airflow/.local/lib/python3.12/site-packages/airflow/example_dags/example_branch_datetime_operator.py took 0.058 seconds
[2025-01-11T11:56:11.982+0000] {processor.py:161} INFO - Started process (PID=5626) to work on /home/airflow/.local/lib/python3.12/site-packages/airflow/example_dags/example_branch_datetime_operator.py
[2025-01-11T11:56:11.983+0000] {processor.py:830} INFO - Processing file /home/airflow/.local/lib/python3.12/site-packages/airflow/example_dags/example_branch_datetime_operator.py for tasks to queue
[2025-01-11T11:56:11.985+0000] {logging_mixin.py:188} INFO - [2025-01-11T11:56:11.984+0000] {dagbag.py:545} INFO - Filling up the DagBag from /home/airflow/.local/lib/python3.12/site-packages/airflow/example_dags/example_branch_datetime_operator.py
[2025-01-11T11:56:11.991+0000] {processor.py:840} INFO - DAG(s) 'example_branch_datetime_operator_2', 'example_branch_datetime_operator', 'example_branch_datetime_operator_3' retrieved from /home/airflow/.local/lib/python3.12/site-packages/airflow/example_dags/example_branch_datetime_operator.py
[2025-01-11T11:56:12.007+0000] {logging_mixin.py:188} INFO - [2025-01-11T11:56:12.006+0000] {dag.py:3089} INFO - Sync 3 DAGs
[2025-01-11T11:56:12.017+0000] {logging_mixin.py:188} INFO - [2025-01-11T11:56:12.017+0000] {dag.py:3947} INFO - Setting next_dagrun for example_branch_datetime_operator to 2025-01-10 00:00:00+00:00, run_after=2025-01-11 00:00:00+00:00
[2025-01-11T11:56:12.020+0000] {logging_mixin.py:188} INFO - [2025-01-11T11:56:12.020+0000] {dag.py:3947} INFO - Setting next_dagrun for example_branch_datetime_operator_2 to 2025-01-10 00:00:00+00:00, run_after=2025-01-11 00:00:00+00:00
[2025-01-11T11:56:12.022+0000] {logging_mixin.py:188} INFO - [2025-01-11T11:56:12.022+0000] {dag.py:3947} INFO - Setting next_dagrun for example_branch_datetime_operator_3 to 2025-01-10 00:00:00+00:00, run_after=2025-01-11 00:00:00+00:00
[2025-01-11T11:56:12.031+0000] {processor.py:183} INFO - Processing /home/airflow/.local/lib/python3.12/site-packages/airflow/example_dags/example_branch_datetime_operator.py took 0.055 seconds
[2025-01-11T11:56:42.252+0000] {processor.py:161} INFO - Started process (PID=5901) to work on /home/airflow/.local/lib/python3.12/site-packages/airflow/example_dags/example_branch_datetime_operator.py
[2025-01-11T11:56:42.253+0000] {processor.py:830} INFO - Processing file /home/airflow/.local/lib/python3.12/site-packages/airflow/example_dags/example_branch_datetime_operator.py for tasks to queue
[2025-01-11T11:56:42.254+0000] {logging_mixin.py:188} INFO - [2025-01-11T11:56:42.254+0000] {dagbag.py:545} INFO - Filling up the DagBag from /home/airflow/.local/lib/python3.12/site-packages/airflow/example_dags/example_branch_datetime_operator.py
[2025-01-11T11:56:42.260+0000] {processor.py:840} INFO - DAG(s) 'example_branch_datetime_operator', 'example_branch_datetime_operator_3', 'example_branch_datetime_operator_2' retrieved from /home/airflow/.local/lib/python3.12/site-packages/airflow/example_dags/example_branch_datetime_operator.py
[2025-01-11T11:56:42.279+0000] {logging_mixin.py:188} INFO - [2025-01-11T11:56:42.279+0000] {dag.py:3089} INFO - Sync 3 DAGs
[2025-01-11T11:56:42.294+0000] {logging_mixin.py:188} INFO - [2025-01-11T11:56:42.294+0000] {dag.py:3947} INFO - Setting next_dagrun for example_branch_datetime_operator to 2025-01-10 00:00:00+00:00, run_after=2025-01-11 00:00:00+00:00
[2025-01-11T11:56:42.297+0000] {logging_mixin.py:188} INFO - [2025-01-11T11:56:42.297+0000] {dag.py:3947} INFO - Setting next_dagrun for example_branch_datetime_operator_2 to 2025-01-10 00:00:00+00:00, run_after=2025-01-11 00:00:00+00:00
[2025-01-11T11:56:42.298+0000] {logging_mixin.py:188} INFO - [2025-01-11T11:56:42.298+0000] {dag.py:3947} INFO - Setting next_dagrun for example_branch_datetime_operator_3 to 2025-01-10 00:00:00+00:00, run_after=2025-01-11 00:00:00+00:00
[2025-01-11T11:56:42.310+0000] {processor.py:183} INFO - Processing /home/airflow/.local/lib/python3.12/site-packages/airflow/example_dags/example_branch_datetime_operator.py took 0.063 seconds
[2025-01-11T11:57:12.796+0000] {processor.py:161} INFO - Started process (PID=6180) to work on /home/airflow/.local/lib/python3.12/site-packages/airflow/example_dags/example_branch_datetime_operator.py
[2025-01-11T11:57:12.797+0000] {processor.py:830} INFO - Processing file /home/airflow/.local/lib/python3.12/site-packages/airflow/example_dags/example_branch_datetime_operator.py for tasks to queue
[2025-01-11T11:57:12.798+0000] {logging_mixin.py:188} INFO - [2025-01-11T11:57:12.797+0000] {dagbag.py:545} INFO - Filling up the DagBag from /home/airflow/.local/lib/python3.12/site-packages/airflow/example_dags/example_branch_datetime_operator.py
[2025-01-11T11:57:12.802+0000] {processor.py:840} INFO - DAG(s) 'example_branch_datetime_operator_2', 'example_branch_datetime_operator', 'example_branch_datetime_operator_3' retrieved from /home/airflow/.local/lib/python3.12/site-packages/airflow/example_dags/example_branch_datetime_operator.py
[2025-01-11T11:57:12.817+0000] {logging_mixin.py:188} INFO - [2025-01-11T11:57:12.817+0000] {dag.py:3089} INFO - Sync 3 DAGs
[2025-01-11T11:57:12.830+0000] {logging_mixin.py:188} INFO - [2025-01-11T11:57:12.830+0000] {dag.py:3947} INFO - Setting next_dagrun for example_branch_datetime_operator to 2025-01-10 00:00:00+00:00, run_after=2025-01-11 00:00:00+00:00
[2025-01-11T11:57:12.832+0000] {logging_mixin.py:188} INFO - [2025-01-11T11:57:12.832+0000] {dag.py:3947} INFO - Setting next_dagrun for example_branch_datetime_operator_2 to 2025-01-10 00:00:00+00:00, run_after=2025-01-11 00:00:00+00:00
[2025-01-11T11:57:12.833+0000] {logging_mixin.py:188} INFO - [2025-01-11T11:57:12.833+0000] {dag.py:3947} INFO - Setting next_dagrun for example_branch_datetime_operator_3 to 2025-01-10 00:00:00+00:00, run_after=2025-01-11 00:00:00+00:00
[2025-01-11T11:57:12.841+0000] {processor.py:183} INFO - Processing /home/airflow/.local/lib/python3.12/site-packages/airflow/example_dags/example_branch_datetime_operator.py took 0.049 seconds
[2025-01-11T11:57:45.889+0000] {processor.py:161} INFO - Started process (PID=6455) to work on /home/airflow/.local/lib/python3.12/site-packages/airflow/example_dags/example_branch_datetime_operator.py
[2025-01-11T11:57:45.889+0000] {processor.py:830} INFO - Processing file /home/airflow/.local/lib/python3.12/site-packages/airflow/example_dags/example_branch_datetime_operator.py for tasks to queue
[2025-01-11T11:57:45.891+0000] {logging_mixin.py:188} INFO - [2025-01-11T11:57:45.891+0000] {dagbag.py:545} INFO - Filling up the DagBag from /home/airflow/.local/lib/python3.12/site-packages/airflow/example_dags/example_branch_datetime_operator.py
[2025-01-11T11:57:45.898+0000] {processor.py:840} INFO - DAG(s) 'example_branch_datetime_operator', 'example_branch_datetime_operator_2', 'example_branch_datetime_operator_3' retrieved from /home/airflow/.local/lib/python3.12/site-packages/airflow/example_dags/example_branch_datetime_operator.py
[2025-01-11T11:57:45.921+0000] {logging_mixin.py:188} INFO - [2025-01-11T11:57:45.921+0000] {dag.py:3089} INFO - Sync 3 DAGs
[2025-01-11T11:57:45.938+0000] {logging_mixin.py:188} INFO - [2025-01-11T11:57:45.938+0000] {dag.py:3947} INFO - Setting next_dagrun for example_branch_datetime_operator to 2025-01-10 00:00:00+00:00, run_after=2025-01-11 00:00:00+00:00
[2025-01-11T11:57:45.941+0000] {logging_mixin.py:188} INFO - [2025-01-11T11:57:45.941+0000] {dag.py:3947} INFO - Setting next_dagrun for example_branch_datetime_operator_2 to 2025-01-10 00:00:00+00:00, run_after=2025-01-11 00:00:00+00:00
[2025-01-11T11:57:45.943+0000] {logging_mixin.py:188} INFO - [2025-01-11T11:57:45.943+0000] {dag.py:3947} INFO - Setting next_dagrun for example_branch_datetime_operator_3 to 2025-01-10 00:00:00+00:00, run_after=2025-01-11 00:00:00+00:00
[2025-01-11T11:57:45.956+0000] {processor.py:183} INFO - Processing /home/airflow/.local/lib/python3.12/site-packages/airflow/example_dags/example_branch_datetime_operator.py took 0.073 seconds
[2025-01-11T11:58:16.467+0000] {processor.py:161} INFO - Started process (PID=6732) to work on /home/airflow/.local/lib/python3.12/site-packages/airflow/example_dags/example_branch_datetime_operator.py
[2025-01-11T11:58:16.468+0000] {processor.py:830} INFO - Processing file /home/airflow/.local/lib/python3.12/site-packages/airflow/example_dags/example_branch_datetime_operator.py for tasks to queue
[2025-01-11T11:58:16.469+0000] {logging_mixin.py:188} INFO - [2025-01-11T11:58:16.469+0000] {dagbag.py:545} INFO - Filling up the DagBag from /home/airflow/.local/lib/python3.12/site-packages/airflow/example_dags/example_branch_datetime_operator.py
[2025-01-11T11:58:16.476+0000] {processor.py:840} INFO - DAG(s) 'example_branch_datetime_operator_3', 'example_branch_datetime_operator', 'example_branch_datetime_operator_2' retrieved from /home/airflow/.local/lib/python3.12/site-packages/airflow/example_dags/example_branch_datetime_operator.py
[2025-01-11T11:58:16.493+0000] {logging_mixin.py:188} INFO - [2025-01-11T11:58:16.492+0000] {dag.py:3089} INFO - Sync 3 DAGs
[2025-01-11T11:58:16.505+0000] {logging_mixin.py:188} INFO - [2025-01-11T11:58:16.505+0000] {dag.py:3947} INFO - Setting next_dagrun for example_branch_datetime_operator to 2025-01-10 00:00:00+00:00, run_after=2025-01-11 00:00:00+00:00
[2025-01-11T11:58:16.507+0000] {logging_mixin.py:188} INFO - [2025-01-11T11:58:16.507+0000] {dag.py:3947} INFO - Setting next_dagrun for example_branch_datetime_operator_2 to 2025-01-10 00:00:00+00:00, run_after=2025-01-11 00:00:00+00:00
[2025-01-11T11:58:16.509+0000] {logging_mixin.py:188} INFO - [2025-01-11T11:58:16.508+0000] {dag.py:3947} INFO - Setting next_dagrun for example_branch_datetime_operator_3 to 2025-01-10 00:00:00+00:00, run_after=2025-01-11 00:00:00+00:00
[2025-01-11T11:58:16.519+0000] {processor.py:183} INFO - Processing /home/airflow/.local/lib/python3.12/site-packages/airflow/example_dags/example_branch_datetime_operator.py took 0.056 seconds
[2025-01-11T11:58:46.807+0000] {processor.py:161} INFO - Started process (PID=7009) to work on /home/airflow/.local/lib/python3.12/site-packages/airflow/example_dags/example_branch_datetime_operator.py
[2025-01-11T11:58:46.808+0000] {processor.py:830} INFO - Processing file /home/airflow/.local/lib/python3.12/site-packages/airflow/example_dags/example_branch_datetime_operator.py for tasks to queue
[2025-01-11T11:58:46.810+0000] {logging_mixin.py:188} INFO - [2025-01-11T11:58:46.809+0000] {dagbag.py:545} INFO - Filling up the DagBag from /home/airflow/.local/lib/python3.12/site-packages/airflow/example_dags/example_branch_datetime_operator.py
[2025-01-11T11:58:46.814+0000] {processor.py:840} INFO - DAG(s) 'example_branch_datetime_operator_2', 'example_branch_datetime_operator_3', 'example_branch_datetime_operator' retrieved from /home/airflow/.local/lib/python3.12/site-packages/airflow/example_dags/example_branch_datetime_operator.py
[2025-01-11T11:58:46.834+0000] {logging_mixin.py:188} INFO - [2025-01-11T11:58:46.834+0000] {dag.py:3089} INFO - Sync 3 DAGs
[2025-01-11T11:58:46.847+0000] {logging_mixin.py:188} INFO - [2025-01-11T11:58:46.847+0000] {dag.py:3947} INFO - Setting next_dagrun for example_branch_datetime_operator to 2025-01-10 00:00:00+00:00, run_after=2025-01-11 00:00:00+00:00
[2025-01-11T11:58:46.850+0000] {logging_mixin.py:188} INFO - [2025-01-11T11:58:46.850+0000] {dag.py:3947} INFO - Setting next_dagrun for example_branch_datetime_operator_2 to 2025-01-10 00:00:00+00:00, run_after=2025-01-11 00:00:00+00:00
[2025-01-11T11:58:46.851+0000] {logging_mixin.py:188} INFO - [2025-01-11T11:58:46.851+0000] {dag.py:3947} INFO - Setting next_dagrun for example_branch_datetime_operator_3 to 2025-01-10 00:00:00+00:00, run_after=2025-01-11 00:00:00+00:00
[2025-01-11T11:58:46.860+0000] {processor.py:183} INFO - Processing /home/airflow/.local/lib/python3.12/site-packages/airflow/example_dags/example_branch_datetime_operator.py took 0.057 seconds
[2025-01-11T11:59:18.432+0000] {processor.py:161} INFO - Started process (PID=7288) to work on /home/airflow/.local/lib/python3.12/site-packages/airflow/example_dags/example_branch_datetime_operator.py
[2025-01-11T11:59:18.433+0000] {processor.py:830} INFO - Processing file /home/airflow/.local/lib/python3.12/site-packages/airflow/example_dags/example_branch_datetime_operator.py for tasks to queue
[2025-01-11T11:59:18.434+0000] {logging_mixin.py:188} INFO - [2025-01-11T11:59:18.434+0000] {dagbag.py:545} INFO - Filling up the DagBag from /home/airflow/.local/lib/python3.12/site-packages/airflow/example_dags/example_branch_datetime_operator.py
[2025-01-11T11:59:18.439+0000] {processor.py:840} INFO - DAG(s) 'example_branch_datetime_operator_3', 'example_branch_datetime_operator', 'example_branch_datetime_operator_2' retrieved from /home/airflow/.local/lib/python3.12/site-packages/airflow/example_dags/example_branch_datetime_operator.py
[2025-01-11T11:59:18.457+0000] {logging_mixin.py:188} INFO - [2025-01-11T11:59:18.457+0000] {dag.py:3089} INFO - Sync 3 DAGs
[2025-01-11T11:59:18.469+0000] {logging_mixin.py:188} INFO - [2025-01-11T11:59:18.469+0000] {dag.py:3947} INFO - Setting next_dagrun for example_branch_datetime_operator to 2025-01-10 00:00:00+00:00, run_after=2025-01-11 00:00:00+00:00
[2025-01-11T11:59:18.472+0000] {logging_mixin.py:188} INFO - [2025-01-11T11:59:18.471+0000] {dag.py:3947} INFO - Setting next_dagrun for example_branch_datetime_operator_2 to 2025-01-10 00:00:00+00:00, run_after=2025-01-11 00:00:00+00:00
[2025-01-11T11:59:18.473+0000] {logging_mixin.py:188} INFO - [2025-01-11T11:59:18.473+0000] {dag.py:3947} INFO - Setting next_dagrun for example_branch_datetime_operator_3 to 2025-01-10 00:00:00+00:00, run_after=2025-01-11 00:00:00+00:00
[2025-01-11T11:59:18.484+0000] {processor.py:183} INFO - Processing /home/airflow/.local/lib/python3.12/site-packages/airflow/example_dags/example_branch_datetime_operator.py took 0.057 seconds
[2025-01-11T11:59:48.701+0000] {processor.py:161} INFO - Started process (PID=7563) to work on /home/airflow/.local/lib/python3.12/site-packages/airflow/example_dags/example_branch_datetime_operator.py
[2025-01-11T11:59:48.702+0000] {processor.py:830} INFO - Processing file /home/airflow/.local/lib/python3.12/site-packages/airflow/example_dags/example_branch_datetime_operator.py for tasks to queue
[2025-01-11T11:59:48.704+0000] {logging_mixin.py:188} INFO - [2025-01-11T11:59:48.704+0000] {dagbag.py:545} INFO - Filling up the DagBag from /home/airflow/.local/lib/python3.12/site-packages/airflow/example_dags/example_branch_datetime_operator.py
[2025-01-11T11:59:48.709+0000] {processor.py:840} INFO - DAG(s) 'example_branch_datetime_operator', 'example_branch_datetime_operator_3', 'example_branch_datetime_operator_2' retrieved from /home/airflow/.local/lib/python3.12/site-packages/airflow/example_dags/example_branch_datetime_operator.py
[2025-01-11T11:59:48.726+0000] {logging_mixin.py:188} INFO - [2025-01-11T11:59:48.726+0000] {dag.py:3089} INFO - Sync 3 DAGs
[2025-01-11T11:59:48.745+0000] {logging_mixin.py:188} INFO - [2025-01-11T11:59:48.744+0000] {dag.py:3947} INFO - Setting next_dagrun for example_branch_datetime_operator to 2025-01-10 00:00:00+00:00, run_after=2025-01-11 00:00:00+00:00
[2025-01-11T11:59:48.747+0000] {logging_mixin.py:188} INFO - [2025-01-11T11:59:48.747+0000] {dag.py:3947} INFO - Setting next_dagrun for example_branch_datetime_operator_2 to 2025-01-10 00:00:00+00:00, run_after=2025-01-11 00:00:00+00:00
[2025-01-11T11:59:48.748+0000] {logging_mixin.py:188} INFO - [2025-01-11T11:59:48.748+0000] {dag.py:3947} INFO - Setting next_dagrun for example_branch_datetime_operator_3 to 2025-01-10 00:00:00+00:00, run_after=2025-01-11 00:00:00+00:00
[2025-01-11T11:59:48.758+0000] {processor.py:183} INFO - Processing /home/airflow/.local/lib/python3.12/site-packages/airflow/example_dags/example_branch_datetime_operator.py took 0.061 seconds
[2025-01-11T12:00:19.878+0000] {processor.py:161} INFO - Started process (PID=7842) to work on /home/airflow/.local/lib/python3.12/site-packages/airflow/example_dags/example_branch_datetime_operator.py
[2025-01-11T12:00:19.879+0000] {processor.py:830} INFO - Processing file /home/airflow/.local/lib/python3.12/site-packages/airflow/example_dags/example_branch_datetime_operator.py for tasks to queue
[2025-01-11T12:00:19.881+0000] {logging_mixin.py:188} INFO - [2025-01-11T12:00:19.880+0000] {dagbag.py:545} INFO - Filling up the DagBag from /home/airflow/.local/lib/python3.12/site-packages/airflow/example_dags/example_branch_datetime_operator.py
[2025-01-11T12:00:19.886+0000] {processor.py:840} INFO - DAG(s) 'example_branch_datetime_operator', 'example_branch_datetime_operator_2', 'example_branch_datetime_operator_3' retrieved from /home/airflow/.local/lib/python3.12/site-packages/airflow/example_dags/example_branch_datetime_operator.py
[2025-01-11T12:00:19.902+0000] {logging_mixin.py:188} INFO - [2025-01-11T12:00:19.902+0000] {dag.py:3089} INFO - Sync 3 DAGs
[2025-01-11T12:00:19.914+0000] {logging_mixin.py:188} INFO - [2025-01-11T12:00:19.914+0000] {dag.py:3947} INFO - Setting next_dagrun for example_branch_datetime_operator to 2025-01-10 00:00:00+00:00, run_after=2025-01-11 00:00:00+00:00
[2025-01-11T12:00:19.917+0000] {logging_mixin.py:188} INFO - [2025-01-11T12:00:19.917+0000] {dag.py:3947} INFO - Setting next_dagrun for example_branch_datetime_operator_2 to 2025-01-10 00:00:00+00:00, run_after=2025-01-11 00:00:00+00:00
[2025-01-11T12:00:19.918+0000] {logging_mixin.py:188} INFO - [2025-01-11T12:00:19.918+0000] {dag.py:3947} INFO - Setting next_dagrun for example_branch_datetime_operator_3 to 2025-01-10 00:00:00+00:00, run_after=2025-01-11 00:00:00+00:00
[2025-01-11T12:00:19.926+0000] {processor.py:183} INFO - Processing /home/airflow/.local/lib/python3.12/site-packages/airflow/example_dags/example_branch_datetime_operator.py took 0.054 seconds
[2025-01-11T12:00:52.747+0000] {processor.py:161} INFO - Started process (PID=8117) to work on /home/airflow/.local/lib/python3.12/site-packages/airflow/example_dags/example_branch_datetime_operator.py
[2025-01-11T12:00:52.748+0000] {processor.py:830} INFO - Processing file /home/airflow/.local/lib/python3.12/site-packages/airflow/example_dags/example_branch_datetime_operator.py for tasks to queue
[2025-01-11T12:00:52.749+0000] {logging_mixin.py:188} INFO - [2025-01-11T12:00:52.749+0000] {dagbag.py:545} INFO - Filling up the DagBag from /home/airflow/.local/lib/python3.12/site-packages/airflow/example_dags/example_branch_datetime_operator.py
[2025-01-11T12:00:52.754+0000] {processor.py:840} INFO - DAG(s) 'example_branch_datetime_operator_2', 'example_branch_datetime_operator', 'example_branch_datetime_operator_3' retrieved from /home/airflow/.local/lib/python3.12/site-packages/airflow/example_dags/example_branch_datetime_operator.py
[2025-01-11T12:00:52.771+0000] {logging_mixin.py:188} INFO - [2025-01-11T12:00:52.771+0000] {dag.py:3089} INFO - Sync 3 DAGs
[2025-01-11T12:00:52.784+0000] {logging_mixin.py:188} INFO - [2025-01-11T12:00:52.784+0000] {dag.py:3947} INFO - Setting next_dagrun for example_branch_datetime_operator to 2025-01-10 00:00:00+00:00, run_after=2025-01-11 00:00:00+00:00
[2025-01-11T12:00:52.786+0000] {logging_mixin.py:188} INFO - [2025-01-11T12:00:52.786+0000] {dag.py:3947} INFO - Setting next_dagrun for example_branch_datetime_operator_2 to 2025-01-10 00:00:00+00:00, run_after=2025-01-11 00:00:00+00:00
[2025-01-11T12:00:52.788+0000] {logging_mixin.py:188} INFO - [2025-01-11T12:00:52.788+0000] {dag.py:3947} INFO - Setting next_dagrun for example_branch_datetime_operator_3 to 2025-01-10 00:00:00+00:00, run_after=2025-01-11 00:00:00+00:00
[2025-01-11T12:00:52.797+0000] {processor.py:183} INFO - Processing /home/airflow/.local/lib/python3.12/site-packages/airflow/example_dags/example_branch_datetime_operator.py took 0.054 seconds
[2025-01-11T12:01:24.245+0000] {processor.py:161} INFO - Started process (PID=8394) to work on /home/airflow/.local/lib/python3.12/site-packages/airflow/example_dags/example_branch_datetime_operator.py
[2025-01-11T12:01:24.245+0000] {processor.py:830} INFO - Processing file /home/airflow/.local/lib/python3.12/site-packages/airflow/example_dags/example_branch_datetime_operator.py for tasks to queue
[2025-01-11T12:01:24.247+0000] {logging_mixin.py:188} INFO - [2025-01-11T12:01:24.246+0000] {dagbag.py:545} INFO - Filling up the DagBag from /home/airflow/.local/lib/python3.12/site-packages/airflow/example_dags/example_branch_datetime_operator.py
[2025-01-11T12:01:24.252+0000] {processor.py:840} INFO - DAG(s) 'example_branch_datetime_operator_2', 'example_branch_datetime_operator_3', 'example_branch_datetime_operator' retrieved from /home/airflow/.local/lib/python3.12/site-packages/airflow/example_dags/example_branch_datetime_operator.py
[2025-01-11T12:01:24.269+0000] {logging_mixin.py:188} INFO - [2025-01-11T12:01:24.269+0000] {dag.py:3089} INFO - Sync 3 DAGs
[2025-01-11T12:01:24.286+0000] {logging_mixin.py:188} INFO - [2025-01-11T12:01:24.285+0000] {dag.py:3947} INFO - Setting next_dagrun for example_branch_datetime_operator to 2025-01-10 00:00:00+00:00, run_after=2025-01-11 00:00:00+00:00
[2025-01-11T12:01:24.293+0000] {logging_mixin.py:188} INFO - [2025-01-11T12:01:24.293+0000] {dag.py:3947} INFO - Setting next_dagrun for example_branch_datetime_operator_2 to 2025-01-10 00:00:00+00:00, run_after=2025-01-11 00:00:00+00:00
[2025-01-11T12:01:24.295+0000] {logging_mixin.py:188} INFO - [2025-01-11T12:01:24.295+0000] {dag.py:3947} INFO - Setting next_dagrun for example_branch_datetime_operator_3 to 2025-01-10 00:00:00+00:00, run_after=2025-01-11 00:00:00+00:00
[2025-01-11T12:01:24.307+0000] {processor.py:183} INFO - Processing /home/airflow/.local/lib/python3.12/site-packages/airflow/example_dags/example_branch_datetime_operator.py took 0.067 seconds
[2025-01-11T12:01:54.917+0000] {processor.py:161} INFO - Started process (PID=8671) to work on /home/airflow/.local/lib/python3.12/site-packages/airflow/example_dags/example_branch_datetime_operator.py
[2025-01-11T12:01:54.917+0000] {processor.py:830} INFO - Processing file /home/airflow/.local/lib/python3.12/site-packages/airflow/example_dags/example_branch_datetime_operator.py for tasks to queue
[2025-01-11T12:01:54.918+0000] {logging_mixin.py:188} INFO - [2025-01-11T12:01:54.918+0000] {dagbag.py:545} INFO - Filling up the DagBag from /home/airflow/.local/lib/python3.12/site-packages/airflow/example_dags/example_branch_datetime_operator.py
[2025-01-11T12:01:54.925+0000] {processor.py:840} INFO - DAG(s) 'example_branch_datetime_operator_2', 'example_branch_datetime_operator_3', 'example_branch_datetime_operator' retrieved from /home/airflow/.local/lib/python3.12/site-packages/airflow/example_dags/example_branch_datetime_operator.py
[2025-01-11T12:01:54.943+0000] {logging_mixin.py:188} INFO - [2025-01-11T12:01:54.943+0000] {dag.py:3089} INFO - Sync 3 DAGs
[2025-01-11T12:01:54.956+0000] {logging_mixin.py:188} INFO - [2025-01-11T12:01:54.956+0000] {dag.py:3947} INFO - Setting next_dagrun for example_branch_datetime_operator to 2025-01-10 00:00:00+00:00, run_after=2025-01-11 00:00:00+00:00
[2025-01-11T12:01:54.959+0000] {logging_mixin.py:188} INFO - [2025-01-11T12:01:54.959+0000] {dag.py:3947} INFO - Setting next_dagrun for example_branch_datetime_operator_2 to 2025-01-10 00:00:00+00:00, run_after=2025-01-11 00:00:00+00:00
[2025-01-11T12:01:54.960+0000] {logging_mixin.py:188} INFO - [2025-01-11T12:01:54.960+0000] {dag.py:3947} INFO - Setting next_dagrun for example_branch_datetime_operator_3 to 2025-01-10 00:00:00+00:00, run_after=2025-01-11 00:00:00+00:00
[2025-01-11T12:01:54.971+0000] {processor.py:183} INFO - Processing /home/airflow/.local/lib/python3.12/site-packages/airflow/example_dags/example_branch_datetime_operator.py took 0.058 seconds
[2025-01-11T12:02:25.446+0000] {processor.py:161} INFO - Started process (PID=8948) to work on /home/airflow/.local/lib/python3.12/site-packages/airflow/example_dags/example_branch_datetime_operator.py
[2025-01-11T12:02:25.447+0000] {processor.py:830} INFO - Processing file /home/airflow/.local/lib/python3.12/site-packages/airflow/example_dags/example_branch_datetime_operator.py for tasks to queue
[2025-01-11T12:02:25.448+0000] {logging_mixin.py:188} INFO - [2025-01-11T12:02:25.448+0000] {dagbag.py:545} INFO - Filling up the DagBag from /home/airflow/.local/lib/python3.12/site-packages/airflow/example_dags/example_branch_datetime_operator.py
[2025-01-11T12:02:25.455+0000] {processor.py:840} INFO - DAG(s) 'example_branch_datetime_operator_2', 'example_branch_datetime_operator', 'example_branch_datetime_operator_3' retrieved from /home/airflow/.local/lib/python3.12/site-packages/airflow/example_dags/example_branch_datetime_operator.py
[2025-01-11T12:02:25.474+0000] {logging_mixin.py:188} INFO - [2025-01-11T12:02:25.474+0000] {dag.py:3089} INFO - Sync 3 DAGs
[2025-01-11T12:02:25.487+0000] {logging_mixin.py:188} INFO - [2025-01-11T12:02:25.487+0000] {dag.py:3947} INFO - Setting next_dagrun for example_branch_datetime_operator to 2025-01-10 00:00:00+00:00, run_after=2025-01-11 00:00:00+00:00
[2025-01-11T12:02:25.489+0000] {logging_mixin.py:188} INFO - [2025-01-11T12:02:25.489+0000] {dag.py:3947} INFO - Setting next_dagrun for example_branch_datetime_operator_2 to 2025-01-10 00:00:00+00:00, run_after=2025-01-11 00:00:00+00:00
[2025-01-11T12:02:25.491+0000] {logging_mixin.py:188} INFO - [2025-01-11T12:02:25.491+0000] {dag.py:3947} INFO - Setting next_dagrun for example_branch_datetime_operator_3 to 2025-01-10 00:00:00+00:00, run_after=2025-01-11 00:00:00+00:00
[2025-01-11T12:02:25.500+0000] {processor.py:183} INFO - Processing /home/airflow/.local/lib/python3.12/site-packages/airflow/example_dags/example_branch_datetime_operator.py took 0.058 seconds
[2025-01-11T12:02:56.564+0000] {processor.py:161} INFO - Started process (PID=9225) to work on /home/airflow/.local/lib/python3.12/site-packages/airflow/example_dags/example_branch_datetime_operator.py
[2025-01-11T12:02:56.565+0000] {processor.py:830} INFO - Processing file /home/airflow/.local/lib/python3.12/site-packages/airflow/example_dags/example_branch_datetime_operator.py for tasks to queue
[2025-01-11T12:02:56.567+0000] {logging_mixin.py:188} INFO - [2025-01-11T12:02:56.567+0000] {dagbag.py:545} INFO - Filling up the DagBag from /home/airflow/.local/lib/python3.12/site-packages/airflow/example_dags/example_branch_datetime_operator.py
[2025-01-11T12:02:56.573+0000] {processor.py:840} INFO - DAG(s) 'example_branch_datetime_operator', 'example_branch_datetime_operator_3', 'example_branch_datetime_operator_2' retrieved from /home/airflow/.local/lib/python3.12/site-packages/airflow/example_dags/example_branch_datetime_operator.py
[2025-01-11T12:02:56.590+0000] {logging_mixin.py:188} INFO - [2025-01-11T12:02:56.590+0000] {dag.py:3089} INFO - Sync 3 DAGs
[2025-01-11T12:02:56.603+0000] {logging_mixin.py:188} INFO - [2025-01-11T12:02:56.603+0000] {dag.py:3947} INFO - Setting next_dagrun for example_branch_datetime_operator to 2025-01-10 00:00:00+00:00, run_after=2025-01-11 00:00:00+00:00
[2025-01-11T12:02:56.606+0000] {logging_mixin.py:188} INFO - [2025-01-11T12:02:56.606+0000] {dag.py:3947} INFO - Setting next_dagrun for example_branch_datetime_operator_2 to 2025-01-10 00:00:00+00:00, run_after=2025-01-11 00:00:00+00:00
[2025-01-11T12:02:56.607+0000] {logging_mixin.py:188} INFO - [2025-01-11T12:02:56.607+0000] {dag.py:3947} INFO - Setting next_dagrun for example_branch_datetime_operator_3 to 2025-01-10 00:00:00+00:00, run_after=2025-01-11 00:00:00+00:00
[2025-01-11T12:02:56.617+0000] {processor.py:183} INFO - Processing /home/airflow/.local/lib/python3.12/site-packages/airflow/example_dags/example_branch_datetime_operator.py took 0.057 seconds
[2025-01-11T12:03:27.241+0000] {processor.py:161} INFO - Started process (PID=9502) to work on /home/airflow/.local/lib/python3.12/site-packages/airflow/example_dags/example_branch_datetime_operator.py
[2025-01-11T12:03:27.241+0000] {processor.py:830} INFO - Processing file /home/airflow/.local/lib/python3.12/site-packages/airflow/example_dags/example_branch_datetime_operator.py for tasks to queue
[2025-01-11T12:03:27.242+0000] {logging_mixin.py:188} INFO - [2025-01-11T12:03:27.242+0000] {dagbag.py:545} INFO - Filling up the DagBag from /home/airflow/.local/lib/python3.12/site-packages/airflow/example_dags/example_branch_datetime_operator.py
[2025-01-11T12:03:27.248+0000] {processor.py:840} INFO - DAG(s) 'example_branch_datetime_operator_3', 'example_branch_datetime_operator', 'example_branch_datetime_operator_2' retrieved from /home/airflow/.local/lib/python3.12/site-packages/airflow/example_dags/example_branch_datetime_operator.py
[2025-01-11T12:03:27.266+0000] {logging_mixin.py:188} INFO - [2025-01-11T12:03:27.266+0000] {dag.py:3089} INFO - Sync 3 DAGs
[2025-01-11T12:03:27.278+0000] {logging_mixin.py:188} INFO - [2025-01-11T12:03:27.278+0000] {dag.py:3947} INFO - Setting next_dagrun for example_branch_datetime_operator to 2025-01-10 00:00:00+00:00, run_after=2025-01-11 00:00:00+00:00
[2025-01-11T12:03:27.281+0000] {logging_mixin.py:188} INFO - [2025-01-11T12:03:27.280+0000] {dag.py:3947} INFO - Setting next_dagrun for example_branch_datetime_operator_2 to 2025-01-10 00:00:00+00:00, run_after=2025-01-11 00:00:00+00:00
[2025-01-11T12:03:27.282+0000] {logging_mixin.py:188} INFO - [2025-01-11T12:03:27.282+0000] {dag.py:3947} INFO - Setting next_dagrun for example_branch_datetime_operator_3 to 2025-01-10 00:00:00+00:00, run_after=2025-01-11 00:00:00+00:00
[2025-01-11T12:03:27.292+0000] {processor.py:183} INFO - Processing /home/airflow/.local/lib/python3.12/site-packages/airflow/example_dags/example_branch_datetime_operator.py took 0.056 seconds
[2025-01-11T12:04:00.422+0000] {processor.py:161} INFO - Started process (PID=9779) to work on /home/airflow/.local/lib/python3.12/site-packages/airflow/example_dags/example_branch_datetime_operator.py
[2025-01-11T12:04:00.423+0000] {processor.py:830} INFO - Processing file /home/airflow/.local/lib/python3.12/site-packages/airflow/example_dags/example_branch_datetime_operator.py for tasks to queue
[2025-01-11T12:04:00.425+0000] {logging_mixin.py:188} INFO - [2025-01-11T12:04:00.424+0000] {dagbag.py:545} INFO - Filling up the DagBag from /home/airflow/.local/lib/python3.12/site-packages/airflow/example_dags/example_branch_datetime_operator.py
[2025-01-11T12:04:00.430+0000] {processor.py:840} INFO - DAG(s) 'example_branch_datetime_operator_3', 'example_branch_datetime_operator_2', 'example_branch_datetime_operator' retrieved from /home/airflow/.local/lib/python3.12/site-packages/airflow/example_dags/example_branch_datetime_operator.py
[2025-01-11T12:04:00.448+0000] {logging_mixin.py:188} INFO - [2025-01-11T12:04:00.448+0000] {dag.py:3089} INFO - Sync 3 DAGs
[2025-01-11T12:04:00.462+0000] {logging_mixin.py:188} INFO - [2025-01-11T12:04:00.461+0000] {dag.py:3947} INFO - Setting next_dagrun for example_branch_datetime_operator to 2025-01-10 00:00:00+00:00, run_after=2025-01-11 00:00:00+00:00
[2025-01-11T12:04:00.465+0000] {logging_mixin.py:188} INFO - [2025-01-11T12:04:00.465+0000] {dag.py:3947} INFO - Setting next_dagrun for example_branch_datetime_operator_2 to 2025-01-10 00:00:00+00:00, run_after=2025-01-11 00:00:00+00:00
[2025-01-11T12:04:00.467+0000] {logging_mixin.py:188} INFO - [2025-01-11T12:04:00.467+0000] {dag.py:3947} INFO - Setting next_dagrun for example_branch_datetime_operator_3 to 2025-01-10 00:00:00+00:00, run_after=2025-01-11 00:00:00+00:00
[2025-01-11T12:04:00.477+0000] {processor.py:183} INFO - Processing /home/airflow/.local/lib/python3.12/site-packages/airflow/example_dags/example_branch_datetime_operator.py took 0.059 seconds
[2025-01-11T12:04:30.763+0000] {processor.py:161} INFO - Started process (PID=10056) to work on /home/airflow/.local/lib/python3.12/site-packages/airflow/example_dags/example_branch_datetime_operator.py
[2025-01-11T12:04:30.764+0000] {processor.py:830} INFO - Processing file /home/airflow/.local/lib/python3.12/site-packages/airflow/example_dags/example_branch_datetime_operator.py for tasks to queue
[2025-01-11T12:04:30.765+0000] {logging_mixin.py:188} INFO - [2025-01-11T12:04:30.765+0000] {dagbag.py:545} INFO - Filling up the DagBag from /home/airflow/.local/lib/python3.12/site-packages/airflow/example_dags/example_branch_datetime_operator.py
[2025-01-11T12:04:30.771+0000] {processor.py:840} INFO - DAG(s) 'example_branch_datetime_operator', 'example_branch_datetime_operator_3', 'example_branch_datetime_operator_2' retrieved from /home/airflow/.local/lib/python3.12/site-packages/airflow/example_dags/example_branch_datetime_operator.py
[2025-01-11T12:04:30.788+0000] {logging_mixin.py:188} INFO - [2025-01-11T12:04:30.788+0000] {dag.py:3089} INFO - Sync 3 DAGs
[2025-01-11T12:04:30.802+0000] {logging_mixin.py:188} INFO - [2025-01-11T12:04:30.801+0000] {dag.py:3947} INFO - Setting next_dagrun for example_branch_datetime_operator to 2025-01-10 00:00:00+00:00, run_after=2025-01-11 00:00:00+00:00
[2025-01-11T12:04:30.804+0000] {logging_mixin.py:188} INFO - [2025-01-11T12:04:30.804+0000] {dag.py:3947} INFO - Setting next_dagrun for example_branch_datetime_operator_2 to 2025-01-10 00:00:00+00:00, run_after=2025-01-11 00:00:00+00:00
[2025-01-11T12:04:30.805+0000] {logging_mixin.py:188} INFO - [2025-01-11T12:04:30.805+0000] {dag.py:3947} INFO - Setting next_dagrun for example_branch_datetime_operator_3 to 2025-01-10 00:00:00+00:00, run_after=2025-01-11 00:00:00+00:00
[2025-01-11T12:04:30.816+0000] {processor.py:183} INFO - Processing /home/airflow/.local/lib/python3.12/site-packages/airflow/example_dags/example_branch_datetime_operator.py took 0.057 seconds
[2025-01-11T12:05:01.672+0000] {processor.py:161} INFO - Started process (PID=10333) to work on /home/airflow/.local/lib/python3.12/site-packages/airflow/example_dags/example_branch_datetime_operator.py
[2025-01-11T12:05:01.673+0000] {processor.py:830} INFO - Processing file /home/airflow/.local/lib/python3.12/site-packages/airflow/example_dags/example_branch_datetime_operator.py for tasks to queue
[2025-01-11T12:05:01.674+0000] {logging_mixin.py:188} INFO - [2025-01-11T12:05:01.674+0000] {dagbag.py:545} INFO - Filling up the DagBag from /home/airflow/.local/lib/python3.12/site-packages/airflow/example_dags/example_branch_datetime_operator.py
[2025-01-11T12:05:01.680+0000] {processor.py:840} INFO - DAG(s) 'example_branch_datetime_operator_3', 'example_branch_datetime_operator', 'example_branch_datetime_operator_2' retrieved from /home/airflow/.local/lib/python3.12/site-packages/airflow/example_dags/example_branch_datetime_operator.py
[2025-01-11T12:05:01.697+0000] {logging_mixin.py:188} INFO - [2025-01-11T12:05:01.697+0000] {dag.py:3089} INFO - Sync 3 DAGs
[2025-01-11T12:05:01.711+0000] {logging_mixin.py:188} INFO - [2025-01-11T12:05:01.711+0000] {dag.py:3947} INFO - Setting next_dagrun for example_branch_datetime_operator to 2025-01-10 00:00:00+00:00, run_after=2025-01-11 00:00:00+00:00
[2025-01-11T12:05:01.713+0000] {logging_mixin.py:188} INFO - [2025-01-11T12:05:01.713+0000] {dag.py:3947} INFO - Setting next_dagrun for example_branch_datetime_operator_2 to 2025-01-10 00:00:00+00:00, run_after=2025-01-11 00:00:00+00:00
[2025-01-11T12:05:01.715+0000] {logging_mixin.py:188} INFO - [2025-01-11T12:05:01.714+0000] {dag.py:3947} INFO - Setting next_dagrun for example_branch_datetime_operator_3 to 2025-01-10 00:00:00+00:00, run_after=2025-01-11 00:00:00+00:00
[2025-01-11T12:05:01.724+0000] {processor.py:183} INFO - Processing /home/airflow/.local/lib/python3.12/site-packages/airflow/example_dags/example_branch_datetime_operator.py took 0.056 seconds
[2025-01-11T12:05:32.905+0000] {processor.py:161} INFO - Started process (PID=10610) to work on /home/airflow/.local/lib/python3.12/site-packages/airflow/example_dags/example_branch_datetime_operator.py
[2025-01-11T12:05:32.906+0000] {processor.py:830} INFO - Processing file /home/airflow/.local/lib/python3.12/site-packages/airflow/example_dags/example_branch_datetime_operator.py for tasks to queue
[2025-01-11T12:05:32.907+0000] {logging_mixin.py:188} INFO - [2025-01-11T12:05:32.907+0000] {dagbag.py:545} INFO - Filling up the DagBag from /home/airflow/.local/lib/python3.12/site-packages/airflow/example_dags/example_branch_datetime_operator.py
[2025-01-11T12:05:32.912+0000] {processor.py:840} INFO - DAG(s) 'example_branch_datetime_operator_3', 'example_branch_datetime_operator_2', 'example_branch_datetime_operator' retrieved from /home/airflow/.local/lib/python3.12/site-packages/airflow/example_dags/example_branch_datetime_operator.py
[2025-01-11T12:05:32.929+0000] {logging_mixin.py:188} INFO - [2025-01-11T12:05:32.929+0000] {dag.py:3089} INFO - Sync 3 DAGs
[2025-01-11T12:05:32.943+0000] {logging_mixin.py:188} INFO - [2025-01-11T12:05:32.943+0000] {dag.py:3947} INFO - Setting next_dagrun for example_branch_datetime_operator to 2025-01-10 00:00:00+00:00, run_after=2025-01-11 00:00:00+00:00
[2025-01-11T12:05:32.945+0000] {logging_mixin.py:188} INFO - [2025-01-11T12:05:32.945+0000] {dag.py:3947} INFO - Setting next_dagrun for example_branch_datetime_operator_2 to 2025-01-10 00:00:00+00:00, run_after=2025-01-11 00:00:00+00:00
[2025-01-11T12:05:32.946+0000] {logging_mixin.py:188} INFO - [2025-01-11T12:05:32.946+0000] {dag.py:3947} INFO - Setting next_dagrun for example_branch_datetime_operator_3 to 2025-01-10 00:00:00+00:00, run_after=2025-01-11 00:00:00+00:00
[2025-01-11T12:05:32.956+0000] {processor.py:183} INFO - Processing /home/airflow/.local/lib/python3.12/site-packages/airflow/example_dags/example_branch_datetime_operator.py took 0.056 seconds
[2025-01-11T12:06:03.587+0000] {processor.py:161} INFO - Started process (PID=10887) to work on /home/airflow/.local/lib/python3.12/site-packages/airflow/example_dags/example_branch_datetime_operator.py
[2025-01-11T12:06:03.588+0000] {processor.py:830} INFO - Processing file /home/airflow/.local/lib/python3.12/site-packages/airflow/example_dags/example_branch_datetime_operator.py for tasks to queue
[2025-01-11T12:06:03.590+0000] {logging_mixin.py:188} INFO - [2025-01-11T12:06:03.589+0000] {dagbag.py:545} INFO - Filling up the DagBag from /home/airflow/.local/lib/python3.12/site-packages/airflow/example_dags/example_branch_datetime_operator.py
[2025-01-11T12:06:03.595+0000] {processor.py:840} INFO - DAG(s) 'example_branch_datetime_operator_3', 'example_branch_datetime_operator', 'example_branch_datetime_operator_2' retrieved from /home/airflow/.local/lib/python3.12/site-packages/airflow/example_dags/example_branch_datetime_operator.py
[2025-01-11T12:06:03.612+0000] {logging_mixin.py:188} INFO - [2025-01-11T12:06:03.612+0000] {dag.py:3089} INFO - Sync 3 DAGs
[2025-01-11T12:06:03.625+0000] {logging_mixin.py:188} INFO - [2025-01-11T12:06:03.625+0000] {dag.py:3947} INFO - Setting next_dagrun for example_branch_datetime_operator to 2025-01-10 00:00:00+00:00, run_after=2025-01-11 00:00:00+00:00
[2025-01-11T12:06:03.628+0000] {logging_mixin.py:188} INFO - [2025-01-11T12:06:03.628+0000] {dag.py:3947} INFO - Setting next_dagrun for example_branch_datetime_operator_2 to 2025-01-10 00:00:00+00:00, run_after=2025-01-11 00:00:00+00:00
[2025-01-11T12:06:03.629+0000] {logging_mixin.py:188} INFO - [2025-01-11T12:06:03.629+0000] {dag.py:3947} INFO - Setting next_dagrun for example_branch_datetime_operator_3 to 2025-01-10 00:00:00+00:00, run_after=2025-01-11 00:00:00+00:00
[2025-01-11T12:06:03.640+0000] {processor.py:183} INFO - Processing /home/airflow/.local/lib/python3.12/site-packages/airflow/example_dags/example_branch_datetime_operator.py took 0.057 seconds
[2025-01-11T12:06:34.336+0000] {processor.py:161} INFO - Started process (PID=11164) to work on /home/airflow/.local/lib/python3.12/site-packages/airflow/example_dags/example_branch_datetime_operator.py
[2025-01-11T12:06:34.337+0000] {processor.py:830} INFO - Processing file /home/airflow/.local/lib/python3.12/site-packages/airflow/example_dags/example_branch_datetime_operator.py for tasks to queue
[2025-01-11T12:06:34.339+0000] {logging_mixin.py:188} INFO - [2025-01-11T12:06:34.338+0000] {dagbag.py:545} INFO - Filling up the DagBag from /home/airflow/.local/lib/python3.12/site-packages/airflow/example_dags/example_branch_datetime_operator.py
[2025-01-11T12:06:34.345+0000] {processor.py:840} INFO - DAG(s) 'example_branch_datetime_operator_2', 'example_branch_datetime_operator', 'example_branch_datetime_operator_3' retrieved from /home/airflow/.local/lib/python3.12/site-packages/airflow/example_dags/example_branch_datetime_operator.py
[2025-01-11T12:06:34.363+0000] {logging_mixin.py:188} INFO - [2025-01-11T12:06:34.362+0000] {dag.py:3089} INFO - Sync 3 DAGs
[2025-01-11T12:06:34.376+0000] {logging_mixin.py:188} INFO - [2025-01-11T12:06:34.376+0000] {dag.py:3947} INFO - Setting next_dagrun for example_branch_datetime_operator to 2025-01-10 00:00:00+00:00, run_after=2025-01-11 00:00:00+00:00
[2025-01-11T12:06:34.379+0000] {logging_mixin.py:188} INFO - [2025-01-11T12:06:34.378+0000] {dag.py:3947} INFO - Setting next_dagrun for example_branch_datetime_operator_2 to 2025-01-10 00:00:00+00:00, run_after=2025-01-11 00:00:00+00:00
[2025-01-11T12:06:34.380+0000] {logging_mixin.py:188} INFO - [2025-01-11T12:06:34.380+0000] {dag.py:3947} INFO - Setting next_dagrun for example_branch_datetime_operator_3 to 2025-01-10 00:00:00+00:00, run_after=2025-01-11 00:00:00+00:00
[2025-01-11T12:06:34.391+0000] {processor.py:183} INFO - Processing /home/airflow/.local/lib/python3.12/site-packages/airflow/example_dags/example_branch_datetime_operator.py took 0.060 seconds
[2025-01-11T12:07:04.562+0000] {processor.py:161} INFO - Started process (PID=11441) to work on /home/airflow/.local/lib/python3.12/site-packages/airflow/example_dags/example_branch_datetime_operator.py
[2025-01-11T12:07:04.563+0000] {processor.py:830} INFO - Processing file /home/airflow/.local/lib/python3.12/site-packages/airflow/example_dags/example_branch_datetime_operator.py for tasks to queue
[2025-01-11T12:07:04.564+0000] {logging_mixin.py:188} INFO - [2025-01-11T12:07:04.564+0000] {dagbag.py:545} INFO - Filling up the DagBag from /home/airflow/.local/lib/python3.12/site-packages/airflow/example_dags/example_branch_datetime_operator.py
[2025-01-11T12:07:04.569+0000] {processor.py:840} INFO - DAG(s) 'example_branch_datetime_operator_3', 'example_branch_datetime_operator_2', 'example_branch_datetime_operator' retrieved from /home/airflow/.local/lib/python3.12/site-packages/airflow/example_dags/example_branch_datetime_operator.py
[2025-01-11T12:07:04.587+0000] {logging_mixin.py:188} INFO - [2025-01-11T12:07:04.587+0000] {dag.py:3089} INFO - Sync 3 DAGs
[2025-01-11T12:07:04.601+0000] {logging_mixin.py:188} INFO - [2025-01-11T12:07:04.600+0000] {dag.py:3947} INFO - Setting next_dagrun for example_branch_datetime_operator to 2025-01-10 00:00:00+00:00, run_after=2025-01-11 00:00:00+00:00
[2025-01-11T12:07:04.603+0000] {logging_mixin.py:188} INFO - [2025-01-11T12:07:04.603+0000] {dag.py:3947} INFO - Setting next_dagrun for example_branch_datetime_operator_2 to 2025-01-10 00:00:00+00:00, run_after=2025-01-11 00:00:00+00:00
[2025-01-11T12:07:04.605+0000] {logging_mixin.py:188} INFO - [2025-01-11T12:07:04.605+0000] {dag.py:3947} INFO - Setting next_dagrun for example_branch_datetime_operator_3 to 2025-01-10 00:00:00+00:00, run_after=2025-01-11 00:00:00+00:00
[2025-01-11T12:07:04.614+0000] {processor.py:183} INFO - Processing /home/airflow/.local/lib/python3.12/site-packages/airflow/example_dags/example_branch_datetime_operator.py took 0.056 seconds
[2025-01-11T12:07:36.229+0000] {processor.py:161} INFO - Started process (PID=11718) to work on /home/airflow/.local/lib/python3.12/site-packages/airflow/example_dags/example_branch_datetime_operator.py
[2025-01-11T12:07:36.230+0000] {processor.py:830} INFO - Processing file /home/airflow/.local/lib/python3.12/site-packages/airflow/example_dags/example_branch_datetime_operator.py for tasks to queue
[2025-01-11T12:07:36.231+0000] {logging_mixin.py:188} INFO - [2025-01-11T12:07:36.231+0000] {dagbag.py:545} INFO - Filling up the DagBag from /home/airflow/.local/lib/python3.12/site-packages/airflow/example_dags/example_branch_datetime_operator.py
[2025-01-11T12:07:36.236+0000] {processor.py:840} INFO - DAG(s) 'example_branch_datetime_operator_2', 'example_branch_datetime_operator', 'example_branch_datetime_operator_3' retrieved from /home/airflow/.local/lib/python3.12/site-packages/airflow/example_dags/example_branch_datetime_operator.py
[2025-01-11T12:07:36.254+0000] {logging_mixin.py:188} INFO - [2025-01-11T12:07:36.254+0000] {dag.py:3089} INFO - Sync 3 DAGs
[2025-01-11T12:07:36.268+0000] {logging_mixin.py:188} INFO - [2025-01-11T12:07:36.268+0000] {dag.py:3947} INFO - Setting next_dagrun for example_branch_datetime_operator to 2025-01-10 00:00:00+00:00, run_after=2025-01-11 00:00:00+00:00
[2025-01-11T12:07:36.270+0000] {logging_mixin.py:188} INFO - [2025-01-11T12:07:36.270+0000] {dag.py:3947} INFO - Setting next_dagrun for example_branch_datetime_operator_2 to 2025-01-10 00:00:00+00:00, run_after=2025-01-11 00:00:00+00:00
[2025-01-11T12:07:36.271+0000] {logging_mixin.py:188} INFO - [2025-01-11T12:07:36.271+0000] {dag.py:3947} INFO - Setting next_dagrun for example_branch_datetime_operator_3 to 2025-01-10 00:00:00+00:00, run_after=2025-01-11 00:00:00+00:00
[2025-01-11T12:07:36.281+0000] {processor.py:183} INFO - Processing /home/airflow/.local/lib/python3.12/site-packages/airflow/example_dags/example_branch_datetime_operator.py took 0.057 seconds
[2025-01-11T12:08:07.262+0000] {processor.py:161} INFO - Started process (PID=11995) to work on /home/airflow/.local/lib/python3.12/site-packages/airflow/example_dags/example_branch_datetime_operator.py
[2025-01-11T12:08:07.263+0000] {processor.py:830} INFO - Processing file /home/airflow/.local/lib/python3.12/site-packages/airflow/example_dags/example_branch_datetime_operator.py for tasks to queue
[2025-01-11T12:08:07.264+0000] {logging_mixin.py:188} INFO - [2025-01-11T12:08:07.264+0000] {dagbag.py:545} INFO - Filling up the DagBag from /home/airflow/.local/lib/python3.12/site-packages/airflow/example_dags/example_branch_datetime_operator.py
[2025-01-11T12:08:07.271+0000] {processor.py:840} INFO - DAG(s) 'example_branch_datetime_operator', 'example_branch_datetime_operator_2', 'example_branch_datetime_operator_3' retrieved from /home/airflow/.local/lib/python3.12/site-packages/airflow/example_dags/example_branch_datetime_operator.py
[2025-01-11T12:08:07.289+0000] {logging_mixin.py:188} INFO - [2025-01-11T12:08:07.289+0000] {dag.py:3089} INFO - Sync 3 DAGs
[2025-01-11T12:08:07.302+0000] {logging_mixin.py:188} INFO - [2025-01-11T12:08:07.302+0000] {dag.py:3947} INFO - Setting next_dagrun for example_branch_datetime_operator to 2025-01-10 00:00:00+00:00, run_after=2025-01-11 00:00:00+00:00
[2025-01-11T12:08:07.305+0000] {logging_mixin.py:188} INFO - [2025-01-11T12:08:07.305+0000] {dag.py:3947} INFO - Setting next_dagrun for example_branch_datetime_operator_2 to 2025-01-10 00:00:00+00:00, run_after=2025-01-11 00:00:00+00:00
[2025-01-11T12:08:07.307+0000] {logging_mixin.py:188} INFO - [2025-01-11T12:08:07.307+0000] {dag.py:3947} INFO - Setting next_dagrun for example_branch_datetime_operator_3 to 2025-01-10 00:00:00+00:00, run_after=2025-01-11 00:00:00+00:00
[2025-01-11T12:08:07.317+0000] {processor.py:183} INFO - Processing /home/airflow/.local/lib/python3.12/site-packages/airflow/example_dags/example_branch_datetime_operator.py took 0.059 seconds
[2025-01-11T12:08:38.234+0000] {processor.py:161} INFO - Started process (PID=12272) to work on /home/airflow/.local/lib/python3.12/site-packages/airflow/example_dags/example_branch_datetime_operator.py
[2025-01-11T12:08:38.235+0000] {processor.py:830} INFO - Processing file /home/airflow/.local/lib/python3.12/site-packages/airflow/example_dags/example_branch_datetime_operator.py for tasks to queue
[2025-01-11T12:08:38.236+0000] {logging_mixin.py:188} INFO - [2025-01-11T12:08:38.236+0000] {dagbag.py:545} INFO - Filling up the DagBag from /home/airflow/.local/lib/python3.12/site-packages/airflow/example_dags/example_branch_datetime_operator.py
[2025-01-11T12:08:38.242+0000] {processor.py:840} INFO - DAG(s) 'example_branch_datetime_operator_3', 'example_branch_datetime_operator_2', 'example_branch_datetime_operator' retrieved from /home/airflow/.local/lib/python3.12/site-packages/airflow/example_dags/example_branch_datetime_operator.py
[2025-01-11T12:08:38.259+0000] {logging_mixin.py:188} INFO - [2025-01-11T12:08:38.259+0000] {dag.py:3089} INFO - Sync 3 DAGs
[2025-01-11T12:08:38.272+0000] {logging_mixin.py:188} INFO - [2025-01-11T12:08:38.272+0000] {dag.py:3947} INFO - Setting next_dagrun for example_branch_datetime_operator to 2025-01-10 00:00:00+00:00, run_after=2025-01-11 00:00:00+00:00
[2025-01-11T12:08:38.275+0000] {logging_mixin.py:188} INFO - [2025-01-11T12:08:38.275+0000] {dag.py:3947} INFO - Setting next_dagrun for example_branch_datetime_operator_2 to 2025-01-10 00:00:00+00:00, run_after=2025-01-11 00:00:00+00:00
[2025-01-11T12:08:38.277+0000] {logging_mixin.py:188} INFO - [2025-01-11T12:08:38.276+0000] {dag.py:3947} INFO - Setting next_dagrun for example_branch_datetime_operator_3 to 2025-01-10 00:00:00+00:00, run_after=2025-01-11 00:00:00+00:00
[2025-01-11T12:08:38.286+0000] {processor.py:183} INFO - Processing /home/airflow/.local/lib/python3.12/site-packages/airflow/example_dags/example_branch_datetime_operator.py took 0.056 seconds
[2025-01-11T12:09:09.155+0000] {processor.py:161} INFO - Started process (PID=12549) to work on /home/airflow/.local/lib/python3.12/site-packages/airflow/example_dags/example_branch_datetime_operator.py
[2025-01-11T12:09:09.156+0000] {processor.py:830} INFO - Processing file /home/airflow/.local/lib/python3.12/site-packages/airflow/example_dags/example_branch_datetime_operator.py for tasks to queue
[2025-01-11T12:09:09.157+0000] {logging_mixin.py:188} INFO - [2025-01-11T12:09:09.157+0000] {dagbag.py:545} INFO - Filling up the DagBag from /home/airflow/.local/lib/python3.12/site-packages/airflow/example_dags/example_branch_datetime_operator.py
[2025-01-11T12:09:09.163+0000] {processor.py:840} INFO - DAG(s) 'example_branch_datetime_operator_2', 'example_branch_datetime_operator', 'example_branch_datetime_operator_3' retrieved from /home/airflow/.local/lib/python3.12/site-packages/airflow/example_dags/example_branch_datetime_operator.py
[2025-01-11T12:09:09.179+0000] {logging_mixin.py:188} INFO - [2025-01-11T12:09:09.179+0000] {dag.py:3089} INFO - Sync 3 DAGs
[2025-01-11T12:09:09.192+0000] {logging_mixin.py:188} INFO - [2025-01-11T12:09:09.191+0000] {dag.py:3947} INFO - Setting next_dagrun for example_branch_datetime_operator to 2025-01-10 00:00:00+00:00, run_after=2025-01-11 00:00:00+00:00
[2025-01-11T12:09:09.194+0000] {logging_mixin.py:188} INFO - [2025-01-11T12:09:09.194+0000] {dag.py:3947} INFO - Setting next_dagrun for example_branch_datetime_operator_2 to 2025-01-10 00:00:00+00:00, run_after=2025-01-11 00:00:00+00:00
[2025-01-11T12:09:09.195+0000] {logging_mixin.py:188} INFO - [2025-01-11T12:09:09.195+0000] {dag.py:3947} INFO - Setting next_dagrun for example_branch_datetime_operator_3 to 2025-01-10 00:00:00+00:00, run_after=2025-01-11 00:00:00+00:00
[2025-01-11T12:09:09.205+0000] {processor.py:183} INFO - Processing /home/airflow/.local/lib/python3.12/site-packages/airflow/example_dags/example_branch_datetime_operator.py took 0.055 seconds
[2025-01-11T12:09:40.584+0000] {processor.py:161} INFO - Started process (PID=12826) to work on /home/airflow/.local/lib/python3.12/site-packages/airflow/example_dags/example_branch_datetime_operator.py
[2025-01-11T12:09:40.585+0000] {processor.py:830} INFO - Processing file /home/airflow/.local/lib/python3.12/site-packages/airflow/example_dags/example_branch_datetime_operator.py for tasks to queue
[2025-01-11T12:09:40.586+0000] {logging_mixin.py:188} INFO - [2025-01-11T12:09:40.586+0000] {dagbag.py:545} INFO - Filling up the DagBag from /home/airflow/.local/lib/python3.12/site-packages/airflow/example_dags/example_branch_datetime_operator.py
[2025-01-11T12:09:40.592+0000] {processor.py:840} INFO - DAG(s) 'example_branch_datetime_operator_2', 'example_branch_datetime_operator', 'example_branch_datetime_operator_3' retrieved from /home/airflow/.local/lib/python3.12/site-packages/airflow/example_dags/example_branch_datetime_operator.py
[2025-01-11T12:09:40.610+0000] {logging_mixin.py:188} INFO - [2025-01-11T12:09:40.610+0000] {dag.py:3089} INFO - Sync 3 DAGs
[2025-01-11T12:09:40.735+0000] {logging_mixin.py:188} INFO - [2025-01-11T12:09:40.734+0000] {dag.py:3947} INFO - Setting next_dagrun for example_branch_datetime_operator to 2025-01-10 00:00:00+00:00, run_after=2025-01-11 00:00:00+00:00
[2025-01-11T12:09:40.737+0000] {logging_mixin.py:188} INFO - [2025-01-11T12:09:40.737+0000] {dag.py:3947} INFO - Setting next_dagrun for example_branch_datetime_operator_2 to 2025-01-10 00:00:00+00:00, run_after=2025-01-11 00:00:00+00:00
[2025-01-11T12:09:40.738+0000] {logging_mixin.py:188} INFO - [2025-01-11T12:09:40.738+0000] {dag.py:3947} INFO - Setting next_dagrun for example_branch_datetime_operator_3 to 2025-01-10 00:00:00+00:00, run_after=2025-01-11 00:00:00+00:00
[2025-01-11T12:09:40.747+0000] {processor.py:183} INFO - Processing /home/airflow/.local/lib/python3.12/site-packages/airflow/example_dags/example_branch_datetime_operator.py took 0.167 seconds
[2025-01-11T12:10:10.848+0000] {processor.py:161} INFO - Started process (PID=13105) to work on /home/airflow/.local/lib/python3.12/site-packages/airflow/example_dags/example_branch_datetime_operator.py
[2025-01-11T12:10:10.849+0000] {processor.py:830} INFO - Processing file /home/airflow/.local/lib/python3.12/site-packages/airflow/example_dags/example_branch_datetime_operator.py for tasks to queue
[2025-01-11T12:10:10.850+0000] {logging_mixin.py:188} INFO - [2025-01-11T12:10:10.850+0000] {dagbag.py:545} INFO - Filling up the DagBag from /home/airflow/.local/lib/python3.12/site-packages/airflow/example_dags/example_branch_datetime_operator.py
[2025-01-11T12:10:10.855+0000] {processor.py:840} INFO - DAG(s) 'example_branch_datetime_operator', 'example_branch_datetime_operator_3', 'example_branch_datetime_operator_2' retrieved from /home/airflow/.local/lib/python3.12/site-packages/airflow/example_dags/example_branch_datetime_operator.py
[2025-01-11T12:10:10.875+0000] {logging_mixin.py:188} INFO - [2025-01-11T12:10:10.874+0000] {dag.py:3089} INFO - Sync 3 DAGs
[2025-01-11T12:10:10.888+0000] {logging_mixin.py:188} INFO - [2025-01-11T12:10:10.888+0000] {dag.py:3947} INFO - Setting next_dagrun for example_branch_datetime_operator to 2025-01-10 00:00:00+00:00, run_after=2025-01-11 00:00:00+00:00
[2025-01-11T12:10:10.891+0000] {logging_mixin.py:188} INFO - [2025-01-11T12:10:10.890+0000] {dag.py:3947} INFO - Setting next_dagrun for example_branch_datetime_operator_2 to 2025-01-10 00:00:00+00:00, run_after=2025-01-11 00:00:00+00:00
[2025-01-11T12:10:10.892+0000] {logging_mixin.py:188} INFO - [2025-01-11T12:10:10.892+0000] {dag.py:3947} INFO - Setting next_dagrun for example_branch_datetime_operator_3 to 2025-01-10 00:00:00+00:00, run_after=2025-01-11 00:00:00+00:00
[2025-01-11T12:10:10.907+0000] {processor.py:183} INFO - Processing /home/airflow/.local/lib/python3.12/site-packages/airflow/example_dags/example_branch_datetime_operator.py took 0.064 seconds
[2025-01-11T12:10:41.496+0000] {processor.py:161} INFO - Started process (PID=13382) to work on /home/airflow/.local/lib/python3.12/site-packages/airflow/example_dags/example_branch_datetime_operator.py
[2025-01-11T12:10:41.497+0000] {processor.py:830} INFO - Processing file /home/airflow/.local/lib/python3.12/site-packages/airflow/example_dags/example_branch_datetime_operator.py for tasks to queue
[2025-01-11T12:10:41.499+0000] {logging_mixin.py:188} INFO - [2025-01-11T12:10:41.498+0000] {dagbag.py:545} INFO - Filling up the DagBag from /home/airflow/.local/lib/python3.12/site-packages/airflow/example_dags/example_branch_datetime_operator.py
[2025-01-11T12:10:41.504+0000] {processor.py:840} INFO - DAG(s) 'example_branch_datetime_operator_3', 'example_branch_datetime_operator_2', 'example_branch_datetime_operator' retrieved from /home/airflow/.local/lib/python3.12/site-packages/airflow/example_dags/example_branch_datetime_operator.py
[2025-01-11T12:10:41.522+0000] {logging_mixin.py:188} INFO - [2025-01-11T12:10:41.522+0000] {dag.py:3089} INFO - Sync 3 DAGs
[2025-01-11T12:10:41.535+0000] {logging_mixin.py:188} INFO - [2025-01-11T12:10:41.535+0000] {dag.py:3947} INFO - Setting next_dagrun for example_branch_datetime_operator to 2025-01-10 00:00:00+00:00, run_after=2025-01-11 00:00:00+00:00
[2025-01-11T12:10:41.538+0000] {logging_mixin.py:188} INFO - [2025-01-11T12:10:41.538+0000] {dag.py:3947} INFO - Setting next_dagrun for example_branch_datetime_operator_2 to 2025-01-10 00:00:00+00:00, run_after=2025-01-11 00:00:00+00:00
[2025-01-11T12:10:41.539+0000] {logging_mixin.py:188} INFO - [2025-01-11T12:10:41.539+0000] {dag.py:3947} INFO - Setting next_dagrun for example_branch_datetime_operator_3 to 2025-01-10 00:00:00+00:00, run_after=2025-01-11 00:00:00+00:00
[2025-01-11T12:10:41.548+0000] {processor.py:183} INFO - Processing /home/airflow/.local/lib/python3.12/site-packages/airflow/example_dags/example_branch_datetime_operator.py took 0.056 seconds
[2025-01-11T12:11:12.461+0000] {processor.py:161} INFO - Started process (PID=13657) to work on /home/airflow/.local/lib/python3.12/site-packages/airflow/example_dags/example_branch_datetime_operator.py
[2025-01-11T12:11:12.462+0000] {processor.py:830} INFO - Processing file /home/airflow/.local/lib/python3.12/site-packages/airflow/example_dags/example_branch_datetime_operator.py for tasks to queue
[2025-01-11T12:11:12.463+0000] {logging_mixin.py:188} INFO - [2025-01-11T12:11:12.463+0000] {dagbag.py:545} INFO - Filling up the DagBag from /home/airflow/.local/lib/python3.12/site-packages/airflow/example_dags/example_branch_datetime_operator.py
[2025-01-11T12:11:12.469+0000] {processor.py:840} INFO - DAG(s) 'example_branch_datetime_operator', 'example_branch_datetime_operator_3', 'example_branch_datetime_operator_2' retrieved from /home/airflow/.local/lib/python3.12/site-packages/airflow/example_dags/example_branch_datetime_operator.py
[2025-01-11T12:11:12.486+0000] {logging_mixin.py:188} INFO - [2025-01-11T12:11:12.486+0000] {dag.py:3089} INFO - Sync 3 DAGs
[2025-01-11T12:11:12.499+0000] {logging_mixin.py:188} INFO - [2025-01-11T12:11:12.499+0000] {dag.py:3947} INFO - Setting next_dagrun for example_branch_datetime_operator to 2025-01-10 00:00:00+00:00, run_after=2025-01-11 00:00:00+00:00
[2025-01-11T12:11:12.502+0000] {logging_mixin.py:188} INFO - [2025-01-11T12:11:12.501+0000] {dag.py:3947} INFO - Setting next_dagrun for example_branch_datetime_operator_2 to 2025-01-10 00:00:00+00:00, run_after=2025-01-11 00:00:00+00:00
[2025-01-11T12:11:12.503+0000] {logging_mixin.py:188} INFO - [2025-01-11T12:11:12.503+0000] {dag.py:3947} INFO - Setting next_dagrun for example_branch_datetime_operator_3 to 2025-01-10 00:00:00+00:00, run_after=2025-01-11 00:00:00+00:00
[2025-01-11T12:11:12.512+0000] {processor.py:183} INFO - Processing /home/airflow/.local/lib/python3.12/site-packages/airflow/example_dags/example_branch_datetime_operator.py took 0.054 seconds
[2025-01-11T12:11:43.085+0000] {processor.py:161} INFO - Started process (PID=13936) to work on /home/airflow/.local/lib/python3.12/site-packages/airflow/example_dags/example_branch_datetime_operator.py
[2025-01-11T12:11:43.086+0000] {processor.py:830} INFO - Processing file /home/airflow/.local/lib/python3.12/site-packages/airflow/example_dags/example_branch_datetime_operator.py for tasks to queue
[2025-01-11T12:11:43.088+0000] {logging_mixin.py:188} INFO - [2025-01-11T12:11:43.088+0000] {dagbag.py:545} INFO - Filling up the DagBag from /home/airflow/.local/lib/python3.12/site-packages/airflow/example_dags/example_branch_datetime_operator.py
[2025-01-11T12:11:43.095+0000] {processor.py:840} INFO - DAG(s) 'example_branch_datetime_operator_2', 'example_branch_datetime_operator_3', 'example_branch_datetime_operator' retrieved from /home/airflow/.local/lib/python3.12/site-packages/airflow/example_dags/example_branch_datetime_operator.py
[2025-01-11T12:11:43.115+0000] {logging_mixin.py:188} INFO - [2025-01-11T12:11:43.115+0000] {dag.py:3089} INFO - Sync 3 DAGs
[2025-01-11T12:11:43.134+0000] {logging_mixin.py:188} INFO - [2025-01-11T12:11:43.134+0000] {dag.py:3947} INFO - Setting next_dagrun for example_branch_datetime_operator to 2025-01-10 00:00:00+00:00, run_after=2025-01-11 00:00:00+00:00
[2025-01-11T12:11:43.137+0000] {logging_mixin.py:188} INFO - [2025-01-11T12:11:43.137+0000] {dag.py:3947} INFO - Setting next_dagrun for example_branch_datetime_operator_2 to 2025-01-10 00:00:00+00:00, run_after=2025-01-11 00:00:00+00:00
[2025-01-11T12:11:43.138+0000] {logging_mixin.py:188} INFO - [2025-01-11T12:11:43.138+0000] {dag.py:3947} INFO - Setting next_dagrun for example_branch_datetime_operator_3 to 2025-01-10 00:00:00+00:00, run_after=2025-01-11 00:00:00+00:00
[2025-01-11T12:11:43.149+0000] {processor.py:183} INFO - Processing /home/airflow/.local/lib/python3.12/site-packages/airflow/example_dags/example_branch_datetime_operator.py took 0.069 seconds
[2025-01-11T12:12:13.451+0000] {processor.py:161} INFO - Started process (PID=14211) to work on /home/airflow/.local/lib/python3.12/site-packages/airflow/example_dags/example_branch_datetime_operator.py
[2025-01-11T12:12:13.452+0000] {processor.py:830} INFO - Processing file /home/airflow/.local/lib/python3.12/site-packages/airflow/example_dags/example_branch_datetime_operator.py for tasks to queue
[2025-01-11T12:12:13.453+0000] {logging_mixin.py:188} INFO - [2025-01-11T12:12:13.453+0000] {dagbag.py:545} INFO - Filling up the DagBag from /home/airflow/.local/lib/python3.12/site-packages/airflow/example_dags/example_branch_datetime_operator.py
[2025-01-11T12:12:13.459+0000] {processor.py:840} INFO - DAG(s) 'example_branch_datetime_operator', 'example_branch_datetime_operator_2', 'example_branch_datetime_operator_3' retrieved from /home/airflow/.local/lib/python3.12/site-packages/airflow/example_dags/example_branch_datetime_operator.py
[2025-01-11T12:12:13.478+0000] {logging_mixin.py:188} INFO - [2025-01-11T12:12:13.478+0000] {dag.py:3089} INFO - Sync 3 DAGs
[2025-01-11T12:12:13.491+0000] {logging_mixin.py:188} INFO - [2025-01-11T12:12:13.491+0000] {dag.py:3947} INFO - Setting next_dagrun for example_branch_datetime_operator to 2025-01-10 00:00:00+00:00, run_after=2025-01-11 00:00:00+00:00
[2025-01-11T12:12:13.493+0000] {logging_mixin.py:188} INFO - [2025-01-11T12:12:13.493+0000] {dag.py:3947} INFO - Setting next_dagrun for example_branch_datetime_operator_2 to 2025-01-10 00:00:00+00:00, run_after=2025-01-11 00:00:00+00:00
[2025-01-11T12:12:13.495+0000] {logging_mixin.py:188} INFO - [2025-01-11T12:12:13.495+0000] {dag.py:3947} INFO - Setting next_dagrun for example_branch_datetime_operator_3 to 2025-01-10 00:00:00+00:00, run_after=2025-01-11 00:00:00+00:00
[2025-01-11T12:12:13.505+0000] {processor.py:183} INFO - Processing /home/airflow/.local/lib/python3.12/site-packages/airflow/example_dags/example_branch_datetime_operator.py took 0.058 seconds
[2025-01-11T12:12:44.596+0000] {processor.py:161} INFO - Started process (PID=14488) to work on /home/airflow/.local/lib/python3.12/site-packages/airflow/example_dags/example_branch_datetime_operator.py
[2025-01-11T12:12:44.597+0000] {processor.py:830} INFO - Processing file /home/airflow/.local/lib/python3.12/site-packages/airflow/example_dags/example_branch_datetime_operator.py for tasks to queue
[2025-01-11T12:12:44.598+0000] {logging_mixin.py:188} INFO - [2025-01-11T12:12:44.598+0000] {dagbag.py:545} INFO - Filling up the DagBag from /home/airflow/.local/lib/python3.12/site-packages/airflow/example_dags/example_branch_datetime_operator.py
[2025-01-11T12:12:44.604+0000] {processor.py:840} INFO - DAG(s) 'example_branch_datetime_operator_2', 'example_branch_datetime_operator', 'example_branch_datetime_operator_3' retrieved from /home/airflow/.local/lib/python3.12/site-packages/airflow/example_dags/example_branch_datetime_operator.py
[2025-01-11T12:12:44.621+0000] {logging_mixin.py:188} INFO - [2025-01-11T12:12:44.621+0000] {dag.py:3089} INFO - Sync 3 DAGs
[2025-01-11T12:12:44.634+0000] {logging_mixin.py:188} INFO - [2025-01-11T12:12:44.634+0000] {dag.py:3947} INFO - Setting next_dagrun for example_branch_datetime_operator to 2025-01-10 00:00:00+00:00, run_after=2025-01-11 00:00:00+00:00
[2025-01-11T12:12:44.637+0000] {logging_mixin.py:188} INFO - [2025-01-11T12:12:44.637+0000] {dag.py:3947} INFO - Setting next_dagrun for example_branch_datetime_operator_2 to 2025-01-10 00:00:00+00:00, run_after=2025-01-11 00:00:00+00:00
[2025-01-11T12:12:44.638+0000] {logging_mixin.py:188} INFO - [2025-01-11T12:12:44.638+0000] {dag.py:3947} INFO - Setting next_dagrun for example_branch_datetime_operator_3 to 2025-01-10 00:00:00+00:00, run_after=2025-01-11 00:00:00+00:00
[2025-01-11T12:12:44.648+0000] {processor.py:183} INFO - Processing /home/airflow/.local/lib/python3.12/site-packages/airflow/example_dags/example_branch_datetime_operator.py took 0.056 seconds
[2025-01-11T12:13:17.558+0000] {processor.py:161} INFO - Started process (PID=14765) to work on /home/airflow/.local/lib/python3.12/site-packages/airflow/example_dags/example_branch_datetime_operator.py
[2025-01-11T12:13:17.559+0000] {processor.py:830} INFO - Processing file /home/airflow/.local/lib/python3.12/site-packages/airflow/example_dags/example_branch_datetime_operator.py for tasks to queue
[2025-01-11T12:13:17.560+0000] {logging_mixin.py:188} INFO - [2025-01-11T12:13:17.560+0000] {dagbag.py:545} INFO - Filling up the DagBag from /home/airflow/.local/lib/python3.12/site-packages/airflow/example_dags/example_branch_datetime_operator.py
[2025-01-11T12:13:17.566+0000] {processor.py:840} INFO - DAG(s) 'example_branch_datetime_operator', 'example_branch_datetime_operator_2', 'example_branch_datetime_operator_3' retrieved from /home/airflow/.local/lib/python3.12/site-packages/airflow/example_dags/example_branch_datetime_operator.py
[2025-01-11T12:13:17.584+0000] {logging_mixin.py:188} INFO - [2025-01-11T12:13:17.583+0000] {dag.py:3089} INFO - Sync 3 DAGs
[2025-01-11T12:13:17.598+0000] {logging_mixin.py:188} INFO - [2025-01-11T12:13:17.597+0000] {dag.py:3947} INFO - Setting next_dagrun for example_branch_datetime_operator to 2025-01-10 00:00:00+00:00, run_after=2025-01-11 00:00:00+00:00
[2025-01-11T12:13:17.600+0000] {logging_mixin.py:188} INFO - [2025-01-11T12:13:17.600+0000] {dag.py:3947} INFO - Setting next_dagrun for example_branch_datetime_operator_2 to 2025-01-10 00:00:00+00:00, run_after=2025-01-11 00:00:00+00:00
[2025-01-11T12:13:17.601+0000] {logging_mixin.py:188} INFO - [2025-01-11T12:13:17.601+0000] {dag.py:3947} INFO - Setting next_dagrun for example_branch_datetime_operator_3 to 2025-01-10 00:00:00+00:00, run_after=2025-01-11 00:00:00+00:00
[2025-01-11T12:13:17.611+0000] {processor.py:183} INFO - Processing /home/airflow/.local/lib/python3.12/site-packages/airflow/example_dags/example_branch_datetime_operator.py took 0.057 seconds
[2025-01-11T12:13:49.935+0000] {processor.py:161} INFO - Started process (PID=15042) to work on /home/airflow/.local/lib/python3.12/site-packages/airflow/example_dags/example_branch_datetime_operator.py
[2025-01-11T12:13:49.936+0000] {processor.py:830} INFO - Processing file /home/airflow/.local/lib/python3.12/site-packages/airflow/example_dags/example_branch_datetime_operator.py for tasks to queue
[2025-01-11T12:13:49.937+0000] {logging_mixin.py:188} INFO - [2025-01-11T12:13:49.937+0000] {dagbag.py:545} INFO - Filling up the DagBag from /home/airflow/.local/lib/python3.12/site-packages/airflow/example_dags/example_branch_datetime_operator.py
[2025-01-11T12:13:49.942+0000] {processor.py:840} INFO - DAG(s) 'example_branch_datetime_operator_3', 'example_branch_datetime_operator_2', 'example_branch_datetime_operator' retrieved from /home/airflow/.local/lib/python3.12/site-packages/airflow/example_dags/example_branch_datetime_operator.py
[2025-01-11T12:13:49.957+0000] {logging_mixin.py:188} INFO - [2025-01-11T12:13:49.957+0000] {dag.py:3089} INFO - Sync 3 DAGs
[2025-01-11T12:13:49.972+0000] {logging_mixin.py:188} INFO - [2025-01-11T12:13:49.972+0000] {dag.py:3947} INFO - Setting next_dagrun for example_branch_datetime_operator to 2025-01-10 00:00:00+00:00, run_after=2025-01-11 00:00:00+00:00
[2025-01-11T12:13:49.974+0000] {logging_mixin.py:188} INFO - [2025-01-11T12:13:49.974+0000] {dag.py:3947} INFO - Setting next_dagrun for example_branch_datetime_operator_2 to 2025-01-10 00:00:00+00:00, run_after=2025-01-11 00:00:00+00:00
[2025-01-11T12:13:49.975+0000] {logging_mixin.py:188} INFO - [2025-01-11T12:13:49.975+0000] {dag.py:3947} INFO - Setting next_dagrun for example_branch_datetime_operator_3 to 2025-01-10 00:00:00+00:00, run_after=2025-01-11 00:00:00+00:00
[2025-01-11T12:13:49.986+0000] {processor.py:183} INFO - Processing /home/airflow/.local/lib/python3.12/site-packages/airflow/example_dags/example_branch_datetime_operator.py took 0.055 seconds
[2025-01-11T12:14:20.278+0000] {processor.py:161} INFO - Started process (PID=15321) to work on /home/airflow/.local/lib/python3.12/site-packages/airflow/example_dags/example_branch_datetime_operator.py
[2025-01-11T12:14:20.279+0000] {processor.py:830} INFO - Processing file /home/airflow/.local/lib/python3.12/site-packages/airflow/example_dags/example_branch_datetime_operator.py for tasks to queue
[2025-01-11T12:14:20.280+0000] {logging_mixin.py:188} INFO - [2025-01-11T12:14:20.280+0000] {dagbag.py:545} INFO - Filling up the DagBag from /home/airflow/.local/lib/python3.12/site-packages/airflow/example_dags/example_branch_datetime_operator.py
[2025-01-11T12:14:20.286+0000] {processor.py:840} INFO - DAG(s) 'example_branch_datetime_operator_3', 'example_branch_datetime_operator_2', 'example_branch_datetime_operator' retrieved from /home/airflow/.local/lib/python3.12/site-packages/airflow/example_dags/example_branch_datetime_operator.py
[2025-01-11T12:14:20.303+0000] {logging_mixin.py:188} INFO - [2025-01-11T12:14:20.303+0000] {dag.py:3089} INFO - Sync 3 DAGs
[2025-01-11T12:14:20.314+0000] {logging_mixin.py:188} INFO - [2025-01-11T12:14:20.314+0000] {dag.py:3947} INFO - Setting next_dagrun for example_branch_datetime_operator to 2025-01-10 00:00:00+00:00, run_after=2025-01-11 00:00:00+00:00
[2025-01-11T12:14:20.317+0000] {logging_mixin.py:188} INFO - [2025-01-11T12:14:20.317+0000] {dag.py:3947} INFO - Setting next_dagrun for example_branch_datetime_operator_2 to 2025-01-10 00:00:00+00:00, run_after=2025-01-11 00:00:00+00:00
[2025-01-11T12:14:20.318+0000] {logging_mixin.py:188} INFO - [2025-01-11T12:14:20.318+0000] {dag.py:3947} INFO - Setting next_dagrun for example_branch_datetime_operator_3 to 2025-01-10 00:00:00+00:00, run_after=2025-01-11 00:00:00+00:00
[2025-01-11T12:14:20.326+0000] {processor.py:183} INFO - Processing /home/airflow/.local/lib/python3.12/site-packages/airflow/example_dags/example_branch_datetime_operator.py took 0.052 seconds
[2025-01-11T12:14:51.619+0000] {processor.py:161} INFO - Started process (PID=15597) to work on /home/airflow/.local/lib/python3.12/site-packages/airflow/example_dags/example_branch_datetime_operator.py
[2025-01-11T12:14:51.619+0000] {processor.py:830} INFO - Processing file /home/airflow/.local/lib/python3.12/site-packages/airflow/example_dags/example_branch_datetime_operator.py for tasks to queue
[2025-01-11T12:14:51.620+0000] {logging_mixin.py:188} INFO - [2025-01-11T12:14:51.620+0000] {dagbag.py:545} INFO - Filling up the DagBag from /home/airflow/.local/lib/python3.12/site-packages/airflow/example_dags/example_branch_datetime_operator.py
[2025-01-11T12:14:51.626+0000] {processor.py:840} INFO - DAG(s) 'example_branch_datetime_operator', 'example_branch_datetime_operator_2', 'example_branch_datetime_operator_3' retrieved from /home/airflow/.local/lib/python3.12/site-packages/airflow/example_dags/example_branch_datetime_operator.py
[2025-01-11T12:14:51.643+0000] {logging_mixin.py:188} INFO - [2025-01-11T12:14:51.643+0000] {dag.py:3089} INFO - Sync 3 DAGs
[2025-01-11T12:14:51.655+0000] {logging_mixin.py:188} INFO - [2025-01-11T12:14:51.655+0000] {dag.py:3947} INFO - Setting next_dagrun for example_branch_datetime_operator to 2025-01-10 00:00:00+00:00, run_after=2025-01-11 00:00:00+00:00
[2025-01-11T12:14:51.657+0000] {logging_mixin.py:188} INFO - [2025-01-11T12:14:51.657+0000] {dag.py:3947} INFO - Setting next_dagrun for example_branch_datetime_operator_2 to 2025-01-10 00:00:00+00:00, run_after=2025-01-11 00:00:00+00:00
[2025-01-11T12:14:51.659+0000] {logging_mixin.py:188} INFO - [2025-01-11T12:14:51.659+0000] {dag.py:3947} INFO - Setting next_dagrun for example_branch_datetime_operator_3 to 2025-01-10 00:00:00+00:00, run_after=2025-01-11 00:00:00+00:00
[2025-01-11T12:14:51.668+0000] {processor.py:183} INFO - Processing /home/airflow/.local/lib/python3.12/site-packages/airflow/example_dags/example_branch_datetime_operator.py took 0.054 seconds
[2025-01-11T12:15:22.560+0000] {processor.py:161} INFO - Started process (PID=15873) to work on /home/airflow/.local/lib/python3.12/site-packages/airflow/example_dags/example_branch_datetime_operator.py
[2025-01-11T12:15:22.561+0000] {processor.py:830} INFO - Processing file /home/airflow/.local/lib/python3.12/site-packages/airflow/example_dags/example_branch_datetime_operator.py for tasks to queue
[2025-01-11T12:15:22.562+0000] {logging_mixin.py:188} INFO - [2025-01-11T12:15:22.562+0000] {dagbag.py:545} INFO - Filling up the DagBag from /home/airflow/.local/lib/python3.12/site-packages/airflow/example_dags/example_branch_datetime_operator.py
[2025-01-11T12:15:22.567+0000] {processor.py:840} INFO - DAG(s) 'example_branch_datetime_operator_2', 'example_branch_datetime_operator_3', 'example_branch_datetime_operator' retrieved from /home/airflow/.local/lib/python3.12/site-packages/airflow/example_dags/example_branch_datetime_operator.py
[2025-01-11T12:15:22.584+0000] {logging_mixin.py:188} INFO - [2025-01-11T12:15:22.584+0000] {dag.py:3089} INFO - Sync 3 DAGs
[2025-01-11T12:15:22.597+0000] {logging_mixin.py:188} INFO - [2025-01-11T12:15:22.597+0000] {dag.py:3947} INFO - Setting next_dagrun for example_branch_datetime_operator to 2025-01-10 00:00:00+00:00, run_after=2025-01-11 00:00:00+00:00
[2025-01-11T12:15:22.599+0000] {logging_mixin.py:188} INFO - [2025-01-11T12:15:22.599+0000] {dag.py:3947} INFO - Setting next_dagrun for example_branch_datetime_operator_2 to 2025-01-10 00:00:00+00:00, run_after=2025-01-11 00:00:00+00:00
[2025-01-11T12:15:22.600+0000] {logging_mixin.py:188} INFO - [2025-01-11T12:15:22.600+0000] {dag.py:3947} INFO - Setting next_dagrun for example_branch_datetime_operator_3 to 2025-01-10 00:00:00+00:00, run_after=2025-01-11 00:00:00+00:00
[2025-01-11T12:15:22.609+0000] {processor.py:183} INFO - Processing /home/airflow/.local/lib/python3.12/site-packages/airflow/example_dags/example_branch_datetime_operator.py took 0.053 seconds
[2025-01-11T12:15:52.876+0000] {processor.py:161} INFO - Started process (PID=16150) to work on /home/airflow/.local/lib/python3.12/site-packages/airflow/example_dags/example_branch_datetime_operator.py
[2025-01-11T12:15:52.887+0000] {processor.py:830} INFO - Processing file /home/airflow/.local/lib/python3.12/site-packages/airflow/example_dags/example_branch_datetime_operator.py for tasks to queue
[2025-01-11T12:15:52.888+0000] {logging_mixin.py:188} INFO - [2025-01-11T12:15:52.888+0000] {dagbag.py:545} INFO - Filling up the DagBag from /home/airflow/.local/lib/python3.12/site-packages/airflow/example_dags/example_branch_datetime_operator.py
[2025-01-11T12:15:52.893+0000] {processor.py:840} INFO - DAG(s) 'example_branch_datetime_operator_3', 'example_branch_datetime_operator', 'example_branch_datetime_operator_2' retrieved from /home/airflow/.local/lib/python3.12/site-packages/airflow/example_dags/example_branch_datetime_operator.py
[2025-01-11T12:15:52.909+0000] {logging_mixin.py:188} INFO - [2025-01-11T12:15:52.909+0000] {dag.py:3089} INFO - Sync 3 DAGs
[2025-01-11T12:15:52.921+0000] {logging_mixin.py:188} INFO - [2025-01-11T12:15:52.921+0000] {dag.py:3947} INFO - Setting next_dagrun for example_branch_datetime_operator to 2025-01-10 00:00:00+00:00, run_after=2025-01-11 00:00:00+00:00
[2025-01-11T12:15:52.923+0000] {logging_mixin.py:188} INFO - [2025-01-11T12:15:52.923+0000] {dag.py:3947} INFO - Setting next_dagrun for example_branch_datetime_operator_2 to 2025-01-10 00:00:00+00:00, run_after=2025-01-11 00:00:00+00:00
[2025-01-11T12:15:52.924+0000] {logging_mixin.py:188} INFO - [2025-01-11T12:15:52.924+0000] {dag.py:3947} INFO - Setting next_dagrun for example_branch_datetime_operator_3 to 2025-01-10 00:00:00+00:00, run_after=2025-01-11 00:00:00+00:00
[2025-01-11T12:15:52.933+0000] {processor.py:183} INFO - Processing /home/airflow/.local/lib/python3.12/site-packages/airflow/example_dags/example_branch_datetime_operator.py took 0.060 seconds
[2025-01-11T12:16:25.809+0000] {processor.py:161} INFO - Started process (PID=16427) to work on /home/airflow/.local/lib/python3.12/site-packages/airflow/example_dags/example_branch_datetime_operator.py
[2025-01-11T12:16:25.811+0000] {processor.py:830} INFO - Processing file /home/airflow/.local/lib/python3.12/site-packages/airflow/example_dags/example_branch_datetime_operator.py for tasks to queue
[2025-01-11T12:16:25.813+0000] {logging_mixin.py:188} INFO - [2025-01-11T12:16:25.813+0000] {dagbag.py:545} INFO - Filling up the DagBag from /home/airflow/.local/lib/python3.12/site-packages/airflow/example_dags/example_branch_datetime_operator.py
[2025-01-11T12:16:25.819+0000] {processor.py:840} INFO - DAG(s) 'example_branch_datetime_operator_3', 'example_branch_datetime_operator', 'example_branch_datetime_operator_2' retrieved from /home/airflow/.local/lib/python3.12/site-packages/airflow/example_dags/example_branch_datetime_operator.py
[2025-01-11T12:16:25.836+0000] {logging_mixin.py:188} INFO - [2025-01-11T12:16:25.836+0000] {dag.py:3089} INFO - Sync 3 DAGs
[2025-01-11T12:16:25.849+0000] {logging_mixin.py:188} INFO - [2025-01-11T12:16:25.849+0000] {dag.py:3947} INFO - Setting next_dagrun for example_branch_datetime_operator to 2025-01-10 00:00:00+00:00, run_after=2025-01-11 00:00:00+00:00
[2025-01-11T12:16:25.851+0000] {logging_mixin.py:188} INFO - [2025-01-11T12:16:25.851+0000] {dag.py:3947} INFO - Setting next_dagrun for example_branch_datetime_operator_2 to 2025-01-10 00:00:00+00:00, run_after=2025-01-11 00:00:00+00:00
[2025-01-11T12:16:25.852+0000] {logging_mixin.py:188} INFO - [2025-01-11T12:16:25.852+0000] {dag.py:3947} INFO - Setting next_dagrun for example_branch_datetime_operator_3 to 2025-01-10 00:00:00+00:00, run_after=2025-01-11 00:00:00+00:00
[2025-01-11T12:16:25.861+0000] {processor.py:183} INFO - Processing /home/airflow/.local/lib/python3.12/site-packages/airflow/example_dags/example_branch_datetime_operator.py took 0.055 seconds
[2025-01-11T12:16:57.203+0000] {processor.py:161} INFO - Started process (PID=16706) to work on /home/airflow/.local/lib/python3.12/site-packages/airflow/example_dags/example_branch_datetime_operator.py
[2025-01-11T12:16:57.205+0000] {processor.py:830} INFO - Processing file /home/airflow/.local/lib/python3.12/site-packages/airflow/example_dags/example_branch_datetime_operator.py for tasks to queue
[2025-01-11T12:16:57.207+0000] {logging_mixin.py:188} INFO - [2025-01-11T12:16:57.206+0000] {dagbag.py:545} INFO - Filling up the DagBag from /home/airflow/.local/lib/python3.12/site-packages/airflow/example_dags/example_branch_datetime_operator.py
[2025-01-11T12:16:57.212+0000] {processor.py:840} INFO - DAG(s) 'example_branch_datetime_operator_2', 'example_branch_datetime_operator', 'example_branch_datetime_operator_3' retrieved from /home/airflow/.local/lib/python3.12/site-packages/airflow/example_dags/example_branch_datetime_operator.py
[2025-01-11T12:16:57.230+0000] {logging_mixin.py:188} INFO - [2025-01-11T12:16:57.230+0000] {dag.py:3089} INFO - Sync 3 DAGs
[2025-01-11T12:16:57.243+0000] {logging_mixin.py:188} INFO - [2025-01-11T12:16:57.243+0000] {dag.py:3947} INFO - Setting next_dagrun for example_branch_datetime_operator to 2025-01-10 00:00:00+00:00, run_after=2025-01-11 00:00:00+00:00
[2025-01-11T12:16:57.245+0000] {logging_mixin.py:188} INFO - [2025-01-11T12:16:57.245+0000] {dag.py:3947} INFO - Setting next_dagrun for example_branch_datetime_operator_2 to 2025-01-10 00:00:00+00:00, run_after=2025-01-11 00:00:00+00:00
[2025-01-11T12:16:57.246+0000] {logging_mixin.py:188} INFO - [2025-01-11T12:16:57.246+0000] {dag.py:3947} INFO - Setting next_dagrun for example_branch_datetime_operator_3 to 2025-01-10 00:00:00+00:00, run_after=2025-01-11 00:00:00+00:00
[2025-01-11T12:16:57.255+0000] {processor.py:183} INFO - Processing /home/airflow/.local/lib/python3.12/site-packages/airflow/example_dags/example_branch_datetime_operator.py took 0.056 seconds
[2025-01-11T12:18:48.048+0000] {processor.py:161} INFO - Started process (PID=16981) to work on /home/airflow/.local/lib/python3.12/site-packages/airflow/example_dags/example_branch_datetime_operator.py
[2025-01-11T12:18:48.049+0000] {processor.py:830} INFO - Processing file /home/airflow/.local/lib/python3.12/site-packages/airflow/example_dags/example_branch_datetime_operator.py for tasks to queue
[2025-01-11T12:18:48.051+0000] {logging_mixin.py:188} INFO - [2025-01-11T12:18:48.050+0000] {dagbag.py:545} INFO - Filling up the DagBag from /home/airflow/.local/lib/python3.12/site-packages/airflow/example_dags/example_branch_datetime_operator.py
[2025-01-11T12:18:48.058+0000] {processor.py:840} INFO - DAG(s) 'example_branch_datetime_operator_3', 'example_branch_datetime_operator', 'example_branch_datetime_operator_2' retrieved from /home/airflow/.local/lib/python3.12/site-packages/airflow/example_dags/example_branch_datetime_operator.py
[2025-01-11T12:18:48.082+0000] {logging_mixin.py:188} INFO - [2025-01-11T12:18:48.082+0000] {dag.py:3089} INFO - Sync 3 DAGs
[2025-01-11T12:18:48.101+0000] {logging_mixin.py:188} INFO - [2025-01-11T12:18:48.100+0000] {dag.py:3947} INFO - Setting next_dagrun for example_branch_datetime_operator to 2025-01-10 00:00:00+00:00, run_after=2025-01-11 00:00:00+00:00
[2025-01-11T12:18:48.104+0000] {logging_mixin.py:188} INFO - [2025-01-11T12:18:48.104+0000] {dag.py:3947} INFO - Setting next_dagrun for example_branch_datetime_operator_2 to 2025-01-10 00:00:00+00:00, run_after=2025-01-11 00:00:00+00:00
[2025-01-11T12:18:48.106+0000] {logging_mixin.py:188} INFO - [2025-01-11T12:18:48.106+0000] {dag.py:3947} INFO - Setting next_dagrun for example_branch_datetime_operator_3 to 2025-01-10 00:00:00+00:00, run_after=2025-01-11 00:00:00+00:00
[2025-01-11T12:18:48.284+0000] {processor.py:183} INFO - Processing /home/airflow/.local/lib/python3.12/site-packages/airflow/example_dags/example_branch_datetime_operator.py took 0.242 seconds
[2025-01-11T12:19:18.726+0000] {processor.py:161} INFO - Started process (PID=17258) to work on /home/airflow/.local/lib/python3.12/site-packages/airflow/example_dags/example_branch_datetime_operator.py
[2025-01-11T12:19:18.727+0000] {processor.py:830} INFO - Processing file /home/airflow/.local/lib/python3.12/site-packages/airflow/example_dags/example_branch_datetime_operator.py for tasks to queue
[2025-01-11T12:19:18.728+0000] {logging_mixin.py:188} INFO - [2025-01-11T12:19:18.728+0000] {dagbag.py:545} INFO - Filling up the DagBag from /home/airflow/.local/lib/python3.12/site-packages/airflow/example_dags/example_branch_datetime_operator.py
[2025-01-11T12:19:18.734+0000] {processor.py:840} INFO - DAG(s) 'example_branch_datetime_operator', 'example_branch_datetime_operator_2', 'example_branch_datetime_operator_3' retrieved from /home/airflow/.local/lib/python3.12/site-packages/airflow/example_dags/example_branch_datetime_operator.py
[2025-01-11T12:19:18.750+0000] {logging_mixin.py:188} INFO - [2025-01-11T12:19:18.750+0000] {dag.py:3089} INFO - Sync 3 DAGs
[2025-01-11T12:19:18.763+0000] {logging_mixin.py:188} INFO - [2025-01-11T12:19:18.763+0000] {dag.py:3947} INFO - Setting next_dagrun for example_branch_datetime_operator to 2025-01-10 00:00:00+00:00, run_after=2025-01-11 00:00:00+00:00
[2025-01-11T12:19:18.766+0000] {logging_mixin.py:188} INFO - [2025-01-11T12:19:18.766+0000] {dag.py:3947} INFO - Setting next_dagrun for example_branch_datetime_operator_2 to 2025-01-10 00:00:00+00:00, run_after=2025-01-11 00:00:00+00:00
[2025-01-11T12:19:18.767+0000] {logging_mixin.py:188} INFO - [2025-01-11T12:19:18.767+0000] {dag.py:3947} INFO - Setting next_dagrun for example_branch_datetime_operator_3 to 2025-01-10 00:00:00+00:00, run_after=2025-01-11 00:00:00+00:00
[2025-01-11T12:19:18.777+0000] {processor.py:183} INFO - Processing /home/airflow/.local/lib/python3.12/site-packages/airflow/example_dags/example_branch_datetime_operator.py took 0.055 seconds
[2025-01-11T12:19:49.120+0000] {processor.py:161} INFO - Started process (PID=17535) to work on /home/airflow/.local/lib/python3.12/site-packages/airflow/example_dags/example_branch_datetime_operator.py
[2025-01-11T12:19:49.121+0000] {processor.py:830} INFO - Processing file /home/airflow/.local/lib/python3.12/site-packages/airflow/example_dags/example_branch_datetime_operator.py for tasks to queue
[2025-01-11T12:19:49.122+0000] {logging_mixin.py:188} INFO - [2025-01-11T12:19:49.122+0000] {dagbag.py:545} INFO - Filling up the DagBag from /home/airflow/.local/lib/python3.12/site-packages/airflow/example_dags/example_branch_datetime_operator.py
[2025-01-11T12:19:49.128+0000] {processor.py:840} INFO - DAG(s) 'example_branch_datetime_operator', 'example_branch_datetime_operator_2', 'example_branch_datetime_operator_3' retrieved from /home/airflow/.local/lib/python3.12/site-packages/airflow/example_dags/example_branch_datetime_operator.py
[2025-01-11T12:19:49.145+0000] {logging_mixin.py:188} INFO - [2025-01-11T12:19:49.145+0000] {dag.py:3089} INFO - Sync 3 DAGs
[2025-01-11T12:19:49.158+0000] {logging_mixin.py:188} INFO - [2025-01-11T12:19:49.158+0000] {dag.py:3947} INFO - Setting next_dagrun for example_branch_datetime_operator to 2025-01-10 00:00:00+00:00, run_after=2025-01-11 00:00:00+00:00
[2025-01-11T12:19:49.161+0000] {logging_mixin.py:188} INFO - [2025-01-11T12:19:49.161+0000] {dag.py:3947} INFO - Setting next_dagrun for example_branch_datetime_operator_2 to 2025-01-10 00:00:00+00:00, run_after=2025-01-11 00:00:00+00:00
[2025-01-11T12:19:49.162+0000] {logging_mixin.py:188} INFO - [2025-01-11T12:19:49.162+0000] {dag.py:3947} INFO - Setting next_dagrun for example_branch_datetime_operator_3 to 2025-01-10 00:00:00+00:00, run_after=2025-01-11 00:00:00+00:00
[2025-01-11T12:19:49.171+0000] {processor.py:183} INFO - Processing /home/airflow/.local/lib/python3.12/site-packages/airflow/example_dags/example_branch_datetime_operator.py took 0.055 seconds
[2025-01-11T12:20:20.567+0000] {processor.py:161} INFO - Started process (PID=17812) to work on /home/airflow/.local/lib/python3.12/site-packages/airflow/example_dags/example_branch_datetime_operator.py
[2025-01-11T12:20:20.568+0000] {processor.py:830} INFO - Processing file /home/airflow/.local/lib/python3.12/site-packages/airflow/example_dags/example_branch_datetime_operator.py for tasks to queue
[2025-01-11T12:20:20.570+0000] {logging_mixin.py:188} INFO - [2025-01-11T12:20:20.570+0000] {dagbag.py:545} INFO - Filling up the DagBag from /home/airflow/.local/lib/python3.12/site-packages/airflow/example_dags/example_branch_datetime_operator.py
[2025-01-11T12:20:20.576+0000] {processor.py:840} INFO - DAG(s) 'example_branch_datetime_operator_2', 'example_branch_datetime_operator_3', 'example_branch_datetime_operator' retrieved from /home/airflow/.local/lib/python3.12/site-packages/airflow/example_dags/example_branch_datetime_operator.py
[2025-01-11T12:20:20.591+0000] {logging_mixin.py:188} INFO - [2025-01-11T12:20:20.591+0000] {dag.py:3089} INFO - Sync 3 DAGs
[2025-01-11T12:20:20.604+0000] {logging_mixin.py:188} INFO - [2025-01-11T12:20:20.603+0000] {dag.py:3947} INFO - Setting next_dagrun for example_branch_datetime_operator to 2025-01-10 00:00:00+00:00, run_after=2025-01-11 00:00:00+00:00
[2025-01-11T12:20:20.606+0000] {logging_mixin.py:188} INFO - [2025-01-11T12:20:20.606+0000] {dag.py:3947} INFO - Setting next_dagrun for example_branch_datetime_operator_2 to 2025-01-10 00:00:00+00:00, run_after=2025-01-11 00:00:00+00:00
[2025-01-11T12:20:20.607+0000] {logging_mixin.py:188} INFO - [2025-01-11T12:20:20.607+0000] {dag.py:3947} INFO - Setting next_dagrun for example_branch_datetime_operator_3 to 2025-01-10 00:00:00+00:00, run_after=2025-01-11 00:00:00+00:00
[2025-01-11T12:20:20.613+0000] {processor.py:183} INFO - Processing /home/airflow/.local/lib/python3.12/site-packages/airflow/example_dags/example_branch_datetime_operator.py took 0.051 seconds
[2025-01-11T12:20:50.680+0000] {processor.py:161} INFO - Started process (PID=18089) to work on /home/airflow/.local/lib/python3.12/site-packages/airflow/example_dags/example_branch_datetime_operator.py
[2025-01-11T12:20:50.681+0000] {processor.py:830} INFO - Processing file /home/airflow/.local/lib/python3.12/site-packages/airflow/example_dags/example_branch_datetime_operator.py for tasks to queue
[2025-01-11T12:20:50.682+0000] {logging_mixin.py:188} INFO - [2025-01-11T12:20:50.682+0000] {dagbag.py:545} INFO - Filling up the DagBag from /home/airflow/.local/lib/python3.12/site-packages/airflow/example_dags/example_branch_datetime_operator.py
[2025-01-11T12:20:50.687+0000] {processor.py:840} INFO - DAG(s) 'example_branch_datetime_operator_2', 'example_branch_datetime_operator_3', 'example_branch_datetime_operator' retrieved from /home/airflow/.local/lib/python3.12/site-packages/airflow/example_dags/example_branch_datetime_operator.py
[2025-01-11T12:20:50.704+0000] {logging_mixin.py:188} INFO - [2025-01-11T12:20:50.704+0000] {dag.py:3089} INFO - Sync 3 DAGs
[2025-01-11T12:20:50.716+0000] {logging_mixin.py:188} INFO - [2025-01-11T12:20:50.716+0000] {dag.py:3947} INFO - Setting next_dagrun for example_branch_datetime_operator to 2025-01-10 00:00:00+00:00, run_after=2025-01-11 00:00:00+00:00
[2025-01-11T12:20:50.718+0000] {logging_mixin.py:188} INFO - [2025-01-11T12:20:50.718+0000] {dag.py:3947} INFO - Setting next_dagrun for example_branch_datetime_operator_2 to 2025-01-10 00:00:00+00:00, run_after=2025-01-11 00:00:00+00:00
[2025-01-11T12:20:50.719+0000] {logging_mixin.py:188} INFO - [2025-01-11T12:20:50.719+0000] {dag.py:3947} INFO - Setting next_dagrun for example_branch_datetime_operator_3 to 2025-01-10 00:00:00+00:00, run_after=2025-01-11 00:00:00+00:00
[2025-01-11T12:20:50.727+0000] {processor.py:183} INFO - Processing /home/airflow/.local/lib/python3.12/site-packages/airflow/example_dags/example_branch_datetime_operator.py took 0.051 seconds
[2025-01-11T12:21:24.211+0000] {processor.py:161} INFO - Started process (PID=18369) to work on /home/airflow/.local/lib/python3.12/site-packages/airflow/example_dags/example_branch_datetime_operator.py
[2025-01-11T12:21:24.211+0000] {processor.py:830} INFO - Processing file /home/airflow/.local/lib/python3.12/site-packages/airflow/example_dags/example_branch_datetime_operator.py for tasks to queue
[2025-01-11T12:21:24.212+0000] {logging_mixin.py:188} INFO - [2025-01-11T12:21:24.212+0000] {dagbag.py:545} INFO - Filling up the DagBag from /home/airflow/.local/lib/python3.12/site-packages/airflow/example_dags/example_branch_datetime_operator.py
[2025-01-11T12:21:24.217+0000] {processor.py:840} INFO - DAG(s) 'example_branch_datetime_operator_2', 'example_branch_datetime_operator_3', 'example_branch_datetime_operator' retrieved from /home/airflow/.local/lib/python3.12/site-packages/airflow/example_dags/example_branch_datetime_operator.py
[2025-01-11T12:21:24.233+0000] {logging_mixin.py:188} INFO - [2025-01-11T12:21:24.232+0000] {dag.py:3089} INFO - Sync 3 DAGs
[2025-01-11T12:21:24.244+0000] {logging_mixin.py:188} INFO - [2025-01-11T12:21:24.243+0000] {dag.py:3947} INFO - Setting next_dagrun for example_branch_datetime_operator to 2025-01-10 00:00:00+00:00, run_after=2025-01-11 00:00:00+00:00
[2025-01-11T12:21:24.246+0000] {logging_mixin.py:188} INFO - [2025-01-11T12:21:24.246+0000] {dag.py:3947} INFO - Setting next_dagrun for example_branch_datetime_operator_2 to 2025-01-10 00:00:00+00:00, run_after=2025-01-11 00:00:00+00:00
[2025-01-11T12:21:24.247+0000] {logging_mixin.py:188} INFO - [2025-01-11T12:21:24.247+0000] {dag.py:3947} INFO - Setting next_dagrun for example_branch_datetime_operator_3 to 2025-01-10 00:00:00+00:00, run_after=2025-01-11 00:00:00+00:00
[2025-01-11T12:21:24.256+0000] {processor.py:183} INFO - Processing /home/airflow/.local/lib/python3.12/site-packages/airflow/example_dags/example_branch_datetime_operator.py took 0.049 seconds
[2025-01-11T12:21:54.707+0000] {processor.py:161} INFO - Started process (PID=18645) to work on /home/airflow/.local/lib/python3.12/site-packages/airflow/example_dags/example_branch_datetime_operator.py
[2025-01-11T12:21:54.707+0000] {processor.py:830} INFO - Processing file /home/airflow/.local/lib/python3.12/site-packages/airflow/example_dags/example_branch_datetime_operator.py for tasks to queue
[2025-01-11T12:21:54.709+0000] {logging_mixin.py:188} INFO - [2025-01-11T12:21:54.708+0000] {dagbag.py:545} INFO - Filling up the DagBag from /home/airflow/.local/lib/python3.12/site-packages/airflow/example_dags/example_branch_datetime_operator.py
[2025-01-11T12:21:54.714+0000] {processor.py:840} INFO - DAG(s) 'example_branch_datetime_operator_2', 'example_branch_datetime_operator', 'example_branch_datetime_operator_3' retrieved from /home/airflow/.local/lib/python3.12/site-packages/airflow/example_dags/example_branch_datetime_operator.py
[2025-01-11T12:21:54.731+0000] {logging_mixin.py:188} INFO - [2025-01-11T12:21:54.731+0000] {dag.py:3089} INFO - Sync 3 DAGs
[2025-01-11T12:21:54.743+0000] {logging_mixin.py:188} INFO - [2025-01-11T12:21:54.743+0000] {dag.py:3947} INFO - Setting next_dagrun for example_branch_datetime_operator to 2025-01-10 00:00:00+00:00, run_after=2025-01-11 00:00:00+00:00
[2025-01-11T12:21:54.746+0000] {logging_mixin.py:188} INFO - [2025-01-11T12:21:54.746+0000] {dag.py:3947} INFO - Setting next_dagrun for example_branch_datetime_operator_2 to 2025-01-10 00:00:00+00:00, run_after=2025-01-11 00:00:00+00:00
[2025-01-11T12:21:54.747+0000] {logging_mixin.py:188} INFO - [2025-01-11T12:21:54.747+0000] {dag.py:3947} INFO - Setting next_dagrun for example_branch_datetime_operator_3 to 2025-01-10 00:00:00+00:00, run_after=2025-01-11 00:00:00+00:00
[2025-01-11T12:21:54.757+0000] {processor.py:183} INFO - Processing /home/airflow/.local/lib/python3.12/site-packages/airflow/example_dags/example_branch_datetime_operator.py took 0.055 seconds
[2025-01-11T12:22:25.349+0000] {processor.py:161} INFO - Started process (PID=18921) to work on /home/airflow/.local/lib/python3.12/site-packages/airflow/example_dags/example_branch_datetime_operator.py
[2025-01-11T12:22:25.350+0000] {processor.py:830} INFO - Processing file /home/airflow/.local/lib/python3.12/site-packages/airflow/example_dags/example_branch_datetime_operator.py for tasks to queue
[2025-01-11T12:22:25.351+0000] {logging_mixin.py:188} INFO - [2025-01-11T12:22:25.351+0000] {dagbag.py:545} INFO - Filling up the DagBag from /home/airflow/.local/lib/python3.12/site-packages/airflow/example_dags/example_branch_datetime_operator.py
[2025-01-11T12:22:25.357+0000] {processor.py:840} INFO - DAG(s) 'example_branch_datetime_operator_3', 'example_branch_datetime_operator_2', 'example_branch_datetime_operator' retrieved from /home/airflow/.local/lib/python3.12/site-packages/airflow/example_dags/example_branch_datetime_operator.py
[2025-01-11T12:22:25.374+0000] {logging_mixin.py:188} INFO - [2025-01-11T12:22:25.374+0000] {dag.py:3089} INFO - Sync 3 DAGs
[2025-01-11T12:22:25.387+0000] {logging_mixin.py:188} INFO - [2025-01-11T12:22:25.387+0000] {dag.py:3947} INFO - Setting next_dagrun for example_branch_datetime_operator to 2025-01-10 00:00:00+00:00, run_after=2025-01-11 00:00:00+00:00
[2025-01-11T12:22:25.389+0000] {logging_mixin.py:188} INFO - [2025-01-11T12:22:25.389+0000] {dag.py:3947} INFO - Setting next_dagrun for example_branch_datetime_operator_2 to 2025-01-10 00:00:00+00:00, run_after=2025-01-11 00:00:00+00:00
[2025-01-11T12:22:25.390+0000] {logging_mixin.py:188} INFO - [2025-01-11T12:22:25.390+0000] {dag.py:3947} INFO - Setting next_dagrun for example_branch_datetime_operator_3 to 2025-01-10 00:00:00+00:00, run_after=2025-01-11 00:00:00+00:00
[2025-01-11T12:22:25.400+0000] {processor.py:183} INFO - Processing /home/airflow/.local/lib/python3.12/site-packages/airflow/example_dags/example_branch_datetime_operator.py took 0.055 seconds
[2025-01-11T12:22:56.657+0000] {processor.py:161} INFO - Started process (PID=19199) to work on /home/airflow/.local/lib/python3.12/site-packages/airflow/example_dags/example_branch_datetime_operator.py
[2025-01-11T12:22:56.658+0000] {processor.py:830} INFO - Processing file /home/airflow/.local/lib/python3.12/site-packages/airflow/example_dags/example_branch_datetime_operator.py for tasks to queue
[2025-01-11T12:22:56.659+0000] {logging_mixin.py:188} INFO - [2025-01-11T12:22:56.659+0000] {dagbag.py:545} INFO - Filling up the DagBag from /home/airflow/.local/lib/python3.12/site-packages/airflow/example_dags/example_branch_datetime_operator.py
[2025-01-11T12:22:56.665+0000] {processor.py:840} INFO - DAG(s) 'example_branch_datetime_operator', 'example_branch_datetime_operator_2', 'example_branch_datetime_operator_3' retrieved from /home/airflow/.local/lib/python3.12/site-packages/airflow/example_dags/example_branch_datetime_operator.py
[2025-01-11T12:22:56.681+0000] {logging_mixin.py:188} INFO - [2025-01-11T12:22:56.681+0000] {dag.py:3089} INFO - Sync 3 DAGs
[2025-01-11T12:22:56.694+0000] {logging_mixin.py:188} INFO - [2025-01-11T12:22:56.694+0000] {dag.py:3947} INFO - Setting next_dagrun for example_branch_datetime_operator to 2025-01-10 00:00:00+00:00, run_after=2025-01-11 00:00:00+00:00
[2025-01-11T12:22:56.697+0000] {logging_mixin.py:188} INFO - [2025-01-11T12:22:56.697+0000] {dag.py:3947} INFO - Setting next_dagrun for example_branch_datetime_operator_2 to 2025-01-10 00:00:00+00:00, run_after=2025-01-11 00:00:00+00:00
[2025-01-11T12:22:56.698+0000] {logging_mixin.py:188} INFO - [2025-01-11T12:22:56.698+0000] {dag.py:3947} INFO - Setting next_dagrun for example_branch_datetime_operator_3 to 2025-01-10 00:00:00+00:00, run_after=2025-01-11 00:00:00+00:00
[2025-01-11T12:22:56.708+0000] {processor.py:183} INFO - Processing /home/airflow/.local/lib/python3.12/site-packages/airflow/example_dags/example_branch_datetime_operator.py took 0.055 seconds
[2025-01-11T12:23:27.857+0000] {processor.py:161} INFO - Started process (PID=19482) to work on /home/airflow/.local/lib/python3.12/site-packages/airflow/example_dags/example_branch_datetime_operator.py
[2025-01-11T12:23:27.857+0000] {processor.py:830} INFO - Processing file /home/airflow/.local/lib/python3.12/site-packages/airflow/example_dags/example_branch_datetime_operator.py for tasks to queue
[2025-01-11T12:23:27.858+0000] {logging_mixin.py:188} INFO - [2025-01-11T12:23:27.858+0000] {dagbag.py:545} INFO - Filling up the DagBag from /home/airflow/.local/lib/python3.12/site-packages/airflow/example_dags/example_branch_datetime_operator.py
[2025-01-11T12:23:27.864+0000] {processor.py:840} INFO - DAG(s) 'example_branch_datetime_operator_2', 'example_branch_datetime_operator', 'example_branch_datetime_operator_3' retrieved from /home/airflow/.local/lib/python3.12/site-packages/airflow/example_dags/example_branch_datetime_operator.py
[2025-01-11T12:23:27.880+0000] {logging_mixin.py:188} INFO - [2025-01-11T12:23:27.879+0000] {dag.py:3089} INFO - Sync 3 DAGs
[2025-01-11T12:23:27.892+0000] {logging_mixin.py:188} INFO - [2025-01-11T12:23:27.892+0000] {dag.py:3947} INFO - Setting next_dagrun for example_branch_datetime_operator to 2025-01-10 00:00:00+00:00, run_after=2025-01-11 00:00:00+00:00
[2025-01-11T12:23:27.895+0000] {logging_mixin.py:188} INFO - [2025-01-11T12:23:27.894+0000] {dag.py:3947} INFO - Setting next_dagrun for example_branch_datetime_operator_2 to 2025-01-10 00:00:00+00:00, run_after=2025-01-11 00:00:00+00:00
[2025-01-11T12:23:27.896+0000] {logging_mixin.py:188} INFO - [2025-01-11T12:23:27.896+0000] {dag.py:3947} INFO - Setting next_dagrun for example_branch_datetime_operator_3 to 2025-01-10 00:00:00+00:00, run_after=2025-01-11 00:00:00+00:00
[2025-01-11T12:23:27.904+0000] {processor.py:183} INFO - Processing /home/airflow/.local/lib/python3.12/site-packages/airflow/example_dags/example_branch_datetime_operator.py took 0.052 seconds
[2025-01-11T12:23:59.825+0000] {processor.py:161} INFO - Started process (PID=19753) to work on /home/airflow/.local/lib/python3.12/site-packages/airflow/example_dags/example_branch_datetime_operator.py
[2025-01-11T12:23:59.826+0000] {processor.py:830} INFO - Processing file /home/airflow/.local/lib/python3.12/site-packages/airflow/example_dags/example_branch_datetime_operator.py for tasks to queue
[2025-01-11T12:23:59.827+0000] {logging_mixin.py:188} INFO - [2025-01-11T12:23:59.827+0000] {dagbag.py:545} INFO - Filling up the DagBag from /home/airflow/.local/lib/python3.12/site-packages/airflow/example_dags/example_branch_datetime_operator.py
[2025-01-11T12:23:59.832+0000] {processor.py:840} INFO - DAG(s) 'example_branch_datetime_operator', 'example_branch_datetime_operator_3', 'example_branch_datetime_operator_2' retrieved from /home/airflow/.local/lib/python3.12/site-packages/airflow/example_dags/example_branch_datetime_operator.py
[2025-01-11T12:23:59.849+0000] {logging_mixin.py:188} INFO - [2025-01-11T12:23:59.849+0000] {dag.py:3089} INFO - Sync 3 DAGs
[2025-01-11T12:23:59.862+0000] {logging_mixin.py:188} INFO - [2025-01-11T12:23:59.862+0000] {dag.py:3947} INFO - Setting next_dagrun for example_branch_datetime_operator to 2025-01-10 00:00:00+00:00, run_after=2025-01-11 00:00:00+00:00
[2025-01-11T12:23:59.864+0000] {logging_mixin.py:188} INFO - [2025-01-11T12:23:59.864+0000] {dag.py:3947} INFO - Setting next_dagrun for example_branch_datetime_operator_2 to 2025-01-10 00:00:00+00:00, run_after=2025-01-11 00:00:00+00:00
[2025-01-11T12:23:59.865+0000] {logging_mixin.py:188} INFO - [2025-01-11T12:23:59.865+0000] {dag.py:3947} INFO - Setting next_dagrun for example_branch_datetime_operator_3 to 2025-01-10 00:00:00+00:00, run_after=2025-01-11 00:00:00+00:00
[2025-01-11T12:23:59.874+0000] {processor.py:183} INFO - Processing /home/airflow/.local/lib/python3.12/site-packages/airflow/example_dags/example_branch_datetime_operator.py took 0.053 seconds
[2025-01-11T12:24:30.295+0000] {processor.py:161} INFO - Started process (PID=20030) to work on /home/airflow/.local/lib/python3.12/site-packages/airflow/example_dags/example_branch_datetime_operator.py
[2025-01-11T12:24:30.296+0000] {processor.py:830} INFO - Processing file /home/airflow/.local/lib/python3.12/site-packages/airflow/example_dags/example_branch_datetime_operator.py for tasks to queue
[2025-01-11T12:24:30.297+0000] {logging_mixin.py:188} INFO - [2025-01-11T12:24:30.297+0000] {dagbag.py:545} INFO - Filling up the DagBag from /home/airflow/.local/lib/python3.12/site-packages/airflow/example_dags/example_branch_datetime_operator.py
[2025-01-11T12:24:30.302+0000] {processor.py:840} INFO - DAG(s) 'example_branch_datetime_operator_2', 'example_branch_datetime_operator_3', 'example_branch_datetime_operator' retrieved from /home/airflow/.local/lib/python3.12/site-packages/airflow/example_dags/example_branch_datetime_operator.py
[2025-01-11T12:24:30.322+0000] {logging_mixin.py:188} INFO - [2025-01-11T12:24:30.322+0000] {dag.py:3089} INFO - Sync 3 DAGs
[2025-01-11T12:24:30.335+0000] {logging_mixin.py:188} INFO - [2025-01-11T12:24:30.335+0000] {dag.py:3947} INFO - Setting next_dagrun for example_branch_datetime_operator to 2025-01-10 00:00:00+00:00, run_after=2025-01-11 00:00:00+00:00
[2025-01-11T12:24:30.338+0000] {logging_mixin.py:188} INFO - [2025-01-11T12:24:30.338+0000] {dag.py:3947} INFO - Setting next_dagrun for example_branch_datetime_operator_2 to 2025-01-10 00:00:00+00:00, run_after=2025-01-11 00:00:00+00:00
[2025-01-11T12:24:30.339+0000] {logging_mixin.py:188} INFO - [2025-01-11T12:24:30.339+0000] {dag.py:3947} INFO - Setting next_dagrun for example_branch_datetime_operator_3 to 2025-01-10 00:00:00+00:00, run_after=2025-01-11 00:00:00+00:00
[2025-01-11T12:24:30.348+0000] {processor.py:183} INFO - Processing /home/airflow/.local/lib/python3.12/site-packages/airflow/example_dags/example_branch_datetime_operator.py took 0.058 seconds
[2025-01-11T12:25:01.235+0000] {processor.py:161} INFO - Started process (PID=20307) to work on /home/airflow/.local/lib/python3.12/site-packages/airflow/example_dags/example_branch_datetime_operator.py
[2025-01-11T12:25:01.236+0000] {processor.py:830} INFO - Processing file /home/airflow/.local/lib/python3.12/site-packages/airflow/example_dags/example_branch_datetime_operator.py for tasks to queue
[2025-01-11T12:25:01.237+0000] {logging_mixin.py:188} INFO - [2025-01-11T12:25:01.237+0000] {dagbag.py:545} INFO - Filling up the DagBag from /home/airflow/.local/lib/python3.12/site-packages/airflow/example_dags/example_branch_datetime_operator.py
[2025-01-11T12:25:01.242+0000] {processor.py:840} INFO - DAG(s) 'example_branch_datetime_operator_3', 'example_branch_datetime_operator', 'example_branch_datetime_operator_2' retrieved from /home/airflow/.local/lib/python3.12/site-packages/airflow/example_dags/example_branch_datetime_operator.py
[2025-01-11T12:25:01.259+0000] {logging_mixin.py:188} INFO - [2025-01-11T12:25:01.259+0000] {dag.py:3089} INFO - Sync 3 DAGs
[2025-01-11T12:25:01.272+0000] {logging_mixin.py:188} INFO - [2025-01-11T12:25:01.272+0000] {dag.py:3947} INFO - Setting next_dagrun for example_branch_datetime_operator to 2025-01-10 00:00:00+00:00, run_after=2025-01-11 00:00:00+00:00
[2025-01-11T12:25:01.274+0000] {logging_mixin.py:188} INFO - [2025-01-11T12:25:01.274+0000] {dag.py:3947} INFO - Setting next_dagrun for example_branch_datetime_operator_2 to 2025-01-10 00:00:00+00:00, run_after=2025-01-11 00:00:00+00:00
[2025-01-11T12:25:01.275+0000] {logging_mixin.py:188} INFO - [2025-01-11T12:25:01.275+0000] {dag.py:3947} INFO - Setting next_dagrun for example_branch_datetime_operator_3 to 2025-01-10 00:00:00+00:00, run_after=2025-01-11 00:00:00+00:00
[2025-01-11T12:25:01.285+0000] {processor.py:183} INFO - Processing /home/airflow/.local/lib/python3.12/site-packages/airflow/example_dags/example_branch_datetime_operator.py took 0.054 seconds
[2025-01-11T12:25:32.398+0000] {processor.py:161} INFO - Started process (PID=20584) to work on /home/airflow/.local/lib/python3.12/site-packages/airflow/example_dags/example_branch_datetime_operator.py
[2025-01-11T12:25:32.399+0000] {processor.py:830} INFO - Processing file /home/airflow/.local/lib/python3.12/site-packages/airflow/example_dags/example_branch_datetime_operator.py for tasks to queue
[2025-01-11T12:25:32.401+0000] {logging_mixin.py:188} INFO - [2025-01-11T12:25:32.400+0000] {dagbag.py:545} INFO - Filling up the DagBag from /home/airflow/.local/lib/python3.12/site-packages/airflow/example_dags/example_branch_datetime_operator.py
[2025-01-11T12:25:32.406+0000] {processor.py:840} INFO - DAG(s) 'example_branch_datetime_operator_2', 'example_branch_datetime_operator', 'example_branch_datetime_operator_3' retrieved from /home/airflow/.local/lib/python3.12/site-packages/airflow/example_dags/example_branch_datetime_operator.py
[2025-01-11T12:25:32.424+0000] {logging_mixin.py:188} INFO - [2025-01-11T12:25:32.424+0000] {dag.py:3089} INFO - Sync 3 DAGs
[2025-01-11T12:25:32.436+0000] {logging_mixin.py:188} INFO - [2025-01-11T12:25:32.436+0000] {dag.py:3947} INFO - Setting next_dagrun for example_branch_datetime_operator to 2025-01-10 00:00:00+00:00, run_after=2025-01-11 00:00:00+00:00
[2025-01-11T12:25:32.438+0000] {logging_mixin.py:188} INFO - [2025-01-11T12:25:32.438+0000] {dag.py:3947} INFO - Setting next_dagrun for example_branch_datetime_operator_2 to 2025-01-10 00:00:00+00:00, run_after=2025-01-11 00:00:00+00:00
[2025-01-11T12:25:32.440+0000] {logging_mixin.py:188} INFO - [2025-01-11T12:25:32.440+0000] {dag.py:3947} INFO - Setting next_dagrun for example_branch_datetime_operator_3 to 2025-01-10 00:00:00+00:00, run_after=2025-01-11 00:00:00+00:00
[2025-01-11T12:25:32.449+0000] {processor.py:183} INFO - Processing /home/airflow/.local/lib/python3.12/site-packages/airflow/example_dags/example_branch_datetime_operator.py took 0.055 seconds
[2025-01-11T12:26:02.773+0000] {processor.py:161} INFO - Started process (PID=20861) to work on /home/airflow/.local/lib/python3.12/site-packages/airflow/example_dags/example_branch_datetime_operator.py
[2025-01-11T12:26:02.773+0000] {processor.py:830} INFO - Processing file /home/airflow/.local/lib/python3.12/site-packages/airflow/example_dags/example_branch_datetime_operator.py for tasks to queue
[2025-01-11T12:26:02.774+0000] {logging_mixin.py:188} INFO - [2025-01-11T12:26:02.774+0000] {dagbag.py:545} INFO - Filling up the DagBag from /home/airflow/.local/lib/python3.12/site-packages/airflow/example_dags/example_branch_datetime_operator.py
[2025-01-11T12:26:02.780+0000] {processor.py:840} INFO - DAG(s) 'example_branch_datetime_operator_2', 'example_branch_datetime_operator_3', 'example_branch_datetime_operator' retrieved from /home/airflow/.local/lib/python3.12/site-packages/airflow/example_dags/example_branch_datetime_operator.py
[2025-01-11T12:26:02.797+0000] {logging_mixin.py:188} INFO - [2025-01-11T12:26:02.797+0000] {dag.py:3089} INFO - Sync 3 DAGs
[2025-01-11T12:26:02.810+0000] {logging_mixin.py:188} INFO - [2025-01-11T12:26:02.810+0000] {dag.py:3947} INFO - Setting next_dagrun for example_branch_datetime_operator to 2025-01-10 00:00:00+00:00, run_after=2025-01-11 00:00:00+00:00
[2025-01-11T12:26:02.812+0000] {logging_mixin.py:188} INFO - [2025-01-11T12:26:02.812+0000] {dag.py:3947} INFO - Setting next_dagrun for example_branch_datetime_operator_2 to 2025-01-10 00:00:00+00:00, run_after=2025-01-11 00:00:00+00:00
[2025-01-11T12:26:02.813+0000] {logging_mixin.py:188} INFO - [2025-01-11T12:26:02.813+0000] {dag.py:3947} INFO - Setting next_dagrun for example_branch_datetime_operator_3 to 2025-01-10 00:00:00+00:00, run_after=2025-01-11 00:00:00+00:00
[2025-01-11T12:26:02.823+0000] {processor.py:183} INFO - Processing /home/airflow/.local/lib/python3.12/site-packages/airflow/example_dags/example_branch_datetime_operator.py took 0.055 seconds
[2025-01-11T12:26:33.320+0000] {processor.py:161} INFO - Started process (PID=21140) to work on /home/airflow/.local/lib/python3.12/site-packages/airflow/example_dags/example_branch_datetime_operator.py
[2025-01-11T12:26:33.321+0000] {processor.py:830} INFO - Processing file /home/airflow/.local/lib/python3.12/site-packages/airflow/example_dags/example_branch_datetime_operator.py for tasks to queue
[2025-01-11T12:26:33.322+0000] {logging_mixin.py:188} INFO - [2025-01-11T12:26:33.322+0000] {dagbag.py:545} INFO - Filling up the DagBag from /home/airflow/.local/lib/python3.12/site-packages/airflow/example_dags/example_branch_datetime_operator.py
[2025-01-11T12:26:33.327+0000] {processor.py:840} INFO - DAG(s) 'example_branch_datetime_operator', 'example_branch_datetime_operator_2', 'example_branch_datetime_operator_3' retrieved from /home/airflow/.local/lib/python3.12/site-packages/airflow/example_dags/example_branch_datetime_operator.py
[2025-01-11T12:26:33.344+0000] {logging_mixin.py:188} INFO - [2025-01-11T12:26:33.344+0000] {dag.py:3089} INFO - Sync 3 DAGs
[2025-01-11T12:26:33.357+0000] {logging_mixin.py:188} INFO - [2025-01-11T12:26:33.357+0000] {dag.py:3947} INFO - Setting next_dagrun for example_branch_datetime_operator to 2025-01-10 00:00:00+00:00, run_after=2025-01-11 00:00:00+00:00
[2025-01-11T12:26:33.360+0000] {logging_mixin.py:188} INFO - [2025-01-11T12:26:33.360+0000] {dag.py:3947} INFO - Setting next_dagrun for example_branch_datetime_operator_2 to 2025-01-10 00:00:00+00:00, run_after=2025-01-11 00:00:00+00:00
[2025-01-11T12:26:33.361+0000] {logging_mixin.py:188} INFO - [2025-01-11T12:26:33.361+0000] {dag.py:3947} INFO - Setting next_dagrun for example_branch_datetime_operator_3 to 2025-01-10 00:00:00+00:00, run_after=2025-01-11 00:00:00+00:00
[2025-01-11T12:26:33.370+0000] {processor.py:183} INFO - Processing /home/airflow/.local/lib/python3.12/site-packages/airflow/example_dags/example_branch_datetime_operator.py took 0.054 seconds
[2025-01-11T12:27:03.546+0000] {processor.py:161} INFO - Started process (PID=21415) to work on /home/airflow/.local/lib/python3.12/site-packages/airflow/example_dags/example_branch_datetime_operator.py
[2025-01-11T12:27:03.547+0000] {processor.py:830} INFO - Processing file /home/airflow/.local/lib/python3.12/site-packages/airflow/example_dags/example_branch_datetime_operator.py for tasks to queue
[2025-01-11T12:27:03.549+0000] {logging_mixin.py:188} INFO - [2025-01-11T12:27:03.548+0000] {dagbag.py:545} INFO - Filling up the DagBag from /home/airflow/.local/lib/python3.12/site-packages/airflow/example_dags/example_branch_datetime_operator.py
[2025-01-11T12:27:03.554+0000] {processor.py:840} INFO - DAG(s) 'example_branch_datetime_operator_2', 'example_branch_datetime_operator', 'example_branch_datetime_operator_3' retrieved from /home/airflow/.local/lib/python3.12/site-packages/airflow/example_dags/example_branch_datetime_operator.py
[2025-01-11T12:27:03.571+0000] {logging_mixin.py:188} INFO - [2025-01-11T12:27:03.571+0000] {dag.py:3089} INFO - Sync 3 DAGs
[2025-01-11T12:27:03.584+0000] {logging_mixin.py:188} INFO - [2025-01-11T12:27:03.584+0000] {dag.py:3947} INFO - Setting next_dagrun for example_branch_datetime_operator to 2025-01-10 00:00:00+00:00, run_after=2025-01-11 00:00:00+00:00
[2025-01-11T12:27:03.587+0000] {logging_mixin.py:188} INFO - [2025-01-11T12:27:03.587+0000] {dag.py:3947} INFO - Setting next_dagrun for example_branch_datetime_operator_2 to 2025-01-10 00:00:00+00:00, run_after=2025-01-11 00:00:00+00:00
[2025-01-11T12:27:03.588+0000] {logging_mixin.py:188} INFO - [2025-01-11T12:27:03.588+0000] {dag.py:3947} INFO - Setting next_dagrun for example_branch_datetime_operator_3 to 2025-01-10 00:00:00+00:00, run_after=2025-01-11 00:00:00+00:00
[2025-01-11T12:27:03.598+0000] {processor.py:183} INFO - Processing /home/airflow/.local/lib/python3.12/site-packages/airflow/example_dags/example_branch_datetime_operator.py took 0.055 seconds
[2025-01-11T12:27:35.357+0000] {processor.py:161} INFO - Started process (PID=21692) to work on /home/airflow/.local/lib/python3.12/site-packages/airflow/example_dags/example_branch_datetime_operator.py
[2025-01-11T12:27:35.358+0000] {processor.py:830} INFO - Processing file /home/airflow/.local/lib/python3.12/site-packages/airflow/example_dags/example_branch_datetime_operator.py for tasks to queue
[2025-01-11T12:27:35.359+0000] {logging_mixin.py:188} INFO - [2025-01-11T12:27:35.359+0000] {dagbag.py:545} INFO - Filling up the DagBag from /home/airflow/.local/lib/python3.12/site-packages/airflow/example_dags/example_branch_datetime_operator.py
[2025-01-11T12:27:35.365+0000] {processor.py:840} INFO - DAG(s) 'example_branch_datetime_operator_3', 'example_branch_datetime_operator_2', 'example_branch_datetime_operator' retrieved from /home/airflow/.local/lib/python3.12/site-packages/airflow/example_dags/example_branch_datetime_operator.py
[2025-01-11T12:27:35.382+0000] {logging_mixin.py:188} INFO - [2025-01-11T12:27:35.382+0000] {dag.py:3089} INFO - Sync 3 DAGs
[2025-01-11T12:27:35.394+0000] {logging_mixin.py:188} INFO - [2025-01-11T12:27:35.394+0000] {dag.py:3947} INFO - Setting next_dagrun for example_branch_datetime_operator to 2025-01-10 00:00:00+00:00, run_after=2025-01-11 00:00:00+00:00
[2025-01-11T12:27:35.397+0000] {logging_mixin.py:188} INFO - [2025-01-11T12:27:35.396+0000] {dag.py:3947} INFO - Setting next_dagrun for example_branch_datetime_operator_2 to 2025-01-10 00:00:00+00:00, run_after=2025-01-11 00:00:00+00:00
[2025-01-11T12:27:35.398+0000] {logging_mixin.py:188} INFO - [2025-01-11T12:27:35.398+0000] {dag.py:3947} INFO - Setting next_dagrun for example_branch_datetime_operator_3 to 2025-01-10 00:00:00+00:00, run_after=2025-01-11 00:00:00+00:00
[2025-01-11T12:27:35.407+0000] {processor.py:183} INFO - Processing /home/airflow/.local/lib/python3.12/site-packages/airflow/example_dags/example_branch_datetime_operator.py took 0.054 seconds
[2025-01-11T12:28:05.807+0000] {processor.py:161} INFO - Started process (PID=21969) to work on /home/airflow/.local/lib/python3.12/site-packages/airflow/example_dags/example_branch_datetime_operator.py
[2025-01-11T12:28:05.807+0000] {processor.py:830} INFO - Processing file /home/airflow/.local/lib/python3.12/site-packages/airflow/example_dags/example_branch_datetime_operator.py for tasks to queue
[2025-01-11T12:28:05.809+0000] {logging_mixin.py:188} INFO - [2025-01-11T12:28:05.809+0000] {dagbag.py:545} INFO - Filling up the DagBag from /home/airflow/.local/lib/python3.12/site-packages/airflow/example_dags/example_branch_datetime_operator.py
[2025-01-11T12:28:05.814+0000] {processor.py:840} INFO - DAG(s) 'example_branch_datetime_operator_2', 'example_branch_datetime_operator', 'example_branch_datetime_operator_3' retrieved from /home/airflow/.local/lib/python3.12/site-packages/airflow/example_dags/example_branch_datetime_operator.py
[2025-01-11T12:28:05.831+0000] {logging_mixin.py:188} INFO - [2025-01-11T12:28:05.831+0000] {dag.py:3089} INFO - Sync 3 DAGs
[2025-01-11T12:28:05.844+0000] {logging_mixin.py:188} INFO - [2025-01-11T12:28:05.844+0000] {dag.py:3947} INFO - Setting next_dagrun for example_branch_datetime_operator to 2025-01-10 00:00:00+00:00, run_after=2025-01-11 00:00:00+00:00
[2025-01-11T12:28:05.846+0000] {logging_mixin.py:188} INFO - [2025-01-11T12:28:05.846+0000] {dag.py:3947} INFO - Setting next_dagrun for example_branch_datetime_operator_2 to 2025-01-10 00:00:00+00:00, run_after=2025-01-11 00:00:00+00:00
[2025-01-11T12:28:05.847+0000] {logging_mixin.py:188} INFO - [2025-01-11T12:28:05.847+0000] {dag.py:3947} INFO - Setting next_dagrun for example_branch_datetime_operator_3 to 2025-01-10 00:00:00+00:00, run_after=2025-01-11 00:00:00+00:00
[2025-01-11T12:28:05.857+0000] {processor.py:183} INFO - Processing /home/airflow/.local/lib/python3.12/site-packages/airflow/example_dags/example_branch_datetime_operator.py took 0.055 seconds
[2025-01-11T12:28:37.082+0000] {processor.py:161} INFO - Started process (PID=22246) to work on /home/airflow/.local/lib/python3.12/site-packages/airflow/example_dags/example_branch_datetime_operator.py
[2025-01-11T12:28:37.083+0000] {processor.py:830} INFO - Processing file /home/airflow/.local/lib/python3.12/site-packages/airflow/example_dags/example_branch_datetime_operator.py for tasks to queue
[2025-01-11T12:28:37.084+0000] {logging_mixin.py:188} INFO - [2025-01-11T12:28:37.084+0000] {dagbag.py:545} INFO - Filling up the DagBag from /home/airflow/.local/lib/python3.12/site-packages/airflow/example_dags/example_branch_datetime_operator.py
[2025-01-11T12:28:37.090+0000] {processor.py:840} INFO - DAG(s) 'example_branch_datetime_operator_2', 'example_branch_datetime_operator_3', 'example_branch_datetime_operator' retrieved from /home/airflow/.local/lib/python3.12/site-packages/airflow/example_dags/example_branch_datetime_operator.py
[2025-01-11T12:28:37.105+0000] {logging_mixin.py:188} INFO - [2025-01-11T12:28:37.105+0000] {dag.py:3089} INFO - Sync 3 DAGs
[2025-01-11T12:28:37.117+0000] {logging_mixin.py:188} INFO - [2025-01-11T12:28:37.117+0000] {dag.py:3947} INFO - Setting next_dagrun for example_branch_datetime_operator to 2025-01-10 00:00:00+00:00, run_after=2025-01-11 00:00:00+00:00
[2025-01-11T12:28:37.120+0000] {logging_mixin.py:188} INFO - [2025-01-11T12:28:37.120+0000] {dag.py:3947} INFO - Setting next_dagrun for example_branch_datetime_operator_2 to 2025-01-10 00:00:00+00:00, run_after=2025-01-11 00:00:00+00:00
[2025-01-11T12:28:37.121+0000] {logging_mixin.py:188} INFO - [2025-01-11T12:28:37.121+0000] {dag.py:3947} INFO - Setting next_dagrun for example_branch_datetime_operator_3 to 2025-01-10 00:00:00+00:00, run_after=2025-01-11 00:00:00+00:00
[2025-01-11T12:28:37.130+0000] {processor.py:183} INFO - Processing /home/airflow/.local/lib/python3.12/site-packages/airflow/example_dags/example_branch_datetime_operator.py took 0.052 seconds
[2025-01-11T12:29:07.998+0000] {processor.py:161} INFO - Started process (PID=22523) to work on /home/airflow/.local/lib/python3.12/site-packages/airflow/example_dags/example_branch_datetime_operator.py
[2025-01-11T12:29:07.998+0000] {processor.py:830} INFO - Processing file /home/airflow/.local/lib/python3.12/site-packages/airflow/example_dags/example_branch_datetime_operator.py for tasks to queue
[2025-01-11T12:29:07.999+0000] {logging_mixin.py:188} INFO - [2025-01-11T12:29:07.999+0000] {dagbag.py:545} INFO - Filling up the DagBag from /home/airflow/.local/lib/python3.12/site-packages/airflow/example_dags/example_branch_datetime_operator.py
[2025-01-11T12:29:08.005+0000] {processor.py:840} INFO - DAG(s) 'example_branch_datetime_operator', 'example_branch_datetime_operator_2', 'example_branch_datetime_operator_3' retrieved from /home/airflow/.local/lib/python3.12/site-packages/airflow/example_dags/example_branch_datetime_operator.py
[2025-01-11T12:29:08.023+0000] {logging_mixin.py:188} INFO - [2025-01-11T12:29:08.023+0000] {dag.py:3089} INFO - Sync 3 DAGs
[2025-01-11T12:29:08.036+0000] {logging_mixin.py:188} INFO - [2025-01-11T12:29:08.036+0000] {dag.py:3947} INFO - Setting next_dagrun for example_branch_datetime_operator to 2025-01-10 00:00:00+00:00, run_after=2025-01-11 00:00:00+00:00
[2025-01-11T12:29:08.038+0000] {logging_mixin.py:188} INFO - [2025-01-11T12:29:08.038+0000] {dag.py:3947} INFO - Setting next_dagrun for example_branch_datetime_operator_2 to 2025-01-10 00:00:00+00:00, run_after=2025-01-11 00:00:00+00:00
[2025-01-11T12:29:08.039+0000] {logging_mixin.py:188} INFO - [2025-01-11T12:29:08.039+0000] {dag.py:3947} INFO - Setting next_dagrun for example_branch_datetime_operator_3 to 2025-01-10 00:00:00+00:00, run_after=2025-01-11 00:00:00+00:00
[2025-01-11T12:29:08.048+0000] {processor.py:183} INFO - Processing /home/airflow/.local/lib/python3.12/site-packages/airflow/example_dags/example_branch_datetime_operator.py took 0.054 seconds
[2025-01-11T12:29:38.608+0000] {processor.py:161} INFO - Started process (PID=22802) to work on /home/airflow/.local/lib/python3.12/site-packages/airflow/example_dags/example_branch_datetime_operator.py
[2025-01-11T12:29:38.609+0000] {processor.py:830} INFO - Processing file /home/airflow/.local/lib/python3.12/site-packages/airflow/example_dags/example_branch_datetime_operator.py for tasks to queue
[2025-01-11T12:29:38.610+0000] {logging_mixin.py:188} INFO - [2025-01-11T12:29:38.610+0000] {dagbag.py:545} INFO - Filling up the DagBag from /home/airflow/.local/lib/python3.12/site-packages/airflow/example_dags/example_branch_datetime_operator.py
[2025-01-11T12:29:38.615+0000] {processor.py:840} INFO - DAG(s) 'example_branch_datetime_operator_2', 'example_branch_datetime_operator_3', 'example_branch_datetime_operator' retrieved from /home/airflow/.local/lib/python3.12/site-packages/airflow/example_dags/example_branch_datetime_operator.py
[2025-01-11T12:29:38.633+0000] {logging_mixin.py:188} INFO - [2025-01-11T12:29:38.632+0000] {dag.py:3089} INFO - Sync 3 DAGs
[2025-01-11T12:29:38.646+0000] {logging_mixin.py:188} INFO - [2025-01-11T12:29:38.645+0000] {dag.py:3947} INFO - Setting next_dagrun for example_branch_datetime_operator to 2025-01-10 00:00:00+00:00, run_after=2025-01-11 00:00:00+00:00
[2025-01-11T12:29:38.648+0000] {logging_mixin.py:188} INFO - [2025-01-11T12:29:38.648+0000] {dag.py:3947} INFO - Setting next_dagrun for example_branch_datetime_operator_2 to 2025-01-10 00:00:00+00:00, run_after=2025-01-11 00:00:00+00:00
[2025-01-11T12:29:38.649+0000] {logging_mixin.py:188} INFO - [2025-01-11T12:29:38.649+0000] {dag.py:3947} INFO - Setting next_dagrun for example_branch_datetime_operator_3 to 2025-01-10 00:00:00+00:00, run_after=2025-01-11 00:00:00+00:00
[2025-01-11T12:29:38.659+0000] {processor.py:183} INFO - Processing /home/airflow/.local/lib/python3.12/site-packages/airflow/example_dags/example_branch_datetime_operator.py took 0.055 seconds
[2025-01-11T12:30:10.036+0000] {processor.py:161} INFO - Started process (PID=23077) to work on /home/airflow/.local/lib/python3.12/site-packages/airflow/example_dags/example_branch_datetime_operator.py
[2025-01-11T12:30:10.037+0000] {processor.py:830} INFO - Processing file /home/airflow/.local/lib/python3.12/site-packages/airflow/example_dags/example_branch_datetime_operator.py for tasks to queue
[2025-01-11T12:30:10.038+0000] {logging_mixin.py:188} INFO - [2025-01-11T12:30:10.038+0000] {dagbag.py:545} INFO - Filling up the DagBag from /home/airflow/.local/lib/python3.12/site-packages/airflow/example_dags/example_branch_datetime_operator.py
[2025-01-11T12:30:10.043+0000] {processor.py:840} INFO - DAG(s) 'example_branch_datetime_operator', 'example_branch_datetime_operator_2', 'example_branch_datetime_operator_3' retrieved from /home/airflow/.local/lib/python3.12/site-packages/airflow/example_dags/example_branch_datetime_operator.py
[2025-01-11T12:30:10.059+0000] {logging_mixin.py:188} INFO - [2025-01-11T12:30:10.059+0000] {dag.py:3089} INFO - Sync 3 DAGs
[2025-01-11T12:30:10.072+0000] {logging_mixin.py:188} INFO - [2025-01-11T12:30:10.072+0000] {dag.py:3947} INFO - Setting next_dagrun for example_branch_datetime_operator to 2025-01-10 00:00:00+00:00, run_after=2025-01-11 00:00:00+00:00
[2025-01-11T12:30:10.074+0000] {logging_mixin.py:188} INFO - [2025-01-11T12:30:10.074+0000] {dag.py:3947} INFO - Setting next_dagrun for example_branch_datetime_operator_2 to 2025-01-10 00:00:00+00:00, run_after=2025-01-11 00:00:00+00:00
[2025-01-11T12:30:10.075+0000] {logging_mixin.py:188} INFO - [2025-01-11T12:30:10.075+0000] {dag.py:3947} INFO - Setting next_dagrun for example_branch_datetime_operator_3 to 2025-01-10 00:00:00+00:00, run_after=2025-01-11 00:00:00+00:00
[2025-01-11T12:30:10.083+0000] {processor.py:183} INFO - Processing /home/airflow/.local/lib/python3.12/site-packages/airflow/example_dags/example_branch_datetime_operator.py took 0.051 seconds
[2025-01-11T12:30:40.505+0000] {processor.py:161} INFO - Started process (PID=23354) to work on /home/airflow/.local/lib/python3.12/site-packages/airflow/example_dags/example_branch_datetime_operator.py
[2025-01-11T12:30:40.506+0000] {processor.py:830} INFO - Processing file /home/airflow/.local/lib/python3.12/site-packages/airflow/example_dags/example_branch_datetime_operator.py for tasks to queue
[2025-01-11T12:30:40.507+0000] {logging_mixin.py:188} INFO - [2025-01-11T12:30:40.507+0000] {dagbag.py:545} INFO - Filling up the DagBag from /home/airflow/.local/lib/python3.12/site-packages/airflow/example_dags/example_branch_datetime_operator.py
[2025-01-11T12:30:40.513+0000] {processor.py:840} INFO - DAG(s) 'example_branch_datetime_operator_3', 'example_branch_datetime_operator_2', 'example_branch_datetime_operator' retrieved from /home/airflow/.local/lib/python3.12/site-packages/airflow/example_dags/example_branch_datetime_operator.py
[2025-01-11T12:30:40.529+0000] {logging_mixin.py:188} INFO - [2025-01-11T12:30:40.528+0000] {dag.py:3089} INFO - Sync 3 DAGs
[2025-01-11T12:30:40.541+0000] {logging_mixin.py:188} INFO - [2025-01-11T12:30:40.541+0000] {dag.py:3947} INFO - Setting next_dagrun for example_branch_datetime_operator to 2025-01-10 00:00:00+00:00, run_after=2025-01-11 00:00:00+00:00
[2025-01-11T12:30:40.543+0000] {logging_mixin.py:188} INFO - [2025-01-11T12:30:40.543+0000] {dag.py:3947} INFO - Setting next_dagrun for example_branch_datetime_operator_2 to 2025-01-10 00:00:00+00:00, run_after=2025-01-11 00:00:00+00:00
[2025-01-11T12:30:40.544+0000] {logging_mixin.py:188} INFO - [2025-01-11T12:30:40.544+0000] {dag.py:3947} INFO - Setting next_dagrun for example_branch_datetime_operator_3 to 2025-01-10 00:00:00+00:00, run_after=2025-01-11 00:00:00+00:00
[2025-01-11T12:30:40.553+0000] {processor.py:183} INFO - Processing /home/airflow/.local/lib/python3.12/site-packages/airflow/example_dags/example_branch_datetime_operator.py took 0.052 seconds
[2025-01-11T12:31:11.455+0000] {processor.py:161} INFO - Started process (PID=23631) to work on /home/airflow/.local/lib/python3.12/site-packages/airflow/example_dags/example_branch_datetime_operator.py
[2025-01-11T12:31:11.456+0000] {processor.py:830} INFO - Processing file /home/airflow/.local/lib/python3.12/site-packages/airflow/example_dags/example_branch_datetime_operator.py for tasks to queue
[2025-01-11T12:31:11.457+0000] {logging_mixin.py:188} INFO - [2025-01-11T12:31:11.457+0000] {dagbag.py:545} INFO - Filling up the DagBag from /home/airflow/.local/lib/python3.12/site-packages/airflow/example_dags/example_branch_datetime_operator.py
[2025-01-11T12:31:11.462+0000] {processor.py:840} INFO - DAG(s) 'example_branch_datetime_operator_2', 'example_branch_datetime_operator_3', 'example_branch_datetime_operator' retrieved from /home/airflow/.local/lib/python3.12/site-packages/airflow/example_dags/example_branch_datetime_operator.py
[2025-01-11T12:31:11.477+0000] {logging_mixin.py:188} INFO - [2025-01-11T12:31:11.477+0000] {dag.py:3089} INFO - Sync 3 DAGs
[2025-01-11T12:31:11.489+0000] {logging_mixin.py:188} INFO - [2025-01-11T12:31:11.489+0000] {dag.py:3947} INFO - Setting next_dagrun for example_branch_datetime_operator to 2025-01-10 00:00:00+00:00, run_after=2025-01-11 00:00:00+00:00
[2025-01-11T12:31:11.491+0000] {logging_mixin.py:188} INFO - [2025-01-11T12:31:11.491+0000] {dag.py:3947} INFO - Setting next_dagrun for example_branch_datetime_operator_2 to 2025-01-10 00:00:00+00:00, run_after=2025-01-11 00:00:00+00:00
[2025-01-11T12:31:11.492+0000] {logging_mixin.py:188} INFO - [2025-01-11T12:31:11.492+0000] {dag.py:3947} INFO - Setting next_dagrun for example_branch_datetime_operator_3 to 2025-01-10 00:00:00+00:00, run_after=2025-01-11 00:00:00+00:00
[2025-01-11T12:31:11.501+0000] {processor.py:183} INFO - Processing /home/airflow/.local/lib/python3.12/site-packages/airflow/example_dags/example_branch_datetime_operator.py took 0.049 seconds
[2025-01-11T12:31:43.638+0000] {processor.py:161} INFO - Started process (PID=23908) to work on /home/airflow/.local/lib/python3.12/site-packages/airflow/example_dags/example_branch_datetime_operator.py
[2025-01-11T12:31:43.638+0000] {processor.py:830} INFO - Processing file /home/airflow/.local/lib/python3.12/site-packages/airflow/example_dags/example_branch_datetime_operator.py for tasks to queue
[2025-01-11T12:31:43.640+0000] {logging_mixin.py:188} INFO - [2025-01-11T12:31:43.639+0000] {dagbag.py:545} INFO - Filling up the DagBag from /home/airflow/.local/lib/python3.12/site-packages/airflow/example_dags/example_branch_datetime_operator.py
[2025-01-11T12:31:43.645+0000] {processor.py:840} INFO - DAG(s) 'example_branch_datetime_operator_3', 'example_branch_datetime_operator', 'example_branch_datetime_operator_2' retrieved from /home/airflow/.local/lib/python3.12/site-packages/airflow/example_dags/example_branch_datetime_operator.py
[2025-01-11T12:31:43.661+0000] {logging_mixin.py:188} INFO - [2025-01-11T12:31:43.661+0000] {dag.py:3089} INFO - Sync 3 DAGs
[2025-01-11T12:31:43.676+0000] {logging_mixin.py:188} INFO - [2025-01-11T12:31:43.676+0000] {dag.py:3947} INFO - Setting next_dagrun for example_branch_datetime_operator to 2025-01-10 00:00:00+00:00, run_after=2025-01-11 00:00:00+00:00
[2025-01-11T12:31:43.679+0000] {logging_mixin.py:188} INFO - [2025-01-11T12:31:43.679+0000] {dag.py:3947} INFO - Setting next_dagrun for example_branch_datetime_operator_2 to 2025-01-10 00:00:00+00:00, run_after=2025-01-11 00:00:00+00:00
[2025-01-11T12:31:43.680+0000] {logging_mixin.py:188} INFO - [2025-01-11T12:31:43.680+0000] {dag.py:3947} INFO - Setting next_dagrun for example_branch_datetime_operator_3 to 2025-01-10 00:00:00+00:00, run_after=2025-01-11 00:00:00+00:00
[2025-01-11T12:31:43.690+0000] {processor.py:183} INFO - Processing /home/airflow/.local/lib/python3.12/site-packages/airflow/example_dags/example_branch_datetime_operator.py took 0.057 seconds
[2025-01-11T12:32:16.593+0000] {processor.py:161} INFO - Started process (PID=24185) to work on /home/airflow/.local/lib/python3.12/site-packages/airflow/example_dags/example_branch_datetime_operator.py
[2025-01-11T12:32:16.594+0000] {processor.py:830} INFO - Processing file /home/airflow/.local/lib/python3.12/site-packages/airflow/example_dags/example_branch_datetime_operator.py for tasks to queue
[2025-01-11T12:32:16.595+0000] {logging_mixin.py:188} INFO - [2025-01-11T12:32:16.594+0000] {dagbag.py:545} INFO - Filling up the DagBag from /home/airflow/.local/lib/python3.12/site-packages/airflow/example_dags/example_branch_datetime_operator.py
[2025-01-11T12:32:16.600+0000] {processor.py:840} INFO - DAG(s) 'example_branch_datetime_operator_3', 'example_branch_datetime_operator', 'example_branch_datetime_operator_2' retrieved from /home/airflow/.local/lib/python3.12/site-packages/airflow/example_dags/example_branch_datetime_operator.py
[2025-01-11T12:32:16.617+0000] {logging_mixin.py:188} INFO - [2025-01-11T12:32:16.617+0000] {dag.py:3089} INFO - Sync 3 DAGs
[2025-01-11T12:32:16.629+0000] {logging_mixin.py:188} INFO - [2025-01-11T12:32:16.629+0000] {dag.py:3947} INFO - Setting next_dagrun for example_branch_datetime_operator to 2025-01-10 00:00:00+00:00, run_after=2025-01-11 00:00:00+00:00
[2025-01-11T12:32:16.632+0000] {logging_mixin.py:188} INFO - [2025-01-11T12:32:16.632+0000] {dag.py:3947} INFO - Setting next_dagrun for example_branch_datetime_operator_2 to 2025-01-10 00:00:00+00:00, run_after=2025-01-11 00:00:00+00:00
[2025-01-11T12:32:16.633+0000] {logging_mixin.py:188} INFO - [2025-01-11T12:32:16.633+0000] {dag.py:3947} INFO - Setting next_dagrun for example_branch_datetime_operator_3 to 2025-01-10 00:00:00+00:00, run_after=2025-01-11 00:00:00+00:00
[2025-01-11T12:32:16.642+0000] {processor.py:183} INFO - Processing /home/airflow/.local/lib/python3.12/site-packages/airflow/example_dags/example_branch_datetime_operator.py took 0.054 seconds
[2025-01-11T12:32:47.002+0000] {processor.py:161} INFO - Started process (PID=24462) to work on /home/airflow/.local/lib/python3.12/site-packages/airflow/example_dags/example_branch_datetime_operator.py
[2025-01-11T12:32:47.002+0000] {processor.py:830} INFO - Processing file /home/airflow/.local/lib/python3.12/site-packages/airflow/example_dags/example_branch_datetime_operator.py for tasks to queue
[2025-01-11T12:32:47.004+0000] {logging_mixin.py:188} INFO - [2025-01-11T12:32:47.003+0000] {dagbag.py:545} INFO - Filling up the DagBag from /home/airflow/.local/lib/python3.12/site-packages/airflow/example_dags/example_branch_datetime_operator.py
[2025-01-11T12:32:47.009+0000] {processor.py:840} INFO - DAG(s) 'example_branch_datetime_operator_2', 'example_branch_datetime_operator_3', 'example_branch_datetime_operator' retrieved from /home/airflow/.local/lib/python3.12/site-packages/airflow/example_dags/example_branch_datetime_operator.py
[2025-01-11T12:32:47.026+0000] {logging_mixin.py:188} INFO - [2025-01-11T12:32:47.026+0000] {dag.py:3089} INFO - Sync 3 DAGs
[2025-01-11T12:32:47.038+0000] {logging_mixin.py:188} INFO - [2025-01-11T12:32:47.038+0000] {dag.py:3947} INFO - Setting next_dagrun for example_branch_datetime_operator to 2025-01-10 00:00:00+00:00, run_after=2025-01-11 00:00:00+00:00
[2025-01-11T12:32:47.040+0000] {logging_mixin.py:188} INFO - [2025-01-11T12:32:47.040+0000] {dag.py:3947} INFO - Setting next_dagrun for example_branch_datetime_operator_2 to 2025-01-10 00:00:00+00:00, run_after=2025-01-11 00:00:00+00:00
[2025-01-11T12:32:47.041+0000] {logging_mixin.py:188} INFO - [2025-01-11T12:32:47.041+0000] {dag.py:3947} INFO - Setting next_dagrun for example_branch_datetime_operator_3 to 2025-01-10 00:00:00+00:00, run_after=2025-01-11 00:00:00+00:00
[2025-01-11T12:32:47.052+0000] {processor.py:183} INFO - Processing /home/airflow/.local/lib/python3.12/site-packages/airflow/example_dags/example_branch_datetime_operator.py took 0.054 seconds
[2025-01-11T12:53:56.854+0000] {processor.py:161} INFO - Started process (PID=24741) to work on /home/airflow/.local/lib/python3.12/site-packages/airflow/example_dags/example_branch_datetime_operator.py
[2025-01-11T12:53:56.855+0000] {processor.py:830} INFO - Processing file /home/airflow/.local/lib/python3.12/site-packages/airflow/example_dags/example_branch_datetime_operator.py for tasks to queue
[2025-01-11T12:53:56.857+0000] {logging_mixin.py:188} INFO - [2025-01-11T12:53:56.857+0000] {dagbag.py:545} INFO - Filling up the DagBag from /home/airflow/.local/lib/python3.12/site-packages/airflow/example_dags/example_branch_datetime_operator.py
[2025-01-11T12:53:56.865+0000] {processor.py:840} INFO - DAG(s) 'example_branch_datetime_operator_3', 'example_branch_datetime_operator', 'example_branch_datetime_operator_2' retrieved from /home/airflow/.local/lib/python3.12/site-packages/airflow/example_dags/example_branch_datetime_operator.py
[2025-01-11T12:53:56.899+0000] {logging_mixin.py:188} INFO - [2025-01-11T12:53:56.899+0000] {dag.py:3089} INFO - Sync 3 DAGs
[2025-01-11T12:53:56.921+0000] {logging_mixin.py:188} INFO - [2025-01-11T12:53:56.921+0000] {dag.py:3947} INFO - Setting next_dagrun for example_branch_datetime_operator to 2025-01-10 00:00:00+00:00, run_after=2025-01-11 00:00:00+00:00
[2025-01-11T12:53:56.924+0000] {logging_mixin.py:188} INFO - [2025-01-11T12:53:56.924+0000] {dag.py:3947} INFO - Setting next_dagrun for example_branch_datetime_operator_2 to 2025-01-10 00:00:00+00:00, run_after=2025-01-11 00:00:00+00:00
[2025-01-11T12:53:56.926+0000] {logging_mixin.py:188} INFO - [2025-01-11T12:53:56.926+0000] {dag.py:3947} INFO - Setting next_dagrun for example_branch_datetime_operator_3 to 2025-01-10 00:00:00+00:00, run_after=2025-01-11 00:00:00+00:00
[2025-01-11T12:53:56.942+0000] {processor.py:183} INFO - Processing /home/airflow/.local/lib/python3.12/site-packages/airflow/example_dags/example_branch_datetime_operator.py took 0.093 seconds
[2025-01-11T12:54:27.538+0000] {processor.py:161} INFO - Started process (PID=25018) to work on /home/airflow/.local/lib/python3.12/site-packages/airflow/example_dags/example_branch_datetime_operator.py
[2025-01-11T12:54:27.539+0000] {processor.py:830} INFO - Processing file /home/airflow/.local/lib/python3.12/site-packages/airflow/example_dags/example_branch_datetime_operator.py for tasks to queue
[2025-01-11T12:54:27.540+0000] {logging_mixin.py:188} INFO - [2025-01-11T12:54:27.540+0000] {dagbag.py:545} INFO - Filling up the DagBag from /home/airflow/.local/lib/python3.12/site-packages/airflow/example_dags/example_branch_datetime_operator.py
[2025-01-11T12:54:27.546+0000] {processor.py:840} INFO - DAG(s) 'example_branch_datetime_operator', 'example_branch_datetime_operator_3', 'example_branch_datetime_operator_2' retrieved from /home/airflow/.local/lib/python3.12/site-packages/airflow/example_dags/example_branch_datetime_operator.py
[2025-01-11T12:54:27.565+0000] {logging_mixin.py:188} INFO - [2025-01-11T12:54:27.565+0000] {dag.py:3089} INFO - Sync 3 DAGs
[2025-01-11T12:54:27.579+0000] {logging_mixin.py:188} INFO - [2025-01-11T12:54:27.579+0000] {dag.py:3947} INFO - Setting next_dagrun for example_branch_datetime_operator to 2025-01-10 00:00:00+00:00, run_after=2025-01-11 00:00:00+00:00
[2025-01-11T12:54:27.582+0000] {logging_mixin.py:188} INFO - [2025-01-11T12:54:27.582+0000] {dag.py:3947} INFO - Setting next_dagrun for example_branch_datetime_operator_2 to 2025-01-10 00:00:00+00:00, run_after=2025-01-11 00:00:00+00:00
[2025-01-11T12:54:27.583+0000] {logging_mixin.py:188} INFO - [2025-01-11T12:54:27.583+0000] {dag.py:3947} INFO - Setting next_dagrun for example_branch_datetime_operator_3 to 2025-01-10 00:00:00+00:00, run_after=2025-01-11 00:00:00+00:00
[2025-01-11T12:54:27.593+0000] {processor.py:183} INFO - Processing /home/airflow/.local/lib/python3.12/site-packages/airflow/example_dags/example_branch_datetime_operator.py took 0.059 seconds
[2025-01-11T12:54:57.628+0000] {processor.py:161} INFO - Started process (PID=25293) to work on /home/airflow/.local/lib/python3.12/site-packages/airflow/example_dags/example_branch_datetime_operator.py
[2025-01-11T12:54:57.629+0000] {processor.py:830} INFO - Processing file /home/airflow/.local/lib/python3.12/site-packages/airflow/example_dags/example_branch_datetime_operator.py for tasks to queue
[2025-01-11T12:54:57.630+0000] {logging_mixin.py:188} INFO - [2025-01-11T12:54:57.630+0000] {dagbag.py:545} INFO - Filling up the DagBag from /home/airflow/.local/lib/python3.12/site-packages/airflow/example_dags/example_branch_datetime_operator.py
[2025-01-11T12:54:57.635+0000] {processor.py:840} INFO - DAG(s) 'example_branch_datetime_operator_3', 'example_branch_datetime_operator_2', 'example_branch_datetime_operator' retrieved from /home/airflow/.local/lib/python3.12/site-packages/airflow/example_dags/example_branch_datetime_operator.py
[2025-01-11T12:54:57.652+0000] {logging_mixin.py:188} INFO - [2025-01-11T12:54:57.652+0000] {dag.py:3089} INFO - Sync 3 DAGs
[2025-01-11T12:54:57.666+0000] {logging_mixin.py:188} INFO - [2025-01-11T12:54:57.665+0000] {dag.py:3947} INFO - Setting next_dagrun for example_branch_datetime_operator to 2025-01-10 00:00:00+00:00, run_after=2025-01-11 00:00:00+00:00
[2025-01-11T12:54:57.668+0000] {logging_mixin.py:188} INFO - [2025-01-11T12:54:57.668+0000] {dag.py:3947} INFO - Setting next_dagrun for example_branch_datetime_operator_2 to 2025-01-10 00:00:00+00:00, run_after=2025-01-11 00:00:00+00:00
[2025-01-11T12:54:57.669+0000] {logging_mixin.py:188} INFO - [2025-01-11T12:54:57.669+0000] {dag.py:3947} INFO - Setting next_dagrun for example_branch_datetime_operator_3 to 2025-01-10 00:00:00+00:00, run_after=2025-01-11 00:00:00+00:00
[2025-01-11T12:54:57.679+0000] {processor.py:183} INFO - Processing /home/airflow/.local/lib/python3.12/site-packages/airflow/example_dags/example_branch_datetime_operator.py took 0.055 seconds
[2025-01-11T12:55:28.215+0000] {processor.py:161} INFO - Started process (PID=25570) to work on /home/airflow/.local/lib/python3.12/site-packages/airflow/example_dags/example_branch_datetime_operator.py
[2025-01-11T12:55:28.215+0000] {processor.py:830} INFO - Processing file /home/airflow/.local/lib/python3.12/site-packages/airflow/example_dags/example_branch_datetime_operator.py for tasks to queue
[2025-01-11T12:55:28.216+0000] {logging_mixin.py:188} INFO - [2025-01-11T12:55:28.216+0000] {dagbag.py:545} INFO - Filling up the DagBag from /home/airflow/.local/lib/python3.12/site-packages/airflow/example_dags/example_branch_datetime_operator.py
[2025-01-11T12:55:28.222+0000] {processor.py:840} INFO - DAG(s) 'example_branch_datetime_operator_2', 'example_branch_datetime_operator', 'example_branch_datetime_operator_3' retrieved from /home/airflow/.local/lib/python3.12/site-packages/airflow/example_dags/example_branch_datetime_operator.py
[2025-01-11T12:55:28.238+0000] {logging_mixin.py:188} INFO - [2025-01-11T12:55:28.238+0000] {dag.py:3089} INFO - Sync 3 DAGs
[2025-01-11T12:55:28.251+0000] {logging_mixin.py:188} INFO - [2025-01-11T12:55:28.250+0000] {dag.py:3947} INFO - Setting next_dagrun for example_branch_datetime_operator to 2025-01-10 00:00:00+00:00, run_after=2025-01-11 00:00:00+00:00
[2025-01-11T12:55:28.253+0000] {logging_mixin.py:188} INFO - [2025-01-11T12:55:28.253+0000] {dag.py:3947} INFO - Setting next_dagrun for example_branch_datetime_operator_2 to 2025-01-10 00:00:00+00:00, run_after=2025-01-11 00:00:00+00:00
[2025-01-11T12:55:28.254+0000] {logging_mixin.py:188} INFO - [2025-01-11T12:55:28.254+0000] {dag.py:3947} INFO - Setting next_dagrun for example_branch_datetime_operator_3 to 2025-01-10 00:00:00+00:00, run_after=2025-01-11 00:00:00+00:00
[2025-01-11T12:55:28.263+0000] {processor.py:183} INFO - Processing /home/airflow/.local/lib/python3.12/site-packages/airflow/example_dags/example_branch_datetime_operator.py took 0.053 seconds
[2025-01-11T12:55:58.415+0000] {processor.py:161} INFO - Started process (PID=25847) to work on /home/airflow/.local/lib/python3.12/site-packages/airflow/example_dags/example_branch_datetime_operator.py
[2025-01-11T12:55:58.416+0000] {processor.py:830} INFO - Processing file /home/airflow/.local/lib/python3.12/site-packages/airflow/example_dags/example_branch_datetime_operator.py for tasks to queue
[2025-01-11T12:55:58.417+0000] {logging_mixin.py:188} INFO - [2025-01-11T12:55:58.417+0000] {dagbag.py:545} INFO - Filling up the DagBag from /home/airflow/.local/lib/python3.12/site-packages/airflow/example_dags/example_branch_datetime_operator.py
[2025-01-11T12:55:58.423+0000] {processor.py:840} INFO - DAG(s) 'example_branch_datetime_operator_3', 'example_branch_datetime_operator_2', 'example_branch_datetime_operator' retrieved from /home/airflow/.local/lib/python3.12/site-packages/airflow/example_dags/example_branch_datetime_operator.py
[2025-01-11T12:55:58.441+0000] {logging_mixin.py:188} INFO - [2025-01-11T12:55:58.441+0000] {dag.py:3089} INFO - Sync 3 DAGs
[2025-01-11T12:55:58.455+0000] {logging_mixin.py:188} INFO - [2025-01-11T12:55:58.455+0000] {dag.py:3947} INFO - Setting next_dagrun for example_branch_datetime_operator to 2025-01-10 00:00:00+00:00, run_after=2025-01-11 00:00:00+00:00
[2025-01-11T12:55:58.457+0000] {logging_mixin.py:188} INFO - [2025-01-11T12:55:58.457+0000] {dag.py:3947} INFO - Setting next_dagrun for example_branch_datetime_operator_2 to 2025-01-10 00:00:00+00:00, run_after=2025-01-11 00:00:00+00:00
[2025-01-11T12:55:58.458+0000] {logging_mixin.py:188} INFO - [2025-01-11T12:55:58.458+0000] {dag.py:3947} INFO - Setting next_dagrun for example_branch_datetime_operator_3 to 2025-01-10 00:00:00+00:00, run_after=2025-01-11 00:00:00+00:00
[2025-01-11T12:55:58.469+0000] {processor.py:183} INFO - Processing /home/airflow/.local/lib/python3.12/site-packages/airflow/example_dags/example_branch_datetime_operator.py took 0.058 seconds
[2025-01-11T12:56:28.593+0000] {processor.py:161} INFO - Started process (PID=26124) to work on /home/airflow/.local/lib/python3.12/site-packages/airflow/example_dags/example_branch_datetime_operator.py
[2025-01-11T12:56:28.594+0000] {processor.py:830} INFO - Processing file /home/airflow/.local/lib/python3.12/site-packages/airflow/example_dags/example_branch_datetime_operator.py for tasks to queue
[2025-01-11T12:56:28.596+0000] {logging_mixin.py:188} INFO - [2025-01-11T12:56:28.596+0000] {dagbag.py:545} INFO - Filling up the DagBag from /home/airflow/.local/lib/python3.12/site-packages/airflow/example_dags/example_branch_datetime_operator.py
[2025-01-11T12:56:28.601+0000] {processor.py:840} INFO - DAG(s) 'example_branch_datetime_operator', 'example_branch_datetime_operator_2', 'example_branch_datetime_operator_3' retrieved from /home/airflow/.local/lib/python3.12/site-packages/airflow/example_dags/example_branch_datetime_operator.py
[2025-01-11T12:56:28.619+0000] {logging_mixin.py:188} INFO - [2025-01-11T12:56:28.618+0000] {dag.py:3089} INFO - Sync 3 DAGs
[2025-01-11T12:56:28.631+0000] {logging_mixin.py:188} INFO - [2025-01-11T12:56:28.631+0000] {dag.py:3947} INFO - Setting next_dagrun for example_branch_datetime_operator to 2025-01-10 00:00:00+00:00, run_after=2025-01-11 00:00:00+00:00
[2025-01-11T12:56:28.634+0000] {logging_mixin.py:188} INFO - [2025-01-11T12:56:28.634+0000] {dag.py:3947} INFO - Setting next_dagrun for example_branch_datetime_operator_2 to 2025-01-10 00:00:00+00:00, run_after=2025-01-11 00:00:00+00:00
[2025-01-11T12:56:28.635+0000] {logging_mixin.py:188} INFO - [2025-01-11T12:56:28.635+0000] {dag.py:3947} INFO - Setting next_dagrun for example_branch_datetime_operator_3 to 2025-01-10 00:00:00+00:00, run_after=2025-01-11 00:00:00+00:00
[2025-01-11T12:56:28.644+0000] {processor.py:183} INFO - Processing /home/airflow/.local/lib/python3.12/site-packages/airflow/example_dags/example_branch_datetime_operator.py took 0.055 seconds
[2025-01-11T12:56:59.160+0000] {processor.py:161} INFO - Started process (PID=26401) to work on /home/airflow/.local/lib/python3.12/site-packages/airflow/example_dags/example_branch_datetime_operator.py
[2025-01-11T12:56:59.161+0000] {processor.py:830} INFO - Processing file /home/airflow/.local/lib/python3.12/site-packages/airflow/example_dags/example_branch_datetime_operator.py for tasks to queue
[2025-01-11T12:56:59.162+0000] {logging_mixin.py:188} INFO - [2025-01-11T12:56:59.162+0000] {dagbag.py:545} INFO - Filling up the DagBag from /home/airflow/.local/lib/python3.12/site-packages/airflow/example_dags/example_branch_datetime_operator.py
[2025-01-11T12:56:59.168+0000] {processor.py:840} INFO - DAG(s) 'example_branch_datetime_operator_2', 'example_branch_datetime_operator', 'example_branch_datetime_operator_3' retrieved from /home/airflow/.local/lib/python3.12/site-packages/airflow/example_dags/example_branch_datetime_operator.py
[2025-01-11T12:56:59.186+0000] {logging_mixin.py:188} INFO - [2025-01-11T12:56:59.186+0000] {dag.py:3089} INFO - Sync 3 DAGs
[2025-01-11T12:56:59.200+0000] {logging_mixin.py:188} INFO - [2025-01-11T12:56:59.199+0000] {dag.py:3947} INFO - Setting next_dagrun for example_branch_datetime_operator to 2025-01-10 00:00:00+00:00, run_after=2025-01-11 00:00:00+00:00
[2025-01-11T12:56:59.203+0000] {logging_mixin.py:188} INFO - [2025-01-11T12:56:59.203+0000] {dag.py:3947} INFO - Setting next_dagrun for example_branch_datetime_operator_2 to 2025-01-10 00:00:00+00:00, run_after=2025-01-11 00:00:00+00:00
[2025-01-11T12:56:59.204+0000] {logging_mixin.py:188} INFO - [2025-01-11T12:56:59.204+0000] {dag.py:3947} INFO - Setting next_dagrun for example_branch_datetime_operator_3 to 2025-01-10 00:00:00+00:00, run_after=2025-01-11 00:00:00+00:00
[2025-01-11T12:56:59.212+0000] {processor.py:183} INFO - Processing /home/airflow/.local/lib/python3.12/site-packages/airflow/example_dags/example_branch_datetime_operator.py took 0.057 seconds
[2025-01-11T12:57:29.786+0000] {processor.py:161} INFO - Started process (PID=26678) to work on /home/airflow/.local/lib/python3.12/site-packages/airflow/example_dags/example_branch_datetime_operator.py
[2025-01-11T12:57:29.787+0000] {processor.py:830} INFO - Processing file /home/airflow/.local/lib/python3.12/site-packages/airflow/example_dags/example_branch_datetime_operator.py for tasks to queue
[2025-01-11T12:57:29.788+0000] {logging_mixin.py:188} INFO - [2025-01-11T12:57:29.787+0000] {dagbag.py:545} INFO - Filling up the DagBag from /home/airflow/.local/lib/python3.12/site-packages/airflow/example_dags/example_branch_datetime_operator.py
[2025-01-11T12:57:29.793+0000] {processor.py:840} INFO - DAG(s) 'example_branch_datetime_operator', 'example_branch_datetime_operator_3', 'example_branch_datetime_operator_2' retrieved from /home/airflow/.local/lib/python3.12/site-packages/airflow/example_dags/example_branch_datetime_operator.py
[2025-01-11T12:57:29.809+0000] {logging_mixin.py:188} INFO - [2025-01-11T12:57:29.809+0000] {dag.py:3089} INFO - Sync 3 DAGs
[2025-01-11T12:57:29.822+0000] {logging_mixin.py:188} INFO - [2025-01-11T12:57:29.822+0000] {dag.py:3947} INFO - Setting next_dagrun for example_branch_datetime_operator to 2025-01-10 00:00:00+00:00, run_after=2025-01-11 00:00:00+00:00
[2025-01-11T12:57:29.825+0000] {logging_mixin.py:188} INFO - [2025-01-11T12:57:29.824+0000] {dag.py:3947} INFO - Setting next_dagrun for example_branch_datetime_operator_2 to 2025-01-10 00:00:00+00:00, run_after=2025-01-11 00:00:00+00:00
[2025-01-11T12:57:29.826+0000] {logging_mixin.py:188} INFO - [2025-01-11T12:57:29.826+0000] {dag.py:3947} INFO - Setting next_dagrun for example_branch_datetime_operator_3 to 2025-01-10 00:00:00+00:00, run_after=2025-01-11 00:00:00+00:00
[2025-01-11T12:57:29.835+0000] {processor.py:183} INFO - Processing /home/airflow/.local/lib/python3.12/site-packages/airflow/example_dags/example_branch_datetime_operator.py took 0.054 seconds
[2025-01-11T12:57:59.973+0000] {processor.py:161} INFO - Started process (PID=26955) to work on /home/airflow/.local/lib/python3.12/site-packages/airflow/example_dags/example_branch_datetime_operator.py
[2025-01-11T12:57:59.974+0000] {processor.py:830} INFO - Processing file /home/airflow/.local/lib/python3.12/site-packages/airflow/example_dags/example_branch_datetime_operator.py for tasks to queue
[2025-01-11T12:57:59.975+0000] {logging_mixin.py:188} INFO - [2025-01-11T12:57:59.974+0000] {dagbag.py:545} INFO - Filling up the DagBag from /home/airflow/.local/lib/python3.12/site-packages/airflow/example_dags/example_branch_datetime_operator.py
[2025-01-11T12:57:59.980+0000] {processor.py:840} INFO - DAG(s) 'example_branch_datetime_operator_3', 'example_branch_datetime_operator', 'example_branch_datetime_operator_2' retrieved from /home/airflow/.local/lib/python3.12/site-packages/airflow/example_dags/example_branch_datetime_operator.py
[2025-01-11T12:57:59.998+0000] {logging_mixin.py:188} INFO - [2025-01-11T12:57:59.998+0000] {dag.py:3089} INFO - Sync 3 DAGs
[2025-01-11T12:58:00.012+0000] {logging_mixin.py:188} INFO - [2025-01-11T12:58:00.012+0000] {dag.py:3947} INFO - Setting next_dagrun for example_branch_datetime_operator to 2025-01-10 00:00:00+00:00, run_after=2025-01-11 00:00:00+00:00
[2025-01-11T12:58:00.014+0000] {logging_mixin.py:188} INFO - [2025-01-11T12:58:00.014+0000] {dag.py:3947} INFO - Setting next_dagrun for example_branch_datetime_operator_2 to 2025-01-10 00:00:00+00:00, run_after=2025-01-11 00:00:00+00:00
[2025-01-11T12:58:00.015+0000] {logging_mixin.py:188} INFO - [2025-01-11T12:58:00.015+0000] {dag.py:3947} INFO - Setting next_dagrun for example_branch_datetime_operator_3 to 2025-01-10 00:00:00+00:00, run_after=2025-01-11 00:00:00+00:00
[2025-01-11T12:58:00.025+0000] {processor.py:183} INFO - Processing /home/airflow/.local/lib/python3.12/site-packages/airflow/example_dags/example_branch_datetime_operator.py took 0.057 seconds
[2025-01-11T12:58:30.074+0000] {processor.py:161} INFO - Started process (PID=27232) to work on /home/airflow/.local/lib/python3.12/site-packages/airflow/example_dags/example_branch_datetime_operator.py
[2025-01-11T12:58:30.075+0000] {processor.py:830} INFO - Processing file /home/airflow/.local/lib/python3.12/site-packages/airflow/example_dags/example_branch_datetime_operator.py for tasks to queue
[2025-01-11T12:58:30.076+0000] {logging_mixin.py:188} INFO - [2025-01-11T12:58:30.075+0000] {dagbag.py:545} INFO - Filling up the DagBag from /home/airflow/.local/lib/python3.12/site-packages/airflow/example_dags/example_branch_datetime_operator.py
[2025-01-11T12:58:30.081+0000] {processor.py:840} INFO - DAG(s) 'example_branch_datetime_operator', 'example_branch_datetime_operator_2', 'example_branch_datetime_operator_3' retrieved from /home/airflow/.local/lib/python3.12/site-packages/airflow/example_dags/example_branch_datetime_operator.py
[2025-01-11T12:58:30.097+0000] {logging_mixin.py:188} INFO - [2025-01-11T12:58:30.097+0000] {dag.py:3089} INFO - Sync 3 DAGs
[2025-01-11T12:58:30.109+0000] {logging_mixin.py:188} INFO - [2025-01-11T12:58:30.109+0000] {dag.py:3947} INFO - Setting next_dagrun for example_branch_datetime_operator to 2025-01-10 00:00:00+00:00, run_after=2025-01-11 00:00:00+00:00
[2025-01-11T12:58:30.112+0000] {logging_mixin.py:188} INFO - [2025-01-11T12:58:30.112+0000] {dag.py:3947} INFO - Setting next_dagrun for example_branch_datetime_operator_2 to 2025-01-10 00:00:00+00:00, run_after=2025-01-11 00:00:00+00:00
[2025-01-11T12:58:30.113+0000] {logging_mixin.py:188} INFO - [2025-01-11T12:58:30.113+0000] {dag.py:3947} INFO - Setting next_dagrun for example_branch_datetime_operator_3 to 2025-01-10 00:00:00+00:00, run_after=2025-01-11 00:00:00+00:00
[2025-01-11T12:58:30.123+0000] {processor.py:183} INFO - Processing /home/airflow/.local/lib/python3.12/site-packages/airflow/example_dags/example_branch_datetime_operator.py took 0.053 seconds
[2025-01-11T12:59:00.316+0000] {processor.py:161} INFO - Started process (PID=27509) to work on /home/airflow/.local/lib/python3.12/site-packages/airflow/example_dags/example_branch_datetime_operator.py
[2025-01-11T12:59:00.317+0000] {processor.py:830} INFO - Processing file /home/airflow/.local/lib/python3.12/site-packages/airflow/example_dags/example_branch_datetime_operator.py for tasks to queue
[2025-01-11T12:59:00.319+0000] {logging_mixin.py:188} INFO - [2025-01-11T12:59:00.318+0000] {dagbag.py:545} INFO - Filling up the DagBag from /home/airflow/.local/lib/python3.12/site-packages/airflow/example_dags/example_branch_datetime_operator.py
[2025-01-11T12:59:00.324+0000] {processor.py:840} INFO - DAG(s) 'example_branch_datetime_operator_2', 'example_branch_datetime_operator', 'example_branch_datetime_operator_3' retrieved from /home/airflow/.local/lib/python3.12/site-packages/airflow/example_dags/example_branch_datetime_operator.py
[2025-01-11T12:59:00.341+0000] {logging_mixin.py:188} INFO - [2025-01-11T12:59:00.341+0000] {dag.py:3089} INFO - Sync 3 DAGs
[2025-01-11T12:59:00.354+0000] {logging_mixin.py:188} INFO - [2025-01-11T12:59:00.354+0000] {dag.py:3947} INFO - Setting next_dagrun for example_branch_datetime_operator to 2025-01-10 00:00:00+00:00, run_after=2025-01-11 00:00:00+00:00
[2025-01-11T12:59:00.356+0000] {logging_mixin.py:188} INFO - [2025-01-11T12:59:00.356+0000] {dag.py:3947} INFO - Setting next_dagrun for example_branch_datetime_operator_2 to 2025-01-10 00:00:00+00:00, run_after=2025-01-11 00:00:00+00:00
[2025-01-11T12:59:00.357+0000] {logging_mixin.py:188} INFO - [2025-01-11T12:59:00.357+0000] {dag.py:3947} INFO - Setting next_dagrun for example_branch_datetime_operator_3 to 2025-01-10 00:00:00+00:00, run_after=2025-01-11 00:00:00+00:00
[2025-01-11T12:59:00.368+0000] {processor.py:183} INFO - Processing /home/airflow/.local/lib/python3.12/site-packages/airflow/example_dags/example_branch_datetime_operator.py took 0.056 seconds
[2025-01-11T12:59:30.583+0000] {processor.py:161} INFO - Started process (PID=27786) to work on /home/airflow/.local/lib/python3.12/site-packages/airflow/example_dags/example_branch_datetime_operator.py
[2025-01-11T12:59:30.584+0000] {processor.py:830} INFO - Processing file /home/airflow/.local/lib/python3.12/site-packages/airflow/example_dags/example_branch_datetime_operator.py for tasks to queue
[2025-01-11T12:59:30.585+0000] {logging_mixin.py:188} INFO - [2025-01-11T12:59:30.585+0000] {dagbag.py:545} INFO - Filling up the DagBag from /home/airflow/.local/lib/python3.12/site-packages/airflow/example_dags/example_branch_datetime_operator.py
[2025-01-11T12:59:30.590+0000] {processor.py:840} INFO - DAG(s) 'example_branch_datetime_operator', 'example_branch_datetime_operator_2', 'example_branch_datetime_operator_3' retrieved from /home/airflow/.local/lib/python3.12/site-packages/airflow/example_dags/example_branch_datetime_operator.py
[2025-01-11T12:59:30.607+0000] {logging_mixin.py:188} INFO - [2025-01-11T12:59:30.607+0000] {dag.py:3089} INFO - Sync 3 DAGs
[2025-01-11T12:59:30.621+0000] {logging_mixin.py:188} INFO - [2025-01-11T12:59:30.620+0000] {dag.py:3947} INFO - Setting next_dagrun for example_branch_datetime_operator to 2025-01-10 00:00:00+00:00, run_after=2025-01-11 00:00:00+00:00
[2025-01-11T12:59:30.624+0000] {logging_mixin.py:188} INFO - [2025-01-11T12:59:30.624+0000] {dag.py:3947} INFO - Setting next_dagrun for example_branch_datetime_operator_2 to 2025-01-10 00:00:00+00:00, run_after=2025-01-11 00:00:00+00:00
[2025-01-11T12:59:30.625+0000] {logging_mixin.py:188} INFO - [2025-01-11T12:59:30.625+0000] {dag.py:3947} INFO - Setting next_dagrun for example_branch_datetime_operator_3 to 2025-01-10 00:00:00+00:00, run_after=2025-01-11 00:00:00+00:00
[2025-01-11T12:59:30.635+0000] {processor.py:183} INFO - Processing /home/airflow/.local/lib/python3.12/site-packages/airflow/example_dags/example_branch_datetime_operator.py took 0.057 seconds
[2025-01-11T13:00:00.838+0000] {processor.py:161} INFO - Started process (PID=28063) to work on /home/airflow/.local/lib/python3.12/site-packages/airflow/example_dags/example_branch_datetime_operator.py
[2025-01-11T13:00:00.839+0000] {processor.py:830} INFO - Processing file /home/airflow/.local/lib/python3.12/site-packages/airflow/example_dags/example_branch_datetime_operator.py for tasks to queue
[2025-01-11T13:00:00.840+0000] {logging_mixin.py:188} INFO - [2025-01-11T13:00:00.840+0000] {dagbag.py:545} INFO - Filling up the DagBag from /home/airflow/.local/lib/python3.12/site-packages/airflow/example_dags/example_branch_datetime_operator.py
[2025-01-11T13:00:00.846+0000] {processor.py:840} INFO - DAG(s) 'example_branch_datetime_operator_3', 'example_branch_datetime_operator_2', 'example_branch_datetime_operator' retrieved from /home/airflow/.local/lib/python3.12/site-packages/airflow/example_dags/example_branch_datetime_operator.py
[2025-01-11T13:00:00.865+0000] {logging_mixin.py:188} INFO - [2025-01-11T13:00:00.865+0000] {dag.py:3089} INFO - Sync 3 DAGs
[2025-01-11T13:00:00.878+0000] {logging_mixin.py:188} INFO - [2025-01-11T13:00:00.878+0000] {dag.py:3947} INFO - Setting next_dagrun for example_branch_datetime_operator to 2025-01-10 00:00:00+00:00, run_after=2025-01-11 00:00:00+00:00
[2025-01-11T13:00:00.880+0000] {logging_mixin.py:188} INFO - [2025-01-11T13:00:00.880+0000] {dag.py:3947} INFO - Setting next_dagrun for example_branch_datetime_operator_2 to 2025-01-10 00:00:00+00:00, run_after=2025-01-11 00:00:00+00:00
[2025-01-11T13:00:00.882+0000] {logging_mixin.py:188} INFO - [2025-01-11T13:00:00.881+0000] {dag.py:3947} INFO - Setting next_dagrun for example_branch_datetime_operator_3 to 2025-01-10 00:00:00+00:00, run_after=2025-01-11 00:00:00+00:00
[2025-01-11T13:00:00.890+0000] {processor.py:183} INFO - Processing /home/airflow/.local/lib/python3.12/site-packages/airflow/example_dags/example_branch_datetime_operator.py took 0.056 seconds
[2025-01-11T13:00:31.216+0000] {processor.py:161} INFO - Started process (PID=28340) to work on /home/airflow/.local/lib/python3.12/site-packages/airflow/example_dags/example_branch_datetime_operator.py
[2025-01-11T13:00:31.217+0000] {processor.py:830} INFO - Processing file /home/airflow/.local/lib/python3.12/site-packages/airflow/example_dags/example_branch_datetime_operator.py for tasks to queue
[2025-01-11T13:00:31.218+0000] {logging_mixin.py:188} INFO - [2025-01-11T13:00:31.218+0000] {dagbag.py:545} INFO - Filling up the DagBag from /home/airflow/.local/lib/python3.12/site-packages/airflow/example_dags/example_branch_datetime_operator.py
[2025-01-11T13:00:31.223+0000] {processor.py:840} INFO - DAG(s) 'example_branch_datetime_operator', 'example_branch_datetime_operator_3', 'example_branch_datetime_operator_2' retrieved from /home/airflow/.local/lib/python3.12/site-packages/airflow/example_dags/example_branch_datetime_operator.py
[2025-01-11T13:00:31.245+0000] {logging_mixin.py:188} INFO - [2025-01-11T13:00:31.245+0000] {dag.py:3089} INFO - Sync 3 DAGs
[2025-01-11T13:00:31.259+0000] {logging_mixin.py:188} INFO - [2025-01-11T13:00:31.258+0000] {dag.py:3947} INFO - Setting next_dagrun for example_branch_datetime_operator to 2025-01-10 00:00:00+00:00, run_after=2025-01-11 00:00:00+00:00
[2025-01-11T13:00:31.261+0000] {logging_mixin.py:188} INFO - [2025-01-11T13:00:31.261+0000] {dag.py:3947} INFO - Setting next_dagrun for example_branch_datetime_operator_2 to 2025-01-10 00:00:00+00:00, run_after=2025-01-11 00:00:00+00:00
[2025-01-11T13:00:31.263+0000] {logging_mixin.py:188} INFO - [2025-01-11T13:00:31.263+0000] {dag.py:3947} INFO - Setting next_dagrun for example_branch_datetime_operator_3 to 2025-01-10 00:00:00+00:00, run_after=2025-01-11 00:00:00+00:00
[2025-01-11T13:00:31.272+0000] {processor.py:183} INFO - Processing /home/airflow/.local/lib/python3.12/site-packages/airflow/example_dags/example_branch_datetime_operator.py took 0.060 seconds
[2025-01-11T13:03:14.600+0000] {processor.py:161} INFO - Started process (PID=28618) to work on /home/airflow/.local/lib/python3.12/site-packages/airflow/example_dags/example_branch_datetime_operator.py
[2025-01-11T13:03:14.602+0000] {processor.py:830} INFO - Processing file /home/airflow/.local/lib/python3.12/site-packages/airflow/example_dags/example_branch_datetime_operator.py for tasks to queue
[2025-01-11T13:03:14.603+0000] {logging_mixin.py:188} INFO - [2025-01-11T13:03:14.603+0000] {dagbag.py:545} INFO - Filling up the DagBag from /home/airflow/.local/lib/python3.12/site-packages/airflow/example_dags/example_branch_datetime_operator.py
[2025-01-11T13:03:14.610+0000] {processor.py:840} INFO - DAG(s) 'example_branch_datetime_operator_2', 'example_branch_datetime_operator', 'example_branch_datetime_operator_3' retrieved from /home/airflow/.local/lib/python3.12/site-packages/airflow/example_dags/example_branch_datetime_operator.py
[2025-01-11T13:03:14.630+0000] {logging_mixin.py:188} INFO - [2025-01-11T13:03:14.630+0000] {dag.py:3089} INFO - Sync 3 DAGs
[2025-01-11T13:03:14.646+0000] {logging_mixin.py:188} INFO - [2025-01-11T13:03:14.646+0000] {dag.py:3947} INFO - Setting next_dagrun for example_branch_datetime_operator to 2025-01-10 00:00:00+00:00, run_after=2025-01-11 00:00:00+00:00
[2025-01-11T13:03:14.649+0000] {logging_mixin.py:188} INFO - [2025-01-11T13:03:14.649+0000] {dag.py:3947} INFO - Setting next_dagrun for example_branch_datetime_operator_2 to 2025-01-10 00:00:00+00:00, run_after=2025-01-11 00:00:00+00:00
[2025-01-11T13:03:14.651+0000] {logging_mixin.py:188} INFO - [2025-01-11T13:03:14.651+0000] {dag.py:3947} INFO - Setting next_dagrun for example_branch_datetime_operator_3 to 2025-01-10 00:00:00+00:00, run_after=2025-01-11 00:00:00+00:00
[2025-01-11T13:03:14.664+0000] {processor.py:183} INFO - Processing /home/airflow/.local/lib/python3.12/site-packages/airflow/example_dags/example_branch_datetime_operator.py took 0.069 seconds
[2025-01-11T13:03:45.614+0000] {processor.py:161} INFO - Started process (PID=28896) to work on /home/airflow/.local/lib/python3.12/site-packages/airflow/example_dags/example_branch_datetime_operator.py
[2025-01-11T13:03:45.614+0000] {processor.py:830} INFO - Processing file /home/airflow/.local/lib/python3.12/site-packages/airflow/example_dags/example_branch_datetime_operator.py for tasks to queue
[2025-01-11T13:03:45.615+0000] {logging_mixin.py:188} INFO - [2025-01-11T13:03:45.615+0000] {dagbag.py:545} INFO - Filling up the DagBag from /home/airflow/.local/lib/python3.12/site-packages/airflow/example_dags/example_branch_datetime_operator.py
[2025-01-11T13:03:45.620+0000] {processor.py:840} INFO - DAG(s) 'example_branch_datetime_operator', 'example_branch_datetime_operator_2', 'example_branch_datetime_operator_3' retrieved from /home/airflow/.local/lib/python3.12/site-packages/airflow/example_dags/example_branch_datetime_operator.py
[2025-01-11T13:03:45.635+0000] {logging_mixin.py:188} INFO - [2025-01-11T13:03:45.635+0000] {dag.py:3089} INFO - Sync 3 DAGs
[2025-01-11T13:03:45.648+0000] {logging_mixin.py:188} INFO - [2025-01-11T13:03:45.648+0000] {dag.py:3947} INFO - Setting next_dagrun for example_branch_datetime_operator to 2025-01-10 00:00:00+00:00, run_after=2025-01-11 00:00:00+00:00
[2025-01-11T13:03:45.650+0000] {logging_mixin.py:188} INFO - [2025-01-11T13:03:45.650+0000] {dag.py:3947} INFO - Setting next_dagrun for example_branch_datetime_operator_2 to 2025-01-10 00:00:00+00:00, run_after=2025-01-11 00:00:00+00:00
[2025-01-11T13:03:45.651+0000] {logging_mixin.py:188} INFO - [2025-01-11T13:03:45.651+0000] {dag.py:3947} INFO - Setting next_dagrun for example_branch_datetime_operator_3 to 2025-01-10 00:00:00+00:00, run_after=2025-01-11 00:00:00+00:00
[2025-01-11T13:03:45.659+0000] {processor.py:183} INFO - Processing /home/airflow/.local/lib/python3.12/site-packages/airflow/example_dags/example_branch_datetime_operator.py took 0.049 seconds
[2025-01-11T13:04:15.924+0000] {processor.py:161} INFO - Started process (PID=29171) to work on /home/airflow/.local/lib/python3.12/site-packages/airflow/example_dags/example_branch_datetime_operator.py
[2025-01-11T13:04:15.925+0000] {processor.py:830} INFO - Processing file /home/airflow/.local/lib/python3.12/site-packages/airflow/example_dags/example_branch_datetime_operator.py for tasks to queue
[2025-01-11T13:04:15.927+0000] {logging_mixin.py:188} INFO - [2025-01-11T13:04:15.926+0000] {dagbag.py:545} INFO - Filling up the DagBag from /home/airflow/.local/lib/python3.12/site-packages/airflow/example_dags/example_branch_datetime_operator.py
[2025-01-11T13:04:15.933+0000] {processor.py:840} INFO - DAG(s) 'example_branch_datetime_operator_3', 'example_branch_datetime_operator_2', 'example_branch_datetime_operator' retrieved from /home/airflow/.local/lib/python3.12/site-packages/airflow/example_dags/example_branch_datetime_operator.py
[2025-01-11T13:04:15.950+0000] {logging_mixin.py:188} INFO - [2025-01-11T13:04:15.950+0000] {dag.py:3089} INFO - Sync 3 DAGs
[2025-01-11T13:04:15.962+0000] {logging_mixin.py:188} INFO - [2025-01-11T13:04:15.962+0000] {dag.py:3947} INFO - Setting next_dagrun for example_branch_datetime_operator to 2025-01-10 00:00:00+00:00, run_after=2025-01-11 00:00:00+00:00
[2025-01-11T13:04:15.965+0000] {logging_mixin.py:188} INFO - [2025-01-11T13:04:15.965+0000] {dag.py:3947} INFO - Setting next_dagrun for example_branch_datetime_operator_2 to 2025-01-10 00:00:00+00:00, run_after=2025-01-11 00:00:00+00:00
[2025-01-11T13:04:15.966+0000] {logging_mixin.py:188} INFO - [2025-01-11T13:04:15.966+0000] {dag.py:3947} INFO - Setting next_dagrun for example_branch_datetime_operator_3 to 2025-01-10 00:00:00+00:00, run_after=2025-01-11 00:00:00+00:00
[2025-01-11T13:04:15.977+0000] {processor.py:183} INFO - Processing /home/airflow/.local/lib/python3.12/site-packages/airflow/example_dags/example_branch_datetime_operator.py took 0.058 seconds
[2025-01-11T13:04:46.322+0000] {processor.py:161} INFO - Started process (PID=29448) to work on /home/airflow/.local/lib/python3.12/site-packages/airflow/example_dags/example_branch_datetime_operator.py
[2025-01-11T13:04:46.323+0000] {processor.py:830} INFO - Processing file /home/airflow/.local/lib/python3.12/site-packages/airflow/example_dags/example_branch_datetime_operator.py for tasks to queue
[2025-01-11T13:04:46.324+0000] {logging_mixin.py:188} INFO - [2025-01-11T13:04:46.324+0000] {dagbag.py:545} INFO - Filling up the DagBag from /home/airflow/.local/lib/python3.12/site-packages/airflow/example_dags/example_branch_datetime_operator.py
[2025-01-11T13:04:46.330+0000] {processor.py:840} INFO - DAG(s) 'example_branch_datetime_operator', 'example_branch_datetime_operator_3', 'example_branch_datetime_operator_2' retrieved from /home/airflow/.local/lib/python3.12/site-packages/airflow/example_dags/example_branch_datetime_operator.py
[2025-01-11T13:04:46.348+0000] {logging_mixin.py:188} INFO - [2025-01-11T13:04:46.347+0000] {dag.py:3089} INFO - Sync 3 DAGs
[2025-01-11T13:04:46.361+0000] {logging_mixin.py:188} INFO - [2025-01-11T13:04:46.361+0000] {dag.py:3947} INFO - Setting next_dagrun for example_branch_datetime_operator to 2025-01-10 00:00:00+00:00, run_after=2025-01-11 00:00:00+00:00
[2025-01-11T13:04:46.364+0000] {logging_mixin.py:188} INFO - [2025-01-11T13:04:46.364+0000] {dag.py:3947} INFO - Setting next_dagrun for example_branch_datetime_operator_2 to 2025-01-10 00:00:00+00:00, run_after=2025-01-11 00:00:00+00:00
[2025-01-11T13:04:46.365+0000] {logging_mixin.py:188} INFO - [2025-01-11T13:04:46.365+0000] {dag.py:3947} INFO - Setting next_dagrun for example_branch_datetime_operator_3 to 2025-01-10 00:00:00+00:00, run_after=2025-01-11 00:00:00+00:00
[2025-01-11T13:04:46.374+0000] {processor.py:183} INFO - Processing /home/airflow/.local/lib/python3.12/site-packages/airflow/example_dags/example_branch_datetime_operator.py took 0.057 seconds
[2025-01-11T13:05:16.726+0000] {processor.py:161} INFO - Started process (PID=29725) to work on /home/airflow/.local/lib/python3.12/site-packages/airflow/example_dags/example_branch_datetime_operator.py
[2025-01-11T13:05:16.727+0000] {processor.py:830} INFO - Processing file /home/airflow/.local/lib/python3.12/site-packages/airflow/example_dags/example_branch_datetime_operator.py for tasks to queue
[2025-01-11T13:05:16.728+0000] {logging_mixin.py:188} INFO - [2025-01-11T13:05:16.728+0000] {dagbag.py:545} INFO - Filling up the DagBag from /home/airflow/.local/lib/python3.12/site-packages/airflow/example_dags/example_branch_datetime_operator.py
[2025-01-11T13:05:16.734+0000] {processor.py:840} INFO - DAG(s) 'example_branch_datetime_operator', 'example_branch_datetime_operator_2', 'example_branch_datetime_operator_3' retrieved from /home/airflow/.local/lib/python3.12/site-packages/airflow/example_dags/example_branch_datetime_operator.py
[2025-01-11T13:05:16.753+0000] {logging_mixin.py:188} INFO - [2025-01-11T13:05:16.753+0000] {dag.py:3089} INFO - Sync 3 DAGs
[2025-01-11T13:05:16.766+0000] {logging_mixin.py:188} INFO - [2025-01-11T13:05:16.766+0000] {dag.py:3947} INFO - Setting next_dagrun for example_branch_datetime_operator to 2025-01-10 00:00:00+00:00, run_after=2025-01-11 00:00:00+00:00
[2025-01-11T13:05:16.768+0000] {logging_mixin.py:188} INFO - [2025-01-11T13:05:16.768+0000] {dag.py:3947} INFO - Setting next_dagrun for example_branch_datetime_operator_2 to 2025-01-10 00:00:00+00:00, run_after=2025-01-11 00:00:00+00:00
[2025-01-11T13:05:16.770+0000] {logging_mixin.py:188} INFO - [2025-01-11T13:05:16.769+0000] {dag.py:3947} INFO - Setting next_dagrun for example_branch_datetime_operator_3 to 2025-01-10 00:00:00+00:00, run_after=2025-01-11 00:00:00+00:00
[2025-01-11T13:05:16.782+0000] {processor.py:183} INFO - Processing /home/airflow/.local/lib/python3.12/site-packages/airflow/example_dags/example_branch_datetime_operator.py took 0.060 seconds
[2025-01-11T13:05:46.926+0000] {processor.py:161} INFO - Started process (PID=29996) to work on /home/airflow/.local/lib/python3.12/site-packages/airflow/example_dags/example_branch_datetime_operator.py
[2025-01-11T13:05:46.927+0000] {processor.py:830} INFO - Processing file /home/airflow/.local/lib/python3.12/site-packages/airflow/example_dags/example_branch_datetime_operator.py for tasks to queue
[2025-01-11T13:05:46.928+0000] {logging_mixin.py:188} INFO - [2025-01-11T13:05:46.928+0000] {dagbag.py:545} INFO - Filling up the DagBag from /home/airflow/.local/lib/python3.12/site-packages/airflow/example_dags/example_branch_datetime_operator.py
[2025-01-11T13:05:46.934+0000] {processor.py:840} INFO - DAG(s) 'example_branch_datetime_operator', 'example_branch_datetime_operator_3', 'example_branch_datetime_operator_2' retrieved from /home/airflow/.local/lib/python3.12/site-packages/airflow/example_dags/example_branch_datetime_operator.py
[2025-01-11T13:05:46.956+0000] {logging_mixin.py:188} INFO - [2025-01-11T13:05:46.956+0000] {dag.py:3089} INFO - Sync 3 DAGs
[2025-01-11T13:05:46.970+0000] {logging_mixin.py:188} INFO - [2025-01-11T13:05:46.970+0000] {dag.py:3947} INFO - Setting next_dagrun for example_branch_datetime_operator to 2025-01-10 00:00:00+00:00, run_after=2025-01-11 00:00:00+00:00
[2025-01-11T13:05:46.974+0000] {logging_mixin.py:188} INFO - [2025-01-11T13:05:46.974+0000] {dag.py:3947} INFO - Setting next_dagrun for example_branch_datetime_operator_2 to 2025-01-10 00:00:00+00:00, run_after=2025-01-11 00:00:00+00:00
[2025-01-11T13:05:46.975+0000] {logging_mixin.py:188} INFO - [2025-01-11T13:05:46.975+0000] {dag.py:3947} INFO - Setting next_dagrun for example_branch_datetime_operator_3 to 2025-01-10 00:00:00+00:00, run_after=2025-01-11 00:00:00+00:00
[2025-01-11T13:05:46.985+0000] {processor.py:183} INFO - Processing /home/airflow/.local/lib/python3.12/site-packages/airflow/example_dags/example_branch_datetime_operator.py took 0.064 seconds
[2025-01-11T13:06:17.282+0000] {processor.py:161} INFO - Started process (PID=30272) to work on /home/airflow/.local/lib/python3.12/site-packages/airflow/example_dags/example_branch_datetime_operator.py
[2025-01-11T13:06:17.283+0000] {processor.py:830} INFO - Processing file /home/airflow/.local/lib/python3.12/site-packages/airflow/example_dags/example_branch_datetime_operator.py for tasks to queue
[2025-01-11T13:06:17.284+0000] {logging_mixin.py:188} INFO - [2025-01-11T13:06:17.284+0000] {dagbag.py:545} INFO - Filling up the DagBag from /home/airflow/.local/lib/python3.12/site-packages/airflow/example_dags/example_branch_datetime_operator.py
[2025-01-11T13:06:17.290+0000] {processor.py:840} INFO - DAG(s) 'example_branch_datetime_operator', 'example_branch_datetime_operator_3', 'example_branch_datetime_operator_2' retrieved from /home/airflow/.local/lib/python3.12/site-packages/airflow/example_dags/example_branch_datetime_operator.py
[2025-01-11T13:06:17.313+0000] {logging_mixin.py:188} INFO - [2025-01-11T13:06:17.312+0000] {dag.py:3089} INFO - Sync 3 DAGs
[2025-01-11T13:06:17.326+0000] {logging_mixin.py:188} INFO - [2025-01-11T13:06:17.326+0000] {dag.py:3947} INFO - Setting next_dagrun for example_branch_datetime_operator to 2025-01-10 00:00:00+00:00, run_after=2025-01-11 00:00:00+00:00
[2025-01-11T13:06:17.328+0000] {logging_mixin.py:188} INFO - [2025-01-11T13:06:17.328+0000] {dag.py:3947} INFO - Setting next_dagrun for example_branch_datetime_operator_2 to 2025-01-10 00:00:00+00:00, run_after=2025-01-11 00:00:00+00:00
[2025-01-11T13:06:17.330+0000] {logging_mixin.py:188} INFO - [2025-01-11T13:06:17.330+0000] {dag.py:3947} INFO - Setting next_dagrun for example_branch_datetime_operator_3 to 2025-01-10 00:00:00+00:00, run_after=2025-01-11 00:00:00+00:00
[2025-01-11T13:06:17.339+0000] {processor.py:183} INFO - Processing /home/airflow/.local/lib/python3.12/site-packages/airflow/example_dags/example_branch_datetime_operator.py took 0.062 seconds
[2025-01-11T13:06:47.560+0000] {processor.py:161} INFO - Started process (PID=30549) to work on /home/airflow/.local/lib/python3.12/site-packages/airflow/example_dags/example_branch_datetime_operator.py
[2025-01-11T13:06:47.561+0000] {processor.py:830} INFO - Processing file /home/airflow/.local/lib/python3.12/site-packages/airflow/example_dags/example_branch_datetime_operator.py for tasks to queue
[2025-01-11T13:06:47.562+0000] {logging_mixin.py:188} INFO - [2025-01-11T13:06:47.562+0000] {dagbag.py:545} INFO - Filling up the DagBag from /home/airflow/.local/lib/python3.12/site-packages/airflow/example_dags/example_branch_datetime_operator.py
[2025-01-11T13:06:47.568+0000] {processor.py:840} INFO - DAG(s) 'example_branch_datetime_operator', 'example_branch_datetime_operator_3', 'example_branch_datetime_operator_2' retrieved from /home/airflow/.local/lib/python3.12/site-packages/airflow/example_dags/example_branch_datetime_operator.py
[2025-01-11T13:06:47.585+0000] {logging_mixin.py:188} INFO - [2025-01-11T13:06:47.585+0000] {dag.py:3089} INFO - Sync 3 DAGs
[2025-01-11T13:06:47.598+0000] {logging_mixin.py:188} INFO - [2025-01-11T13:06:47.598+0000] {dag.py:3947} INFO - Setting next_dagrun for example_branch_datetime_operator to 2025-01-10 00:00:00+00:00, run_after=2025-01-11 00:00:00+00:00
[2025-01-11T13:06:47.600+0000] {logging_mixin.py:188} INFO - [2025-01-11T13:06:47.600+0000] {dag.py:3947} INFO - Setting next_dagrun for example_branch_datetime_operator_2 to 2025-01-10 00:00:00+00:00, run_after=2025-01-11 00:00:00+00:00
[2025-01-11T13:06:47.601+0000] {logging_mixin.py:188} INFO - [2025-01-11T13:06:47.601+0000] {dag.py:3947} INFO - Setting next_dagrun for example_branch_datetime_operator_3 to 2025-01-10 00:00:00+00:00, run_after=2025-01-11 00:00:00+00:00
[2025-01-11T13:06:47.610+0000] {processor.py:183} INFO - Processing /home/airflow/.local/lib/python3.12/site-packages/airflow/example_dags/example_branch_datetime_operator.py took 0.055 seconds
[2025-01-11T13:07:17.846+0000] {processor.py:161} INFO - Started process (PID=30828) to work on /home/airflow/.local/lib/python3.12/site-packages/airflow/example_dags/example_branch_datetime_operator.py
[2025-01-11T13:07:17.847+0000] {processor.py:830} INFO - Processing file /home/airflow/.local/lib/python3.12/site-packages/airflow/example_dags/example_branch_datetime_operator.py for tasks to queue
[2025-01-11T13:07:17.848+0000] {logging_mixin.py:188} INFO - [2025-01-11T13:07:17.848+0000] {dagbag.py:545} INFO - Filling up the DagBag from /home/airflow/.local/lib/python3.12/site-packages/airflow/example_dags/example_branch_datetime_operator.py
[2025-01-11T13:07:17.854+0000] {processor.py:840} INFO - DAG(s) 'example_branch_datetime_operator_2', 'example_branch_datetime_operator_3', 'example_branch_datetime_operator' retrieved from /home/airflow/.local/lib/python3.12/site-packages/airflow/example_dags/example_branch_datetime_operator.py
[2025-01-11T13:07:17.871+0000] {logging_mixin.py:188} INFO - [2025-01-11T13:07:17.871+0000] {dag.py:3089} INFO - Sync 3 DAGs
[2025-01-11T13:07:17.884+0000] {logging_mixin.py:188} INFO - [2025-01-11T13:07:17.884+0000] {dag.py:3947} INFO - Setting next_dagrun for example_branch_datetime_operator to 2025-01-10 00:00:00+00:00, run_after=2025-01-11 00:00:00+00:00
[2025-01-11T13:07:17.886+0000] {logging_mixin.py:188} INFO - [2025-01-11T13:07:17.886+0000] {dag.py:3947} INFO - Setting next_dagrun for example_branch_datetime_operator_2 to 2025-01-10 00:00:00+00:00, run_after=2025-01-11 00:00:00+00:00
[2025-01-11T13:07:17.887+0000] {logging_mixin.py:188} INFO - [2025-01-11T13:07:17.887+0000] {dag.py:3947} INFO - Setting next_dagrun for example_branch_datetime_operator_3 to 2025-01-10 00:00:00+00:00, run_after=2025-01-11 00:00:00+00:00
[2025-01-11T13:07:17.898+0000] {processor.py:183} INFO - Processing /home/airflow/.local/lib/python3.12/site-packages/airflow/example_dags/example_branch_datetime_operator.py took 0.056 seconds
[2025-01-11T13:07:48.351+0000] {processor.py:161} INFO - Started process (PID=31103) to work on /home/airflow/.local/lib/python3.12/site-packages/airflow/example_dags/example_branch_datetime_operator.py
[2025-01-11T13:07:48.352+0000] {processor.py:830} INFO - Processing file /home/airflow/.local/lib/python3.12/site-packages/airflow/example_dags/example_branch_datetime_operator.py for tasks to queue
[2025-01-11T13:07:48.353+0000] {logging_mixin.py:188} INFO - [2025-01-11T13:07:48.353+0000] {dagbag.py:545} INFO - Filling up the DagBag from /home/airflow/.local/lib/python3.12/site-packages/airflow/example_dags/example_branch_datetime_operator.py
[2025-01-11T13:07:48.359+0000] {processor.py:840} INFO - DAG(s) 'example_branch_datetime_operator', 'example_branch_datetime_operator_2', 'example_branch_datetime_operator_3' retrieved from /home/airflow/.local/lib/python3.12/site-packages/airflow/example_dags/example_branch_datetime_operator.py
[2025-01-11T13:07:48.375+0000] {logging_mixin.py:188} INFO - [2025-01-11T13:07:48.375+0000] {dag.py:3089} INFO - Sync 3 DAGs
[2025-01-11T13:07:48.388+0000] {logging_mixin.py:188} INFO - [2025-01-11T13:07:48.388+0000] {dag.py:3947} INFO - Setting next_dagrun for example_branch_datetime_operator to 2025-01-10 00:00:00+00:00, run_after=2025-01-11 00:00:00+00:00
[2025-01-11T13:07:48.391+0000] {logging_mixin.py:188} INFO - [2025-01-11T13:07:48.391+0000] {dag.py:3947} INFO - Setting next_dagrun for example_branch_datetime_operator_2 to 2025-01-10 00:00:00+00:00, run_after=2025-01-11 00:00:00+00:00
[2025-01-11T13:07:48.392+0000] {logging_mixin.py:188} INFO - [2025-01-11T13:07:48.392+0000] {dag.py:3947} INFO - Setting next_dagrun for example_branch_datetime_operator_3 to 2025-01-10 00:00:00+00:00, run_after=2025-01-11 00:00:00+00:00
[2025-01-11T13:07:48.401+0000] {processor.py:183} INFO - Processing /home/airflow/.local/lib/python3.12/site-packages/airflow/example_dags/example_branch_datetime_operator.py took 0.055 seconds
[2025-01-11T13:08:19.257+0000] {processor.py:161} INFO - Started process (PID=31380) to work on /home/airflow/.local/lib/python3.12/site-packages/airflow/example_dags/example_branch_datetime_operator.py
[2025-01-11T13:08:19.258+0000] {processor.py:830} INFO - Processing file /home/airflow/.local/lib/python3.12/site-packages/airflow/example_dags/example_branch_datetime_operator.py for tasks to queue
[2025-01-11T13:08:19.259+0000] {logging_mixin.py:188} INFO - [2025-01-11T13:08:19.259+0000] {dagbag.py:545} INFO - Filling up the DagBag from /home/airflow/.local/lib/python3.12/site-packages/airflow/example_dags/example_branch_datetime_operator.py
[2025-01-11T13:08:19.265+0000] {processor.py:840} INFO - DAG(s) 'example_branch_datetime_operator', 'example_branch_datetime_operator_3', 'example_branch_datetime_operator_2' retrieved from /home/airflow/.local/lib/python3.12/site-packages/airflow/example_dags/example_branch_datetime_operator.py
[2025-01-11T13:08:19.282+0000] {logging_mixin.py:188} INFO - [2025-01-11T13:08:19.281+0000] {dag.py:3089} INFO - Sync 3 DAGs
[2025-01-11T13:08:19.293+0000] {logging_mixin.py:188} INFO - [2025-01-11T13:08:19.293+0000] {dag.py:3947} INFO - Setting next_dagrun for example_branch_datetime_operator to 2025-01-10 00:00:00+00:00, run_after=2025-01-11 00:00:00+00:00
[2025-01-11T13:08:19.296+0000] {logging_mixin.py:188} INFO - [2025-01-11T13:08:19.296+0000] {dag.py:3947} INFO - Setting next_dagrun for example_branch_datetime_operator_2 to 2025-01-10 00:00:00+00:00, run_after=2025-01-11 00:00:00+00:00
[2025-01-11T13:08:19.297+0000] {logging_mixin.py:188} INFO - [2025-01-11T13:08:19.297+0000] {dag.py:3947} INFO - Setting next_dagrun for example_branch_datetime_operator_3 to 2025-01-10 00:00:00+00:00, run_after=2025-01-11 00:00:00+00:00
[2025-01-11T13:08:19.306+0000] {processor.py:183} INFO - Processing /home/airflow/.local/lib/python3.12/site-packages/airflow/example_dags/example_branch_datetime_operator.py took 0.053 seconds
[2025-01-11T13:08:49.695+0000] {processor.py:161} INFO - Started process (PID=31657) to work on /home/airflow/.local/lib/python3.12/site-packages/airflow/example_dags/example_branch_datetime_operator.py
[2025-01-11T13:08:49.696+0000] {processor.py:830} INFO - Processing file /home/airflow/.local/lib/python3.12/site-packages/airflow/example_dags/example_branch_datetime_operator.py for tasks to queue
[2025-01-11T13:08:49.697+0000] {logging_mixin.py:188} INFO - [2025-01-11T13:08:49.697+0000] {dagbag.py:545} INFO - Filling up the DagBag from /home/airflow/.local/lib/python3.12/site-packages/airflow/example_dags/example_branch_datetime_operator.py
[2025-01-11T13:08:49.703+0000] {processor.py:840} INFO - DAG(s) 'example_branch_datetime_operator_3', 'example_branch_datetime_operator', 'example_branch_datetime_operator_2' retrieved from /home/airflow/.local/lib/python3.12/site-packages/airflow/example_dags/example_branch_datetime_operator.py
[2025-01-11T13:08:49.721+0000] {logging_mixin.py:188} INFO - [2025-01-11T13:08:49.721+0000] {dag.py:3089} INFO - Sync 3 DAGs
[2025-01-11T13:08:49.733+0000] {logging_mixin.py:188} INFO - [2025-01-11T13:08:49.733+0000] {dag.py:3947} INFO - Setting next_dagrun for example_branch_datetime_operator to 2025-01-10 00:00:00+00:00, run_after=2025-01-11 00:00:00+00:00
[2025-01-11T13:08:49.736+0000] {logging_mixin.py:188} INFO - [2025-01-11T13:08:49.736+0000] {dag.py:3947} INFO - Setting next_dagrun for example_branch_datetime_operator_2 to 2025-01-10 00:00:00+00:00, run_after=2025-01-11 00:00:00+00:00
[2025-01-11T13:08:49.737+0000] {logging_mixin.py:188} INFO - [2025-01-11T13:08:49.737+0000] {dag.py:3947} INFO - Setting next_dagrun for example_branch_datetime_operator_3 to 2025-01-10 00:00:00+00:00, run_after=2025-01-11 00:00:00+00:00
[2025-01-11T13:08:49.747+0000] {processor.py:183} INFO - Processing /home/airflow/.local/lib/python3.12/site-packages/airflow/example_dags/example_branch_datetime_operator.py took 0.057 seconds
[2025-01-11T13:09:19.996+0000] {processor.py:161} INFO - Started process (PID=31934) to work on /home/airflow/.local/lib/python3.12/site-packages/airflow/example_dags/example_branch_datetime_operator.py
[2025-01-11T13:09:19.997+0000] {processor.py:830} INFO - Processing file /home/airflow/.local/lib/python3.12/site-packages/airflow/example_dags/example_branch_datetime_operator.py for tasks to queue
[2025-01-11T13:09:19.998+0000] {logging_mixin.py:188} INFO - [2025-01-11T13:09:19.998+0000] {dagbag.py:545} INFO - Filling up the DagBag from /home/airflow/.local/lib/python3.12/site-packages/airflow/example_dags/example_branch_datetime_operator.py
[2025-01-11T13:09:20.003+0000] {processor.py:840} INFO - DAG(s) 'example_branch_datetime_operator_2', 'example_branch_datetime_operator', 'example_branch_datetime_operator_3' retrieved from /home/airflow/.local/lib/python3.12/site-packages/airflow/example_dags/example_branch_datetime_operator.py
[2025-01-11T13:09:20.019+0000] {logging_mixin.py:188} INFO - [2025-01-11T13:09:20.019+0000] {dag.py:3089} INFO - Sync 3 DAGs
[2025-01-11T13:09:20.032+0000] {logging_mixin.py:188} INFO - [2025-01-11T13:09:20.031+0000] {dag.py:3947} INFO - Setting next_dagrun for example_branch_datetime_operator to 2025-01-10 00:00:00+00:00, run_after=2025-01-11 00:00:00+00:00
[2025-01-11T13:09:20.034+0000] {logging_mixin.py:188} INFO - [2025-01-11T13:09:20.034+0000] {dag.py:3947} INFO - Setting next_dagrun for example_branch_datetime_operator_2 to 2025-01-10 00:00:00+00:00, run_after=2025-01-11 00:00:00+00:00
[2025-01-11T13:09:20.035+0000] {logging_mixin.py:188} INFO - [2025-01-11T13:09:20.035+0000] {dag.py:3947} INFO - Setting next_dagrun for example_branch_datetime_operator_3 to 2025-01-10 00:00:00+00:00, run_after=2025-01-11 00:00:00+00:00
[2025-01-11T13:09:20.044+0000] {processor.py:183} INFO - Processing /home/airflow/.local/lib/python3.12/site-packages/airflow/example_dags/example_branch_datetime_operator.py took 0.052 seconds
[2025-01-11T13:09:52.556+0000] {processor.py:161} INFO - Started process (PID=32211) to work on /home/airflow/.local/lib/python3.12/site-packages/airflow/example_dags/example_branch_datetime_operator.py
[2025-01-11T13:09:52.557+0000] {processor.py:830} INFO - Processing file /home/airflow/.local/lib/python3.12/site-packages/airflow/example_dags/example_branch_datetime_operator.py for tasks to queue
[2025-01-11T13:09:52.558+0000] {logging_mixin.py:188} INFO - [2025-01-11T13:09:52.558+0000] {dagbag.py:545} INFO - Filling up the DagBag from /home/airflow/.local/lib/python3.12/site-packages/airflow/example_dags/example_branch_datetime_operator.py
[2025-01-11T13:09:52.564+0000] {processor.py:840} INFO - DAG(s) 'example_branch_datetime_operator_2', 'example_branch_datetime_operator', 'example_branch_datetime_operator_3' retrieved from /home/airflow/.local/lib/python3.12/site-packages/airflow/example_dags/example_branch_datetime_operator.py
[2025-01-11T13:09:52.580+0000] {logging_mixin.py:188} INFO - [2025-01-11T13:09:52.580+0000] {dag.py:3089} INFO - Sync 3 DAGs
[2025-01-11T13:09:52.593+0000] {logging_mixin.py:188} INFO - [2025-01-11T13:09:52.593+0000] {dag.py:3947} INFO - Setting next_dagrun for example_branch_datetime_operator to 2025-01-10 00:00:00+00:00, run_after=2025-01-11 00:00:00+00:00
[2025-01-11T13:09:52.595+0000] {logging_mixin.py:188} INFO - [2025-01-11T13:09:52.595+0000] {dag.py:3947} INFO - Setting next_dagrun for example_branch_datetime_operator_2 to 2025-01-10 00:00:00+00:00, run_after=2025-01-11 00:00:00+00:00
[2025-01-11T13:09:52.596+0000] {logging_mixin.py:188} INFO - [2025-01-11T13:09:52.596+0000] {dag.py:3947} INFO - Setting next_dagrun for example_branch_datetime_operator_3 to 2025-01-10 00:00:00+00:00, run_after=2025-01-11 00:00:00+00:00
[2025-01-11T13:09:52.608+0000] {processor.py:183} INFO - Processing /home/airflow/.local/lib/python3.12/site-packages/airflow/example_dags/example_branch_datetime_operator.py took 0.056 seconds
[2025-01-11T13:10:22.782+0000] {processor.py:161} INFO - Started process (PID=32489) to work on /home/airflow/.local/lib/python3.12/site-packages/airflow/example_dags/example_branch_datetime_operator.py
[2025-01-11T13:10:22.783+0000] {processor.py:830} INFO - Processing file /home/airflow/.local/lib/python3.12/site-packages/airflow/example_dags/example_branch_datetime_operator.py for tasks to queue
[2025-01-11T13:10:22.784+0000] {logging_mixin.py:188} INFO - [2025-01-11T13:10:22.784+0000] {dagbag.py:545} INFO - Filling up the DagBag from /home/airflow/.local/lib/python3.12/site-packages/airflow/example_dags/example_branch_datetime_operator.py
[2025-01-11T13:10:22.794+0000] {processor.py:840} INFO - DAG(s) 'example_branch_datetime_operator_3', 'example_branch_datetime_operator', 'example_branch_datetime_operator_2' retrieved from /home/airflow/.local/lib/python3.12/site-packages/airflow/example_dags/example_branch_datetime_operator.py
[2025-01-11T13:10:22.812+0000] {logging_mixin.py:188} INFO - [2025-01-11T13:10:22.812+0000] {dag.py:3089} INFO - Sync 3 DAGs
[2025-01-11T13:10:22.826+0000] {logging_mixin.py:188} INFO - [2025-01-11T13:10:22.825+0000] {dag.py:3947} INFO - Setting next_dagrun for example_branch_datetime_operator to 2025-01-10 00:00:00+00:00, run_after=2025-01-11 00:00:00+00:00
[2025-01-11T13:10:22.828+0000] {logging_mixin.py:188} INFO - [2025-01-11T13:10:22.828+0000] {dag.py:3947} INFO - Setting next_dagrun for example_branch_datetime_operator_2 to 2025-01-10 00:00:00+00:00, run_after=2025-01-11 00:00:00+00:00
[2025-01-11T13:10:22.830+0000] {logging_mixin.py:188} INFO - [2025-01-11T13:10:22.830+0000] {dag.py:3947} INFO - Setting next_dagrun for example_branch_datetime_operator_3 to 2025-01-10 00:00:00+00:00, run_after=2025-01-11 00:00:00+00:00
[2025-01-11T13:10:22.839+0000] {processor.py:183} INFO - Processing /home/airflow/.local/lib/python3.12/site-packages/airflow/example_dags/example_branch_datetime_operator.py took 0.061 seconds
[2025-01-11T13:10:53.652+0000] {processor.py:161} INFO - Started process (PID=32766) to work on /home/airflow/.local/lib/python3.12/site-packages/airflow/example_dags/example_branch_datetime_operator.py
[2025-01-11T13:10:53.653+0000] {processor.py:830} INFO - Processing file /home/airflow/.local/lib/python3.12/site-packages/airflow/example_dags/example_branch_datetime_operator.py for tasks to queue
[2025-01-11T13:10:53.654+0000] {logging_mixin.py:188} INFO - [2025-01-11T13:10:53.654+0000] {dagbag.py:545} INFO - Filling up the DagBag from /home/airflow/.local/lib/python3.12/site-packages/airflow/example_dags/example_branch_datetime_operator.py
[2025-01-11T13:10:53.659+0000] {processor.py:840} INFO - DAG(s) 'example_branch_datetime_operator_3', 'example_branch_datetime_operator', 'example_branch_datetime_operator_2' retrieved from /home/airflow/.local/lib/python3.12/site-packages/airflow/example_dags/example_branch_datetime_operator.py
[2025-01-11T13:10:53.676+0000] {logging_mixin.py:188} INFO - [2025-01-11T13:10:53.676+0000] {dag.py:3089} INFO - Sync 3 DAGs
[2025-01-11T13:10:53.690+0000] {logging_mixin.py:188} INFO - [2025-01-11T13:10:53.690+0000] {dag.py:3947} INFO - Setting next_dagrun for example_branch_datetime_operator to 2025-01-10 00:00:00+00:00, run_after=2025-01-11 00:00:00+00:00
[2025-01-11T13:10:53.692+0000] {logging_mixin.py:188} INFO - [2025-01-11T13:10:53.692+0000] {dag.py:3947} INFO - Setting next_dagrun for example_branch_datetime_operator_2 to 2025-01-10 00:00:00+00:00, run_after=2025-01-11 00:00:00+00:00
[2025-01-11T13:10:53.693+0000] {logging_mixin.py:188} INFO - [2025-01-11T13:10:53.693+0000] {dag.py:3947} INFO - Setting next_dagrun for example_branch_datetime_operator_3 to 2025-01-10 00:00:00+00:00, run_after=2025-01-11 00:00:00+00:00
[2025-01-11T13:10:53.704+0000] {processor.py:183} INFO - Processing /home/airflow/.local/lib/python3.12/site-packages/airflow/example_dags/example_branch_datetime_operator.py took 0.056 seconds
[2025-01-11T13:11:24.493+0000] {processor.py:161} INFO - Started process (PID=33043) to work on /home/airflow/.local/lib/python3.12/site-packages/airflow/example_dags/example_branch_datetime_operator.py
[2025-01-11T13:11:24.494+0000] {processor.py:830} INFO - Processing file /home/airflow/.local/lib/python3.12/site-packages/airflow/example_dags/example_branch_datetime_operator.py for tasks to queue
[2025-01-11T13:11:24.495+0000] {logging_mixin.py:188} INFO - [2025-01-11T13:11:24.495+0000] {dagbag.py:545} INFO - Filling up the DagBag from /home/airflow/.local/lib/python3.12/site-packages/airflow/example_dags/example_branch_datetime_operator.py
[2025-01-11T13:11:24.501+0000] {processor.py:840} INFO - DAG(s) 'example_branch_datetime_operator', 'example_branch_datetime_operator_3', 'example_branch_datetime_operator_2' retrieved from /home/airflow/.local/lib/python3.12/site-packages/airflow/example_dags/example_branch_datetime_operator.py
[2025-01-11T13:11:24.518+0000] {logging_mixin.py:188} INFO - [2025-01-11T13:11:24.518+0000] {dag.py:3089} INFO - Sync 3 DAGs
[2025-01-11T13:11:24.532+0000] {logging_mixin.py:188} INFO - [2025-01-11T13:11:24.532+0000] {dag.py:3947} INFO - Setting next_dagrun for example_branch_datetime_operator to 2025-01-10 00:00:00+00:00, run_after=2025-01-11 00:00:00+00:00
[2025-01-11T13:11:24.534+0000] {logging_mixin.py:188} INFO - [2025-01-11T13:11:24.534+0000] {dag.py:3947} INFO - Setting next_dagrun for example_branch_datetime_operator_2 to 2025-01-10 00:00:00+00:00, run_after=2025-01-11 00:00:00+00:00
[2025-01-11T13:11:24.535+0000] {logging_mixin.py:188} INFO - [2025-01-11T13:11:24.535+0000] {dag.py:3947} INFO - Setting next_dagrun for example_branch_datetime_operator_3 to 2025-01-10 00:00:00+00:00, run_after=2025-01-11 00:00:00+00:00
[2025-01-11T13:11:24.544+0000] {processor.py:183} INFO - Processing /home/airflow/.local/lib/python3.12/site-packages/airflow/example_dags/example_branch_datetime_operator.py took 0.055 seconds
[2025-01-11T13:11:55.768+0000] {processor.py:161} INFO - Started process (PID=33320) to work on /home/airflow/.local/lib/python3.12/site-packages/airflow/example_dags/example_branch_datetime_operator.py
[2025-01-11T13:11:55.769+0000] {processor.py:830} INFO - Processing file /home/airflow/.local/lib/python3.12/site-packages/airflow/example_dags/example_branch_datetime_operator.py for tasks to queue
[2025-01-11T13:11:55.771+0000] {logging_mixin.py:188} INFO - [2025-01-11T13:11:55.770+0000] {dagbag.py:545} INFO - Filling up the DagBag from /home/airflow/.local/lib/python3.12/site-packages/airflow/example_dags/example_branch_datetime_operator.py
[2025-01-11T13:11:55.777+0000] {processor.py:840} INFO - DAG(s) 'example_branch_datetime_operator', 'example_branch_datetime_operator_2', 'example_branch_datetime_operator_3' retrieved from /home/airflow/.local/lib/python3.12/site-packages/airflow/example_dags/example_branch_datetime_operator.py
[2025-01-11T13:11:55.794+0000] {logging_mixin.py:188} INFO - [2025-01-11T13:11:55.794+0000] {dag.py:3089} INFO - Sync 3 DAGs
[2025-01-11T13:11:55.808+0000] {logging_mixin.py:188} INFO - [2025-01-11T13:11:55.808+0000] {dag.py:3947} INFO - Setting next_dagrun for example_branch_datetime_operator to 2025-01-10 00:00:00+00:00, run_after=2025-01-11 00:00:00+00:00
[2025-01-11T13:11:55.810+0000] {logging_mixin.py:188} INFO - [2025-01-11T13:11:55.810+0000] {dag.py:3947} INFO - Setting next_dagrun for example_branch_datetime_operator_2 to 2025-01-10 00:00:00+00:00, run_after=2025-01-11 00:00:00+00:00
[2025-01-11T13:11:55.811+0000] {logging_mixin.py:188} INFO - [2025-01-11T13:11:55.811+0000] {dag.py:3947} INFO - Setting next_dagrun for example_branch_datetime_operator_3 to 2025-01-10 00:00:00+00:00, run_after=2025-01-11 00:00:00+00:00
[2025-01-11T13:11:55.823+0000] {processor.py:183} INFO - Processing /home/airflow/.local/lib/python3.12/site-packages/airflow/example_dags/example_branch_datetime_operator.py took 0.059 seconds
[2025-01-11T13:12:25.872+0000] {processor.py:161} INFO - Started process (PID=33597) to work on /home/airflow/.local/lib/python3.12/site-packages/airflow/example_dags/example_branch_datetime_operator.py
[2025-01-11T13:12:25.872+0000] {processor.py:830} INFO - Processing file /home/airflow/.local/lib/python3.12/site-packages/airflow/example_dags/example_branch_datetime_operator.py for tasks to queue
[2025-01-11T13:12:25.875+0000] {logging_mixin.py:188} INFO - [2025-01-11T13:12:25.874+0000] {dagbag.py:545} INFO - Filling up the DagBag from /home/airflow/.local/lib/python3.12/site-packages/airflow/example_dags/example_branch_datetime_operator.py
[2025-01-11T13:12:25.881+0000] {processor.py:840} INFO - DAG(s) 'example_branch_datetime_operator', 'example_branch_datetime_operator_3', 'example_branch_datetime_operator_2' retrieved from /home/airflow/.local/lib/python3.12/site-packages/airflow/example_dags/example_branch_datetime_operator.py
[2025-01-11T13:12:25.897+0000] {logging_mixin.py:188} INFO - [2025-01-11T13:12:25.897+0000] {dag.py:3089} INFO - Sync 3 DAGs
[2025-01-11T13:12:25.909+0000] {logging_mixin.py:188} INFO - [2025-01-11T13:12:25.909+0000] {dag.py:3947} INFO - Setting next_dagrun for example_branch_datetime_operator to 2025-01-10 00:00:00+00:00, run_after=2025-01-11 00:00:00+00:00
[2025-01-11T13:12:25.911+0000] {logging_mixin.py:188} INFO - [2025-01-11T13:12:25.911+0000] {dag.py:3947} INFO - Setting next_dagrun for example_branch_datetime_operator_2 to 2025-01-10 00:00:00+00:00, run_after=2025-01-11 00:00:00+00:00
[2025-01-11T13:12:25.912+0000] {logging_mixin.py:188} INFO - [2025-01-11T13:12:25.912+0000] {dag.py:3947} INFO - Setting next_dagrun for example_branch_datetime_operator_3 to 2025-01-10 00:00:00+00:00, run_after=2025-01-11 00:00:00+00:00
[2025-01-11T13:12:25.921+0000] {processor.py:183} INFO - Processing /home/airflow/.local/lib/python3.12/site-packages/airflow/example_dags/example_branch_datetime_operator.py took 0.053 seconds
[2025-01-11T13:12:59.261+0000] {processor.py:161} INFO - Started process (PID=33876) to work on /home/airflow/.local/lib/python3.12/site-packages/airflow/example_dags/example_branch_datetime_operator.py
[2025-01-11T13:12:59.262+0000] {processor.py:830} INFO - Processing file /home/airflow/.local/lib/python3.12/site-packages/airflow/example_dags/example_branch_datetime_operator.py for tasks to queue
[2025-01-11T13:12:59.263+0000] {logging_mixin.py:188} INFO - [2025-01-11T13:12:59.263+0000] {dagbag.py:545} INFO - Filling up the DagBag from /home/airflow/.local/lib/python3.12/site-packages/airflow/example_dags/example_branch_datetime_operator.py
[2025-01-11T13:12:59.269+0000] {processor.py:840} INFO - DAG(s) 'example_branch_datetime_operator', 'example_branch_datetime_operator_2', 'example_branch_datetime_operator_3' retrieved from /home/airflow/.local/lib/python3.12/site-packages/airflow/example_dags/example_branch_datetime_operator.py
[2025-01-11T13:12:59.287+0000] {logging_mixin.py:188} INFO - [2025-01-11T13:12:59.287+0000] {dag.py:3089} INFO - Sync 3 DAGs
[2025-01-11T13:12:59.299+0000] {logging_mixin.py:188} INFO - [2025-01-11T13:12:59.299+0000] {dag.py:3947} INFO - Setting next_dagrun for example_branch_datetime_operator to 2025-01-10 00:00:00+00:00, run_after=2025-01-11 00:00:00+00:00
[2025-01-11T13:12:59.302+0000] {logging_mixin.py:188} INFO - [2025-01-11T13:12:59.302+0000] {dag.py:3947} INFO - Setting next_dagrun for example_branch_datetime_operator_2 to 2025-01-10 00:00:00+00:00, run_after=2025-01-11 00:00:00+00:00
[2025-01-11T13:12:59.303+0000] {logging_mixin.py:188} INFO - [2025-01-11T13:12:59.303+0000] {dag.py:3947} INFO - Setting next_dagrun for example_branch_datetime_operator_3 to 2025-01-10 00:00:00+00:00, run_after=2025-01-11 00:00:00+00:00
[2025-01-11T13:12:59.312+0000] {processor.py:183} INFO - Processing /home/airflow/.local/lib/python3.12/site-packages/airflow/example_dags/example_branch_datetime_operator.py took 0.056 seconds
[2025-01-11T13:13:29.633+0000] {processor.py:161} INFO - Started process (PID=34151) to work on /home/airflow/.local/lib/python3.12/site-packages/airflow/example_dags/example_branch_datetime_operator.py
[2025-01-11T13:13:29.634+0000] {processor.py:830} INFO - Processing file /home/airflow/.local/lib/python3.12/site-packages/airflow/example_dags/example_branch_datetime_operator.py for tasks to queue
[2025-01-11T13:13:29.635+0000] {logging_mixin.py:188} INFO - [2025-01-11T13:13:29.635+0000] {dagbag.py:545} INFO - Filling up the DagBag from /home/airflow/.local/lib/python3.12/site-packages/airflow/example_dags/example_branch_datetime_operator.py
[2025-01-11T13:13:29.640+0000] {processor.py:840} INFO - DAG(s) 'example_branch_datetime_operator_3', 'example_branch_datetime_operator', 'example_branch_datetime_operator_2' retrieved from /home/airflow/.local/lib/python3.12/site-packages/airflow/example_dags/example_branch_datetime_operator.py
[2025-01-11T13:13:29.657+0000] {logging_mixin.py:188} INFO - [2025-01-11T13:13:29.657+0000] {dag.py:3089} INFO - Sync 3 DAGs
[2025-01-11T13:13:29.671+0000] {logging_mixin.py:188} INFO - [2025-01-11T13:13:29.671+0000] {dag.py:3947} INFO - Setting next_dagrun for example_branch_datetime_operator to 2025-01-10 00:00:00+00:00, run_after=2025-01-11 00:00:00+00:00
[2025-01-11T13:13:29.673+0000] {logging_mixin.py:188} INFO - [2025-01-11T13:13:29.673+0000] {dag.py:3947} INFO - Setting next_dagrun for example_branch_datetime_operator_2 to 2025-01-10 00:00:00+00:00, run_after=2025-01-11 00:00:00+00:00
[2025-01-11T13:13:29.674+0000] {logging_mixin.py:188} INFO - [2025-01-11T13:13:29.674+0000] {dag.py:3947} INFO - Setting next_dagrun for example_branch_datetime_operator_3 to 2025-01-10 00:00:00+00:00, run_after=2025-01-11 00:00:00+00:00
[2025-01-11T13:13:29.683+0000] {processor.py:183} INFO - Processing /home/airflow/.local/lib/python3.12/site-packages/airflow/example_dags/example_branch_datetime_operator.py took 0.054 seconds
[2025-01-11T13:14:01.222+0000] {processor.py:161} INFO - Started process (PID=34429) to work on /home/airflow/.local/lib/python3.12/site-packages/airflow/example_dags/example_branch_datetime_operator.py
[2025-01-11T13:14:01.223+0000] {processor.py:830} INFO - Processing file /home/airflow/.local/lib/python3.12/site-packages/airflow/example_dags/example_branch_datetime_operator.py for tasks to queue
[2025-01-11T13:14:01.224+0000] {logging_mixin.py:188} INFO - [2025-01-11T13:14:01.224+0000] {dagbag.py:545} INFO - Filling up the DagBag from /home/airflow/.local/lib/python3.12/site-packages/airflow/example_dags/example_branch_datetime_operator.py
[2025-01-11T13:14:01.230+0000] {processor.py:840} INFO - DAG(s) 'example_branch_datetime_operator_3', 'example_branch_datetime_operator', 'example_branch_datetime_operator_2' retrieved from /home/airflow/.local/lib/python3.12/site-packages/airflow/example_dags/example_branch_datetime_operator.py
[2025-01-11T13:14:01.246+0000] {logging_mixin.py:188} INFO - [2025-01-11T13:14:01.246+0000] {dag.py:3089} INFO - Sync 3 DAGs
[2025-01-11T13:14:01.258+0000] {logging_mixin.py:188} INFO - [2025-01-11T13:14:01.258+0000] {dag.py:3947} INFO - Setting next_dagrun for example_branch_datetime_operator to 2025-01-10 00:00:00+00:00, run_after=2025-01-11 00:00:00+00:00
[2025-01-11T13:14:01.261+0000] {logging_mixin.py:188} INFO - [2025-01-11T13:14:01.261+0000] {dag.py:3947} INFO - Setting next_dagrun for example_branch_datetime_operator_2 to 2025-01-10 00:00:00+00:00, run_after=2025-01-11 00:00:00+00:00
[2025-01-11T13:14:01.262+0000] {logging_mixin.py:188} INFO - [2025-01-11T13:14:01.262+0000] {dag.py:3947} INFO - Setting next_dagrun for example_branch_datetime_operator_3 to 2025-01-10 00:00:00+00:00, run_after=2025-01-11 00:00:00+00:00
[2025-01-11T13:14:01.273+0000] {processor.py:183} INFO - Processing /home/airflow/.local/lib/python3.12/site-packages/airflow/example_dags/example_branch_datetime_operator.py took 0.055 seconds
[2025-01-11T13:14:31.407+0000] {processor.py:161} INFO - Started process (PID=34706) to work on /home/airflow/.local/lib/python3.12/site-packages/airflow/example_dags/example_branch_datetime_operator.py
[2025-01-11T13:14:31.407+0000] {processor.py:830} INFO - Processing file /home/airflow/.local/lib/python3.12/site-packages/airflow/example_dags/example_branch_datetime_operator.py for tasks to queue
[2025-01-11T13:14:31.409+0000] {logging_mixin.py:188} INFO - [2025-01-11T13:14:31.409+0000] {dagbag.py:545} INFO - Filling up the DagBag from /home/airflow/.local/lib/python3.12/site-packages/airflow/example_dags/example_branch_datetime_operator.py
[2025-01-11T13:14:31.414+0000] {processor.py:840} INFO - DAG(s) 'example_branch_datetime_operator', 'example_branch_datetime_operator_3', 'example_branch_datetime_operator_2' retrieved from /home/airflow/.local/lib/python3.12/site-packages/airflow/example_dags/example_branch_datetime_operator.py
[2025-01-11T13:14:31.431+0000] {logging_mixin.py:188} INFO - [2025-01-11T13:14:31.431+0000] {dag.py:3089} INFO - Sync 3 DAGs
[2025-01-11T13:14:31.444+0000] {logging_mixin.py:188} INFO - [2025-01-11T13:14:31.444+0000] {dag.py:3947} INFO - Setting next_dagrun for example_branch_datetime_operator to 2025-01-10 00:00:00+00:00, run_after=2025-01-11 00:00:00+00:00
[2025-01-11T13:14:31.446+0000] {logging_mixin.py:188} INFO - [2025-01-11T13:14:31.446+0000] {dag.py:3947} INFO - Setting next_dagrun for example_branch_datetime_operator_2 to 2025-01-10 00:00:00+00:00, run_after=2025-01-11 00:00:00+00:00
[2025-01-11T13:14:31.448+0000] {logging_mixin.py:188} INFO - [2025-01-11T13:14:31.448+0000] {dag.py:3947} INFO - Setting next_dagrun for example_branch_datetime_operator_3 to 2025-01-10 00:00:00+00:00, run_after=2025-01-11 00:00:00+00:00
[2025-01-11T13:14:31.458+0000] {processor.py:183} INFO - Processing /home/airflow/.local/lib/python3.12/site-packages/airflow/example_dags/example_branch_datetime_operator.py took 0.056 seconds
[2025-01-11T13:15:02.419+0000] {processor.py:161} INFO - Started process (PID=34983) to work on /home/airflow/.local/lib/python3.12/site-packages/airflow/example_dags/example_branch_datetime_operator.py
[2025-01-11T13:15:02.419+0000] {processor.py:830} INFO - Processing file /home/airflow/.local/lib/python3.12/site-packages/airflow/example_dags/example_branch_datetime_operator.py for tasks to queue
[2025-01-11T13:15:02.421+0000] {logging_mixin.py:188} INFO - [2025-01-11T13:15:02.421+0000] {dagbag.py:545} INFO - Filling up the DagBag from /home/airflow/.local/lib/python3.12/site-packages/airflow/example_dags/example_branch_datetime_operator.py
[2025-01-11T13:15:02.427+0000] {processor.py:840} INFO - DAG(s) 'example_branch_datetime_operator_3', 'example_branch_datetime_operator', 'example_branch_datetime_operator_2' retrieved from /home/airflow/.local/lib/python3.12/site-packages/airflow/example_dags/example_branch_datetime_operator.py
[2025-01-11T13:15:02.443+0000] {logging_mixin.py:188} INFO - [2025-01-11T13:15:02.443+0000] {dag.py:3089} INFO - Sync 3 DAGs
[2025-01-11T13:15:02.455+0000] {logging_mixin.py:188} INFO - [2025-01-11T13:15:02.455+0000] {dag.py:3947} INFO - Setting next_dagrun for example_branch_datetime_operator to 2025-01-10 00:00:00+00:00, run_after=2025-01-11 00:00:00+00:00
[2025-01-11T13:15:02.459+0000] {logging_mixin.py:188} INFO - [2025-01-11T13:15:02.459+0000] {dag.py:3947} INFO - Setting next_dagrun for example_branch_datetime_operator_2 to 2025-01-10 00:00:00+00:00, run_after=2025-01-11 00:00:00+00:00
[2025-01-11T13:15:02.460+0000] {logging_mixin.py:188} INFO - [2025-01-11T13:15:02.460+0000] {dag.py:3947} INFO - Setting next_dagrun for example_branch_datetime_operator_3 to 2025-01-10 00:00:00+00:00, run_after=2025-01-11 00:00:00+00:00
[2025-01-11T13:15:02.469+0000] {processor.py:183} INFO - Processing /home/airflow/.local/lib/python3.12/site-packages/airflow/example_dags/example_branch_datetime_operator.py took 0.055 seconds
[2025-01-11T13:15:33.246+0000] {processor.py:161} INFO - Started process (PID=35260) to work on /home/airflow/.local/lib/python3.12/site-packages/airflow/example_dags/example_branch_datetime_operator.py
[2025-01-11T13:15:33.246+0000] {processor.py:830} INFO - Processing file /home/airflow/.local/lib/python3.12/site-packages/airflow/example_dags/example_branch_datetime_operator.py for tasks to queue
[2025-01-11T13:15:33.247+0000] {logging_mixin.py:188} INFO - [2025-01-11T13:15:33.247+0000] {dagbag.py:545} INFO - Filling up the DagBag from /home/airflow/.local/lib/python3.12/site-packages/airflow/example_dags/example_branch_datetime_operator.py
[2025-01-11T13:15:33.252+0000] {processor.py:840} INFO - DAG(s) 'example_branch_datetime_operator', 'example_branch_datetime_operator_2', 'example_branch_datetime_operator_3' retrieved from /home/airflow/.local/lib/python3.12/site-packages/airflow/example_dags/example_branch_datetime_operator.py
[2025-01-11T13:15:33.268+0000] {logging_mixin.py:188} INFO - [2025-01-11T13:15:33.268+0000] {dag.py:3089} INFO - Sync 3 DAGs
[2025-01-11T13:15:33.280+0000] {logging_mixin.py:188} INFO - [2025-01-11T13:15:33.280+0000] {dag.py:3947} INFO - Setting next_dagrun for example_branch_datetime_operator to 2025-01-10 00:00:00+00:00, run_after=2025-01-11 00:00:00+00:00
[2025-01-11T13:15:33.282+0000] {logging_mixin.py:188} INFO - [2025-01-11T13:15:33.282+0000] {dag.py:3947} INFO - Setting next_dagrun for example_branch_datetime_operator_2 to 2025-01-10 00:00:00+00:00, run_after=2025-01-11 00:00:00+00:00
[2025-01-11T13:15:33.283+0000] {logging_mixin.py:188} INFO - [2025-01-11T13:15:33.283+0000] {dag.py:3947} INFO - Setting next_dagrun for example_branch_datetime_operator_3 to 2025-01-10 00:00:00+00:00, run_after=2025-01-11 00:00:00+00:00
[2025-01-11T13:15:33.293+0000] {processor.py:183} INFO - Processing /home/airflow/.local/lib/python3.12/site-packages/airflow/example_dags/example_branch_datetime_operator.py took 0.051 seconds
[2025-01-11T13:16:06.222+0000] {processor.py:161} INFO - Started process (PID=35537) to work on /home/airflow/.local/lib/python3.12/site-packages/airflow/example_dags/example_branch_datetime_operator.py
[2025-01-11T13:16:06.223+0000] {processor.py:830} INFO - Processing file /home/airflow/.local/lib/python3.12/site-packages/airflow/example_dags/example_branch_datetime_operator.py for tasks to queue
[2025-01-11T13:16:06.225+0000] {logging_mixin.py:188} INFO - [2025-01-11T13:16:06.224+0000] {dagbag.py:545} INFO - Filling up the DagBag from /home/airflow/.local/lib/python3.12/site-packages/airflow/example_dags/example_branch_datetime_operator.py
[2025-01-11T13:16:06.230+0000] {processor.py:840} INFO - DAG(s) 'example_branch_datetime_operator_2', 'example_branch_datetime_operator', 'example_branch_datetime_operator_3' retrieved from /home/airflow/.local/lib/python3.12/site-packages/airflow/example_dags/example_branch_datetime_operator.py
[2025-01-11T13:16:06.246+0000] {logging_mixin.py:188} INFO - [2025-01-11T13:16:06.246+0000] {dag.py:3089} INFO - Sync 3 DAGs
[2025-01-11T13:16:06.259+0000] {logging_mixin.py:188} INFO - [2025-01-11T13:16:06.259+0000] {dag.py:3947} INFO - Setting next_dagrun for example_branch_datetime_operator to 2025-01-10 00:00:00+00:00, run_after=2025-01-11 00:00:00+00:00
[2025-01-11T13:16:06.261+0000] {logging_mixin.py:188} INFO - [2025-01-11T13:16:06.261+0000] {dag.py:3947} INFO - Setting next_dagrun for example_branch_datetime_operator_2 to 2025-01-10 00:00:00+00:00, run_after=2025-01-11 00:00:00+00:00
[2025-01-11T13:16:06.263+0000] {logging_mixin.py:188} INFO - [2025-01-11T13:16:06.262+0000] {dag.py:3947} INFO - Setting next_dagrun for example_branch_datetime_operator_3 to 2025-01-10 00:00:00+00:00, run_after=2025-01-11 00:00:00+00:00
[2025-01-11T13:16:06.272+0000] {processor.py:183} INFO - Processing /home/airflow/.local/lib/python3.12/site-packages/airflow/example_dags/example_branch_datetime_operator.py took 0.053 seconds
[2025-01-11T13:16:36.691+0000] {processor.py:161} INFO - Started process (PID=35814) to work on /home/airflow/.local/lib/python3.12/site-packages/airflow/example_dags/example_branch_datetime_operator.py
[2025-01-11T13:16:36.692+0000] {processor.py:830} INFO - Processing file /home/airflow/.local/lib/python3.12/site-packages/airflow/example_dags/example_branch_datetime_operator.py for tasks to queue
[2025-01-11T13:16:36.693+0000] {logging_mixin.py:188} INFO - [2025-01-11T13:16:36.693+0000] {dagbag.py:545} INFO - Filling up the DagBag from /home/airflow/.local/lib/python3.12/site-packages/airflow/example_dags/example_branch_datetime_operator.py
[2025-01-11T13:16:36.699+0000] {processor.py:840} INFO - DAG(s) 'example_branch_datetime_operator_2', 'example_branch_datetime_operator', 'example_branch_datetime_operator_3' retrieved from /home/airflow/.local/lib/python3.12/site-packages/airflow/example_dags/example_branch_datetime_operator.py
[2025-01-11T13:16:36.715+0000] {logging_mixin.py:188} INFO - [2025-01-11T13:16:36.715+0000] {dag.py:3089} INFO - Sync 3 DAGs
[2025-01-11T13:16:36.727+0000] {logging_mixin.py:188} INFO - [2025-01-11T13:16:36.727+0000] {dag.py:3947} INFO - Setting next_dagrun for example_branch_datetime_operator to 2025-01-10 00:00:00+00:00, run_after=2025-01-11 00:00:00+00:00
[2025-01-11T13:16:36.729+0000] {logging_mixin.py:188} INFO - [2025-01-11T13:16:36.729+0000] {dag.py:3947} INFO - Setting next_dagrun for example_branch_datetime_operator_2 to 2025-01-10 00:00:00+00:00, run_after=2025-01-11 00:00:00+00:00
[2025-01-11T13:16:36.731+0000] {logging_mixin.py:188} INFO - [2025-01-11T13:16:36.731+0000] {dag.py:3947} INFO - Setting next_dagrun for example_branch_datetime_operator_3 to 2025-01-10 00:00:00+00:00, run_after=2025-01-11 00:00:00+00:00
[2025-01-11T13:16:36.739+0000] {processor.py:183} INFO - Processing /home/airflow/.local/lib/python3.12/site-packages/airflow/example_dags/example_branch_datetime_operator.py took 0.052 seconds
[2025-01-11T13:17:08.418+0000] {processor.py:161} INFO - Started process (PID=36092) to work on /home/airflow/.local/lib/python3.12/site-packages/airflow/example_dags/example_branch_datetime_operator.py
[2025-01-11T13:17:08.419+0000] {processor.py:830} INFO - Processing file /home/airflow/.local/lib/python3.12/site-packages/airflow/example_dags/example_branch_datetime_operator.py for tasks to queue
[2025-01-11T13:17:08.420+0000] {logging_mixin.py:188} INFO - [2025-01-11T13:17:08.420+0000] {dagbag.py:545} INFO - Filling up the DagBag from /home/airflow/.local/lib/python3.12/site-packages/airflow/example_dags/example_branch_datetime_operator.py
[2025-01-11T13:17:08.426+0000] {processor.py:840} INFO - DAG(s) 'example_branch_datetime_operator_3', 'example_branch_datetime_operator', 'example_branch_datetime_operator_2' retrieved from /home/airflow/.local/lib/python3.12/site-packages/airflow/example_dags/example_branch_datetime_operator.py
[2025-01-11T13:17:08.443+0000] {logging_mixin.py:188} INFO - [2025-01-11T13:17:08.442+0000] {dag.py:3089} INFO - Sync 3 DAGs
[2025-01-11T13:17:08.455+0000] {logging_mixin.py:188} INFO - [2025-01-11T13:17:08.455+0000] {dag.py:3947} INFO - Setting next_dagrun for example_branch_datetime_operator to 2025-01-10 00:00:00+00:00, run_after=2025-01-11 00:00:00+00:00
[2025-01-11T13:17:08.457+0000] {logging_mixin.py:188} INFO - [2025-01-11T13:17:08.457+0000] {dag.py:3947} INFO - Setting next_dagrun for example_branch_datetime_operator_2 to 2025-01-10 00:00:00+00:00, run_after=2025-01-11 00:00:00+00:00
[2025-01-11T13:17:08.458+0000] {logging_mixin.py:188} INFO - [2025-01-11T13:17:08.458+0000] {dag.py:3947} INFO - Setting next_dagrun for example_branch_datetime_operator_3 to 2025-01-10 00:00:00+00:00, run_after=2025-01-11 00:00:00+00:00
[2025-01-11T13:17:08.469+0000] {processor.py:183} INFO - Processing /home/airflow/.local/lib/python3.12/site-packages/airflow/example_dags/example_branch_datetime_operator.py took 0.055 seconds
[2025-01-11T13:17:39.035+0000] {processor.py:161} INFO - Started process (PID=36370) to work on /home/airflow/.local/lib/python3.12/site-packages/airflow/example_dags/example_branch_datetime_operator.py
[2025-01-11T13:17:39.036+0000] {processor.py:830} INFO - Processing file /home/airflow/.local/lib/python3.12/site-packages/airflow/example_dags/example_branch_datetime_operator.py for tasks to queue
[2025-01-11T13:17:39.037+0000] {logging_mixin.py:188} INFO - [2025-01-11T13:17:39.037+0000] {dagbag.py:545} INFO - Filling up the DagBag from /home/airflow/.local/lib/python3.12/site-packages/airflow/example_dags/example_branch_datetime_operator.py
[2025-01-11T13:17:39.042+0000] {processor.py:840} INFO - DAG(s) 'example_branch_datetime_operator', 'example_branch_datetime_operator_2', 'example_branch_datetime_operator_3' retrieved from /home/airflow/.local/lib/python3.12/site-packages/airflow/example_dags/example_branch_datetime_operator.py
[2025-01-11T13:17:39.059+0000] {logging_mixin.py:188} INFO - [2025-01-11T13:17:39.058+0000] {dag.py:3089} INFO - Sync 3 DAGs
[2025-01-11T13:17:39.071+0000] {logging_mixin.py:188} INFO - [2025-01-11T13:17:39.071+0000] {dag.py:3947} INFO - Setting next_dagrun for example_branch_datetime_operator to 2025-01-10 00:00:00+00:00, run_after=2025-01-11 00:00:00+00:00
[2025-01-11T13:17:39.073+0000] {logging_mixin.py:188} INFO - [2025-01-11T13:17:39.073+0000] {dag.py:3947} INFO - Setting next_dagrun for example_branch_datetime_operator_2 to 2025-01-10 00:00:00+00:00, run_after=2025-01-11 00:00:00+00:00
[2025-01-11T13:17:39.074+0000] {logging_mixin.py:188} INFO - [2025-01-11T13:17:39.074+0000] {dag.py:3947} INFO - Setting next_dagrun for example_branch_datetime_operator_3 to 2025-01-10 00:00:00+00:00, run_after=2025-01-11 00:00:00+00:00
[2025-01-11T13:17:39.084+0000] {processor.py:183} INFO - Processing /home/airflow/.local/lib/python3.12/site-packages/airflow/example_dags/example_branch_datetime_operator.py took 0.054 seconds
[2025-01-11T13:18:10.025+0000] {processor.py:161} INFO - Started process (PID=36649) to work on /home/airflow/.local/lib/python3.12/site-packages/airflow/example_dags/example_branch_datetime_operator.py
[2025-01-11T13:18:10.025+0000] {processor.py:830} INFO - Processing file /home/airflow/.local/lib/python3.12/site-packages/airflow/example_dags/example_branch_datetime_operator.py for tasks to queue
[2025-01-11T13:18:10.027+0000] {logging_mixin.py:188} INFO - [2025-01-11T13:18:10.027+0000] {dagbag.py:545} INFO - Filling up the DagBag from /home/airflow/.local/lib/python3.12/site-packages/airflow/example_dags/example_branch_datetime_operator.py
[2025-01-11T13:18:10.032+0000] {processor.py:840} INFO - DAG(s) 'example_branch_datetime_operator_3', 'example_branch_datetime_operator_2', 'example_branch_datetime_operator' retrieved from /home/airflow/.local/lib/python3.12/site-packages/airflow/example_dags/example_branch_datetime_operator.py
[2025-01-11T13:18:10.049+0000] {logging_mixin.py:188} INFO - [2025-01-11T13:18:10.049+0000] {dag.py:3089} INFO - Sync 3 DAGs
[2025-01-11T13:18:10.061+0000] {logging_mixin.py:188} INFO - [2025-01-11T13:18:10.061+0000] {dag.py:3947} INFO - Setting next_dagrun for example_branch_datetime_operator to 2025-01-10 00:00:00+00:00, run_after=2025-01-11 00:00:00+00:00
[2025-01-11T13:18:10.063+0000] {logging_mixin.py:188} INFO - [2025-01-11T13:18:10.063+0000] {dag.py:3947} INFO - Setting next_dagrun for example_branch_datetime_operator_2 to 2025-01-10 00:00:00+00:00, run_after=2025-01-11 00:00:00+00:00
[2025-01-11T13:18:10.064+0000] {logging_mixin.py:188} INFO - [2025-01-11T13:18:10.064+0000] {dag.py:3947} INFO - Setting next_dagrun for example_branch_datetime_operator_3 to 2025-01-10 00:00:00+00:00, run_after=2025-01-11 00:00:00+00:00
[2025-01-11T13:18:10.072+0000] {processor.py:183} INFO - Processing /home/airflow/.local/lib/python3.12/site-packages/airflow/example_dags/example_branch_datetime_operator.py took 0.051 seconds
[2025-01-11T13:18:42.393+0000] {processor.py:161} INFO - Started process (PID=36926) to work on /home/airflow/.local/lib/python3.12/site-packages/airflow/example_dags/example_branch_datetime_operator.py
[2025-01-11T13:18:42.394+0000] {processor.py:830} INFO - Processing file /home/airflow/.local/lib/python3.12/site-packages/airflow/example_dags/example_branch_datetime_operator.py for tasks to queue
[2025-01-11T13:18:42.395+0000] {logging_mixin.py:188} INFO - [2025-01-11T13:18:42.395+0000] {dagbag.py:545} INFO - Filling up the DagBag from /home/airflow/.local/lib/python3.12/site-packages/airflow/example_dags/example_branch_datetime_operator.py
[2025-01-11T13:18:42.401+0000] {processor.py:840} INFO - DAG(s) 'example_branch_datetime_operator', 'example_branch_datetime_operator_3', 'example_branch_datetime_operator_2' retrieved from /home/airflow/.local/lib/python3.12/site-packages/airflow/example_dags/example_branch_datetime_operator.py
[2025-01-11T13:18:42.422+0000] {logging_mixin.py:188} INFO - [2025-01-11T13:18:42.422+0000] {dag.py:3089} INFO - Sync 3 DAGs
[2025-01-11T13:18:42.434+0000] {logging_mixin.py:188} INFO - [2025-01-11T13:18:42.434+0000] {dag.py:3947} INFO - Setting next_dagrun for example_branch_datetime_operator to 2025-01-10 00:00:00+00:00, run_after=2025-01-11 00:00:00+00:00
[2025-01-11T13:18:42.436+0000] {logging_mixin.py:188} INFO - [2025-01-11T13:18:42.436+0000] {dag.py:3947} INFO - Setting next_dagrun for example_branch_datetime_operator_2 to 2025-01-10 00:00:00+00:00, run_after=2025-01-11 00:00:00+00:00
[2025-01-11T13:18:42.438+0000] {logging_mixin.py:188} INFO - [2025-01-11T13:18:42.438+0000] {dag.py:3947} INFO - Setting next_dagrun for example_branch_datetime_operator_3 to 2025-01-10 00:00:00+00:00, run_after=2025-01-11 00:00:00+00:00
[2025-01-11T13:18:42.448+0000] {processor.py:183} INFO - Processing /home/airflow/.local/lib/python3.12/site-packages/airflow/example_dags/example_branch_datetime_operator.py took 0.059 seconds
[2025-01-11T13:19:13.808+0000] {processor.py:161} INFO - Started process (PID=37201) to work on /home/airflow/.local/lib/python3.12/site-packages/airflow/example_dags/example_branch_datetime_operator.py
[2025-01-11T13:19:13.809+0000] {processor.py:830} INFO - Processing file /home/airflow/.local/lib/python3.12/site-packages/airflow/example_dags/example_branch_datetime_operator.py for tasks to queue
[2025-01-11T13:19:13.810+0000] {logging_mixin.py:188} INFO - [2025-01-11T13:19:13.810+0000] {dagbag.py:545} INFO - Filling up the DagBag from /home/airflow/.local/lib/python3.12/site-packages/airflow/example_dags/example_branch_datetime_operator.py
[2025-01-11T13:19:13.815+0000] {processor.py:840} INFO - DAG(s) 'example_branch_datetime_operator_2', 'example_branch_datetime_operator_3', 'example_branch_datetime_operator' retrieved from /home/airflow/.local/lib/python3.12/site-packages/airflow/example_dags/example_branch_datetime_operator.py
[2025-01-11T13:19:13.832+0000] {logging_mixin.py:188} INFO - [2025-01-11T13:19:13.832+0000] {dag.py:3089} INFO - Sync 3 DAGs
[2025-01-11T13:19:13.845+0000] {logging_mixin.py:188} INFO - [2025-01-11T13:19:13.845+0000] {dag.py:3947} INFO - Setting next_dagrun for example_branch_datetime_operator to 2025-01-10 00:00:00+00:00, run_after=2025-01-11 00:00:00+00:00
[2025-01-11T13:19:13.848+0000] {logging_mixin.py:188} INFO - [2025-01-11T13:19:13.847+0000] {dag.py:3947} INFO - Setting next_dagrun for example_branch_datetime_operator_2 to 2025-01-10 00:00:00+00:00, run_after=2025-01-11 00:00:00+00:00
[2025-01-11T13:19:13.849+0000] {logging_mixin.py:188} INFO - [2025-01-11T13:19:13.849+0000] {dag.py:3947} INFO - Setting next_dagrun for example_branch_datetime_operator_3 to 2025-01-10 00:00:00+00:00, run_after=2025-01-11 00:00:00+00:00
[2025-01-11T13:19:13.858+0000] {processor.py:183} INFO - Processing /home/airflow/.local/lib/python3.12/site-packages/airflow/example_dags/example_branch_datetime_operator.py took 0.054 seconds
[2025-01-11T13:19:45.205+0000] {processor.py:161} INFO - Started process (PID=37480) to work on /home/airflow/.local/lib/python3.12/site-packages/airflow/example_dags/example_branch_datetime_operator.py
[2025-01-11T13:19:45.206+0000] {processor.py:830} INFO - Processing file /home/airflow/.local/lib/python3.12/site-packages/airflow/example_dags/example_branch_datetime_operator.py for tasks to queue
[2025-01-11T13:19:45.207+0000] {logging_mixin.py:188} INFO - [2025-01-11T13:19:45.206+0000] {dagbag.py:545} INFO - Filling up the DagBag from /home/airflow/.local/lib/python3.12/site-packages/airflow/example_dags/example_branch_datetime_operator.py
[2025-01-11T13:19:45.212+0000] {processor.py:840} INFO - DAG(s) 'example_branch_datetime_operator_3', 'example_branch_datetime_operator_2', 'example_branch_datetime_operator' retrieved from /home/airflow/.local/lib/python3.12/site-packages/airflow/example_dags/example_branch_datetime_operator.py
[2025-01-11T13:19:45.227+0000] {logging_mixin.py:188} INFO - [2025-01-11T13:19:45.227+0000] {dag.py:3089} INFO - Sync 3 DAGs
[2025-01-11T13:19:45.238+0000] {logging_mixin.py:188} INFO - [2025-01-11T13:19:45.238+0000] {dag.py:3947} INFO - Setting next_dagrun for example_branch_datetime_operator to 2025-01-10 00:00:00+00:00, run_after=2025-01-11 00:00:00+00:00
[2025-01-11T13:19:45.240+0000] {logging_mixin.py:188} INFO - [2025-01-11T13:19:45.240+0000] {dag.py:3947} INFO - Setting next_dagrun for example_branch_datetime_operator_2 to 2025-01-10 00:00:00+00:00, run_after=2025-01-11 00:00:00+00:00
[2025-01-11T13:19:45.241+0000] {logging_mixin.py:188} INFO - [2025-01-11T13:19:45.241+0000] {dag.py:3947} INFO - Setting next_dagrun for example_branch_datetime_operator_3 to 2025-01-10 00:00:00+00:00, run_after=2025-01-11 00:00:00+00:00
[2025-01-11T13:19:45.248+0000] {processor.py:183} INFO - Processing /home/airflow/.local/lib/python3.12/site-packages/airflow/example_dags/example_branch_datetime_operator.py took 0.047 seconds
[2025-01-11T13:20:15.575+0000] {processor.py:161} INFO - Started process (PID=37758) to work on /home/airflow/.local/lib/python3.12/site-packages/airflow/example_dags/example_branch_datetime_operator.py
[2025-01-11T13:20:15.576+0000] {processor.py:830} INFO - Processing file /home/airflow/.local/lib/python3.12/site-packages/airflow/example_dags/example_branch_datetime_operator.py for tasks to queue
[2025-01-11T13:20:15.578+0000] {logging_mixin.py:188} INFO - [2025-01-11T13:20:15.578+0000] {dagbag.py:545} INFO - Filling up the DagBag from /home/airflow/.local/lib/python3.12/site-packages/airflow/example_dags/example_branch_datetime_operator.py
[2025-01-11T13:20:15.584+0000] {processor.py:840} INFO - DAG(s) 'example_branch_datetime_operator_3', 'example_branch_datetime_operator_2', 'example_branch_datetime_operator' retrieved from /home/airflow/.local/lib/python3.12/site-packages/airflow/example_dags/example_branch_datetime_operator.py
[2025-01-11T13:20:15.605+0000] {logging_mixin.py:188} INFO - [2025-01-11T13:20:15.604+0000] {dag.py:3089} INFO - Sync 3 DAGs
[2025-01-11T13:20:15.622+0000] {logging_mixin.py:188} INFO - [2025-01-11T13:20:15.621+0000] {dag.py:3947} INFO - Setting next_dagrun for example_branch_datetime_operator to 2025-01-10 00:00:00+00:00, run_after=2025-01-11 00:00:00+00:00
[2025-01-11T13:20:15.628+0000] {logging_mixin.py:188} INFO - [2025-01-11T13:20:15.628+0000] {dag.py:3947} INFO - Setting next_dagrun for example_branch_datetime_operator_2 to 2025-01-10 00:00:00+00:00, run_after=2025-01-11 00:00:00+00:00
[2025-01-11T13:20:15.632+0000] {logging_mixin.py:188} INFO - [2025-01-11T13:20:15.632+0000] {dag.py:3947} INFO - Setting next_dagrun for example_branch_datetime_operator_3 to 2025-01-10 00:00:00+00:00, run_after=2025-01-11 00:00:00+00:00
[2025-01-11T13:20:15.649+0000] {processor.py:183} INFO - Processing /home/airflow/.local/lib/python3.12/site-packages/airflow/example_dags/example_branch_datetime_operator.py took 0.078 seconds
[2025-01-11T13:23:01.630+0000] {processor.py:161} INFO - Started process (PID=38033) to work on /home/airflow/.local/lib/python3.12/site-packages/airflow/example_dags/example_branch_datetime_operator.py
[2025-01-11T13:23:01.631+0000] {processor.py:830} INFO - Processing file /home/airflow/.local/lib/python3.12/site-packages/airflow/example_dags/example_branch_datetime_operator.py for tasks to queue
[2025-01-11T13:23:01.632+0000] {logging_mixin.py:188} INFO - [2025-01-11T13:23:01.632+0000] {dagbag.py:545} INFO - Filling up the DagBag from /home/airflow/.local/lib/python3.12/site-packages/airflow/example_dags/example_branch_datetime_operator.py
[2025-01-11T13:23:01.638+0000] {processor.py:840} INFO - DAG(s) 'example_branch_datetime_operator_3', 'example_branch_datetime_operator', 'example_branch_datetime_operator_2' retrieved from /home/airflow/.local/lib/python3.12/site-packages/airflow/example_dags/example_branch_datetime_operator.py
[2025-01-11T13:23:01.655+0000] {logging_mixin.py:188} INFO - [2025-01-11T13:23:01.655+0000] {dag.py:3089} INFO - Sync 3 DAGs
[2025-01-11T13:23:01.780+0000] {logging_mixin.py:188} INFO - [2025-01-11T13:23:01.780+0000] {dag.py:3947} INFO - Setting next_dagrun for example_branch_datetime_operator to 2025-01-10 00:00:00+00:00, run_after=2025-01-11 00:00:00+00:00
[2025-01-11T13:23:01.783+0000] {logging_mixin.py:188} INFO - [2025-01-11T13:23:01.783+0000] {dag.py:3947} INFO - Setting next_dagrun for example_branch_datetime_operator_2 to 2025-01-10 00:00:00+00:00, run_after=2025-01-11 00:00:00+00:00
[2025-01-11T13:23:01.785+0000] {logging_mixin.py:188} INFO - [2025-01-11T13:23:01.784+0000] {dag.py:3947} INFO - Setting next_dagrun for example_branch_datetime_operator_3 to 2025-01-10 00:00:00+00:00, run_after=2025-01-11 00:00:00+00:00
[2025-01-11T13:23:01.793+0000] {processor.py:183} INFO - Processing /home/airflow/.local/lib/python3.12/site-packages/airflow/example_dags/example_branch_datetime_operator.py took 0.168 seconds
[2025-01-11T13:23:32.085+0000] {processor.py:161} INFO - Started process (PID=38304) to work on /home/airflow/.local/lib/python3.12/site-packages/airflow/example_dags/example_branch_datetime_operator.py
[2025-01-11T13:23:32.086+0000] {processor.py:830} INFO - Processing file /home/airflow/.local/lib/python3.12/site-packages/airflow/example_dags/example_branch_datetime_operator.py for tasks to queue
[2025-01-11T13:23:32.094+0000] {logging_mixin.py:188} INFO - [2025-01-11T13:23:32.094+0000] {dagbag.py:545} INFO - Filling up the DagBag from /home/airflow/.local/lib/python3.12/site-packages/airflow/example_dags/example_branch_datetime_operator.py
[2025-01-11T13:23:32.106+0000] {processor.py:840} INFO - DAG(s) 'example_branch_datetime_operator_3', 'example_branch_datetime_operator', 'example_branch_datetime_operator_2' retrieved from /home/airflow/.local/lib/python3.12/site-packages/airflow/example_dags/example_branch_datetime_operator.py
[2025-01-11T13:23:32.139+0000] {logging_mixin.py:188} INFO - [2025-01-11T13:23:32.139+0000] {dag.py:3089} INFO - Sync 3 DAGs
[2025-01-11T13:23:32.159+0000] {logging_mixin.py:188} INFO - [2025-01-11T13:23:32.159+0000] {dag.py:3947} INFO - Setting next_dagrun for example_branch_datetime_operator to 2025-01-10 00:00:00+00:00, run_after=2025-01-11 00:00:00+00:00
[2025-01-11T13:23:32.161+0000] {logging_mixin.py:188} INFO - [2025-01-11T13:23:32.161+0000] {dag.py:3947} INFO - Setting next_dagrun for example_branch_datetime_operator_2 to 2025-01-10 00:00:00+00:00, run_after=2025-01-11 00:00:00+00:00
[2025-01-11T13:23:32.163+0000] {logging_mixin.py:188} INFO - [2025-01-11T13:23:32.163+0000] {dag.py:3947} INFO - Setting next_dagrun for example_branch_datetime_operator_3 to 2025-01-10 00:00:00+00:00, run_after=2025-01-11 00:00:00+00:00
[2025-01-11T13:23:32.176+0000] {processor.py:183} INFO - Processing /home/airflow/.local/lib/python3.12/site-packages/airflow/example_dags/example_branch_datetime_operator.py took 0.096 seconds
[2025-01-11T13:24:03.160+0000] {processor.py:161} INFO - Started process (PID=38565) to work on /home/airflow/.local/lib/python3.12/site-packages/airflow/example_dags/example_branch_datetime_operator.py
[2025-01-11T13:24:03.161+0000] {processor.py:830} INFO - Processing file /home/airflow/.local/lib/python3.12/site-packages/airflow/example_dags/example_branch_datetime_operator.py for tasks to queue
[2025-01-11T13:24:03.162+0000] {logging_mixin.py:188} INFO - [2025-01-11T13:24:03.162+0000] {dagbag.py:545} INFO - Filling up the DagBag from /home/airflow/.local/lib/python3.12/site-packages/airflow/example_dags/example_branch_datetime_operator.py
[2025-01-11T13:24:03.167+0000] {processor.py:840} INFO - DAG(s) 'example_branch_datetime_operator_2', 'example_branch_datetime_operator', 'example_branch_datetime_operator_3' retrieved from /home/airflow/.local/lib/python3.12/site-packages/airflow/example_dags/example_branch_datetime_operator.py
[2025-01-11T13:24:03.183+0000] {logging_mixin.py:188} INFO - [2025-01-11T13:24:03.183+0000] {dag.py:3089} INFO - Sync 3 DAGs
[2025-01-11T13:24:03.195+0000] {logging_mixin.py:188} INFO - [2025-01-11T13:24:03.195+0000] {dag.py:3947} INFO - Setting next_dagrun for example_branch_datetime_operator to 2025-01-10 00:00:00+00:00, run_after=2025-01-11 00:00:00+00:00
[2025-01-11T13:24:03.199+0000] {logging_mixin.py:188} INFO - [2025-01-11T13:24:03.198+0000] {dag.py:3947} INFO - Setting next_dagrun for example_branch_datetime_operator_2 to 2025-01-10 00:00:00+00:00, run_after=2025-01-11 00:00:00+00:00
[2025-01-11T13:24:03.200+0000] {logging_mixin.py:188} INFO - [2025-01-11T13:24:03.200+0000] {dag.py:3947} INFO - Setting next_dagrun for example_branch_datetime_operator_3 to 2025-01-10 00:00:00+00:00, run_after=2025-01-11 00:00:00+00:00
[2025-01-11T13:24:03.208+0000] {processor.py:183} INFO - Processing /home/airflow/.local/lib/python3.12/site-packages/airflow/example_dags/example_branch_datetime_operator.py took 0.052 seconds
[2025-01-11T13:24:33.500+0000] {processor.py:161} INFO - Started process (PID=38844) to work on /home/airflow/.local/lib/python3.12/site-packages/airflow/example_dags/example_branch_datetime_operator.py
[2025-01-11T13:24:33.501+0000] {processor.py:830} INFO - Processing file /home/airflow/.local/lib/python3.12/site-packages/airflow/example_dags/example_branch_datetime_operator.py for tasks to queue
[2025-01-11T13:24:33.502+0000] {logging_mixin.py:188} INFO - [2025-01-11T13:24:33.502+0000] {dagbag.py:545} INFO - Filling up the DagBag from /home/airflow/.local/lib/python3.12/site-packages/airflow/example_dags/example_branch_datetime_operator.py
[2025-01-11T13:24:33.507+0000] {processor.py:840} INFO - DAG(s) 'example_branch_datetime_operator_3', 'example_branch_datetime_operator_2', 'example_branch_datetime_operator' retrieved from /home/airflow/.local/lib/python3.12/site-packages/airflow/example_dags/example_branch_datetime_operator.py
[2025-01-11T13:24:33.522+0000] {logging_mixin.py:188} INFO - [2025-01-11T13:24:33.522+0000] {dag.py:3089} INFO - Sync 3 DAGs
[2025-01-11T13:24:33.534+0000] {logging_mixin.py:188} INFO - [2025-01-11T13:24:33.534+0000] {dag.py:3947} INFO - Setting next_dagrun for example_branch_datetime_operator to 2025-01-10 00:00:00+00:00, run_after=2025-01-11 00:00:00+00:00
[2025-01-11T13:24:33.536+0000] {logging_mixin.py:188} INFO - [2025-01-11T13:24:33.536+0000] {dag.py:3947} INFO - Setting next_dagrun for example_branch_datetime_operator_2 to 2025-01-10 00:00:00+00:00, run_after=2025-01-11 00:00:00+00:00
[2025-01-11T13:24:33.537+0000] {logging_mixin.py:188} INFO - [2025-01-11T13:24:33.537+0000] {dag.py:3947} INFO - Setting next_dagrun for example_branch_datetime_operator_3 to 2025-01-10 00:00:00+00:00, run_after=2025-01-11 00:00:00+00:00
[2025-01-11T13:24:33.549+0000] {processor.py:183} INFO - Processing /home/airflow/.local/lib/python3.12/site-packages/airflow/example_dags/example_branch_datetime_operator.py took 0.052 seconds
[2025-01-11T13:25:03.910+0000] {processor.py:161} INFO - Started process (PID=39121) to work on /home/airflow/.local/lib/python3.12/site-packages/airflow/example_dags/example_branch_datetime_operator.py
[2025-01-11T13:25:03.911+0000] {processor.py:830} INFO - Processing file /home/airflow/.local/lib/python3.12/site-packages/airflow/example_dags/example_branch_datetime_operator.py for tasks to queue
[2025-01-11T13:25:03.913+0000] {logging_mixin.py:188} INFO - [2025-01-11T13:25:03.913+0000] {dagbag.py:545} INFO - Filling up the DagBag from /home/airflow/.local/lib/python3.12/site-packages/airflow/example_dags/example_branch_datetime_operator.py
[2025-01-11T13:25:03.918+0000] {processor.py:840} INFO - DAG(s) 'example_branch_datetime_operator_3', 'example_branch_datetime_operator', 'example_branch_datetime_operator_2' retrieved from /home/airflow/.local/lib/python3.12/site-packages/airflow/example_dags/example_branch_datetime_operator.py
[2025-01-11T13:25:03.935+0000] {logging_mixin.py:188} INFO - [2025-01-11T13:25:03.935+0000] {dag.py:3089} INFO - Sync 3 DAGs
[2025-01-11T13:25:03.948+0000] {logging_mixin.py:188} INFO - [2025-01-11T13:25:03.948+0000] {dag.py:3947} INFO - Setting next_dagrun for example_branch_datetime_operator to 2025-01-10 00:00:00+00:00, run_after=2025-01-11 00:00:00+00:00
[2025-01-11T13:25:03.951+0000] {logging_mixin.py:188} INFO - [2025-01-11T13:25:03.950+0000] {dag.py:3947} INFO - Setting next_dagrun for example_branch_datetime_operator_2 to 2025-01-10 00:00:00+00:00, run_after=2025-01-11 00:00:00+00:00
[2025-01-11T13:25:03.952+0000] {logging_mixin.py:188} INFO - [2025-01-11T13:25:03.952+0000] {dag.py:3947} INFO - Setting next_dagrun for example_branch_datetime_operator_3 to 2025-01-10 00:00:00+00:00, run_after=2025-01-11 00:00:00+00:00
[2025-01-11T13:25:03.960+0000] {processor.py:183} INFO - Processing /home/airflow/.local/lib/python3.12/site-packages/airflow/example_dags/example_branch_datetime_operator.py took 0.054 seconds
[2025-01-11T13:25:34.112+0000] {processor.py:161} INFO - Started process (PID=39398) to work on /home/airflow/.local/lib/python3.12/site-packages/airflow/example_dags/example_branch_datetime_operator.py
[2025-01-11T13:25:34.113+0000] {processor.py:830} INFO - Processing file /home/airflow/.local/lib/python3.12/site-packages/airflow/example_dags/example_branch_datetime_operator.py for tasks to queue
[2025-01-11T13:25:34.114+0000] {logging_mixin.py:188} INFO - [2025-01-11T13:25:34.114+0000] {dagbag.py:545} INFO - Filling up the DagBag from /home/airflow/.local/lib/python3.12/site-packages/airflow/example_dags/example_branch_datetime_operator.py
[2025-01-11T13:25:34.119+0000] {processor.py:840} INFO - DAG(s) 'example_branch_datetime_operator', 'example_branch_datetime_operator_2', 'example_branch_datetime_operator_3' retrieved from /home/airflow/.local/lib/python3.12/site-packages/airflow/example_dags/example_branch_datetime_operator.py
[2025-01-11T13:25:34.137+0000] {logging_mixin.py:188} INFO - [2025-01-11T13:25:34.137+0000] {dag.py:3089} INFO - Sync 3 DAGs
[2025-01-11T13:25:34.149+0000] {logging_mixin.py:188} INFO - [2025-01-11T13:25:34.149+0000] {dag.py:3947} INFO - Setting next_dagrun for example_branch_datetime_operator to 2025-01-10 00:00:00+00:00, run_after=2025-01-11 00:00:00+00:00
[2025-01-11T13:25:34.151+0000] {logging_mixin.py:188} INFO - [2025-01-11T13:25:34.151+0000] {dag.py:3947} INFO - Setting next_dagrun for example_branch_datetime_operator_2 to 2025-01-10 00:00:00+00:00, run_after=2025-01-11 00:00:00+00:00
[2025-01-11T13:25:34.153+0000] {logging_mixin.py:188} INFO - [2025-01-11T13:25:34.153+0000] {dag.py:3947} INFO - Setting next_dagrun for example_branch_datetime_operator_3 to 2025-01-10 00:00:00+00:00, run_after=2025-01-11 00:00:00+00:00
[2025-01-11T13:25:34.162+0000] {processor.py:183} INFO - Processing /home/airflow/.local/lib/python3.12/site-packages/airflow/example_dags/example_branch_datetime_operator.py took 0.054 seconds
[2025-01-11T13:26:04.268+0000] {processor.py:161} INFO - Started process (PID=39675) to work on /home/airflow/.local/lib/python3.12/site-packages/airflow/example_dags/example_branch_datetime_operator.py
[2025-01-11T13:26:04.268+0000] {processor.py:830} INFO - Processing file /home/airflow/.local/lib/python3.12/site-packages/airflow/example_dags/example_branch_datetime_operator.py for tasks to queue
[2025-01-11T13:26:04.270+0000] {logging_mixin.py:188} INFO - [2025-01-11T13:26:04.269+0000] {dagbag.py:545} INFO - Filling up the DagBag from /home/airflow/.local/lib/python3.12/site-packages/airflow/example_dags/example_branch_datetime_operator.py
[2025-01-11T13:26:04.274+0000] {processor.py:840} INFO - DAG(s) 'example_branch_datetime_operator', 'example_branch_datetime_operator_2', 'example_branch_datetime_operator_3' retrieved from /home/airflow/.local/lib/python3.12/site-packages/airflow/example_dags/example_branch_datetime_operator.py
[2025-01-11T13:26:04.290+0000] {logging_mixin.py:188} INFO - [2025-01-11T13:26:04.290+0000] {dag.py:3089} INFO - Sync 3 DAGs
[2025-01-11T13:26:04.302+0000] {logging_mixin.py:188} INFO - [2025-01-11T13:26:04.302+0000] {dag.py:3947} INFO - Setting next_dagrun for example_branch_datetime_operator to 2025-01-10 00:00:00+00:00, run_after=2025-01-11 00:00:00+00:00
[2025-01-11T13:26:04.304+0000] {logging_mixin.py:188} INFO - [2025-01-11T13:26:04.304+0000] {dag.py:3947} INFO - Setting next_dagrun for example_branch_datetime_operator_2 to 2025-01-10 00:00:00+00:00, run_after=2025-01-11 00:00:00+00:00
[2025-01-11T13:26:04.305+0000] {logging_mixin.py:188} INFO - [2025-01-11T13:26:04.305+0000] {dag.py:3947} INFO - Setting next_dagrun for example_branch_datetime_operator_3 to 2025-01-10 00:00:00+00:00, run_after=2025-01-11 00:00:00+00:00
[2025-01-11T13:26:04.314+0000] {processor.py:183} INFO - Processing /home/airflow/.local/lib/python3.12/site-packages/airflow/example_dags/example_branch_datetime_operator.py took 0.050 seconds
[2025-01-11T13:26:34.786+0000] {processor.py:161} INFO - Started process (PID=39947) to work on /home/airflow/.local/lib/python3.12/site-packages/airflow/example_dags/example_branch_datetime_operator.py
[2025-01-11T13:26:34.787+0000] {processor.py:830} INFO - Processing file /home/airflow/.local/lib/python3.12/site-packages/airflow/example_dags/example_branch_datetime_operator.py for tasks to queue
[2025-01-11T13:26:34.788+0000] {logging_mixin.py:188} INFO - [2025-01-11T13:26:34.788+0000] {dagbag.py:545} INFO - Filling up the DagBag from /home/airflow/.local/lib/python3.12/site-packages/airflow/example_dags/example_branch_datetime_operator.py
[2025-01-11T13:26:34.793+0000] {processor.py:840} INFO - DAG(s) 'example_branch_datetime_operator_3', 'example_branch_datetime_operator_2', 'example_branch_datetime_operator' retrieved from /home/airflow/.local/lib/python3.12/site-packages/airflow/example_dags/example_branch_datetime_operator.py
[2025-01-11T13:26:34.811+0000] {logging_mixin.py:188} INFO - [2025-01-11T13:26:34.811+0000] {dag.py:3089} INFO - Sync 3 DAGs
[2025-01-11T13:26:34.825+0000] {logging_mixin.py:188} INFO - [2025-01-11T13:26:34.825+0000] {dag.py:3947} INFO - Setting next_dagrun for example_branch_datetime_operator to 2025-01-10 00:00:00+00:00, run_after=2025-01-11 00:00:00+00:00
[2025-01-11T13:26:34.828+0000] {logging_mixin.py:188} INFO - [2025-01-11T13:26:34.828+0000] {dag.py:3947} INFO - Setting next_dagrun for example_branch_datetime_operator_2 to 2025-01-10 00:00:00+00:00, run_after=2025-01-11 00:00:00+00:00
[2025-01-11T13:26:34.829+0000] {logging_mixin.py:188} INFO - [2025-01-11T13:26:34.829+0000] {dag.py:3947} INFO - Setting next_dagrun for example_branch_datetime_operator_3 to 2025-01-10 00:00:00+00:00, run_after=2025-01-11 00:00:00+00:00
[2025-01-11T13:26:34.840+0000] {processor.py:183} INFO - Processing /home/airflow/.local/lib/python3.12/site-packages/airflow/example_dags/example_branch_datetime_operator.py took 0.058 seconds
[2025-01-11T13:27:04.969+0000] {processor.py:161} INFO - Started process (PID=40223) to work on /home/airflow/.local/lib/python3.12/site-packages/airflow/example_dags/example_branch_datetime_operator.py
[2025-01-11T13:27:04.969+0000] {processor.py:830} INFO - Processing file /home/airflow/.local/lib/python3.12/site-packages/airflow/example_dags/example_branch_datetime_operator.py for tasks to queue
[2025-01-11T13:27:04.971+0000] {logging_mixin.py:188} INFO - [2025-01-11T13:27:04.970+0000] {dagbag.py:545} INFO - Filling up the DagBag from /home/airflow/.local/lib/python3.12/site-packages/airflow/example_dags/example_branch_datetime_operator.py
[2025-01-11T13:27:04.975+0000] {processor.py:840} INFO - DAG(s) 'example_branch_datetime_operator_3', 'example_branch_datetime_operator', 'example_branch_datetime_operator_2' retrieved from /home/airflow/.local/lib/python3.12/site-packages/airflow/example_dags/example_branch_datetime_operator.py
[2025-01-11T13:27:04.990+0000] {logging_mixin.py:188} INFO - [2025-01-11T13:27:04.990+0000] {dag.py:3089} INFO - Sync 3 DAGs
[2025-01-11T13:27:05.001+0000] {logging_mixin.py:188} INFO - [2025-01-11T13:27:05.001+0000] {dag.py:3947} INFO - Setting next_dagrun for example_branch_datetime_operator to 2025-01-10 00:00:00+00:00, run_after=2025-01-11 00:00:00+00:00
[2025-01-11T13:27:05.003+0000] {logging_mixin.py:188} INFO - [2025-01-11T13:27:05.003+0000] {dag.py:3947} INFO - Setting next_dagrun for example_branch_datetime_operator_2 to 2025-01-10 00:00:00+00:00, run_after=2025-01-11 00:00:00+00:00
[2025-01-11T13:27:05.004+0000] {logging_mixin.py:188} INFO - [2025-01-11T13:27:05.004+0000] {dag.py:3947} INFO - Setting next_dagrun for example_branch_datetime_operator_3 to 2025-01-10 00:00:00+00:00, run_after=2025-01-11 00:00:00+00:00
[2025-01-11T13:27:05.013+0000] {processor.py:183} INFO - Processing /home/airflow/.local/lib/python3.12/site-packages/airflow/example_dags/example_branch_datetime_operator.py took 0.049 seconds
[2025-01-11T13:27:35.711+0000] {processor.py:161} INFO - Started process (PID=40485) to work on /home/airflow/.local/lib/python3.12/site-packages/airflow/example_dags/example_branch_datetime_operator.py
[2025-01-11T13:27:35.711+0000] {processor.py:830} INFO - Processing file /home/airflow/.local/lib/python3.12/site-packages/airflow/example_dags/example_branch_datetime_operator.py for tasks to queue
[2025-01-11T13:27:35.712+0000] {logging_mixin.py:188} INFO - [2025-01-11T13:27:35.712+0000] {dagbag.py:545} INFO - Filling up the DagBag from /home/airflow/.local/lib/python3.12/site-packages/airflow/example_dags/example_branch_datetime_operator.py
[2025-01-11T13:27:35.718+0000] {processor.py:840} INFO - DAG(s) 'example_branch_datetime_operator_3', 'example_branch_datetime_operator', 'example_branch_datetime_operator_2' retrieved from /home/airflow/.local/lib/python3.12/site-packages/airflow/example_dags/example_branch_datetime_operator.py
[2025-01-11T13:27:35.736+0000] {logging_mixin.py:188} INFO - [2025-01-11T13:27:35.735+0000] {dag.py:3089} INFO - Sync 3 DAGs
[2025-01-11T13:27:35.748+0000] {logging_mixin.py:188} INFO - [2025-01-11T13:27:35.748+0000] {dag.py:3947} INFO - Setting next_dagrun for example_branch_datetime_operator to 2025-01-10 00:00:00+00:00, run_after=2025-01-11 00:00:00+00:00
[2025-01-11T13:27:35.750+0000] {logging_mixin.py:188} INFO - [2025-01-11T13:27:35.750+0000] {dag.py:3947} INFO - Setting next_dagrun for example_branch_datetime_operator_2 to 2025-01-10 00:00:00+00:00, run_after=2025-01-11 00:00:00+00:00
[2025-01-11T13:27:35.752+0000] {logging_mixin.py:188} INFO - [2025-01-11T13:27:35.751+0000] {dag.py:3947} INFO - Setting next_dagrun for example_branch_datetime_operator_3 to 2025-01-10 00:00:00+00:00, run_after=2025-01-11 00:00:00+00:00
[2025-01-11T13:27:35.761+0000] {processor.py:183} INFO - Processing /home/airflow/.local/lib/python3.12/site-packages/airflow/example_dags/example_branch_datetime_operator.py took 0.054 seconds
[2025-01-11T13:28:06.376+0000] {processor.py:161} INFO - Started process (PID=40729) to work on /home/airflow/.local/lib/python3.12/site-packages/airflow/example_dags/example_branch_datetime_operator.py
[2025-01-11T13:28:06.377+0000] {processor.py:830} INFO - Processing file /home/airflow/.local/lib/python3.12/site-packages/airflow/example_dags/example_branch_datetime_operator.py for tasks to queue
[2025-01-11T13:28:06.378+0000] {logging_mixin.py:188} INFO - [2025-01-11T13:28:06.378+0000] {dagbag.py:545} INFO - Filling up the DagBag from /home/airflow/.local/lib/python3.12/site-packages/airflow/example_dags/example_branch_datetime_operator.py
[2025-01-11T13:28:06.384+0000] {processor.py:840} INFO - DAG(s) 'example_branch_datetime_operator_3', 'example_branch_datetime_operator', 'example_branch_datetime_operator_2' retrieved from /home/airflow/.local/lib/python3.12/site-packages/airflow/example_dags/example_branch_datetime_operator.py
[2025-01-11T13:28:06.403+0000] {logging_mixin.py:188} INFO - [2025-01-11T13:28:06.403+0000] {dag.py:3089} INFO - Sync 3 DAGs
[2025-01-11T13:28:06.415+0000] {logging_mixin.py:188} INFO - [2025-01-11T13:28:06.415+0000] {dag.py:3947} INFO - Setting next_dagrun for example_branch_datetime_operator to 2025-01-10 00:00:00+00:00, run_after=2025-01-11 00:00:00+00:00
[2025-01-11T13:28:06.417+0000] {logging_mixin.py:188} INFO - [2025-01-11T13:28:06.417+0000] {dag.py:3947} INFO - Setting next_dagrun for example_branch_datetime_operator_2 to 2025-01-10 00:00:00+00:00, run_after=2025-01-11 00:00:00+00:00
[2025-01-11T13:28:06.418+0000] {logging_mixin.py:188} INFO - [2025-01-11T13:28:06.418+0000] {dag.py:3947} INFO - Setting next_dagrun for example_branch_datetime_operator_3 to 2025-01-10 00:00:00+00:00, run_after=2025-01-11 00:00:00+00:00
[2025-01-11T13:28:06.428+0000] {processor.py:183} INFO - Processing /home/airflow/.local/lib/python3.12/site-packages/airflow/example_dags/example_branch_datetime_operator.py took 0.057 seconds
[2025-01-11T13:28:36.642+0000] {processor.py:161} INFO - Started process (PID=41004) to work on /home/airflow/.local/lib/python3.12/site-packages/airflow/example_dags/example_branch_datetime_operator.py
[2025-01-11T13:28:36.643+0000] {processor.py:830} INFO - Processing file /home/airflow/.local/lib/python3.12/site-packages/airflow/example_dags/example_branch_datetime_operator.py for tasks to queue
[2025-01-11T13:28:36.644+0000] {logging_mixin.py:188} INFO - [2025-01-11T13:28:36.644+0000] {dagbag.py:545} INFO - Filling up the DagBag from /home/airflow/.local/lib/python3.12/site-packages/airflow/example_dags/example_branch_datetime_operator.py
[2025-01-11T13:28:36.650+0000] {processor.py:840} INFO - DAG(s) 'example_branch_datetime_operator_3', 'example_branch_datetime_operator_2', 'example_branch_datetime_operator' retrieved from /home/airflow/.local/lib/python3.12/site-packages/airflow/example_dags/example_branch_datetime_operator.py
[2025-01-11T13:28:36.664+0000] {logging_mixin.py:188} INFO - [2025-01-11T13:28:36.664+0000] {dag.py:3089} INFO - Sync 3 DAGs
[2025-01-11T13:28:36.676+0000] {logging_mixin.py:188} INFO - [2025-01-11T13:28:36.676+0000] {dag.py:3947} INFO - Setting next_dagrun for example_branch_datetime_operator to 2025-01-10 00:00:00+00:00, run_after=2025-01-11 00:00:00+00:00
[2025-01-11T13:28:36.678+0000] {logging_mixin.py:188} INFO - [2025-01-11T13:28:36.678+0000] {dag.py:3947} INFO - Setting next_dagrun for example_branch_datetime_operator_2 to 2025-01-10 00:00:00+00:00, run_after=2025-01-11 00:00:00+00:00
[2025-01-11T13:28:36.680+0000] {logging_mixin.py:188} INFO - [2025-01-11T13:28:36.680+0000] {dag.py:3947} INFO - Setting next_dagrun for example_branch_datetime_operator_3 to 2025-01-10 00:00:00+00:00, run_after=2025-01-11 00:00:00+00:00
[2025-01-11T13:28:36.688+0000] {processor.py:183} INFO - Processing /home/airflow/.local/lib/python3.12/site-packages/airflow/example_dags/example_branch_datetime_operator.py took 0.049 seconds
[2025-01-11T13:29:07.157+0000] {processor.py:161} INFO - Started process (PID=41278) to work on /home/airflow/.local/lib/python3.12/site-packages/airflow/example_dags/example_branch_datetime_operator.py
[2025-01-11T13:29:07.158+0000] {processor.py:830} INFO - Processing file /home/airflow/.local/lib/python3.12/site-packages/airflow/example_dags/example_branch_datetime_operator.py for tasks to queue
[2025-01-11T13:29:07.159+0000] {logging_mixin.py:188} INFO - [2025-01-11T13:29:07.159+0000] {dagbag.py:545} INFO - Filling up the DagBag from /home/airflow/.local/lib/python3.12/site-packages/airflow/example_dags/example_branch_datetime_operator.py
[2025-01-11T13:29:07.164+0000] {processor.py:840} INFO - DAG(s) 'example_branch_datetime_operator_3', 'example_branch_datetime_operator_2', 'example_branch_datetime_operator' retrieved from /home/airflow/.local/lib/python3.12/site-packages/airflow/example_dags/example_branch_datetime_operator.py
[2025-01-11T13:29:07.179+0000] {logging_mixin.py:188} INFO - [2025-01-11T13:29:07.179+0000] {dag.py:3089} INFO - Sync 3 DAGs
[2025-01-11T13:29:07.190+0000] {logging_mixin.py:188} INFO - [2025-01-11T13:29:07.190+0000] {dag.py:3947} INFO - Setting next_dagrun for example_branch_datetime_operator to 2025-01-10 00:00:00+00:00, run_after=2025-01-11 00:00:00+00:00
[2025-01-11T13:29:07.193+0000] {logging_mixin.py:188} INFO - [2025-01-11T13:29:07.193+0000] {dag.py:3947} INFO - Setting next_dagrun for example_branch_datetime_operator_2 to 2025-01-10 00:00:00+00:00, run_after=2025-01-11 00:00:00+00:00
[2025-01-11T13:29:07.194+0000] {logging_mixin.py:188} INFO - [2025-01-11T13:29:07.194+0000] {dag.py:3947} INFO - Setting next_dagrun for example_branch_datetime_operator_3 to 2025-01-10 00:00:00+00:00, run_after=2025-01-11 00:00:00+00:00
[2025-01-11T13:29:07.202+0000] {processor.py:183} INFO - Processing /home/airflow/.local/lib/python3.12/site-packages/airflow/example_dags/example_branch_datetime_operator.py took 0.048 seconds
[2025-01-11T15:30:09.641+0000] {processor.py:161} INFO - Started process (PID=41447) to work on /home/airflow/.local/lib/python3.12/site-packages/airflow/example_dags/example_branch_datetime_operator.py
[2025-01-11T15:30:09.645+0000] {processor.py:830} INFO - Processing file /home/airflow/.local/lib/python3.12/site-packages/airflow/example_dags/example_branch_datetime_operator.py for tasks to queue
[2025-01-11T15:30:09.648+0000] {logging_mixin.py:188} INFO - [2025-01-11T15:30:09.648+0000] {dagbag.py:545} INFO - Filling up the DagBag from /home/airflow/.local/lib/python3.12/site-packages/airflow/example_dags/example_branch_datetime_operator.py
[2025-01-11T15:30:09.655+0000] {processor.py:840} INFO - DAG(s) 'example_branch_datetime_operator', 'example_branch_datetime_operator_3', 'example_branch_datetime_operator_2' retrieved from /home/airflow/.local/lib/python3.12/site-packages/airflow/example_dags/example_branch_datetime_operator.py
[2025-01-11T15:30:09.685+0000] {logging_mixin.py:188} INFO - [2025-01-11T15:30:09.685+0000] {dag.py:3089} INFO - Sync 3 DAGs
[2025-01-11T15:30:09.721+0000] {logging_mixin.py:188} INFO - [2025-01-11T15:30:09.720+0000] {dag.py:3947} INFO - Setting next_dagrun for example_branch_datetime_operator to 2025-01-10 00:00:00+00:00, run_after=2025-01-11 00:00:00+00:00
[2025-01-11T15:30:09.730+0000] {logging_mixin.py:188} INFO - [2025-01-11T15:30:09.730+0000] {dag.py:3947} INFO - Setting next_dagrun for example_branch_datetime_operator_2 to 2025-01-10 00:00:00+00:00, run_after=2025-01-11 00:00:00+00:00
[2025-01-11T15:30:09.737+0000] {logging_mixin.py:188} INFO - [2025-01-11T15:30:09.737+0000] {dag.py:3947} INFO - Setting next_dagrun for example_branch_datetime_operator_3 to 2025-01-10 00:00:00+00:00, run_after=2025-01-11 00:00:00+00:00
[2025-01-11T15:30:09.803+0000] {processor.py:183} INFO - Processing /home/airflow/.local/lib/python3.12/site-packages/airflow/example_dags/example_branch_datetime_operator.py took 0.168 seconds
[2025-01-11T15:30:42.724+0000] {processor.py:161} INFO - Started process (PID=41720) to work on /home/airflow/.local/lib/python3.12/site-packages/airflow/example_dags/example_branch_datetime_operator.py
[2025-01-11T15:30:42.725+0000] {processor.py:830} INFO - Processing file /home/airflow/.local/lib/python3.12/site-packages/airflow/example_dags/example_branch_datetime_operator.py for tasks to queue
[2025-01-11T15:30:42.728+0000] {logging_mixin.py:188} INFO - [2025-01-11T15:30:42.727+0000] {dagbag.py:545} INFO - Filling up the DagBag from /home/airflow/.local/lib/python3.12/site-packages/airflow/example_dags/example_branch_datetime_operator.py
[2025-01-11T15:30:42.735+0000] {processor.py:840} INFO - DAG(s) 'example_branch_datetime_operator_2', 'example_branch_datetime_operator', 'example_branch_datetime_operator_3' retrieved from /home/airflow/.local/lib/python3.12/site-packages/airflow/example_dags/example_branch_datetime_operator.py
[2025-01-11T15:30:42.767+0000] {logging_mixin.py:188} INFO - [2025-01-11T15:30:42.767+0000] {dag.py:3089} INFO - Sync 3 DAGs
[2025-01-11T15:30:42.784+0000] {logging_mixin.py:188} INFO - [2025-01-11T15:30:42.784+0000] {dag.py:3947} INFO - Setting next_dagrun for example_branch_datetime_operator to 2025-01-10 00:00:00+00:00, run_after=2025-01-11 00:00:00+00:00
[2025-01-11T15:30:42.787+0000] {logging_mixin.py:188} INFO - [2025-01-11T15:30:42.787+0000] {dag.py:3947} INFO - Setting next_dagrun for example_branch_datetime_operator_2 to 2025-01-10 00:00:00+00:00, run_after=2025-01-11 00:00:00+00:00
[2025-01-11T15:30:42.789+0000] {logging_mixin.py:188} INFO - [2025-01-11T15:30:42.789+0000] {dag.py:3947} INFO - Setting next_dagrun for example_branch_datetime_operator_3 to 2025-01-10 00:00:00+00:00, run_after=2025-01-11 00:00:00+00:00
[2025-01-11T15:30:42.800+0000] {processor.py:183} INFO - Processing /home/airflow/.local/lib/python3.12/site-packages/airflow/example_dags/example_branch_datetime_operator.py took 0.085 seconds
