[2025-01-11T11:46:24.005+0000] {processor.py:161} INFO - Started process (PID=346) to work on /home/airflow/.local/lib/python3.12/site-packages/airflow/example_dags/example_sensor_decorator.py
[2025-01-11T11:46:24.005+0000] {processor.py:830} INFO - Processing file /home/airflow/.local/lib/python3.12/site-packages/airflow/example_dags/example_sensor_decorator.py for tasks to queue
[2025-01-11T11:46:24.007+0000] {logging_mixin.py:188} INFO - [2025-01-11T11:46:24.006+0000] {dagbag.py:545} INFO - Filling up the DagBag from /home/airflow/.local/lib/python3.12/site-packages/airflow/example_dags/example_sensor_decorator.py
[2025-01-11T11:46:24.012+0000] {processor.py:840} INFO - DAG(s) 'example_sensor_decorator' retrieved from /home/airflow/.local/lib/python3.12/site-packages/airflow/example_dags/example_sensor_decorator.py
[2025-01-11T11:46:24.021+0000] {logging_mixin.py:188} INFO - [2025-01-11T11:46:24.020+0000] {dag.py:3089} INFO - Sync 1 DAGs
[2025-01-11T11:46:24.027+0000] {logging_mixin.py:188} INFO - [2025-01-11T11:46:24.027+0000] {dag.py:3947} INFO - Setting next_dagrun for example_sensor_decorator to None, run_after=None
[2025-01-11T11:46:24.037+0000] {processor.py:183} INFO - Processing /home/airflow/.local/lib/python3.12/site-packages/airflow/example_dags/example_sensor_decorator.py took 0.036 seconds
[2025-01-11T11:46:54.814+0000] {processor.py:161} INFO - Started process (PID=627) to work on /home/airflow/.local/lib/python3.12/site-packages/airflow/example_dags/example_sensor_decorator.py
[2025-01-11T11:46:54.815+0000] {processor.py:830} INFO - Processing file /home/airflow/.local/lib/python3.12/site-packages/airflow/example_dags/example_sensor_decorator.py for tasks to queue
[2025-01-11T11:46:54.816+0000] {logging_mixin.py:188} INFO - [2025-01-11T11:46:54.816+0000] {dagbag.py:545} INFO - Filling up the DagBag from /home/airflow/.local/lib/python3.12/site-packages/airflow/example_dags/example_sensor_decorator.py
[2025-01-11T11:46:54.819+0000] {processor.py:840} INFO - DAG(s) 'example_sensor_decorator' retrieved from /home/airflow/.local/lib/python3.12/site-packages/airflow/example_dags/example_sensor_decorator.py
[2025-01-11T11:46:54.870+0000] {logging_mixin.py:188} INFO - [2025-01-11T11:46:54.870+0000] {dag.py:3089} INFO - Sync 1 DAGs
[2025-01-11T11:46:54.875+0000] {logging_mixin.py:188} INFO - [2025-01-11T11:46:54.875+0000] {dag.py:3947} INFO - Setting next_dagrun for example_sensor_decorator to None, run_after=None
[2025-01-11T11:46:54.886+0000] {processor.py:183} INFO - Processing /home/airflow/.local/lib/python3.12/site-packages/airflow/example_dags/example_sensor_decorator.py took 0.076 seconds
[2025-01-11T11:47:25.291+0000] {processor.py:161} INFO - Started process (PID=898) to work on /home/airflow/.local/lib/python3.12/site-packages/airflow/example_dags/example_sensor_decorator.py
[2025-01-11T11:47:25.292+0000] {processor.py:830} INFO - Processing file /home/airflow/.local/lib/python3.12/site-packages/airflow/example_dags/example_sensor_decorator.py for tasks to queue
[2025-01-11T11:47:25.293+0000] {logging_mixin.py:188} INFO - [2025-01-11T11:47:25.293+0000] {dagbag.py:545} INFO - Filling up the DagBag from /home/airflow/.local/lib/python3.12/site-packages/airflow/example_dags/example_sensor_decorator.py
[2025-01-11T11:47:25.298+0000] {processor.py:840} INFO - DAG(s) 'example_sensor_decorator' retrieved from /home/airflow/.local/lib/python3.12/site-packages/airflow/example_dags/example_sensor_decorator.py
[2025-01-11T11:47:25.314+0000] {logging_mixin.py:188} INFO - [2025-01-11T11:47:25.314+0000] {dag.py:3089} INFO - Sync 1 DAGs
[2025-01-11T11:47:25.322+0000] {logging_mixin.py:188} INFO - [2025-01-11T11:47:25.322+0000] {dag.py:3947} INFO - Setting next_dagrun for example_sensor_decorator to None, run_after=None
[2025-01-11T11:47:25.335+0000] {processor.py:183} INFO - Processing /home/airflow/.local/lib/python3.12/site-packages/airflow/example_dags/example_sensor_decorator.py took 0.049 seconds
[2025-01-11T11:47:55.929+0000] {processor.py:161} INFO - Started process (PID=1176) to work on /home/airflow/.local/lib/python3.12/site-packages/airflow/example_dags/example_sensor_decorator.py
[2025-01-11T11:47:55.929+0000] {processor.py:830} INFO - Processing file /home/airflow/.local/lib/python3.12/site-packages/airflow/example_dags/example_sensor_decorator.py for tasks to queue
[2025-01-11T11:47:55.930+0000] {logging_mixin.py:188} INFO - [2025-01-11T11:47:55.930+0000] {dagbag.py:545} INFO - Filling up the DagBag from /home/airflow/.local/lib/python3.12/site-packages/airflow/example_dags/example_sensor_decorator.py
[2025-01-11T11:47:55.934+0000] {processor.py:840} INFO - DAG(s) 'example_sensor_decorator' retrieved from /home/airflow/.local/lib/python3.12/site-packages/airflow/example_dags/example_sensor_decorator.py
[2025-01-11T11:47:55.945+0000] {logging_mixin.py:188} INFO - [2025-01-11T11:47:55.945+0000] {dag.py:3089} INFO - Sync 1 DAGs
[2025-01-11T11:47:55.952+0000] {logging_mixin.py:188} INFO - [2025-01-11T11:47:55.951+0000] {dag.py:3947} INFO - Setting next_dagrun for example_sensor_decorator to None, run_after=None
[2025-01-11T11:47:55.960+0000] {processor.py:183} INFO - Processing /home/airflow/.local/lib/python3.12/site-packages/airflow/example_dags/example_sensor_decorator.py took 0.035 seconds
[2025-01-11T11:48:28.299+0000] {processor.py:161} INFO - Started process (PID=1453) to work on /home/airflow/.local/lib/python3.12/site-packages/airflow/example_dags/example_sensor_decorator.py
[2025-01-11T11:48:28.300+0000] {processor.py:830} INFO - Processing file /home/airflow/.local/lib/python3.12/site-packages/airflow/example_dags/example_sensor_decorator.py for tasks to queue
[2025-01-11T11:48:28.302+0000] {logging_mixin.py:188} INFO - [2025-01-11T11:48:28.302+0000] {dagbag.py:545} INFO - Filling up the DagBag from /home/airflow/.local/lib/python3.12/site-packages/airflow/example_dags/example_sensor_decorator.py
[2025-01-11T11:48:28.310+0000] {processor.py:840} INFO - DAG(s) 'example_sensor_decorator' retrieved from /home/airflow/.local/lib/python3.12/site-packages/airflow/example_dags/example_sensor_decorator.py
[2025-01-11T11:48:28.325+0000] {logging_mixin.py:188} INFO - [2025-01-11T11:48:28.324+0000] {dag.py:3089} INFO - Sync 1 DAGs
[2025-01-11T11:48:28.332+0000] {logging_mixin.py:188} INFO - [2025-01-11T11:48:28.331+0000] {dag.py:3947} INFO - Setting next_dagrun for example_sensor_decorator to None, run_after=None
[2025-01-11T11:48:28.343+0000] {processor.py:183} INFO - Processing /home/airflow/.local/lib/python3.12/site-packages/airflow/example_dags/example_sensor_decorator.py took 0.048 seconds
[2025-01-11T11:48:58.604+0000] {processor.py:161} INFO - Started process (PID=1730) to work on /home/airflow/.local/lib/python3.12/site-packages/airflow/example_dags/example_sensor_decorator.py
[2025-01-11T11:48:58.605+0000] {processor.py:830} INFO - Processing file /home/airflow/.local/lib/python3.12/site-packages/airflow/example_dags/example_sensor_decorator.py for tasks to queue
[2025-01-11T11:48:58.606+0000] {logging_mixin.py:188} INFO - [2025-01-11T11:48:58.606+0000] {dagbag.py:545} INFO - Filling up the DagBag from /home/airflow/.local/lib/python3.12/site-packages/airflow/example_dags/example_sensor_decorator.py
[2025-01-11T11:48:58.611+0000] {processor.py:840} INFO - DAG(s) 'example_sensor_decorator' retrieved from /home/airflow/.local/lib/python3.12/site-packages/airflow/example_dags/example_sensor_decorator.py
[2025-01-11T11:48:58.623+0000] {logging_mixin.py:188} INFO - [2025-01-11T11:48:58.623+0000] {dag.py:3089} INFO - Sync 1 DAGs
[2025-01-11T11:48:58.631+0000] {logging_mixin.py:188} INFO - [2025-01-11T11:48:58.630+0000] {dag.py:3947} INFO - Setting next_dagrun for example_sensor_decorator to None, run_after=None
[2025-01-11T11:48:58.640+0000] {processor.py:183} INFO - Processing /home/airflow/.local/lib/python3.12/site-packages/airflow/example_dags/example_sensor_decorator.py took 0.040 seconds
[2025-01-11T11:49:30.604+0000] {processor.py:161} INFO - Started process (PID=2034) to work on /home/airflow/.local/lib/python3.12/site-packages/airflow/example_dags/example_sensor_decorator.py
[2025-01-11T11:49:30.604+0000] {processor.py:830} INFO - Processing file /home/airflow/.local/lib/python3.12/site-packages/airflow/example_dags/example_sensor_decorator.py for tasks to queue
[2025-01-11T11:49:30.606+0000] {logging_mixin.py:188} INFO - [2025-01-11T11:49:30.605+0000] {dagbag.py:545} INFO - Filling up the DagBag from /home/airflow/.local/lib/python3.12/site-packages/airflow/example_dags/example_sensor_decorator.py
[2025-01-11T11:49:30.610+0000] {processor.py:840} INFO - DAG(s) 'example_sensor_decorator' retrieved from /home/airflow/.local/lib/python3.12/site-packages/airflow/example_dags/example_sensor_decorator.py
[2025-01-11T11:49:30.622+0000] {logging_mixin.py:188} INFO - [2025-01-11T11:49:30.622+0000] {dag.py:3089} INFO - Sync 1 DAGs
[2025-01-11T11:49:30.629+0000] {logging_mixin.py:188} INFO - [2025-01-11T11:49:30.629+0000] {dag.py:3947} INFO - Setting next_dagrun for example_sensor_decorator to None, run_after=None
[2025-01-11T11:49:30.639+0000] {processor.py:183} INFO - Processing /home/airflow/.local/lib/python3.12/site-packages/airflow/example_dags/example_sensor_decorator.py took 0.039 seconds
[2025-01-11T11:50:01.299+0000] {processor.py:161} INFO - Started process (PID=2309) to work on /home/airflow/.local/lib/python3.12/site-packages/airflow/example_dags/example_sensor_decorator.py
[2025-01-11T11:50:01.300+0000] {processor.py:830} INFO - Processing file /home/airflow/.local/lib/python3.12/site-packages/airflow/example_dags/example_sensor_decorator.py for tasks to queue
[2025-01-11T11:50:01.301+0000] {logging_mixin.py:188} INFO - [2025-01-11T11:50:01.301+0000] {dagbag.py:545} INFO - Filling up the DagBag from /home/airflow/.local/lib/python3.12/site-packages/airflow/example_dags/example_sensor_decorator.py
[2025-01-11T11:50:01.306+0000] {processor.py:840} INFO - DAG(s) 'example_sensor_decorator' retrieved from /home/airflow/.local/lib/python3.12/site-packages/airflow/example_dags/example_sensor_decorator.py
[2025-01-11T11:50:01.323+0000] {logging_mixin.py:188} INFO - [2025-01-11T11:50:01.323+0000] {dag.py:3089} INFO - Sync 1 DAGs
[2025-01-11T11:50:01.332+0000] {logging_mixin.py:188} INFO - [2025-01-11T11:50:01.332+0000] {dag.py:3947} INFO - Setting next_dagrun for example_sensor_decorator to None, run_after=None
[2025-01-11T11:50:01.346+0000] {processor.py:183} INFO - Processing /home/airflow/.local/lib/python3.12/site-packages/airflow/example_dags/example_sensor_decorator.py took 0.052 seconds
[2025-01-11T11:50:31.800+0000] {processor.py:161} INFO - Started process (PID=2588) to work on /home/airflow/.local/lib/python3.12/site-packages/airflow/example_dags/example_sensor_decorator.py
[2025-01-11T11:50:31.801+0000] {processor.py:830} INFO - Processing file /home/airflow/.local/lib/python3.12/site-packages/airflow/example_dags/example_sensor_decorator.py for tasks to queue
[2025-01-11T11:50:31.803+0000] {logging_mixin.py:188} INFO - [2025-01-11T11:50:31.803+0000] {dagbag.py:545} INFO - Filling up the DagBag from /home/airflow/.local/lib/python3.12/site-packages/airflow/example_dags/example_sensor_decorator.py
[2025-01-11T11:50:31.808+0000] {processor.py:840} INFO - DAG(s) 'example_sensor_decorator' retrieved from /home/airflow/.local/lib/python3.12/site-packages/airflow/example_dags/example_sensor_decorator.py
[2025-01-11T11:50:31.826+0000] {logging_mixin.py:188} INFO - [2025-01-11T11:50:31.826+0000] {dag.py:3089} INFO - Sync 1 DAGs
[2025-01-11T11:50:31.834+0000] {logging_mixin.py:188} INFO - [2025-01-11T11:50:31.834+0000] {dag.py:3947} INFO - Setting next_dagrun for example_sensor_decorator to None, run_after=None
[2025-01-11T11:50:31.847+0000] {processor.py:183} INFO - Processing /home/airflow/.local/lib/python3.12/site-packages/airflow/example_dags/example_sensor_decorator.py took 0.051 seconds
[2025-01-11T11:51:01.985+0000] {processor.py:161} INFO - Started process (PID=2868) to work on /home/airflow/.local/lib/python3.12/site-packages/airflow/example_dags/example_sensor_decorator.py
[2025-01-11T11:51:01.987+0000] {processor.py:830} INFO - Processing file /home/airflow/.local/lib/python3.12/site-packages/airflow/example_dags/example_sensor_decorator.py for tasks to queue
[2025-01-11T11:51:01.988+0000] {logging_mixin.py:188} INFO - [2025-01-11T11:51:01.988+0000] {dagbag.py:545} INFO - Filling up the DagBag from /home/airflow/.local/lib/python3.12/site-packages/airflow/example_dags/example_sensor_decorator.py
[2025-01-11T11:51:01.993+0000] {processor.py:840} INFO - DAG(s) 'example_sensor_decorator' retrieved from /home/airflow/.local/lib/python3.12/site-packages/airflow/example_dags/example_sensor_decorator.py
[2025-01-11T11:51:02.006+0000] {logging_mixin.py:188} INFO - [2025-01-11T11:51:02.005+0000] {dag.py:3089} INFO - Sync 1 DAGs
[2025-01-11T11:51:02.012+0000] {logging_mixin.py:188} INFO - [2025-01-11T11:51:02.012+0000] {dag.py:3947} INFO - Setting next_dagrun for example_sensor_decorator to None, run_after=None
[2025-01-11T11:51:02.023+0000] {processor.py:183} INFO - Processing /home/airflow/.local/lib/python3.12/site-packages/airflow/example_dags/example_sensor_decorator.py took 0.041 seconds
[2025-01-11T11:51:36.032+0000] {processor.py:161} INFO - Started process (PID=3231) to work on /home/airflow/.local/lib/python3.12/site-packages/airflow/example_dags/example_sensor_decorator.py
[2025-01-11T11:51:36.033+0000] {processor.py:830} INFO - Processing file /home/airflow/.local/lib/python3.12/site-packages/airflow/example_dags/example_sensor_decorator.py for tasks to queue
[2025-01-11T11:51:36.034+0000] {logging_mixin.py:188} INFO - [2025-01-11T11:51:36.034+0000] {dagbag.py:545} INFO - Filling up the DagBag from /home/airflow/.local/lib/python3.12/site-packages/airflow/example_dags/example_sensor_decorator.py
[2025-01-11T11:51:36.038+0000] {processor.py:840} INFO - DAG(s) 'example_sensor_decorator' retrieved from /home/airflow/.local/lib/python3.12/site-packages/airflow/example_dags/example_sensor_decorator.py
[2025-01-11T11:51:36.052+0000] {logging_mixin.py:188} INFO - [2025-01-11T11:51:36.052+0000] {dag.py:3089} INFO - Sync 1 DAGs
[2025-01-11T11:51:36.059+0000] {logging_mixin.py:188} INFO - [2025-01-11T11:51:36.059+0000] {dag.py:3947} INFO - Setting next_dagrun for example_sensor_decorator to None, run_after=None
[2025-01-11T11:51:36.070+0000] {processor.py:183} INFO - Processing /home/airflow/.local/lib/python3.12/site-packages/airflow/example_dags/example_sensor_decorator.py took 0.042 seconds
[2025-01-11T11:52:06.458+0000] {processor.py:161} INFO - Started process (PID=3504) to work on /home/airflow/.local/lib/python3.12/site-packages/airflow/example_dags/example_sensor_decorator.py
[2025-01-11T11:52:06.459+0000] {processor.py:830} INFO - Processing file /home/airflow/.local/lib/python3.12/site-packages/airflow/example_dags/example_sensor_decorator.py for tasks to queue
[2025-01-11T11:52:06.461+0000] {logging_mixin.py:188} INFO - [2025-01-11T11:52:06.460+0000] {dagbag.py:545} INFO - Filling up the DagBag from /home/airflow/.local/lib/python3.12/site-packages/airflow/example_dags/example_sensor_decorator.py
[2025-01-11T11:52:06.465+0000] {processor.py:840} INFO - DAG(s) 'example_sensor_decorator' retrieved from /home/airflow/.local/lib/python3.12/site-packages/airflow/example_dags/example_sensor_decorator.py
[2025-01-11T11:52:06.481+0000] {logging_mixin.py:188} INFO - [2025-01-11T11:52:06.481+0000] {dag.py:3089} INFO - Sync 1 DAGs
[2025-01-11T11:52:06.490+0000] {logging_mixin.py:188} INFO - [2025-01-11T11:52:06.490+0000] {dag.py:3947} INFO - Setting next_dagrun for example_sensor_decorator to None, run_after=None
[2025-01-11T11:52:06.505+0000] {processor.py:183} INFO - Processing /home/airflow/.local/lib/python3.12/site-packages/airflow/example_dags/example_sensor_decorator.py took 0.051 seconds
[2025-01-11T11:52:37.028+0000] {processor.py:161} INFO - Started process (PID=3781) to work on /home/airflow/.local/lib/python3.12/site-packages/airflow/example_dags/example_sensor_decorator.py
[2025-01-11T11:52:37.029+0000] {processor.py:830} INFO - Processing file /home/airflow/.local/lib/python3.12/site-packages/airflow/example_dags/example_sensor_decorator.py for tasks to queue
[2025-01-11T11:52:37.030+0000] {logging_mixin.py:188} INFO - [2025-01-11T11:52:37.030+0000] {dagbag.py:545} INFO - Filling up the DagBag from /home/airflow/.local/lib/python3.12/site-packages/airflow/example_dags/example_sensor_decorator.py
[2025-01-11T11:52:37.035+0000] {processor.py:840} INFO - DAG(s) 'example_sensor_decorator' retrieved from /home/airflow/.local/lib/python3.12/site-packages/airflow/example_dags/example_sensor_decorator.py
[2025-01-11T11:52:37.051+0000] {logging_mixin.py:188} INFO - [2025-01-11T11:52:37.050+0000] {dag.py:3089} INFO - Sync 1 DAGs
[2025-01-11T11:52:37.058+0000] {logging_mixin.py:188} INFO - [2025-01-11T11:52:37.058+0000] {dag.py:3947} INFO - Setting next_dagrun for example_sensor_decorator to None, run_after=None
[2025-01-11T11:52:37.070+0000] {processor.py:183} INFO - Processing /home/airflow/.local/lib/python3.12/site-packages/airflow/example_dags/example_sensor_decorator.py took 0.045 seconds
[2025-01-11T11:53:07.883+0000] {processor.py:161} INFO - Started process (PID=4056) to work on /home/airflow/.local/lib/python3.12/site-packages/airflow/example_dags/example_sensor_decorator.py
[2025-01-11T11:53:07.884+0000] {processor.py:830} INFO - Processing file /home/airflow/.local/lib/python3.12/site-packages/airflow/example_dags/example_sensor_decorator.py for tasks to queue
[2025-01-11T11:53:07.886+0000] {logging_mixin.py:188} INFO - [2025-01-11T11:53:07.886+0000] {dagbag.py:545} INFO - Filling up the DagBag from /home/airflow/.local/lib/python3.12/site-packages/airflow/example_dags/example_sensor_decorator.py
[2025-01-11T11:53:07.892+0000] {processor.py:840} INFO - DAG(s) 'example_sensor_decorator' retrieved from /home/airflow/.local/lib/python3.12/site-packages/airflow/example_dags/example_sensor_decorator.py
[2025-01-11T11:53:07.907+0000] {logging_mixin.py:188} INFO - [2025-01-11T11:53:07.907+0000] {dag.py:3089} INFO - Sync 1 DAGs
[2025-01-11T11:53:07.915+0000] {logging_mixin.py:188} INFO - [2025-01-11T11:53:07.915+0000] {dag.py:3947} INFO - Setting next_dagrun for example_sensor_decorator to None, run_after=None
[2025-01-11T11:53:07.927+0000] {processor.py:183} INFO - Processing /home/airflow/.local/lib/python3.12/site-packages/airflow/example_dags/example_sensor_decorator.py took 0.049 seconds
[2025-01-11T11:53:38.353+0000] {processor.py:161} INFO - Started process (PID=4333) to work on /home/airflow/.local/lib/python3.12/site-packages/airflow/example_dags/example_sensor_decorator.py
[2025-01-11T11:53:38.353+0000] {processor.py:830} INFO - Processing file /home/airflow/.local/lib/python3.12/site-packages/airflow/example_dags/example_sensor_decorator.py for tasks to queue
[2025-01-11T11:53:38.354+0000] {logging_mixin.py:188} INFO - [2025-01-11T11:53:38.354+0000] {dagbag.py:545} INFO - Filling up the DagBag from /home/airflow/.local/lib/python3.12/site-packages/airflow/example_dags/example_sensor_decorator.py
[2025-01-11T11:53:38.359+0000] {processor.py:840} INFO - DAG(s) 'example_sensor_decorator' retrieved from /home/airflow/.local/lib/python3.12/site-packages/airflow/example_dags/example_sensor_decorator.py
[2025-01-11T11:53:38.373+0000] {logging_mixin.py:188} INFO - [2025-01-11T11:53:38.373+0000] {dag.py:3089} INFO - Sync 1 DAGs
[2025-01-11T11:53:38.380+0000] {logging_mixin.py:188} INFO - [2025-01-11T11:53:38.380+0000] {dag.py:3947} INFO - Setting next_dagrun for example_sensor_decorator to None, run_after=None
[2025-01-11T11:53:38.391+0000] {processor.py:183} INFO - Processing /home/airflow/.local/lib/python3.12/site-packages/airflow/example_dags/example_sensor_decorator.py took 0.042 seconds
[2025-01-11T11:54:09.667+0000] {processor.py:161} INFO - Started process (PID=4612) to work on /home/airflow/.local/lib/python3.12/site-packages/airflow/example_dags/example_sensor_decorator.py
[2025-01-11T11:54:09.668+0000] {processor.py:830} INFO - Processing file /home/airflow/.local/lib/python3.12/site-packages/airflow/example_dags/example_sensor_decorator.py for tasks to queue
[2025-01-11T11:54:09.669+0000] {logging_mixin.py:188} INFO - [2025-01-11T11:54:09.669+0000] {dagbag.py:545} INFO - Filling up the DagBag from /home/airflow/.local/lib/python3.12/site-packages/airflow/example_dags/example_sensor_decorator.py
[2025-01-11T11:54:09.673+0000] {processor.py:840} INFO - DAG(s) 'example_sensor_decorator' retrieved from /home/airflow/.local/lib/python3.12/site-packages/airflow/example_dags/example_sensor_decorator.py
[2025-01-11T11:54:09.686+0000] {logging_mixin.py:188} INFO - [2025-01-11T11:54:09.686+0000] {dag.py:3089} INFO - Sync 1 DAGs
[2025-01-11T11:54:09.693+0000] {logging_mixin.py:188} INFO - [2025-01-11T11:54:09.693+0000] {dag.py:3947} INFO - Setting next_dagrun for example_sensor_decorator to None, run_after=None
[2025-01-11T11:54:09.703+0000] {processor.py:183} INFO - Processing /home/airflow/.local/lib/python3.12/site-packages/airflow/example_dags/example_sensor_decorator.py took 0.040 seconds
[2025-01-11T11:54:40.017+0000] {processor.py:161} INFO - Started process (PID=4889) to work on /home/airflow/.local/lib/python3.12/site-packages/airflow/example_dags/example_sensor_decorator.py
[2025-01-11T11:54:40.018+0000] {processor.py:830} INFO - Processing file /home/airflow/.local/lib/python3.12/site-packages/airflow/example_dags/example_sensor_decorator.py for tasks to queue
[2025-01-11T11:54:40.020+0000] {logging_mixin.py:188} INFO - [2025-01-11T11:54:40.019+0000] {dagbag.py:545} INFO - Filling up the DagBag from /home/airflow/.local/lib/python3.12/site-packages/airflow/example_dags/example_sensor_decorator.py
[2025-01-11T11:54:40.025+0000] {processor.py:840} INFO - DAG(s) 'example_sensor_decorator' retrieved from /home/airflow/.local/lib/python3.12/site-packages/airflow/example_dags/example_sensor_decorator.py
[2025-01-11T11:54:40.040+0000] {logging_mixin.py:188} INFO - [2025-01-11T11:54:40.040+0000] {dag.py:3089} INFO - Sync 1 DAGs
[2025-01-11T11:54:40.050+0000] {logging_mixin.py:188} INFO - [2025-01-11T11:54:40.049+0000] {dag.py:3947} INFO - Setting next_dagrun for example_sensor_decorator to None, run_after=None
[2025-01-11T11:54:40.062+0000] {processor.py:183} INFO - Processing /home/airflow/.local/lib/python3.12/site-packages/airflow/example_dags/example_sensor_decorator.py took 0.051 seconds
[2025-01-11T11:55:10.613+0000] {processor.py:161} INFO - Started process (PID=5164) to work on /home/airflow/.local/lib/python3.12/site-packages/airflow/example_dags/example_sensor_decorator.py
[2025-01-11T11:55:10.613+0000] {processor.py:830} INFO - Processing file /home/airflow/.local/lib/python3.12/site-packages/airflow/example_dags/example_sensor_decorator.py for tasks to queue
[2025-01-11T11:55:10.615+0000] {logging_mixin.py:188} INFO - [2025-01-11T11:55:10.614+0000] {dagbag.py:545} INFO - Filling up the DagBag from /home/airflow/.local/lib/python3.12/site-packages/airflow/example_dags/example_sensor_decorator.py
[2025-01-11T11:55:10.620+0000] {processor.py:840} INFO - DAG(s) 'example_sensor_decorator' retrieved from /home/airflow/.local/lib/python3.12/site-packages/airflow/example_dags/example_sensor_decorator.py
[2025-01-11T11:55:10.634+0000] {logging_mixin.py:188} INFO - [2025-01-11T11:55:10.634+0000] {dag.py:3089} INFO - Sync 1 DAGs
[2025-01-11T11:55:10.641+0000] {logging_mixin.py:188} INFO - [2025-01-11T11:55:10.641+0000] {dag.py:3947} INFO - Setting next_dagrun for example_sensor_decorator to None, run_after=None
[2025-01-11T11:55:10.653+0000] {processor.py:183} INFO - Processing /home/airflow/.local/lib/python3.12/site-packages/airflow/example_dags/example_sensor_decorator.py took 0.045 seconds
[2025-01-11T11:55:41.543+0000] {processor.py:161} INFO - Started process (PID=5441) to work on /home/airflow/.local/lib/python3.12/site-packages/airflow/example_dags/example_sensor_decorator.py
[2025-01-11T11:55:41.543+0000] {processor.py:830} INFO - Processing file /home/airflow/.local/lib/python3.12/site-packages/airflow/example_dags/example_sensor_decorator.py for tasks to queue
[2025-01-11T11:55:41.545+0000] {logging_mixin.py:188} INFO - [2025-01-11T11:55:41.544+0000] {dagbag.py:545} INFO - Filling up the DagBag from /home/airflow/.local/lib/python3.12/site-packages/airflow/example_dags/example_sensor_decorator.py
[2025-01-11T11:55:41.549+0000] {processor.py:840} INFO - DAG(s) 'example_sensor_decorator' retrieved from /home/airflow/.local/lib/python3.12/site-packages/airflow/example_dags/example_sensor_decorator.py
[2025-01-11T11:55:41.563+0000] {logging_mixin.py:188} INFO - [2025-01-11T11:55:41.563+0000] {dag.py:3089} INFO - Sync 1 DAGs
[2025-01-11T11:55:41.570+0000] {logging_mixin.py:188} INFO - [2025-01-11T11:55:41.570+0000] {dag.py:3947} INFO - Setting next_dagrun for example_sensor_decorator to None, run_after=None
[2025-01-11T11:55:41.582+0000] {processor.py:183} INFO - Processing /home/airflow/.local/lib/python3.12/site-packages/airflow/example_dags/example_sensor_decorator.py took 0.045 seconds
[2025-01-11T11:56:12.836+0000] {processor.py:161} INFO - Started process (PID=5719) to work on /home/airflow/.local/lib/python3.12/site-packages/airflow/example_dags/example_sensor_decorator.py
[2025-01-11T11:56:12.837+0000] {processor.py:830} INFO - Processing file /home/airflow/.local/lib/python3.12/site-packages/airflow/example_dags/example_sensor_decorator.py for tasks to queue
[2025-01-11T11:56:12.839+0000] {logging_mixin.py:188} INFO - [2025-01-11T11:56:12.838+0000] {dagbag.py:545} INFO - Filling up the DagBag from /home/airflow/.local/lib/python3.12/site-packages/airflow/example_dags/example_sensor_decorator.py
[2025-01-11T11:56:12.843+0000] {processor.py:840} INFO - DAG(s) 'example_sensor_decorator' retrieved from /home/airflow/.local/lib/python3.12/site-packages/airflow/example_dags/example_sensor_decorator.py
[2025-01-11T11:56:12.859+0000] {logging_mixin.py:188} INFO - [2025-01-11T11:56:12.859+0000] {dag.py:3089} INFO - Sync 1 DAGs
[2025-01-11T11:56:12.868+0000] {logging_mixin.py:188} INFO - [2025-01-11T11:56:12.868+0000] {dag.py:3947} INFO - Setting next_dagrun for example_sensor_decorator to None, run_after=None
[2025-01-11T11:56:12.880+0000] {processor.py:183} INFO - Processing /home/airflow/.local/lib/python3.12/site-packages/airflow/example_dags/example_sensor_decorator.py took 0.050 seconds
[2025-01-11T11:56:43.143+0000] {processor.py:161} INFO - Started process (PID=5996) to work on /home/airflow/.local/lib/python3.12/site-packages/airflow/example_dags/example_sensor_decorator.py
[2025-01-11T11:56:43.144+0000] {processor.py:830} INFO - Processing file /home/airflow/.local/lib/python3.12/site-packages/airflow/example_dags/example_sensor_decorator.py for tasks to queue
[2025-01-11T11:56:43.145+0000] {logging_mixin.py:188} INFO - [2025-01-11T11:56:43.145+0000] {dagbag.py:545} INFO - Filling up the DagBag from /home/airflow/.local/lib/python3.12/site-packages/airflow/example_dags/example_sensor_decorator.py
[2025-01-11T11:56:43.149+0000] {processor.py:840} INFO - DAG(s) 'example_sensor_decorator' retrieved from /home/airflow/.local/lib/python3.12/site-packages/airflow/example_dags/example_sensor_decorator.py
[2025-01-11T11:56:43.164+0000] {logging_mixin.py:188} INFO - [2025-01-11T11:56:43.164+0000] {dag.py:3089} INFO - Sync 1 DAGs
[2025-01-11T11:56:43.171+0000] {logging_mixin.py:188} INFO - [2025-01-11T11:56:43.170+0000] {dag.py:3947} INFO - Setting next_dagrun for example_sensor_decorator to None, run_after=None
[2025-01-11T11:56:43.182+0000] {processor.py:183} INFO - Processing /home/airflow/.local/lib/python3.12/site-packages/airflow/example_dags/example_sensor_decorator.py took 0.046 seconds
[2025-01-11T11:57:13.621+0000] {processor.py:161} INFO - Started process (PID=6273) to work on /home/airflow/.local/lib/python3.12/site-packages/airflow/example_dags/example_sensor_decorator.py
[2025-01-11T11:57:13.622+0000] {processor.py:830} INFO - Processing file /home/airflow/.local/lib/python3.12/site-packages/airflow/example_dags/example_sensor_decorator.py for tasks to queue
[2025-01-11T11:57:13.623+0000] {logging_mixin.py:188} INFO - [2025-01-11T11:57:13.623+0000] {dagbag.py:545} INFO - Filling up the DagBag from /home/airflow/.local/lib/python3.12/site-packages/airflow/example_dags/example_sensor_decorator.py
[2025-01-11T11:57:13.626+0000] {processor.py:840} INFO - DAG(s) 'example_sensor_decorator' retrieved from /home/airflow/.local/lib/python3.12/site-packages/airflow/example_dags/example_sensor_decorator.py
[2025-01-11T11:57:13.640+0000] {logging_mixin.py:188} INFO - [2025-01-11T11:57:13.640+0000] {dag.py:3089} INFO - Sync 1 DAGs
[2025-01-11T11:57:13.646+0000] {logging_mixin.py:188} INFO - [2025-01-11T11:57:13.646+0000] {dag.py:3947} INFO - Setting next_dagrun for example_sensor_decorator to None, run_after=None
[2025-01-11T11:57:13.657+0000] {processor.py:183} INFO - Processing /home/airflow/.local/lib/python3.12/site-packages/airflow/example_dags/example_sensor_decorator.py took 0.040 seconds
[2025-01-11T11:57:46.969+0000] {processor.py:161} INFO - Started process (PID=6552) to work on /home/airflow/.local/lib/python3.12/site-packages/airflow/example_dags/example_sensor_decorator.py
[2025-01-11T11:57:46.970+0000] {processor.py:830} INFO - Processing file /home/airflow/.local/lib/python3.12/site-packages/airflow/example_dags/example_sensor_decorator.py for tasks to queue
[2025-01-11T11:57:46.972+0000] {logging_mixin.py:188} INFO - [2025-01-11T11:57:46.972+0000] {dagbag.py:545} INFO - Filling up the DagBag from /home/airflow/.local/lib/python3.12/site-packages/airflow/example_dags/example_sensor_decorator.py
[2025-01-11T11:57:46.979+0000] {processor.py:840} INFO - DAG(s) 'example_sensor_decorator' retrieved from /home/airflow/.local/lib/python3.12/site-packages/airflow/example_dags/example_sensor_decorator.py
[2025-01-11T11:57:46.999+0000] {logging_mixin.py:188} INFO - [2025-01-11T11:57:46.999+0000] {dag.py:3089} INFO - Sync 1 DAGs
[2025-01-11T11:57:47.009+0000] {logging_mixin.py:188} INFO - [2025-01-11T11:57:47.009+0000] {dag.py:3947} INFO - Setting next_dagrun for example_sensor_decorator to None, run_after=None
[2025-01-11T11:57:47.024+0000] {processor.py:183} INFO - Processing /home/airflow/.local/lib/python3.12/site-packages/airflow/example_dags/example_sensor_decorator.py took 0.060 seconds
[2025-01-11T11:58:17.365+0000] {processor.py:161} INFO - Started process (PID=6827) to work on /home/airflow/.local/lib/python3.12/site-packages/airflow/example_dags/example_sensor_decorator.py
[2025-01-11T11:58:17.366+0000] {processor.py:830} INFO - Processing file /home/airflow/.local/lib/python3.12/site-packages/airflow/example_dags/example_sensor_decorator.py for tasks to queue
[2025-01-11T11:58:17.367+0000] {logging_mixin.py:188} INFO - [2025-01-11T11:58:17.367+0000] {dagbag.py:545} INFO - Filling up the DagBag from /home/airflow/.local/lib/python3.12/site-packages/airflow/example_dags/example_sensor_decorator.py
[2025-01-11T11:58:17.373+0000] {processor.py:840} INFO - DAG(s) 'example_sensor_decorator' retrieved from /home/airflow/.local/lib/python3.12/site-packages/airflow/example_dags/example_sensor_decorator.py
[2025-01-11T11:58:17.387+0000] {logging_mixin.py:188} INFO - [2025-01-11T11:58:17.387+0000] {dag.py:3089} INFO - Sync 1 DAGs
[2025-01-11T11:58:17.395+0000] {logging_mixin.py:188} INFO - [2025-01-11T11:58:17.394+0000] {dag.py:3947} INFO - Setting next_dagrun for example_sensor_decorator to None, run_after=None
[2025-01-11T11:58:17.405+0000] {processor.py:183} INFO - Processing /home/airflow/.local/lib/python3.12/site-packages/airflow/example_dags/example_sensor_decorator.py took 0.044 seconds
[2025-01-11T11:58:47.594+0000] {processor.py:161} INFO - Started process (PID=7099) to work on /home/airflow/.local/lib/python3.12/site-packages/airflow/example_dags/example_sensor_decorator.py
[2025-01-11T11:58:47.595+0000] {processor.py:830} INFO - Processing file /home/airflow/.local/lib/python3.12/site-packages/airflow/example_dags/example_sensor_decorator.py for tasks to queue
[2025-01-11T11:58:47.596+0000] {logging_mixin.py:188} INFO - [2025-01-11T11:58:47.596+0000] {dagbag.py:545} INFO - Filling up the DagBag from /home/airflow/.local/lib/python3.12/site-packages/airflow/example_dags/example_sensor_decorator.py
[2025-01-11T11:58:47.600+0000] {processor.py:840} INFO - DAG(s) 'example_sensor_decorator' retrieved from /home/airflow/.local/lib/python3.12/site-packages/airflow/example_dags/example_sensor_decorator.py
[2025-01-11T11:58:47.613+0000] {logging_mixin.py:188} INFO - [2025-01-11T11:58:47.613+0000] {dag.py:3089} INFO - Sync 1 DAGs
[2025-01-11T11:58:47.620+0000] {logging_mixin.py:188} INFO - [2025-01-11T11:58:47.620+0000] {dag.py:3947} INFO - Setting next_dagrun for example_sensor_decorator to None, run_after=None
[2025-01-11T11:58:47.631+0000] {processor.py:183} INFO - Processing /home/airflow/.local/lib/python3.12/site-packages/airflow/example_dags/example_sensor_decorator.py took 0.041 seconds
[2025-01-11T11:59:19.251+0000] {processor.py:161} INFO - Started process (PID=7381) to work on /home/airflow/.local/lib/python3.12/site-packages/airflow/example_dags/example_sensor_decorator.py
[2025-01-11T11:59:19.252+0000] {processor.py:830} INFO - Processing file /home/airflow/.local/lib/python3.12/site-packages/airflow/example_dags/example_sensor_decorator.py for tasks to queue
[2025-01-11T11:59:19.253+0000] {logging_mixin.py:188} INFO - [2025-01-11T11:59:19.253+0000] {dagbag.py:545} INFO - Filling up the DagBag from /home/airflow/.local/lib/python3.12/site-packages/airflow/example_dags/example_sensor_decorator.py
[2025-01-11T11:59:19.258+0000] {processor.py:840} INFO - DAG(s) 'example_sensor_decorator' retrieved from /home/airflow/.local/lib/python3.12/site-packages/airflow/example_dags/example_sensor_decorator.py
[2025-01-11T11:59:19.271+0000] {logging_mixin.py:188} INFO - [2025-01-11T11:59:19.271+0000] {dag.py:3089} INFO - Sync 1 DAGs
[2025-01-11T11:59:19.278+0000] {logging_mixin.py:188} INFO - [2025-01-11T11:59:19.278+0000] {dag.py:3947} INFO - Setting next_dagrun for example_sensor_decorator to None, run_after=None
[2025-01-11T11:59:19.288+0000] {processor.py:183} INFO - Processing /home/airflow/.local/lib/python3.12/site-packages/airflow/example_dags/example_sensor_decorator.py took 0.041 seconds
[2025-01-11T11:59:49.540+0000] {processor.py:161} INFO - Started process (PID=7658) to work on /home/airflow/.local/lib/python3.12/site-packages/airflow/example_dags/example_sensor_decorator.py
[2025-01-11T11:59:49.541+0000] {processor.py:830} INFO - Processing file /home/airflow/.local/lib/python3.12/site-packages/airflow/example_dags/example_sensor_decorator.py for tasks to queue
[2025-01-11T11:59:49.542+0000] {logging_mixin.py:188} INFO - [2025-01-11T11:59:49.541+0000] {dagbag.py:545} INFO - Filling up the DagBag from /home/airflow/.local/lib/python3.12/site-packages/airflow/example_dags/example_sensor_decorator.py
[2025-01-11T11:59:49.545+0000] {processor.py:840} INFO - DAG(s) 'example_sensor_decorator' retrieved from /home/airflow/.local/lib/python3.12/site-packages/airflow/example_dags/example_sensor_decorator.py
[2025-01-11T11:59:49.560+0000] {logging_mixin.py:188} INFO - [2025-01-11T11:59:49.560+0000] {dag.py:3089} INFO - Sync 1 DAGs
[2025-01-11T11:59:49.567+0000] {logging_mixin.py:188} INFO - [2025-01-11T11:59:49.567+0000] {dag.py:3947} INFO - Setting next_dagrun for example_sensor_decorator to None, run_after=None
[2025-01-11T11:59:49.578+0000] {processor.py:183} INFO - Processing /home/airflow/.local/lib/python3.12/site-packages/airflow/example_dags/example_sensor_decorator.py took 0.043 seconds
[2025-01-11T12:00:20.629+0000] {processor.py:161} INFO - Started process (PID=7935) to work on /home/airflow/.local/lib/python3.12/site-packages/airflow/example_dags/example_sensor_decorator.py
[2025-01-11T12:00:20.630+0000] {processor.py:830} INFO - Processing file /home/airflow/.local/lib/python3.12/site-packages/airflow/example_dags/example_sensor_decorator.py for tasks to queue
[2025-01-11T12:00:20.631+0000] {logging_mixin.py:188} INFO - [2025-01-11T12:00:20.631+0000] {dagbag.py:545} INFO - Filling up the DagBag from /home/airflow/.local/lib/python3.12/site-packages/airflow/example_dags/example_sensor_decorator.py
[2025-01-11T12:00:20.635+0000] {processor.py:840} INFO - DAG(s) 'example_sensor_decorator' retrieved from /home/airflow/.local/lib/python3.12/site-packages/airflow/example_dags/example_sensor_decorator.py
[2025-01-11T12:00:20.648+0000] {logging_mixin.py:188} INFO - [2025-01-11T12:00:20.648+0000] {dag.py:3089} INFO - Sync 1 DAGs
[2025-01-11T12:00:20.654+0000] {logging_mixin.py:188} INFO - [2025-01-11T12:00:20.654+0000] {dag.py:3947} INFO - Setting next_dagrun for example_sensor_decorator to None, run_after=None
[2025-01-11T12:00:20.663+0000] {processor.py:183} INFO - Processing /home/airflow/.local/lib/python3.12/site-packages/airflow/example_dags/example_sensor_decorator.py took 0.038 seconds
[2025-01-11T12:00:53.552+0000] {processor.py:161} INFO - Started process (PID=8212) to work on /home/airflow/.local/lib/python3.12/site-packages/airflow/example_dags/example_sensor_decorator.py
[2025-01-11T12:00:53.553+0000] {processor.py:830} INFO - Processing file /home/airflow/.local/lib/python3.12/site-packages/airflow/example_dags/example_sensor_decorator.py for tasks to queue
[2025-01-11T12:00:53.554+0000] {logging_mixin.py:188} INFO - [2025-01-11T12:00:53.554+0000] {dagbag.py:545} INFO - Filling up the DagBag from /home/airflow/.local/lib/python3.12/site-packages/airflow/example_dags/example_sensor_decorator.py
[2025-01-11T12:00:53.558+0000] {processor.py:840} INFO - DAG(s) 'example_sensor_decorator' retrieved from /home/airflow/.local/lib/python3.12/site-packages/airflow/example_dags/example_sensor_decorator.py
[2025-01-11T12:00:53.572+0000] {logging_mixin.py:188} INFO - [2025-01-11T12:00:53.572+0000] {dag.py:3089} INFO - Sync 1 DAGs
[2025-01-11T12:00:53.579+0000] {logging_mixin.py:188} INFO - [2025-01-11T12:00:53.579+0000] {dag.py:3947} INFO - Setting next_dagrun for example_sensor_decorator to None, run_after=None
[2025-01-11T12:00:53.590+0000] {processor.py:183} INFO - Processing /home/airflow/.local/lib/python3.12/site-packages/airflow/example_dags/example_sensor_decorator.py took 0.042 seconds
[2025-01-11T12:01:25.200+0000] {processor.py:161} INFO - Started process (PID=8489) to work on /home/airflow/.local/lib/python3.12/site-packages/airflow/example_dags/example_sensor_decorator.py
[2025-01-11T12:01:25.201+0000] {processor.py:830} INFO - Processing file /home/airflow/.local/lib/python3.12/site-packages/airflow/example_dags/example_sensor_decorator.py for tasks to queue
[2025-01-11T12:01:25.202+0000] {logging_mixin.py:188} INFO - [2025-01-11T12:01:25.202+0000] {dagbag.py:545} INFO - Filling up the DagBag from /home/airflow/.local/lib/python3.12/site-packages/airflow/example_dags/example_sensor_decorator.py
[2025-01-11T12:01:25.207+0000] {processor.py:840} INFO - DAG(s) 'example_sensor_decorator' retrieved from /home/airflow/.local/lib/python3.12/site-packages/airflow/example_dags/example_sensor_decorator.py
[2025-01-11T12:01:25.221+0000] {logging_mixin.py:188} INFO - [2025-01-11T12:01:25.221+0000] {dag.py:3089} INFO - Sync 1 DAGs
[2025-01-11T12:01:25.227+0000] {logging_mixin.py:188} INFO - [2025-01-11T12:01:25.227+0000] {dag.py:3947} INFO - Setting next_dagrun for example_sensor_decorator to None, run_after=None
[2025-01-11T12:01:25.240+0000] {processor.py:183} INFO - Processing /home/airflow/.local/lib/python3.12/site-packages/airflow/example_dags/example_sensor_decorator.py took 0.045 seconds
[2025-01-11T12:01:55.768+0000] {processor.py:161} INFO - Started process (PID=8768) to work on /home/airflow/.local/lib/python3.12/site-packages/airflow/example_dags/example_sensor_decorator.py
[2025-01-11T12:01:55.769+0000] {processor.py:830} INFO - Processing file /home/airflow/.local/lib/python3.12/site-packages/airflow/example_dags/example_sensor_decorator.py for tasks to queue
[2025-01-11T12:01:55.771+0000] {logging_mixin.py:188} INFO - [2025-01-11T12:01:55.771+0000] {dagbag.py:545} INFO - Filling up the DagBag from /home/airflow/.local/lib/python3.12/site-packages/airflow/example_dags/example_sensor_decorator.py
[2025-01-11T12:01:55.776+0000] {processor.py:840} INFO - DAG(s) 'example_sensor_decorator' retrieved from /home/airflow/.local/lib/python3.12/site-packages/airflow/example_dags/example_sensor_decorator.py
[2025-01-11T12:01:55.791+0000] {logging_mixin.py:188} INFO - [2025-01-11T12:01:55.791+0000] {dag.py:3089} INFO - Sync 1 DAGs
[2025-01-11T12:01:55.800+0000] {logging_mixin.py:188} INFO - [2025-01-11T12:01:55.800+0000] {dag.py:3947} INFO - Setting next_dagrun for example_sensor_decorator to None, run_after=None
[2025-01-11T12:01:55.812+0000] {processor.py:183} INFO - Processing /home/airflow/.local/lib/python3.12/site-packages/airflow/example_dags/example_sensor_decorator.py took 0.048 seconds
[2025-01-11T12:02:26.306+0000] {processor.py:161} INFO - Started process (PID=9043) to work on /home/airflow/.local/lib/python3.12/site-packages/airflow/example_dags/example_sensor_decorator.py
[2025-01-11T12:02:26.307+0000] {processor.py:830} INFO - Processing file /home/airflow/.local/lib/python3.12/site-packages/airflow/example_dags/example_sensor_decorator.py for tasks to queue
[2025-01-11T12:02:26.308+0000] {logging_mixin.py:188} INFO - [2025-01-11T12:02:26.308+0000] {dagbag.py:545} INFO - Filling up the DagBag from /home/airflow/.local/lib/python3.12/site-packages/airflow/example_dags/example_sensor_decorator.py
[2025-01-11T12:02:26.314+0000] {processor.py:840} INFO - DAG(s) 'example_sensor_decorator' retrieved from /home/airflow/.local/lib/python3.12/site-packages/airflow/example_dags/example_sensor_decorator.py
[2025-01-11T12:02:26.330+0000] {logging_mixin.py:188} INFO - [2025-01-11T12:02:26.330+0000] {dag.py:3089} INFO - Sync 1 DAGs
[2025-01-11T12:02:26.338+0000] {logging_mixin.py:188} INFO - [2025-01-11T12:02:26.338+0000] {dag.py:3947} INFO - Setting next_dagrun for example_sensor_decorator to None, run_after=None
[2025-01-11T12:02:26.349+0000] {processor.py:183} INFO - Processing /home/airflow/.local/lib/python3.12/site-packages/airflow/example_dags/example_sensor_decorator.py took 0.047 seconds
[2025-01-11T12:02:57.421+0000] {processor.py:161} INFO - Started process (PID=9320) to work on /home/airflow/.local/lib/python3.12/site-packages/airflow/example_dags/example_sensor_decorator.py
[2025-01-11T12:02:57.422+0000] {processor.py:830} INFO - Processing file /home/airflow/.local/lib/python3.12/site-packages/airflow/example_dags/example_sensor_decorator.py for tasks to queue
[2025-01-11T12:02:57.423+0000] {logging_mixin.py:188} INFO - [2025-01-11T12:02:57.423+0000] {dagbag.py:545} INFO - Filling up the DagBag from /home/airflow/.local/lib/python3.12/site-packages/airflow/example_dags/example_sensor_decorator.py
[2025-01-11T12:02:57.428+0000] {processor.py:840} INFO - DAG(s) 'example_sensor_decorator' retrieved from /home/airflow/.local/lib/python3.12/site-packages/airflow/example_dags/example_sensor_decorator.py
[2025-01-11T12:02:57.442+0000] {logging_mixin.py:188} INFO - [2025-01-11T12:02:57.441+0000] {dag.py:3089} INFO - Sync 1 DAGs
[2025-01-11T12:02:57.449+0000] {logging_mixin.py:188} INFO - [2025-01-11T12:02:57.449+0000] {dag.py:3947} INFO - Setting next_dagrun for example_sensor_decorator to None, run_after=None
[2025-01-11T12:02:57.460+0000] {processor.py:183} INFO - Processing /home/airflow/.local/lib/python3.12/site-packages/airflow/example_dags/example_sensor_decorator.py took 0.044 seconds
[2025-01-11T12:03:28.194+0000] {processor.py:161} INFO - Started process (PID=9597) to work on /home/airflow/.local/lib/python3.12/site-packages/airflow/example_dags/example_sensor_decorator.py
[2025-01-11T12:03:28.194+0000] {processor.py:830} INFO - Processing file /home/airflow/.local/lib/python3.12/site-packages/airflow/example_dags/example_sensor_decorator.py for tasks to queue
[2025-01-11T12:03:28.196+0000] {logging_mixin.py:188} INFO - [2025-01-11T12:03:28.195+0000] {dagbag.py:545} INFO - Filling up the DagBag from /home/airflow/.local/lib/python3.12/site-packages/airflow/example_dags/example_sensor_decorator.py
[2025-01-11T12:03:28.199+0000] {processor.py:840} INFO - DAG(s) 'example_sensor_decorator' retrieved from /home/airflow/.local/lib/python3.12/site-packages/airflow/example_dags/example_sensor_decorator.py
[2025-01-11T12:03:28.213+0000] {logging_mixin.py:188} INFO - [2025-01-11T12:03:28.213+0000] {dag.py:3089} INFO - Sync 1 DAGs
[2025-01-11T12:03:28.223+0000] {logging_mixin.py:188} INFO - [2025-01-11T12:03:28.223+0000] {dag.py:3947} INFO - Setting next_dagrun for example_sensor_decorator to None, run_after=None
[2025-01-11T12:03:28.235+0000] {processor.py:183} INFO - Processing /home/airflow/.local/lib/python3.12/site-packages/airflow/example_dags/example_sensor_decorator.py took 0.046 seconds
[2025-01-11T12:04:01.257+0000] {processor.py:161} INFO - Started process (PID=9874) to work on /home/airflow/.local/lib/python3.12/site-packages/airflow/example_dags/example_sensor_decorator.py
[2025-01-11T12:04:01.258+0000] {processor.py:830} INFO - Processing file /home/airflow/.local/lib/python3.12/site-packages/airflow/example_dags/example_sensor_decorator.py for tasks to queue
[2025-01-11T12:04:01.259+0000] {logging_mixin.py:188} INFO - [2025-01-11T12:04:01.259+0000] {dagbag.py:545} INFO - Filling up the DagBag from /home/airflow/.local/lib/python3.12/site-packages/airflow/example_dags/example_sensor_decorator.py
[2025-01-11T12:04:01.264+0000] {processor.py:840} INFO - DAG(s) 'example_sensor_decorator' retrieved from /home/airflow/.local/lib/python3.12/site-packages/airflow/example_dags/example_sensor_decorator.py
[2025-01-11T12:04:01.278+0000] {logging_mixin.py:188} INFO - [2025-01-11T12:04:01.278+0000] {dag.py:3089} INFO - Sync 1 DAGs
[2025-01-11T12:04:01.286+0000] {logging_mixin.py:188} INFO - [2025-01-11T12:04:01.286+0000] {dag.py:3947} INFO - Setting next_dagrun for example_sensor_decorator to None, run_after=None
[2025-01-11T12:04:01.297+0000] {processor.py:183} INFO - Processing /home/airflow/.local/lib/python3.12/site-packages/airflow/example_dags/example_sensor_decorator.py took 0.044 seconds
[2025-01-11T12:04:31.632+0000] {processor.py:161} INFO - Started process (PID=10151) to work on /home/airflow/.local/lib/python3.12/site-packages/airflow/example_dags/example_sensor_decorator.py
[2025-01-11T12:04:31.633+0000] {processor.py:830} INFO - Processing file /home/airflow/.local/lib/python3.12/site-packages/airflow/example_dags/example_sensor_decorator.py for tasks to queue
[2025-01-11T12:04:31.634+0000] {logging_mixin.py:188} INFO - [2025-01-11T12:04:31.634+0000] {dagbag.py:545} INFO - Filling up the DagBag from /home/airflow/.local/lib/python3.12/site-packages/airflow/example_dags/example_sensor_decorator.py
[2025-01-11T12:04:31.638+0000] {processor.py:840} INFO - DAG(s) 'example_sensor_decorator' retrieved from /home/airflow/.local/lib/python3.12/site-packages/airflow/example_dags/example_sensor_decorator.py
[2025-01-11T12:04:31.653+0000] {logging_mixin.py:188} INFO - [2025-01-11T12:04:31.653+0000] {dag.py:3089} INFO - Sync 1 DAGs
[2025-01-11T12:04:31.660+0000] {logging_mixin.py:188} INFO - [2025-01-11T12:04:31.660+0000] {dag.py:3947} INFO - Setting next_dagrun for example_sensor_decorator to None, run_after=None
[2025-01-11T12:04:31.671+0000] {processor.py:183} INFO - Processing /home/airflow/.local/lib/python3.12/site-packages/airflow/example_dags/example_sensor_decorator.py took 0.044 seconds
[2025-01-11T12:05:02.621+0000] {processor.py:161} INFO - Started process (PID=10430) to work on /home/airflow/.local/lib/python3.12/site-packages/airflow/example_dags/example_sensor_decorator.py
[2025-01-11T12:05:02.622+0000] {processor.py:830} INFO - Processing file /home/airflow/.local/lib/python3.12/site-packages/airflow/example_dags/example_sensor_decorator.py for tasks to queue
[2025-01-11T12:05:02.623+0000] {logging_mixin.py:188} INFO - [2025-01-11T12:05:02.623+0000] {dagbag.py:545} INFO - Filling up the DagBag from /home/airflow/.local/lib/python3.12/site-packages/airflow/example_dags/example_sensor_decorator.py
[2025-01-11T12:05:02.627+0000] {processor.py:840} INFO - DAG(s) 'example_sensor_decorator' retrieved from /home/airflow/.local/lib/python3.12/site-packages/airflow/example_dags/example_sensor_decorator.py
[2025-01-11T12:05:02.640+0000] {logging_mixin.py:188} INFO - [2025-01-11T12:05:02.640+0000] {dag.py:3089} INFO - Sync 1 DAGs
[2025-01-11T12:05:02.647+0000] {logging_mixin.py:188} INFO - [2025-01-11T12:05:02.646+0000] {dag.py:3947} INFO - Setting next_dagrun for example_sensor_decorator to None, run_after=None
[2025-01-11T12:05:02.657+0000] {processor.py:183} INFO - Processing /home/airflow/.local/lib/python3.12/site-packages/airflow/example_dags/example_sensor_decorator.py took 0.040 seconds
[2025-01-11T12:05:33.746+0000] {processor.py:161} INFO - Started process (PID=10705) to work on /home/airflow/.local/lib/python3.12/site-packages/airflow/example_dags/example_sensor_decorator.py
[2025-01-11T12:05:33.747+0000] {processor.py:830} INFO - Processing file /home/airflow/.local/lib/python3.12/site-packages/airflow/example_dags/example_sensor_decorator.py for tasks to queue
[2025-01-11T12:05:33.749+0000] {logging_mixin.py:188} INFO - [2025-01-11T12:05:33.749+0000] {dagbag.py:545} INFO - Filling up the DagBag from /home/airflow/.local/lib/python3.12/site-packages/airflow/example_dags/example_sensor_decorator.py
[2025-01-11T12:05:33.753+0000] {processor.py:840} INFO - DAG(s) 'example_sensor_decorator' retrieved from /home/airflow/.local/lib/python3.12/site-packages/airflow/example_dags/example_sensor_decorator.py
[2025-01-11T12:05:33.766+0000] {logging_mixin.py:188} INFO - [2025-01-11T12:05:33.766+0000] {dag.py:3089} INFO - Sync 1 DAGs
[2025-01-11T12:05:33.773+0000] {logging_mixin.py:188} INFO - [2025-01-11T12:05:33.773+0000] {dag.py:3947} INFO - Setting next_dagrun for example_sensor_decorator to None, run_after=None
[2025-01-11T12:05:33.785+0000] {processor.py:183} INFO - Processing /home/airflow/.local/lib/python3.12/site-packages/airflow/example_dags/example_sensor_decorator.py took 0.043 seconds
[2025-01-11T12:06:04.502+0000] {processor.py:161} INFO - Started process (PID=10982) to work on /home/airflow/.local/lib/python3.12/site-packages/airflow/example_dags/example_sensor_decorator.py
[2025-01-11T12:06:04.503+0000] {processor.py:830} INFO - Processing file /home/airflow/.local/lib/python3.12/site-packages/airflow/example_dags/example_sensor_decorator.py for tasks to queue
[2025-01-11T12:06:04.504+0000] {logging_mixin.py:188} INFO - [2025-01-11T12:06:04.504+0000] {dagbag.py:545} INFO - Filling up the DagBag from /home/airflow/.local/lib/python3.12/site-packages/airflow/example_dags/example_sensor_decorator.py
[2025-01-11T12:06:04.509+0000] {processor.py:840} INFO - DAG(s) 'example_sensor_decorator' retrieved from /home/airflow/.local/lib/python3.12/site-packages/airflow/example_dags/example_sensor_decorator.py
[2025-01-11T12:06:04.521+0000] {logging_mixin.py:188} INFO - [2025-01-11T12:06:04.521+0000] {dag.py:3089} INFO - Sync 1 DAGs
[2025-01-11T12:06:04.530+0000] {logging_mixin.py:188} INFO - [2025-01-11T12:06:04.530+0000] {dag.py:3947} INFO - Setting next_dagrun for example_sensor_decorator to None, run_after=None
[2025-01-11T12:06:04.542+0000] {processor.py:183} INFO - Processing /home/airflow/.local/lib/python3.12/site-packages/airflow/example_dags/example_sensor_decorator.py took 0.045 seconds
[2025-01-11T12:06:35.202+0000] {processor.py:161} INFO - Started process (PID=11259) to work on /home/airflow/.local/lib/python3.12/site-packages/airflow/example_dags/example_sensor_decorator.py
[2025-01-11T12:06:35.202+0000] {processor.py:830} INFO - Processing file /home/airflow/.local/lib/python3.12/site-packages/airflow/example_dags/example_sensor_decorator.py for tasks to queue
[2025-01-11T12:06:35.203+0000] {logging_mixin.py:188} INFO - [2025-01-11T12:06:35.203+0000] {dagbag.py:545} INFO - Filling up the DagBag from /home/airflow/.local/lib/python3.12/site-packages/airflow/example_dags/example_sensor_decorator.py
[2025-01-11T12:06:35.208+0000] {processor.py:840} INFO - DAG(s) 'example_sensor_decorator' retrieved from /home/airflow/.local/lib/python3.12/site-packages/airflow/example_dags/example_sensor_decorator.py
[2025-01-11T12:06:35.221+0000] {logging_mixin.py:188} INFO - [2025-01-11T12:06:35.221+0000] {dag.py:3089} INFO - Sync 1 DAGs
[2025-01-11T12:06:35.230+0000] {logging_mixin.py:188} INFO - [2025-01-11T12:06:35.230+0000] {dag.py:3947} INFO - Setting next_dagrun for example_sensor_decorator to None, run_after=None
[2025-01-11T12:06:35.241+0000] {processor.py:183} INFO - Processing /home/airflow/.local/lib/python3.12/site-packages/airflow/example_dags/example_sensor_decorator.py took 0.044 seconds
[2025-01-11T12:07:05.560+0000] {processor.py:161} INFO - Started process (PID=11536) to work on /home/airflow/.local/lib/python3.12/site-packages/airflow/example_dags/example_sensor_decorator.py
[2025-01-11T12:07:05.561+0000] {processor.py:830} INFO - Processing file /home/airflow/.local/lib/python3.12/site-packages/airflow/example_dags/example_sensor_decorator.py for tasks to queue
[2025-01-11T12:07:05.562+0000] {logging_mixin.py:188} INFO - [2025-01-11T12:07:05.562+0000] {dagbag.py:545} INFO - Filling up the DagBag from /home/airflow/.local/lib/python3.12/site-packages/airflow/example_dags/example_sensor_decorator.py
[2025-01-11T12:07:05.567+0000] {processor.py:840} INFO - DAG(s) 'example_sensor_decorator' retrieved from /home/airflow/.local/lib/python3.12/site-packages/airflow/example_dags/example_sensor_decorator.py
[2025-01-11T12:07:05.582+0000] {logging_mixin.py:188} INFO - [2025-01-11T12:07:05.581+0000] {dag.py:3089} INFO - Sync 1 DAGs
[2025-01-11T12:07:05.590+0000] {logging_mixin.py:188} INFO - [2025-01-11T12:07:05.590+0000] {dag.py:3947} INFO - Setting next_dagrun for example_sensor_decorator to None, run_after=None
[2025-01-11T12:07:05.601+0000] {processor.py:183} INFO - Processing /home/airflow/.local/lib/python3.12/site-packages/airflow/example_dags/example_sensor_decorator.py took 0.045 seconds
[2025-01-11T12:07:37.604+0000] {processor.py:161} INFO - Started process (PID=11813) to work on /home/airflow/.local/lib/python3.12/site-packages/airflow/example_dags/example_sensor_decorator.py
[2025-01-11T12:07:37.605+0000] {processor.py:830} INFO - Processing file /home/airflow/.local/lib/python3.12/site-packages/airflow/example_dags/example_sensor_decorator.py for tasks to queue
[2025-01-11T12:07:37.606+0000] {logging_mixin.py:188} INFO - [2025-01-11T12:07:37.606+0000] {dagbag.py:545} INFO - Filling up the DagBag from /home/airflow/.local/lib/python3.12/site-packages/airflow/example_dags/example_sensor_decorator.py
[2025-01-11T12:07:37.611+0000] {processor.py:840} INFO - DAG(s) 'example_sensor_decorator' retrieved from /home/airflow/.local/lib/python3.12/site-packages/airflow/example_dags/example_sensor_decorator.py
[2025-01-11T12:07:37.625+0000] {logging_mixin.py:188} INFO - [2025-01-11T12:07:37.625+0000] {dag.py:3089} INFO - Sync 1 DAGs
[2025-01-11T12:07:37.632+0000] {logging_mixin.py:188} INFO - [2025-01-11T12:07:37.632+0000] {dag.py:3947} INFO - Setting next_dagrun for example_sensor_decorator to None, run_after=None
[2025-01-11T12:07:37.750+0000] {processor.py:183} INFO - Processing /home/airflow/.local/lib/python3.12/site-packages/airflow/example_dags/example_sensor_decorator.py took 0.150 seconds
[2025-01-11T12:08:08.349+0000] {processor.py:161} INFO - Started process (PID=12092) to work on /home/airflow/.local/lib/python3.12/site-packages/airflow/example_dags/example_sensor_decorator.py
[2025-01-11T12:08:08.350+0000] {processor.py:830} INFO - Processing file /home/airflow/.local/lib/python3.12/site-packages/airflow/example_dags/example_sensor_decorator.py for tasks to queue
[2025-01-11T12:08:08.351+0000] {logging_mixin.py:188} INFO - [2025-01-11T12:08:08.351+0000] {dagbag.py:545} INFO - Filling up the DagBag from /home/airflow/.local/lib/python3.12/site-packages/airflow/example_dags/example_sensor_decorator.py
[2025-01-11T12:08:08.357+0000] {processor.py:840} INFO - DAG(s) 'example_sensor_decorator' retrieved from /home/airflow/.local/lib/python3.12/site-packages/airflow/example_dags/example_sensor_decorator.py
[2025-01-11T12:08:08.370+0000] {logging_mixin.py:188} INFO - [2025-01-11T12:08:08.370+0000] {dag.py:3089} INFO - Sync 1 DAGs
[2025-01-11T12:08:08.378+0000] {logging_mixin.py:188} INFO - [2025-01-11T12:08:08.378+0000] {dag.py:3947} INFO - Setting next_dagrun for example_sensor_decorator to None, run_after=None
[2025-01-11T12:08:08.389+0000] {processor.py:183} INFO - Processing /home/airflow/.local/lib/python3.12/site-packages/airflow/example_dags/example_sensor_decorator.py took 0.044 seconds
[2025-01-11T12:08:39.154+0000] {processor.py:161} INFO - Started process (PID=12367) to work on /home/airflow/.local/lib/python3.12/site-packages/airflow/example_dags/example_sensor_decorator.py
[2025-01-11T12:08:39.155+0000] {processor.py:830} INFO - Processing file /home/airflow/.local/lib/python3.12/site-packages/airflow/example_dags/example_sensor_decorator.py for tasks to queue
[2025-01-11T12:08:39.156+0000] {logging_mixin.py:188} INFO - [2025-01-11T12:08:39.156+0000] {dagbag.py:545} INFO - Filling up the DagBag from /home/airflow/.local/lib/python3.12/site-packages/airflow/example_dags/example_sensor_decorator.py
[2025-01-11T12:08:39.161+0000] {processor.py:840} INFO - DAG(s) 'example_sensor_decorator' retrieved from /home/airflow/.local/lib/python3.12/site-packages/airflow/example_dags/example_sensor_decorator.py
[2025-01-11T12:08:39.174+0000] {logging_mixin.py:188} INFO - [2025-01-11T12:08:39.174+0000] {dag.py:3089} INFO - Sync 1 DAGs
[2025-01-11T12:08:39.181+0000] {logging_mixin.py:188} INFO - [2025-01-11T12:08:39.181+0000] {dag.py:3947} INFO - Setting next_dagrun for example_sensor_decorator to None, run_after=None
[2025-01-11T12:08:39.191+0000] {processor.py:183} INFO - Processing /home/airflow/.local/lib/python3.12/site-packages/airflow/example_dags/example_sensor_decorator.py took 0.041 seconds
[2025-01-11T12:09:10.051+0000] {processor.py:161} INFO - Started process (PID=12644) to work on /home/airflow/.local/lib/python3.12/site-packages/airflow/example_dags/example_sensor_decorator.py
[2025-01-11T12:09:10.052+0000] {processor.py:830} INFO - Processing file /home/airflow/.local/lib/python3.12/site-packages/airflow/example_dags/example_sensor_decorator.py for tasks to queue
[2025-01-11T12:09:10.053+0000] {logging_mixin.py:188} INFO - [2025-01-11T12:09:10.053+0000] {dagbag.py:545} INFO - Filling up the DagBag from /home/airflow/.local/lib/python3.12/site-packages/airflow/example_dags/example_sensor_decorator.py
[2025-01-11T12:09:10.059+0000] {processor.py:840} INFO - DAG(s) 'example_sensor_decorator' retrieved from /home/airflow/.local/lib/python3.12/site-packages/airflow/example_dags/example_sensor_decorator.py
[2025-01-11T12:09:10.073+0000] {logging_mixin.py:188} INFO - [2025-01-11T12:09:10.073+0000] {dag.py:3089} INFO - Sync 1 DAGs
[2025-01-11T12:09:10.081+0000] {logging_mixin.py:188} INFO - [2025-01-11T12:09:10.080+0000] {dag.py:3947} INFO - Setting next_dagrun for example_sensor_decorator to None, run_after=None
[2025-01-11T12:09:10.092+0000] {processor.py:183} INFO - Processing /home/airflow/.local/lib/python3.12/site-packages/airflow/example_dags/example_sensor_decorator.py took 0.045 seconds
[2025-01-11T12:09:42.017+0000] {processor.py:161} INFO - Started process (PID=12929) to work on /home/airflow/.local/lib/python3.12/site-packages/airflow/example_dags/example_sensor_decorator.py
[2025-01-11T12:09:42.018+0000] {processor.py:830} INFO - Processing file /home/airflow/.local/lib/python3.12/site-packages/airflow/example_dags/example_sensor_decorator.py for tasks to queue
[2025-01-11T12:09:42.019+0000] {logging_mixin.py:188} INFO - [2025-01-11T12:09:42.019+0000] {dagbag.py:545} INFO - Filling up the DagBag from /home/airflow/.local/lib/python3.12/site-packages/airflow/example_dags/example_sensor_decorator.py
[2025-01-11T12:09:42.023+0000] {processor.py:840} INFO - DAG(s) 'example_sensor_decorator' retrieved from /home/airflow/.local/lib/python3.12/site-packages/airflow/example_dags/example_sensor_decorator.py
[2025-01-11T12:09:42.038+0000] {logging_mixin.py:188} INFO - [2025-01-11T12:09:42.038+0000] {dag.py:3089} INFO - Sync 1 DAGs
[2025-01-11T12:09:42.045+0000] {logging_mixin.py:188} INFO - [2025-01-11T12:09:42.045+0000] {dag.py:3947} INFO - Setting next_dagrun for example_sensor_decorator to None, run_after=None
[2025-01-11T12:09:42.057+0000] {processor.py:183} INFO - Processing /home/airflow/.local/lib/python3.12/site-packages/airflow/example_dags/example_sensor_decorator.py took 0.044 seconds
[2025-01-11T12:10:14.102+0000] {processor.py:161} INFO - Started process (PID=13206) to work on /home/airflow/.local/lib/python3.12/site-packages/airflow/example_dags/example_sensor_decorator.py
[2025-01-11T12:10:14.103+0000] {processor.py:830} INFO - Processing file /home/airflow/.local/lib/python3.12/site-packages/airflow/example_dags/example_sensor_decorator.py for tasks to queue
[2025-01-11T12:10:14.104+0000] {logging_mixin.py:188} INFO - [2025-01-11T12:10:14.104+0000] {dagbag.py:545} INFO - Filling up the DagBag from /home/airflow/.local/lib/python3.12/site-packages/airflow/example_dags/example_sensor_decorator.py
[2025-01-11T12:10:14.109+0000] {processor.py:840} INFO - DAG(s) 'example_sensor_decorator' retrieved from /home/airflow/.local/lib/python3.12/site-packages/airflow/example_dags/example_sensor_decorator.py
[2025-01-11T12:10:14.123+0000] {logging_mixin.py:188} INFO - [2025-01-11T12:10:14.123+0000] {dag.py:3089} INFO - Sync 1 DAGs
[2025-01-11T12:10:14.237+0000] {logging_mixin.py:188} INFO - [2025-01-11T12:10:14.237+0000] {dag.py:3947} INFO - Setting next_dagrun for example_sensor_decorator to None, run_after=None
[2025-01-11T12:10:14.249+0000] {processor.py:183} INFO - Processing /home/airflow/.local/lib/python3.12/site-packages/airflow/example_dags/example_sensor_decorator.py took 0.151 seconds
[2025-01-11T12:10:44.336+0000] {processor.py:161} INFO - Started process (PID=13483) to work on /home/airflow/.local/lib/python3.12/site-packages/airflow/example_dags/example_sensor_decorator.py
[2025-01-11T12:10:44.337+0000] {processor.py:830} INFO - Processing file /home/airflow/.local/lib/python3.12/site-packages/airflow/example_dags/example_sensor_decorator.py for tasks to queue
[2025-01-11T12:10:44.338+0000] {logging_mixin.py:188} INFO - [2025-01-11T12:10:44.338+0000] {dagbag.py:545} INFO - Filling up the DagBag from /home/airflow/.local/lib/python3.12/site-packages/airflow/example_dags/example_sensor_decorator.py
[2025-01-11T12:10:44.342+0000] {processor.py:840} INFO - DAG(s) 'example_sensor_decorator' retrieved from /home/airflow/.local/lib/python3.12/site-packages/airflow/example_dags/example_sensor_decorator.py
[2025-01-11T12:10:44.357+0000] {logging_mixin.py:188} INFO - [2025-01-11T12:10:44.357+0000] {dag.py:3089} INFO - Sync 1 DAGs
[2025-01-11T12:10:44.365+0000] {logging_mixin.py:188} INFO - [2025-01-11T12:10:44.365+0000] {dag.py:3947} INFO - Setting next_dagrun for example_sensor_decorator to None, run_after=None
[2025-01-11T12:10:44.376+0000] {processor.py:183} INFO - Processing /home/airflow/.local/lib/python3.12/site-packages/airflow/example_dags/example_sensor_decorator.py took 0.044 seconds
[2025-01-11T12:11:15.263+0000] {processor.py:161} INFO - Started process (PID=13758) to work on /home/airflow/.local/lib/python3.12/site-packages/airflow/example_dags/example_sensor_decorator.py
[2025-01-11T12:11:15.264+0000] {processor.py:830} INFO - Processing file /home/airflow/.local/lib/python3.12/site-packages/airflow/example_dags/example_sensor_decorator.py for tasks to queue
[2025-01-11T12:11:15.265+0000] {logging_mixin.py:188} INFO - [2025-01-11T12:11:15.265+0000] {dagbag.py:545} INFO - Filling up the DagBag from /home/airflow/.local/lib/python3.12/site-packages/airflow/example_dags/example_sensor_decorator.py
[2025-01-11T12:11:15.269+0000] {processor.py:840} INFO - DAG(s) 'example_sensor_decorator' retrieved from /home/airflow/.local/lib/python3.12/site-packages/airflow/example_dags/example_sensor_decorator.py
[2025-01-11T12:11:15.282+0000] {logging_mixin.py:188} INFO - [2025-01-11T12:11:15.282+0000] {dag.py:3089} INFO - Sync 1 DAGs
[2025-01-11T12:11:15.289+0000] {logging_mixin.py:188} INFO - [2025-01-11T12:11:15.289+0000] {dag.py:3947} INFO - Setting next_dagrun for example_sensor_decorator to None, run_after=None
[2025-01-11T12:11:15.300+0000] {processor.py:183} INFO - Processing /home/airflow/.local/lib/python3.12/site-packages/airflow/example_dags/example_sensor_decorator.py took 0.042 seconds
[2025-01-11T12:11:45.946+0000] {processor.py:161} INFO - Started process (PID=14035) to work on /home/airflow/.local/lib/python3.12/site-packages/airflow/example_dags/example_sensor_decorator.py
[2025-01-11T12:11:45.947+0000] {processor.py:830} INFO - Processing file /home/airflow/.local/lib/python3.12/site-packages/airflow/example_dags/example_sensor_decorator.py for tasks to queue
[2025-01-11T12:11:45.948+0000] {logging_mixin.py:188} INFO - [2025-01-11T12:11:45.948+0000] {dagbag.py:545} INFO - Filling up the DagBag from /home/airflow/.local/lib/python3.12/site-packages/airflow/example_dags/example_sensor_decorator.py
[2025-01-11T12:11:45.953+0000] {processor.py:840} INFO - DAG(s) 'example_sensor_decorator' retrieved from /home/airflow/.local/lib/python3.12/site-packages/airflow/example_dags/example_sensor_decorator.py
[2025-01-11T12:11:45.970+0000] {logging_mixin.py:188} INFO - [2025-01-11T12:11:45.970+0000] {dag.py:3089} INFO - Sync 1 DAGs
[2025-01-11T12:11:45.979+0000] {logging_mixin.py:188} INFO - [2025-01-11T12:11:45.979+0000] {dag.py:3947} INFO - Setting next_dagrun for example_sensor_decorator to None, run_after=None
[2025-01-11T12:11:45.992+0000] {processor.py:183} INFO - Processing /home/airflow/.local/lib/python3.12/site-packages/airflow/example_dags/example_sensor_decorator.py took 0.051 seconds
[2025-01-11T12:12:16.435+0000] {processor.py:161} INFO - Started process (PID=14312) to work on /home/airflow/.local/lib/python3.12/site-packages/airflow/example_dags/example_sensor_decorator.py
[2025-01-11T12:12:16.436+0000] {processor.py:830} INFO - Processing file /home/airflow/.local/lib/python3.12/site-packages/airflow/example_dags/example_sensor_decorator.py for tasks to queue
[2025-01-11T12:12:16.439+0000] {logging_mixin.py:188} INFO - [2025-01-11T12:12:16.439+0000] {dagbag.py:545} INFO - Filling up the DagBag from /home/airflow/.local/lib/python3.12/site-packages/airflow/example_dags/example_sensor_decorator.py
[2025-01-11T12:12:16.444+0000] {processor.py:840} INFO - DAG(s) 'example_sensor_decorator' retrieved from /home/airflow/.local/lib/python3.12/site-packages/airflow/example_dags/example_sensor_decorator.py
[2025-01-11T12:12:16.463+0000] {logging_mixin.py:188} INFO - [2025-01-11T12:12:16.463+0000] {dag.py:3089} INFO - Sync 1 DAGs
[2025-01-11T12:12:16.472+0000] {logging_mixin.py:188} INFO - [2025-01-11T12:12:16.472+0000] {dag.py:3947} INFO - Setting next_dagrun for example_sensor_decorator to None, run_after=None
[2025-01-11T12:12:16.485+0000] {processor.py:183} INFO - Processing /home/airflow/.local/lib/python3.12/site-packages/airflow/example_dags/example_sensor_decorator.py took 0.057 seconds
[2025-01-11T12:12:47.397+0000] {processor.py:161} INFO - Started process (PID=14589) to work on /home/airflow/.local/lib/python3.12/site-packages/airflow/example_dags/example_sensor_decorator.py
[2025-01-11T12:12:47.398+0000] {processor.py:830} INFO - Processing file /home/airflow/.local/lib/python3.12/site-packages/airflow/example_dags/example_sensor_decorator.py for tasks to queue
[2025-01-11T12:12:47.399+0000] {logging_mixin.py:188} INFO - [2025-01-11T12:12:47.399+0000] {dagbag.py:545} INFO - Filling up the DagBag from /home/airflow/.local/lib/python3.12/site-packages/airflow/example_dags/example_sensor_decorator.py
[2025-01-11T12:12:47.404+0000] {processor.py:840} INFO - DAG(s) 'example_sensor_decorator' retrieved from /home/airflow/.local/lib/python3.12/site-packages/airflow/example_dags/example_sensor_decorator.py
[2025-01-11T12:12:47.418+0000] {logging_mixin.py:188} INFO - [2025-01-11T12:12:47.417+0000] {dag.py:3089} INFO - Sync 1 DAGs
[2025-01-11T12:12:47.427+0000] {logging_mixin.py:188} INFO - [2025-01-11T12:12:47.427+0000] {dag.py:3947} INFO - Setting next_dagrun for example_sensor_decorator to None, run_after=None
[2025-01-11T12:12:47.439+0000] {processor.py:183} INFO - Processing /home/airflow/.local/lib/python3.12/site-packages/airflow/example_dags/example_sensor_decorator.py took 0.046 seconds
[2025-01-11T12:13:18.501+0000] {processor.py:161} INFO - Started process (PID=14860) to work on /home/airflow/.local/lib/python3.12/site-packages/airflow/example_dags/example_sensor_decorator.py
[2025-01-11T12:13:18.501+0000] {processor.py:830} INFO - Processing file /home/airflow/.local/lib/python3.12/site-packages/airflow/example_dags/example_sensor_decorator.py for tasks to queue
[2025-01-11T12:13:18.503+0000] {logging_mixin.py:188} INFO - [2025-01-11T12:13:18.503+0000] {dagbag.py:545} INFO - Filling up the DagBag from /home/airflow/.local/lib/python3.12/site-packages/airflow/example_dags/example_sensor_decorator.py
[2025-01-11T12:13:18.507+0000] {processor.py:840} INFO - DAG(s) 'example_sensor_decorator' retrieved from /home/airflow/.local/lib/python3.12/site-packages/airflow/example_dags/example_sensor_decorator.py
[2025-01-11T12:13:18.521+0000] {logging_mixin.py:188} INFO - [2025-01-11T12:13:18.521+0000] {dag.py:3089} INFO - Sync 1 DAGs
[2025-01-11T12:13:18.528+0000] {logging_mixin.py:188} INFO - [2025-01-11T12:13:18.528+0000] {dag.py:3947} INFO - Setting next_dagrun for example_sensor_decorator to None, run_after=None
[2025-01-11T12:13:18.540+0000] {processor.py:183} INFO - Processing /home/airflow/.local/lib/python3.12/site-packages/airflow/example_dags/example_sensor_decorator.py took 0.043 seconds
[2025-01-11T12:13:50.673+0000] {processor.py:161} INFO - Started process (PID=15137) to work on /home/airflow/.local/lib/python3.12/site-packages/airflow/example_dags/example_sensor_decorator.py
[2025-01-11T12:13:50.673+0000] {processor.py:830} INFO - Processing file /home/airflow/.local/lib/python3.12/site-packages/airflow/example_dags/example_sensor_decorator.py for tasks to queue
[2025-01-11T12:13:50.675+0000] {logging_mixin.py:188} INFO - [2025-01-11T12:13:50.674+0000] {dagbag.py:545} INFO - Filling up the DagBag from /home/airflow/.local/lib/python3.12/site-packages/airflow/example_dags/example_sensor_decorator.py
[2025-01-11T12:13:50.678+0000] {processor.py:840} INFO - DAG(s) 'example_sensor_decorator' retrieved from /home/airflow/.local/lib/python3.12/site-packages/airflow/example_dags/example_sensor_decorator.py
[2025-01-11T12:13:50.692+0000] {logging_mixin.py:188} INFO - [2025-01-11T12:13:50.692+0000] {dag.py:3089} INFO - Sync 1 DAGs
[2025-01-11T12:13:50.700+0000] {logging_mixin.py:188} INFO - [2025-01-11T12:13:50.700+0000] {dag.py:3947} INFO - Setting next_dagrun for example_sensor_decorator to None, run_after=None
[2025-01-11T12:13:50.710+0000] {processor.py:183} INFO - Processing /home/airflow/.local/lib/python3.12/site-packages/airflow/example_dags/example_sensor_decorator.py took 0.042 seconds
[2025-01-11T12:14:21.267+0000] {processor.py:161} INFO - Started process (PID=15414) to work on /home/airflow/.local/lib/python3.12/site-packages/airflow/example_dags/example_sensor_decorator.py
[2025-01-11T12:14:21.268+0000] {processor.py:830} INFO - Processing file /home/airflow/.local/lib/python3.12/site-packages/airflow/example_dags/example_sensor_decorator.py for tasks to queue
[2025-01-11T12:14:21.269+0000] {logging_mixin.py:188} INFO - [2025-01-11T12:14:21.269+0000] {dagbag.py:545} INFO - Filling up the DagBag from /home/airflow/.local/lib/python3.12/site-packages/airflow/example_dags/example_sensor_decorator.py
[2025-01-11T12:14:21.274+0000] {processor.py:840} INFO - DAG(s) 'example_sensor_decorator' retrieved from /home/airflow/.local/lib/python3.12/site-packages/airflow/example_dags/example_sensor_decorator.py
[2025-01-11T12:14:21.289+0000] {logging_mixin.py:188} INFO - [2025-01-11T12:14:21.289+0000] {dag.py:3089} INFO - Sync 1 DAGs
[2025-01-11T12:14:21.296+0000] {logging_mixin.py:188} INFO - [2025-01-11T12:14:21.296+0000] {dag.py:3947} INFO - Setting next_dagrun for example_sensor_decorator to None, run_after=None
[2025-01-11T12:14:21.306+0000] {processor.py:183} INFO - Processing /home/airflow/.local/lib/python3.12/site-packages/airflow/example_dags/example_sensor_decorator.py took 0.044 seconds
[2025-01-11T12:14:52.526+0000] {processor.py:161} INFO - Started process (PID=15691) to work on /home/airflow/.local/lib/python3.12/site-packages/airflow/example_dags/example_sensor_decorator.py
[2025-01-11T12:14:52.526+0000] {processor.py:830} INFO - Processing file /home/airflow/.local/lib/python3.12/site-packages/airflow/example_dags/example_sensor_decorator.py for tasks to queue
[2025-01-11T12:14:52.527+0000] {logging_mixin.py:188} INFO - [2025-01-11T12:14:52.527+0000] {dagbag.py:545} INFO - Filling up the DagBag from /home/airflow/.local/lib/python3.12/site-packages/airflow/example_dags/example_sensor_decorator.py
[2025-01-11T12:14:52.532+0000] {processor.py:840} INFO - DAG(s) 'example_sensor_decorator' retrieved from /home/airflow/.local/lib/python3.12/site-packages/airflow/example_dags/example_sensor_decorator.py
[2025-01-11T12:14:52.545+0000] {logging_mixin.py:188} INFO - [2025-01-11T12:14:52.545+0000] {dag.py:3089} INFO - Sync 1 DAGs
[2025-01-11T12:14:52.552+0000] {logging_mixin.py:188} INFO - [2025-01-11T12:14:52.552+0000] {dag.py:3947} INFO - Setting next_dagrun for example_sensor_decorator to None, run_after=None
[2025-01-11T12:14:52.562+0000] {processor.py:183} INFO - Processing /home/airflow/.local/lib/python3.12/site-packages/airflow/example_dags/example_sensor_decorator.py took 0.041 seconds
[2025-01-11T12:15:23.401+0000] {processor.py:161} INFO - Started process (PID=15968) to work on /home/airflow/.local/lib/python3.12/site-packages/airflow/example_dags/example_sensor_decorator.py
[2025-01-11T12:15:23.401+0000] {processor.py:830} INFO - Processing file /home/airflow/.local/lib/python3.12/site-packages/airflow/example_dags/example_sensor_decorator.py for tasks to queue
[2025-01-11T12:15:23.402+0000] {logging_mixin.py:188} INFO - [2025-01-11T12:15:23.402+0000] {dagbag.py:545} INFO - Filling up the DagBag from /home/airflow/.local/lib/python3.12/site-packages/airflow/example_dags/example_sensor_decorator.py
[2025-01-11T12:15:23.407+0000] {processor.py:840} INFO - DAG(s) 'example_sensor_decorator' retrieved from /home/airflow/.local/lib/python3.12/site-packages/airflow/example_dags/example_sensor_decorator.py
[2025-01-11T12:15:23.420+0000] {logging_mixin.py:188} INFO - [2025-01-11T12:15:23.420+0000] {dag.py:3089} INFO - Sync 1 DAGs
[2025-01-11T12:15:23.427+0000] {logging_mixin.py:188} INFO - [2025-01-11T12:15:23.427+0000] {dag.py:3947} INFO - Setting next_dagrun for example_sensor_decorator to None, run_after=None
[2025-01-11T12:15:23.437+0000] {processor.py:183} INFO - Processing /home/airflow/.local/lib/python3.12/site-packages/airflow/example_dags/example_sensor_decorator.py took 0.041 seconds
[2025-01-11T12:15:53.650+0000] {processor.py:161} INFO - Started process (PID=16245) to work on /home/airflow/.local/lib/python3.12/site-packages/airflow/example_dags/example_sensor_decorator.py
[2025-01-11T12:15:53.651+0000] {processor.py:830} INFO - Processing file /home/airflow/.local/lib/python3.12/site-packages/airflow/example_dags/example_sensor_decorator.py for tasks to queue
[2025-01-11T12:15:53.652+0000] {logging_mixin.py:188} INFO - [2025-01-11T12:15:53.652+0000] {dagbag.py:545} INFO - Filling up the DagBag from /home/airflow/.local/lib/python3.12/site-packages/airflow/example_dags/example_sensor_decorator.py
[2025-01-11T12:15:53.657+0000] {processor.py:840} INFO - DAG(s) 'example_sensor_decorator' retrieved from /home/airflow/.local/lib/python3.12/site-packages/airflow/example_dags/example_sensor_decorator.py
[2025-01-11T12:15:53.670+0000] {logging_mixin.py:188} INFO - [2025-01-11T12:15:53.670+0000] {dag.py:3089} INFO - Sync 1 DAGs
[2025-01-11T12:15:53.676+0000] {logging_mixin.py:188} INFO - [2025-01-11T12:15:53.676+0000] {dag.py:3947} INFO - Setting next_dagrun for example_sensor_decorator to None, run_after=None
[2025-01-11T12:15:53.685+0000] {processor.py:183} INFO - Processing /home/airflow/.local/lib/python3.12/site-packages/airflow/example_dags/example_sensor_decorator.py took 0.039 seconds
[2025-01-11T12:16:26.667+0000] {processor.py:161} INFO - Started process (PID=16524) to work on /home/airflow/.local/lib/python3.12/site-packages/airflow/example_dags/example_sensor_decorator.py
[2025-01-11T12:16:26.668+0000] {processor.py:830} INFO - Processing file /home/airflow/.local/lib/python3.12/site-packages/airflow/example_dags/example_sensor_decorator.py for tasks to queue
[2025-01-11T12:16:26.669+0000] {logging_mixin.py:188} INFO - [2025-01-11T12:16:26.669+0000] {dagbag.py:545} INFO - Filling up the DagBag from /home/airflow/.local/lib/python3.12/site-packages/airflow/example_dags/example_sensor_decorator.py
[2025-01-11T12:16:26.673+0000] {processor.py:840} INFO - DAG(s) 'example_sensor_decorator' retrieved from /home/airflow/.local/lib/python3.12/site-packages/airflow/example_dags/example_sensor_decorator.py
[2025-01-11T12:16:26.686+0000] {logging_mixin.py:188} INFO - [2025-01-11T12:16:26.686+0000] {dag.py:3089} INFO - Sync 1 DAGs
[2025-01-11T12:16:26.693+0000] {logging_mixin.py:188} INFO - [2025-01-11T12:16:26.693+0000] {dag.py:3947} INFO - Setting next_dagrun for example_sensor_decorator to None, run_after=None
[2025-01-11T12:16:26.703+0000] {processor.py:183} INFO - Processing /home/airflow/.local/lib/python3.12/site-packages/airflow/example_dags/example_sensor_decorator.py took 0.040 seconds
[2025-01-11T12:16:58.112+0000] {processor.py:161} INFO - Started process (PID=16799) to work on /home/airflow/.local/lib/python3.12/site-packages/airflow/example_dags/example_sensor_decorator.py
[2025-01-11T12:16:58.113+0000] {processor.py:830} INFO - Processing file /home/airflow/.local/lib/python3.12/site-packages/airflow/example_dags/example_sensor_decorator.py for tasks to queue
[2025-01-11T12:16:58.114+0000] {logging_mixin.py:188} INFO - [2025-01-11T12:16:58.114+0000] {dagbag.py:545} INFO - Filling up the DagBag from /home/airflow/.local/lib/python3.12/site-packages/airflow/example_dags/example_sensor_decorator.py
[2025-01-11T12:16:58.118+0000] {processor.py:840} INFO - DAG(s) 'example_sensor_decorator' retrieved from /home/airflow/.local/lib/python3.12/site-packages/airflow/example_dags/example_sensor_decorator.py
[2025-01-11T12:16:58.134+0000] {logging_mixin.py:188} INFO - [2025-01-11T12:16:58.133+0000] {dag.py:3089} INFO - Sync 1 DAGs
[2025-01-11T12:16:58.142+0000] {logging_mixin.py:188} INFO - [2025-01-11T12:16:58.142+0000] {dag.py:3947} INFO - Setting next_dagrun for example_sensor_decorator to None, run_after=None
[2025-01-11T12:16:58.154+0000] {processor.py:183} INFO - Processing /home/airflow/.local/lib/python3.12/site-packages/airflow/example_dags/example_sensor_decorator.py took 0.046 seconds
[2025-01-11T12:18:49.240+0000] {processor.py:161} INFO - Started process (PID=17082) to work on /home/airflow/.local/lib/python3.12/site-packages/airflow/example_dags/example_sensor_decorator.py
[2025-01-11T12:18:49.243+0000] {processor.py:830} INFO - Processing file /home/airflow/.local/lib/python3.12/site-packages/airflow/example_dags/example_sensor_decorator.py for tasks to queue
[2025-01-11T12:18:49.245+0000] {logging_mixin.py:188} INFO - [2025-01-11T12:18:49.244+0000] {dagbag.py:545} INFO - Filling up the DagBag from /home/airflow/.local/lib/python3.12/site-packages/airflow/example_dags/example_sensor_decorator.py
[2025-01-11T12:18:49.252+0000] {processor.py:840} INFO - DAG(s) 'example_sensor_decorator' retrieved from /home/airflow/.local/lib/python3.12/site-packages/airflow/example_dags/example_sensor_decorator.py
[2025-01-11T12:18:49.273+0000] {logging_mixin.py:188} INFO - [2025-01-11T12:18:49.273+0000] {dag.py:3089} INFO - Sync 1 DAGs
[2025-01-11T12:18:49.287+0000] {logging_mixin.py:188} INFO - [2025-01-11T12:18:49.287+0000] {dag.py:3947} INFO - Setting next_dagrun for example_sensor_decorator to None, run_after=None
[2025-01-11T12:18:49.306+0000] {processor.py:183} INFO - Processing /home/airflow/.local/lib/python3.12/site-packages/airflow/example_dags/example_sensor_decorator.py took 0.075 seconds
[2025-01-11T12:19:19.637+0000] {processor.py:161} INFO - Started process (PID=17361) to work on /home/airflow/.local/lib/python3.12/site-packages/airflow/example_dags/example_sensor_decorator.py
[2025-01-11T12:19:19.638+0000] {processor.py:830} INFO - Processing file /home/airflow/.local/lib/python3.12/site-packages/airflow/example_dags/example_sensor_decorator.py for tasks to queue
[2025-01-11T12:19:19.639+0000] {logging_mixin.py:188} INFO - [2025-01-11T12:19:19.639+0000] {dagbag.py:545} INFO - Filling up the DagBag from /home/airflow/.local/lib/python3.12/site-packages/airflow/example_dags/example_sensor_decorator.py
[2025-01-11T12:19:19.643+0000] {processor.py:840} INFO - DAG(s) 'example_sensor_decorator' retrieved from /home/airflow/.local/lib/python3.12/site-packages/airflow/example_dags/example_sensor_decorator.py
[2025-01-11T12:19:19.657+0000] {logging_mixin.py:188} INFO - [2025-01-11T12:19:19.657+0000] {dag.py:3089} INFO - Sync 1 DAGs
[2025-01-11T12:19:19.664+0000] {logging_mixin.py:188} INFO - [2025-01-11T12:19:19.664+0000] {dag.py:3947} INFO - Setting next_dagrun for example_sensor_decorator to None, run_after=None
[2025-01-11T12:19:19.674+0000] {processor.py:183} INFO - Processing /home/airflow/.local/lib/python3.12/site-packages/airflow/example_dags/example_sensor_decorator.py took 0.041 seconds
[2025-01-11T12:19:49.975+0000] {processor.py:161} INFO - Started process (PID=17632) to work on /home/airflow/.local/lib/python3.12/site-packages/airflow/example_dags/example_sensor_decorator.py
[2025-01-11T12:19:49.976+0000] {processor.py:830} INFO - Processing file /home/airflow/.local/lib/python3.12/site-packages/airflow/example_dags/example_sensor_decorator.py for tasks to queue
[2025-01-11T12:19:49.977+0000] {logging_mixin.py:188} INFO - [2025-01-11T12:19:49.977+0000] {dagbag.py:545} INFO - Filling up the DagBag from /home/airflow/.local/lib/python3.12/site-packages/airflow/example_dags/example_sensor_decorator.py
[2025-01-11T12:19:49.981+0000] {processor.py:840} INFO - DAG(s) 'example_sensor_decorator' retrieved from /home/airflow/.local/lib/python3.12/site-packages/airflow/example_dags/example_sensor_decorator.py
[2025-01-11T12:19:49.993+0000] {logging_mixin.py:188} INFO - [2025-01-11T12:19:49.993+0000] {dag.py:3089} INFO - Sync 1 DAGs
[2025-01-11T12:19:50.000+0000] {logging_mixin.py:188} INFO - [2025-01-11T12:19:50.000+0000] {dag.py:3947} INFO - Setting next_dagrun for example_sensor_decorator to None, run_after=None
[2025-01-11T12:19:50.009+0000] {processor.py:183} INFO - Processing /home/airflow/.local/lib/python3.12/site-packages/airflow/example_dags/example_sensor_decorator.py took 0.038 seconds
[2025-01-11T12:20:21.354+0000] {processor.py:161} INFO - Started process (PID=17913) to work on /home/airflow/.local/lib/python3.12/site-packages/airflow/example_dags/example_sensor_decorator.py
[2025-01-11T12:20:21.354+0000] {processor.py:830} INFO - Processing file /home/airflow/.local/lib/python3.12/site-packages/airflow/example_dags/example_sensor_decorator.py for tasks to queue
[2025-01-11T12:20:21.356+0000] {logging_mixin.py:188} INFO - [2025-01-11T12:20:21.355+0000] {dagbag.py:545} INFO - Filling up the DagBag from /home/airflow/.local/lib/python3.12/site-packages/airflow/example_dags/example_sensor_decorator.py
[2025-01-11T12:20:21.360+0000] {processor.py:840} INFO - DAG(s) 'example_sensor_decorator' retrieved from /home/airflow/.local/lib/python3.12/site-packages/airflow/example_dags/example_sensor_decorator.py
[2025-01-11T12:20:21.373+0000] {logging_mixin.py:188} INFO - [2025-01-11T12:20:21.373+0000] {dag.py:3089} INFO - Sync 1 DAGs
[2025-01-11T12:20:21.380+0000] {logging_mixin.py:188} INFO - [2025-01-11T12:20:21.380+0000] {dag.py:3947} INFO - Setting next_dagrun for example_sensor_decorator to None, run_after=None
[2025-01-11T12:20:21.390+0000] {processor.py:183} INFO - Processing /home/airflow/.local/lib/python3.12/site-packages/airflow/example_dags/example_sensor_decorator.py took 0.040 seconds
[2025-01-11T12:20:51.671+0000] {processor.py:161} INFO - Started process (PID=18184) to work on /home/airflow/.local/lib/python3.12/site-packages/airflow/example_dags/example_sensor_decorator.py
[2025-01-11T12:20:51.672+0000] {processor.py:830} INFO - Processing file /home/airflow/.local/lib/python3.12/site-packages/airflow/example_dags/example_sensor_decorator.py for tasks to queue
[2025-01-11T12:20:51.673+0000] {logging_mixin.py:188} INFO - [2025-01-11T12:20:51.673+0000] {dagbag.py:545} INFO - Filling up the DagBag from /home/airflow/.local/lib/python3.12/site-packages/airflow/example_dags/example_sensor_decorator.py
[2025-01-11T12:20:51.677+0000] {processor.py:840} INFO - DAG(s) 'example_sensor_decorator' retrieved from /home/airflow/.local/lib/python3.12/site-packages/airflow/example_dags/example_sensor_decorator.py
[2025-01-11T12:20:51.691+0000] {logging_mixin.py:188} INFO - [2025-01-11T12:20:51.691+0000] {dag.py:3089} INFO - Sync 1 DAGs
[2025-01-11T12:20:51.699+0000] {logging_mixin.py:188} INFO - [2025-01-11T12:20:51.698+0000] {dag.py:3947} INFO - Setting next_dagrun for example_sensor_decorator to None, run_after=None
[2025-01-11T12:20:51.712+0000] {processor.py:183} INFO - Processing /home/airflow/.local/lib/python3.12/site-packages/airflow/example_dags/example_sensor_decorator.py took 0.044 seconds
[2025-01-11T12:21:25.045+0000] {processor.py:161} INFO - Started process (PID=18468) to work on /home/airflow/.local/lib/python3.12/site-packages/airflow/example_dags/example_sensor_decorator.py
[2025-01-11T12:21:25.045+0000] {processor.py:830} INFO - Processing file /home/airflow/.local/lib/python3.12/site-packages/airflow/example_dags/example_sensor_decorator.py for tasks to queue
[2025-01-11T12:21:25.047+0000] {logging_mixin.py:188} INFO - [2025-01-11T12:21:25.047+0000] {dagbag.py:545} INFO - Filling up the DagBag from /home/airflow/.local/lib/python3.12/site-packages/airflow/example_dags/example_sensor_decorator.py
[2025-01-11T12:21:25.051+0000] {processor.py:840} INFO - DAG(s) 'example_sensor_decorator' retrieved from /home/airflow/.local/lib/python3.12/site-packages/airflow/example_dags/example_sensor_decorator.py
[2025-01-11T12:21:25.066+0000] {logging_mixin.py:188} INFO - [2025-01-11T12:21:25.065+0000] {dag.py:3089} INFO - Sync 1 DAGs
[2025-01-11T12:21:25.073+0000] {logging_mixin.py:188} INFO - [2025-01-11T12:21:25.072+0000] {dag.py:3947} INFO - Setting next_dagrun for example_sensor_decorator to None, run_after=None
[2025-01-11T12:21:25.084+0000] {processor.py:183} INFO - Processing /home/airflow/.local/lib/python3.12/site-packages/airflow/example_dags/example_sensor_decorator.py took 0.043 seconds
[2025-01-11T12:21:55.679+0000] {processor.py:161} INFO - Started process (PID=18745) to work on /home/airflow/.local/lib/python3.12/site-packages/airflow/example_dags/example_sensor_decorator.py
[2025-01-11T12:21:55.680+0000] {processor.py:830} INFO - Processing file /home/airflow/.local/lib/python3.12/site-packages/airflow/example_dags/example_sensor_decorator.py for tasks to queue
[2025-01-11T12:21:55.682+0000] {logging_mixin.py:188} INFO - [2025-01-11T12:21:55.681+0000] {dagbag.py:545} INFO - Filling up the DagBag from /home/airflow/.local/lib/python3.12/site-packages/airflow/example_dags/example_sensor_decorator.py
[2025-01-11T12:21:55.686+0000] {processor.py:840} INFO - DAG(s) 'example_sensor_decorator' retrieved from /home/airflow/.local/lib/python3.12/site-packages/airflow/example_dags/example_sensor_decorator.py
[2025-01-11T12:21:55.699+0000] {logging_mixin.py:188} INFO - [2025-01-11T12:21:55.699+0000] {dag.py:3089} INFO - Sync 1 DAGs
[2025-01-11T12:21:55.706+0000] {logging_mixin.py:188} INFO - [2025-01-11T12:21:55.706+0000] {dag.py:3947} INFO - Setting next_dagrun for example_sensor_decorator to None, run_after=None
[2025-01-11T12:21:55.716+0000] {processor.py:183} INFO - Processing /home/airflow/.local/lib/python3.12/site-packages/airflow/example_dags/example_sensor_decorator.py took 0.042 seconds
[2025-01-11T12:22:26.256+0000] {processor.py:161} INFO - Started process (PID=19018) to work on /home/airflow/.local/lib/python3.12/site-packages/airflow/example_dags/example_sensor_decorator.py
[2025-01-11T12:22:26.257+0000] {processor.py:830} INFO - Processing file /home/airflow/.local/lib/python3.12/site-packages/airflow/example_dags/example_sensor_decorator.py for tasks to queue
[2025-01-11T12:22:26.258+0000] {logging_mixin.py:188} INFO - [2025-01-11T12:22:26.257+0000] {dagbag.py:545} INFO - Filling up the DagBag from /home/airflow/.local/lib/python3.12/site-packages/airflow/example_dags/example_sensor_decorator.py
[2025-01-11T12:22:26.262+0000] {processor.py:840} INFO - DAG(s) 'example_sensor_decorator' retrieved from /home/airflow/.local/lib/python3.12/site-packages/airflow/example_dags/example_sensor_decorator.py
[2025-01-11T12:22:26.275+0000] {logging_mixin.py:188} INFO - [2025-01-11T12:22:26.275+0000] {dag.py:3089} INFO - Sync 1 DAGs
[2025-01-11T12:22:26.282+0000] {logging_mixin.py:188} INFO - [2025-01-11T12:22:26.282+0000] {dag.py:3947} INFO - Setting next_dagrun for example_sensor_decorator to None, run_after=None
[2025-01-11T12:22:26.293+0000] {processor.py:183} INFO - Processing /home/airflow/.local/lib/python3.12/site-packages/airflow/example_dags/example_sensor_decorator.py took 0.041 seconds
[2025-01-11T12:22:57.550+0000] {processor.py:161} INFO - Started process (PID=19300) to work on /home/airflow/.local/lib/python3.12/site-packages/airflow/example_dags/example_sensor_decorator.py
[2025-01-11T12:22:57.551+0000] {processor.py:830} INFO - Processing file /home/airflow/.local/lib/python3.12/site-packages/airflow/example_dags/example_sensor_decorator.py for tasks to queue
[2025-01-11T12:22:57.553+0000] {logging_mixin.py:188} INFO - [2025-01-11T12:22:57.552+0000] {dagbag.py:545} INFO - Filling up the DagBag from /home/airflow/.local/lib/python3.12/site-packages/airflow/example_dags/example_sensor_decorator.py
[2025-01-11T12:22:57.557+0000] {processor.py:840} INFO - DAG(s) 'example_sensor_decorator' retrieved from /home/airflow/.local/lib/python3.12/site-packages/airflow/example_dags/example_sensor_decorator.py
[2025-01-11T12:22:57.572+0000] {logging_mixin.py:188} INFO - [2025-01-11T12:22:57.572+0000] {dag.py:3089} INFO - Sync 1 DAGs
[2025-01-11T12:22:57.580+0000] {logging_mixin.py:188} INFO - [2025-01-11T12:22:57.580+0000] {dag.py:3947} INFO - Setting next_dagrun for example_sensor_decorator to None, run_after=None
[2025-01-11T12:22:57.597+0000] {processor.py:183} INFO - Processing /home/airflow/.local/lib/python3.12/site-packages/airflow/example_dags/example_sensor_decorator.py took 0.051 seconds
[2025-01-11T12:23:28.601+0000] {processor.py:161} INFO - Started process (PID=19577) to work on /home/airflow/.local/lib/python3.12/site-packages/airflow/example_dags/example_sensor_decorator.py
[2025-01-11T12:23:28.602+0000] {processor.py:830} INFO - Processing file /home/airflow/.local/lib/python3.12/site-packages/airflow/example_dags/example_sensor_decorator.py for tasks to queue
[2025-01-11T12:23:28.603+0000] {logging_mixin.py:188} INFO - [2025-01-11T12:23:28.603+0000] {dagbag.py:545} INFO - Filling up the DagBag from /home/airflow/.local/lib/python3.12/site-packages/airflow/example_dags/example_sensor_decorator.py
[2025-01-11T12:23:28.608+0000] {processor.py:840} INFO - DAG(s) 'example_sensor_decorator' retrieved from /home/airflow/.local/lib/python3.12/site-packages/airflow/example_dags/example_sensor_decorator.py
[2025-01-11T12:23:28.622+0000] {logging_mixin.py:188} INFO - [2025-01-11T12:23:28.622+0000] {dag.py:3089} INFO - Sync 1 DAGs
[2025-01-11T12:23:28.629+0000] {logging_mixin.py:188} INFO - [2025-01-11T12:23:28.629+0000] {dag.py:3947} INFO - Setting next_dagrun for example_sensor_decorator to None, run_after=None
[2025-01-11T12:23:28.640+0000] {processor.py:183} INFO - Processing /home/airflow/.local/lib/python3.12/site-packages/airflow/example_dags/example_sensor_decorator.py took 0.043 seconds
[2025-01-11T12:24:00.673+0000] {processor.py:161} INFO - Started process (PID=19854) to work on /home/airflow/.local/lib/python3.12/site-packages/airflow/example_dags/example_sensor_decorator.py
[2025-01-11T12:24:00.674+0000] {processor.py:830} INFO - Processing file /home/airflow/.local/lib/python3.12/site-packages/airflow/example_dags/example_sensor_decorator.py for tasks to queue
[2025-01-11T12:24:00.675+0000] {logging_mixin.py:188} INFO - [2025-01-11T12:24:00.675+0000] {dagbag.py:545} INFO - Filling up the DagBag from /home/airflow/.local/lib/python3.12/site-packages/airflow/example_dags/example_sensor_decorator.py
[2025-01-11T12:24:00.680+0000] {processor.py:840} INFO - DAG(s) 'example_sensor_decorator' retrieved from /home/airflow/.local/lib/python3.12/site-packages/airflow/example_dags/example_sensor_decorator.py
[2025-01-11T12:24:00.693+0000] {logging_mixin.py:188} INFO - [2025-01-11T12:24:00.693+0000] {dag.py:3089} INFO - Sync 1 DAGs
[2025-01-11T12:24:00.701+0000] {logging_mixin.py:188} INFO - [2025-01-11T12:24:00.701+0000] {dag.py:3947} INFO - Setting next_dagrun for example_sensor_decorator to None, run_after=None
[2025-01-11T12:24:00.711+0000] {processor.py:183} INFO - Processing /home/airflow/.local/lib/python3.12/site-packages/airflow/example_dags/example_sensor_decorator.py took 0.042 seconds
[2025-01-11T12:24:31.075+0000] {processor.py:161} INFO - Started process (PID=20125) to work on /home/airflow/.local/lib/python3.12/site-packages/airflow/example_dags/example_sensor_decorator.py
[2025-01-11T12:24:31.075+0000] {processor.py:830} INFO - Processing file /home/airflow/.local/lib/python3.12/site-packages/airflow/example_dags/example_sensor_decorator.py for tasks to queue
[2025-01-11T12:24:31.077+0000] {logging_mixin.py:188} INFO - [2025-01-11T12:24:31.077+0000] {dagbag.py:545} INFO - Filling up the DagBag from /home/airflow/.local/lib/python3.12/site-packages/airflow/example_dags/example_sensor_decorator.py
[2025-01-11T12:24:31.081+0000] {processor.py:840} INFO - DAG(s) 'example_sensor_decorator' retrieved from /home/airflow/.local/lib/python3.12/site-packages/airflow/example_dags/example_sensor_decorator.py
[2025-01-11T12:24:31.095+0000] {logging_mixin.py:188} INFO - [2025-01-11T12:24:31.095+0000] {dag.py:3089} INFO - Sync 1 DAGs
[2025-01-11T12:24:31.102+0000] {logging_mixin.py:188} INFO - [2025-01-11T12:24:31.102+0000] {dag.py:3947} INFO - Setting next_dagrun for example_sensor_decorator to None, run_after=None
[2025-01-11T12:24:31.113+0000] {processor.py:183} INFO - Processing /home/airflow/.local/lib/python3.12/site-packages/airflow/example_dags/example_sensor_decorator.py took 0.043 seconds
[2025-01-11T12:25:02.081+0000] {processor.py:161} INFO - Started process (PID=20402) to work on /home/airflow/.local/lib/python3.12/site-packages/airflow/example_dags/example_sensor_decorator.py
[2025-01-11T12:25:02.082+0000] {processor.py:830} INFO - Processing file /home/airflow/.local/lib/python3.12/site-packages/airflow/example_dags/example_sensor_decorator.py for tasks to queue
[2025-01-11T12:25:02.084+0000] {logging_mixin.py:188} INFO - [2025-01-11T12:25:02.084+0000] {dagbag.py:545} INFO - Filling up the DagBag from /home/airflow/.local/lib/python3.12/site-packages/airflow/example_dags/example_sensor_decorator.py
[2025-01-11T12:25:02.094+0000] {processor.py:840} INFO - DAG(s) 'example_sensor_decorator' retrieved from /home/airflow/.local/lib/python3.12/site-packages/airflow/example_dags/example_sensor_decorator.py
[2025-01-11T12:25:02.112+0000] {logging_mixin.py:188} INFO - [2025-01-11T12:25:02.112+0000] {dag.py:3089} INFO - Sync 1 DAGs
[2025-01-11T12:25:02.121+0000] {logging_mixin.py:188} INFO - [2025-01-11T12:25:02.121+0000] {dag.py:3947} INFO - Setting next_dagrun for example_sensor_decorator to None, run_after=None
[2025-01-11T12:25:02.133+0000] {processor.py:183} INFO - Processing /home/airflow/.local/lib/python3.12/site-packages/airflow/example_dags/example_sensor_decorator.py took 0.057 seconds
[2025-01-11T12:25:33.175+0000] {processor.py:161} INFO - Started process (PID=20685) to work on /home/airflow/.local/lib/python3.12/site-packages/airflow/example_dags/example_sensor_decorator.py
[2025-01-11T12:25:33.176+0000] {processor.py:830} INFO - Processing file /home/airflow/.local/lib/python3.12/site-packages/airflow/example_dags/example_sensor_decorator.py for tasks to queue
[2025-01-11T12:25:33.178+0000] {logging_mixin.py:188} INFO - [2025-01-11T12:25:33.177+0000] {dagbag.py:545} INFO - Filling up the DagBag from /home/airflow/.local/lib/python3.12/site-packages/airflow/example_dags/example_sensor_decorator.py
[2025-01-11T12:25:33.182+0000] {processor.py:840} INFO - DAG(s) 'example_sensor_decorator' retrieved from /home/airflow/.local/lib/python3.12/site-packages/airflow/example_dags/example_sensor_decorator.py
[2025-01-11T12:25:33.196+0000] {logging_mixin.py:188} INFO - [2025-01-11T12:25:33.196+0000] {dag.py:3089} INFO - Sync 1 DAGs
[2025-01-11T12:25:33.202+0000] {logging_mixin.py:188} INFO - [2025-01-11T12:25:33.202+0000] {dag.py:3947} INFO - Setting next_dagrun for example_sensor_decorator to None, run_after=None
[2025-01-11T12:25:33.213+0000] {processor.py:183} INFO - Processing /home/airflow/.local/lib/python3.12/site-packages/airflow/example_dags/example_sensor_decorator.py took 0.042 seconds
[2025-01-11T12:26:03.715+0000] {processor.py:161} INFO - Started process (PID=20964) to work on /home/airflow/.local/lib/python3.12/site-packages/airflow/example_dags/example_sensor_decorator.py
[2025-01-11T12:26:03.716+0000] {processor.py:830} INFO - Processing file /home/airflow/.local/lib/python3.12/site-packages/airflow/example_dags/example_sensor_decorator.py for tasks to queue
[2025-01-11T12:26:03.717+0000] {logging_mixin.py:188} INFO - [2025-01-11T12:26:03.717+0000] {dagbag.py:545} INFO - Filling up the DagBag from /home/airflow/.local/lib/python3.12/site-packages/airflow/example_dags/example_sensor_decorator.py
[2025-01-11T12:26:03.721+0000] {processor.py:840} INFO - DAG(s) 'example_sensor_decorator' retrieved from /home/airflow/.local/lib/python3.12/site-packages/airflow/example_dags/example_sensor_decorator.py
[2025-01-11T12:26:03.734+0000] {logging_mixin.py:188} INFO - [2025-01-11T12:26:03.733+0000] {dag.py:3089} INFO - Sync 1 DAGs
[2025-01-11T12:26:03.740+0000] {logging_mixin.py:188} INFO - [2025-01-11T12:26:03.740+0000] {dag.py:3947} INFO - Setting next_dagrun for example_sensor_decorator to None, run_after=None
[2025-01-11T12:26:03.750+0000] {processor.py:183} INFO - Processing /home/airflow/.local/lib/python3.12/site-packages/airflow/example_dags/example_sensor_decorator.py took 0.039 seconds
[2025-01-11T12:26:34.261+0000] {processor.py:161} INFO - Started process (PID=21233) to work on /home/airflow/.local/lib/python3.12/site-packages/airflow/example_dags/example_sensor_decorator.py
[2025-01-11T12:26:34.262+0000] {processor.py:830} INFO - Processing file /home/airflow/.local/lib/python3.12/site-packages/airflow/example_dags/example_sensor_decorator.py for tasks to queue
[2025-01-11T12:26:34.264+0000] {logging_mixin.py:188} INFO - [2025-01-11T12:26:34.264+0000] {dagbag.py:545} INFO - Filling up the DagBag from /home/airflow/.local/lib/python3.12/site-packages/airflow/example_dags/example_sensor_decorator.py
[2025-01-11T12:26:34.268+0000] {processor.py:840} INFO - DAG(s) 'example_sensor_decorator' retrieved from /home/airflow/.local/lib/python3.12/site-packages/airflow/example_dags/example_sensor_decorator.py
[2025-01-11T12:26:34.282+0000] {logging_mixin.py:188} INFO - [2025-01-11T12:26:34.282+0000] {dag.py:3089} INFO - Sync 1 DAGs
[2025-01-11T12:26:34.289+0000] {logging_mixin.py:188} INFO - [2025-01-11T12:26:34.289+0000] {dag.py:3947} INFO - Setting next_dagrun for example_sensor_decorator to None, run_after=None
[2025-01-11T12:26:34.300+0000] {processor.py:183} INFO - Processing /home/airflow/.local/lib/python3.12/site-packages/airflow/example_dags/example_sensor_decorator.py took 0.044 seconds
[2025-01-11T12:27:04.328+0000] {processor.py:161} INFO - Started process (PID=21505) to work on /home/airflow/.local/lib/python3.12/site-packages/airflow/example_dags/example_sensor_decorator.py
[2025-01-11T12:27:04.328+0000] {processor.py:830} INFO - Processing file /home/airflow/.local/lib/python3.12/site-packages/airflow/example_dags/example_sensor_decorator.py for tasks to queue
[2025-01-11T12:27:04.329+0000] {logging_mixin.py:188} INFO - [2025-01-11T12:27:04.329+0000] {dagbag.py:545} INFO - Filling up the DagBag from /home/airflow/.local/lib/python3.12/site-packages/airflow/example_dags/example_sensor_decorator.py
[2025-01-11T12:27:04.333+0000] {processor.py:840} INFO - DAG(s) 'example_sensor_decorator' retrieved from /home/airflow/.local/lib/python3.12/site-packages/airflow/example_dags/example_sensor_decorator.py
[2025-01-11T12:27:04.347+0000] {logging_mixin.py:188} INFO - [2025-01-11T12:27:04.347+0000] {dag.py:3089} INFO - Sync 1 DAGs
[2025-01-11T12:27:04.355+0000] {logging_mixin.py:188} INFO - [2025-01-11T12:27:04.355+0000] {dag.py:3947} INFO - Setting next_dagrun for example_sensor_decorator to None, run_after=None
[2025-01-11T12:27:04.366+0000] {processor.py:183} INFO - Processing /home/airflow/.local/lib/python3.12/site-packages/airflow/example_dags/example_sensor_decorator.py took 0.042 seconds
[2025-01-11T12:27:36.141+0000] {processor.py:161} INFO - Started process (PID=21787) to work on /home/airflow/.local/lib/python3.12/site-packages/airflow/example_dags/example_sensor_decorator.py
[2025-01-11T12:27:36.142+0000] {processor.py:830} INFO - Processing file /home/airflow/.local/lib/python3.12/site-packages/airflow/example_dags/example_sensor_decorator.py for tasks to queue
[2025-01-11T12:27:36.144+0000] {logging_mixin.py:188} INFO - [2025-01-11T12:27:36.144+0000] {dagbag.py:545} INFO - Filling up the DagBag from /home/airflow/.local/lib/python3.12/site-packages/airflow/example_dags/example_sensor_decorator.py
[2025-01-11T12:27:36.148+0000] {processor.py:840} INFO - DAG(s) 'example_sensor_decorator' retrieved from /home/airflow/.local/lib/python3.12/site-packages/airflow/example_dags/example_sensor_decorator.py
[2025-01-11T12:27:36.161+0000] {logging_mixin.py:188} INFO - [2025-01-11T12:27:36.161+0000] {dag.py:3089} INFO - Sync 1 DAGs
[2025-01-11T12:27:36.169+0000] {logging_mixin.py:188} INFO - [2025-01-11T12:27:36.169+0000] {dag.py:3947} INFO - Setting next_dagrun for example_sensor_decorator to None, run_after=None
[2025-01-11T12:27:36.180+0000] {processor.py:183} INFO - Processing /home/airflow/.local/lib/python3.12/site-packages/airflow/example_dags/example_sensor_decorator.py took 0.043 seconds
[2025-01-11T12:28:06.666+0000] {processor.py:161} INFO - Started process (PID=22064) to work on /home/airflow/.local/lib/python3.12/site-packages/airflow/example_dags/example_sensor_decorator.py
[2025-01-11T12:28:06.667+0000] {processor.py:830} INFO - Processing file /home/airflow/.local/lib/python3.12/site-packages/airflow/example_dags/example_sensor_decorator.py for tasks to queue
[2025-01-11T12:28:06.668+0000] {logging_mixin.py:188} INFO - [2025-01-11T12:28:06.668+0000] {dagbag.py:545} INFO - Filling up the DagBag from /home/airflow/.local/lib/python3.12/site-packages/airflow/example_dags/example_sensor_decorator.py
[2025-01-11T12:28:06.673+0000] {processor.py:840} INFO - DAG(s) 'example_sensor_decorator' retrieved from /home/airflow/.local/lib/python3.12/site-packages/airflow/example_dags/example_sensor_decorator.py
[2025-01-11T12:28:06.690+0000] {logging_mixin.py:188} INFO - [2025-01-11T12:28:06.690+0000] {dag.py:3089} INFO - Sync 1 DAGs
[2025-01-11T12:28:06.698+0000] {logging_mixin.py:188} INFO - [2025-01-11T12:28:06.698+0000] {dag.py:3947} INFO - Setting next_dagrun for example_sensor_decorator to None, run_after=None
[2025-01-11T12:28:06.711+0000] {processor.py:183} INFO - Processing /home/airflow/.local/lib/python3.12/site-packages/airflow/example_dags/example_sensor_decorator.py took 0.050 seconds
[2025-01-11T12:28:37.841+0000] {processor.py:161} INFO - Started process (PID=22341) to work on /home/airflow/.local/lib/python3.12/site-packages/airflow/example_dags/example_sensor_decorator.py
[2025-01-11T12:28:37.842+0000] {processor.py:830} INFO - Processing file /home/airflow/.local/lib/python3.12/site-packages/airflow/example_dags/example_sensor_decorator.py for tasks to queue
[2025-01-11T12:28:37.843+0000] {logging_mixin.py:188} INFO - [2025-01-11T12:28:37.843+0000] {dagbag.py:545} INFO - Filling up the DagBag from /home/airflow/.local/lib/python3.12/site-packages/airflow/example_dags/example_sensor_decorator.py
[2025-01-11T12:28:37.848+0000] {processor.py:840} INFO - DAG(s) 'example_sensor_decorator' retrieved from /home/airflow/.local/lib/python3.12/site-packages/airflow/example_dags/example_sensor_decorator.py
[2025-01-11T12:28:37.862+0000] {logging_mixin.py:188} INFO - [2025-01-11T12:28:37.861+0000] {dag.py:3089} INFO - Sync 1 DAGs
[2025-01-11T12:28:37.869+0000] {logging_mixin.py:188} INFO - [2025-01-11T12:28:37.868+0000] {dag.py:3947} INFO - Setting next_dagrun for example_sensor_decorator to None, run_after=None
[2025-01-11T12:28:37.879+0000] {processor.py:183} INFO - Processing /home/airflow/.local/lib/python3.12/site-packages/airflow/example_dags/example_sensor_decorator.py took 0.042 seconds
[2025-01-11T12:29:08.827+0000] {processor.py:161} INFO - Started process (PID=22618) to work on /home/airflow/.local/lib/python3.12/site-packages/airflow/example_dags/example_sensor_decorator.py
[2025-01-11T12:29:08.827+0000] {processor.py:830} INFO - Processing file /home/airflow/.local/lib/python3.12/site-packages/airflow/example_dags/example_sensor_decorator.py for tasks to queue
[2025-01-11T12:29:08.829+0000] {logging_mixin.py:188} INFO - [2025-01-11T12:29:08.829+0000] {dagbag.py:545} INFO - Filling up the DagBag from /home/airflow/.local/lib/python3.12/site-packages/airflow/example_dags/example_sensor_decorator.py
[2025-01-11T12:29:08.833+0000] {processor.py:840} INFO - DAG(s) 'example_sensor_decorator' retrieved from /home/airflow/.local/lib/python3.12/site-packages/airflow/example_dags/example_sensor_decorator.py
[2025-01-11T12:29:08.848+0000] {logging_mixin.py:188} INFO - [2025-01-11T12:29:08.848+0000] {dag.py:3089} INFO - Sync 1 DAGs
[2025-01-11T12:29:08.855+0000] {logging_mixin.py:188} INFO - [2025-01-11T12:29:08.855+0000] {dag.py:3947} INFO - Setting next_dagrun for example_sensor_decorator to None, run_after=None
[2025-01-11T12:29:08.867+0000] {processor.py:183} INFO - Processing /home/airflow/.local/lib/python3.12/site-packages/airflow/example_dags/example_sensor_decorator.py took 0.044 seconds
[2025-01-11T12:29:39.500+0000] {processor.py:161} INFO - Started process (PID=22895) to work on /home/airflow/.local/lib/python3.12/site-packages/airflow/example_dags/example_sensor_decorator.py
[2025-01-11T12:29:39.500+0000] {processor.py:830} INFO - Processing file /home/airflow/.local/lib/python3.12/site-packages/airflow/example_dags/example_sensor_decorator.py for tasks to queue
[2025-01-11T12:29:39.502+0000] {logging_mixin.py:188} INFO - [2025-01-11T12:29:39.502+0000] {dagbag.py:545} INFO - Filling up the DagBag from /home/airflow/.local/lib/python3.12/site-packages/airflow/example_dags/example_sensor_decorator.py
[2025-01-11T12:29:39.506+0000] {processor.py:840} INFO - DAG(s) 'example_sensor_decorator' retrieved from /home/airflow/.local/lib/python3.12/site-packages/airflow/example_dags/example_sensor_decorator.py
[2025-01-11T12:29:39.519+0000] {logging_mixin.py:188} INFO - [2025-01-11T12:29:39.519+0000] {dag.py:3089} INFO - Sync 1 DAGs
[2025-01-11T12:29:39.526+0000] {logging_mixin.py:188} INFO - [2025-01-11T12:29:39.526+0000] {dag.py:3947} INFO - Setting next_dagrun for example_sensor_decorator to None, run_after=None
[2025-01-11T12:29:39.537+0000] {processor.py:183} INFO - Processing /home/airflow/.local/lib/python3.12/site-packages/airflow/example_dags/example_sensor_decorator.py took 0.041 seconds
[2025-01-11T12:30:10.942+0000] {processor.py:161} INFO - Started process (PID=23174) to work on /home/airflow/.local/lib/python3.12/site-packages/airflow/example_dags/example_sensor_decorator.py
[2025-01-11T12:30:10.943+0000] {processor.py:830} INFO - Processing file /home/airflow/.local/lib/python3.12/site-packages/airflow/example_dags/example_sensor_decorator.py for tasks to queue
[2025-01-11T12:30:10.944+0000] {logging_mixin.py:188} INFO - [2025-01-11T12:30:10.944+0000] {dagbag.py:545} INFO - Filling up the DagBag from /home/airflow/.local/lib/python3.12/site-packages/airflow/example_dags/example_sensor_decorator.py
[2025-01-11T12:30:10.948+0000] {processor.py:840} INFO - DAG(s) 'example_sensor_decorator' retrieved from /home/airflow/.local/lib/python3.12/site-packages/airflow/example_dags/example_sensor_decorator.py
[2025-01-11T12:30:10.960+0000] {logging_mixin.py:188} INFO - [2025-01-11T12:30:10.960+0000] {dag.py:3089} INFO - Sync 1 DAGs
[2025-01-11T12:30:10.967+0000] {logging_mixin.py:188} INFO - [2025-01-11T12:30:10.966+0000] {dag.py:3947} INFO - Setting next_dagrun for example_sensor_decorator to None, run_after=None
[2025-01-11T12:30:10.976+0000] {processor.py:183} INFO - Processing /home/airflow/.local/lib/python3.12/site-packages/airflow/example_dags/example_sensor_decorator.py took 0.037 seconds
[2025-01-11T12:30:41.334+0000] {processor.py:161} INFO - Started process (PID=23451) to work on /home/airflow/.local/lib/python3.12/site-packages/airflow/example_dags/example_sensor_decorator.py
[2025-01-11T12:30:41.334+0000] {processor.py:830} INFO - Processing file /home/airflow/.local/lib/python3.12/site-packages/airflow/example_dags/example_sensor_decorator.py for tasks to queue
[2025-01-11T12:30:41.336+0000] {logging_mixin.py:188} INFO - [2025-01-11T12:30:41.335+0000] {dagbag.py:545} INFO - Filling up the DagBag from /home/airflow/.local/lib/python3.12/site-packages/airflow/example_dags/example_sensor_decorator.py
[2025-01-11T12:30:41.339+0000] {processor.py:840} INFO - DAG(s) 'example_sensor_decorator' retrieved from /home/airflow/.local/lib/python3.12/site-packages/airflow/example_dags/example_sensor_decorator.py
[2025-01-11T12:30:41.351+0000] {logging_mixin.py:188} INFO - [2025-01-11T12:30:41.351+0000] {dag.py:3089} INFO - Sync 1 DAGs
[2025-01-11T12:30:41.357+0000] {logging_mixin.py:188} INFO - [2025-01-11T12:30:41.357+0000] {dag.py:3947} INFO - Setting next_dagrun for example_sensor_decorator to None, run_after=None
[2025-01-11T12:30:41.366+0000] {processor.py:183} INFO - Processing /home/airflow/.local/lib/python3.12/site-packages/airflow/example_dags/example_sensor_decorator.py took 0.036 seconds
[2025-01-11T12:31:12.225+0000] {processor.py:161} INFO - Started process (PID=23726) to work on /home/airflow/.local/lib/python3.12/site-packages/airflow/example_dags/example_sensor_decorator.py
[2025-01-11T12:31:12.225+0000] {processor.py:830} INFO - Processing file /home/airflow/.local/lib/python3.12/site-packages/airflow/example_dags/example_sensor_decorator.py for tasks to queue
[2025-01-11T12:31:12.226+0000] {logging_mixin.py:188} INFO - [2025-01-11T12:31:12.226+0000] {dagbag.py:545} INFO - Filling up the DagBag from /home/airflow/.local/lib/python3.12/site-packages/airflow/example_dags/example_sensor_decorator.py
[2025-01-11T12:31:12.231+0000] {processor.py:840} INFO - DAG(s) 'example_sensor_decorator' retrieved from /home/airflow/.local/lib/python3.12/site-packages/airflow/example_dags/example_sensor_decorator.py
[2025-01-11T12:31:12.243+0000] {logging_mixin.py:188} INFO - [2025-01-11T12:31:12.243+0000] {dag.py:3089} INFO - Sync 1 DAGs
[2025-01-11T12:31:12.250+0000] {logging_mixin.py:188} INFO - [2025-01-11T12:31:12.250+0000] {dag.py:3947} INFO - Setting next_dagrun for example_sensor_decorator to None, run_after=None
[2025-01-11T12:31:12.259+0000] {processor.py:183} INFO - Processing /home/airflow/.local/lib/python3.12/site-packages/airflow/example_dags/example_sensor_decorator.py took 0.039 seconds
[2025-01-11T12:31:44.387+0000] {processor.py:161} INFO - Started process (PID=24003) to work on /home/airflow/.local/lib/python3.12/site-packages/airflow/example_dags/example_sensor_decorator.py
[2025-01-11T12:31:44.388+0000] {processor.py:830} INFO - Processing file /home/airflow/.local/lib/python3.12/site-packages/airflow/example_dags/example_sensor_decorator.py for tasks to queue
[2025-01-11T12:31:44.389+0000] {logging_mixin.py:188} INFO - [2025-01-11T12:31:44.389+0000] {dagbag.py:545} INFO - Filling up the DagBag from /home/airflow/.local/lib/python3.12/site-packages/airflow/example_dags/example_sensor_decorator.py
[2025-01-11T12:31:44.392+0000] {processor.py:840} INFO - DAG(s) 'example_sensor_decorator' retrieved from /home/airflow/.local/lib/python3.12/site-packages/airflow/example_dags/example_sensor_decorator.py
[2025-01-11T12:31:44.407+0000] {logging_mixin.py:188} INFO - [2025-01-11T12:31:44.407+0000] {dag.py:3089} INFO - Sync 1 DAGs
[2025-01-11T12:31:44.414+0000] {logging_mixin.py:188} INFO - [2025-01-11T12:31:44.414+0000] {dag.py:3947} INFO - Setting next_dagrun for example_sensor_decorator to None, run_after=None
[2025-01-11T12:31:44.424+0000] {processor.py:183} INFO - Processing /home/airflow/.local/lib/python3.12/site-packages/airflow/example_dags/example_sensor_decorator.py took 0.042 seconds
[2025-01-11T12:32:17.436+0000] {processor.py:161} INFO - Started process (PID=24280) to work on /home/airflow/.local/lib/python3.12/site-packages/airflow/example_dags/example_sensor_decorator.py
[2025-01-11T12:32:17.437+0000] {processor.py:830} INFO - Processing file /home/airflow/.local/lib/python3.12/site-packages/airflow/example_dags/example_sensor_decorator.py for tasks to queue
[2025-01-11T12:32:17.439+0000] {logging_mixin.py:188} INFO - [2025-01-11T12:32:17.439+0000] {dagbag.py:545} INFO - Filling up the DagBag from /home/airflow/.local/lib/python3.12/site-packages/airflow/example_dags/example_sensor_decorator.py
[2025-01-11T12:32:17.443+0000] {processor.py:840} INFO - DAG(s) 'example_sensor_decorator' retrieved from /home/airflow/.local/lib/python3.12/site-packages/airflow/example_dags/example_sensor_decorator.py
[2025-01-11T12:32:17.457+0000] {logging_mixin.py:188} INFO - [2025-01-11T12:32:17.457+0000] {dag.py:3089} INFO - Sync 1 DAGs
[2025-01-11T12:32:17.464+0000] {logging_mixin.py:188} INFO - [2025-01-11T12:32:17.464+0000] {dag.py:3947} INFO - Setting next_dagrun for example_sensor_decorator to None, run_after=None
[2025-01-11T12:32:17.476+0000] {processor.py:183} INFO - Processing /home/airflow/.local/lib/python3.12/site-packages/airflow/example_dags/example_sensor_decorator.py took 0.044 seconds
[2025-01-11T12:32:47.856+0000] {processor.py:161} INFO - Started process (PID=24559) to work on /home/airflow/.local/lib/python3.12/site-packages/airflow/example_dags/example_sensor_decorator.py
[2025-01-11T12:32:47.857+0000] {processor.py:830} INFO - Processing file /home/airflow/.local/lib/python3.12/site-packages/airflow/example_dags/example_sensor_decorator.py for tasks to queue
[2025-01-11T12:32:47.858+0000] {logging_mixin.py:188} INFO - [2025-01-11T12:32:47.858+0000] {dagbag.py:545} INFO - Filling up the DagBag from /home/airflow/.local/lib/python3.12/site-packages/airflow/example_dags/example_sensor_decorator.py
[2025-01-11T12:32:47.862+0000] {processor.py:840} INFO - DAG(s) 'example_sensor_decorator' retrieved from /home/airflow/.local/lib/python3.12/site-packages/airflow/example_dags/example_sensor_decorator.py
[2025-01-11T12:32:47.876+0000] {logging_mixin.py:188} INFO - [2025-01-11T12:32:47.876+0000] {dag.py:3089} INFO - Sync 1 DAGs
[2025-01-11T12:32:47.883+0000] {logging_mixin.py:188} INFO - [2025-01-11T12:32:47.883+0000] {dag.py:3947} INFO - Setting next_dagrun for example_sensor_decorator to None, run_after=None
[2025-01-11T12:32:47.893+0000] {processor.py:183} INFO - Processing /home/airflow/.local/lib/python3.12/site-packages/airflow/example_dags/example_sensor_decorator.py took 0.041 seconds
[2025-01-11T12:53:58.284+0000] {processor.py:161} INFO - Started process (PID=24834) to work on /home/airflow/.local/lib/python3.12/site-packages/airflow/example_dags/example_sensor_decorator.py
[2025-01-11T12:53:58.284+0000] {processor.py:830} INFO - Processing file /home/airflow/.local/lib/python3.12/site-packages/airflow/example_dags/example_sensor_decorator.py for tasks to queue
[2025-01-11T12:53:58.286+0000] {logging_mixin.py:188} INFO - [2025-01-11T12:53:58.286+0000] {dagbag.py:545} INFO - Filling up the DagBag from /home/airflow/.local/lib/python3.12/site-packages/airflow/example_dags/example_sensor_decorator.py
[2025-01-11T12:53:58.291+0000] {processor.py:840} INFO - DAG(s) 'example_sensor_decorator' retrieved from /home/airflow/.local/lib/python3.12/site-packages/airflow/example_dags/example_sensor_decorator.py
[2025-01-11T12:53:58.306+0000] {logging_mixin.py:188} INFO - [2025-01-11T12:53:58.306+0000] {dag.py:3089} INFO - Sync 1 DAGs
[2025-01-11T12:53:58.314+0000] {logging_mixin.py:188} INFO - [2025-01-11T12:53:58.314+0000] {dag.py:3947} INFO - Setting next_dagrun for example_sensor_decorator to None, run_after=None
[2025-01-11T12:53:58.325+0000] {processor.py:183} INFO - Processing /home/airflow/.local/lib/python3.12/site-packages/airflow/example_dags/example_sensor_decorator.py took 0.046 seconds
[2025-01-11T12:54:28.497+0000] {processor.py:161} INFO - Started process (PID=25108) to work on /home/airflow/.local/lib/python3.12/site-packages/airflow/example_dags/example_sensor_decorator.py
[2025-01-11T12:54:28.497+0000] {processor.py:830} INFO - Processing file /home/airflow/.local/lib/python3.12/site-packages/airflow/example_dags/example_sensor_decorator.py for tasks to queue
[2025-01-11T12:54:28.499+0000] {logging_mixin.py:188} INFO - [2025-01-11T12:54:28.498+0000] {dagbag.py:545} INFO - Filling up the DagBag from /home/airflow/.local/lib/python3.12/site-packages/airflow/example_dags/example_sensor_decorator.py
[2025-01-11T12:54:28.502+0000] {processor.py:840} INFO - DAG(s) 'example_sensor_decorator' retrieved from /home/airflow/.local/lib/python3.12/site-packages/airflow/example_dags/example_sensor_decorator.py
[2025-01-11T12:54:28.514+0000] {logging_mixin.py:188} INFO - [2025-01-11T12:54:28.514+0000] {dag.py:3089} INFO - Sync 1 DAGs
[2025-01-11T12:54:28.521+0000] {logging_mixin.py:188} INFO - [2025-01-11T12:54:28.521+0000] {dag.py:3947} INFO - Setting next_dagrun for example_sensor_decorator to None, run_after=None
[2025-01-11T12:54:28.533+0000] {processor.py:183} INFO - Processing /home/airflow/.local/lib/python3.12/site-packages/airflow/example_dags/example_sensor_decorator.py took 0.040 seconds
[2025-01-11T12:54:59.449+0000] {processor.py:161} INFO - Started process (PID=25388) to work on /home/airflow/.local/lib/python3.12/site-packages/airflow/example_dags/example_sensor_decorator.py
[2025-01-11T12:54:59.450+0000] {processor.py:830} INFO - Processing file /home/airflow/.local/lib/python3.12/site-packages/airflow/example_dags/example_sensor_decorator.py for tasks to queue
[2025-01-11T12:54:59.451+0000] {logging_mixin.py:188} INFO - [2025-01-11T12:54:59.450+0000] {dagbag.py:545} INFO - Filling up the DagBag from /home/airflow/.local/lib/python3.12/site-packages/airflow/example_dags/example_sensor_decorator.py
[2025-01-11T12:54:59.455+0000] {processor.py:840} INFO - DAG(s) 'example_sensor_decorator' retrieved from /home/airflow/.local/lib/python3.12/site-packages/airflow/example_dags/example_sensor_decorator.py
[2025-01-11T12:54:59.469+0000] {logging_mixin.py:188} INFO - [2025-01-11T12:54:59.469+0000] {dag.py:3089} INFO - Sync 1 DAGs
[2025-01-11T12:54:59.476+0000] {logging_mixin.py:188} INFO - [2025-01-11T12:54:59.476+0000] {dag.py:3947} INFO - Setting next_dagrun for example_sensor_decorator to None, run_after=None
[2025-01-11T12:54:59.487+0000] {processor.py:183} INFO - Processing /home/airflow/.local/lib/python3.12/site-packages/airflow/example_dags/example_sensor_decorator.py took 0.042 seconds
[2025-01-11T12:55:30.081+0000] {processor.py:161} INFO - Started process (PID=25665) to work on /home/airflow/.local/lib/python3.12/site-packages/airflow/example_dags/example_sensor_decorator.py
[2025-01-11T12:55:30.082+0000] {processor.py:830} INFO - Processing file /home/airflow/.local/lib/python3.12/site-packages/airflow/example_dags/example_sensor_decorator.py for tasks to queue
[2025-01-11T12:55:30.083+0000] {logging_mixin.py:188} INFO - [2025-01-11T12:55:30.083+0000] {dagbag.py:545} INFO - Filling up the DagBag from /home/airflow/.local/lib/python3.12/site-packages/airflow/example_dags/example_sensor_decorator.py
[2025-01-11T12:55:30.087+0000] {processor.py:840} INFO - DAG(s) 'example_sensor_decorator' retrieved from /home/airflow/.local/lib/python3.12/site-packages/airflow/example_dags/example_sensor_decorator.py
[2025-01-11T12:55:30.100+0000] {logging_mixin.py:188} INFO - [2025-01-11T12:55:30.100+0000] {dag.py:3089} INFO - Sync 1 DAGs
[2025-01-11T12:55:30.107+0000] {logging_mixin.py:188} INFO - [2025-01-11T12:55:30.107+0000] {dag.py:3947} INFO - Setting next_dagrun for example_sensor_decorator to None, run_after=None
[2025-01-11T12:55:30.117+0000] {processor.py:183} INFO - Processing /home/airflow/.local/lib/python3.12/site-packages/airflow/example_dags/example_sensor_decorator.py took 0.040 seconds
[2025-01-11T12:56:00.209+0000] {processor.py:161} INFO - Started process (PID=25942) to work on /home/airflow/.local/lib/python3.12/site-packages/airflow/example_dags/example_sensor_decorator.py
[2025-01-11T12:56:00.210+0000] {processor.py:830} INFO - Processing file /home/airflow/.local/lib/python3.12/site-packages/airflow/example_dags/example_sensor_decorator.py for tasks to queue
[2025-01-11T12:56:00.211+0000] {logging_mixin.py:188} INFO - [2025-01-11T12:56:00.211+0000] {dagbag.py:545} INFO - Filling up the DagBag from /home/airflow/.local/lib/python3.12/site-packages/airflow/example_dags/example_sensor_decorator.py
[2025-01-11T12:56:00.215+0000] {processor.py:840} INFO - DAG(s) 'example_sensor_decorator' retrieved from /home/airflow/.local/lib/python3.12/site-packages/airflow/example_dags/example_sensor_decorator.py
[2025-01-11T12:56:00.228+0000] {logging_mixin.py:188} INFO - [2025-01-11T12:56:00.228+0000] {dag.py:3089} INFO - Sync 1 DAGs
[2025-01-11T12:56:00.236+0000] {logging_mixin.py:188} INFO - [2025-01-11T12:56:00.236+0000] {dag.py:3947} INFO - Setting next_dagrun for example_sensor_decorator to None, run_after=None
[2025-01-11T12:56:00.249+0000] {processor.py:183} INFO - Processing /home/airflow/.local/lib/python3.12/site-packages/airflow/example_dags/example_sensor_decorator.py took 0.044 seconds
[2025-01-11T12:56:30.370+0000] {processor.py:161} INFO - Started process (PID=26219) to work on /home/airflow/.local/lib/python3.12/site-packages/airflow/example_dags/example_sensor_decorator.py
[2025-01-11T12:56:30.371+0000] {processor.py:830} INFO - Processing file /home/airflow/.local/lib/python3.12/site-packages/airflow/example_dags/example_sensor_decorator.py for tasks to queue
[2025-01-11T12:56:30.373+0000] {logging_mixin.py:188} INFO - [2025-01-11T12:56:30.372+0000] {dagbag.py:545} INFO - Filling up the DagBag from /home/airflow/.local/lib/python3.12/site-packages/airflow/example_dags/example_sensor_decorator.py
[2025-01-11T12:56:30.377+0000] {processor.py:840} INFO - DAG(s) 'example_sensor_decorator' retrieved from /home/airflow/.local/lib/python3.12/site-packages/airflow/example_dags/example_sensor_decorator.py
[2025-01-11T12:56:30.391+0000] {logging_mixin.py:188} INFO - [2025-01-11T12:56:30.391+0000] {dag.py:3089} INFO - Sync 1 DAGs
[2025-01-11T12:56:30.399+0000] {logging_mixin.py:188} INFO - [2025-01-11T12:56:30.399+0000] {dag.py:3947} INFO - Setting next_dagrun for example_sensor_decorator to None, run_after=None
[2025-01-11T12:56:30.410+0000] {processor.py:183} INFO - Processing /home/airflow/.local/lib/python3.12/site-packages/airflow/example_dags/example_sensor_decorator.py took 0.044 seconds
[2025-01-11T12:57:01.150+0000] {processor.py:161} INFO - Started process (PID=26496) to work on /home/airflow/.local/lib/python3.12/site-packages/airflow/example_dags/example_sensor_decorator.py
[2025-01-11T12:57:01.151+0000] {processor.py:830} INFO - Processing file /home/airflow/.local/lib/python3.12/site-packages/airflow/example_dags/example_sensor_decorator.py for tasks to queue
[2025-01-11T12:57:01.153+0000] {logging_mixin.py:188} INFO - [2025-01-11T12:57:01.152+0000] {dagbag.py:545} INFO - Filling up the DagBag from /home/airflow/.local/lib/python3.12/site-packages/airflow/example_dags/example_sensor_decorator.py
[2025-01-11T12:57:01.157+0000] {processor.py:840} INFO - DAG(s) 'example_sensor_decorator' retrieved from /home/airflow/.local/lib/python3.12/site-packages/airflow/example_dags/example_sensor_decorator.py
[2025-01-11T12:57:01.171+0000] {logging_mixin.py:188} INFO - [2025-01-11T12:57:01.171+0000] {dag.py:3089} INFO - Sync 1 DAGs
[2025-01-11T12:57:01.178+0000] {logging_mixin.py:188} INFO - [2025-01-11T12:57:01.178+0000] {dag.py:3947} INFO - Setting next_dagrun for example_sensor_decorator to None, run_after=None
[2025-01-11T12:57:01.188+0000] {processor.py:183} INFO - Processing /home/airflow/.local/lib/python3.12/site-packages/airflow/example_dags/example_sensor_decorator.py took 0.043 seconds
[2025-01-11T12:57:31.709+0000] {processor.py:161} INFO - Started process (PID=26775) to work on /home/airflow/.local/lib/python3.12/site-packages/airflow/example_dags/example_sensor_decorator.py
[2025-01-11T12:57:31.710+0000] {processor.py:830} INFO - Processing file /home/airflow/.local/lib/python3.12/site-packages/airflow/example_dags/example_sensor_decorator.py for tasks to queue
[2025-01-11T12:57:31.711+0000] {logging_mixin.py:188} INFO - [2025-01-11T12:57:31.711+0000] {dagbag.py:545} INFO - Filling up the DagBag from /home/airflow/.local/lib/python3.12/site-packages/airflow/example_dags/example_sensor_decorator.py
[2025-01-11T12:57:31.716+0000] {processor.py:840} INFO - DAG(s) 'example_sensor_decorator' retrieved from /home/airflow/.local/lib/python3.12/site-packages/airflow/example_dags/example_sensor_decorator.py
[2025-01-11T12:57:31.729+0000] {logging_mixin.py:188} INFO - [2025-01-11T12:57:31.729+0000] {dag.py:3089} INFO - Sync 1 DAGs
[2025-01-11T12:57:31.736+0000] {logging_mixin.py:188} INFO - [2025-01-11T12:57:31.736+0000] {dag.py:3947} INFO - Setting next_dagrun for example_sensor_decorator to None, run_after=None
[2025-01-11T12:57:31.747+0000] {processor.py:183} INFO - Processing /home/airflow/.local/lib/python3.12/site-packages/airflow/example_dags/example_sensor_decorator.py took 0.043 seconds
[2025-01-11T12:58:01.940+0000] {processor.py:161} INFO - Started process (PID=27052) to work on /home/airflow/.local/lib/python3.12/site-packages/airflow/example_dags/example_sensor_decorator.py
[2025-01-11T12:58:01.941+0000] {processor.py:830} INFO - Processing file /home/airflow/.local/lib/python3.12/site-packages/airflow/example_dags/example_sensor_decorator.py for tasks to queue
[2025-01-11T12:58:01.942+0000] {logging_mixin.py:188} INFO - [2025-01-11T12:58:01.942+0000] {dagbag.py:545} INFO - Filling up the DagBag from /home/airflow/.local/lib/python3.12/site-packages/airflow/example_dags/example_sensor_decorator.py
[2025-01-11T12:58:01.946+0000] {processor.py:840} INFO - DAG(s) 'example_sensor_decorator' retrieved from /home/airflow/.local/lib/python3.12/site-packages/airflow/example_dags/example_sensor_decorator.py
[2025-01-11T12:58:01.959+0000] {logging_mixin.py:188} INFO - [2025-01-11T12:58:01.959+0000] {dag.py:3089} INFO - Sync 1 DAGs
[2025-01-11T12:58:01.965+0000] {logging_mixin.py:188} INFO - [2025-01-11T12:58:01.965+0000] {dag.py:3947} INFO - Setting next_dagrun for example_sensor_decorator to None, run_after=None
[2025-01-11T12:58:01.977+0000] {processor.py:183} INFO - Processing /home/airflow/.local/lib/python3.12/site-packages/airflow/example_dags/example_sensor_decorator.py took 0.042 seconds
[2025-01-11T12:58:32.937+0000] {processor.py:161} INFO - Started process (PID=27329) to work on /home/airflow/.local/lib/python3.12/site-packages/airflow/example_dags/example_sensor_decorator.py
[2025-01-11T12:58:32.937+0000] {processor.py:830} INFO - Processing file /home/airflow/.local/lib/python3.12/site-packages/airflow/example_dags/example_sensor_decorator.py for tasks to queue
[2025-01-11T12:58:32.939+0000] {logging_mixin.py:188} INFO - [2025-01-11T12:58:32.938+0000] {dagbag.py:545} INFO - Filling up the DagBag from /home/airflow/.local/lib/python3.12/site-packages/airflow/example_dags/example_sensor_decorator.py
[2025-01-11T12:58:32.945+0000] {processor.py:840} INFO - DAG(s) 'example_sensor_decorator' retrieved from /home/airflow/.local/lib/python3.12/site-packages/airflow/example_dags/example_sensor_decorator.py
[2025-01-11T12:58:32.958+0000] {logging_mixin.py:188} INFO - [2025-01-11T12:58:32.958+0000] {dag.py:3089} INFO - Sync 1 DAGs
[2025-01-11T12:58:32.964+0000] {logging_mixin.py:188} INFO - [2025-01-11T12:58:32.964+0000] {dag.py:3947} INFO - Setting next_dagrun for example_sensor_decorator to None, run_after=None
[2025-01-11T12:58:32.975+0000] {processor.py:183} INFO - Processing /home/airflow/.local/lib/python3.12/site-packages/airflow/example_dags/example_sensor_decorator.py took 0.042 seconds
[2025-01-11T12:59:03.155+0000] {processor.py:161} INFO - Started process (PID=27606) to work on /home/airflow/.local/lib/python3.12/site-packages/airflow/example_dags/example_sensor_decorator.py
[2025-01-11T12:59:03.156+0000] {processor.py:830} INFO - Processing file /home/airflow/.local/lib/python3.12/site-packages/airflow/example_dags/example_sensor_decorator.py for tasks to queue
[2025-01-11T12:59:03.157+0000] {logging_mixin.py:188} INFO - [2025-01-11T12:59:03.157+0000] {dagbag.py:545} INFO - Filling up the DagBag from /home/airflow/.local/lib/python3.12/site-packages/airflow/example_dags/example_sensor_decorator.py
[2025-01-11T12:59:03.162+0000] {processor.py:840} INFO - DAG(s) 'example_sensor_decorator' retrieved from /home/airflow/.local/lib/python3.12/site-packages/airflow/example_dags/example_sensor_decorator.py
[2025-01-11T12:59:03.177+0000] {logging_mixin.py:188} INFO - [2025-01-11T12:59:03.177+0000] {dag.py:3089} INFO - Sync 1 DAGs
[2025-01-11T12:59:03.186+0000] {logging_mixin.py:188} INFO - [2025-01-11T12:59:03.185+0000] {dag.py:3947} INFO - Setting next_dagrun for example_sensor_decorator to None, run_after=None
[2025-01-11T12:59:03.197+0000] {processor.py:183} INFO - Processing /home/airflow/.local/lib/python3.12/site-packages/airflow/example_dags/example_sensor_decorator.py took 0.046 seconds
[2025-01-11T12:59:33.549+0000] {processor.py:161} INFO - Started process (PID=27883) to work on /home/airflow/.local/lib/python3.12/site-packages/airflow/example_dags/example_sensor_decorator.py
[2025-01-11T12:59:33.549+0000] {processor.py:830} INFO - Processing file /home/airflow/.local/lib/python3.12/site-packages/airflow/example_dags/example_sensor_decorator.py for tasks to queue
[2025-01-11T12:59:33.551+0000] {logging_mixin.py:188} INFO - [2025-01-11T12:59:33.550+0000] {dagbag.py:545} INFO - Filling up the DagBag from /home/airflow/.local/lib/python3.12/site-packages/airflow/example_dags/example_sensor_decorator.py
[2025-01-11T12:59:33.555+0000] {processor.py:840} INFO - DAG(s) 'example_sensor_decorator' retrieved from /home/airflow/.local/lib/python3.12/site-packages/airflow/example_dags/example_sensor_decorator.py
[2025-01-11T12:59:33.570+0000] {logging_mixin.py:188} INFO - [2025-01-11T12:59:33.569+0000] {dag.py:3089} INFO - Sync 1 DAGs
[2025-01-11T12:59:33.576+0000] {logging_mixin.py:188} INFO - [2025-01-11T12:59:33.576+0000] {dag.py:3947} INFO - Setting next_dagrun for example_sensor_decorator to None, run_after=None
[2025-01-11T12:59:33.589+0000] {processor.py:183} INFO - Processing /home/airflow/.local/lib/python3.12/site-packages/airflow/example_dags/example_sensor_decorator.py took 0.045 seconds
[2025-01-11T13:00:03.771+0000] {processor.py:161} INFO - Started process (PID=28160) to work on /home/airflow/.local/lib/python3.12/site-packages/airflow/example_dags/example_sensor_decorator.py
[2025-01-11T13:00:03.771+0000] {processor.py:830} INFO - Processing file /home/airflow/.local/lib/python3.12/site-packages/airflow/example_dags/example_sensor_decorator.py for tasks to queue
[2025-01-11T13:00:03.773+0000] {logging_mixin.py:188} INFO - [2025-01-11T13:00:03.772+0000] {dagbag.py:545} INFO - Filling up the DagBag from /home/airflow/.local/lib/python3.12/site-packages/airflow/example_dags/example_sensor_decorator.py
[2025-01-11T13:00:03.777+0000] {processor.py:840} INFO - DAG(s) 'example_sensor_decorator' retrieved from /home/airflow/.local/lib/python3.12/site-packages/airflow/example_dags/example_sensor_decorator.py
[2025-01-11T13:00:03.791+0000] {logging_mixin.py:188} INFO - [2025-01-11T13:00:03.791+0000] {dag.py:3089} INFO - Sync 1 DAGs
[2025-01-11T13:00:03.798+0000] {logging_mixin.py:188} INFO - [2025-01-11T13:00:03.798+0000] {dag.py:3947} INFO - Setting next_dagrun for example_sensor_decorator to None, run_after=None
[2025-01-11T13:00:03.809+0000] {processor.py:183} INFO - Processing /home/airflow/.local/lib/python3.12/site-packages/airflow/example_dags/example_sensor_decorator.py took 0.042 seconds
[2025-01-11T13:00:34.157+0000] {processor.py:161} INFO - Started process (PID=28437) to work on /home/airflow/.local/lib/python3.12/site-packages/airflow/example_dags/example_sensor_decorator.py
[2025-01-11T13:00:34.158+0000] {processor.py:830} INFO - Processing file /home/airflow/.local/lib/python3.12/site-packages/airflow/example_dags/example_sensor_decorator.py for tasks to queue
[2025-01-11T13:00:34.159+0000] {logging_mixin.py:188} INFO - [2025-01-11T13:00:34.159+0000] {dagbag.py:545} INFO - Filling up the DagBag from /home/airflow/.local/lib/python3.12/site-packages/airflow/example_dags/example_sensor_decorator.py
[2025-01-11T13:00:34.165+0000] {processor.py:840} INFO - DAG(s) 'example_sensor_decorator' retrieved from /home/airflow/.local/lib/python3.12/site-packages/airflow/example_dags/example_sensor_decorator.py
[2025-01-11T13:00:34.179+0000] {logging_mixin.py:188} INFO - [2025-01-11T13:00:34.179+0000] {dag.py:3089} INFO - Sync 1 DAGs
[2025-01-11T13:00:34.186+0000] {logging_mixin.py:188} INFO - [2025-01-11T13:00:34.186+0000] {dag.py:3947} INFO - Setting next_dagrun for example_sensor_decorator to None, run_after=None
[2025-01-11T13:00:34.198+0000] {processor.py:183} INFO - Processing /home/airflow/.local/lib/python3.12/site-packages/airflow/example_dags/example_sensor_decorator.py took 0.045 seconds
[2025-01-11T13:03:15.723+0000] {processor.py:161} INFO - Started process (PID=28712) to work on /home/airflow/.local/lib/python3.12/site-packages/airflow/example_dags/example_sensor_decorator.py
[2025-01-11T13:03:15.724+0000] {processor.py:830} INFO - Processing file /home/airflow/.local/lib/python3.12/site-packages/airflow/example_dags/example_sensor_decorator.py for tasks to queue
[2025-01-11T13:03:15.726+0000] {logging_mixin.py:188} INFO - [2025-01-11T13:03:15.725+0000] {dagbag.py:545} INFO - Filling up the DagBag from /home/airflow/.local/lib/python3.12/site-packages/airflow/example_dags/example_sensor_decorator.py
[2025-01-11T13:03:15.730+0000] {processor.py:840} INFO - DAG(s) 'example_sensor_decorator' retrieved from /home/airflow/.local/lib/python3.12/site-packages/airflow/example_dags/example_sensor_decorator.py
[2025-01-11T13:03:15.745+0000] {logging_mixin.py:188} INFO - [2025-01-11T13:03:15.745+0000] {dag.py:3089} INFO - Sync 1 DAGs
[2025-01-11T13:03:15.753+0000] {logging_mixin.py:188} INFO - [2025-01-11T13:03:15.753+0000] {dag.py:3947} INFO - Setting next_dagrun for example_sensor_decorator to None, run_after=None
[2025-01-11T13:03:15.764+0000] {processor.py:183} INFO - Processing /home/airflow/.local/lib/python3.12/site-packages/airflow/example_dags/example_sensor_decorator.py took 0.046 seconds
[2025-01-11T13:03:46.436+0000] {processor.py:161} INFO - Started process (PID=28989) to work on /home/airflow/.local/lib/python3.12/site-packages/airflow/example_dags/example_sensor_decorator.py
[2025-01-11T13:03:46.441+0000] {processor.py:830} INFO - Processing file /home/airflow/.local/lib/python3.12/site-packages/airflow/example_dags/example_sensor_decorator.py for tasks to queue
[2025-01-11T13:03:46.442+0000] {logging_mixin.py:188} INFO - [2025-01-11T13:03:46.442+0000] {dagbag.py:545} INFO - Filling up the DagBag from /home/airflow/.local/lib/python3.12/site-packages/airflow/example_dags/example_sensor_decorator.py
[2025-01-11T13:03:46.447+0000] {processor.py:840} INFO - DAG(s) 'example_sensor_decorator' retrieved from /home/airflow/.local/lib/python3.12/site-packages/airflow/example_dags/example_sensor_decorator.py
[2025-01-11T13:03:46.461+0000] {logging_mixin.py:188} INFO - [2025-01-11T13:03:46.461+0000] {dag.py:3089} INFO - Sync 1 DAGs
[2025-01-11T13:03:46.469+0000] {logging_mixin.py:188} INFO - [2025-01-11T13:03:46.469+0000] {dag.py:3947} INFO - Setting next_dagrun for example_sensor_decorator to None, run_after=None
[2025-01-11T13:03:46.483+0000] {processor.py:183} INFO - Processing /home/airflow/.local/lib/python3.12/site-packages/airflow/example_dags/example_sensor_decorator.py took 0.052 seconds
[2025-01-11T13:04:16.808+0000] {processor.py:161} INFO - Started process (PID=29266) to work on /home/airflow/.local/lib/python3.12/site-packages/airflow/example_dags/example_sensor_decorator.py
[2025-01-11T13:04:16.809+0000] {processor.py:830} INFO - Processing file /home/airflow/.local/lib/python3.12/site-packages/airflow/example_dags/example_sensor_decorator.py for tasks to queue
[2025-01-11T13:04:16.811+0000] {logging_mixin.py:188} INFO - [2025-01-11T13:04:16.810+0000] {dagbag.py:545} INFO - Filling up the DagBag from /home/airflow/.local/lib/python3.12/site-packages/airflow/example_dags/example_sensor_decorator.py
[2025-01-11T13:04:16.816+0000] {processor.py:840} INFO - DAG(s) 'example_sensor_decorator' retrieved from /home/airflow/.local/lib/python3.12/site-packages/airflow/example_dags/example_sensor_decorator.py
[2025-01-11T13:04:16.831+0000] {logging_mixin.py:188} INFO - [2025-01-11T13:04:16.831+0000] {dag.py:3089} INFO - Sync 1 DAGs
[2025-01-11T13:04:16.840+0000] {logging_mixin.py:188} INFO - [2025-01-11T13:04:16.840+0000] {dag.py:3947} INFO - Setting next_dagrun for example_sensor_decorator to None, run_after=None
[2025-01-11T13:04:16.853+0000] {processor.py:183} INFO - Processing /home/airflow/.local/lib/python3.12/site-packages/airflow/example_dags/example_sensor_decorator.py took 0.049 seconds
[2025-01-11T13:04:47.112+0000] {processor.py:161} INFO - Started process (PID=29543) to work on /home/airflow/.local/lib/python3.12/site-packages/airflow/example_dags/example_sensor_decorator.py
[2025-01-11T13:04:47.113+0000] {processor.py:830} INFO - Processing file /home/airflow/.local/lib/python3.12/site-packages/airflow/example_dags/example_sensor_decorator.py for tasks to queue
[2025-01-11T13:04:47.114+0000] {logging_mixin.py:188} INFO - [2025-01-11T13:04:47.114+0000] {dagbag.py:545} INFO - Filling up the DagBag from /home/airflow/.local/lib/python3.12/site-packages/airflow/example_dags/example_sensor_decorator.py
[2025-01-11T13:04:47.118+0000] {processor.py:840} INFO - DAG(s) 'example_sensor_decorator' retrieved from /home/airflow/.local/lib/python3.12/site-packages/airflow/example_dags/example_sensor_decorator.py
[2025-01-11T13:04:47.132+0000] {logging_mixin.py:188} INFO - [2025-01-11T13:04:47.132+0000] {dag.py:3089} INFO - Sync 1 DAGs
[2025-01-11T13:04:47.140+0000] {logging_mixin.py:188} INFO - [2025-01-11T13:04:47.139+0000] {dag.py:3947} INFO - Setting next_dagrun for example_sensor_decorator to None, run_after=None
[2025-01-11T13:04:47.151+0000] {processor.py:183} INFO - Processing /home/airflow/.local/lib/python3.12/site-packages/airflow/example_dags/example_sensor_decorator.py took 0.043 seconds
[2025-01-11T13:05:17.527+0000] {processor.py:161} INFO - Started process (PID=29820) to work on /home/airflow/.local/lib/python3.12/site-packages/airflow/example_dags/example_sensor_decorator.py
[2025-01-11T13:05:17.528+0000] {processor.py:830} INFO - Processing file /home/airflow/.local/lib/python3.12/site-packages/airflow/example_dags/example_sensor_decorator.py for tasks to queue
[2025-01-11T13:05:17.530+0000] {logging_mixin.py:188} INFO - [2025-01-11T13:05:17.530+0000] {dagbag.py:545} INFO - Filling up the DagBag from /home/airflow/.local/lib/python3.12/site-packages/airflow/example_dags/example_sensor_decorator.py
[2025-01-11T13:05:17.535+0000] {processor.py:840} INFO - DAG(s) 'example_sensor_decorator' retrieved from /home/airflow/.local/lib/python3.12/site-packages/airflow/example_dags/example_sensor_decorator.py
[2025-01-11T13:05:17.549+0000] {logging_mixin.py:188} INFO - [2025-01-11T13:05:17.548+0000] {dag.py:3089} INFO - Sync 1 DAGs
[2025-01-11T13:05:17.556+0000] {logging_mixin.py:188} INFO - [2025-01-11T13:05:17.556+0000] {dag.py:3947} INFO - Setting next_dagrun for example_sensor_decorator to None, run_after=None
[2025-01-11T13:05:17.568+0000] {processor.py:183} INFO - Processing /home/airflow/.local/lib/python3.12/site-packages/airflow/example_dags/example_sensor_decorator.py took 0.045 seconds
[2025-01-11T13:05:47.942+0000] {processor.py:161} INFO - Started process (PID=30098) to work on /home/airflow/.local/lib/python3.12/site-packages/airflow/example_dags/example_sensor_decorator.py
[2025-01-11T13:05:47.943+0000] {processor.py:830} INFO - Processing file /home/airflow/.local/lib/python3.12/site-packages/airflow/example_dags/example_sensor_decorator.py for tasks to queue
[2025-01-11T13:05:47.945+0000] {logging_mixin.py:188} INFO - [2025-01-11T13:05:47.945+0000] {dagbag.py:545} INFO - Filling up the DagBag from /home/airflow/.local/lib/python3.12/site-packages/airflow/example_dags/example_sensor_decorator.py
[2025-01-11T13:05:47.949+0000] {processor.py:840} INFO - DAG(s) 'example_sensor_decorator' retrieved from /home/airflow/.local/lib/python3.12/site-packages/airflow/example_dags/example_sensor_decorator.py
[2025-01-11T13:05:47.963+0000] {logging_mixin.py:188} INFO - [2025-01-11T13:05:47.963+0000] {dag.py:3089} INFO - Sync 1 DAGs
[2025-01-11T13:05:47.973+0000] {logging_mixin.py:188} INFO - [2025-01-11T13:05:47.973+0000] {dag.py:3947} INFO - Setting next_dagrun for example_sensor_decorator to None, run_after=None
[2025-01-11T13:05:47.985+0000] {processor.py:183} INFO - Processing /home/airflow/.local/lib/python3.12/site-packages/airflow/example_dags/example_sensor_decorator.py took 0.053 seconds
[2025-01-11T13:06:18.184+0000] {processor.py:161} INFO - Started process (PID=30373) to work on /home/airflow/.local/lib/python3.12/site-packages/airflow/example_dags/example_sensor_decorator.py
[2025-01-11T13:06:18.185+0000] {processor.py:830} INFO - Processing file /home/airflow/.local/lib/python3.12/site-packages/airflow/example_dags/example_sensor_decorator.py for tasks to queue
[2025-01-11T13:06:18.186+0000] {logging_mixin.py:188} INFO - [2025-01-11T13:06:18.186+0000] {dagbag.py:545} INFO - Filling up the DagBag from /home/airflow/.local/lib/python3.12/site-packages/airflow/example_dags/example_sensor_decorator.py
[2025-01-11T13:06:18.191+0000] {processor.py:840} INFO - DAG(s) 'example_sensor_decorator' retrieved from /home/airflow/.local/lib/python3.12/site-packages/airflow/example_dags/example_sensor_decorator.py
[2025-01-11T13:06:18.208+0000] {logging_mixin.py:188} INFO - [2025-01-11T13:06:18.208+0000] {dag.py:3089} INFO - Sync 1 DAGs
[2025-01-11T13:06:18.216+0000] {logging_mixin.py:188} INFO - [2025-01-11T13:06:18.216+0000] {dag.py:3947} INFO - Setting next_dagrun for example_sensor_decorator to None, run_after=None
[2025-01-11T13:06:18.228+0000] {processor.py:183} INFO - Processing /home/airflow/.local/lib/python3.12/site-packages/airflow/example_dags/example_sensor_decorator.py took 0.048 seconds
[2025-01-11T13:06:48.342+0000] {processor.py:161} INFO - Started process (PID=30650) to work on /home/airflow/.local/lib/python3.12/site-packages/airflow/example_dags/example_sensor_decorator.py
[2025-01-11T13:06:48.343+0000] {processor.py:830} INFO - Processing file /home/airflow/.local/lib/python3.12/site-packages/airflow/example_dags/example_sensor_decorator.py for tasks to queue
[2025-01-11T13:06:48.344+0000] {logging_mixin.py:188} INFO - [2025-01-11T13:06:48.344+0000] {dagbag.py:545} INFO - Filling up the DagBag from /home/airflow/.local/lib/python3.12/site-packages/airflow/example_dags/example_sensor_decorator.py
[2025-01-11T13:06:48.348+0000] {processor.py:840} INFO - DAG(s) 'example_sensor_decorator' retrieved from /home/airflow/.local/lib/python3.12/site-packages/airflow/example_dags/example_sensor_decorator.py
[2025-01-11T13:06:48.362+0000] {logging_mixin.py:188} INFO - [2025-01-11T13:06:48.362+0000] {dag.py:3089} INFO - Sync 1 DAGs
[2025-01-11T13:06:48.370+0000] {logging_mixin.py:188} INFO - [2025-01-11T13:06:48.369+0000] {dag.py:3947} INFO - Setting next_dagrun for example_sensor_decorator to None, run_after=None
[2025-01-11T13:06:48.381+0000] {processor.py:183} INFO - Processing /home/airflow/.local/lib/python3.12/site-packages/airflow/example_dags/example_sensor_decorator.py took 0.043 seconds
[2025-01-11T13:07:18.854+0000] {processor.py:161} INFO - Started process (PID=30923) to work on /home/airflow/.local/lib/python3.12/site-packages/airflow/example_dags/example_sensor_decorator.py
[2025-01-11T13:07:18.855+0000] {processor.py:830} INFO - Processing file /home/airflow/.local/lib/python3.12/site-packages/airflow/example_dags/example_sensor_decorator.py for tasks to queue
[2025-01-11T13:07:18.856+0000] {logging_mixin.py:188} INFO - [2025-01-11T13:07:18.856+0000] {dagbag.py:545} INFO - Filling up the DagBag from /home/airflow/.local/lib/python3.12/site-packages/airflow/example_dags/example_sensor_decorator.py
[2025-01-11T13:07:18.860+0000] {processor.py:840} INFO - DAG(s) 'example_sensor_decorator' retrieved from /home/airflow/.local/lib/python3.12/site-packages/airflow/example_dags/example_sensor_decorator.py
[2025-01-11T13:07:18.875+0000] {logging_mixin.py:188} INFO - [2025-01-11T13:07:18.875+0000] {dag.py:3089} INFO - Sync 1 DAGs
[2025-01-11T13:07:18.882+0000] {logging_mixin.py:188} INFO - [2025-01-11T13:07:18.882+0000] {dag.py:3947} INFO - Setting next_dagrun for example_sensor_decorator to None, run_after=None
[2025-01-11T13:07:18.893+0000] {processor.py:183} INFO - Processing /home/airflow/.local/lib/python3.12/site-packages/airflow/example_dags/example_sensor_decorator.py took 0.043 seconds
[2025-01-11T13:07:49.133+0000] {processor.py:161} INFO - Started process (PID=31198) to work on /home/airflow/.local/lib/python3.12/site-packages/airflow/example_dags/example_sensor_decorator.py
[2025-01-11T13:07:49.134+0000] {processor.py:830} INFO - Processing file /home/airflow/.local/lib/python3.12/site-packages/airflow/example_dags/example_sensor_decorator.py for tasks to queue
[2025-01-11T13:07:49.136+0000] {logging_mixin.py:188} INFO - [2025-01-11T13:07:49.136+0000] {dagbag.py:545} INFO - Filling up the DagBag from /home/airflow/.local/lib/python3.12/site-packages/airflow/example_dags/example_sensor_decorator.py
[2025-01-11T13:07:49.140+0000] {processor.py:840} INFO - DAG(s) 'example_sensor_decorator' retrieved from /home/airflow/.local/lib/python3.12/site-packages/airflow/example_dags/example_sensor_decorator.py
[2025-01-11T13:07:49.155+0000] {logging_mixin.py:188} INFO - [2025-01-11T13:07:49.155+0000] {dag.py:3089} INFO - Sync 1 DAGs
[2025-01-11T13:07:49.163+0000] {logging_mixin.py:188} INFO - [2025-01-11T13:07:49.163+0000] {dag.py:3947} INFO - Setting next_dagrun for example_sensor_decorator to None, run_after=None
[2025-01-11T13:07:49.177+0000] {processor.py:183} INFO - Processing /home/airflow/.local/lib/python3.12/site-packages/airflow/example_dags/example_sensor_decorator.py took 0.047 seconds
[2025-01-11T13:08:20.110+0000] {processor.py:161} INFO - Started process (PID=31475) to work on /home/airflow/.local/lib/python3.12/site-packages/airflow/example_dags/example_sensor_decorator.py
[2025-01-11T13:08:20.111+0000] {processor.py:830} INFO - Processing file /home/airflow/.local/lib/python3.12/site-packages/airflow/example_dags/example_sensor_decorator.py for tasks to queue
[2025-01-11T13:08:20.113+0000] {logging_mixin.py:188} INFO - [2025-01-11T13:08:20.112+0000] {dagbag.py:545} INFO - Filling up the DagBag from /home/airflow/.local/lib/python3.12/site-packages/airflow/example_dags/example_sensor_decorator.py
[2025-01-11T13:08:20.117+0000] {processor.py:840} INFO - DAG(s) 'example_sensor_decorator' retrieved from /home/airflow/.local/lib/python3.12/site-packages/airflow/example_dags/example_sensor_decorator.py
[2025-01-11T13:08:20.130+0000] {logging_mixin.py:188} INFO - [2025-01-11T13:08:20.130+0000] {dag.py:3089} INFO - Sync 1 DAGs
[2025-01-11T13:08:20.137+0000] {logging_mixin.py:188} INFO - [2025-01-11T13:08:20.137+0000] {dag.py:3947} INFO - Setting next_dagrun for example_sensor_decorator to None, run_after=None
[2025-01-11T13:08:20.149+0000] {processor.py:183} INFO - Processing /home/airflow/.local/lib/python3.12/site-packages/airflow/example_dags/example_sensor_decorator.py took 0.043 seconds
[2025-01-11T13:08:50.566+0000] {processor.py:161} INFO - Started process (PID=31752) to work on /home/airflow/.local/lib/python3.12/site-packages/airflow/example_dags/example_sensor_decorator.py
[2025-01-11T13:08:50.567+0000] {processor.py:830} INFO - Processing file /home/airflow/.local/lib/python3.12/site-packages/airflow/example_dags/example_sensor_decorator.py for tasks to queue
[2025-01-11T13:08:50.568+0000] {logging_mixin.py:188} INFO - [2025-01-11T13:08:50.568+0000] {dagbag.py:545} INFO - Filling up the DagBag from /home/airflow/.local/lib/python3.12/site-packages/airflow/example_dags/example_sensor_decorator.py
[2025-01-11T13:08:50.572+0000] {processor.py:840} INFO - DAG(s) 'example_sensor_decorator' retrieved from /home/airflow/.local/lib/python3.12/site-packages/airflow/example_dags/example_sensor_decorator.py
[2025-01-11T13:08:50.586+0000] {logging_mixin.py:188} INFO - [2025-01-11T13:08:50.586+0000] {dag.py:3089} INFO - Sync 1 DAGs
[2025-01-11T13:08:50.593+0000] {logging_mixin.py:188} INFO - [2025-01-11T13:08:50.593+0000] {dag.py:3947} INFO - Setting next_dagrun for example_sensor_decorator to None, run_after=None
[2025-01-11T13:08:50.603+0000] {processor.py:183} INFO - Processing /home/airflow/.local/lib/python3.12/site-packages/airflow/example_dags/example_sensor_decorator.py took 0.042 seconds
[2025-01-11T13:09:20.815+0000] {processor.py:161} INFO - Started process (PID=32029) to work on /home/airflow/.local/lib/python3.12/site-packages/airflow/example_dags/example_sensor_decorator.py
[2025-01-11T13:09:20.816+0000] {processor.py:830} INFO - Processing file /home/airflow/.local/lib/python3.12/site-packages/airflow/example_dags/example_sensor_decorator.py for tasks to queue
[2025-01-11T13:09:20.817+0000] {logging_mixin.py:188} INFO - [2025-01-11T13:09:20.817+0000] {dagbag.py:545} INFO - Filling up the DagBag from /home/airflow/.local/lib/python3.12/site-packages/airflow/example_dags/example_sensor_decorator.py
[2025-01-11T13:09:20.821+0000] {processor.py:840} INFO - DAG(s) 'example_sensor_decorator' retrieved from /home/airflow/.local/lib/python3.12/site-packages/airflow/example_dags/example_sensor_decorator.py
[2025-01-11T13:09:20.833+0000] {logging_mixin.py:188} INFO - [2025-01-11T13:09:20.833+0000] {dag.py:3089} INFO - Sync 1 DAGs
[2025-01-11T13:09:20.840+0000] {logging_mixin.py:188} INFO - [2025-01-11T13:09:20.840+0000] {dag.py:3947} INFO - Setting next_dagrun for example_sensor_decorator to None, run_after=None
[2025-01-11T13:09:20.849+0000] {processor.py:183} INFO - Processing /home/airflow/.local/lib/python3.12/site-packages/airflow/example_dags/example_sensor_decorator.py took 0.038 seconds
[2025-01-11T13:09:53.356+0000] {processor.py:161} INFO - Started process (PID=32306) to work on /home/airflow/.local/lib/python3.12/site-packages/airflow/example_dags/example_sensor_decorator.py
[2025-01-11T13:09:53.356+0000] {processor.py:830} INFO - Processing file /home/airflow/.local/lib/python3.12/site-packages/airflow/example_dags/example_sensor_decorator.py for tasks to queue
[2025-01-11T13:09:53.358+0000] {logging_mixin.py:188} INFO - [2025-01-11T13:09:53.357+0000] {dagbag.py:545} INFO - Filling up the DagBag from /home/airflow/.local/lib/python3.12/site-packages/airflow/example_dags/example_sensor_decorator.py
[2025-01-11T13:09:53.362+0000] {processor.py:840} INFO - DAG(s) 'example_sensor_decorator' retrieved from /home/airflow/.local/lib/python3.12/site-packages/airflow/example_dags/example_sensor_decorator.py
[2025-01-11T13:09:53.376+0000] {logging_mixin.py:188} INFO - [2025-01-11T13:09:53.376+0000] {dag.py:3089} INFO - Sync 1 DAGs
[2025-01-11T13:09:53.383+0000] {logging_mixin.py:188} INFO - [2025-01-11T13:09:53.383+0000] {dag.py:3947} INFO - Setting next_dagrun for example_sensor_decorator to None, run_after=None
[2025-01-11T13:09:53.393+0000] {processor.py:183} INFO - Processing /home/airflow/.local/lib/python3.12/site-packages/airflow/example_dags/example_sensor_decorator.py took 0.042 seconds
[2025-01-11T13:10:23.646+0000] {processor.py:161} INFO - Started process (PID=32586) to work on /home/airflow/.local/lib/python3.12/site-packages/airflow/example_dags/example_sensor_decorator.py
[2025-01-11T13:10:23.647+0000] {processor.py:830} INFO - Processing file /home/airflow/.local/lib/python3.12/site-packages/airflow/example_dags/example_sensor_decorator.py for tasks to queue
[2025-01-11T13:10:23.648+0000] {logging_mixin.py:188} INFO - [2025-01-11T13:10:23.648+0000] {dagbag.py:545} INFO - Filling up the DagBag from /home/airflow/.local/lib/python3.12/site-packages/airflow/example_dags/example_sensor_decorator.py
[2025-01-11T13:10:23.652+0000] {processor.py:840} INFO - DAG(s) 'example_sensor_decorator' retrieved from /home/airflow/.local/lib/python3.12/site-packages/airflow/example_dags/example_sensor_decorator.py
[2025-01-11T13:10:23.666+0000] {logging_mixin.py:188} INFO - [2025-01-11T13:10:23.666+0000] {dag.py:3089} INFO - Sync 1 DAGs
[2025-01-11T13:10:23.673+0000] {logging_mixin.py:188} INFO - [2025-01-11T13:10:23.673+0000] {dag.py:3947} INFO - Setting next_dagrun for example_sensor_decorator to None, run_after=None
[2025-01-11T13:10:23.684+0000] {processor.py:183} INFO - Processing /home/airflow/.local/lib/python3.12/site-packages/airflow/example_dags/example_sensor_decorator.py took 0.041 seconds
[2025-01-11T13:10:54.586+0000] {processor.py:161} INFO - Started process (PID=32863) to work on /home/airflow/.local/lib/python3.12/site-packages/airflow/example_dags/example_sensor_decorator.py
[2025-01-11T13:10:54.587+0000] {processor.py:830} INFO - Processing file /home/airflow/.local/lib/python3.12/site-packages/airflow/example_dags/example_sensor_decorator.py for tasks to queue
[2025-01-11T13:10:54.588+0000] {logging_mixin.py:188} INFO - [2025-01-11T13:10:54.588+0000] {dagbag.py:545} INFO - Filling up the DagBag from /home/airflow/.local/lib/python3.12/site-packages/airflow/example_dags/example_sensor_decorator.py
[2025-01-11T13:10:54.592+0000] {processor.py:840} INFO - DAG(s) 'example_sensor_decorator' retrieved from /home/airflow/.local/lib/python3.12/site-packages/airflow/example_dags/example_sensor_decorator.py
[2025-01-11T13:10:54.604+0000] {logging_mixin.py:188} INFO - [2025-01-11T13:10:54.604+0000] {dag.py:3089} INFO - Sync 1 DAGs
[2025-01-11T13:10:54.611+0000] {logging_mixin.py:188} INFO - [2025-01-11T13:10:54.611+0000] {dag.py:3947} INFO - Setting next_dagrun for example_sensor_decorator to None, run_after=None
[2025-01-11T13:10:54.621+0000] {processor.py:183} INFO - Processing /home/airflow/.local/lib/python3.12/site-packages/airflow/example_dags/example_sensor_decorator.py took 0.039 seconds
[2025-01-11T13:11:25.349+0000] {processor.py:161} INFO - Started process (PID=33138) to work on /home/airflow/.local/lib/python3.12/site-packages/airflow/example_dags/example_sensor_decorator.py
[2025-01-11T13:11:25.349+0000] {processor.py:830} INFO - Processing file /home/airflow/.local/lib/python3.12/site-packages/airflow/example_dags/example_sensor_decorator.py for tasks to queue
[2025-01-11T13:11:25.351+0000] {logging_mixin.py:188} INFO - [2025-01-11T13:11:25.351+0000] {dagbag.py:545} INFO - Filling up the DagBag from /home/airflow/.local/lib/python3.12/site-packages/airflow/example_dags/example_sensor_decorator.py
[2025-01-11T13:11:25.356+0000] {processor.py:840} INFO - DAG(s) 'example_sensor_decorator' retrieved from /home/airflow/.local/lib/python3.12/site-packages/airflow/example_dags/example_sensor_decorator.py
[2025-01-11T13:11:25.373+0000] {logging_mixin.py:188} INFO - [2025-01-11T13:11:25.373+0000] {dag.py:3089} INFO - Sync 1 DAGs
[2025-01-11T13:11:25.381+0000] {logging_mixin.py:188} INFO - [2025-01-11T13:11:25.381+0000] {dag.py:3947} INFO - Setting next_dagrun for example_sensor_decorator to None, run_after=None
[2025-01-11T13:11:25.394+0000] {processor.py:183} INFO - Processing /home/airflow/.local/lib/python3.12/site-packages/airflow/example_dags/example_sensor_decorator.py took 0.049 seconds
[2025-01-11T13:11:56.686+0000] {processor.py:161} INFO - Started process (PID=33415) to work on /home/airflow/.local/lib/python3.12/site-packages/airflow/example_dags/example_sensor_decorator.py
[2025-01-11T13:11:56.687+0000] {processor.py:830} INFO - Processing file /home/airflow/.local/lib/python3.12/site-packages/airflow/example_dags/example_sensor_decorator.py for tasks to queue
[2025-01-11T13:11:56.688+0000] {logging_mixin.py:188} INFO - [2025-01-11T13:11:56.688+0000] {dagbag.py:545} INFO - Filling up the DagBag from /home/airflow/.local/lib/python3.12/site-packages/airflow/example_dags/example_sensor_decorator.py
[2025-01-11T13:11:56.693+0000] {processor.py:840} INFO - DAG(s) 'example_sensor_decorator' retrieved from /home/airflow/.local/lib/python3.12/site-packages/airflow/example_dags/example_sensor_decorator.py
[2025-01-11T13:11:56.706+0000] {logging_mixin.py:188} INFO - [2025-01-11T13:11:56.706+0000] {dag.py:3089} INFO - Sync 1 DAGs
[2025-01-11T13:11:56.713+0000] {logging_mixin.py:188} INFO - [2025-01-11T13:11:56.713+0000] {dag.py:3947} INFO - Setting next_dagrun for example_sensor_decorator to None, run_after=None
[2025-01-11T13:11:56.723+0000] {processor.py:183} INFO - Processing /home/airflow/.local/lib/python3.12/site-packages/airflow/example_dags/example_sensor_decorator.py took 0.041 seconds
[2025-01-11T13:12:26.980+0000] {processor.py:161} INFO - Started process (PID=33694) to work on /home/airflow/.local/lib/python3.12/site-packages/airflow/example_dags/example_sensor_decorator.py
[2025-01-11T13:12:26.981+0000] {processor.py:830} INFO - Processing file /home/airflow/.local/lib/python3.12/site-packages/airflow/example_dags/example_sensor_decorator.py for tasks to queue
[2025-01-11T13:12:26.982+0000] {logging_mixin.py:188} INFO - [2025-01-11T13:12:26.982+0000] {dagbag.py:545} INFO - Filling up the DagBag from /home/airflow/.local/lib/python3.12/site-packages/airflow/example_dags/example_sensor_decorator.py
[2025-01-11T13:12:26.987+0000] {processor.py:840} INFO - DAG(s) 'example_sensor_decorator' retrieved from /home/airflow/.local/lib/python3.12/site-packages/airflow/example_dags/example_sensor_decorator.py
[2025-01-11T13:12:27.000+0000] {logging_mixin.py:188} INFO - [2025-01-11T13:12:27.000+0000] {dag.py:3089} INFO - Sync 1 DAGs
[2025-01-11T13:12:27.006+0000] {logging_mixin.py:188} INFO - [2025-01-11T13:12:27.005+0000] {dag.py:3947} INFO - Setting next_dagrun for example_sensor_decorator to None, run_after=None
[2025-01-11T13:12:27.015+0000] {processor.py:183} INFO - Processing /home/airflow/.local/lib/python3.12/site-packages/airflow/example_dags/example_sensor_decorator.py took 0.039 seconds
[2025-01-11T13:13:00.074+0000] {processor.py:161} INFO - Started process (PID=33971) to work on /home/airflow/.local/lib/python3.12/site-packages/airflow/example_dags/example_sensor_decorator.py
[2025-01-11T13:13:00.074+0000] {processor.py:830} INFO - Processing file /home/airflow/.local/lib/python3.12/site-packages/airflow/example_dags/example_sensor_decorator.py for tasks to queue
[2025-01-11T13:13:00.076+0000] {logging_mixin.py:188} INFO - [2025-01-11T13:13:00.075+0000] {dagbag.py:545} INFO - Filling up the DagBag from /home/airflow/.local/lib/python3.12/site-packages/airflow/example_dags/example_sensor_decorator.py
[2025-01-11T13:13:00.079+0000] {processor.py:840} INFO - DAG(s) 'example_sensor_decorator' retrieved from /home/airflow/.local/lib/python3.12/site-packages/airflow/example_dags/example_sensor_decorator.py
[2025-01-11T13:13:00.092+0000] {logging_mixin.py:188} INFO - [2025-01-11T13:13:00.092+0000] {dag.py:3089} INFO - Sync 1 DAGs
[2025-01-11T13:13:00.098+0000] {logging_mixin.py:188} INFO - [2025-01-11T13:13:00.098+0000] {dag.py:3947} INFO - Setting next_dagrun for example_sensor_decorator to None, run_after=None
[2025-01-11T13:13:00.107+0000] {processor.py:183} INFO - Processing /home/airflow/.local/lib/python3.12/site-packages/airflow/example_dags/example_sensor_decorator.py took 0.037 seconds
[2025-01-11T13:13:30.517+0000] {processor.py:161} INFO - Started process (PID=34246) to work on /home/airflow/.local/lib/python3.12/site-packages/airflow/example_dags/example_sensor_decorator.py
[2025-01-11T13:13:30.518+0000] {processor.py:830} INFO - Processing file /home/airflow/.local/lib/python3.12/site-packages/airflow/example_dags/example_sensor_decorator.py for tasks to queue
[2025-01-11T13:13:30.519+0000] {logging_mixin.py:188} INFO - [2025-01-11T13:13:30.519+0000] {dagbag.py:545} INFO - Filling up the DagBag from /home/airflow/.local/lib/python3.12/site-packages/airflow/example_dags/example_sensor_decorator.py
[2025-01-11T13:13:30.523+0000] {processor.py:840} INFO - DAG(s) 'example_sensor_decorator' retrieved from /home/airflow/.local/lib/python3.12/site-packages/airflow/example_dags/example_sensor_decorator.py
[2025-01-11T13:13:30.537+0000] {logging_mixin.py:188} INFO - [2025-01-11T13:13:30.537+0000] {dag.py:3089} INFO - Sync 1 DAGs
[2025-01-11T13:13:30.543+0000] {logging_mixin.py:188} INFO - [2025-01-11T13:13:30.543+0000] {dag.py:3947} INFO - Setting next_dagrun for example_sensor_decorator to None, run_after=None
[2025-01-11T13:13:30.554+0000] {processor.py:183} INFO - Processing /home/airflow/.local/lib/python3.12/site-packages/airflow/example_dags/example_sensor_decorator.py took 0.041 seconds
[2025-01-11T13:14:02.079+0000] {processor.py:161} INFO - Started process (PID=34524) to work on /home/airflow/.local/lib/python3.12/site-packages/airflow/example_dags/example_sensor_decorator.py
[2025-01-11T13:14:02.079+0000] {processor.py:830} INFO - Processing file /home/airflow/.local/lib/python3.12/site-packages/airflow/example_dags/example_sensor_decorator.py for tasks to queue
[2025-01-11T13:14:02.081+0000] {logging_mixin.py:188} INFO - [2025-01-11T13:14:02.080+0000] {dagbag.py:545} INFO - Filling up the DagBag from /home/airflow/.local/lib/python3.12/site-packages/airflow/example_dags/example_sensor_decorator.py
[2025-01-11T13:14:02.086+0000] {processor.py:840} INFO - DAG(s) 'example_sensor_decorator' retrieved from /home/airflow/.local/lib/python3.12/site-packages/airflow/example_dags/example_sensor_decorator.py
[2025-01-11T13:14:02.100+0000] {logging_mixin.py:188} INFO - [2025-01-11T13:14:02.100+0000] {dag.py:3089} INFO - Sync 1 DAGs
[2025-01-11T13:14:02.107+0000] {logging_mixin.py:188} INFO - [2025-01-11T13:14:02.107+0000] {dag.py:3947} INFO - Setting next_dagrun for example_sensor_decorator to None, run_after=None
[2025-01-11T13:14:02.120+0000] {processor.py:183} INFO - Processing /home/airflow/.local/lib/python3.12/site-packages/airflow/example_dags/example_sensor_decorator.py took 0.045 seconds
[2025-01-11T13:14:32.281+0000] {processor.py:161} INFO - Started process (PID=34801) to work on /home/airflow/.local/lib/python3.12/site-packages/airflow/example_dags/example_sensor_decorator.py
[2025-01-11T13:14:32.282+0000] {processor.py:830} INFO - Processing file /home/airflow/.local/lib/python3.12/site-packages/airflow/example_dags/example_sensor_decorator.py for tasks to queue
[2025-01-11T13:14:32.283+0000] {logging_mixin.py:188} INFO - [2025-01-11T13:14:32.283+0000] {dagbag.py:545} INFO - Filling up the DagBag from /home/airflow/.local/lib/python3.12/site-packages/airflow/example_dags/example_sensor_decorator.py
[2025-01-11T13:14:32.287+0000] {processor.py:840} INFO - DAG(s) 'example_sensor_decorator' retrieved from /home/airflow/.local/lib/python3.12/site-packages/airflow/example_dags/example_sensor_decorator.py
[2025-01-11T13:14:32.301+0000] {logging_mixin.py:188} INFO - [2025-01-11T13:14:32.301+0000] {dag.py:3089} INFO - Sync 1 DAGs
[2025-01-11T13:14:32.309+0000] {logging_mixin.py:188} INFO - [2025-01-11T13:14:32.309+0000] {dag.py:3947} INFO - Setting next_dagrun for example_sensor_decorator to None, run_after=None
[2025-01-11T13:14:32.320+0000] {processor.py:183} INFO - Processing /home/airflow/.local/lib/python3.12/site-packages/airflow/example_dags/example_sensor_decorator.py took 0.043 seconds
[2025-01-11T13:15:03.451+0000] {processor.py:161} INFO - Started process (PID=35078) to work on /home/airflow/.local/lib/python3.12/site-packages/airflow/example_dags/example_sensor_decorator.py
[2025-01-11T13:15:03.452+0000] {processor.py:830} INFO - Processing file /home/airflow/.local/lib/python3.12/site-packages/airflow/example_dags/example_sensor_decorator.py for tasks to queue
[2025-01-11T13:15:03.453+0000] {logging_mixin.py:188} INFO - [2025-01-11T13:15:03.453+0000] {dagbag.py:545} INFO - Filling up the DagBag from /home/airflow/.local/lib/python3.12/site-packages/airflow/example_dags/example_sensor_decorator.py
[2025-01-11T13:15:03.458+0000] {processor.py:840} INFO - DAG(s) 'example_sensor_decorator' retrieved from /home/airflow/.local/lib/python3.12/site-packages/airflow/example_dags/example_sensor_decorator.py
[2025-01-11T13:15:03.472+0000] {logging_mixin.py:188} INFO - [2025-01-11T13:15:03.472+0000] {dag.py:3089} INFO - Sync 1 DAGs
[2025-01-11T13:15:03.480+0000] {logging_mixin.py:188} INFO - [2025-01-11T13:15:03.480+0000] {dag.py:3947} INFO - Setting next_dagrun for example_sensor_decorator to None, run_after=None
[2025-01-11T13:15:03.491+0000] {processor.py:183} INFO - Processing /home/airflow/.local/lib/python3.12/site-packages/airflow/example_dags/example_sensor_decorator.py took 0.044 seconds
[2025-01-11T13:15:33.991+0000] {processor.py:161} INFO - Started process (PID=35355) to work on /home/airflow/.local/lib/python3.12/site-packages/airflow/example_dags/example_sensor_decorator.py
[2025-01-11T13:15:33.992+0000] {processor.py:830} INFO - Processing file /home/airflow/.local/lib/python3.12/site-packages/airflow/example_dags/example_sensor_decorator.py for tasks to queue
[2025-01-11T13:15:33.993+0000] {logging_mixin.py:188} INFO - [2025-01-11T13:15:33.993+0000] {dagbag.py:545} INFO - Filling up the DagBag from /home/airflow/.local/lib/python3.12/site-packages/airflow/example_dags/example_sensor_decorator.py
[2025-01-11T13:15:33.997+0000] {processor.py:840} INFO - DAG(s) 'example_sensor_decorator' retrieved from /home/airflow/.local/lib/python3.12/site-packages/airflow/example_dags/example_sensor_decorator.py
[2025-01-11T13:15:34.010+0000] {logging_mixin.py:188} INFO - [2025-01-11T13:15:34.009+0000] {dag.py:3089} INFO - Sync 1 DAGs
[2025-01-11T13:15:34.017+0000] {logging_mixin.py:188} INFO - [2025-01-11T13:15:34.017+0000] {dag.py:3947} INFO - Setting next_dagrun for example_sensor_decorator to None, run_after=None
[2025-01-11T13:15:34.026+0000] {processor.py:183} INFO - Processing /home/airflow/.local/lib/python3.12/site-packages/airflow/example_dags/example_sensor_decorator.py took 0.038 seconds
[2025-01-11T13:16:07.092+0000] {processor.py:161} INFO - Started process (PID=35632) to work on /home/airflow/.local/lib/python3.12/site-packages/airflow/example_dags/example_sensor_decorator.py
[2025-01-11T13:16:07.093+0000] {processor.py:830} INFO - Processing file /home/airflow/.local/lib/python3.12/site-packages/airflow/example_dags/example_sensor_decorator.py for tasks to queue
[2025-01-11T13:16:07.094+0000] {logging_mixin.py:188} INFO - [2025-01-11T13:16:07.094+0000] {dagbag.py:545} INFO - Filling up the DagBag from /home/airflow/.local/lib/python3.12/site-packages/airflow/example_dags/example_sensor_decorator.py
[2025-01-11T13:16:07.098+0000] {processor.py:840} INFO - DAG(s) 'example_sensor_decorator' retrieved from /home/airflow/.local/lib/python3.12/site-packages/airflow/example_dags/example_sensor_decorator.py
[2025-01-11T13:16:07.112+0000] {logging_mixin.py:188} INFO - [2025-01-11T13:16:07.112+0000] {dag.py:3089} INFO - Sync 1 DAGs
[2025-01-11T13:16:07.120+0000] {logging_mixin.py:188} INFO - [2025-01-11T13:16:07.120+0000] {dag.py:3947} INFO - Setting next_dagrun for example_sensor_decorator to None, run_after=None
[2025-01-11T13:16:07.131+0000] {processor.py:183} INFO - Processing /home/airflow/.local/lib/python3.12/site-packages/airflow/example_dags/example_sensor_decorator.py took 0.043 seconds
[2025-01-11T13:16:37.490+0000] {processor.py:161} INFO - Started process (PID=35909) to work on /home/airflow/.local/lib/python3.12/site-packages/airflow/example_dags/example_sensor_decorator.py
[2025-01-11T13:16:37.491+0000] {processor.py:830} INFO - Processing file /home/airflow/.local/lib/python3.12/site-packages/airflow/example_dags/example_sensor_decorator.py for tasks to queue
[2025-01-11T13:16:37.493+0000] {logging_mixin.py:188} INFO - [2025-01-11T13:16:37.492+0000] {dagbag.py:545} INFO - Filling up the DagBag from /home/airflow/.local/lib/python3.12/site-packages/airflow/example_dags/example_sensor_decorator.py
[2025-01-11T13:16:37.497+0000] {processor.py:840} INFO - DAG(s) 'example_sensor_decorator' retrieved from /home/airflow/.local/lib/python3.12/site-packages/airflow/example_dags/example_sensor_decorator.py
[2025-01-11T13:16:37.511+0000] {logging_mixin.py:188} INFO - [2025-01-11T13:16:37.510+0000] {dag.py:3089} INFO - Sync 1 DAGs
[2025-01-11T13:16:37.518+0000] {logging_mixin.py:188} INFO - [2025-01-11T13:16:37.518+0000] {dag.py:3947} INFO - Setting next_dagrun for example_sensor_decorator to None, run_after=None
[2025-01-11T13:16:37.528+0000] {processor.py:183} INFO - Processing /home/airflow/.local/lib/python3.12/site-packages/airflow/example_dags/example_sensor_decorator.py took 0.042 seconds
[2025-01-11T13:17:09.347+0000] {processor.py:161} INFO - Started process (PID=36187) to work on /home/airflow/.local/lib/python3.12/site-packages/airflow/example_dags/example_sensor_decorator.py
[2025-01-11T13:17:09.348+0000] {processor.py:830} INFO - Processing file /home/airflow/.local/lib/python3.12/site-packages/airflow/example_dags/example_sensor_decorator.py for tasks to queue
[2025-01-11T13:17:09.349+0000] {logging_mixin.py:188} INFO - [2025-01-11T13:17:09.349+0000] {dagbag.py:545} INFO - Filling up the DagBag from /home/airflow/.local/lib/python3.12/site-packages/airflow/example_dags/example_sensor_decorator.py
[2025-01-11T13:17:09.353+0000] {processor.py:840} INFO - DAG(s) 'example_sensor_decorator' retrieved from /home/airflow/.local/lib/python3.12/site-packages/airflow/example_dags/example_sensor_decorator.py
[2025-01-11T13:17:09.368+0000] {logging_mixin.py:188} INFO - [2025-01-11T13:17:09.368+0000] {dag.py:3089} INFO - Sync 1 DAGs
[2025-01-11T13:17:09.375+0000] {logging_mixin.py:188} INFO - [2025-01-11T13:17:09.375+0000] {dag.py:3947} INFO - Setting next_dagrun for example_sensor_decorator to None, run_after=None
[2025-01-11T13:17:09.385+0000] {processor.py:183} INFO - Processing /home/airflow/.local/lib/python3.12/site-packages/airflow/example_dags/example_sensor_decorator.py took 0.042 seconds
[2025-01-11T13:17:39.832+0000] {processor.py:161} INFO - Started process (PID=36465) to work on /home/airflow/.local/lib/python3.12/site-packages/airflow/example_dags/example_sensor_decorator.py
[2025-01-11T13:17:39.832+0000] {processor.py:830} INFO - Processing file /home/airflow/.local/lib/python3.12/site-packages/airflow/example_dags/example_sensor_decorator.py for tasks to queue
[2025-01-11T13:17:39.834+0000] {logging_mixin.py:188} INFO - [2025-01-11T13:17:39.834+0000] {dagbag.py:545} INFO - Filling up the DagBag from /home/airflow/.local/lib/python3.12/site-packages/airflow/example_dags/example_sensor_decorator.py
[2025-01-11T13:17:39.838+0000] {processor.py:840} INFO - DAG(s) 'example_sensor_decorator' retrieved from /home/airflow/.local/lib/python3.12/site-packages/airflow/example_dags/example_sensor_decorator.py
[2025-01-11T13:17:39.850+0000] {logging_mixin.py:188} INFO - [2025-01-11T13:17:39.850+0000] {dag.py:3089} INFO - Sync 1 DAGs
[2025-01-11T13:17:39.858+0000] {logging_mixin.py:188} INFO - [2025-01-11T13:17:39.857+0000] {dag.py:3947} INFO - Setting next_dagrun for example_sensor_decorator to None, run_after=None
[2025-01-11T13:17:39.867+0000] {processor.py:183} INFO - Processing /home/airflow/.local/lib/python3.12/site-packages/airflow/example_dags/example_sensor_decorator.py took 0.040 seconds
[2025-01-11T13:18:11.027+0000] {processor.py:161} INFO - Started process (PID=36742) to work on /home/airflow/.local/lib/python3.12/site-packages/airflow/example_dags/example_sensor_decorator.py
[2025-01-11T13:18:11.028+0000] {processor.py:830} INFO - Processing file /home/airflow/.local/lib/python3.12/site-packages/airflow/example_dags/example_sensor_decorator.py for tasks to queue
[2025-01-11T13:18:11.029+0000] {logging_mixin.py:188} INFO - [2025-01-11T13:18:11.029+0000] {dagbag.py:545} INFO - Filling up the DagBag from /home/airflow/.local/lib/python3.12/site-packages/airflow/example_dags/example_sensor_decorator.py
[2025-01-11T13:18:11.033+0000] {processor.py:840} INFO - DAG(s) 'example_sensor_decorator' retrieved from /home/airflow/.local/lib/python3.12/site-packages/airflow/example_dags/example_sensor_decorator.py
[2025-01-11T13:18:11.047+0000] {logging_mixin.py:188} INFO - [2025-01-11T13:18:11.046+0000] {dag.py:3089} INFO - Sync 1 DAGs
[2025-01-11T13:18:11.053+0000] {logging_mixin.py:188} INFO - [2025-01-11T13:18:11.053+0000] {dag.py:3947} INFO - Setting next_dagrun for example_sensor_decorator to None, run_after=None
[2025-01-11T13:18:11.062+0000] {processor.py:183} INFO - Processing /home/airflow/.local/lib/python3.12/site-packages/airflow/example_dags/example_sensor_decorator.py took 0.039 seconds
[2025-01-11T13:18:43.738+0000] {processor.py:161} INFO - Started process (PID=37019) to work on /home/airflow/.local/lib/python3.12/site-packages/airflow/example_dags/example_sensor_decorator.py
[2025-01-11T13:18:43.739+0000] {processor.py:830} INFO - Processing file /home/airflow/.local/lib/python3.12/site-packages/airflow/example_dags/example_sensor_decorator.py for tasks to queue
[2025-01-11T13:18:43.740+0000] {logging_mixin.py:188} INFO - [2025-01-11T13:18:43.740+0000] {dagbag.py:545} INFO - Filling up the DagBag from /home/airflow/.local/lib/python3.12/site-packages/airflow/example_dags/example_sensor_decorator.py
[2025-01-11T13:18:43.745+0000] {processor.py:840} INFO - DAG(s) 'example_sensor_decorator' retrieved from /home/airflow/.local/lib/python3.12/site-packages/airflow/example_dags/example_sensor_decorator.py
[2025-01-11T13:18:43.758+0000] {logging_mixin.py:188} INFO - [2025-01-11T13:18:43.758+0000] {dag.py:3089} INFO - Sync 1 DAGs
[2025-01-11T13:18:43.766+0000] {logging_mixin.py:188} INFO - [2025-01-11T13:18:43.766+0000] {dag.py:3947} INFO - Setting next_dagrun for example_sensor_decorator to None, run_after=None
[2025-01-11T13:18:43.776+0000] {processor.py:183} INFO - Processing /home/airflow/.local/lib/python3.12/site-packages/airflow/example_dags/example_sensor_decorator.py took 0.042 seconds
[2025-01-11T13:19:14.969+0000] {processor.py:161} INFO - Started process (PID=37296) to work on /home/airflow/.local/lib/python3.12/site-packages/airflow/example_dags/example_sensor_decorator.py
[2025-01-11T13:19:14.970+0000] {processor.py:830} INFO - Processing file /home/airflow/.local/lib/python3.12/site-packages/airflow/example_dags/example_sensor_decorator.py for tasks to queue
[2025-01-11T13:19:14.971+0000] {logging_mixin.py:188} INFO - [2025-01-11T13:19:14.971+0000] {dagbag.py:545} INFO - Filling up the DagBag from /home/airflow/.local/lib/python3.12/site-packages/airflow/example_dags/example_sensor_decorator.py
[2025-01-11T13:19:14.975+0000] {processor.py:840} INFO - DAG(s) 'example_sensor_decorator' retrieved from /home/airflow/.local/lib/python3.12/site-packages/airflow/example_dags/example_sensor_decorator.py
[2025-01-11T13:19:14.989+0000] {logging_mixin.py:188} INFO - [2025-01-11T13:19:14.989+0000] {dag.py:3089} INFO - Sync 1 DAGs
[2025-01-11T13:19:14.997+0000] {logging_mixin.py:188} INFO - [2025-01-11T13:19:14.996+0000] {dag.py:3947} INFO - Setting next_dagrun for example_sensor_decorator to None, run_after=None
[2025-01-11T13:19:15.009+0000] {processor.py:183} INFO - Processing /home/airflow/.local/lib/python3.12/site-packages/airflow/example_dags/example_sensor_decorator.py took 0.044 seconds
[2025-01-11T13:19:46.164+0000] {processor.py:161} INFO - Started process (PID=37573) to work on /home/airflow/.local/lib/python3.12/site-packages/airflow/example_dags/example_sensor_decorator.py
[2025-01-11T13:19:46.165+0000] {processor.py:830} INFO - Processing file /home/airflow/.local/lib/python3.12/site-packages/airflow/example_dags/example_sensor_decorator.py for tasks to queue
[2025-01-11T13:19:46.166+0000] {logging_mixin.py:188} INFO - [2025-01-11T13:19:46.166+0000] {dagbag.py:545} INFO - Filling up the DagBag from /home/airflow/.local/lib/python3.12/site-packages/airflow/example_dags/example_sensor_decorator.py
[2025-01-11T13:19:46.170+0000] {processor.py:840} INFO - DAG(s) 'example_sensor_decorator' retrieved from /home/airflow/.local/lib/python3.12/site-packages/airflow/example_dags/example_sensor_decorator.py
[2025-01-11T13:19:46.185+0000] {logging_mixin.py:188} INFO - [2025-01-11T13:19:46.185+0000] {dag.py:3089} INFO - Sync 1 DAGs
[2025-01-11T13:19:46.192+0000] {logging_mixin.py:188} INFO - [2025-01-11T13:19:46.192+0000] {dag.py:3947} INFO - Setting next_dagrun for example_sensor_decorator to None, run_after=None
[2025-01-11T13:19:46.202+0000] {processor.py:183} INFO - Processing /home/airflow/.local/lib/python3.12/site-packages/airflow/example_dags/example_sensor_decorator.py took 0.045 seconds
[2025-01-11T13:20:16.835+0000] {processor.py:161} INFO - Started process (PID=37851) to work on /home/airflow/.local/lib/python3.12/site-packages/airflow/example_dags/example_sensor_decorator.py
[2025-01-11T13:20:16.836+0000] {processor.py:830} INFO - Processing file /home/airflow/.local/lib/python3.12/site-packages/airflow/example_dags/example_sensor_decorator.py for tasks to queue
[2025-01-11T13:20:16.838+0000] {logging_mixin.py:188} INFO - [2025-01-11T13:20:16.838+0000] {dagbag.py:545} INFO - Filling up the DagBag from /home/airflow/.local/lib/python3.12/site-packages/airflow/example_dags/example_sensor_decorator.py
[2025-01-11T13:20:16.844+0000] {processor.py:840} INFO - DAG(s) 'example_sensor_decorator' retrieved from /home/airflow/.local/lib/python3.12/site-packages/airflow/example_dags/example_sensor_decorator.py
[2025-01-11T13:20:16.856+0000] {logging_mixin.py:188} INFO - [2025-01-11T13:20:16.856+0000] {dag.py:3089} INFO - Sync 1 DAGs
[2025-01-11T13:20:16.864+0000] {logging_mixin.py:188} INFO - [2025-01-11T13:20:16.863+0000] {dag.py:3947} INFO - Setting next_dagrun for example_sensor_decorator to None, run_after=None
[2025-01-11T13:20:16.874+0000] {processor.py:183} INFO - Processing /home/airflow/.local/lib/python3.12/site-packages/airflow/example_dags/example_sensor_decorator.py took 0.043 seconds
[2025-01-11T13:23:30.062+0000] {processor.py:161} INFO - Started process (PID=38128) to work on /home/airflow/.local/lib/python3.12/site-packages/airflow/example_dags/example_sensor_decorator.py
[2025-01-11T13:23:30.063+0000] {processor.py:830} INFO - Processing file /home/airflow/.local/lib/python3.12/site-packages/airflow/example_dags/example_sensor_decorator.py for tasks to queue
[2025-01-11T13:23:30.064+0000] {logging_mixin.py:188} INFO - [2025-01-11T13:23:30.064+0000] {dagbag.py:545} INFO - Filling up the DagBag from /home/airflow/.local/lib/python3.12/site-packages/airflow/example_dags/example_sensor_decorator.py
[2025-01-11T13:23:30.069+0000] {processor.py:840} INFO - DAG(s) 'example_sensor_decorator' retrieved from /home/airflow/.local/lib/python3.12/site-packages/airflow/example_dags/example_sensor_decorator.py
[2025-01-11T13:23:30.086+0000] {logging_mixin.py:188} INFO - [2025-01-11T13:23:30.086+0000] {dag.py:3089} INFO - Sync 1 DAGs
[2025-01-11T13:23:30.095+0000] {logging_mixin.py:188} INFO - [2025-01-11T13:23:30.095+0000] {dag.py:3947} INFO - Setting next_dagrun for example_sensor_decorator to None, run_after=None
[2025-01-11T13:23:30.108+0000] {processor.py:183} INFO - Processing /home/airflow/.local/lib/python3.12/site-packages/airflow/example_dags/example_sensor_decorator.py took 0.052 seconds
[2025-01-11T13:24:01.189+0000] {processor.py:161} INFO - Started process (PID=38405) to work on /home/airflow/.local/lib/python3.12/site-packages/airflow/example_dags/example_sensor_decorator.py
[2025-01-11T13:24:01.190+0000] {processor.py:830} INFO - Processing file /home/airflow/.local/lib/python3.12/site-packages/airflow/example_dags/example_sensor_decorator.py for tasks to queue
[2025-01-11T13:24:01.191+0000] {logging_mixin.py:188} INFO - [2025-01-11T13:24:01.191+0000] {dagbag.py:545} INFO - Filling up the DagBag from /home/airflow/.local/lib/python3.12/site-packages/airflow/example_dags/example_sensor_decorator.py
[2025-01-11T13:24:01.195+0000] {processor.py:840} INFO - DAG(s) 'example_sensor_decorator' retrieved from /home/airflow/.local/lib/python3.12/site-packages/airflow/example_dags/example_sensor_decorator.py
[2025-01-11T13:24:01.208+0000] {logging_mixin.py:188} INFO - [2025-01-11T13:24:01.208+0000] {dag.py:3089} INFO - Sync 1 DAGs
[2025-01-11T13:24:01.310+0000] {logging_mixin.py:188} INFO - [2025-01-11T13:24:01.310+0000] {dag.py:3947} INFO - Setting next_dagrun for example_sensor_decorator to None, run_after=None
[2025-01-11T13:24:01.320+0000] {processor.py:183} INFO - Processing /home/airflow/.local/lib/python3.12/site-packages/airflow/example_dags/example_sensor_decorator.py took 0.136 seconds
[2025-01-11T13:24:32.297+0000] {processor.py:161} INFO - Started process (PID=38682) to work on /home/airflow/.local/lib/python3.12/site-packages/airflow/example_dags/example_sensor_decorator.py
[2025-01-11T13:24:32.297+0000] {processor.py:830} INFO - Processing file /home/airflow/.local/lib/python3.12/site-packages/airflow/example_dags/example_sensor_decorator.py for tasks to queue
[2025-01-11T13:24:32.299+0000] {logging_mixin.py:188} INFO - [2025-01-11T13:24:32.298+0000] {dagbag.py:545} INFO - Filling up the DagBag from /home/airflow/.local/lib/python3.12/site-packages/airflow/example_dags/example_sensor_decorator.py
[2025-01-11T13:24:32.303+0000] {processor.py:840} INFO - DAG(s) 'example_sensor_decorator' retrieved from /home/airflow/.local/lib/python3.12/site-packages/airflow/example_dags/example_sensor_decorator.py
[2025-01-11T13:24:32.316+0000] {logging_mixin.py:188} INFO - [2025-01-11T13:24:32.316+0000] {dag.py:3089} INFO - Sync 1 DAGs
[2025-01-11T13:24:32.323+0000] {logging_mixin.py:188} INFO - [2025-01-11T13:24:32.323+0000] {dag.py:3947} INFO - Setting next_dagrun for example_sensor_decorator to None, run_after=None
[2025-01-11T13:24:32.333+0000] {processor.py:183} INFO - Processing /home/airflow/.local/lib/python3.12/site-packages/airflow/example_dags/example_sensor_decorator.py took 0.040 seconds
[2025-01-11T13:25:02.498+0000] {processor.py:161} INFO - Started process (PID=38959) to work on /home/airflow/.local/lib/python3.12/site-packages/airflow/example_dags/example_sensor_decorator.py
[2025-01-11T13:25:02.499+0000] {processor.py:830} INFO - Processing file /home/airflow/.local/lib/python3.12/site-packages/airflow/example_dags/example_sensor_decorator.py for tasks to queue
[2025-01-11T13:25:02.500+0000] {logging_mixin.py:188} INFO - [2025-01-11T13:25:02.500+0000] {dagbag.py:545} INFO - Filling up the DagBag from /home/airflow/.local/lib/python3.12/site-packages/airflow/example_dags/example_sensor_decorator.py
[2025-01-11T13:25:02.505+0000] {processor.py:840} INFO - DAG(s) 'example_sensor_decorator' retrieved from /home/airflow/.local/lib/python3.12/site-packages/airflow/example_dags/example_sensor_decorator.py
[2025-01-11T13:25:02.521+0000] {logging_mixin.py:188} INFO - [2025-01-11T13:25:02.520+0000] {dag.py:3089} INFO - Sync 1 DAGs
[2025-01-11T13:25:02.529+0000] {logging_mixin.py:188} INFO - [2025-01-11T13:25:02.529+0000] {dag.py:3947} INFO - Setting next_dagrun for example_sensor_decorator to None, run_after=None
[2025-01-11T13:25:02.542+0000] {processor.py:183} INFO - Processing /home/airflow/.local/lib/python3.12/site-packages/airflow/example_dags/example_sensor_decorator.py took 0.049 seconds
[2025-01-11T13:25:32.768+0000] {processor.py:161} INFO - Started process (PID=39236) to work on /home/airflow/.local/lib/python3.12/site-packages/airflow/example_dags/example_sensor_decorator.py
[2025-01-11T13:25:32.769+0000] {processor.py:830} INFO - Processing file /home/airflow/.local/lib/python3.12/site-packages/airflow/example_dags/example_sensor_decorator.py for tasks to queue
[2025-01-11T13:25:32.770+0000] {logging_mixin.py:188} INFO - [2025-01-11T13:25:32.770+0000] {dagbag.py:545} INFO - Filling up the DagBag from /home/airflow/.local/lib/python3.12/site-packages/airflow/example_dags/example_sensor_decorator.py
[2025-01-11T13:25:32.775+0000] {processor.py:840} INFO - DAG(s) 'example_sensor_decorator' retrieved from /home/airflow/.local/lib/python3.12/site-packages/airflow/example_dags/example_sensor_decorator.py
[2025-01-11T13:25:32.791+0000] {logging_mixin.py:188} INFO - [2025-01-11T13:25:32.791+0000] {dag.py:3089} INFO - Sync 1 DAGs
[2025-01-11T13:25:32.798+0000] {logging_mixin.py:188} INFO - [2025-01-11T13:25:32.798+0000] {dag.py:3947} INFO - Setting next_dagrun for example_sensor_decorator to None, run_after=None
[2025-01-11T13:25:32.809+0000] {processor.py:183} INFO - Processing /home/airflow/.local/lib/python3.12/site-packages/airflow/example_dags/example_sensor_decorator.py took 0.045 seconds
[2025-01-11T13:26:02.887+0000] {processor.py:161} INFO - Started process (PID=39513) to work on /home/airflow/.local/lib/python3.12/site-packages/airflow/example_dags/example_sensor_decorator.py
[2025-01-11T13:26:02.888+0000] {processor.py:830} INFO - Processing file /home/airflow/.local/lib/python3.12/site-packages/airflow/example_dags/example_sensor_decorator.py for tasks to queue
[2025-01-11T13:26:02.890+0000] {logging_mixin.py:188} INFO - [2025-01-11T13:26:02.889+0000] {dagbag.py:545} INFO - Filling up the DagBag from /home/airflow/.local/lib/python3.12/site-packages/airflow/example_dags/example_sensor_decorator.py
[2025-01-11T13:26:02.894+0000] {processor.py:840} INFO - DAG(s) 'example_sensor_decorator' retrieved from /home/airflow/.local/lib/python3.12/site-packages/airflow/example_dags/example_sensor_decorator.py
[2025-01-11T13:26:02.908+0000] {logging_mixin.py:188} INFO - [2025-01-11T13:26:02.908+0000] {dag.py:3089} INFO - Sync 1 DAGs
[2025-01-11T13:26:02.915+0000] {logging_mixin.py:188} INFO - [2025-01-11T13:26:02.915+0000] {dag.py:3947} INFO - Setting next_dagrun for example_sensor_decorator to None, run_after=None
[2025-01-11T13:26:02.926+0000] {processor.py:183} INFO - Processing /home/airflow/.local/lib/python3.12/site-packages/airflow/example_dags/example_sensor_decorator.py took 0.043 seconds
[2025-01-11T13:26:33.489+0000] {processor.py:161} INFO - Started process (PID=39797) to work on /home/airflow/.local/lib/python3.12/site-packages/airflow/example_dags/example_sensor_decorator.py
[2025-01-11T13:26:33.490+0000] {processor.py:830} INFO - Processing file /home/airflow/.local/lib/python3.12/site-packages/airflow/example_dags/example_sensor_decorator.py for tasks to queue
[2025-01-11T13:26:33.491+0000] {logging_mixin.py:188} INFO - [2025-01-11T13:26:33.491+0000] {dagbag.py:545} INFO - Filling up the DagBag from /home/airflow/.local/lib/python3.12/site-packages/airflow/example_dags/example_sensor_decorator.py
[2025-01-11T13:26:33.495+0000] {processor.py:840} INFO - DAG(s) 'example_sensor_decorator' retrieved from /home/airflow/.local/lib/python3.12/site-packages/airflow/example_dags/example_sensor_decorator.py
[2025-01-11T13:26:33.507+0000] {logging_mixin.py:188} INFO - [2025-01-11T13:26:33.507+0000] {dag.py:3089} INFO - Sync 1 DAGs
[2025-01-11T13:26:33.514+0000] {logging_mixin.py:188} INFO - [2025-01-11T13:26:33.513+0000] {dag.py:3947} INFO - Setting next_dagrun for example_sensor_decorator to None, run_after=None
[2025-01-11T13:26:33.523+0000] {processor.py:183} INFO - Processing /home/airflow/.local/lib/python3.12/site-packages/airflow/example_dags/example_sensor_decorator.py took 0.037 seconds
[2025-01-11T13:27:03.795+0000] {processor.py:161} INFO - Started process (PID=40075) to work on /home/airflow/.local/lib/python3.12/site-packages/airflow/example_dags/example_sensor_decorator.py
[2025-01-11T13:27:03.796+0000] {processor.py:830} INFO - Processing file /home/airflow/.local/lib/python3.12/site-packages/airflow/example_dags/example_sensor_decorator.py for tasks to queue
[2025-01-11T13:27:03.797+0000] {logging_mixin.py:188} INFO - [2025-01-11T13:27:03.797+0000] {dagbag.py:545} INFO - Filling up the DagBag from /home/airflow/.local/lib/python3.12/site-packages/airflow/example_dags/example_sensor_decorator.py
[2025-01-11T13:27:03.801+0000] {processor.py:840} INFO - DAG(s) 'example_sensor_decorator' retrieved from /home/airflow/.local/lib/python3.12/site-packages/airflow/example_dags/example_sensor_decorator.py
[2025-01-11T13:27:03.812+0000] {logging_mixin.py:188} INFO - [2025-01-11T13:27:03.812+0000] {dag.py:3089} INFO - Sync 1 DAGs
[2025-01-11T13:27:03.818+0000] {logging_mixin.py:188} INFO - [2025-01-11T13:27:03.818+0000] {dag.py:3947} INFO - Setting next_dagrun for example_sensor_decorator to None, run_after=None
[2025-01-11T13:27:03.826+0000] {processor.py:183} INFO - Processing /home/airflow/.local/lib/python3.12/site-packages/airflow/example_dags/example_sensor_decorator.py took 0.034 seconds
[2025-01-11T13:27:35.017+0000] {processor.py:161} INFO - Started process (PID=40385) to work on /home/airflow/.local/lib/python3.12/site-packages/airflow/example_dags/example_sensor_decorator.py
[2025-01-11T13:27:35.017+0000] {processor.py:830} INFO - Processing file /home/airflow/.local/lib/python3.12/site-packages/airflow/example_dags/example_sensor_decorator.py for tasks to queue
[2025-01-11T13:27:35.019+0000] {logging_mixin.py:188} INFO - [2025-01-11T13:27:35.019+0000] {dagbag.py:545} INFO - Filling up the DagBag from /home/airflow/.local/lib/python3.12/site-packages/airflow/example_dags/example_sensor_decorator.py
[2025-01-11T13:27:35.023+0000] {processor.py:840} INFO - DAG(s) 'example_sensor_decorator' retrieved from /home/airflow/.local/lib/python3.12/site-packages/airflow/example_dags/example_sensor_decorator.py
[2025-01-11T13:27:35.036+0000] {logging_mixin.py:188} INFO - [2025-01-11T13:27:35.036+0000] {dag.py:3089} INFO - Sync 1 DAGs
[2025-01-11T13:27:35.044+0000] {logging_mixin.py:188} INFO - [2025-01-11T13:27:35.044+0000] {dag.py:3947} INFO - Setting next_dagrun for example_sensor_decorator to None, run_after=None
[2025-01-11T13:27:35.054+0000] {processor.py:183} INFO - Processing /home/airflow/.local/lib/python3.12/site-packages/airflow/example_dags/example_sensor_decorator.py took 0.042 seconds
[2025-01-11T13:28:05.735+0000] {processor.py:161} INFO - Started process (PID=40662) to work on /home/airflow/.local/lib/python3.12/site-packages/airflow/example_dags/example_sensor_decorator.py
[2025-01-11T13:28:05.735+0000] {processor.py:830} INFO - Processing file /home/airflow/.local/lib/python3.12/site-packages/airflow/example_dags/example_sensor_decorator.py for tasks to queue
[2025-01-11T13:28:05.736+0000] {logging_mixin.py:188} INFO - [2025-01-11T13:28:05.736+0000] {dagbag.py:545} INFO - Filling up the DagBag from /home/airflow/.local/lib/python3.12/site-packages/airflow/example_dags/example_sensor_decorator.py
[2025-01-11T13:28:05.741+0000] {processor.py:840} INFO - DAG(s) 'example_sensor_decorator' retrieved from /home/airflow/.local/lib/python3.12/site-packages/airflow/example_dags/example_sensor_decorator.py
[2025-01-11T13:28:05.753+0000] {logging_mixin.py:188} INFO - [2025-01-11T13:28:05.753+0000] {dag.py:3089} INFO - Sync 1 DAGs
[2025-01-11T13:28:05.760+0000] {logging_mixin.py:188} INFO - [2025-01-11T13:28:05.760+0000] {dag.py:3947} INFO - Setting next_dagrun for example_sensor_decorator to None, run_after=None
[2025-01-11T13:28:05.771+0000] {processor.py:183} INFO - Processing /home/airflow/.local/lib/python3.12/site-packages/airflow/example_dags/example_sensor_decorator.py took 0.040 seconds
[2025-01-11T13:28:36.191+0000] {processor.py:161} INFO - Started process (PID=40939) to work on /home/airflow/.local/lib/python3.12/site-packages/airflow/example_dags/example_sensor_decorator.py
[2025-01-11T13:28:36.192+0000] {processor.py:830} INFO - Processing file /home/airflow/.local/lib/python3.12/site-packages/airflow/example_dags/example_sensor_decorator.py for tasks to queue
[2025-01-11T13:28:36.193+0000] {logging_mixin.py:188} INFO - [2025-01-11T13:28:36.193+0000] {dagbag.py:545} INFO - Filling up the DagBag from /home/airflow/.local/lib/python3.12/site-packages/airflow/example_dags/example_sensor_decorator.py
[2025-01-11T13:28:36.197+0000] {processor.py:840} INFO - DAG(s) 'example_sensor_decorator' retrieved from /home/airflow/.local/lib/python3.12/site-packages/airflow/example_dags/example_sensor_decorator.py
[2025-01-11T13:28:36.210+0000] {logging_mixin.py:188} INFO - [2025-01-11T13:28:36.210+0000] {dag.py:3089} INFO - Sync 1 DAGs
[2025-01-11T13:28:36.217+0000] {logging_mixin.py:188} INFO - [2025-01-11T13:28:36.217+0000] {dag.py:3947} INFO - Setting next_dagrun for example_sensor_decorator to None, run_after=None
[2025-01-11T13:28:36.228+0000] {processor.py:183} INFO - Processing /home/airflow/.local/lib/python3.12/site-packages/airflow/example_dags/example_sensor_decorator.py took 0.041 seconds
[2025-01-11T13:29:06.721+0000] {processor.py:161} INFO - Started process (PID=41231) to work on /home/airflow/.local/lib/python3.12/site-packages/airflow/example_dags/example_sensor_decorator.py
[2025-01-11T13:29:06.722+0000] {processor.py:830} INFO - Processing file /home/airflow/.local/lib/python3.12/site-packages/airflow/example_dags/example_sensor_decorator.py for tasks to queue
[2025-01-11T13:29:06.723+0000] {logging_mixin.py:188} INFO - [2025-01-11T13:29:06.723+0000] {dagbag.py:545} INFO - Filling up the DagBag from /home/airflow/.local/lib/python3.12/site-packages/airflow/example_dags/example_sensor_decorator.py
[2025-01-11T13:29:06.728+0000] {processor.py:840} INFO - DAG(s) 'example_sensor_decorator' retrieved from /home/airflow/.local/lib/python3.12/site-packages/airflow/example_dags/example_sensor_decorator.py
[2025-01-11T13:29:06.741+0000] {logging_mixin.py:188} INFO - [2025-01-11T13:29:06.741+0000] {dag.py:3089} INFO - Sync 1 DAGs
[2025-01-11T13:29:06.750+0000] {logging_mixin.py:188} INFO - [2025-01-11T13:29:06.749+0000] {dag.py:3947} INFO - Setting next_dagrun for example_sensor_decorator to None, run_after=None
[2025-01-11T13:29:06.762+0000] {processor.py:183} INFO - Processing /home/airflow/.local/lib/python3.12/site-packages/airflow/example_dags/example_sensor_decorator.py took 0.045 seconds
[2025-01-11T15:30:12.453+0000] {processor.py:161} INFO - Started process (PID=41542) to work on /home/airflow/.local/lib/python3.12/site-packages/airflow/example_dags/example_sensor_decorator.py
[2025-01-11T15:30:12.457+0000] {processor.py:830} INFO - Processing file /home/airflow/.local/lib/python3.12/site-packages/airflow/example_dags/example_sensor_decorator.py for tasks to queue
[2025-01-11T15:30:12.460+0000] {logging_mixin.py:188} INFO - [2025-01-11T15:30:12.460+0000] {dagbag.py:545} INFO - Filling up the DagBag from /home/airflow/.local/lib/python3.12/site-packages/airflow/example_dags/example_sensor_decorator.py
[2025-01-11T15:30:12.468+0000] {processor.py:840} INFO - DAG(s) 'example_sensor_decorator' retrieved from /home/airflow/.local/lib/python3.12/site-packages/airflow/example_dags/example_sensor_decorator.py
[2025-01-11T15:30:12.487+0000] {logging_mixin.py:188} INFO - [2025-01-11T15:30:12.487+0000] {dag.py:3089} INFO - Sync 1 DAGs
[2025-01-11T15:30:12.497+0000] {logging_mixin.py:188} INFO - [2025-01-11T15:30:12.497+0000] {dag.py:3947} INFO - Setting next_dagrun for example_sensor_decorator to None, run_after=None
[2025-01-11T15:30:12.511+0000] {processor.py:183} INFO - Processing /home/airflow/.local/lib/python3.12/site-packages/airflow/example_dags/example_sensor_decorator.py took 0.063 seconds
[2025-01-11T15:30:44.847+0000] {processor.py:161} INFO - Started process (PID=41813) to work on /home/airflow/.local/lib/python3.12/site-packages/airflow/example_dags/example_sensor_decorator.py
[2025-01-11T15:30:44.850+0000] {processor.py:830} INFO - Processing file /home/airflow/.local/lib/python3.12/site-packages/airflow/example_dags/example_sensor_decorator.py for tasks to queue
[2025-01-11T15:30:44.853+0000] {logging_mixin.py:188} INFO - [2025-01-11T15:30:44.853+0000] {dagbag.py:545} INFO - Filling up the DagBag from /home/airflow/.local/lib/python3.12/site-packages/airflow/example_dags/example_sensor_decorator.py
[2025-01-11T15:30:44.860+0000] {processor.py:840} INFO - DAG(s) 'example_sensor_decorator' retrieved from /home/airflow/.local/lib/python3.12/site-packages/airflow/example_dags/example_sensor_decorator.py
[2025-01-11T15:30:44.883+0000] {logging_mixin.py:188} INFO - [2025-01-11T15:30:44.882+0000] {dag.py:3089} INFO - Sync 1 DAGs
[2025-01-11T15:30:44.898+0000] {logging_mixin.py:188} INFO - [2025-01-11T15:30:44.898+0000] {dag.py:3947} INFO - Setting next_dagrun for example_sensor_decorator to None, run_after=None
[2025-01-11T15:30:44.916+0000] {processor.py:183} INFO - Processing /home/airflow/.local/lib/python3.12/site-packages/airflow/example_dags/example_sensor_decorator.py took 0.101 seconds
